Player,Team,Pos,year,YRS,is_retained,age,has_playoff_exp,Cap_Pct,2P%_reg,2PA_reg,2P_reg,3P%_reg,3PA_reg,3PAr_reg,3P_reg,AST%_reg,AST_reg,BLK%_reg,BLK_reg,BPM_reg,DBPM_reg,DRB%_reg,DRB_reg,DWS_reg,FG%_reg,FGA_reg,FG_reg,FT%_reg,FTA_reg,FT_reg,FTr_reg,G_reg,MP_reg,OBPM_reg,ORB%_reg,ORB_reg,OWS_reg,PER_reg,PF_reg,PTS_reg,STL%_reg,STL_reg,TOV%_reg,TOV_reg,TRB%_reg,TRB_reg,TS%_reg,USG%_reg,VORP_reg,WS/48_reg,WS_reg,eFG%_reg,2P%_playoff,2PA_playoff,2P_playoff,3P%_playoff,3PA_playoff,3PAr_playoff,3P_playoff,AST%_playoff,AST_playoff,BLK%_playoff,BLK_playoff,BPM_playoff,DBPM_playoff,DRB%_playoff,DRB_playoff,DWS_playoff,FG%_playoff,FGA_playoff,FG_playoff,FT%_playoff,FTA_playoff,FT_playoff,FTr_playoff,G_playoff,MP_playoff,OBPM_playoff,ORB%_playoff,ORB_playoff,OWS_playoff,PER_playoff,PF_playoff,PTS_playoff,STL%_playoff,STL_playoff,TOV%_playoff,TOV_playoff,TRB%_playoff,TRB_playoff,TS%_playoff,USG%_playoff,VORP_playoff,WS/48_playoff,WS_playoff,eFG%_playoff,ATTENDANCE_RATE_health,MAJOR_INJURY_health,MIN_PER_GAME_health,Payroll_Pct,Cap_Space_Pct,VORP_Elevation,BPM_Elevation,Playoff_MP_Ratio
stephen curry,GSW,PG,2017,5,1,28.0,1,0.35,0.5439,8.59,4.65,0.4303,9.98,0.5361,4.3,33.43,6.85,0.47,0.2,9.0,0.97,12.06,3.95,4.0,0.4826,18.57,8.95,0.9042,4.67,4.21,0.2507,79.2,33.5,8.08,2.7,0.81,10.79,27.35,2.15,26.44,2.8,1.93,13.23,3.11,7.629999999999999,4.73,0.6403000000000001,30.61,7.38,0.2675,14.81,0.5978,0.5264,8.42,4.42,0.4151,10.55,0.5569,4.36,28.77,6.19,0.52,0.21,8.71,1.04,13.71,4.66,1.0,0.4646,19.02,8.809999999999999,0.8937999999999999,5.83,5.23,0.3087,18.1,35.79,7.67,3.39,1.09,2.08,25.14,2.2,27.24,2.46,1.8,14.77,3.74,8.74,5.75,0.6318,30.83,1.7600000000000002,0.2272,3.05,0.5797,0.9658536584,0.0,33.48578481012658,1.453566680475447,0.0,-5.619999999999999,-0.28999999999999915,0.1962433190679549
blake griffin,LAC,PF,2017,5,1,27.0,1,0.3,0.509,15.4,7.800000000000001,0.3479,1.18,0.0714,0.38,25.65,4.98,1.02,0.45,4.5,0.62,20.37,6.359999999999999,2.16,0.4966,16.53,8.25,0.7437,6.380000000000001,4.720000000000001,0.3882,54.4,34.06,3.88,5.76,1.73,4.68,22.49,2.6900000000000004,21.6,1.34,0.8700000000000001,10.73,2.33,13.23,8.09,0.5579000000000001,28.62,3.04,0.1729,6.79,0.5089,0.4496,15.16,6.92,0.5121,1.25,0.0756,0.76,18.58,3.57,1.33,0.5,3.96,0.19,21.630000000000003,6.6,0.2299999999999999,0.4603,16.41,7.65,0.8714,4.5600000000000005,3.67,0.2875,5.5,34.0,3.77,5.01,1.58,0.35,19.96,1.66,19.75,1.15,0.79,11.15,2.33,13.24,8.18,0.5341,27.98,0.37,0.104,0.5800000000000001,0.4832,0.6634146341,0.8,34.081031229034224,1.2620911698161308,0.0,-2.67,-0.54,0.09167277818521234
gordon hayward,UTA,SF,2017,4,0,26.0,1,0.3,0.4922999999999999,10.32,5.07,0.3765,4.94,0.3251,1.86,18.9,3.68,0.72,0.32,4.08,0.41,14.55,4.45,3.25,0.4543999999999999,15.260000000000002,6.98,0.8315999999999999,5.97,4.95,0.3896,75.7,34.99,3.72,2.38,0.73,6.359999999999999,20.630000000000003,1.83,20.72,1.7000000000000002,1.14,11.21,2.24,8.54,5.18,0.5786,26.75,4.04,0.1754,9.61,0.5159,0.458,10.9,5.0,0.412,6.2,0.362,2.5,16.7,3.4,0.6,0.3,5.6,0.4,17.6,5.5,0.4,0.441,17.1,7.5,0.934,6.9,6.5,0.404,11.0,37.4,5.2,2.0,0.6,0.8,20.7,2.1,24.1,1.3,0.9,9.8,2.2,9.8,6.1,0.598,28.5,0.8,0.142,1.2,0.516,0.9231707314,0.2,34.96646349259824,1.1351056796575425,0.0,-3.24,1.5199999999999996,0.13443816187674887
jrue holiday,NOP,PG,2017,5,1,26.0,1,0.2592,0.4861999999999999,9.67,4.74,0.3544,3.98,0.2912,1.4,36.120000000000005,6.83,1.36,0.5599999999999999,1.84,-0.0199999999999999,10.25,2.95,1.88,0.4478999999999999,13.65,6.09,0.7778999999999999,2.62,2.06,0.1916999999999999,61.0,31.33,1.81,2.14,0.63,1.77,18.22,2.25,15.7,2.3200000000000003,1.49,15.31,2.69,6.15,3.53,0.5291,25.04,1.79,0.0935,3.6,0.4991,0.4,5.0,2.0,0.25,1.3,0.211,0.3,36.7,4.3,1.6,0.3,-0.9,-2.8,2.0,0.3,0.0,0.368,6.3,2.3,1.0,1.3,1.3,0.211,3.0,18.3,1.8,4.1,0.7,0.0,13.6,1.0,6.3,1.9,0.7,19.4,1.7,3.0,1.0,0.458,21.4,0.0,-0.028,0.0,0.395,0.7439024392,0.3,31.307801930028702,1.2776811977523554,0.0,-1.79,-2.74,0.027924294135898236
otto porter,WAS,SF,2017,4,0,23.0,1,0.25,0.5469999999999999,5.48,2.99,0.3944999999999999,3.51,0.3772999999999999,1.44,7.08,1.41,1.32,0.45,1.88,0.81,15.28,4.07,2.67,0.4899,8.94,4.43,0.7889999999999999,1.48,1.15,0.1672,77.3,29.27,1.0699999999999998,5.08,1.32,4.3,15.32,2.12,11.38,2.08,1.29,7.12,0.71,10.17,5.36,0.5878,15.43,2.41,0.1406,6.92,0.5652999999999999,0.617,5.457142857142857,3.3428571428571434,0.3085714285714285,3.0571428571428574,0.3597142857142857,0.9142857142857144,7.9714285714285715,1.8000000000000005,1.2142857142857142,0.4142857142857143,2.9571428571428573,1.585714285714286,19.585714285714285,5.742857142857144,0.5714285714285714,0.5065714285714286,8.514285714285714,4.328571428571429,0.7688571428571429,2.528571428571429,2.0,0.2975714285714286,12.142857142857144,32.957142857142856,1.3714285714285714,5.171428571428572,1.542857142857143,0.7857142857142858,15.814285714285717,1.885714285714286,11.571428571428571,2.2285714285714286,1.485714285714286,6.942857142857144,0.742857142857143,12.385714285714286,7.214285714285715,0.6004285714285714,13.585714285714284,0.5142857142857142,0.1597142857142857,1.3571428571428572,0.5624285714285715,0.9426829266,0.0,29.25561016966892,1.3183565745727244,0.0,-1.895714285714286,1.0771428571428574,0.15029260785469126
kyle lowry,TOR,PG,2017,3,1,30.0,1,0.2897,0.4887,8.16,3.98,0.39,7.15,0.4671,2.8200000000000003,30.4,6.78,0.73,0.31,5.39,0.51,12.31,3.98,2.66,0.4425,15.31,6.75,0.8144,5.869999999999999,4.78,0.3818,67.1,36.7,4.949999999999999,2.38,0.77,7.32,21.97,2.81,21.12,2.33,1.7000000000000002,13.57,2.8200000000000003,7.35,4.75,0.5903,25.36,4.63,0.195,9.95,0.5345,0.4881,8.030000000000001,3.91,0.3056,5.629999999999999,0.4106999999999999,1.69,26.77,5.71,0.69,0.31,0.77,-0.2799999999999999,10.94,3.3,0.36,0.4133,13.61,5.58,0.7793999999999999,4.17,3.27,0.3106,10.8,36.8,1.05,2.5500000000000003,0.8300000000000001,0.32,14.45,3.66,16.090000000000003,2.09,1.49,14.43,2.6100000000000003,6.62,4.06,0.5246,22.76,0.4,0.0581,0.6499999999999999,0.4763,0.8182926829000001,0.0,36.706890151515154,1.2741942364275622,0.0,-4.2299999999999995,-4.619999999999999,0.13896454907500322
tim hardaway,ATL,SG,2017,4,0,24.0,1,0.1664999999999999,0.5178,4.91,2.55,0.3477,4.51,0.4893,1.56,12.52,1.81,0.6199999999999999,0.17,-0.58,-0.74,9.73,2.07,1.35,0.4343,9.35,4.109999999999999,0.8110999999999999,2.12,1.71,0.2244,68.8,23.520000000000003,0.2099999999999999,1.33,0.27,1.7800000000000002,13.53,1.2600000000000002,11.47,1.13,0.53,8.870000000000001,1.04,5.550000000000001,2.35,0.5552999999999999,20.87,0.7,0.0896,3.13,0.5196000000000001,0.4063749999999999,4.675,1.9125,0.2173749999999999,4.975,0.5217499999999999,1.2,7.837499999999999,1.05,0.3749999999999999,0.0375,-7.1875,-2.4875,8.5375,1.75,0.125,0.3065,9.65,3.1125,0.645125,2.2625,1.4,0.231625,7.125,24.45,-4.7375,1.0625,0.3125,-0.325,3.5375,1.45,8.825,0.4375,0.3125,9.8125,1.175,4.9125,2.0625,0.3971249999999999,19.425,-0.225,-0.06175,-0.1625,0.363,0.8390243904000001,0.0,23.51619813045208,1.063365911432608,0.0,-0.9249999999999999,-6.6075,0.0971925770856077
serge ibaka,TOR,PF,2017,3,1,27.0,1,0.2025,0.5192,8.66,4.5,0.3685,3.3600000000000003,0.2773,1.28,4.609999999999999,0.8700000000000001,4.609999999999999,1.85,0.05,-0.0699999999999999,17.98,5.24,2.74,0.4789,11.99,5.75,0.8208,1.62,1.34,0.1332,75.7,31.6,0.12,6.2,1.7600000000000002,2.58,15.69,2.76,14.04,0.78,0.5,9.83,1.37,12.1,7.0,0.5527,19.51,1.16,0.1074,5.319999999999999,0.5304,0.5415,7.699999999999999,4.125,0.3658749999999999,3.8,0.3411249999999999,1.3874999999999995,6.1875,1.1,4.35,1.5499999999999998,1.5375,1.0625,19.8375,5.375,0.5125,0.4841249999999999,11.5375,5.512499999999999,0.8099999999999998,1.225,0.9875,0.108625,13.0,31.7125,0.4749999999999998,3.8625,1.0499999999999998,0.5249999999999999,14.7375,3.3625,13.4375,0.8875,0.55,6.5625,0.875,11.9375,6.424999999999999,0.56525,18.875,0.4624999999999999,0.10175,1.0,0.548875,0.9231707316,0.2,31.55796119739533,1.2741942364275622,0.0,-0.6975,1.4875,0.14700651569463152
danilo gallinari,DEN,SF,2017,3,0,28.0,0,0.2075,0.4663,6.91,3.21,0.3747,4.92,0.4243,1.84,9.97,2.08,0.71,0.28,1.99,-0.95,14.49,4.18,0.8200000000000001,0.4266999999999999,11.829999999999998,5.050000000000001,0.8904000000000001,6.15,5.46,0.5103,59.2,32.2,2.94,2.39,0.7,5.35,17.759999999999998,1.55,17.43,1.1,0.7,8.1,1.2999999999999998,8.41,4.93,0.5982,21.2,1.93,0.1529,6.07,0.5063,0.4663,6.91,3.21,0.3747,4.92,0.4243,1.84,9.97,2.08,0.71,0.28,1.99,-0.95,14.49,4.18,0.8200000000000001,0.4266999999999999,11.829999999999998,5.050000000000001,0.8904000000000001,6.15,5.46,0.5103,59.2,32.2,2.94,2.39,0.7,5.35,17.759999999999998,1.55,17.43,1.1,0.7,8.1,1.2999999999999998,8.41,4.93,0.5982,21.2,1.93,0.1529,6.07,0.5063,0.7219512194,0.3,32.177662120744564,1.1314192558129654,0.0,0.0,0.0,0.5
paul millsap,ATL,PF,2017,2,0,31.0,1,0.3105,0.4992,10.35,5.14,0.3224,3.22,0.2358,1.04,16.95,3.46,2.8599999999999994,1.14,2.99,1.8000000000000005,20.2,6.21,4.56,0.4572,13.55,6.18,0.7625,5.37,4.09,0.3958,73.4,33.35,1.19,6.550000000000001,1.9,3.33,19.34,2.78,17.52,2.3200000000000003,1.5500000000000005,12.7,2.33,13.5,8.11,0.5508,24.25,3.09,0.1541,7.89,0.4956,0.5211,11.97,6.3100000000000005,0.2218,3.01,0.2051,0.67,17.7,3.64,2.86,1.22,3.56,2.29,21.53,7.16,0.56,0.4632,14.98,6.98,0.7778,7.03,5.55,0.4624,9.2,36.28,1.19,6.27,2.05,0.29,19.21,3.13,20.200000000000003,2.1,1.56,14.53,3.1,13.91,9.21,0.5537,25.41,0.42,0.1353,0.85,0.4866,0.8951219513,0.0,33.32709071422364,1.063365911432608,0.0,-2.67,0.5699999999999998,0.11999140083676473
george hill,UTA,PG,2017,3,0,30.0,1,0.2018,0.5101,7.109999999999999,3.67,0.3954999999999999,4.5600000000000005,0.3917,1.78,22.33,4.17,0.63,0.22,3.17,0.85,11.0,3.13,2.1100000000000003,0.4662,11.68,5.45,0.7865,3.26,2.5700000000000003,0.2758,55.3,31.880000000000003,2.35,2.09,0.61,3.76,17.91,2.27,15.3,1.69,1.03,10.84,1.59,6.609999999999999,3.74,0.5818,21.25,2.12,0.1669999999999999,5.890000000000001,0.5436000000000001,0.55425,6.8625,3.7,0.42225,3.9,0.37525,1.65,15.475,3.0375,0.3375,0.1,1.0124999999999995,-0.5125000000000001,8.9,2.65,0.1375,0.5035,10.725,5.35,0.75925,3.4125,2.6,0.32975,7.625,34.537499999999994,1.5624999999999998,3.325,0.9625,0.4875,14.75,2.8,14.849999999999998,0.7749999999999999,0.5249999999999999,10.575,1.4125,6.1,3.575,0.6194999999999999,18.8625,0.2125,0.1185,0.5874999999999999,0.585,0.674390244,0.5,31.882745270449213,1.1351056796575425,0.0,-1.9075000000000002,-2.1575000000000006,0.12996437895081517
jeff teague,IND,PG,2017,3,0,28.0,1,0.1917,0.4729,8.56,4.049999999999999,0.3674,3.16,0.2682,1.17,36.1,7.07,1.03,0.37,2.0700000000000003,-0.05,10.32,2.91,2.66,0.4447,11.739999999999998,5.22,0.857,4.6,3.95,0.3953,79.3,30.85,2.14,1.5,0.4,4.69,19.09,2.01,15.54,2.16,1.2999999999999998,16.43,2.7,6.0,3.31,0.5654999999999999,24.090000000000003,2.53,0.1437,7.359999999999999,0.4945,0.4511,8.23,3.72,0.4041,4.05,0.3328,1.68,31.17,6.35,1.4500000000000002,0.54,1.25,-0.47,8.88,2.65,0.16,0.4405,12.260000000000002,5.35,0.8436999999999999,4.57,3.88,0.3792,8.2,32.74,1.69,0.76,0.21,0.39,17.18,2.82,16.21,1.49,0.98,13.77,2.29,4.8500000000000005,2.86,0.5736,22.83,0.2,0.1115999999999999,0.52,0.5104,0.9670731706,0.0,30.867260774853985,0.994890422017569,0.0051095779824309,-2.3299999999999996,-0.8200000000000003,0.09888786694626231
joe ingles,UTA,SF,2017,4,1,29.0,1,0.1427,0.4934,1.73,0.8300000000000001,0.4075,3.0,0.6403,1.23,15.59,2.17,0.3399999999999999,0.07,0.6200000000000001,1.85,12.62,2.31,2.3,0.4367999999999999,4.73,2.08,0.7341,0.56,0.44,0.1167,81.1,20.83,-1.23,1.54,0.27,1.31,11.21,1.6800000000000002,5.81,2.45,0.99,18.65,1.13,7.13,2.6100000000000003,0.5802,13.58,1.17,0.1006,3.63,0.5673999999999999,0.476,1.9,0.9,0.366,3.7,0.661,1.4,16.1,3.3,1.3,0.5,1.7,3.3,14.1,3.5,0.5,0.403,5.6,2.3,0.667,0.8,0.5,0.145,11.0,30.4,-1.6,0.7,0.2,0.0,10.2,2.5,6.5,3.4,2.0,19.5,1.5,7.4,3.7,0.538,11.7,0.3,0.064,0.4,0.524,0.9890243902,0.0,20.856448828968134,1.1351056796575425,0.0,-0.8699999999999999,1.0799999999999998,0.16524082219168432
dion waiters,MIA,SG,2017,4,1,25.0,1,0.111,0.4315,8.41,3.66,0.3643,3.9,0.316,1.41,17.28,3.15,0.8600000000000001,0.32,-1.55,-0.48,9.33,2.46,1.63,0.4109,12.29,5.07,0.6729,2.44,1.62,0.199,62.4,28.85,-1.07,1.69,0.45,0.07,12.25,1.97,13.2,1.74,0.97,12.27,1.83,5.539999999999999,2.91,0.4931,22.96,0.0899999999999999,0.0473,1.65,0.469,0.447,4.2,1.9,0.375,3.1,0.424,1.2,12.5,2.3,0.5,0.2,-1.1,0.6,9.2,2.3,0.3,0.417,7.3,3.1,0.667,1.7,1.1,0.227,18.0,27.3,-1.7,1.4,0.3,0.4,9.3,2.3,8.4,1.0,0.6,12.1,1.1,5.3,2.6,0.52,14.6,0.1,0.065,0.7,0.496,0.7609756098,0.0,28.841523270735784,1.1160247389609423,0.0,0.010000000000000106,0.44999999999999996,0.21443158611300206
kevin durant,GSW,PF,2017,2,1,28.0,1,0.2523,0.5876999999999999,11.78,6.91,0.3842,5.69,0.3244,2.21,23.25,4.72,3.09,1.34,9.420000000000002,1.86,22.08,7.279999999999999,3.25,0.522,17.47,9.12,0.8776999999999999,6.43,5.640000000000001,0.3685,58.0,34.2,7.59,2.08,0.6,8.059999999999999,27.78,1.82,26.09,1.4,1.03,11.65,2.6900000000000004,12.6,7.93,0.6423000000000001,28.9,5.75,0.2704,11.31,0.5845,0.563125,13.75,7.625,0.3819999999999999,5.85,0.301875,2.2,17.775,3.925,2.625,1.1875,7.6875,0.95,18.7125,6.7125,0.8625,0.50875,19.6625,9.825,0.891875,7.35,6.512499999999999,0.374625,16.125,37.3,6.7375,2.9375,0.95,1.825,24.8,2.4125,28.4625,1.1749999999999998,0.875,11.287499999999998,2.9125,11.175,7.6,0.630125,29.725,1.4125,0.22375,2.6875,0.567375,0.7073170731,0.2,34.19664605734768,1.453566680475447,0.0,-4.3375,-1.7325000000000017,0.23266845579168782
kelly olynyk,BOS,C,2017,4,0,25.0,1,0.1211999999999999,0.5574,4.7,2.62,0.3682999999999999,2.74,0.3686,1.01,13.61,1.79,1.71,0.47,0.7999999999999999,0.72,18.51,3.46,1.97,0.4875,7.49,3.64,0.7278,1.79,1.3199999999999998,0.2416,71.0,20.75,0.11,5.67,1.08,2.03,15.72,2.78,9.56,1.7,0.74,13.4,1.2800000000000002,12.099999999999998,4.57,0.5814,19.99,1.03,0.1298,4.0,0.5554,0.4783,2.96,1.64,0.2595,1.84,0.3803,0.56,13.53,1.29,2.49,0.5,-4.52,-0.0999999999999998,10.93,1.51,0.15,0.3969,4.800000000000001,2.25,0.4665,0.95,0.6599999999999999,0.1508,11.0,14.66,-4.39,4.93,0.65,0.14,7.569999999999999,2.29,5.65,1.7799999999999998,0.54,20.57,1.1,7.79,2.16,0.4614,18.77,0.12,-0.0298,0.29,0.4500999999999999,0.8658536585000001,0.0,20.76835489379529,1.2223499676024772,0.0,-0.91,-5.319999999999999,0.09865953710898066
pau gasol,SAS,C,2017,3,1,36.0,1,0.1614999999999999,0.4894,10.65,5.25,0.4658,1.16,0.1113,0.5800000000000001,16.740000000000002,2.92,3.96,1.53,4.17,1.56,27.53,7.57,3.6,0.4905,11.8,5.76,0.7517,3.59,2.72,0.3028999999999999,69.2,29.12,2.6900000000000004,7.829999999999999,2.07,3.81,21.15,1.86,14.85,0.77,0.44,11.28,1.7399999999999998,17.88,9.56,0.5577000000000001,22.97,3.19,0.1771,7.41,0.5183,0.4714285714285715,7.457142857142857,3.6,0.2378571428571428,0.9000000000000001,0.1228571428571428,0.2857142857142857,14.02857142857143,2.242857142857143,4.442857142857143,1.2428571428571429,1.2714285714285716,0.9857142857142858,25.1,5.557142857142857,0.4857142857142857,0.4527142857142857,8.357142857142858,3.8142857142857145,0.7234285714285714,2.271428571428572,1.7000000000000002,0.255,14.285714285714286,25.34285714285715,0.3142857142857144,10.214285714285715,2.2,0.3285714285714285,16.528571428571432,2.085714285714286,9.614285714285714,0.942857142857143,0.4285714285714286,12.885714285714286,1.385714285714286,17.514285714285716,7.757142857142858,0.5068571428571429,18.700000000000003,0.2571428571428572,0.1138571428571428,0.8142857142857143,0.4712857142857143,0.8439024389,0.0,29.12989442884615,1.2494283802300756,0.0,-2.932857142857143,-2.8985714285714286,0.15230069865327037
andre iguodala,GSW,SF,2017,3,1,33.0,1,0.1495,0.6071,3.28,1.97,0.3560999999999999,2.43,0.4243,0.8400000000000001,16.16,3.3200000000000003,1.17,0.4,1.76,1.52,12.43,3.17,2.64,0.5006,5.74,2.8600000000000003,0.6564,1.34,0.8700000000000001,0.2368,72.9,26.51,0.26,3.0,0.71,3.2,13.27,1.39,7.46,1.92,1.07,13.27,0.98,7.95,3.86,0.5921000000000001,11.89,1.87,0.1435,5.79,0.5761000000000001,0.5992999999999999,3.92,2.3600000000000003,0.2813,2.89,0.4227999999999999,0.83,16.33,3.46,1.18,0.38,1.85,1.75,12.3,3.3600000000000003,0.71,0.4650999999999999,6.8100000000000005,3.22,0.5398000000000001,2.14,1.1,0.3089,19.4,28.74,0.0999999999999999,3.31,0.91,0.8099999999999999,12.47,1.75,8.35,1.77,1.05,10.81,0.94,8.040000000000001,4.27,0.5336000000000001,13.25,0.6,0.1234,1.52,0.5246999999999999,0.8890243900999999,0.0,26.50688349875572,1.453566680475447,0.0,-1.27,0.09000000000000008,0.22390593281087165
patty mills,SAS,PG,2017,4,1,28.0,1,0.1081,0.4634999999999999,3.33,1.57,0.3903999999999999,4.12,0.5513,1.59,21.56,2.93,0.18,0.03,1.19,0.27,7.81,1.45,2.06,0.4236999999999999,7.5,3.16,0.8205,0.87,0.7,0.1168,74.5,20.24,0.94,1.97,0.32,2.23,14.58,1.31,8.68,1.85,0.71,11.66,1.06,4.98,1.8,0.5505,20.08,1.33,0.1286,4.27,0.5311,0.4927999999999999,2.51,1.24,0.4024999999999999,4.68,0.6551,1.85,15.3,2.17,0.1,0.05,2.12,0.7399999999999999,9.89,1.7400000000000002,0.18,0.4337,7.19,3.09,0.8228,1.41,1.19,0.2029,12.4,21.21,1.38,1.39,0.27,0.36,15.04,1.56,9.15,1.64,0.67,11.71,1.03,5.609999999999999,2.01,0.5956,18.84,0.1699999999999999,0.1246,0.54,0.5656,0.9085365854,0.0,20.26333169726307,1.2494283802300756,0.0,-1.1600000000000001,0.9300000000000002,0.14851565658733154
tony snell,MIL,SG,2017,4,1,25.0,1,0.0991,0.4868,2.5,1.2200000000000002,0.3855,3.46,0.5713,1.37,6.38,1.08,0.6699999999999999,0.23,-2.33,-0.52,12.02,2.64,1.19,0.4249,6.029999999999999,2.59,0.8377000000000001,0.66,0.5700000000000001,0.1122,73.6,24.61,-1.81,1.53,0.32,1.14,8.809999999999999,1.52,7.04,1.02,0.52,10.4,0.73,6.890000000000001,2.96,0.5549,12.98,-0.0399999999999999,0.0567,2.3,0.5356,0.4308571428571429,2.0,0.8571428571428572,0.4637142857142857,4.428571428571429,0.679,2.157142857142857,7.714285714285715,1.2142857142857142,0.842857142857143,0.2285714285714286,-0.1,-0.0285714285714285,9.514285714285716,1.8571428571428568,0.1714285714285714,0.4545714285714286,6.357142857142858,3.042857142857143,0.2857142857142857,0.1142857142857143,0.1142857142857143,0.026,7.428571428571429,25.62857142857143,-1.1102230246251563e-16,1.0857142857142856,0.2428571428571428,0.2142857142857142,9.514285714285716,2.342857142857143,8.257142857142858,0.2142857142857142,0.1428571428571428,5.9,0.3571428571428571,5.2,2.071428571428571,0.6214285714285714,13.214285714285715,0.1142857142857143,0.1091428571428571,0.3857142857142857,0.6137142857142858,0.8975609755,0.0,24.61900578454861,1.2344450463656351,0.0,0.1542857142857142,2.23,0.0951119582182735
james johnson,MIA,PF,2017,3,1,29.0,1,0.1408,0.5646,5.33,2.97,0.3041,2.2,0.2742,0.7100000000000001,16.15,2.44,3.29,0.93,1.5799999999999998,1.34,15.170000000000002,3.12,2.22,0.4997999999999999,7.47,3.68,0.6571,2.06,1.41,0.2753,69.1,22.48,0.2400000000000001,3.82,0.78,1.54,15.5,2.19,9.48,1.78,0.81,16.259999999999998,1.64,9.5,3.850000000000001,0.565,19.25,1.61,0.1075,3.76,0.5432,0.4332,2.16,0.88,0.2663999999999999,0.54,0.216,0.24,12.12,0.56,0.0,0.0,-7.260000000000001,-3.42,17.4,1.12,0.06,0.4212,2.7,1.12,0.4002,1.38,0.12,0.472,6.8,8.280000000000001,-3.78,2.1,0.18,-0.04,4.140000000000001,0.78,2.6,0.96,0.18,12.6,0.42,9.32,1.2999999999999998,0.4344,22.44,0.0,-0.151,0.0199999999999999,0.4692,0.8426829267,0.0,22.50298132973684,1.1160247389609423,0.0,-1.61,-8.84,0.03497855463721802
mason plumlee,DEN,C,2017,3,1,26.0,1,0.1417,0.5417000000000001,6.87,3.72,0.0,0.05,0.0086,0.0,16.16,2.77,3.24,1.01,1.47,1.24,22.18,5.08,2.47,0.5374,6.94,3.72,0.5815999999999999,3.86,2.21,0.565,81.5,25.13,0.26,9.78,2.22,3.3200000000000003,17.810000000000002,2.83,9.67,1.66,0.8500000000000001,16.07,1.68,15.989999999999998,7.300000000000001,0.5622,18.02,1.85,0.1357,5.79,0.5374,0.5068,4.24,1.78,0.0,0.0,0.0,0.0,17.9,3.0,3.12,0.72,0.88,2.92,24.52,5.5,0.28,0.5068,4.24,1.78,0.5272,2.52,1.42,1.0158,9.0,19.96,-2.04,9.02,2.16,0.12,13.38,2.96,5.0,2.3400000000000003,0.6399999999999999,22.36,1.5799999999999998,16.6,7.6,0.4952,14.34,0.18,0.0828,0.4,0.5068,0.993902439,0.0,25.129569104471543,1.1314192558129654,0.0,-1.6700000000000002,-0.59,0.08063795738721169
pj tucker,TOR,SF,2017,4,0,31.0,1,0.0766,0.4632,4.01,1.87,0.3465,2.59,0.3943,0.91,7.54,1.58,0.6699999999999999,0.22,-0.4299999999999999,0.92,17.009999999999998,4.46,2.21,0.4174,6.65,2.78,0.7562,1.4200000000000002,1.1,0.2177,80.7,29.22,-1.34,5.91,1.6,1.59,10.99,2.41,7.57,2.29,1.37,12.55,1.06,11.37,6.04,0.518,12.19,0.93,0.0784,3.83,0.4854,0.429,2.1,0.9,0.321,2.8,0.571,0.9,6.6,1.1,1.1,0.3,-2.2,0.4,20.1,4.2,0.3,0.367,4.9,1.8,0.625,0.8,0.5,0.163,10.0,25.1,-2.6,7.3,1.5,0.0,7.6,2.7,5.0,1.2,0.6,13.2,0.8,13.7,5.7,0.476,11.3,0.0,0.045,0.2,0.459,0.9841463414,0.0,29.204444657479208,1.2741942364275622,0.0,-0.93,-1.7700000000000002,0.09620345151920964
andre roberson,OKC,SF,2017,3,1,25.0,1,0.0934,0.6093,2.81,1.77,0.2652,1.86,0.3959,0.51,4.98,0.91,2.31,0.76,-0.49,1.43,13.72,3.28,2.35,0.4724,4.720000000000001,2.2,0.4906,1.08,0.51,0.2269,73.9,25.55,-1.94,5.09,1.11,1.19,9.68,2.29,5.42,1.88,1.0,11.14,0.59,9.46,4.39,0.5274,9.58,0.6799999999999999,0.0898,3.54,0.525,0.5803749999999999,4.6375,2.725,0.379,2.9125,0.3924999999999999,1.1375,6.074999999999999,1.425,6.7,2.5375,3.6375,3.1375,11.6375,3.2,0.3874999999999999,0.500625,7.55,3.825,0.239375,3.0375,0.525,0.373,9.875,32.95,0.5,8.4375,2.775,0.2125,14.475,2.8125,9.35,2.9375,1.9875,10.9,1.1,10.125,5.975,0.5257499999999999,12.675,0.4125,0.091625,0.6,0.574375,0.9012195123,0.0,25.533049495134545,1.4275275697608956,0.0,-0.26749999999999996,4.1275,0.14699678849527986
taj gibson,OKC,PF,2017,2,0,31.0,1,0.1413,0.5191,8.129999999999999,4.199999999999999,0.1155,0.1,0.0107999999999999,0.0,6.82,1.12,2.8100000000000005,0.97,-0.8300000000000001,-0.06,16.64,4.09,2.33,0.5157,8.23,4.25,0.7084999999999999,2.2,1.54,0.2719,73.3,26.16,-0.77,9.86,2.36,2.3,15.43,2.3200000000000003,10.04,1.08,0.55,11.9,1.2200000000000002,13.25,6.45,0.5473000000000001,17.55,0.5399999999999999,0.1158,4.58,0.5166999999999999,0.5634285714285714,6.714285714285714,3.8,0.0,0.0,0.0,0.0,5.014285714285714,0.7142857142857143,1.0000000000000002,0.2857142857142857,-3.942857142857143,-0.9428571428571428,14.92857142857143,3.1142857142857143,0.1142857142857143,0.5634285714285714,6.714285714285714,3.8,0.825,1.8571428571428572,1.5142857142857142,0.2827142857142857,7.0,23.42857142857143,-3.0,4.742857142857144,1.0285714285714287,0.1571428571428571,11.585714285714284,2.4571428571428573,9.114285714285716,0.5142857142857143,0.2285714285714286,15.542857142857144,1.4,9.6,4.142857142857143,0.6034285714285714,16.614285714285714,-0.0428571428571428,0.0612857142857142,0.3,0.5634285714285714,0.8939024388000001,0.5,26.15927080207745,1.4275275697608956,0.0,-0.5828571428571427,-3.112857142857143,0.07878827476738241
cj miles,IND,SF,2017,3,0,29.0,1,0.0801,0.4695,3.8,1.79,0.3855999999999999,5.78,0.6068,2.2,5.57,0.8200000000000001,1.2999999999999998,0.38,0.5800000000000001,-0.38,11.87,2.55,1.7299999999999998,0.4193,9.58,3.99,0.8379,1.63,1.38,0.1698,71.2,23.83,0.94,1.74,0.38,1.97,13.920000000000002,2.04,11.59,1.5300000000000002,0.72,7.01,0.78,6.83,2.93,0.5650999999999999,20.82,1.08,0.104,3.65,0.5369999999999999,0.63525,2.225,1.35,0.233125,3.5875,0.614125,0.925,3.875,0.4125,1.0875,0.225,-5.525,-1.7625,12.3625,1.7125,0.0375,0.3848749999999999,5.775,2.275,0.8751249999999999,0.4625,0.425,0.0815,5.125,17.724999999999998,-3.8,5.525,0.85,-0.0499999999999999,7.2,2.25,5.8375,0.975,0.35,7.2875,0.4625,9.1875,2.5249999999999995,0.47875,17.225,-0.075,-0.0041249999999999,-0.0124999999999999,0.4602499999999999,0.8682926829,0.0,23.80735656799107,0.994890422017569,0.0051095779824309,-1.155,-6.105,0.05081888881577461
zach randolph,MEM,PF,2017,2,0,35.0,1,0.1242,0.4795999999999999,12.41,5.949999999999999,0.2507999999999999,0.8300000000000001,0.0619,0.2,12.9,1.92,0.53,0.15,-0.0799999999999999,-1.33,25.07,5.859999999999999,2.41,0.4644,13.21,6.12,0.7573000000000001,3.1,2.34,0.2354,71.1,27.630000000000003,1.2,10.8,2.67,1.92,18.64,2.08,14.86,1.2000000000000002,0.63,9.71,1.59,17.799999999999997,8.54,0.5083,26.84,1.0,0.1036999999999999,4.33,0.4719,0.4206,13.96,5.870000000000001,0.1115,0.7,0.048,0.12,7.85,1.31,0.5,0.15,-3.7,-2.59,24.01,5.95,0.11,0.4069,14.61,5.94,0.7964,2.04,1.62,0.1396,6.4,31.840000000000003,-1.06,8.629999999999999,2.47,-0.21,11.94,2.58,13.62,1.03,0.5900000000000001,8.85,1.56,16.05,8.44,0.4392,25.65,-0.1,-0.0446,-0.1,0.4105,0.8670731707000001,0.0,27.619376628627528,1.1973616944435592,0.0,-1.1,-3.62,0.09398095900462537
shaun livingston,GSW,PG,2017,3,1,31.0,1,0.0776,0.54,4.48,2.43,0.2166,0.06,0.0150999999999999,0.0,17.89,2.46,1.19,0.3,-1.32,0.7,9.25,1.64,1.6700000000000002,0.5343,4.59,2.43,0.7508,1.0,0.76,0.2145,77.0,18.46,-1.99,2.8200000000000003,0.47,1.72,11.77,1.62,5.62,1.56,0.58,16.16,0.96,6.24,2.12,0.5641,13.94,0.25,0.1114,3.34,0.5359,0.5428999999999999,4.94,2.62,0.0,0.0,0.0043999999999999,0.0,16.369999999999997,2.05,0.81,0.15,-0.8400000000000001,0.67,10.46,1.84,0.37,0.5408,4.960000000000001,2.62,0.7845,0.94,0.79,0.1887,18.4,17.85,-1.48,4.25,0.62,0.41,12.0,1.75,6.06,1.13,0.43,14.81,0.91,7.43,2.49,0.5702,15.170000000000002,0.08,0.1104999999999999,0.79,0.5408,0.93902439,0.0,18.45606455246289,1.453566680475447,0.0,-0.16999999999999998,0.48,0.18769501560124807
jj redick,LAC,SG,2017,1,0,32.0,1,0.2321,0.4792,5.7700000000000005,2.79,0.4444,5.86,0.504,2.63,8.28,1.48,0.37,0.15,1.12,-1.25,7.25,1.94,1.35,0.4619,11.61,5.37,0.8921,2.63,2.33,0.2266,77.1,28.68,2.37,0.6499999999999999,0.14,4.4,15.89,1.6800000000000002,15.67,1.06,0.63,8.47,1.19,4.0600000000000005,2.09,0.6134999999999999,21.98,1.76,0.1255,5.75,0.5735,0.4479999999999999,5.14,2.34,0.3591,4.67,0.487,1.69,5.09,1.03,0.31,0.14,-3.73,-2.12,6.91,1.81,0.1,0.406,9.81,4.0600000000000005,0.8137,2.1,1.77,0.2548,8.1,30.73,-1.63,0.18,0.06,0.0,7.77,2.26,11.58,0.52,0.35,13.38,1.5699999999999998,3.51,1.87,0.5412,18.53,-0.08,0.0121999999999999,0.13,0.4936,0.9402439022,0.0,28.65503820774359,1.2620911698161308,0.0,-1.84,-4.85,0.1011783470947397
kyle korver,CLE,SG,2017,3,1,35.0,1,0.0706,0.4916,2.36,1.15,0.4433,5.4,0.6913,2.38,10.09,1.95,1.13,0.39,0.2599999999999999,0.01,11.43,3.06,2.0,0.4599,7.76,3.6,0.882,0.8300000000000001,0.76,0.1068,72.5,28.54,0.28,0.6,0.15,2.51,11.92,1.78,10.23,1.08,0.63,12.56,1.14,6.109999999999999,3.21,0.6307,14.59,1.23,0.1042,4.58,0.6135999999999999,0.5882000000000001,1.25,0.71,0.3997,5.1,0.8129,2.03,6.02,1.13,1.44,0.49,0.23,0.0999999999999999,11.95,3.13,0.36,0.4307999999999999,6.3500000000000005,2.74,0.9626,0.79,0.75,0.1225,14.8,26.05,0.0799999999999999,0.77,0.16,0.39,11.05,1.67,8.21,1.4300000000000002,0.78,9.21,0.74,6.58,3.29,0.618,12.72,0.19,0.099,0.7,0.5927,0.8841463414999999,0.0,28.532498595830848,1.4912908660229651,0.0,-1.04,-0.029999999999999888,0.15706260260969818
bojan bogdanovic,WAS,SF,2017,2,0,27.0,1,0.106,0.5044,5.18,2.64,0.3691,4.35,0.4561,1.62,7.699999999999999,1.27,0.29,0.1,-2.49,-2.1100000000000003,11.65,2.76,0.59,0.443,9.53,4.19,0.8606,2.29,1.99,0.2335999999999999,79.8,25.65,-0.41,2.12,0.52,1.61,12.28,1.61,12.01,0.79,0.4,12.02,1.45,6.92,3.2,0.5699000000000001,20.46,-0.2699999999999999,0.0522,2.2,0.5271,0.472,3.5142857142857147,1.6428571428571428,0.3494285714285714,4.071428571428571,0.5290000000000001,1.3714285714285714,5.700000000000001,0.9857142857142858,0.4714285714285714,0.1571428571428571,-0.5714285714285715,-1.1285714285714286,17.42857142857143,3.442857142857143,0.1714285714285714,0.4071428571428571,7.585714285714286,3.085714285714286,0.8068571428571429,2.128571428571429,1.7285714285714286,0.2968571428571428,11.0,24.3,0.5571428571428572,3.6000000000000005,0.7142857142857144,0.2857142857142857,12.085714285714284,1.5,9.22857142857143,1.0714285714285716,0.5571428571428572,8.471428571428572,0.8,10.5,4.157142857142857,0.549,17.17142857142857,0.0714285714285714,0.085,0.4571428571428571,0.4994285714285714,0.9731707316,0.0,25.6408467107072,1.3183565745727244,0.0,0.3414285714285713,1.9185714285714286,0.11550577528876443
darren collison,SAC,PG,2017,2,0,29.0,0,0.1009,0.506,7.95,4.0,0.4034,2.89,0.2651,1.17,24.2,4.709999999999999,0.37,0.14,5.551115123125783e-17,-0.88,7.33,2.08,0.77,0.4784,10.84,5.19,0.845,3.0,2.5200000000000005,0.2738,65.2,31.11,0.88,1.35,0.35,3.5,15.92,1.89,14.02,1.7200000000000002,1.1,13.19,1.89,4.42,2.43,0.5772999999999999,19.84,0.98,0.1026,4.2700000000000005,0.5315000000000001,0.506,7.95,4.0,0.4034,2.89,0.2651,1.17,24.2,4.709999999999999,0.37,0.14,5.551115123125783e-17,-0.88,7.33,2.08,0.77,0.4784,10.84,5.19,0.845,3.0,2.5200000000000005,0.2738,65.2,31.11,0.88,1.35,0.35,3.5,15.92,1.89,14.02,1.7200000000000002,1.1,13.19,1.89,4.42,2.43,0.5772999999999999,19.84,0.98,0.1026,4.2700000000000005,0.5315000000000001,0.7951219513000001,0.0,31.121120838355413,1.031985447670034,0.0,0.0,0.0,0.5
jonathon simmons,SAS,SG,2017,3,0,27.0,1,0.0636,0.488,3.875,1.9,0.3273749999999999,1.15,0.2239999999999999,0.3625,12.15,1.4125,1.125,0.225,-2.6375,0.8375,10.9875,1.6875,1.7999999999999998,0.4515,5.025,2.2625,0.75,1.6999999999999995,1.2999999999999998,0.33875,69.375,16.675,-3.475,1.925,0.3,0.1999999999999999,10.65,1.9,6.125,1.625,0.525,14.4875,1.0,6.574999999999999,1.95,0.53475,18.3375,-0.2,0.087125,2.0,0.487875,0.4166249999999999,4.9875,2.325,0.4695,1.9375,0.2825,0.825,13.9875,1.45,0.375,0.0625,0.75,0.475,6.262499999999999,0.925,0.125,0.435,6.925,3.05,0.610625,1.575,0.9875,0.2175,10.5,16.0125,0.275,7.387499999999999,0.75,0.25,15.6375,1.7374999999999998,7.95,2.4375,0.6375,7.399999999999999,0.5499999999999999,6.65,1.6749999999999998,0.5197499999999999,22.4875,0.125,0.1147499999999999,0.4125,0.5025,0.8460365851249999,0.0,16.69960820002914,1.2494283802300756,0.0,0.325,3.3875,0.12689540009481423
rudy gay,SAC,SF,2017,2,0,30.0,0,0.0848,0.4858,11.53,5.59,0.361,3.47,0.2316,1.27,13.25,2.65,1.92,0.78,1.4,0.02,16.259999999999998,4.98,1.39,0.4574,14.95,6.859999999999999,0.8331,4.54,3.79,0.302,49.6,34.18,1.35,4.37,1.33,1.9,17.54,2.54,18.73,2.0,1.37,12.21,2.39,10.4,6.279999999999999,0.5521,25.020000000000003,1.38,0.0912999999999999,3.26,0.4992,0.4858,11.53,5.59,0.361,3.47,0.2316,1.27,13.25,2.65,1.92,0.78,1.4,0.02,16.259999999999998,4.98,1.39,0.4574,14.95,6.859999999999999,0.8331,4.54,3.79,0.302,49.6,34.18,1.35,4.37,1.33,1.9,17.54,2.54,18.73,2.0,1.37,12.21,2.39,10.4,6.279999999999999,0.5521,25.020000000000003,1.38,0.0912999999999999,3.26,0.4992,0.6048780492,1.0,34.1590825442577,1.031985447670034,0.0,0.0,0.0,0.5
alan williams,PHO,C,2017,3,1,24.0,0,0.0605,0.48075,4.4625,2.1875,0.0,0.0,0.0025,0.0,7.637499999999999,0.5,4.5625,0.625,-0.8875,0.2999999999999999,34.2,3.525,0.6375,0.4794999999999999,4.4625,2.1875,0.63175,2.025,1.275,0.4804999999999999,33.125,11.9875,-1.25,16.9625,1.775,0.725,20.1,2.25,5.7125,2.2125,0.525,12.7875,0.725,25.3625,5.3,0.52225,21.5375,0.0625,0.1435,1.3875,0.4794999999999999,0.48075,4.4625,2.1875,0.0,0.0,0.0025,0.0,7.637499999999999,0.5,4.5625,0.625,-0.8875,0.2999999999999999,34.2,3.525,0.6375,0.4794999999999999,4.4625,2.1875,0.63175,2.025,1.275,0.4804999999999999,33.125,11.9875,-1.25,16.9625,1.775,0.725,20.1,2.25,5.7125,2.2125,0.525,12.7875,0.725,25.3625,5.3,0.52225,21.5375,0.0625,0.1435,1.3875,0.4794999999999999,0.403963415,0.0,11.966706559840423,0.9827457591111396,0.0172542408888605,0.0,0.0,0.5
patrick patterson,TOR,PF,2017,3,0,27.0,1,0.0524,0.4831999999999999,2.37,1.15,0.3688,3.76,0.6135,1.35,7.569999999999999,1.34,1.31,0.42,0.52,0.09,15.85,3.58,1.74,0.4145,6.13,2.58,0.772,0.77,0.63,0.1286999999999999,72.4,25.3,0.4299999999999999,4.880000000000001,1.12,2.21,11.5,1.7400000000000002,7.07,1.35,0.6499999999999999,9.38,0.6799999999999999,10.43,4.6,0.5448,12.74,1.1800000000000002,0.1032,3.95,0.5272,0.3879,2.09,1.01,0.3374,3.1100000000000003,0.6267,1.09,11.55,1.62,0.92,0.25,1.09,0.37,11.58,2.17,0.19,0.3714,5.2,2.1,0.9538,0.8900000000000001,0.8300000000000001,0.1704,11.8,23.31,0.72,2.83,0.7,0.1599999999999999,10.32,0.94,6.07,1.46,0.63,11.85,0.73,7.12,2.87,0.5183,12.31,0.18,0.0568,0.32,0.4760999999999999,0.8829268293,0.0,25.289779137461384,1.2741942364275622,0.0,-1.0000000000000002,0.5700000000000001,0.13055860655465357
jamychal green,MEM,PF,2017,2,1,26.0,1,0.0861,0.5497000000000001,4.38,2.31,0.2894,1.19,0.1979,0.41,6.26,0.8600000000000001,1.86,0.36,-1.41,-0.0799999999999999,19.94,3.5700000000000003,1.78,0.5043,5.54,2.6900000000000004,0.7866000000000001,1.7200000000000002,1.3,0.2927,66.7,20.56,-1.28,10.21,1.8000000000000005,1.98,14.11,2.52,7.19,1.4,0.52,15.23,1.05,14.95,5.369999999999999,0.5771,16.8,0.24,0.1156,3.76,0.5363,0.4213,3.28,1.75,0.219,1.48,0.3355,0.6,3.99,0.39,4.11,0.43,-0.96,1.13,23.46,2.27,0.0,0.3994999999999999,4.73,2.3,0.85,0.78,0.5700000000000001,0.3234,5.2,15.57,-2.09,3.75,0.64,0.05,12.68,2.69,5.77,1.96,0.28,9.05,0.6499999999999999,13.239999999999998,2.91,0.5283,17.52,-0.02,0.0554,0.03,0.4479999999999999,0.813414634,0.0,20.57161146969697,1.1973616944435592,0.0,-0.26,0.44999999999999996,0.055748198050562005
shelvin mack,UTA,PG,2017,2,0,26.0,1,0.0605,0.4963,4.630000000000001,2.32,0.3106,2.28,0.3348,0.73,25.1,3.04,0.2,0.08,-1.97,-0.22,10.55,1.87,1.27,0.4348999999999999,6.91,3.0200000000000005,0.7265999999999999,1.18,0.87,0.1663,54.1,20.06,-1.75,1.64,0.31,0.11,12.170000000000002,1.44,7.56,1.77,0.71,16.97,1.52,6.18,2.18,0.5089,20.69,0.0,0.0602999999999999,1.35,0.4871,0.3528571428571428,3.2285714285714286,1.042857142857143,0.4152857142857143,1.8142857142857145,0.3722857142857143,0.742857142857143,17.885714285714286,1.7142857142857144,0.0,0.0,-0.7857142857142856,0.8571428571428572,14.985714285714288,1.9714285714285715,0.1,0.3578571428571429,4.971428571428572,1.7857142857142858,0.7621428571428572,1.3857142857142857,1.0857142857142856,0.2625714285714285,9.285714285714286,15.114285714285714,-1.6428571428571428,2.271428571428572,0.2714285714285714,-0.0714285714285714,11.128571428571428,1.342857142857143,5.4,2.1,0.5142857142857143,11.242857142857144,0.7714285714285715,8.614285714285714,2.3142857142857145,0.4808571428571428,19.957142857142856,0.0285714285714285,0.0365714285714285,0.0571428571428571,0.4305714285714286,0.6597560972000001,0.0,20.087426228608397,1.1351056796575425,0.0,0.0285714285714285,1.1842857142857144,0.1145135014532075
amir johnson,BOS,PF,2017,1,0,29.0,1,0.111,0.6112,4.6,2.79,0.357,0.67,0.1371,0.24,11.8,1.73,3.16,0.8900000000000001,0.6399999999999999,1.11,17.84,3.58,2.24,0.5783,5.3,3.1100000000000003,0.6284000000000001,1.44,0.8900000000000001,0.27,78.7,22.17,-0.47,9.1,1.86,3.05,15.38,2.71,7.300000000000001,1.44,0.6299999999999999,15.97,1.16,13.48,5.44,0.6152,14.02,1.15,0.1467,5.29,0.6032,0.6153,3.91,2.6100000000000003,0.1665,0.25,0.0751,0.05,4.46,0.51,3.85,0.75,-2.28,-0.25,18.07,3.1,0.14,0.5881,4.16,2.66,0.6459,1.35,0.8600000000000001,0.2982,9.6,17.34,-2.03,10.57,1.5,0.15,13.36,2.31,6.15,0.92,0.27,17.39,1.07,14.08,4.61,0.6097,14.15,-0.02,0.0967,0.26,0.5966,0.9597560974,0.0,22.16250329514768,1.2223499676024772,0.0,-1.17,-2.92,0.08709724509128351
ben mclemore,SAC,SG,2017,2,0,23.0,0,0.0525,0.4746,4.33,2.06,0.3712,3.17,0.4193,1.19,7.500000000000001,1.1,0.55,0.12,-3.68,-1.24,9.62,1.93,0.62,0.4311,7.479999999999999,3.25,0.7545,1.6,1.2000000000000002,0.2173999999999999,67.3,22.53,-2.44,2.01,0.38,0.17,9.56,2.07,8.809999999999999,1.41,0.67,13.56,1.29,5.85,2.29,0.5387,18.770000000000003,-0.55,0.0195,0.79,0.5083,0.4746,4.33,2.06,0.3712,3.17,0.4193,1.19,7.500000000000001,1.1,0.55,0.12,-3.68,-1.24,9.62,1.93,0.62,0.4311,7.479999999999999,3.25,0.7545,1.6,1.2000000000000002,0.2173999999999999,67.3,22.53,-2.44,2.01,0.38,0.17,9.56,2.07,8.809999999999999,1.41,0.67,13.56,1.29,5.85,2.29,0.5387,18.770000000000003,-0.55,0.0195,0.79,0.5083,0.8207317074,0.0,22.51896961775231,1.031985447670034,0.0,0.0,0.0,0.5
thabo sefolosha,ATL,SF,2017,2,0,32.0,1,0.053,0.5102,3.85,1.92,0.3375,1.73,0.3138999999999999,0.63,9.83,1.5499999999999998,1.7200000000000002,0.48,0.64,2.3,16.34,3.55,2.6500000000000004,0.4556,5.66,2.55,0.7095,1.21,0.8700000000000001,0.2214,63.9,23.63,-1.66,4.17,0.8600000000000001,0.8500000000000001,12.43,1.51,6.58,2.78,1.28,12.62,0.8600000000000001,10.39,4.41,0.5341,13.26,1.05,0.1098,3.5,0.5082,0.2085,1.2,0.5624999999999999,0.1379999999999999,0.7124999999999999,0.1548749999999999,0.2624999999999999,4.874999999999999,0.6374999999999998,1.0125,0.2249999999999999,-8.175,-1.1,6.262499999999998,1.2374999999999998,0.1124999999999999,0.1792499999999999,1.9125,0.825,0.3561249999999999,1.1875,0.4875,2.62225,6.25,9.05,-7.1375,1.65,0.3,0.0375,0.0624999999999991,0.8249999999999998,2.4,0.9375,0.3749999999999999,5.999999999999999,0.3749999999999999,4.0875,1.5374999999999996,0.3235,13.3,0.075,-0.076875,0.1874999999999999,0.20775,0.7792682925000001,0.0,23.6506453185732,1.063365911432608,0.0,-0.9750000000000001,-8.815000000000001,0.03610711516837167
mike muscala,ATL,C,2017,2,1,25.0,1,0.0504999999999999,0.5576,2.81,1.61,0.3832,1.13,0.2693,0.4499999999999999,10.28,1.0,3.18,0.55,0.3,0.92,14.63,1.88,1.21,0.512,3.91,2.01,0.7975,0.78,0.62,0.2053,61.0,14.19,-0.6200000000000001,8.14,0.99,1.35,14.88,1.3199999999999998,5.07,1.25,0.34,12.989999999999998,0.65,11.44,2.9000000000000004,0.5924,15.39,0.62,0.1426,2.56,0.5640000000000001,0.4937999999999999,2.13,1.0300000000000002,0.1499,0.72,0.2494,0.1,4.26,0.26,2.37,0.3399999999999999,-3.1,-0.55,13.64,1.38,0.07,0.4102,2.8200000000000003,1.13,0.7375,0.71,0.6599999999999999,0.252,7.699999999999999,11.01,-2.55,9.37,0.9,0.07,10.19,1.47,3.05,0.4,0.12,8.14,0.27,11.51,2.28,0.4972,14.0,-0.05,0.083,0.15,0.4312,0.7439024392,0.0,14.16988452635714,1.063365911432608,0.0,-0.67,-3.4,0.08920448626688425
justin holiday,NYK,SG,2017,2,0,27.0,1,0.0466,0.4722,2.71,1.33,0.3446,2.61,0.4846,0.93,9.829999999999998,1.09,1.57,0.36,-1.36,0.33,11.64,1.85,1.07,0.4097,5.39,2.21,0.7958999999999999,0.87,0.67,0.1613,68.7,16.6,-1.7199999999999998,1.81,0.25,0.6000000000000001,11.59,1.19,6.0600000000000005,2.23,0.72,11.33,0.71,6.76,2.1,0.5208,17.07,0.31,0.0669,1.69,0.4934,0.0,0.2,0.0,1.0,0.2,0.5,0.2,13.1,0.2,0.0,0.0,-5.2,-0.6,9.8,0.2,0.0,0.5,0.4,0.2,0.0,0.0,0.0,0.0,5.0,2.2,-4.6,0.0,0.0,0.0,1.9,0.2,0.6,0.0,0.0,50.0,0.4,5.0,0.2,0.75,16.3,0.0,-0.078,0.0,0.75,0.8378048779,0.0,16.59644191229122,1.1090060439968985,0.0,-0.31,-3.84,0.009553420993208385
ron baker,NYK,SG,2017,2,1,23.0,0,0.0437,0.45,2.5,1.1,0.267,1.7,0.396,0.4,17.3,2.1,0.8,0.2,-4.7,-0.3,10.8,1.7,0.5,0.378,4.2,1.6,0.651,0.8,0.5,0.198,52.0,16.5,-4.5,1.5,0.2,-0.6,7.5,1.4,4.1,2.0,0.7,19.2,1.1,6.2,1.9,0.456,14.8,-0.6,-0.008,-0.1,0.431,0.45,2.5,1.1,0.267,1.7,0.396,0.4,17.3,2.1,0.8,0.2,-4.7,-0.3,10.8,1.7,0.5,0.378,4.2,1.6,0.651,0.8,0.5,0.198,52.0,16.5,-4.5,1.5,0.2,-0.6,7.5,1.4,4.1,2.0,0.7,19.2,1.1,6.2,1.9,0.456,14.8,-0.6,-0.008,-0.1,0.431,0.634146341,0.0,16.48141025576923,1.1090060439968985,0.0,0.0,0.0,0.5
jamal crawford,LAC,SG,2017,2,0,36.0,1,0.0437,0.4431,7.08,3.15,0.3474,4.41,0.3816,1.5299999999999998,14.78,2.49,0.51,0.2,-1.33,-1.34,6.12,1.52,1.39,0.4069,11.489999999999998,4.68,0.8799,3.05,2.68,0.2632,77.5,26.54,0.01,0.99,0.25,1.29,13.52,1.49,13.57,1.42,0.74,10.79,1.5,3.58,1.7200000000000002,0.5276000000000001,24.34,0.3299999999999999,0.0647,2.66,0.4727,0.4657,9.86,4.49,0.2256,3.91,0.2913,0.92,11.31,1.99,0.39,0.09,-2.1100000000000003,-1.1,5.290000000000001,1.38,0.18,0.3966999999999999,13.77,5.41,0.9374,2.53,2.3400000000000003,0.1775999999999999,8.1,29.380000000000003,-1.01,1.29,0.32,-0.14,11.29,1.7799999999999998,14.03,1.6700000000000002,0.99,8.42,1.34,3.25,1.73,0.4752,25.19,-0.04,0.0065,0.0399999999999999,0.4302,0.9451219512,0.0,26.54883261517154,1.2620911698161308,0.0,-0.3699999999999999,-0.7800000000000002,0.1037018896405308
vince carter,MEM,SF,2017,1,0,40.0,1,0.0807,0.4123,2.74,1.11,0.3530999999999999,3.59,0.5641,1.25,10.64,1.41,1.62,0.38,-0.24,0.45,12.55,2.19,1.57,0.38,6.300000000000001,2.3600000000000003,0.7902,1.4,1.1,0.219,67.7,20.64,-0.6900000000000001,2.68,0.48,1.15,11.579999999999998,1.91,7.14,1.84,0.72,8.59,0.6699999999999999,7.49,2.67,0.516,16.98,0.76,0.0867999999999999,2.74,0.4796,0.4795,4.29,1.96,0.46,2.9,0.4125,1.31,8.93,1.34,0.48,0.13,0.7099999999999997,-0.2699999999999999,13.7,2.72,-0.0099999999999999,0.4551,7.21,3.29,0.9778,1.36,1.34,0.1829,6.4,26.65,0.98,4.39,0.98,0.16,12.61,2.24,9.25,1.04,0.42,13.18,1.21,8.79,3.65,0.587,16.740000000000002,0.1,0.0585,0.15,0.5448,0.8256097559,0.0,20.659318068445412,1.1973616944435592,0.0,-0.66,0.9499999999999997,0.10878328043839865
jodie meeks,ORL,SG,2017,2,0,29.0,0,0.0332,0.4135714285714286,3.9,1.642857142857143,0.3918571428571429,3.7142857142857135,0.4955714285714286,1.485714285714286,9.157142857142858,1.3,0.3714285714285715,0.1,-1.4285714285714286,-0.3428571428571429,9.814285714285717,1.8571428571428568,0.6857142857142857,0.406,7.614285714285714,3.128571428571429,0.886,2.271428571428572,1.9714285714285715,0.2921428571428571,42.85714285714286,21.614285714285717,-1.0142857142857142,0.7571428571428571,0.1285714285714286,0.9857142857142858,13.385714285714286,1.1571428571428573,9.67142857142857,2.242857142857143,0.9285714285714286,10.385714285714286,1.0,5.185714285714287,1.9857142857142855,0.5615714285714286,19.6,0.2142857142857143,0.0815714285714285,1.6714285714285717,0.5042857142857143,0.4135714285714286,3.9,1.642857142857143,0.3918571428571429,3.7142857142857135,0.4955714285714286,1.485714285714286,9.157142857142858,1.3,0.3714285714285715,0.1,-1.4285714285714286,-0.3428571428571429,9.814285714285717,1.8571428571428568,0.6857142857142857,0.406,7.614285714285714,3.128571428571429,0.886,2.271428571428572,1.9714285714285715,0.2921428571428571,42.85714285714286,21.614285714285717,-1.0142857142857142,0.7571428571428571,0.1285714285714286,0.9857142857142858,13.385714285714286,1.1571428571428573,9.67142857142857,2.242857142857143,0.9285714285714286,10.385714285714286,1.0,5.185714285714287,1.9857142857142855,0.5615714285714286,19.6,0.2142857142857143,0.0815714285714285,1.6714285714285717,0.5042857142857143,0.3768292682,0.0,19.467984261166663,1.014821186917774,0.0,0.0,0.0,0.5
nick young,LAL,SG,2017,1,0,31.0,0,0.0524,0.422,3.7,1.56,0.3733,5.9,0.6182000000000001,2.22,5.9,0.88,0.6799999999999999,0.19,-1.4200000000000002,-1.95,8.62,1.7799999999999998,0.12,0.3899,9.63,3.76,0.8551,1.87,1.63,0.1944,54.6,23.44,0.53,1.63,0.37,1.75,12.62,1.82,11.47,1.17,0.52,6.119999999999999,0.6799999999999999,4.99,2.15,0.5428999999999999,20.5,0.24,0.0615,1.87,0.5052,0.422,3.7,1.56,0.3733,5.9,0.6182000000000001,2.22,5.9,0.88,0.6799999999999999,0.19,-1.4200000000000002,-1.95,8.62,1.7799999999999998,0.12,0.3899,9.63,3.76,0.8551,1.87,1.63,0.1944,54.6,23.44,0.53,1.63,0.37,1.75,12.62,1.82,11.47,1.17,0.52,6.119999999999999,0.6799999999999999,4.99,2.15,0.5428999999999999,20.5,0.24,0.0615,1.87,0.5052,0.6658536584,0.0,23.47281746309524,1.1166008837619366,0.0,0.0,0.0,0.5
reggie bullock,DET,SF,2017,2,1,25.0,1,0.0252,0.4516,1.4,0.64,0.3817,1.88,0.5787,0.71,7.800000000000001,0.7,0.55,0.1,-0.2500000000000001,0.86,13.69,1.53,0.43,0.4113,3.21,1.35,0.7703,0.28,0.26,0.0992,33.8,12.91,-1.11,2.53,0.32,0.4,10.69,0.69,3.62,1.61,0.4499999999999999,7.64,0.25,7.99,1.87,0.5371,12.3,0.2199999999999999,0.0945,0.88,0.5208,1.0,1.5,1.5,0.667,1.5,0.5,1.0,26.1,1.5,0.0,0.0,16.6,5.5,10.7,1.0,0.0,0.833,3.0,2.5,0.0,0.0,0.0,0.0,2.0,11.0,11.1,0.0,0.0,0.2,31.6,1.0,6.0,2.5,0.5,0.0,0.0,5.5,1.0,1.0,13.7,0.1,0.329,0.2,1.0,0.4121951216,0.0,12.883166722822338,1.2629480896083618,0.0,-0.11999999999999988,16.85,0.04799741686629229
dirk nowitzki,DAL,PF,2017,1,1,38.0,1,0.0504999999999999,0.4736,9.48,4.5,0.3754,4.05,0.298,1.54,10.41,1.67,1.98,0.64,1.59,-0.02,24.22,5.87,2.13,0.4447,13.5,5.99,0.8817999999999999,2.92,2.55,0.2125,64.9,28.57,1.66,2.04,0.53,2.6,18.04,2.1,16.05,1.06,0.61,6.52,1.0,12.82,6.38,0.543,25.53,1.79,0.1138,4.73,0.5003,0.5112,14.0,7.16,0.3124,2.68,0.1606,0.8,9.74,1.92,1.26,0.52,2.0,-0.76,20.32,6.359999999999999,-0.0799999999999999,0.4772,16.68,7.959999999999999,0.9362,4.279999999999999,4.0,0.2562,5.0,34.88,2.76,2.08,0.68,0.34,18.42,2.3600000000000003,20.72,0.56,0.4,8.08,1.64,10.84,7.04,0.5584,25.56,0.2,0.066,0.22,0.5012000000000001,0.7914634143,0.0,28.56768648040981,0.9044435911326386,0.0955564088673613,-1.59,0.4099999999999999,0.08597091678813837
troy williams,HOU,SF,2017,3,1,22.0,1,0.0022,0.524,3.5,1.8,0.29,2.1,0.371,0.6,7.0,0.8,1.7,0.3,-3.8,0.6,11.2,1.8,0.7,0.437,5.6,2.4,0.656,1.1,0.7,0.192,30.0,18.6,-4.3,3.0,0.5,-0.3,9.0,2.0,6.2,2.5,0.9,15.0,1.1,7.0,2.3,0.511,17.1,-0.3,0.032,0.4,0.491,0.0,0.8,0.0,0.0,1.0,0.556,0.0,6.8,0.2,0.0,0.0,-24.9,-9.5,27.7,1.0,0.0,0.0,1.8,0.0,0.5,0.4,0.2,0.222,5.0,3.8,-15.3,11.7,0.4,-0.2,-14.2,0.0,0.2,0.0,0.0,16.8,0.4,19.9,1.4,0.051,27.5,-0.1,-0.514,-0.2,0.0,0.365853659,0.0,18.55288889,1.2562957522067493,0.0,0.19999999999999998,-21.099999999999998,0.03292894280762565
aron baynes,DET,C,2017,1,0,30.0,1,0.0437,0.5228999999999999,4.18,2.19,0.05,0.02,0.0039,0.0,4.91,0.48,2.66,0.49,-1.77,0.26,21.69,3.0,1.58,0.5212,4.2,2.19,0.8222,1.55,1.29,0.3611,75.8,15.51,-2.03,10.81,1.58,1.88,15.07,2.13,5.66,0.76,0.23,13.55,0.77,16.12,4.51,0.5774999999999999,16.16,0.1,0.1421,3.51,0.5214000000000001,0.3863999999999999,2.38,0.92,0.0,0.0,0.0,0.0,5.54,0.42,0.0,0.0,-8.32,-2.12,15.76,1.5,0.0,0.3863999999999999,2.38,0.92,0.8002,0.8,0.6200000000000001,0.3198,4.0,10.6,-6.26,8.28,0.8,-0.04,4.0600000000000005,1.52,2.42,0.0,0.0,21.86,0.8,11.98,2.2,0.4496,15.56,-0.1,-0.071,-0.06,0.3863999999999999,0.9243902438,0.0,15.52345485132275,1.2629480896083618,0.0,-0.2,-6.550000000000001,0.03480950825001765
nerlens noel,DAL,C,2017,1,1,22.0,0,0.0423,0.5472,7.35,3.98,0.15,0.0,0.0024,0.0,9.16,1.38,4.17,1.33,1.08,2.06,22.01,4.83,2.63,0.5462,7.43,3.98,0.6457999999999999,2.74,1.73,0.366,60.6,25.2,-0.98,9.02,2.09,1.1,18.06,2.68,9.66,3.0,1.5500000000000005,15.1,1.6,15.31,6.949999999999999,0.5728,17.84,1.07,0.1293,3.7,0.5465,0.5472,7.35,3.98,0.15,0.0,0.0024,0.0,9.16,1.38,4.17,1.33,1.08,2.06,22.01,4.83,2.63,0.5462,7.43,3.98,0.6457999999999999,2.74,1.73,0.366,60.6,25.2,-0.98,9.02,2.09,1.1,18.06,2.68,9.66,3.0,1.5500000000000005,15.1,1.6,15.31,6.949999999999999,0.5728,17.84,1.07,0.1293,3.7,0.5465,0.7390243905,0.2,25.225876109219787,0.9044435911326386,0.0955564088673613,0.0,0.0,0.5
tyler zeller,BOS,C,2017,2,0,27.0,1,0.0173,0.5011,4.49,2.26,0.0,0.0,0.003,0.0,10.239999999999998,0.83,2.83,0.44,-2.01,-0.4599999999999999,17.880000000000003,2.1500000000000004,0.97,0.4996,4.49,2.26,0.6910999999999999,1.4,1.03,0.2951,59.900000000000006,12.91,-1.53,9.15,1.06,1.39,14.9,1.58,5.62,0.6599999999999999,0.15,10.66,0.6200000000000001,13.53,3.24,0.5345,19.07,0.2,0.117,2.31,0.4996,0.5035000000000001,4.109999999999999,2.05,0.0,0.0,0.0,0.0,11.98,0.6599999999999999,2.73,0.37,0.5199999999999999,-0.19,22.21,2.41,0.03,0.5035000000000001,4.109999999999999,2.05,0.7351000000000001,1.21,0.8400000000000001,0.3144,7.2,11.86,0.7100000000000001,9.37,0.84,0.05,16.04,0.6499999999999999,4.95,0.22,0.1,11.49,0.6100000000000001,15.510000000000002,3.25,0.5425,19.64,0.03,0.0951,0.15,0.5035000000000001,0.7304878051000001,0.0,12.914770576112629,1.2223499676024772,0.0,-0.17,2.53,0.09944322878394225
zaza pachulia,GSW,C,2017,1,1,32.0,1,0.0351,0.5009,5.470000000000001,2.68,0.0,0.0,0.0065,0.0,12.95,1.94,1.47,0.4,0.32,0.99,22.69,4.65,2.64,0.4976,5.5,2.68,0.777,2.42,1.88,0.4415,72.4,21.71,-0.7200000000000001,13.18,2.53,2.43,16.03,2.38,7.29,2.06,0.8600000000000001,18.38,1.44,18.06,7.13,0.5602,16.33,0.8700000000000001,0.1557,4.99,0.4976,0.4635,4.73,2.13,0.0,0.05,0.0085,0.0,12.79,1.66,1.41,0.31,0.6199999999999999,1.5099999999999998,20.07,3.28,0.23,0.459,4.78,2.13,0.7701,2.01,1.61,0.4188999999999999,10.2,18.07,-0.8500000000000001,9.56,1.56,0.14,14.489999999999998,2.33,5.869999999999999,2.12,0.77,12.38,0.73,14.76,4.859999999999999,0.5301,15.93,0.08,0.1101,0.38,0.459,0.8829268293,0.0,21.709283963181072,1.453566680475447,0.0,-0.7900000000000001,0.2999999999999999,0.10495536176953939
shabazz muhammad,MIN,SF,2017,2,1,24.0,0,0.0033,0.5194000000000001,6.67,3.46,0.3341,1.7799999999999998,0.2135,0.55,5.33,0.62,0.36,0.12,-1.81,-2.92,11.2,1.93,0.14,0.4783,8.42,4.04,0.7596,2.86,2.18,0.3385,71.19999999999999,20.41,1.13,6.92,1.25,2.45,15.989999999999998,1.14,10.8,0.78,0.3399999999999999,7.68,0.8,9.05,3.21,0.5586,22.65,0.0099999999999999,0.0881,2.56,0.5137,0.5194000000000001,6.67,3.46,0.3341,1.7799999999999998,0.2135,0.55,5.33,0.62,0.36,0.12,-1.81,-2.92,11.2,1.93,0.14,0.4783,8.42,4.04,0.7596,2.86,2.18,0.3385,71.19999999999999,20.41,1.13,6.92,1.25,2.45,15.989999999999998,1.14,10.8,0.78,0.3399999999999999,7.68,0.8,9.05,3.21,0.5586,22.65,0.0099999999999999,0.0881,2.56,0.5137,0.8682926827999999,0.0,20.42439841983213,1.1172357689897283,0.0,0.0,0.0,0.5
rajon rondo,CHI,PG,2017,1,0,30.0,1,0.0333,0.4415,7.289999999999999,3.25,0.3603,1.93,0.2102,0.7,40.76,8.44,0.4,0.15,-0.11,0.56,16.14,4.43,2.5,0.4254,9.22,3.92,0.5534,1.2000000000000002,0.6599999999999999,0.1263,69.7,29.85,-0.7200000000000001,3.87,1.1,0.3499999999999999,14.57,2.23,9.25,2.62,1.56,23.38,2.99,10.010000000000002,5.449999999999999,0.4719,18.44,1.04,0.0635,2.85,0.4641,0.5197142857142858,9.714285714285715,5.071428571428572,0.1428571428571428,2.4285714285714284,0.1935714285714286,0.1428571428571428,43.42857142857143,8.0,1.0714285714285714,0.3571428571428571,4.142857142857143,2.885714285714285,12.614285714285716,3.7142857142857135,0.0714285714285714,0.4307142857142857,12.142857142857144,5.214285714285714,0.3571428571428571,0.7142857142857143,0.3571428571428571,0.055,2.0,29.214285714285715,1.2857142857142858,9.271428571428572,2.642857142857143,0.0714285714285714,19.67142857142857,3.0,10.92857142857143,3.8571428571428577,2.5,11.885714285714286,1.7142857142857144,10.942857142857145,6.357142857142857,0.4414285714285714,21.8,0.0714285714285714,0.1071428571428571,0.1428571428571428,0.4378571428571429,0.8500000001,0.7,29.860156136562235,0.957114442921938,0.042885557078062,-0.9685714285714286,4.252857142857144,0.027316172676948188
tyreke evans,SAC,SF,2017,1,0,27.0,1,0.0332,0.4458999999999999,8.290000000000001,3.72,0.3551999999999999,3.1,0.2798,1.12,29.87,4.85,0.97,0.29,0.95,0.18,16.34,3.71,1.07,0.4218,11.37,4.84,0.7526,3.0,2.27,0.2633,43.3,25.85,0.77,2.44,0.59,0.62,16.66,2.03,13.03,2.13,1.1,14.78,2.24,9.3,4.32,0.5123,25.98,0.9,0.065,1.69,0.4721999999999999,0.375,8.0,3.0,0.182,2.8,0.256,0.5,24.3,5.0,0.7,0.3,-2.7,-1.2,14.8,4.3,0.0,0.326,10.8,3.5,0.588,4.3,2.5,0.395,4.0,31.3,-1.5,2.7,0.8,-0.1,10.8,2.5,10.0,2.1,1.3,10.6,1.5,8.9,5.0,0.396,20.7,0.0,-0.038,-0.1,0.349,0.5280487805,0.0,25.844494948101264,1.031985447670034,0.0,-0.9,-3.6500000000000004,0.10060224747992173
anthony tolliver,SAC,PF,2017,1,0,31.0,1,0.0332,0.5253000000000001,1.47,0.76,0.3767,3.65,0.7208,1.4,6.79,0.97,1.05,0.25,-0.6599999999999999,-0.41,14.93,2.71,0.97,0.4188,5.12,2.16,0.7137,1.04,0.71,0.1948,69.3,20.69,-0.2,3.67,0.69,1.56,10.829999999999998,1.5699999999999998,6.4,1.08,0.43,10.68,0.71,9.24,3.38,0.5742,13.46,0.48,0.0859,2.53,0.5539000000000001,1.0,0.7,0.7,0.0,0.7,0.5,0.0,5.7,0.3,3.8,0.3,-0.5,-0.5,13.6,1.0,0.0,0.5,1.3,0.7,0.0,0.0,0.0,0.0,3.0,8.7,0.0,4.9,0.3,0.0,10.2,0.0,1.3,0.0,0.0,0.0,0.0,9.4,1.3,0.5,7.7,0.0,0.014,0.0,0.5,0.8451219511,0.0,20.715784919028337,1.031985447670034,0.0,-0.48,0.15999999999999992,0.01787772866539673
tarik black,LAL,C,2017,1,0,25.0,0,0.0332,0.5348,3.87,2.05,0.25,0.0,0.0043,0.0,5.33,0.56,2.84,0.58,-3.01,-0.73,22.25,3.09,0.7000000000000001,0.5344,3.87,2.05,0.6128,1.54,0.95,0.4018,57.8,15.76,-2.28,12.27,1.84,1.28,14.13,2.4000000000000004,5.07,1.23,0.38,14.36,0.79,17.1,4.91,0.5577000000000001,14.48,-0.21,0.0988999999999999,2.03,0.5354,0.5348,3.87,2.05,0.25,0.0,0.0043,0.0,5.33,0.56,2.84,0.58,-3.01,-0.73,22.25,3.09,0.7000000000000001,0.5344,3.87,2.05,0.6128,1.54,0.95,0.4018,57.8,15.76,-2.28,12.27,1.84,1.28,14.13,2.4000000000000004,5.07,1.23,0.38,14.36,0.79,17.1,4.91,0.5577000000000001,14.48,-0.21,0.0988999999999999,2.03,0.5354,0.7048780488999999,0.0,15.747908606638967,1.1166008837619366,0.0,0.0,0.0,0.5
tyler ennis,LAL,PG,2017,2,1,22.0,0,0.0154,0.4517,2.88,1.29,0.3487,1.15,0.291,0.42,22.880000000000003,1.87,0.38,0.04,-3.75,-0.77,8.15,0.9,0.3399999999999999,0.4234,4.06,1.71,0.7833,0.5,0.39,0.1244,46.9,12.31,-2.95,1.87,0.23,-0.08,10.12,1.19,4.24,2.06,0.5,18.52,0.96,5.039999999999999,1.1,0.4957,18.8,-0.26,0.0165,0.26,0.4748,0.4517,2.88,1.29,0.3487,1.15,0.291,0.42,22.880000000000003,1.87,0.38,0.04,-3.75,-0.77,8.15,0.9,0.3399999999999999,0.4234,4.06,1.71,0.7833,0.5,0.39,0.1244,46.9,12.31,-2.95,1.87,0.23,-0.08,10.12,1.19,4.24,2.06,0.5,18.52,0.96,5.039999999999999,1.1,0.4957,18.8,-0.26,0.0165,0.26,0.4748,0.5719512192999999,0.0,12.310365163011038,1.1166008837619366,0.0,0.0,0.0,0.5
joffrey lauvergne,CHI,C,2017,2,0,25.0,1,0.0154,0.499,3.95,2.01,0.2796,1.11,0.2236999999999999,0.33,9.63,0.87,1.19,0.22,-2.7,-0.9,21.21,2.8,0.8200000000000001,0.4547,5.0600000000000005,2.34,0.7133,1.1,0.8400000000000001,0.2261,57.5,14.52,-1.8,8.53,1.11,0.6399999999999999,13.11,1.5299999999999998,5.8500000000000005,1.13,0.32,13.64,0.8500000000000001,14.77,3.91,0.5164,19.08,-0.06,0.0713999999999999,1.46,0.4881999999999999,0.444,3.0,1.3,0.0,0.7,0.182,0.0,31.9,1.7,0.0,0.0,6.1,-0.1,17.0,1.3,0.0,0.364,3.7,1.3,1.0,2.0,2.0,0.545,3.0,8.7,6.2,21.9,1.7,0.1,24.1,0.3,4.7,0.0,0.0,12.8,0.7,19.4,3.0,0.513,27.1,0.1,0.161,0.1,0.364,0.7012195124,0.0,14.528152069590394,0.957114442921938,0.042885557078062,0.16,8.8,0.030313588850174215
quinn cook,NOP,PG,2017,2,0,23.0,0,0.0002,0.55,2.9,1.6,0.423,1.9,0.394,0.8,22.8,1.9,0.0,0.0,-3.1,-1.5,3.6,0.4,0.1,0.5,4.7,2.4,0.4,0.4,0.1,0.076,14.0,13.4,-1.6,0.6,0.1,0.1,11.8,0.9,5.6,1.1,0.3,16.0,0.9,2.0,0.5,0.579,19.6,-0.1,0.047,0.2,0.583,0.55,2.9,1.6,0.423,1.9,0.394,0.8,22.8,1.9,0.0,0.0,-3.1,-1.5,3.6,0.4,0.1,0.5,4.7,2.4,0.4,0.4,0.1,0.076,14.0,13.4,-1.6,0.6,0.1,0.1,11.8,0.9,5.6,1.1,0.3,16.0,0.9,2.0,0.5,0.579,19.6,-0.1,0.047,0.2,0.583,0.170731707,0.0,13.39,1.2776811977523554,0.0,0.0,0.0,0.5
wayne selden,MEM,SG,2017,2,1,22.0,1,0.0132,0.6,2.1,1.3,0.25,2.0,0.483,0.5,8.5,0.9,0.4,0.1,-5.5,-1.0,7.2,1.1,0.2,0.431,4.1,1.8,0.636,1.6,1.0,0.379,14.0,16.9,-4.6,0.5,0.1,-0.1,6.9,1.3,5.1,1.3,0.4,15.1,0.9,3.8,1.1,0.525,15.3,-0.2,0.016,0.1,0.491,0.467,2.5,1.2,0.182,1.8,0.423,0.3,10.6,1.2,0.9,0.2,-4.9,-1.4,7.3,1.0,0.0,0.346,4.3,1.5,0.75,0.7,0.5,0.154,6.0,17.7,-3.5,3.7,0.5,-0.1,5.6,1.3,3.8,0.5,0.2,6.7,0.3,5.5,1.5,0.414,14.1,-0.1,-0.048,-0.1,0.385,0.170731707,0.0,16.85738095,1.1973616944435592,0.0,0.1,0.5999999999999996,0.3098016336056009
michael carterwilliams,CHI,PG,2017,1,0,25.0,1,0.0272,0.4276999999999999,7.81,3.4200000000000004,0.2459,1.46,0.1674,0.3399999999999999,25.44,4.15,1.95,0.59,-2.03,0.89,16.07,3.59,1.71,0.3978,9.27,3.73,0.7115,2.63,1.87,0.277,51.9,25.07,-2.93,3.16,0.72,-1.04,11.94,2.55,9.669999999999998,2.42,1.19,17.93,2.35,9.58,4.29,0.4598,22.18,0.1,0.0204,0.62,0.4185,0.4355714285714286,5.485714285714286,2.428571428571429,0.0,0.3714285714285715,0.0661428571428571,0.0,21.000000000000004,2.2285714285714286,2.157142857142857,0.4285714285714286,-5.7,0.0,8.942857142857143,1.6571428571428573,0.0571428571428571,0.4065714285714286,5.857142857142858,2.428571428571429,0.5237142857142858,1.142857142857143,0.6285714285714287,0.2347142857142857,5.285714285714287,16.65714285714286,-5.7,1.6428571428571428,0.2,-0.2285714285714286,5.714285714285714,1.5142857142857142,5.485714285714286,1.9714285714285715,0.6285714285714287,23.45714285714286,1.6285714285714286,5.142857142857143,1.8571428571428568,0.4237142857142857,20.47142857142857,-0.0714285714285714,-0.0884285714285714,-0.1,0.4065714285714286,0.6329268293,0.3,25.08279461030303,0.957114442921938,0.042885557078062,-0.1714285714285714,-3.6700000000000004,0.06337913818563402
nick collison,OKC,PF,2017,1,1,36.0,1,0.0148,0.5513,1.6700000000000002,0.87,0.0534,0.23,0.0743,0.04,11.8,0.8500000000000001,1.4700000000000002,0.22,-1.23,0.8800000000000001,17.17,1.54,0.4999999999999999,0.526,1.9,0.91,0.6599999999999999,0.5800000000000001,0.41,0.3162999999999999,40.9,10.08,-2.11,9.04,0.8899999999999999,0.38,11.0,1.47,2.3,1.0500000000000005,0.24,17.95,0.48,13.13,2.43,0.5574,10.79,0.05,0.1077999999999999,0.8800000000000001,0.5324,0.667,0.7,0.4,0.0,0.0,0.0,0.0,8.5,0.6,0.0,0.0,1.3,4.6,11.1,0.9,0.1,0.667,0.7,0.4,0.5,0.2,0.1,0.333,9.0,8.8,-3.3,4.3,0.3,0.1,9.8,1.9,1.0,5.1,0.9,12.7,0.1,7.8,1.2,0.654,4.3,0.1,0.149,0.2,0.667,0.4987804878,0.0,10.085541429248844,1.4275275697608956,0.0,0.05,2.5300000000000002,0.16114854966305303
jeff green,ORL,PF,2017,1,0,30.0,1,0.0148,0.4646,6.67,3.1,0.2984,2.95,0.3107999999999999,0.88,8.809999999999999,1.4500000000000002,1.02,0.33,-2.38,-1.01,12.81,2.89,1.44,0.412,9.62,3.98,0.8216,2.78,2.3,0.29,74.1,25.86,-1.34,3.01,0.73,0.8300000000000001,12.03,1.76,11.11,1.21,0.6,9.86,1.19,7.79,3.65,0.5123,20.59,-0.0299999999999999,0.0506999999999999,2.32,0.4579999999999999,0.4256,6.879999999999999,2.84,0.3288,1.66,0.197,0.5800000000000001,6.42,1.1,1.2600000000000002,0.38,-1.6,0.1199999999999999,12.420000000000002,3.18,0.24,0.4074,8.540000000000001,3.42,0.6984,3.48,2.3,0.4222,8.0,26.74,-1.7200000000000002,2.46,0.6200000000000001,-0.08,11.079999999999998,1.84,9.68,1.5,0.8,7.720000000000001,0.9000000000000001,7.38,3.8,0.485,18.4,0.0199999999999999,0.0503999999999999,0.1599999999999999,0.4407999999999999,0.9036585367,0.0,25.858053550334446,1.014821186917774,0.0,0.049999999999999795,0.7799999999999998,0.10042504128824974
arron afflalo,SAC,SG,2017,1,0,31.0,1,0.0148,0.4624,5.99,2.77,0.3909,3.13,0.3448,1.19,8.31,1.59,0.28,0.1,-3.17,-1.45,9.44,2.53,0.5700000000000001,0.4377,9.1,3.96,0.8666,1.79,1.5699999999999998,0.2045,67.4,29.39,-1.72,0.9,0.2,1.46,9.86,1.87,10.7,0.66,0.37,8.95,1.01,5.19,2.75,0.5454000000000001,16.37,-0.5599999999999999,0.048,2.03,0.5052,0.125,2.7,0.3,0.25,1.3,0.333,0.3,5.0,0.7,0.0,0.0,-11.8,-3.0,12.8,2.3,0.0,0.167,4.0,0.7,0.0,0.3,0.0,0.083,3.0,20.0,-8.8,0.0,0.0,-0.2,-5.0,2.0,1.7,0.0,0.0,19.4,1.0,6.3,2.3,0.201,11.8,-0.1,-0.186,-0.2,0.208,0.8219512196,0.0,29.38151568764483,1.031985447670034,0.0,0.45999999999999996,-8.63,0.029398996318265692
ramon sessions,CHO,PG,2017,1,0,30.0,1,0.0023,0.426,4.63,2.04,0.3301,1.2,0.2103999999999999,0.38,23.3,2.73,0.21,0.08,-1.83,-0.53,10.15,1.64,0.8300000000000001,0.4067,5.85,2.42,0.7661,2.79,2.1,0.4715,62.4,17.91,-1.3,1.69,0.27,0.98,13.19,1.03,7.33,1.48,0.53,13.95,1.13,5.87,1.96,0.5149999999999999,20.33,0.1199999999999999,0.069,1.81,0.4415,0.356,4.5,1.6,0.4,2.5,0.357,1.0,16.2,2.3,0.4,0.1,-3.4,-0.7,10.6,2.2,0.2,0.371,7.0,2.6,0.684,1.9,1.3,0.271,10.0,21.8,-2.6,1.0,0.2,0.1,9.6,1.4,7.5,0.9,0.4,11.3,1.0,6.0,2.4,0.479,18.0,-0.1,0.063,0.3,0.443,0.76097561,0.0,17.918404369210364,1.2764722602848857,0.0,-0.21999999999999992,-1.5699999999999998,0.16322447708268442
david west,GSW,C,2017,1,1,36.0,1,0.0148,0.5301,5.53,2.84,0.3561999999999999,0.14,0.0266,0.02,20.69,2.3200000000000003,3.5,0.7,2.59,2.79,18.92,3.09,2.28,0.5257000000000001,5.640000000000001,2.91,0.7682,1.1800000000000002,0.9000000000000001,0.2117,70.6,17.44,-0.1999999999999999,6.33,0.94,1.45,16.78,1.77,6.77,1.94,0.6199999999999999,17.43,1.1800000000000002,12.87,4.0600000000000005,0.5589999999999999,18.55,1.35,0.1508,3.78,0.5302,0.5302499999999999,3.9625,2.0125,0.5,0.2875,0.062125,0.175,17.9125,1.7999999999999998,4.1625,0.7625,3.4625,2.9625,16.675,2.3375,0.3625,0.5306249999999999,4.25,2.1875,0.69475,0.6499999999999999,0.4375,0.157125,14.375,14.725,0.5375,5.725,0.7374999999999999,0.2875,15.775,1.65,4.9875,1.6124999999999998,0.475,12.5375,0.6375,11.537499999999998,3.075,0.5619999999999999,15.4,0.2875,0.159125,0.7125,0.5463749999999999,0.8609756099000001,0.0,17.424241840209792,1.453566680475447,0.0,-1.0625,0.8725,0.1466952750065903
udonis haslem,MIA,C,2017,1,1,36.0,1,0.0148,0.4937,1.81,0.87,0.0733,0.2,0.1178,0.0,6.96,0.46,0.7,0.12,-4.17,0.47,24.69,2.04,0.42,0.4417,1.96,0.87,0.6656,0.77,0.53,0.4582,31.5,9.35,-4.609999999999999,6.460000000000001,0.56,0.08,9.25,1.27,2.27,1.67,0.29,15.35,0.42,15.66,2.59,0.4898,13.16,-0.13,0.0718,0.5,0.4448999999999999,0.533,1.7,0.9,0.0,0.0,0.0,0.0,7.2,0.4,0.9,0.1,-1.9,0.6,26.5,2.2,0.1,0.533,1.7,0.9,0.714,0.8,0.6,0.467,9.0,9.4,-2.4,16.1,1.2,0.1,11.4,1.4,2.3,0.0,0.0,27.9,0.8,21.5,3.4,0.581,14.1,0.0,0.112,0.2,0.533,0.3841463413,0.0,9.38145559155024,1.1160247389609423,0.0,0.13,2.27,0.22314540059347182
gerald green,BOS,SF,2017,1,0,31.0,1,0.0088,0.4609,3.77,1.73,0.3432,3.38,0.4713,1.14,8.760000000000002,0.83,0.94,0.18,-2.49,-1.57,12.2,1.72,0.8200000000000001,0.4053,7.1000000000000005,2.87,0.8024,1.16,0.91,0.1664,59.0,16.38,-0.89,2.72,0.35,0.34,12.06,1.44,7.85,1.0699999999999998,0.4,8.809999999999999,0.74,7.52,2.12,0.5157,22.97,-0.05,0.0536,1.19,0.4867,0.4292499999999999,2.4,1.0,0.3991249999999999,2.6375,0.4978749999999999,1.1125,5.3125,0.475,0.5125,0.1,-1.925,-0.75,12.8625,1.3624999999999998,0.075,0.4176249999999999,4.975,2.1125,0.8556250000000001,0.5875,0.4875,0.1163749999999999,12.625,12.7,-1.1749999999999996,1.6124999999999998,0.2,0.1125,10.825,1.45,5.925,1.2125,0.2375,6.675,0.3875,7.225,1.4625,0.5453749999999999,20.875,0.025,0.044875,0.1875,0.523875,0.7195121953000001,0.0,16.401281214219818,1.2223499676024772,0.0,0.07500000000000001,0.5650000000000002,0.1422999181279024
raymond felton,LAC,PG,2017,1,0,32.0,1,0.0148,0.4669999999999999,4.57,2.13,0.3029,1.95,0.2978,0.6,18.62,2.56,0.97,0.2299999999999999,-1.41,0.3399999999999999,11.16,2.15,1.4500000000000002,0.418,6.49,2.75,0.8046,1.16,0.95,0.1683,69.8,20.81,-1.77,1.8000000000000005,0.37,0.4,11.5,1.46,6.94,1.83,0.75,13.52,1.0699999999999998,6.57,2.49,0.4946,17.91,0.21,0.053,1.8,0.4631,0.4645,5.69,2.74,0.3077999999999999,1.75,0.2548,0.54,16.35,2.34,0.0,0.0,-0.25,0.38,12.13,2.21,0.02,0.4271,7.439999999999999,3.2299999999999995,0.8908,1.21,0.97,0.1657,5.6,21.77,-0.7299999999999999,1.95,0.3299999999999999,0.1,11.8,1.6,8.04,1.79,0.81,8.25,0.92,6.84,2.54,0.5047999999999999,17.700000000000003,0.08,0.0379,0.12,0.4668,0.8512195121999999,0.0,20.784529020905172,1.2620911698161308,0.0,-0.13,1.16,0.0774314840102893
jason terry,MIL,SG,2017,1,1,39.0,1,0.0148,0.474,1.3,0.6000000000000001,0.3983,3.0700000000000003,0.705,1.21,11.43,1.4500000000000002,1.01,0.22,-0.8300000000000001,0.0999999999999999,6.98,1.15,0.8700000000000001,0.421,4.369999999999999,1.81,0.822,0.47,0.37,0.1075,74.0,18.71,-0.93,1.21,0.2,1.33,9.89,1.34,5.22,1.79,0.69,12.22,0.66,4.12,1.35,0.5778,12.260000000000002,0.43,0.0754,2.22,0.5610999999999999,0.468,2.41,1.09,0.2656,2.95,0.5504,0.85,11.22,1.3199999999999998,0.97,0.18,-2.25,0.69,9.74,1.48,0.05,0.3541,5.359999999999999,1.96,0.9626,0.4599999999999999,0.44,0.0755,7.9,18.81,-2.94,2.15,0.29,0.05,7.02,1.92,5.19,1.69,0.55,9.510000000000002,0.57,5.76,1.75,0.4476,14.11,0.01,0.0235,0.1,0.4276,0.902439024,0.0,18.72697263329677,1.2344450463656351,0.0,-0.42,-1.42,0.09692467545343247
dante cunningham,NOP,PF,2017,1,1,29.0,1,0.0232,0.5481,3.25,1.74,0.3108,2.0500000000000003,0.3843999999999999,0.76,4.16,0.76,1.46,0.44,-2.14,0.08,12.78,2.87,1.25,0.4692,5.28,2.45,0.6284,0.6399999999999999,0.39,0.125,70.2,24.88,-2.2,3.69,0.8300000000000001,1.25,9.46,1.71,6.17,1.23,0.59,7.800000000000001,0.45,8.190000000000001,3.78,0.5496,10.83,-0.06,0.069,2.45,0.5392,0.818,2.8,2.3,0.0,0.0,0.0,0.0,4.1,0.5,4.6,1.0,7.7,4.3,20.3,3.5,0.0,0.818,2.8,2.3,1.0,0.8,0.8,0.273,4.0,18.8,3.4,6.1,1.0,0.3,19.8,1.8,5.3,2.1,0.8,0.0,0.0,13.4,4.5,0.852,7.5,0.2,0.193,0.3,0.818,0.8560975611,0.0,24.88690725632576,1.2776811977523554,0.0,0.26,9.84,0.04127840085718552
michael beasley,MIL,PF,2017,1,0,28.0,1,0.0148,0.5262,7.67,4.01,0.3564,0.83,0.0982,0.27,9.98,0.95,2.3200000000000003,0.5,-1.03,-0.8200000000000001,19.36,3.04,0.69,0.5094000000000001,8.5,4.33,0.7581,1.92,1.43,0.2258,38.8,18.009999999999998,-0.18,5.720000000000001,0.8999999999999999,0.46,17.770000000000003,1.96,10.3,1.52,0.55,12.07,1.26,12.59,3.91,0.5556999999999999,26.4,0.18,0.0829999999999999,1.18,0.5263,0.354375,5.375,2.125,0.4998749999999999,1.2625,0.205,0.65,5.6625,0.4125,1.25,0.1875,-4.15,-1.4874999999999998,20.7375,2.3999999999999995,0.0625,0.3979999999999999,6.574999999999999,2.775,0.3213749999999999,1.15,0.4499999999999999,0.182,4.375,13.5,-2.6625,4.8125,0.6125,-0.125,8.024999999999999,1.85,6.5875,0.9125,0.2625,9.9375,0.8374999999999999,12.2375,3.0125,0.443125,25.55,-0.0625,-0.04625,-0.0625,0.453125,0.4731707316,0.0,17.989258333833334,1.2344450463656351,0.0,-0.2425,-3.12,0.07793423636983812
luc mbah a moute,LAC,SF,2017,1,0,30.0,1,0.0148,0.5085,3.66,1.84,0.3544,1.4500000000000002,0.267,0.49,4.5,0.6900000000000001,1.34,0.35,-1.44,0.81,9.59,1.99,1.69,0.4677,5.09,2.33,0.6146,1.27,0.75,0.2487,75.9,21.97,-2.3,3.84,0.78,0.53,9.41,1.46,5.96,2.08,0.92,11.3,0.75,6.700000000000001,2.72,0.5331,12.28,0.26,0.0650999999999999,2.25,0.5154000000000001,0.527625,2.8875,1.3625,0.195625,1.4375,0.2324999999999999,0.4375,3.55,0.7,1.0625,0.375,-0.0874999999999998,1.9875,12.9125,2.85,0.225,0.497,4.2625,1.8,0.8125,1.8875,1.325,0.35325,6.25,25.85,-2.0125,4.4125,1.025,0.125,8.7,2.1125,5.425,1.9375,0.9125,12.325,0.4,8.549999999999999,3.875,0.582125,9.175,0.125,0.089,0.35,0.53325,0.925609756,0.0,21.985773614179102,1.2620911698161308,0.0,-0.135,1.3525,0.08832965982180713
marreese speights,LAC,C,2017,1,0,29.0,1,0.0148,0.4913,4.96,2.39,0.3577,2.01,0.2989,0.76,9.4,0.8200000000000001,2.62,0.48,-1.1900000000000002,-0.82,21.73,3.0,1.5699999999999998,0.4505,6.94,3.1500000000000004,0.8541,1.79,1.54,0.2552,77.8,14.51,-0.42,9.15,1.16,1.84,17.78,2.38,8.559999999999999,0.94,0.3,10.59,0.8900000000000001,15.65,4.1,0.5529999999999999,26.53,0.33,0.1397,3.4400000000000004,0.5061,0.443,2.97,1.29,0.3006999999999999,1.99,0.3797,0.74,7.479999999999999,0.43,3.13,0.35,-1.41,-0.5,19.93,1.7999999999999998,0.15,0.3995999999999999,4.96,2.0,0.7021999999999999,1.39,0.98,0.2853,12.7,10.86,-0.91,7.649999999999999,0.64,0.0,14.45,1.77,5.72,1.38,0.26,8.879999999999999,0.52,13.73,2.47,0.5069,27.87,0.0,0.0719,0.16,0.4699,0.9487804876,0.0,14.48521568022732,1.2620911698161308,0.0,-0.33,-0.21999999999999975,0.10887432901799811
aaron brooks,IND,PG,2017,1,0,32.0,1,0.0148,0.4294,3.75,1.63,0.372,2.5700000000000003,0.4083,0.95,22.99,2.37,0.78,0.12,-2.79,-1.21,6.9,1.08,0.76,0.406,6.34,2.6,0.7964,0.99,0.8200000000000001,0.1499,69.6,16.33,-1.53,2.13,0.32,0.3,11.17,1.7299999999999998,6.949999999999999,1.42,0.46,15.84,1.24,4.55,1.4,0.5085,21.47,-0.16,0.0366,1.08,0.4818,0.371,2.9,1.1,0.308,2.2,0.426,0.7,14.9,0.9,0.6,0.1,-6.6,-2.2,12.2,1.3,0.2,0.344,5.1,1.8,0.571,0.6,0.3,0.115,12.0,11.0,-4.4,2.5,0.3,-0.2,6.8,1.3,4.5,1.2,0.3,12.3,0.8,7.5,1.5,0.421,25.2,-0.1,-0.029,-0.1,0.41,0.848780488,0.0,16.287607294763845,0.994890422017569,0.0051095779824309,0.06,-3.8099999999999996,0.10405433528198726
javale mcgee,GSW,C,2017,1,1,29.0,1,0.0148,0.6091,3.9,2.4000000000000004,0.0,0.0,0.0066,0.0,2.75,0.15,6.54,0.8700000000000001,-0.0499999999999999,0.0,20.94,2.05,0.96,0.6049,3.9,2.4000000000000004,0.5359,1.31,0.7,0.3383,53.3,10.29,-0.08,14.15,1.29,1.2,21.45,1.38,5.5,0.89,0.15,11.81,0.5900000000000001,17.54,3.31,0.6066,22.01,0.31,0.1704999999999999,2.16,0.6049,0.645,2.5625,1.8125,0.0,0.0,0.0,0.0,2.6875,0.1875,5.125,0.5625,-3.0124999999999997,0.2000000000000001,14.2625,1.1875,0.1875,0.645,2.5625,1.8125,0.576125,1.8125,0.875,1.3256249999999998,10.75,8.4375,-3.2124999999999995,16.6875,1.25,0.3375,16.625,1.75,4.4375,1.7625,0.2499999999999999,21.675,0.8749999999999999,15.5625,2.4375,0.6259999999999999,22.425,0.125,0.071875,0.525,0.645,0.6499999998,0.0,10.288409306585011,1.453566680475447,0.0,-0.185,-2.9625,0.14190986178932863
derrick rose,NYK,PG,2017,1,0,28.0,1,0.0029,0.4712,13.45,6.35,0.2524,2.2,0.1384,0.61,25.19,4.59,0.66,0.27,-1.37,-2.01,9.03,2.71,0.8999999999999999,0.4446,15.7,6.960000000000001,0.8374999999999999,3.5500000000000003,3.01,0.2256,62.0,31.79,0.6400000000000001,2.94,0.85,0.96,15.7,1.28,17.46,1.12,0.7,12.95,2.6,6.0200000000000005,3.56,0.5073000000000001,27.38,0.28,0.0443,1.86,0.4629,0.414,14.1,5.8,0.348,5.5,0.281,1.9,33.5,6.5,1.1,0.5,1.8,-0.8,10.7,3.8,0.6,0.396,19.6,7.8,0.897,3.3,2.9,0.166,12.0,37.8,2.6,3.2,1.1,0.3,16.8,1.8,20.3,1.6,1.2,13.1,3.2,7.0,4.8,0.484,29.1,0.4,0.088,0.8,0.445,0.7560975612,0.5,31.79753618424688,1.1090060439968985,0.0,0.12,3.17,0.187083948560163
luke babbitt,MIA,SF,2017,1,0,27.0,0,0.0148,0.3987,1.88,0.81,0.4307999999999999,2.6,0.6064,1.1,6.14,0.66,0.81,0.17,-1.83,-0.56,14.46,2.05,0.69,0.4234,4.48,1.93,0.7373000000000001,0.49,0.38,0.0982,60.7,15.89,-1.3,1.88,0.29,0.8600000000000001,9.85,1.62,5.32,0.8500000000000001,0.27,8.370000000000001,0.43,8.08,2.34,0.5670999999999999,14.23,0.03,0.0781,1.5500000000000005,0.5545,0.3987,1.88,0.81,0.4307999999999999,2.6,0.6064,1.1,6.14,0.66,0.81,0.17,-1.83,-0.56,14.46,2.05,0.69,0.4234,4.48,1.93,0.7373000000000001,0.49,0.38,0.0982,60.7,15.89,-1.3,1.88,0.29,0.8600000000000001,9.85,1.62,5.32,0.8500000000000001,0.27,8.370000000000001,0.43,8.08,2.34,0.5670999999999999,14.23,0.03,0.0781,1.5500000000000005,0.5545,0.7402439027000001,0.0,15.858143992535414,1.1160247389609423,0.0,0.0,0.0,0.5
mike scott,ATL,PF,2017,1,0,28.0,1,0.0148,0.4633,2.53,1.2,0.2604,1.94,0.4397999999999999,0.54,11.58,0.97,1.05,0.16,-2.88,-0.5700000000000001,14.8,1.81,0.7699999999999999,0.3732,4.49,1.74,0.8341000000000001,0.66,0.5900000000000001,0.1524,45.1,13.29,-2.26,5.35,0.6499999999999999,0.68,10.170000000000002,1.0099999999999998,4.67,1.05,0.27,9.95,0.5,10.16,2.4400000000000004,0.4611,17.4,0.16,0.0556,1.45,0.4296999999999999,0.6592,2.48,1.62,0.3616,1.92,0.4292,0.64,4.96,0.5,1.02,0.18,-0.8199999999999998,0.1999999999999999,17.799999999999997,2.7,0.2,0.5278,4.4,2.26,0.925,0.64,0.5800000000000001,0.1492,10.4,15.9,-1.02,6.1,0.9000000000000001,0.1399999999999999,12.9,1.8,5.7,1.14,0.38,13.7,0.72,12.14,3.6,0.6242,15.34,0.0799999999999999,0.1066,0.3399999999999999,0.6022000000000001,0.5499999999,0.0,13.303464140006534,1.063365911432608,0.0,-0.0800000000000001,2.06,0.2162306355501681
ian clark,GSW,SG,2017,1,0,25.0,1,0.0148,0.5,2.45,1.28,0.3607,1.64,0.4218,0.61,12.13,0.98,1.05,0.13,-1.92,-0.37,8.83,0.97,0.87,0.4448,4.09,1.86,0.8267,0.61,0.48,0.1502,64.3,11.32,-1.55,2.41,0.2299999999999999,0.59,11.76,0.91,4.859999999999999,1.75,0.4,12.94,0.62,5.75,1.2000000000000002,0.5473,18.8,0.05,0.082,1.46,0.5207,0.606625,2.5125,1.5499999999999998,0.3505,1.85,0.4125,0.65,10.55,0.8125,0.0,0.0,-0.5625,0.3374999999999999,10.2125,1.2125,0.2625,0.500375,4.3,2.1625,0.888125,0.9125,0.8125,0.20525,16.0,12.1625,-0.8999999999999999,1.8375,0.225,0.2625,13.7125,1.1,5.7875,1.7875,0.4375,12.162499999999998,0.6625,6.25,1.4125,0.609375,19.025,0.1,0.1171249999999999,0.525,0.5732499999999999,0.7841463415000001,0.0,11.289401154623375,1.453566680475447,0.0,0.05,1.3575,0.21095399771918186
jordan mickey,BOS,PF,2017,1,0,22.0,1,0.0148,0.420875,1.3375,0.5625,0.0,0.0,0.018125,0.0,5.4125,0.225,7.849999999999999,0.3874999999999999,-3.5,-0.0875,15.2375,0.65,0.1625,0.4121249999999999,1.4,0.5625,0.5443749999999999,0.6,0.3,0.428125,21.625,4.85,-3.4125,10.625,0.4625,-0.0625,11.8625,0.425,1.4249999999999998,0.6875,0.0625,12.7875,0.2875,12.912499999999998,1.175,0.4448749999999999,17.375,-0.0625,0.048,0.1,0.4121249999999999,0.4375,2.3125,1.0,0.0,0.0,0.0,0.0,14.924999999999995,0.3749999999999999,6.3375,0.5,-2.312500000000001,0.8124999999999998,25.225,1.75,0.0,0.4375,2.3125,1.0,0.0,0.0,0.0,0.0,2.0,7.5,-3.1250000000000004,3.675,0.1874999999999999,-0.0625,10.1625,0.9375,2.0,0.0,0.0,10.4375,0.3125,14.0875,1.9375,0.4375,15.8875,0.0,0.0277499999999999,0.0,0.4375,0.26371951225,0.0,4.865908854921875,1.2223499676024772,0.0,0.0625,1.1874999999999991,0.12512382044731765
chris paul,HOU,PG,2018,4,1,32.0,1,0.35,0.5216000000000001,8.09,4.19,0.3875,5.63,0.412,2.17,45.03,8.71,0.47,0.17,7.739999999999999,2.05,15.25,4.43,2.83,0.4652,13.79,6.38,0.9063,4.07,3.69,0.2966,62.1,31.89,5.67,2.23,0.61,7.96,25.3,2.42,18.630000000000003,2.85,1.87,13.13,2.34,8.79,5.04,0.6012,24.99,4.86,0.2623,10.82,0.5449,0.5311,12.22,6.54,0.3574,5.92,0.3294,2.15,40.97,7.33,0.47,0.18,9.22,2.92,15.259999999999998,4.57,0.51,0.4757,18.14,8.690000000000001,0.8787,3.92,3.4399999999999995,0.2156,10.4,34.64,6.32,2.16,0.6799999999999999,1.14,26.380000000000003,3.17,22.9,2.9400000000000004,1.97,8.86,1.96,8.59,5.25,0.5751,28.89,0.89,0.2347,1.6,0.5351000000000001,0.7573170730000001,0.7,31.906448770188533,1.3005155460022404,0.0,-3.97,1.4800000000000013,0.15391444592790388
lebron james,CLE,PF,2018,4,0,33.0,1,0.35,0.5993999999999999,14.18,8.51,0.3541999999999999,4.62,0.2445,1.63,41.79,8.52,1.69,0.75,8.43,1.46,21.12,7.140000000000001,3.2,0.5394000000000001,18.83,10.16,0.7139,6.71,4.73,0.3559,78.4,36.91,6.970000000000001,3.99,1.29,10.36,27.9,1.77,26.73,1.83,1.34,15.52,3.99,12.69,8.36,0.6138,31.08,7.609999999999999,0.2252,13.59,0.5833999999999999,0.6013,16.7,10.01,0.3623,5.27,0.2407,1.92,40.66,8.36,2.5700000000000003,1.15,11.49,2.6500000000000004,22.11,7.779999999999999,1.13,0.544,21.97,11.96,0.7146,8.73,6.27,0.395,20.6,41.16,8.84,4.1,1.43,3.7,31.130000000000003,2.44,32.099999999999994,2.18,1.7299999999999998,13.6,4.07,13.170000000000002,9.18,0.6212,33.120000000000005,2.9000000000000004,0.2718,4.83,0.5879,0.9560975608,0.0,36.90590517409014,1.248320264801752,0.0,-4.709999999999999,3.0600000000000005,0.2266107909900471
nikola jokic,DEN,C,2018,5,1,22.0,0,0.25,0.5656,9.09,5.16,0.3618,2.64,0.2154,1.01,27.06,5.0,2.14,0.76,6.42,1.48,27.05,7.06,2.49,0.5253,11.76,6.15,0.8347,3.51,2.91,0.2985,75.4,29.01,4.94,10.26,2.63,7.109999999999999,24.39,2.79,16.259999999999998,1.81,1.04,14.95,2.35,18.68,9.69,0.6099,23.13,4.71,0.2108999999999999,9.6,0.5655,0.5656,9.09,5.16,0.3618,2.64,0.2154,1.01,27.06,5.0,2.14,0.76,6.42,1.48,27.05,7.06,2.49,0.5253,11.76,6.15,0.8347,3.51,2.91,0.2985,75.4,29.01,4.94,10.26,2.63,7.109999999999999,24.39,2.79,16.259999999999998,1.81,1.04,14.95,2.35,18.68,9.69,0.6099,23.13,4.71,0.2108999999999999,9.6,0.5655,0.9195121948,0.0,28.988971860194063,1.2021894583875754,0.0,0.0,0.0,0.5
paul george,OKC,SF,2018,4,1,27.0,1,0.3,0.4667,10.25,4.79,0.3926,7.23,0.4155999999999999,2.85,16.14,3.46,1.03,0.45,3.3600000000000003,0.5700000000000001,16.56,5.290000000000001,3.84,0.4369,17.48,7.640000000000001,0.8524,5.4,4.619999999999999,0.3094,78.2,36.03,2.79,2.72,0.89,4.55,19.59,2.8200000000000003,22.68,2.6,1.86,12.63,2.88,9.57,6.23,0.5725,27.6,3.8,0.1427,8.42,0.5186999999999999,0.4199,11.38,4.78,0.3949999999999999,8.719999999999999,0.4296,3.47,17.83,4.4,1.38,0.6399999999999999,4.0,0.3900000000000001,16.310000000000002,6.16,0.28,0.4108,20.12,8.25,0.8812,7.07,6.29,0.3563,5.6,41.66,3.61,2.67,1.0,0.34,19.1,3.07,26.21,1.99,1.59,13.56,3.65,9.59,7.16,0.5648,28.700000000000003,0.33,0.1185999999999999,0.5700000000000001,0.4963,0.9536585364,0.0,36.013528119461164,1.4882157871898116,0.0,-3.4699999999999998,0.6399999999999997,0.07646938123967087
aaron gordon,ORL,PF,2018,4,1,22.0,0,0.2119,0.5131000000000001,7.87,4.05,0.3136,4.3,0.3392,1.4,11.06,2.04,1.85,0.69,0.05,-0.49,19.24,5.18,1.95,0.4478,12.170000000000002,5.42,0.6982999999999999,3.26,2.29,0.2719,68.6,29.84,0.54,5.89,1.6,1.6900000000000002,16.0,2.01,14.45,1.49,0.9,9.35,1.39,12.5,6.78,0.5322,21.84,1.01,0.0869,3.640000000000001,0.5015000000000001,0.5131000000000001,7.87,4.05,0.3136,4.3,0.3392,1.4,11.06,2.04,1.85,0.69,0.05,-0.49,19.24,5.18,1.95,0.4478,12.170000000000002,5.42,0.6982999999999999,3.26,2.29,0.2719,68.6,29.84,0.54,5.89,1.6,1.6900000000000002,16.0,2.01,14.45,1.49,0.9,9.35,1.39,12.5,6.78,0.5322,21.84,1.01,0.0869,3.640000000000001,0.5015000000000001,0.8365853657,0.0,29.852171355437665,1.1883880597014926,0.0,0.0,0.0,0.5
zach lavine,CHI,SG,2018,4,1,22.0,0,0.1914,0.4534,8.959999999999999,4.03,0.3644,5.31,0.3701,1.98,16.8,3.02,0.52,0.2,-1.42,-1.49,12.07,3.15,0.51,0.4196,14.27,5.98,0.8159,3.65,2.95,0.252,42.5,30.410000000000004,0.0899999999999999,1.34,0.38,1.11,14.54,2.29,16.82,1.56,0.93,10.4,1.82,6.6,3.53,0.5319,25.96,0.28,0.0479,1.5699999999999998,0.4874,0.4534,8.959999999999999,4.03,0.3644,5.31,0.3701,1.98,16.8,3.02,0.52,0.2,-1.42,-1.49,12.07,3.15,0.51,0.4196,14.27,5.98,0.8159,3.65,2.95,0.252,42.5,30.410000000000004,0.0899999999999999,1.34,0.38,1.11,14.54,2.29,16.82,1.56,0.93,10.4,1.82,6.6,3.53,0.5319,25.96,0.28,0.0479,1.5699999999999998,0.4874,0.5182926831,0.8,30.42907514334566,1.130393509127789,0.0,0.0,0.0,0.5
kevin durant,GSW,SF,2018,2,1,29.0,1,0.2945,0.5787,11.9,6.87,0.3994,5.89,0.3298,2.34,24.52,5.140000000000001,3.64,1.62,8.3,1.28,21.19,7.0,3.35,0.5201,17.79,9.26,0.8866,6.19,5.51,0.3499,67.0,34.28,7.04,1.86,0.55,8.35,26.92,1.95,26.37,1.21,0.88,12.27,2.8600000000000003,12.16,7.529999999999999,0.6421,29.66,6.02,0.2449,11.7,0.5858,0.558,13.98,7.77,0.3595,6.23,0.3087999999999999,2.1900000000000004,19.18,4.3,2.65,1.19,7.57,0.9,19.03,6.9,1.08,0.4963,20.24,9.96,0.8964,7.29,6.52,0.3615,18.6,37.91,6.67,2.4000000000000004,0.77,2.25,24.86,2.2,28.73,1.04,0.79,10.21,2.67,11.11,7.689999999999999,0.6163000000000001,30.21,1.7,0.2285,3.33,0.5522,0.8170731708000001,0.0,34.274213288003374,1.5600277617995215,0.0,-4.319999999999999,-0.7300000000000004,0.23489432976468788
will barton,DEN,SG,2018,4,1,27.0,0,0.1161,0.4951,7.51,3.71,0.365,4.57,0.3776,1.68,17.439999999999998,3.57,1.4500000000000002,0.55,0.77,-0.5800000000000001,14.97,4.140000000000001,1.52,0.4453,12.08,5.359999999999999,0.7896000000000001,3.02,2.34,0.2501,74.9,30.81,1.4,3.18,0.8899999999999999,3.43,15.95,1.95,14.84,1.47,0.92,11.54,1.7200000000000002,9.06,4.949999999999999,0.5521,21.28,1.69,0.101,4.95,0.5142,0.4951,7.51,3.71,0.365,4.57,0.3776,1.68,17.439999999999998,3.57,1.4500000000000002,0.55,0.77,-0.5800000000000001,14.97,4.140000000000001,1.52,0.4453,12.08,5.359999999999999,0.7896000000000001,3.02,2.34,0.2501,74.9,30.81,1.4,3.18,0.8899999999999999,3.43,15.95,1.95,14.84,1.47,0.92,11.54,1.7200000000000002,9.06,4.949999999999999,0.5521,21.28,1.69,0.101,4.95,0.5142,0.9134146341,0.0,30.82633563135652,1.2021894583875754,0.0,0.0,0.0,0.5
marcus smart,BOS,SG,2018,4,1,23.0,1,0.1144999999999999,0.4259,4.98,2.1100000000000003,0.286,4.359999999999999,0.4656,1.26,21.61,4.38,1.12,0.38,-1.19,0.92,10.34,2.8,2.54,0.3608,9.34,3.37,0.7635000000000001,2.75,2.1,0.292,62.9,29.53,-2.06,3.5700000000000003,0.94,-0.0499999999999999,11.26,2.5700000000000003,10.1,2.42,1.4300000000000002,16.22,2.06,6.95,3.76,0.4779,18.82,0.35,0.0638,2.49,0.4276,0.3871,4.46,1.7600000000000002,0.2984,4.54,0.5081,1.34,23.700000000000003,4.66,2.24,0.78,0.2,2.02,11.9,3.06,0.58,0.3467,8.97,3.12,0.7215,3.19,2.3,0.3534,14.1,30.36,-1.82,4.01,1.1,-0.15,11.81,2.85,9.88,2.78,1.64,18.39,2.33,7.85,4.16,0.4766,18.98,0.23,0.0494,0.41,0.4233,0.7670731705,0.0,29.516788656913988,1.2997381752495132,0.0,-0.11999999999999997,1.39,0.18729974408371336
jusuf nurkic,POR,C,2018,4,1,23.0,1,0.1213,0.491,9.91,4.95,0.0,0.07,0.0065,0.0,12.48,1.73,4.71,1.31,-0.85,0.8400000000000001,25.43,5.42,2.67,0.488,9.98,4.95,0.6094999999999999,3.33,2.02,0.3431999999999999,65.4,23.04,-1.6900000000000002,11.27,2.3200000000000003,0.36,18.03,2.8600000000000003,11.85,1.73,0.8,16.1,2.15,18.37,7.76,0.5144,25.81,0.65,0.0806,3.03,0.488,0.487,9.8,4.8,0.0,0.0,0.0,0.0,6.5,1.0,4.3,1.3,2.0,0.7,25.7,5.0,0.1,0.487,9.8,4.8,0.818,2.8,2.3,0.282,4.0,23.5,1.2,13.0,3.0,0.2,23.0,3.5,11.8,3.1,1.5,6.4,0.8,18.8,8.0,0.536,21.3,0.1,0.16,0.3,0.487,0.7975609754999999,0.0,23.055012518257055,1.3431424823145934,0.0,-0.55,2.85,0.05872005277308572
derrick favors,UTA,C,2018,2,1,26.0,1,0.1659,0.5488999999999999,9.18,4.99,0.201,0.48,0.0532,0.13,8.05,1.2800000000000002,3.1900000000000004,1.09,1.38,0.95,19.23,4.67,3.09,0.5306,9.66,5.119999999999999,0.6518,2.88,1.87,0.2939,65.9,27.51,0.51,10.06,2.38,3.16,18.46,2.16,12.28,1.65,0.86,10.39,1.25,14.73,7.050000000000001,0.5603,20.24,1.65,0.1568,6.23,0.5365,0.6147499999999999,5.6625,3.4875,0.25,0.3125,0.04625,0.125,7.2875,1.0875,3.025,0.8125,2.8625,1.9375,17.85,3.6625,0.3625,0.6041249999999999,5.975,3.6125,0.4823749999999999,2.6625,1.3125,0.4422499999999999,11.0,23.9375,0.925,7.625,1.65,0.4625,16.625,1.7999999999999998,8.625,1.5875,0.7,8.737499999999999,0.7125,12.6875,5.3125,0.6018749999999999,14.975,0.3625,0.1456249999999999,0.825,0.612875,0.8036585366,0.2,27.494222442050276,1.1588897096666768,0.0,-1.2874999999999999,1.4825,0.12682293290961485
kyle anderson,SAS,SF,2018,4,0,24.0,1,0.0848,0.5142,3.9,2.1,0.3438,0.68,0.1473,0.25,13.81,2.06,2.24,0.6000000000000001,2.27,3.23,18.380000000000003,3.38,3.06,0.4906,4.58,2.3,0.7421,1.46,1.04,0.3046,74.2,20.81,-0.96,3.94,0.76,1.5499999999999998,14.28,1.26,5.87,2.7,1.17,15.21,0.96,11.239999999999998,4.19,0.5541,13.26,1.72,0.1402,4.61,0.5164,0.6219,3.12,2.0,0.1566,0.67,0.1708,0.08,11.19,0.95,1.26,0.19,3.01,3.24,16.67,1.93,0.15,0.5328999999999999,3.79,2.08,0.7645,0.75,0.5700000000000001,0.2076,9.0,13.78,-0.25,6.02,0.78,0.18,16.77,1.37,4.8100000000000005,3.3600000000000003,0.93,11.31,0.53,11.27,2.71,0.5729,15.23,0.1699999999999999,0.1321,0.36,0.5438,0.9048780484,0.0,20.810347758653847,1.2728721201295752,0.0,-1.55,0.7399999999999998,0.07434708012963082
jerami grant,OKC,PF,2018,3,1,23.0,1,0.085,0.5561,4.140000000000001,2.28,0.3047999999999999,1.5299999999999998,0.2754999999999999,0.45,5.89,0.89,4.27,1.12,-0.58,0.47,14.64,2.76,1.81,0.4902,5.59,2.73,0.6527000000000001,2.88,1.89,0.505,79.9,21.24,-1.05,4.609999999999999,0.96,2.18,13.65,2.08,7.79,1.04,0.46,10.01,0.8099999999999999,9.47,3.67,0.5715,15.23,0.61,0.1153,3.99,0.5333,0.625625,4.6875,2.9624999999999995,0.2811249999999999,1.2625,0.2158749999999999,0.3375,6.574999999999999,0.925,1.95,0.4625,-0.6625000000000001,-0.2375,10.525,2.15,0.0625,0.551125,5.949999999999999,3.3,0.60575,1.65,0.95,0.281,5.625,22.2,-0.4250000000000001,6.4,1.3375,0.175,13.1375,2.0875,7.949999999999999,1.0875,0.5125,11.225,0.85,8.3875,3.4875,0.590625,14.8,0.0375,0.0915,0.2375,0.58125,0.9743902438,0.0,21.275711786619567,1.4882157871898116,0.0,-0.5725,-0.08250000000000013,0.06853916488423674
avery bradley,LAC,SG,2018,2,1,27.0,1,0.1177999999999999,0.4701999999999999,8.95,4.199999999999999,0.3737,4.78,0.3494,1.78,10.46,2.08,0.52,0.22,-2.2,-0.59,9.97,2.93,1.7599999999999998,0.4353,13.71,5.95,0.7593000000000001,1.73,1.3199999999999998,0.1257,54.7,32.3,-1.58,2.45,0.73,0.03,11.760000000000002,2.22,15.08,1.88,1.21,11.4,1.86,6.199999999999999,3.66,0.52,22.28,0.0999999999999999,0.0387999999999999,1.7899999999999998,0.5009,0.506,8.8,4.4,0.351,6.3,0.419,2.2,10.4,2.3,0.4,0.2,-2.1,-1.6,10.0,2.9,0.3,0.441,15.1,6.7,0.778,1.5,1.2,0.099,18.0,35.8,-0.5,3.2,1.0,-0.1,12.0,2.2,16.7,1.8,1.3,9.8,1.7,6.4,3.9,0.53,22.1,0.0,0.016,0.2,0.515,0.6670731706999999,0.7,32.25716568804868,1.196559797362074,0.0,-0.0999999999999999,0.10000000000000009,0.26725171179615215
deandre jordan,LAC,C,2018,1,0,29.0,1,0.2248,0.6784,7.2,4.85,0.0,0.0,0.0013,0.0,6.32,1.35,3.5700000000000003,1.42,2.25,0.38,35.72,10.54,4.18,0.6773,7.2,4.85,0.5206,5.21,2.6500000000000004,0.7349,78.2,32.0,1.9,13.82,3.96,6.36,20.76,2.62,12.35,0.9,0.57,14.4,1.6,24.95,14.5,0.6515,15.27,2.74,0.2019,10.54,0.6773,0.683,7.68,5.26,0.0,0.06,0.0096,0.0,5.32,1.14,4.04,1.62,2.54,0.98,36.08,11.06,0.44,0.6758,7.74,5.26,0.385,8.72,3.34,1.172,6.6000000000000005,35.82,1.56,13.06,4.16,0.34,19.980000000000004,3.579999999999999,13.92,1.08,0.72,13.920000000000002,1.92,24.380000000000003,15.16,0.5974,17.619999999999997,0.28,0.1692,0.8200000000000001,0.6758,0.9536585364,0.0,32.00347499100529,1.196559797362074,0.0,-2.46,0.29000000000000004,0.08631917780409902
doug mcdermott,DAL,SF,2018,3,0,26.0,1,0.072,0.4931,4.08,2.0,0.409,2.95,0.4185999999999999,1.19,6.02,0.91,0.53,0.15,-2.37,-1.4500000000000002,10.31,2.12,0.74,0.458,7.0,3.1900000000000004,0.8199000000000001,1.09,0.91,0.1562,76.5,22.340000000000003,-0.97,2.09,0.44,1.75,10.59,1.4300000000000002,8.48,0.45,0.2,8.07,0.6699999999999999,6.17,2.54,0.5679000000000001,15.88,-0.16,0.071,2.49,0.5431,0.4,1.0,0.4,0.538,2.6,0.722,1.4,2.3,0.2,1.5,0.2,1.3,-0.6,8.7,1.0,0.0,0.5,3.6,1.8,0.0,0.0,0.0,0.0,5.0,13.2,1.9,0.0,0.0,0.1,12.1,0.4,5.0,0.7,0.2,5.3,0.2,4.1,1.0,0.694,12.3,0.1,0.091,0.1,0.694,0.9329268293,0.5,22.3608688774972,0.8856332939763656,0.1143667060236344,0.26,3.67,0.03718288911048388
nemanja bjelica,MIN,PF,2018,3,0,29.0,1,0.0638,0.5246,2.6,1.35,0.3791,2.58,0.502,0.98,9.51,1.29,1.24,0.27,-0.57,0.2,18.42,3.06,0.94,0.4513,5.18,2.35,0.7668,0.8,0.6,0.1586,65.0,19.32,-0.7700000000000001,4.93,0.8300000000000001,1.31,11.84,2.29,6.279999999999999,1.65,0.61,12.93,0.8300000000000001,11.63,3.89,0.5670999999999999,14.63,0.4399999999999999,0.0836,2.23,0.5464,0.333,1.8,0.6,0.571,1.4,0.438,0.8,9.9,0.6,0.0,0.0,8.7,3.4,24.6,2.2,0.0,0.438,3.2,1.4,0.714,1.4,1.0,0.438,5.0,9.4,5.3,9.5,0.8,0.1,21.6,1.2,4.6,3.2,0.6,5.0,0.2,17.3,3.0,0.603,19.5,0.1,0.195,0.2,0.563,0.792682927,0.3,19.30437934325679,1.229780801872988,0.0,-0.33999999999999986,9.27,0.03607614369051274
jabari parker,MIL,PF,2018,1,0,22.0,1,0.1963,0.5149,10.08,5.19,0.3524,2.45,0.1955,0.91,12.62,2.13,1.13,0.35,-0.5900000000000001,-1.59,15.82,3.85,0.99,0.4866,12.51,6.1,0.747,2.74,2.07,0.2127,46.0,28.51,1.0,6.1,1.47,1.56,17.240000000000002,1.86,15.150000000000002,1.6,0.88,10.47,1.59,11.01,5.35,0.5509,24.33,0.4599999999999999,0.088,2.52,0.5231,0.512,6.1,3.1,0.316,2.7,0.306,0.9,9.4,1.4,2.1,0.6,-0.2,-0.6,23.4,5.0,0.2,0.452,8.9,4.0,0.615,1.9,1.1,0.21,7.0,23.9,0.3,6.1,1.1,0.1,15.9,2.1,10.0,2.2,1.0,8.1,0.9,15.4,6.1,0.517,21.5,0.1,0.091,0.3,0.5,0.5609756096,0.3,28.48058917803855,1.2504745138405335,0.0,-0.3599999999999999,0.39000000000000007,0.11313532960047606
fred vanvleet,TOR,PG,2018,2,1,23.0,1,0.085,0.401,3.1375,1.3,0.400875,2.425,0.39725,0.9875,20.8125,2.3375,0.9625,0.225,0.7125000000000001,1.225,12.662499999999998,1.6875,1.4,0.397875,5.625,2.35,0.8267499999999999,1.0375,0.875,0.189875,61.375,15.4625,-0.4749999999999998,1.75,0.225,1.65,13.875,1.4375,6.4625,2.425,0.7125,11.1625,0.775,7.2875,1.9125,0.513625,19.6625,1.0625,0.108125,3.0125,0.4785,0.6593749999999999,1.35,0.725,0.32875,3.2,0.65725,0.925,20.1625,1.6,0.0,0.0,-0.6125000000000003,-1.1625,8.4125,1.1,-0.0625,0.45825,4.55,1.7125,0.546875,0.8125,0.75,0.128125,6.375,13.4125,0.5874999999999997,0.0,0.0,0.0375,12.525,0.9625,5.0,0.6749999999999999,0.0375,9.125,0.475,4.1625,1.1,0.593,17.6375,-0.025,0.0761249999999999,0.0375,0.5642499999999999,0.7484756095,0.0,15.478530476751423,1.5105792336491983,0.0,-1.0875,-1.3250000000000004,0.08265190533009108
julius randle,LAL,C,2018,2,0,23.0,0,0.0848,0.5267999999999999,10.11,5.33,0.2476,0.6000000000000001,0.0582,0.13,15.89,2.74,1.47,0.48,-0.6100000000000001,-0.35,25.54,6.5,2.13,0.5112000000000001,10.68,5.46,0.7189,4.4,3.17,0.4091,79.4,27.630000000000003,-0.26,8.23,2.12,2.54,17.619999999999997,3.27,14.27,1.02,0.6,15.71,2.35,16.74,8.62,0.5623,23.31,0.74,0.1035,4.67,0.5182,0.5267999999999999,10.11,5.33,0.2476,0.6000000000000001,0.0582,0.13,15.89,2.74,1.47,0.48,-0.6100000000000001,-0.35,25.54,6.5,2.13,0.5112000000000001,10.68,5.46,0.7189,4.4,3.17,0.4091,79.4,27.630000000000003,-0.26,8.23,2.12,2.54,17.619999999999997,3.27,14.27,1.02,0.6,15.71,2.35,16.74,8.62,0.5623,23.31,0.74,0.1035,4.67,0.5182,0.9682926828,0.0,27.64460165192917,1.0629781922032835,0.0,0.0,0.0,0.5
joe harris,BRK,SG,2018,2,1,26.0,0,0.0818,0.5515,3.1375,1.7374999999999998,0.4062499999999999,4.4875,0.5887499999999999,1.7875,9.1125,1.375,0.6875,0.2625,-1.2499999999999998,-0.7124999999999999,11.5625,2.625,0.7875,0.4662499999999999,7.625,3.5625,0.7846249999999999,1.15,0.95,0.155,68.25,24.025,-0.5374999999999999,2.25,0.5499999999999999,1.9125,11.6875,2.1125,9.825,1.0125,0.475,12.1875,1.1625,6.924999999999999,3.1125,0.6054999999999999,16.5625,0.475,0.072625,2.8,0.586125,0.5515,3.1375,1.7374999999999998,0.4062499999999999,4.4875,0.5887499999999999,1.7875,9.1125,1.375,0.6875,0.2625,-1.2499999999999998,-0.7124999999999999,11.5625,2.625,0.7875,0.4662499999999999,7.625,3.5625,0.7846249999999999,1.15,0.95,0.155,68.25,24.025,-0.5374999999999999,2.25,0.5499999999999999,1.9125,11.6875,2.1125,9.825,1.0125,0.475,12.1875,1.1625,6.924999999999999,3.1125,0.6054999999999999,16.5625,0.475,0.072625,2.8,0.586125,0.6780487802999999,0.8,19.82936303191795,1.1864775513911174,0.0,0.0,0.0,0.5
trevor ariza,HOU,SF,2018,1,0,32.0,1,0.1472,0.5219,3.18,1.6800000000000002,0.3614,6.76,0.6797,2.43,8.040000000000001,1.92,0.5900000000000001,0.25,0.73,0.74,13.54,4.22,2.82,0.4118999999999999,9.97,4.109999999999999,0.8049999999999999,1.53,1.23,0.1533,73.7,34.42,-0.0099999999999999,2.0,0.62,2.76,12.17,1.95,11.9,2.3600000000000003,1.69,8.030000000000001,0.95,7.77,4.8100000000000005,0.5581,14.57,1.72,0.1056999999999999,5.529999999999999,0.534,0.4782,3.31,1.54,0.2846999999999999,5.47,0.626,1.54,5.960000000000001,1.44,0.37,0.15,-2.0700000000000003,0.36,10.8,3.53,0.39,0.3579,8.78,3.08,0.7997000000000001,1.4500000000000002,1.18,0.1703,12.8,35.59,-2.38,2.26,0.74,0.0699999999999999,7.31,2.63,8.93,2.01,1.46,9.15,1.02,6.51,4.27,0.4781999999999999,12.76,0.0499999999999999,0.0316,0.49,0.4476,0.8987804879,0.0,34.3911879701124,1.3005155460022404,0.0,-1.6700000000000002,-2.8000000000000003,0.15224111437800814
davis bertans,SAS,PF,2018,2,1,25.0,1,0.0687,0.576375,1.275,0.75,0.38275,3.0375,0.7077499999999999,1.125,9.55,0.8875,2.3625,0.4,1.4874999999999998,0.675,12.5875,1.5375,1.325,0.44,4.3125,1.875,0.819,0.5625,0.4625,0.138125,73.25,13.349999999999998,0.8125,2.325,0.2375,1.4125,13.65,1.1625,5.375,1.2374999999999998,0.3,9.5875,0.5,7.4625,1.8125,0.5958749999999999,16.7625,0.8875,0.135,2.8,0.5754999999999999,0.2141249999999999,0.4375,0.1124999999999999,0.2674999999999999,2.5625,0.8335,0.6,8.075,0.825,1.3124999999999998,0.1124999999999999,-3.75,-0.875,15.2875,1.7,0.0375,0.270875,3.0375,0.7124999999999999,0.7044999999999999,1.5625,1.1125,0.4651249999999999,7.999999999999999,13.475,-2.875,2.6875,0.275,-0.025,6.949999999999999,1.4375,3.175,1.3375,0.325,8.924999999999999,0.3125,8.6125,1.9375,0.4601249999999999,13.599999999999998,-0.025,0.0103749999999999,0.0124999999999999,0.378625,0.8932926828749999,0.0,13.336542124135008,1.2728721201295752,0.0,-0.9125,-5.2375,0.09929192332047666
tyreke evans,MEM,PG,2018,1,0,28.0,0,0.1217,0.4597,8.78,4.029999999999999,0.3839,4.33,0.3268999999999999,1.6900000000000002,30.29,4.85,0.98,0.27,2.71,-0.12,16.59,3.96,0.99,0.4341,13.11,5.72,0.7767,3.43,2.71,0.2629,43.0,27.48,2.78,2.6500000000000004,0.65,1.65,18.78,1.87,15.83,1.98,1.08,13.04,2.18,9.46,4.609999999999999,0.5376000000000001,27.15,1.59,0.0939,2.59,0.4973,0.4597,8.78,4.029999999999999,0.3839,4.33,0.3268999999999999,1.6900000000000002,30.29,4.85,0.98,0.27,2.71,-0.12,16.59,3.96,0.99,0.4341,13.11,5.72,0.7767,3.43,2.71,0.2629,43.0,27.48,2.78,2.6500000000000004,0.65,1.65,18.78,1.87,15.83,1.98,1.08,13.04,2.18,9.46,4.609999999999999,0.5376000000000001,27.15,1.59,0.0939,2.59,0.4973,0.5243902437,0.0,27.48664506730769,1.2535149506019598,0.0,0.0,0.0,0.5
jj redick,PHI,SG,2018,1,1,33.0,1,0.1202999999999999,0.4874,5.84,2.85,0.4337,6.22,0.5149,2.72,11.61,2.2,0.29,0.13,1.11,-1.13,7.840000000000001,2.17,1.63,0.4595,12.06,5.549999999999999,0.8969,2.87,2.57,0.2387,73.4,29.16,2.24,0.53,0.1,4.449999999999999,15.89,1.7400000000000002,16.310000000000002,0.96,0.58,9.01,1.34,4.29,2.29,0.6131,21.97,1.71,0.1373,6.08,0.5705,0.5044,5.62,2.88,0.3482999999999999,5.9,0.5124,2.05,8.48,1.73,0.25,0.09,-1.32,-1.64,5.48,1.4700000000000002,0.15,0.422,11.52,4.95,0.8169,3.0700000000000003,2.58,0.2831,8.3,31.46,0.3200000000000003,0.5700000000000001,0.19,0.34,11.11,2.13,14.53,0.8099999999999999,0.53,9.96,1.28,2.98,1.66,0.5605,19.72,0.09,0.0761999999999999,0.5700000000000001,0.5115000000000001,0.8951219513,0.0,29.15914177024176,1.129868719283905,0.0,-1.6199999999999999,-2.43,0.10873293019002593
montrezl harrell,LAC,C,2018,2,1,24.0,1,0.0588999999999999,0.6498,5.75,3.77,0.1143999999999999,0.08,0.0147,0.0,9.37,0.91,3.14,0.62,1.83,0.11,15.1,2.27,0.99,0.6419,5.83,3.77,0.6058,2.32,1.41,0.41,63.2,15.93,1.72,8.38,1.24,3.22,21.03,1.85,8.95,1.25,0.4,10.4,0.77,11.76,3.48,0.6491,20.08,1.11,0.181,4.16,0.643,0.3998,0.76,0.32,0.0,0.2,0.1332,0.0,7.919999999999999,0.24,0.0,0.0,-10.96,-2.24,22.54,1.0,0.0,0.333,0.96,0.32,0.5,1.12,0.56,1.4668,3.8,4.92,-8.72,3.18,0.12,0.0,0.14,1.04,1.2000000000000002,0.0,0.0,23.92,0.44,12.760000000000002,1.12,0.4206,16.28,0.0,-0.0772,0.0,0.333,0.7707317070999999,0.0,15.950492345306436,1.196559797362074,0.0,-1.11,-12.790000000000001,0.018231604568432876
kentavious caldwellpope,LAL,SG,2018,1,1,24.0,1,0.1177999999999999,0.4669,6.109999999999999,2.83,0.3583,5.52,0.4780999999999999,1.95,9.62,2.21,0.47,0.2,0.03,0.5800000000000001,11.38,3.51,2.64,0.4166999999999999,11.58,4.83,0.8063,2.62,2.13,0.2288,75.0,33.93,-0.6000000000000001,2.51,0.79,2.42,12.92,1.92,13.74,1.99,1.34,9.12,1.26,6.890000000000001,4.33,0.5404,17.85,1.27,0.0957,5.0600000000000005,0.5031,0.435,5.8,2.5,0.444,6.8,0.54,3.0,11.1,2.8,0.6,0.3,3.5,1.3,11.0,3.8,-0.1,0.44,12.5,5.5,0.714,1.8,1.3,0.14,4.0,40.3,2.2,1.6,0.5,0.3,16.2,1.8,15.3,2.4,1.8,3.6,0.5,6.4,4.3,0.575,17.2,0.2,0.072,0.2,0.56,0.914634146,0.0,33.92712849647938,1.0629781922032835,0.0,-1.07,3.47,0.05957242373288494
marco belinelli,PHI,SG,2018,2,0,31.0,1,0.0604,0.4921,4.65,2.3200000000000003,0.3577,4.470000000000001,0.4901,1.63,12.1,1.93,0.39,0.13,-1.34,-0.89,8.09,1.7800000000000002,1.07,0.4264,9.15,3.9,0.8885000000000001,2.09,1.89,0.2318,75.8,24.270000000000003,-0.4000000000000001,0.96,0.2299999999999999,1.84,12.92,1.17,11.239999999999998,1.38,0.68,9.87,1.11,4.5600000000000005,2.01,0.5603,20.05,0.36,0.0749,2.91,0.5145,0.45,6.0,2.7,0.348,4.6,0.434,1.6,11.4,2.0,0.0,0.0,-0.3,-0.6,7.9,2.0,0.2,0.406,10.6,4.3,0.871,3.1,2.7,0.292,10.0,27.3,0.3,0.4,0.1,0.5,12.8,2.0,12.9,1.3,0.7,3.2,0.4,4.1,2.1,0.539,19.0,0.1,0.129,0.7,0.481,0.9243902438,0.0,24.29012154053061,1.129868719283905,0.0,-0.26,1.04,0.1292206150901278
dwight howard,CHO,C,2018,2,0,32.0,1,0.0524,0.5952,9.77,5.7,0.0715,0.07,0.0069,0.0,7.29,1.35,4.1,1.48,0.39,0.25,32.23,8.940000000000001,3.92,0.5913999999999999,9.79,5.7,0.5447,6.65,3.64,0.6851,76.9,30.53,0.09,12.28,3.43,3.29,20.27,2.9800000000000004,15.09,1.22,0.77,16.2,2.45,22.19,12.42,0.5973999999999999,21.54,1.41,0.1479,7.210000000000001,0.5919,0.5212,7.359999999999999,3.88,0.0,0.08,0.0084,0.0,7.84,1.4200000000000002,2.8600000000000003,1.04,-0.76,0.5399999999999998,30.76,8.14,0.22,0.5168,7.439999999999999,3.88,0.5264,4.96,2.32,0.6336,5.6,30.12,-1.34,13.44,3.88,0.0,14.62,3.78,10.08,1.58,0.92,18.18,2.04,21.880000000000003,12.02,0.5286,15.94,0.04,0.0868,0.32,0.5168,0.937804878,0.0,30.541139626460733,1.258132925635514,0.0,-1.3699999999999999,-1.15,0.06702831671388304
aron baynes,BOS,C,2018,2,1,31.0,1,0.051,0.499,4.65,2.35,0.0715,0.15,0.0245,0.0,7.29,0.79,2.93,0.5700000000000001,-2.3,0.5599999999999999,22.03,3.4,2.04,0.4904,4.800000000000001,2.35,0.7828,1.29,1.0,0.2746,79.2,16.84,-2.8600000000000003,10.23,1.59,1.15,13.49,2.29,5.73,0.74,0.27,13.760000000000002,0.87,16.08,4.960000000000001,0.5346,16.33,-0.09,0.117,3.22,0.4919,0.4947142857142858,3.157142857142857,1.5714285714285716,0.3414285714285714,0.8571428571428571,0.1842857142857143,0.4285714285714285,7.4714285714285715,0.8571428571428572,1.7857142857142858,0.4285714285714285,-1.6142857142857148,-0.3714285714285715,19.542857142857144,3.085714285714286,0.3571428571428571,0.4882857142857143,4.014285714285714,2.0,0.7062857142857143,0.8714285714285716,0.6428571428571429,0.2394285714285714,14.714285714285714,17.785714285714285,-1.3428571428571432,11.742857142857144,1.9428571428571428,0.6428571428571429,12.82857142857143,1.9285714285714288,5.0,0.3571428571428571,0.1428571428571428,11.857142857142858,0.5142857142857143,15.599999999999998,5.0,0.5582857142857143,13.2,0.1857142857142857,0.1011428571428571,0.9714285714285714,0.5318571428571428,0.9658536584,0.0,16.858031850617284,1.2997381752495132,0.0,0.2757142857142857,0.685714285714285,0.16403335788812987
rudy gay,SAS,PF,2018,1,1,31.0,1,0.099,0.5019,9.260000000000002,4.609999999999999,0.3374,2.81,0.2296,0.94,10.73,1.83,2.33,0.76,0.91,0.39,18.18,4.46,1.77,0.4646,11.989999999999998,5.55,0.7985,3.35,2.73,0.279,51.5,27.74,0.5,5.54,1.31,1.1,17.47,2.15,14.8,2.01,1.13,11.81,1.85,11.87,5.74,0.5478000000000001,24.52,0.95,0.1027,2.85,0.5036,0.468,9.4,4.4,0.222,3.6,0.277,0.8,12.3,2.2,0.5,0.2,-1.9,-0.1,14.4,3.8,0.1,0.4,13.0,5.2,0.556,1.8,1.0,0.138,5.0,32.0,-1.8,5.9,1.8,-0.1,11.3,3.2,12.2,2.6,1.6,8.0,1.2,9.9,5.6,0.442,21.4,0.0,-0.012,0.0,0.431,0.6280487806,0.5,27.725084753959894,1.2728721201295752,0.0,-0.95,-2.81,0.10071697899421507
tony parker,SAS,PG,2018,2,0,35.0,1,0.0491,0.4849,7.37,3.59,0.3179,0.86,0.1022,0.3,28.26,4.16,0.16,0.04,-2.35,-0.68,8.55,1.75,1.64,0.4679,8.23,3.84,0.7222999999999999,1.7499999999999998,1.25,0.2105,60.8,22.81,-1.59,0.76,0.12,1.15,13.49,1.22,9.26,1.26,0.56,13.56,1.38,4.67,1.87,0.5124,20.55,0.03,0.0885,2.76,0.4841999999999999,0.4705,7.78,3.7,0.2237,1.54,0.1589,0.5,21.15,2.59,0.12,0.04,-2.37,-1.23,8.43,1.5099999999999998,0.09,0.4366,9.29,4.199999999999999,0.8284,1.52,1.28,0.1663,6.9,19.9,-1.11,0.43,0.11,0.09,12.61,0.8900000000000001,10.15,1.29,0.47,10.61,1.21,4.31,1.59,0.4905999999999999,26.61,0.06,-0.0177999999999999,0.16,0.4574,0.7414634144,0.0,22.793693668362195,1.2728721201295752,0.0,0.03,-0.020000000000000018,0.09008908525231636
rajon rondo,NOP,PG,2018,1,0,31.0,1,0.0883,0.4841999999999999,6.21,3.0,0.3523,2.2,0.2664999999999999,0.79,41.8,8.45,0.4599999999999999,0.18,-0.0999999999999999,0.0999999999999999,15.12,4.029999999999999,2.12,0.4472,8.41,3.77,0.5675,0.98,0.56,0.1116,67.6,28.15,-0.2799999999999999,2.92,0.8,1.29,15.11,2.01,8.870000000000001,2.35,1.37,23.04,2.65,9.18,4.73,0.5005000000000001,17.549999999999997,0.94,0.0859,3.41,0.4937,0.4631249999999999,8.8125,4.125,0.263125,2.4375,0.2159999999999999,0.5625,48.52499999999999,11.375,0.8749999999999999,0.3125,3.1625,2.3,18.4375,6.0,0.2875,0.4167499999999999,11.25,4.6875,0.589375,1.375,0.8125,0.123875,6.375,33.5625,0.8624999999999999,6.4625,1.9375,0.1,18.3375,2.5,10.75,3.275,2.1875,20.625,3.0625,12.6375,7.9375,0.45675,19.425,0.1625,0.1059999999999999,0.3875,0.44425,0.8243902439999999,0.3,28.17321824343181,1.17135630165602,0.0,-0.7775,3.2625,0.10107272083911581
alex len,PHO,C,2018,2,0,24.0,0,0.0426999999999999,0.5201,6.050000000000001,3.1,0.2701,0.08,0.014,0.0,7.51,1.02,3.84,1.0,-1.4,-0.28,26.02,4.94,1.52,0.5166999999999999,6.15,3.13,0.7039,3.08,2.16,0.5167999999999999,73.2,20.85,-1.12,11.86,2.31,1.86,16.68,2.66,8.45,1.01,0.45,14.97,1.32,18.78,7.25,0.5683,17.86,0.17,0.1113,3.41,0.5183,0.5201,6.050000000000001,3.1,0.2701,0.08,0.014,0.0,7.51,1.02,3.84,1.0,-1.4,-0.28,26.02,4.94,1.52,0.5166999999999999,6.15,3.13,0.7039,3.08,2.16,0.5167999999999999,73.2,20.85,-1.12,11.86,2.31,1.86,16.68,2.66,8.45,1.01,0.45,14.97,1.32,18.78,7.25,0.5683,17.86,0.17,0.1113,3.41,0.5183,0.8926829269000001,0.0,20.856263510738536,1.0944647250562602,0.0,0.0,0.0,0.5
wayne ellington,MIA,SG,2018,1,1,30.0,1,0.0233999999999999,0.4754,2.3600000000000003,1.11,0.381,6.37,0.7221,2.43,6.640000000000001,1.05,0.27,0.1,-0.3899999999999999,-0.8300000000000001,10.08,2.19,1.37,0.4061,8.73,3.54,0.8589,0.87,0.77,0.101,72.3,24.77,0.4399999999999999,1.3199999999999998,0.3,2.03,12.05,1.15,10.29,1.31,0.6499999999999999,6.22,0.62,5.69,2.49,0.5630999999999999,17.52,0.75,0.089,3.4,0.5443,0.0,1.0,0.0,0.4,6.0,0.857,2.4,4.6,0.6,1.7,0.4,-2.0,-1.8,7.5,1.4,0.0,0.343,7.0,2.4,1.0,0.6,0.6,0.086,5.0,20.2,-0.2,1.0,0.2,0.0,8.1,1.8,7.8,0.9,0.4,7.6,0.6,4.2,1.6,0.537,16.8,0.0,0.0,0.0,0.514,0.8817073169,0.0,24.76119924477102,1.2741724238846337,0.0,-0.75,-1.61,0.05338630382304079
yogi ferrell,DAL,SG,2018,2,0,24.0,0,0.0295,0.456375,4.574999999999999,2.125,0.3778749999999999,4.175,0.4751249999999999,1.5625,17.1375,2.95,0.5125,0.1375,-1.2875,-0.1124999999999999,10.45,2.4375,1.3125,0.4185,8.7875,3.6875,0.809125,1.525,1.225,0.172875,68.5,27.125,-1.15,1.4249999999999998,0.3375,1.2375,12.037499999999998,1.9375,10.125,1.5499999999999998,0.8374999999999999,10.9,1.1875,5.8,2.775,0.5373749999999999,17.975,0.3625,0.0669999999999999,2.55,0.50825,0.456375,4.574999999999999,2.125,0.3778749999999999,4.175,0.4751249999999999,1.5625,17.1375,2.95,0.5125,0.1375,-1.2875,-0.1124999999999999,10.45,2.4375,1.3125,0.4185,8.7875,3.6875,0.809125,1.525,1.225,0.172875,68.5,27.125,-1.15,1.4249999999999998,0.3375,1.2375,12.037499999999998,1.9375,10.125,1.5499999999999998,0.8374999999999999,10.9,1.1875,5.8,2.775,0.5373749999999999,17.975,0.3625,0.0669999999999999,2.55,0.50825,0.8353658537499999,0.0,27.147614663374867,0.8856332939763656,0.1143667060236344,0.0,0.0,0.5
patrick mccaw,GSW,SG,2018,2,0,22.0,1,0.0077,0.51425,2.2,1.15,0.273625,1.5124999999999995,0.4107499999999999,0.4125,10.0,1.2875,0.9125,0.2,-3.4625,0.1,7.35,1.1625,0.95,0.4179999999999999,3.75,1.5625,0.772125,0.5625,0.4625,0.151,62.25,16.224999999999998,-3.5875,2.1125,0.3,-2.775557561562892e-17,7.85,1.0875,4.0,1.9,0.6875,13.662499999999998,0.625,4.9125,1.4,0.500625,12.4625,-0.35,0.047,1.0124999999999995,0.475375,0.82,0.7624999999999998,0.4624999999999999,0.1304999999999999,0.6874999999999999,0.492125,0.1874999999999999,4.275,0.4125,0.4874999999999999,0.075,5.225,5.4875,12.9875,0.7499999999999999,0.1124999999999999,0.47675,1.3875,0.6499999999999999,0.94225,0.5249999999999999,0.4499999999999999,0.726625,9.375,6.224999999999999,-0.2625,6.9,0.3874999999999999,0.15,16.7375,0.4624999999999999,1.975,4.775,0.4125,1.9875,0.075,10.1125,1.1375,0.6467499999999999,10.125,0.075,0.231875,0.3249999999999999,0.507875,0.7591463414999999,0.0,16.21125149250988,1.5600277617995215,0.0,0.425,8.6875,0.05462490895848506
bryn forbes,SAS,SG,2018,2,1,24.0,1,0.0306999999999999,0.4336249999999999,2.6125,1.125,0.364125,2.375,0.4874999999999999,0.875,9.2625,0.85,0.0625,0.0,-3.9625,-0.9375,7.574999999999999,0.975,0.8875,0.399625,4.925,2.0,0.72925,0.6375,0.4125,0.1134999999999999,63.5,14.8375,-3.0249999999999995,0.8625,0.1625,0.425,7.9,1.1,5.2875,0.6375,0.25,7.7375,0.425,4.225,1.1,0.501375,17.15,-0.325,0.047125,1.35,0.4871249999999999,0.3592499999999999,2.0,0.7625,0.222,2.0,0.4914999999999999,0.425,5.7875,0.5,0.5249999999999999,0.075,-7.324999999999999,-3.0375,6.525,0.6875,0.0,0.291,4.0,1.1875,0.8212499999999999,1.5,1.1875,0.3647499999999999,4.75,13.0125,-4.2875,1.25,0.1875,-0.0375,4.8625,0.8,3.925,0.0,0.0,2.9249999999999994,0.1124999999999999,3.7,0.875,0.4229999999999999,16.4375,-0.1,-0.034125,0.0,0.3455,0.77439024375,0.0,14.818372398437498,1.2728721201295752,0.0,0.225,-3.3624999999999994,0.061563697370182115
anthony tolliver,DET,PF,2018,1,0,32.0,1,0.0564,0.5416000000000001,1.43,0.78,0.4073,4.109999999999999,0.7468,1.7,7.18,1.05,1.09,0.28,0.23,-0.29,13.69,2.59,1.25,0.4417999999999999,5.54,2.48,0.7451000000000001,1.38,1.0,0.2395999999999999,73.4,21.630000000000003,0.5499999999999999,3.37,0.6399999999999999,2.65,12.32,1.65,7.640000000000001,1.01,0.43,10.21,0.7,8.45,3.2700000000000005,0.6186,13.96,0.93,0.1154999999999999,3.9,0.5936,1.0,0.7,0.7,0.0,0.7,0.5,0.0,5.7,0.3,3.8,0.3,-0.5,-0.5,13.6,1.0,0.0,0.5,1.3,0.7,0.0,0.0,0.0,0.0,3.0,8.7,0.0,4.9,0.3,0.0,10.2,0.0,1.3,0.0,0.0,0.0,0.0,9.4,1.3,0.5,7.7,0.0,0.014,0.0,0.5,0.8951219511,0.0,21.660171778643296,1.261401007134712,0.0,-0.93,-0.73,0.016173589086731333
demarcus cousins,NOP,C,2018,1,0,27.0,0,0.0524,0.5045,13.85,6.949999999999999,0.3519,5.19,0.2775,1.86,22.64,4.74,3.43,1.47,5.050000000000001,1.7600000000000002,29.85,9.84,3.4,0.4608,19.07,8.79,0.7482,8.93,6.67,0.4679999999999999,58.6,35.28,3.29,7.04,2.21,2.4,23.76,3.79,26.08,2.14,1.54,16.16,4.37,18.66,12.05,0.5677,33.980000000000004,3.7,0.1341,5.77,0.5098,0.5045,13.85,6.949999999999999,0.3519,5.19,0.2775,1.86,22.64,4.74,3.43,1.47,5.050000000000001,1.7600000000000002,29.85,9.84,3.4,0.4608,19.07,8.79,0.7482,8.93,6.67,0.4679999999999999,58.6,35.28,3.29,7.04,2.21,2.4,23.76,3.79,26.08,2.14,1.54,16.16,4.37,18.66,12.05,0.5677,33.980000000000004,3.7,0.1341,5.77,0.5098,0.7146341464,0.8,35.27708792596154,1.17135630165602,0.0,0.0,0.0,0.5
dirk nowitzki,DAL,C,2018,1,1,39.0,1,0.0491,0.4825,7.42,3.5500000000000003,0.3914999999999999,4.29,0.3765,1.69,10.4,1.61,2.13,0.6499999999999999,1.89,0.35,25.15,5.69,2.19,0.4487,11.64,5.22,0.8901000000000001,2.0700000000000003,1.85,0.1709,69.7,26.57,1.5699999999999998,1.62,0.41,2.3200000000000003,17.25,2.0,13.92,1.1,0.6199999999999999,6.26,0.8400000000000001,13.0,6.1,0.5572,23.09,1.89,0.1133,4.51,0.5228,0.514,14.4,7.4,0.364,2.2,0.133,0.8,9.5,1.6,1.5,0.6,2.2,-1.0,15.0,4.2,-0.2,0.494,16.6,8.2,0.941,3.4,3.2,0.205,5.0,34.0,3.2,2.0,0.6,0.3,18.7,1.8,20.4,0.6,0.4,7.2,1.4,8.2,4.8,0.564,26.6,0.2,0.034,0.1,0.518,0.8499999997000001,0.0,26.55496041719481,0.8856332939763656,0.1143667060236344,-1.69,0.3100000000000003,0.08407812539411622
ed davis,POR,C,2018,1,0,28.0,1,0.0437,0.5726,3.62,2.08,0.0,0.0,0.0015,0.0,4.87,0.65,2.77,0.6799999999999999,-1.1499999999999997,0.24,25.51,4.38,1.92,0.5716,3.62,2.08,0.6304000000000001,1.74,1.06,0.482,69.0,18.77,-1.36,13.75,2.34,2.43,14.94,2.6,5.24,1.16,0.43,15.86,0.8,19.64,6.7700000000000005,0.5955999999999999,12.19,0.45,0.1516,4.35,0.5716,0.5151428571428571,2.785714285714286,1.4714285714285715,0.0,0.0571428571428571,0.0142857142857142,0.0,2.9428571428571435,0.3714285714285715,1.6285714285714286,0.3857142857142857,-4.414285714285715,-0.9,39.98571428571429,6.142857142857142,0.0571428571428571,0.5071428571428571,2.8142857142857145,1.4714285714285715,0.3431428571428572,1.5714285714285716,0.7000000000000001,0.5214285714285715,6.0,18.028571428571432,-3.5428571428571427,8.771428571428572,1.6142857142857143,0.0428571428571428,8.614285714285714,2.1428571428571432,3.571428571428572,0.1428571428571428,0.0571428571428571,22.57142857142857,0.9714285714285716,23.15714285714286,7.6571428571428575,0.494,10.614285714285714,-0.0428571428571428,0.0112857142857142,0.0714285714285714,0.5071428571428571,0.8414634146,0.0,18.73285516274826,1.3431424823145934,0.0,-0.4928571428571428,-3.264285714285715,0.07708353057229332
kyle oquinn,NYK,C,2018,1,0,27.0,0,0.0437,0.5605,4.66,2.64,0.1982999999999999,0.22,0.0505,0.07,16.020000000000003,1.72,6.1,1.2000000000000002,2.2,2.09,26.24,3.87,1.83,0.5429999999999999,4.9,2.66,0.7707,1.31,1.03,0.27,75.2,16.04,0.06,11.16,1.64,2.08,19.65,2.23,6.4,1.36,0.4599999999999999,17.0,1.13,18.74,5.49,0.5821000000000001,18.29,1.36,0.1489,3.89,0.5484,0.5605,4.66,2.64,0.1982999999999999,0.22,0.0505,0.07,16.020000000000003,1.72,6.1,1.2000000000000002,2.2,2.09,26.24,3.87,1.83,0.5429999999999999,4.9,2.66,0.7707,1.31,1.03,0.27,75.2,16.04,0.06,11.16,1.64,2.08,19.65,2.23,6.4,1.36,0.4599999999999999,17.0,1.13,18.74,5.49,0.5821000000000001,18.29,1.36,0.1489,3.89,0.5484,0.9170731706,0.0,16.023247893352924,1.243940540704187,0.0,0.0,0.0,0.5
lance stephenson,IND,SG,2018,1,0,27.0,1,0.0437,0.4915,5.720000000000001,2.84,0.3115,1.95,0.2466,0.5700000000000001,19.98,2.82,0.73,0.18,-2.34,-0.39,18.46,3.5500000000000003,1.32,0.4447,7.689999999999999,3.41,0.6718000000000001,1.28,0.88,0.1687,60.2,21.31,-1.95,2.9,0.5800000000000001,0.02,11.78,2.04,8.3,1.13,0.51,15.47,1.5,10.67,4.11,0.5025999999999999,20.45,0.05,0.0406,1.37,0.4826,0.5609,7.4,4.11,0.3507,3.46,0.3248,1.19,19.85,2.65,0.35,0.05,0.9,0.0799999999999999,14.43,2.91,0.08,0.4883,10.84,5.35,0.663,1.21,0.79,0.1143,5.5,23.450000000000003,0.82,1.85,0.35,0.15,15.78,2.79,12.6,0.74,0.36,9.01,1.11,8.09,3.24,0.5523,24.31,0.1,0.0909,0.2299999999999999,0.5429999999999999,0.7341463415,0.0,21.28530549613114,1.115915977919732,0.0,0.05,3.2399999999999998,0.09135261365157595
raul neto,UTA,PG,2018,2,1,25.0,1,0.0210999999999999,0.4861999999999999,2.34,1.12,0.3779,1.19,0.3354,0.5,19.77,1.59,0.73,0.08,-1.13,1.1800000000000002,8.870000000000001,0.97,0.8,0.45,3.58,1.59,0.7867999999999999,0.6900000000000001,0.48,0.1791,48.7,12.36,-2.31,1.48,0.17,0.25,11.2,1.11,4.18,2.05,0.4600000000000001,16.880000000000003,0.8300000000000001,5.24,1.14,0.5391,17.03,0.11,0.0846,1.02,0.5129,0.4633749999999999,1.55,0.6,0.3662499999999999,0.825,0.3632499999999999,0.3,16.7125,0.9625,0.5624999999999999,0.0375,-1.55,0.9125,12.849999999999998,0.925,0.0625,0.4206249999999999,2.3375,0.8999999999999999,1.0,0.525,0.525,0.251125,8.375,8.1375,-2.4625,1.875,0.1875,-0.025,9.8,0.8999999999999999,2.6,1.2125,0.225,14.9,0.425,7.3125,1.1125,0.55275,16.474999999999998,0.0,0.0561249999999999,0.075,0.4916249999999999,0.5939024390000001,0.0,12.369594831099144,1.1588897096666768,0.0,-0.11,-0.42000000000000015,0.1017060652043677
mike scott,WAS,PF,2018,1,0,29.0,1,0.0424,0.5174,3.52,1.91,0.3253,1.92,0.3769,0.67,10.4,1.02,0.93,0.15,-2.52,-0.76,15.24,2.15,0.8600000000000001,0.4435,5.44,2.53,0.7503,0.78,0.61,0.1469,58.4,15.55,-1.73,4.75,0.6699999999999999,0.95,11.37,1.44,6.390000000000001,0.92,0.27,11.47,0.74,10.03,2.82,0.5225,18.22,0.11,0.0647,1.86,0.5018,0.6544285714285715,4.257142857142857,2.771428571428572,0.5971428571428572,1.742857142857143,0.3057142857142857,1.0857142857142856,5.128571428571429,0.6428571428571429,0.9857142857142858,0.2285714285714286,2.842857142857143,0.2428571428571429,15.057142857142855,2.5571428571428574,0.0571428571428571,0.6314285714285715,6.0,3.7857142857142856,0.9642857142857144,0.942857142857143,0.9142857142857144,0.1614285714285714,7.142857142857143,19.6,2.6,5.071428571428572,0.8571428571428572,0.3714285714285715,17.95714285714286,1.7857142857142856,9.571428571428571,0.8285714285714287,0.3,11.785714285714286,0.8000000000000002,10.12857142857143,3.4142857142857146,0.7455714285714286,16.228571428571428,0.2,0.1594285714285714,0.4285714285714286,0.7214285714285714,0.7121951217,0.0,15.557945701421051,1.277495998708284,0.0,0.09000000000000001,5.362857142857143,0.13357249169942373
glenn robinson,IND,SF,2018,1,0,24.0,1,0.04,0.4585,2.53,1.2,0.3992,1.4500000000000002,0.36,0.5700000000000001,6.35,0.6799999999999999,0.7899999999999999,0.13,-0.66,0.36,11.11,1.6,0.63,0.4381,4.0,1.77,0.7606999999999999,0.76,0.56,0.1836,41.2,15.82,-1.07,3.72,0.55,0.6300000000000001,11.13,0.6699999999999999,4.64,1.71,0.56,7.32,0.33,7.469999999999999,2.18,0.5353,13.31,0.25,0.0851,1.21,0.5104,0.95,0.8400000000000001,0.8,0.3,0.21,0.0999,0.21,1.5,0.09,1.6800000000000002,0.06,6.739999999999999,2.53,13.2,0.55,0.0,0.95,1.05,1.01,0.35,0.27,0.15,0.1499,2.7,5.09,4.23,0.0,0.0,0.05,21.28,0.21,2.3600000000000003,0.0,0.0,0.0,0.0,6.81,0.55,0.9846,11.14,0.03,0.2184999999999999,0.05,1.0001,0.5024390246,0.0,15.804702739545895,1.115915977919732,0.0,-0.22,7.3999999999999995,0.020649800834526617
torrey craig,DEN,SF,2018,2,1,27.0,0,0.0196,0.57,2.0,1.2,0.293,1.5,0.423,0.4,5.4,0.6,2.0,0.4,-2.9,-0.7,15.5,2.2,0.4,0.453,3.5,1.6,0.629,0.9,0.6,0.255,39.0,16.1,-2.2,7.2,1.0,0.5,9.8,1.6,4.2,0.9,0.3,11.6,0.5,11.4,3.3,0.535,11.9,-0.1,0.069,0.9,0.515,0.57,2.0,1.2,0.293,1.5,0.423,0.4,5.4,0.6,2.0,0.4,-2.9,-0.7,15.5,2.2,0.4,0.453,3.5,1.6,0.629,0.9,0.6,0.255,39.0,16.1,-2.2,7.2,1.0,0.5,9.8,1.6,4.2,0.9,0.3,11.6,0.5,11.4,3.3,0.535,11.9,-0.1,0.069,0.9,0.515,0.475609756,0.0,16.12517094102564,1.2021894583875754,0.0,0.0,0.0,0.5
shabazz napier,POR,PG,2018,2,0,26.0,1,0.0191,0.4238999999999999,2.97,1.2799999999999998,0.3644,2.34,0.4598,0.8500000000000001,17.77,1.75,0.4599999999999999,0.1,-0.3700000000000001,0.6499999999999999,10.22,1.41,1.23,0.3973,5.390000000000001,2.16,0.7999,1.38,1.13,0.2552,63.9,15.44,-0.99,1.78,0.3,0.57,13.1,0.9,6.319999999999999,2.6100000000000003,0.81,15.05,1.0,6.0,1.71,0.5239,20.05,0.52,0.0693,1.8,0.4807,0.5868749999999999,2.9375,1.8625,0.1706249999999999,2.3,0.4446249999999999,0.4874999999999999,11.7,1.2375,0.0,0.0,-2.7375000000000003,0.4999999999999999,7.049999999999999,0.925,0.0,0.4422499999999999,5.2375,2.3125,0.59375,1.375,0.8749999999999999,0.2716249999999999,2.75,15.3625,-3.2375,0.7874999999999999,0.1124999999999999,-0.0875,9.325,0.8749999999999999,5.987499999999999,3.375,1.125,21.0,1.875,3.6875,1.0,0.514,21.0875,0.0375,-0.05475,0.0124999999999999,0.4917499999999999,0.7792682922999999,0.0,15.455798333599276,1.3431424823145934,0.0,-0.48250000000000004,-2.3675,0.04106171582874929
nerlens noel,DAL,C,2018,2,0,23.0,0,0.0173,0.5478000000000001,5.29,2.9,0.1,0.0,0.0065,0.0,7.68,1.01,4.029999999999999,0.95,0.93,2.34,25.78,4.33,1.63,0.5447,5.34,2.9,0.7011999999999999,1.79,1.2,0.3186,43.7,19.86,-1.41,10.03,1.8,0.8899999999999999,17.46,2.33,7.03,3.16,1.25,16.54,1.23,17.67,6.16,0.5744,15.94,0.6900000000000001,0.1366,2.45,0.5448999999999999,0.5478000000000001,5.29,2.9,0.1,0.0,0.0065,0.0,7.68,1.01,4.029999999999999,0.95,0.93,2.34,25.78,4.33,1.63,0.5447,5.34,2.9,0.7011999999999999,1.79,1.2,0.3186,43.7,19.86,-1.41,10.03,1.8,0.8899999999999999,17.46,2.33,7.03,3.16,1.25,16.54,1.23,17.67,6.16,0.5744,15.94,0.6900000000000001,0.1366,2.45,0.5448999999999999,0.5329268297,0.0,19.884853963506,0.8856332939763656,0.1143667060236344,0.0,0.0,0.5
rodney hood,CLE,SG,2018,1,1,25.0,1,0.0341,0.4599,6.65,3.08,0.3736,5.5,0.4522,2.02,10.76,1.82,0.5800000000000001,0.2,-0.18,-0.54,10.98,2.74,1.82,0.4208999999999999,12.1,5.12,0.8369,2.17,1.84,0.1790999999999999,63.5,27.99,0.36,1.52,0.39,1.49,13.69,2.08,14.06,1.39,0.76,8.59,1.25,6.3100000000000005,3.1,0.538,23.32,0.8600000000000001,0.0863,3.33,0.5053000000000001,0.485375,4.375,2.1375,0.201875,2.5625,0.3416249999999999,0.575,9.725,1.1,0.875,0.125,-4.6625,-1.0124999999999995,11.724999999999998,1.85,0.1375,0.397,6.9375,2.7124999999999995,0.697875,1.0375,0.6875,0.145375,14.75,19.0125,-3.65,2.0875,0.2875,-0.35,7.012499999999999,2.1375,6.7125,0.9625,0.375,10.4125,0.8374999999999999,6.875,2.1375,0.45525,20.1625,-0.175,-0.03025,-0.15,0.4339999999999999,0.7743902438000001,0.0,27.996607307822,1.248320264801752,0.0,-1.0350000000000001,-4.4825,0.13627877353204074
james ennis,DET,SF,2018,2,0,27.0,1,0.0159,0.5401,2.97,1.61,0.3677,2.2,0.4297,0.83,7.27,1.0,1.12,0.28,-0.6599999999999999,-0.04,11.45,2.15,1.1,0.4691,5.17,2.44,0.7996,1.61,1.2600000000000002,0.3141,59.6,21.200000000000003,-0.62,5.46,1.03,1.56,12.54,1.99,7.0,1.71,0.7,12.42,0.8500000000000001,8.39,3.13,0.5925,14.71,0.3,0.1029,2.66,0.5488,0.526,3.2,1.7,0.316,3.2,0.5,1.0,7.2,1.2,1.2,0.3,-0.6,0.2,13.9,2.8,0.0,0.421,6.3,2.7,0.857,2.3,2.0,0.368,6.0,26.5,-0.8,6.5,1.3,0.1,11.3,3.3,8.3,1.8,0.8,13.7,1.2,10.2,4.2,0.566,16.1,0.1,0.046,0.2,0.5,0.7268292680999999,0.0,21.15946440815972,1.261401007134712,0.0,-0.19999999999999998,0.05999999999999994,0.11177347242921012
brook lopez,LAL,C,2018,1,0,29.0,0,0.0332,0.5383,9.44,5.05,0.3048999999999999,3.8,0.3064,1.29,12.4,1.94,4.38,1.5,1.4,-0.18,14.13,3.66,1.83,0.4769,13.19,6.34,0.7519,3.62,2.78,0.2623999999999999,74.1,27.32,1.6,5.88,1.54,2.78,18.71,2.66,16.77,0.88,0.51,11.05,1.88,10.0,5.18,0.5643,25.97,1.79,0.1081999999999999,4.609999999999999,0.5297000000000001,0.5383,9.44,5.05,0.3048999999999999,3.8,0.3064,1.29,12.4,1.94,4.38,1.5,1.4,-0.18,14.13,3.66,1.83,0.4769,13.19,6.34,0.7519,3.62,2.78,0.2623999999999999,74.1,27.32,1.6,5.88,1.54,2.78,18.71,2.66,16.77,0.88,0.51,11.05,1.88,10.0,5.18,0.5643,25.97,1.79,0.1081999999999999,4.609999999999999,0.5297000000000001,0.9036585362,0.2,27.34100868834432,1.0629781922032835,0.0,0.0,0.0,0.5
pat connaughton,POR,SG,2018,2,0,25.0,1,0.0161,0.4641,1.56,0.74,0.3781,1.66,0.4922,0.5900000000000001,10.14,0.8200000000000001,0.75,0.18,-2.71,-0.7800000000000001,12.170000000000002,1.2,0.73,0.4186999999999999,3.22,1.35,0.8539,0.33,0.33,0.1144,59.5,12.32,-1.93,4.0600000000000005,0.35,0.6599999999999999,9.11,0.97,3.67,0.81,0.2299999999999999,13.5,0.43,8.100000000000001,1.57,0.5334000000000001,14.34,0.0399999999999999,0.0518,1.39,0.5118,0.7001000000000001,1.01,0.75,0.2334,1.95,0.6536,0.31,14.32,1.14,0.7,0.15,2.75,0.18,13.27,0.89,0.0,0.3866,2.96,1.06,0.8,0.55,0.55,0.1664,4.1,10.06,2.5900000000000003,2.9799999999999995,0.3399999999999999,0.05,14.8,1.15,2.95,0.4,0.15,2.95,0.15,7.83,1.23,0.5137,16.81,0.0,0.0661,0.05,0.4601,0.725609756,0.0,12.34655696417062,1.3431424823145934,0.0,-0.0399999999999999,5.46,0.05326972204069297
treveon graham,CHO,SG,2018,2,0,24.0,0,0.0148,0.4325,1.5875,0.7125,0.4824999999999999,1.1625,0.4149999999999999,0.4875,6.637499999999999,0.6375,0.3125,0.0,-2.0625,0.3625,8.9375,1.0375,0.5125,0.4493749999999999,2.75,1.2,0.6844999999999999,0.7875,0.5875,0.3075,49.5,13.0625,-2.425,3.775,0.5125,0.7999999999999999,9.6,1.325,3.475,1.5375,0.3875,8.4375,0.2875,6.275,1.4875,0.575125,11.4875,-0.0875,0.0905,1.275,0.5486249999999999,0.4325,1.5875,0.7125,0.4824999999999999,1.1625,0.4149999999999999,0.4875,6.637499999999999,0.6375,0.3125,0.0,-2.0625,0.3625,8.9375,1.0375,0.5125,0.4493749999999999,2.75,1.2,0.6844999999999999,0.7875,0.5875,0.3075,49.5,13.0625,-2.425,3.775,0.5125,0.7999999999999999,9.6,1.325,3.475,1.5375,0.3875,8.4375,0.2875,6.275,1.4875,0.575125,11.4875,-0.0875,0.0905,1.275,0.5486249999999999,0.6036585367499999,0.0,13.035744043849206,1.258132925635514,0.0,0.0,0.0,0.5
derrick jones,MIA,SF,2018,2,1,20.0,0,0.0148,0.542875,2.3999999999999995,1.3125,0.20675,0.6749999999999999,0.246625,0.1625,4.35,0.4625,3.4625,0.5875,-2.55,-0.1374999999999999,7.949999999999999,1.0499999999999998,0.2,0.45825,3.1125,1.475,0.6819999999999999,1.2374999999999998,0.8374999999999999,0.41025,24.5,14.0625,-2.4125,8.85,1.1375,0.3999999999999999,10.8125,1.5,3.925,0.95,0.275,9.4125,0.4,8.4,2.125,0.5265,12.45,0.0,0.083625,0.6625,0.4808749999999999,0.542875,2.3999999999999995,1.3125,0.20675,0.6749999999999999,0.246625,0.1625,4.35,0.4625,3.4625,0.5875,-2.55,-0.1374999999999999,7.949999999999999,1.0499999999999998,0.2,0.45825,3.1125,1.475,0.6819999999999999,1.2374999999999998,0.8374999999999999,0.41025,24.5,14.0625,-2.4125,8.85,1.1375,0.3999999999999999,10.8125,1.5,3.925,0.95,0.275,9.4125,0.4,8.4,2.125,0.5265,12.45,0.0,0.083625,0.6625,0.4808749999999999,0.298780487625,0.0,14.053020834374998,1.2741724238846337,0.0,0.0,0.0,0.5
elfrid payton,PHO,PG,2018,1,0,23.0,0,0.0295,0.5029,9.08,4.57,0.3104,1.55,0.1422,0.48,34.72,6.33,1.05,0.36,-0.1,-0.27,12.49,3.23,1.64,0.475,10.63,5.040000000000001,0.6498999999999999,2.6500000000000004,1.69,0.2473,70.7,29.05,0.15,3.85,1.05,1.52,16.189999999999998,2.25,12.33,2.06,1.2200000000000002,17.33,2.49,8.05,4.279999999999999,0.5206,21.51,0.99,0.0739,3.16,0.4971,0.5029,9.08,4.57,0.3104,1.55,0.1422,0.48,34.72,6.33,1.05,0.36,-0.1,-0.27,12.49,3.23,1.64,0.475,10.63,5.040000000000001,0.6498999999999999,2.6500000000000004,1.69,0.2473,70.7,29.05,0.15,3.85,1.05,1.52,16.189999999999998,2.25,12.33,2.06,1.2200000000000002,17.33,2.49,8.05,4.279999999999999,0.5206,21.51,0.99,0.0739,3.16,0.4971,0.8621951218999999,0.5,29.05476541284134,1.0944647250562602,0.0,0.0,0.0,0.5
tyrone wallace,LAC,PG,2018,2,1,23.0,0,0.0132,0.483,6.9,3.3,0.25,1.3,0.162,0.3,11.8,2.4,1.3,0.4,-3.5,-0.4,10.7,2.8,0.5,0.445,8.2,3.7,0.782,2.6,2.0,0.316,30.0,28.4,-3.1,2.7,0.7,0.2,10.1,2.8,9.7,1.5,0.9,14.1,1.5,6.8,3.5,0.517,16.6,-0.3,0.042,0.7,0.466,0.483,6.9,3.3,0.25,1.3,0.162,0.3,11.8,2.4,1.3,0.4,-3.5,-0.4,10.7,2.8,0.5,0.445,8.2,3.7,0.782,2.6,2.0,0.316,30.0,28.4,-3.1,2.7,0.7,0.2,10.1,2.8,9.7,1.5,0.9,14.1,1.5,6.8,3.5,0.517,16.6,-0.3,0.042,0.7,0.466,0.365853659,0.0,28.37283333333333,1.196559797362074,0.0,0.0,0.0,0.5
dante cunningham,BRK,SF,2018,1,0,30.0,0,0.0243999999999999,0.5542,2.76,1.55,0.3533,2.4,0.4666,0.87,4.23,0.73,1.45,0.4,-1.89,-0.11,13.79,2.93,1.27,0.4612,5.16,2.34,0.6149,0.6699999999999999,0.4,0.1338,72.3,23.12,-1.7799999999999998,4.45,0.93,1.27,9.78,1.64,6.05,1.1800000000000002,0.53,7.73,0.47,9.14,3.91,0.5533,11.21,0.0299999999999999,0.0738,2.52,0.5438000000000001,0.5542,2.76,1.55,0.3533,2.4,0.4666,0.87,4.23,0.73,1.45,0.4,-1.89,-0.11,13.79,2.93,1.27,0.4612,5.16,2.34,0.6149,0.6699999999999999,0.4,0.1338,72.3,23.12,-1.7799999999999998,4.45,0.93,1.27,9.78,1.64,6.05,1.1800000000000002,0.53,7.73,0.47,9.14,3.91,0.5533,11.21,0.0299999999999999,0.0738,2.52,0.5438000000000001,0.8817073169,0.0,23.11875117552615,1.1864775513911174,0.0,0.0,0.0,0.5
channing frye,LAL,C,2018,1,0,34.0,1,0.0148,0.6078000000000001,1.97,1.2,0.3696,3.13,0.5996,1.18,7.16,0.73,1.81,0.33,0.21,-0.0199999999999999,19.21,2.73,0.98,0.4705,5.1,2.4,0.8742,0.6000000000000001,0.5,0.1077999999999999,62.7,15.64,0.2299999999999999,2.49,0.35,1.46,13.81,1.58,6.45,1.25,0.35,9.11,0.53,11.0,3.08,0.6003,16.41,0.64,0.1118,2.46,0.582,0.5752,1.64,0.9000000000000001,0.5338,3.06,0.6568,1.62,9.16,0.78,2.8000000000000003,0.38,6.9,1.48,16.560000000000002,1.92,0.18,0.5478,4.64,2.52,0.857,0.52,0.46,0.1106,14.0,13.24,5.42,1.0,0.12,0.72,20.98,1.4200000000000002,7.0600000000000005,1.12,0.34,4.46,0.24,9.06,2.04,0.7352,17.28,0.44,0.2368,0.8999999999999999,0.7230000000000001,0.7646341461,0.0,15.649028623198078,1.0629781922032835,0.0,-0.2,6.69,0.15897247656065072
devin harris,DEN,PG,2018,1,0,34.0,1,0.0148,0.4871999999999999,3.03,1.47,0.3382,2.91,0.4901,0.98,17.35,2.04,0.74,0.17,-1.0,0.36,10.86,1.7200000000000002,1.04,0.4151,5.92,2.45,0.8104,2.24,1.8,0.3752,67.8,18.46,-1.33,1.13,0.22,1.37,13.26,1.96,7.73,2.01,0.74,12.69,1.02,5.87,1.94,0.558,19.59,0.31,0.0923,2.41,0.4979,0.647,3.4,2.2,0.308,2.6,0.433,0.8,10.8,1.6,0.0,0.0,-2.2,0.1,13.1,2.6,-0.1,0.5,6.0,3.0,0.5,2.0,1.0,0.333,5.0,24.2,-2.3,0.9,0.2,0.1,10.4,3.2,7.8,1.3,0.6,8.0,0.6,6.8,2.8,0.567,14.3,0.0,0.007,0.0,0.567,0.8268292686000001,0.0,18.45231896451788,1.2021894583875754,0.0,-0.31,-1.2000000000000002,0.08815463926538772
amir johnson,PHI,C,2018,1,1,30.0,1,0.0148,0.5933999999999999,3.65,2.19,0.3258,0.54,0.1351,0.16,13.13,1.6800000000000002,3.2300000000000004,0.76,0.92,1.81,18.17,3.15,2.21,0.5588,4.21,2.4000000000000004,0.621,1.2400000000000002,0.77,0.3013,76.8,18.49,-0.89,10.45,1.7599999999999998,2.5200000000000005,15.15,2.62,5.71,1.66,0.6199999999999999,15.79,0.89,14.39,4.91,0.5962999999999999,13.2,1.06,0.1608,4.73,0.5818,0.5597,2.91,1.74,0.0999,0.12,0.0422,0.03,9.08,0.75,2.64,0.43,-1.34,-0.3899999999999999,13.85,1.88,0.14,0.5454,3.03,1.77,0.7431000000000001,0.78,0.61,0.2537,9.4,13.39,-0.95,13.55,1.62,0.17,14.03,1.6,4.130000000000001,1.0,0.28,14.57,0.66,13.63,3.5200000000000005,0.5791,12.65,-0.0099999999999999,0.1305,0.29,0.5505,0.9365853656,0.0,18.49467436493329,1.129868719283905,0.0,-1.07,-2.2600000000000002,0.0814193433201932
vince carter,SAC,SF,2018,1,0,41.0,1,0.0148,0.4518999999999999,2.39,1.07,0.3557,3.1899999999999995,0.5712999999999999,1.15,10.08,1.32,2.07,0.41,-0.56,0.56,14.02,2.26,1.24,0.3973,5.6,2.22,0.7746,1.06,0.85,0.185,62.9,19.59,-1.12,2.29,0.4,0.92,11.45,1.85,6.42,1.94,0.71,9.58,0.6299999999999999,7.92,2.71,0.5281,15.52,0.55,0.0766,2.16,0.4992,0.4662,4.54,2.0,0.52,2.9799999999999995,0.4067999999999999,1.5,8.92,1.42,0.4,0.12,0.7200000000000002,-0.72,12.36,2.62,-0.06,0.4676,7.52,3.5,1.0,1.52,1.52,0.197,5.199999999999999,28.62,1.4400000000000002,3.76,0.94,0.18,12.62,2.42,10.04,0.84,0.38,13.96,1.34,7.76,3.5,0.6124,16.52,0.08,0.0554,0.12,0.567,0.7670731705,0.0,19.59137121077153,1.0499073294783687,0.0,-0.47000000000000003,1.2800000000000002,0.10776265626866804
raymond felton,OKC,PG,2018,1,1,33.0,1,0.0148,0.4565,4.51,2.0500000000000003,0.3280999999999999,2.48,0.3549,0.8400000000000001,20.2,2.69,1.0,0.23,-1.01,0.0799999999999999,11.29,2.05,1.5300000000000002,0.4132,6.970000000000001,2.89,0.8127,0.93,0.76,0.1291,81.0,20.17,-1.09,2.02,0.37,0.71,12.15,1.39,7.36,1.79,0.72,12.58,1.05,6.609999999999999,2.4000000000000004,0.4962,18.83,0.38,0.0673,2.21,0.472,0.3922,4.59,2.0,0.4404,2.1,0.3509,0.94,17.68,2.09,1.15,0.15,1.34,1.1,12.69,2.0700000000000003,0.06,0.427,6.74,2.91,0.4272,0.8,0.49,0.1111,6.1,18.91,0.1899999999999999,2.21,0.32,0.06,12.64,1.58,7.279999999999999,2.3600000000000003,0.86,12.03,1.0,7.41,2.44,0.5156000000000001,19.05,0.1,0.049,0.12,0.5079,0.987804878,0.0,20.17579699875,1.4882157871898116,0.0,-0.28,2.35,0.06594798187203743
zaza pachulia,GSW,C,2018,1,0,33.0,1,0.0148,0.5387,4.44,2.37,0.0,0.0,0.0053,0.0,13.62,1.71,1.48,0.31,0.1399999999999999,0.85,24.24,4.11,1.99,0.5354,4.460000000000001,2.37,0.79,1.91,1.53,0.4164,70.7,17.76,-0.74,12.11,1.91,2.27,16.57,2.1,6.25,1.93,0.7,18.73,1.1800000000000002,18.5,6.0,0.5924,16.33,0.67,0.1629,4.26,0.5354,0.5231,2.63,1.29,0.0,0.03,0.0051,0.0,9.37,0.9300000000000002,2.31,0.18,4.83,2.01,21.33,1.91,0.15,0.5204,2.66,1.29,0.7808999999999999,1.86,1.52,1.0835,9.0,10.56,2.88,18.24,1.21,0.14,24.99,1.2,4.05,3.67,0.47,16.16,0.55,19.82,3.07,0.6221,20.86,0.09,0.2553,0.31,0.5204,0.8621951221999999,0.0,17.75132170976245,1.5600277617995215,0.0,-0.5800000000000001,4.69,0.0703649738796688
jeff green,CLE,PF,2018,1,0,31.0,1,0.0148,0.5014000000000001,5.96,2.99,0.3015,2.48,0.2929,0.75,8.43,1.35,1.31,0.36,-2.3400000000000003,-1.29,12.1,2.59,1.0100000000000002,0.4427,8.440000000000001,3.74,0.8418999999999999,2.78,2.35,0.3332,75.7,24.0,-1.03,3.3800000000000003,0.76,1.75,13.15,1.82,10.5,1.17,0.54,9.72,1.07,7.74,3.37,0.5469999999999999,19.78,-0.1099999999999999,0.0711,2.78,0.4866,0.502,4.071428571428571,2.0142857142857142,0.3285714285714285,2.771428571428572,0.4141428571428571,0.9142857142857144,7.828571428571429,1.2714285714285714,2.171428571428572,0.5857142857142857,-0.7857142857142858,-0.2714285714285713,10.471428571428572,2.271428571428572,0.2714285714285714,0.422,6.842857142857143,2.8571428571428577,0.6835714285714286,2.7,1.7857142857142858,0.3865714285714285,17.42857142857143,24.571428571428573,-0.5857142857142857,1.685714285714286,0.3571428571428571,0.2714285714285714,11.12857142857143,1.7142857142857144,8.414285714285715,1.042857142857143,0.5,8.214285714285715,0.7142857142857144,5.971428571428572,2.628571428571429,0.5271428571428572,16.15714285714286,0.1,0.0681428571428571,0.5428571428571428,0.4871428571428572,0.9231707317,0.0,24.018235688405795,1.248320264801752,0.0,0.2099999999999999,1.5542857142857145,0.19075115083376362
jamal crawford,MIN,SG,2018,1,0,37.0,1,0.0148,0.4594,6.21,2.8600000000000003,0.3415,4.0,0.3957,1.37,15.81,2.39,0.48,0.15,-2.06,-1.94,5.72,1.24,0.87,0.4122,10.21,4.23,0.8894,2.13,1.9,0.2037,80.4,23.62,-0.1699999999999999,1.17,0.27,0.96,12.9,1.27,11.68,1.2599999999999998,0.6,10.96,1.36,3.48,1.44,0.5227999999999999,23.64,0.0099999999999999,0.0466,1.88,0.4794,0.4689,8.23,3.79,0.316,3.4800000000000004,0.3121,1.11,13.53,2.21,0.15,0.03,0.39,0.0499999999999999,7.640000000000001,1.86,0.1,0.4259,11.71,4.9,0.8605,2.6500000000000004,2.25,0.2306,5.800000000000001,27.340000000000003,0.34,1.04,0.25,0.05,13.64,1.41,13.14,1.9,1.02,8.6,1.19,4.36,2.13,0.5206000000000001,23.39,0.05,0.0391,0.15,0.4775,0.9804878048,0.0,23.607236222512736,1.229780801872988,0.0,0.040000000000000105,2.45,0.077065736141756
udonis haslem,MIA,C,2018,1,1,37.0,1,0.0148,0.3926,0.92,0.3799999999999999,0.0847,0.4,0.3351,0.05,8.04,0.4,1.5,0.1,-5.96,-0.51,18.16,1.15,0.19,0.3188,1.29,0.4299999999999999,0.5800000000000001,0.4,0.29,0.3145,19.2,6.38,-5.42,5.26,0.31,-0.05,5.36,0.6599999999999999,1.19,0.8899999999999999,0.14,13.35,0.2199999999999999,11.75,1.44,0.37,11.95,-0.08,0.0070999999999999,0.09,0.3369,0.533,1.7,0.9,0.0,0.0,0.0,0.0,7.2,0.4,0.9,0.1,-1.9,0.6,26.5,2.2,0.1,0.533,1.7,0.9,0.714,0.8,0.6,0.467,9.0,9.4,-2.4,16.1,1.2,0.1,11.4,1.4,2.3,0.0,0.0,27.9,0.8,21.5,3.4,0.581,14.1,0.0,0.112,0.2,0.533,0.2341463412,0.0,6.403127172140444,1.2741724238846337,0.0,0.08,4.0600000000000005,0.40850620002317767
javale mcgee,GSW,C,2018,1,0,30.0,1,0.0148,0.6322,3.66,2.3200000000000003,0.0,0.05,0.0175999999999999,0.0,5.44,0.33,6.96,0.8800000000000001,1.05,0.62,20.12,1.9,1.1,0.6211,3.71,2.3200000000000003,0.617,1.04,0.61,0.2767,62.4,9.81,0.41,13.68,1.16,1.5699999999999998,22.69,1.4,5.25,1.3,0.2299999999999999,10.4,0.47,17.07,3.04,0.6279,20.96,0.45,0.2027,2.62,0.6211,0.6616,3.45,2.38,0.0,0.05,0.0085,0.0,3.39,0.24,5.51,0.67,-0.3899999999999999,0.45,15.62,1.58,0.24,0.6556,3.5,2.38,0.6167,1.2800000000000002,0.69,0.7738000000000002,11.7,10.29,-0.8400000000000005,14.18,1.22,0.41,19.77,1.62,5.42,1.37,0.23,14.94,0.6500000000000001,15.02,2.8,0.6481,20.77,0.16,0.15,0.65,0.6556,0.7609756097,0.0,9.78854356420932,1.5600277617995215,0.0,-0.29000000000000004,-1.44,0.16435074269286054
dwyane wade,MIA,SG,2018,1,1,36.0,1,0.0148,0.4644,11.38,5.3,0.2688,1.69,0.1345,0.51,23.92,3.76,2.12,0.6799999999999999,0.6299999999999999,0.14,13.22,3.1500000000000004,2.0700000000000003,0.4404,13.07,5.779999999999999,0.7538,3.91,2.99,0.2953,66.3,26.52,0.4899999999999999,3.85,0.9,0.55,17.11,1.84,14.990000000000002,2.08,1.09,13.74,2.28,8.549999999999999,4.07,0.5058,28.3,1.27,0.066,2.55,0.4599,0.4407,13.35,5.91,0.2103,1.56,0.1061,0.48,25.18,3.86,2.06,0.67,1.58,0.4399999999999999,15.0,3.96,0.27,0.4268999999999999,14.91,6.390000000000001,0.8458,4.57,3.81,0.3091,7.1,28.97,1.1900000000000002,2.92,0.78,0.1699999999999999,17.81,1.81,17.080000000000002,1.96,1.1,11.18,2.1500000000000004,8.969999999999999,4.720000000000001,0.503,29.64,0.24,0.0645,0.41,0.4419999999999999,0.8085365854,0.0,26.527204860010084,1.2741724238846337,0.0,-1.03,0.9500000000000002,0.10473058810171068
gerald green,HOU,SG,2018,1,1,32.0,1,0.0148,0.4800999999999999,3.12,1.48,0.3544,5.13,0.593,1.83,6.209999999999999,0.6699999999999999,1.21,0.29,-1.37,-1.1800000000000002,13.21,2.27,0.8999999999999999,0.4045999999999999,8.219999999999999,3.31,0.8230999999999999,1.28,1.01,0.1569999999999999,48.4,19.29,-0.2199999999999999,2.27,0.37,0.59,12.64,1.71,9.51,1.15,0.48,7.39,0.69,7.84,2.62,0.5384,21.97,0.1399999999999999,0.0789,1.57,0.5108,0.4404,1.86,0.8,0.3848,3.39,0.6277,1.34,2.88,0.2799999999999999,1.41,0.25,-1.33,-0.51,15.58,1.98,0.19,0.4039999999999999,5.22,2.14,0.8552,0.49,0.44,0.0949,14.8,14.28,-0.8200000000000001,2.02,0.3,0.0499999999999999,10.38,1.52,6.0600000000000005,0.97,0.22,7.930000000000001,0.49,8.75,2.18,0.5451,19.28,0.06,0.0484,0.24,0.5273,0.5902439026,0.0,19.27813273624925,1.3005155460022404,0.0,-0.0799999999999999,0.040000000000000036,0.18458313682335062
derrick rose,MIN,PG,2018,1,1,29.0,1,0.0148,0.4729,10.11,4.82,0.2402,1.33,0.1274,0.35,18.74,3.01,0.71,0.23,-3.5,-2.63,7.450000000000001,1.83,0.47,0.4442,11.47,5.120000000000001,0.8558,2.64,2.29,0.2354,44.9,24.51,-0.8700000000000001,3.25,0.69,0.4599999999999999,13.53,0.95,12.88,0.95,0.5,13.5,1.93,5.390000000000001,2.52,0.5083,25.87,-0.11,0.0132,0.88,0.4597,0.468,9.4,4.4,0.7,2.0,0.175,1.4,19.9,2.6,0.0,0.0,0.7,-0.4,7.1,1.6,0.0,0.509,11.4,5.8,0.857,1.4,1.2,0.123,5.0,23.8,1.1,0.9,0.2,0.1,16.6,1.8,14.2,0.8,0.4,11.8,1.6,4.1,1.8,0.591,26.1,0.1,0.044,0.1,0.57,0.5475609758000001,0.3,24.499182969318184,1.229780801872988,0.0,0.21000000000000002,4.2,0.09758105582702405
jonas jerebko,UTA,PF,2018,1,0,30.0,1,0.0148,0.4966,2.22,1.12,0.3903999999999999,1.84,0.4544,0.75,6.76,0.73,1.1,0.22,-1.07,0.2,19.16,2.6500000000000004,1.4900000000000002,0.4461,4.0600000000000005,1.8,0.7707999999999999,0.75,0.55,0.1804,76.0,15.41,-1.2899999999999998,5.680000000000001,0.79,1.32,11.45,1.69,4.92,1.01,0.3,9.94,0.49,12.44,3.44,0.5603,13.92,0.27,0.1154,2.81,0.5349,0.5815,1.84,1.09,0.247,1.4300000000000002,0.3988,0.41,9.07,0.79,1.04,0.2299999999999999,0.5800000000000001,1.65,19.17,2.28,0.14,0.4513,3.2700000000000005,1.5300000000000002,0.96,0.47,0.4499999999999999,0.1517,9.8,12.56,-1.09,5.4,0.62,0.1,11.739999999999998,1.28,3.87,1.67,0.3299999999999999,8.72,0.36,12.080000000000002,2.88,0.5401,12.99,0.07,0.1057,0.24,0.5038,0.926829268,0.0,15.413094536417187,1.1588897096666768,0.0,-0.2,1.6500000000000001,0.09510387499150086
greg monroe,BOS,C,2018,1,0,27.0,1,0.0006,0.5477,8.850000000000001,4.83,0.0,0.0,0.002,0.0,17.18,2.25,1.94,0.56,2.06,0.53,24.21,4.92,2.06,0.5468,8.879999999999999,4.83,0.7398,2.83,2.09,0.3181,65.6,22.81,1.58,11.12,2.24,2.8,21.29,2.0,11.72,2.1500000000000004,0.96,15.31,1.73,17.689999999999998,7.19,0.583,23.19,1.54,0.1526,4.88,0.5468,0.510875,5.375,2.75,0.0,0.0,0.0,0.0,10.2375,0.9499999999999998,1.8125,0.3125,-0.2875000000000001,-0.2625000000000002,23.9875,2.875,0.175,0.510875,5.375,2.75,0.738625,3.125,2.45,0.5823749999999999,9.125,14.749999999999998,-0.0250000000000001,14.375,1.8625,0.1124999999999999,19.05,1.5125,7.949999999999999,1.7499999999999998,0.6124999999999999,19.6625,1.4874999999999998,18.9875,4.737499999999999,0.578125,26.4625,0.1124999999999999,0.1152499999999999,0.3249999999999999,0.510875,0.8000000002000001,0.0,22.813807672248416,1.2997381752495132,0.0,-1.4275000000000002,-2.3475,0.08252578015699327
isaiah thomas,LAL,PG,2018,1,0,28.0,1,0.0148,0.4698,9.16,4.380000000000001,0.3319999999999999,6.640000000000001,0.4224,2.21,29.84,5.41,0.3299999999999999,0.13,0.4199999999999995,-2.4,6.85,1.91,1.13,0.411,15.8,6.59,0.8934,5.92,5.35,0.3666,55.2,30.03,2.87,2.03,0.55,4.66,18.55,1.96,20.71,1.16,0.74,13.89,2.88,4.4,2.46,0.5539000000000001,30.520000000000003,2.22,0.1101,5.789999999999999,0.4804,0.4804,11.0,5.28,0.313,7.4,0.4032,2.3200000000000003,30.96,6.02,0.98,0.38,1.8400000000000003,-1.46,9.12,2.76,0.18,0.413,18.36,7.56,0.8156,7.56,6.18,0.413,11.4,35.5,3.3,1.02,0.3,0.5,17.82,2.58,23.66,1.14,0.8200000000000001,11.98,2.8999999999999995,4.9,3.06,0.5453999999999999,30.82,0.3,0.0934,0.6799999999999999,0.4764,0.6731707313999999,0.0,30.05608659656611,1.0629781922032835,0.0,-1.9200000000000002,1.4200000000000008,0.19623188237142372
shelvin mack,ORL,PG,2018,1,0,27.0,1,0.0148,0.4881,4.529999999999999,2.2299999999999995,0.3273,2.14,0.3227,0.72,26.99,3.51,0.35,0.1,-1.71,-0.12,11.239999999999998,2.06,1.19,0.4366,6.67,2.93,0.7095,1.36,0.98,0.207,61.4,20.53,-1.59,1.7799999999999998,0.3299999999999999,0.51,12.64,1.4700000000000002,7.51,1.83,0.78,17.03,1.4900000000000002,6.550000000000001,2.39,0.5158,19.34,0.09,0.0629,1.63,0.4897,0.294,3.8,1.1,0.467,1.7,0.306,0.8,18.4,2.0,0.0,0.0,-1.7,0.4,17.1,2.4,0.1,0.347,5.4,1.9,0.867,1.7,1.4,0.306,9.0,17.2,-2.1,2.3,0.3,-0.1,9.7,1.6,6.0,1.3,0.4,13.9,1.0,9.7,2.8,0.486,19.9,0.0,0.014,0.0,0.418,0.7487804878,0.0,20.531789422376608,1.1883880597014926,0.0,-0.09,0.010000000000000009,0.1093728582914942
michael carterwilliams,CHO,PG,2018,1,0,26.0,1,0.0006,0.3972,5.130000000000001,2.14,0.2433,1.17,0.2115,0.3,21.02,2.89,2.23,0.51,-1.85,1.41,14.77,2.66,1.2600000000000002,0.3661999999999999,6.3,2.42,0.7666999999999999,1.96,1.49,0.3285,50.3,19.79,-3.28,3.93,0.6799999999999999,-0.48,11.15,2.24,6.58,2.49,0.94,16.91,1.5099999999999998,9.31,3.39,0.4535,18.83,0.06,0.0359,0.75,0.3915,0.429,2.8,1.2,0.0,0.2,0.067,0.0,17.6,1.2,1.9,0.2,-7.3,-0.4,6.2,0.6,0.0,0.4,3.0,1.2,0.5,0.8,0.4,0.267,5.0,10.6,-6.9,2.1,0.2,-0.2,3.4,1.2,2.8,2.0,0.4,26.4,1.2,4.2,0.8,0.418,19.3,-0.1,-0.111,-0.1,0.4,0.6134146339,0.7,19.777920179103987,1.258132925635514,0.0,-0.16,-5.449999999999999,0.05055143990530667
nik stauskas,BRK,SG,2018,1,0,24.0,0,0.0049,0.4095,2.27,0.98,0.3756,3.45,0.6134999999999999,1.31,11.82,1.6,0.8200000000000001,0.2299999999999999,-2.75,-1.04,11.24,1.97,0.67,0.3908,5.77,2.26,0.7601,1.24,0.94,0.2085,59.1,19.58,-1.7399999999999998,0.99,0.2,0.08,9.04,1.16,6.750000000000001,0.94,0.4,14.12,1.04,6.0600000000000005,2.14,0.5369,16.209999999999997,-0.36,0.0272,0.67,0.5061,0.4095,2.27,0.98,0.3756,3.45,0.6134999999999999,1.31,11.82,1.6,0.8200000000000001,0.2299999999999999,-2.75,-1.04,11.24,1.97,0.67,0.3908,5.77,2.26,0.7601,1.24,0.94,0.2085,59.1,19.58,-1.7399999999999998,0.99,0.2,0.08,9.04,1.16,6.750000000000001,0.94,0.4,14.12,1.04,6.0600000000000005,2.14,0.5369,16.209999999999997,-0.36,0.0272,0.67,0.5061,0.7207317072,0.0,19.541927438186185,1.1864775513911174,0.0,0.0,0.0,0.5
bruno caboclo,SAC,SF,2018,1,0,22.0,0,0.0051,0.429,1.2,0.5,0.176,1.4,0.548,0.3,5.0,0.3,3.5,0.3,-5.8,-1.0,16.6,1.3,0.1,0.29,2.6,0.8,0.833,0.5,0.4,0.194,12.0,8.9,-4.8,7.1,0.6,-0.1,7.4,0.7,2.2,1.4,0.3,10.6,0.3,11.7,1.8,0.386,15.8,-0.1,-0.021,0.0,0.339,0.429,1.2,0.5,0.176,1.4,0.548,0.3,5.0,0.3,3.5,0.3,-5.8,-1.0,16.6,1.3,0.1,0.29,2.6,0.8,0.833,0.5,0.4,0.194,12.0,8.9,-4.8,7.1,0.6,-0.1,7.4,0.7,2.2,1.4,0.3,10.6,0.3,11.7,1.8,0.386,15.8,-0.1,-0.021,0.0,0.339,0.1207317072999999,0.0,7.195152776166667,1.0499073294783687,0.0,0.0,0.0,0.5
noah vonleh,CHI,PF,2018,1,0,22.0,1,0.0148,0.489,3.17,1.59,0.3043,0.8099999999999999,0.1961999999999999,0.25,4.61,0.5,1.65,0.3299999999999999,-2.66,-0.43,25.81,3.84,1.1800000000000002,0.4505,3.95,1.79,0.6509,1.08,0.69,0.265,64.8,16.25,-2.23,9.35,1.4300000000000002,0.43,11.36,1.66,4.49,1.15,0.38,13.34,0.69,17.52,5.24,0.5062,13.78,-0.1999999999999999,0.0751,1.58,0.4799,0.2663999999999999,2.9,1.2,0.0,0.0,0.0,0.0,15.98,1.3199999999999998,1.56,0.48,-0.2199999999999999,2.38,24.26,3.2,0.0,0.2663999999999999,2.9,1.2,0.24,0.78,0.3,0.1668,4.800000000000001,15.8,-2.66,8.66,1.46,-0.06,8.58,1.76,2.7,3.62,0.3,13.739999999999998,0.8999999999999999,16.080000000000002,4.66,0.2676,10.82,0.0,-0.013,0.0,0.2663999999999999,0.7902439021000001,0.0,16.246849739603064,1.130393509127789,0.0,0.1999999999999999,2.4400000000000004,0.06718401190602745
luke kornet,NYK,C,2018,1,1,22.0,0,0.0159,0.457,2.3,1.1,0.354,4.0,0.632,1.4,11.6,1.3,4.2,0.8,0.2,-0.2,18.0,2.7,0.3,0.392,6.3,2.5,0.727,0.6,0.4,0.088,20.0,16.3,0.4,3.8,0.6,0.2,13.6,1.4,6.7,0.9,0.3,8.5,0.6,10.9,3.2,0.516,19.0,0.2,0.077,0.5,0.504,0.457,2.3,1.1,0.354,4.0,0.632,1.4,11.6,1.3,4.2,0.8,0.2,-0.2,18.0,2.7,0.3,0.392,6.3,2.5,0.727,0.6,0.4,0.088,20.0,16.3,0.4,3.8,0.6,0.2,13.6,1.4,6.7,0.9,0.3,8.5,0.6,10.9,3.2,0.516,19.0,0.2,0.077,0.5,0.504,0.243902439,0.0,16.324416665,1.243940540704187,0.0,0.0,0.0,0.5
jahlil okafor,BRK,C,2018,1,0,22.0,0,0.0154,0.5399,8.14,4.29,0.1584,0.07,0.0161,0.0,7.29,0.8,3.55,0.8400000000000001,-2.06,-0.54,17.91,3.05,0.66,0.5348,8.21,4.34,0.7005,2.2,1.5299999999999998,0.2551,39.6,19.11,-1.5699999999999998,7.109999999999999,1.34,0.24,15.510000000000002,2.14,10.19,0.6100000000000001,0.25,12.92,1.4,12.47,4.34,0.563,23.19,-0.05,0.0639,0.8999999999999999,0.537,0.5399,8.14,4.29,0.1584,0.07,0.0161,0.0,7.29,0.8,3.55,0.8400000000000001,-2.06,-0.54,17.91,3.05,0.66,0.5348,8.21,4.34,0.7005,2.2,1.5299999999999998,0.2551,39.6,19.11,-1.5699999999999998,7.109999999999999,1.34,0.24,15.510000000000002,2.14,10.19,0.6100000000000001,0.25,12.92,1.4,12.47,4.34,0.563,23.19,-0.05,0.0639,0.8999999999999999,0.537,0.4829268295,0.5,19.10659755025741,1.1864775513911174,0.0,0.0,0.0,0.5
kevon looney,GSW,C,2018,1,1,21.0,1,0.0148,0.575375,2.425,1.4375,0.20825,0.1375,0.04775,0.0,6.9375,0.5625,4.1875,0.6124999999999999,-0.7624999999999998,0.8875,16.4375,1.8125,1.1125,0.5586249999999999,2.5625,1.475,0.572375,0.975,0.525,0.368625,61.125,11.775,-1.65,11.1875,1.1125,1.2,14.349999999999998,1.45,3.4375,1.725,0.425,12.075,0.425,13.95,2.925,0.574875,12.8375,0.25,0.14875,2.275,0.5642499999999999,0.557,3.3,1.9,0.0,0.1,0.028,0.0,6.5,0.9,1.8,0.4,-0.7,0.8,12.7,2.2,0.6,0.542,3.4,1.9,0.381,1.0,0.4,0.292,21.0,18.4,-1.5,12.5,2.0,0.6,12.1,2.4,4.1,1.8,0.7,9.0,0.4,12.6,4.2,0.529,10.3,0.1,0.15,1.2,0.542,0.6085365854,0.5,10.248572841679133,1.5600277617995215,0.0,-0.15,0.06249999999999989,0.34932069938723104
salah mejri,DAL,C,2018,1,1,31.0,1,0.005,0.6504000000000001,2.1,1.34,0.0999,0.0,0.0202,0.0,5.1,0.42,7.449999999999999,1.01,0.18,2.45,25.74,2.6500000000000004,1.3,0.6392,2.13,1.34,0.5824,1.07,0.6100000000000001,0.4925,59.2,12.06,-2.22,12.1,1.33,1.16,16.700000000000003,1.95,3.3600000000000003,1.49,0.36,19.18,0.59,18.69,3.98,0.6442000000000001,12.38,0.38,0.1664,2.51,0.6404000000000001,0.7,2.5,1.8,0.0,0.0,0.0,0.0,2.0,0.3,5.8,1.3,2.0,2.6,12.8,2.0,0.0,0.7,2.5,1.8,0.417,3.0,1.3,1.2,4.0,19.0,-0.6,7.4,1.3,0.2,14.7,2.8,4.8,2.1,0.8,0.0,0.0,10.0,3.3,0.622,9.3,0.1,0.086,0.1,0.7,0.7219512193,0.0,12.02958290745142,0.8856332939763656,0.1143667060236344,-0.28,1.82,0.09620837721785626
ryan arcidiacono,CHI,PG,2018,1,1,23.0,0,0.0132,0.8,0.4,0.3,0.29,1.3,0.756,0.4,15.5,1.5,0.0,0.0,-4.1,0.6,8.8,1.0,0.2,0.415,1.7,0.7,0.833,0.3,0.2,0.146,24.0,12.7,-4.7,0.3,0.0,0.1,7.3,0.8,2.0,2.1,0.5,23.0,0.5,4.4,1.0,0.55,8.1,-0.2,0.04,0.3,0.524,0.8,0.4,0.3,0.29,1.3,0.756,0.4,15.5,1.5,0.0,0.0,-4.1,0.6,8.8,1.0,0.2,0.415,1.7,0.7,0.833,0.3,0.2,0.146,24.0,12.7,-4.7,0.3,0.0,0.1,7.3,0.8,2.0,2.1,0.5,23.0,0.5,4.4,1.0,0.55,8.1,-0.2,0.04,0.3,0.524,0.292682927,0.0,12.6717361125,1.130393509127789,0.0,0.0,0.0,0.5
malcolm miller,TOR,SF,2018,1,1,24.0,0,0.0045,0.714,0.5,0.3,0.381,1.4,0.75,0.5,3.2,0.2,1.3,0.1,-1.0,-0.2,9.6,0.7,0.1,0.464,1.9,0.9,1.0,0.3,0.3,0.143,15.0,8.4,-0.8,3.6,0.3,0.1,8.9,0.7,2.5,0.4,0.1,14.4,0.3,6.7,1.0,0.638,12.1,0.0,0.087,0.2,0.607,0.714,0.5,0.3,0.381,1.4,0.75,0.5,3.2,0.2,1.3,0.1,-1.0,-0.2,9.6,0.7,0.1,0.464,1.9,0.9,1.0,0.3,0.3,0.143,15.0,8.4,-0.8,3.6,0.3,0.1,8.9,0.7,2.5,0.4,0.1,14.4,0.3,6.7,1.0,0.638,12.1,0.0,0.087,0.2,0.607,0.182926829,0.0,8.383333333333333,1.5105792336491983,0.0,0.0,0.0,0.5
klay thompson,GSW,SG,2019,5,1,28.0,1,0.3,0.5187,9.71,5.02,0.4158,7.640000000000001,0.4397999999999999,3.16,10.47,2.37,1.32,0.55,-0.1099999999999999,-1.65,9.98,3.3200000000000003,2.27,0.4735,17.38,8.23,0.8296999999999999,1.95,1.66,0.113,76.5,34.09,1.54,1.69,0.49,3.22,16.58,1.84,21.21,1.32,0.95,8.05,1.61,6.04,3.78,0.5832999999999999,25.130000000000003,1.2799999999999998,0.1015,5.539999999999999,0.565,0.4626,8.98,4.19,0.427,7.24,0.4466,3.09,7.94,2.01,1.25,0.5,-0.53,-0.8600000000000001,9.88,3.47,0.6100000000000001,0.4469000000000001,16.22,7.279999999999999,0.8699,1.83,1.59,0.1121,20.2,37.86,0.35,1.75,0.5700000000000001,0.6,13.28,2.61,19.23,1.37,1.05,8.69,1.63,5.970000000000001,4.06,0.5626,21.55,0.3299999999999999,0.0754,1.21,0.542,0.932926829,0.5,34.08584837764313,1.3547163317594164,0.0,-0.95,-0.42000000000000015,0.22675653053364156
tobias harris,PHI,PF,2019,5,1,26.0,1,0.3,0.5178,9.98,5.140000000000001,0.3912,4.84,0.3247,1.9,11.55,2.46,1.09,0.47,1.69,-0.31,18.23,5.77,2.6100000000000003,0.4777,14.84,7.09,0.8499,3.22,2.72,0.2182,81.4,33.63,2.0,2.54,0.77,4.3100000000000005,17.11,2.0500000000000003,18.8,1.03,0.71,8.64,1.53,10.46,6.62,0.5791,22.73,2.54,0.1216,6.92,0.5414000000000001,0.471,8.7,4.1,0.349,5.3,0.377,1.8,16.4,4.0,1.2,0.5,2.5,1.3,22.8,8.2,0.7,0.425,13.9,5.9,0.846,2.2,1.8,0.156,12.0,36.9,1.2,3.1,1.0,0.4,14.5,2.5,15.5,1.4,1.1,10.1,1.7,13.5,9.2,0.521,19.0,0.5,0.111,1.0,0.491,0.9926829268,0.0,33.62931148167684,1.2771580755676408,0.0,-2.04,0.81,0.13923293594718958
khris middleton,MIL,SF,2019,5,1,27.0,1,0.2804,0.4894,9.13,4.470000000000001,0.3833,5.32,0.3649,2.01,18.86,4.029999999999999,0.4199999999999999,0.18,0.34,-0.1699999999999999,15.65,4.84,2.67,0.4503,14.4,6.5,0.8597,3.66,3.13,0.2532,68.9,32.61,0.51,1.99,0.53,2.77,16.47,2.63,18.12,1.86,1.23,12.55,2.28,9.04,5.4,0.5661,24.43,1.38,0.1118,5.44,0.5203,0.461,8.64,4.05,0.4740999999999999,5.46,0.3876,2.67,18.77,4.19,0.48,0.21,2.32,0.6000000000000001,15.45,5.29,0.54,0.4678,14.1,6.72,0.8271999999999999,3.3000000000000003,2.75,0.2369,10.8,36.64,1.67,1.05,0.3299999999999999,0.62,16.66,3.3,18.76,1.29,0.97,11.48,2.0,8.45,5.619999999999999,0.5983999999999999,21.86,0.44,0.1441,1.16,0.5599000000000001,0.8402439024,0.0,32.582142377342954,1.2784032826473215,0.0,-0.94,1.9799999999999998,0.14974677781725998
kevin durant,GSW,SF,2019,4,0,30.0,1,0.35,0.5846,12.27,7.16,0.3772,5.33,0.3027,2.03,25.37,5.53,3.26,1.41,6.720000000000001,0.6700000000000002,19.32,6.390000000000001,3.12,0.5226999999999999,17.549999999999997,9.17,0.8842,6.26,5.52,0.3571,71.8,34.239999999999995,6.05,1.62,0.47,8.15,25.42,1.98,25.94,1.1,0.78,12.1,2.79,10.98,6.9,0.6377,29.18,5.34,0.2221,11.27,0.5801,0.5648,13.45,7.6,0.4097,6.470000000000001,0.3238,2.6100000000000003,20.91,4.52,2.71,1.12,8.059999999999999,1.0100000000000002,17.07,5.91,0.7200000000000001,0.5143,19.94,10.21,0.9004,8.24,7.42,0.414,15.3,37.02,7.049999999999999,1.42,0.45,2.0,26.43,2.72,30.55,1.24,0.92,11.29,3.02,9.58,6.37,0.6489,31.34,1.4700000000000002,0.2266,2.72,0.5807,0.8756097561,0.5,34.253863389882255,1.3547163317594164,0.0,-3.8699999999999997,1.339999999999998,0.18725168091646568
kemba walker,CHO,PG,2019,4,0,28.0,0,0.3,0.4829,10.79,5.220000000000001,0.373,8.22,0.4323,3.0700000000000003,28.74,5.73,0.85,0.35,4.12,-0.87,10.68,3.37,1.99,0.4351,19.01,8.290000000000001,0.8506,5.24,4.41,0.2755,80.8,34.650000000000006,4.99,1.67,0.54,5.88,21.29,1.46,24.07,1.65,1.15,10.07,2.38,6.109999999999999,3.91,0.5644,29.81,4.300000000000001,0.1349,7.899999999999999,0.5157,0.4829,10.79,5.220000000000001,0.373,8.22,0.4323,3.0700000000000003,28.74,5.73,0.85,0.35,4.12,-0.87,10.68,3.37,1.99,0.4351,19.01,8.290000000000001,0.8506,5.24,4.41,0.2755,80.8,34.650000000000006,4.99,1.67,0.54,5.88,21.29,1.46,24.07,1.65,1.15,10.07,2.38,6.109999999999999,3.91,0.5644,29.81,4.300000000000001,0.1349,7.899999999999999,0.5157,0.9853658536,0.2,34.64941009039865,1.2497702834031943,0.0,0.0,0.0,0.5
jimmy butler,PHI,SG,2019,4,0,29.0,1,0.3,0.4951,11.75,5.82,0.3519,3.18,0.2112,1.1,20.14,4.57,1.18,0.5,5.050000000000001,1.0,11.7,3.8,2.55,0.4642,14.93,6.92,0.8567,6.74,5.8,0.4483,65.4,35.21,4.02,5.24,1.68,6.8500000000000005,22.23,1.54,20.79,2.68,1.93,8.629999999999999,1.71,8.47,5.48,0.5797,23.92,4.18,0.1931,9.38,0.5015000000000001,0.4822,11.0,5.34,0.3269999999999999,3.68,0.2521,1.18,21.1,4.66,1.37,0.52,4.54,1.11,14.35,4.880000000000001,0.36,0.4438999999999999,14.68,6.52,0.8492,5.640000000000001,4.8100000000000005,0.3782999999999999,8.7,35.71,3.43,4.46,1.38,0.7000000000000001,19.6,1.73,18.98,1.85,1.33,8.86,1.7000000000000002,9.59,6.26,0.5547,23.09,0.5700000000000001,0.1486,1.06,0.4862,0.7975609755999999,0.0,35.20287693507514,1.2771580755676408,0.0,-3.6099999999999994,-0.5100000000000007,0.11887797212149176
kyrie irving,BOS,PG,2019,4,0,26.0,1,0.2908,0.5298,12.11,6.41,0.4031,6.51,0.3494,2.64,32.65,6.14,1.0699999999999998,0.4,6.470000000000001,0.56,11.09,3.41,2.56,0.4854,18.62,9.03,0.8842,4.09,3.59,0.2167,65.9,33.18,5.859999999999999,2.7299999999999995,0.87,6.470000000000001,24.25,2.29,24.26,1.93,1.32,10.83,2.49,6.97,4.28,0.595,30.26,4.58,0.1991,9.0,0.5559000000000001,0.447,13.571428571428571,6.12857142857143,0.328,6.457142857142858,0.3225714285714285,2.1142857142857143,32.628571428571426,6.514285714285714,1.0714285714285716,0.4000000000000001,2.4142857142857146,-0.3,9.071428571428571,3.3142857142857145,0.4714285714285715,0.4087142857142857,20.1,8.242857142857144,0.9014285714285716,4.485714285714287,4.057142857142857,0.2241428571428571,11.571428571428571,36.58571428571429,2.6428571428571432,1.8285714285714287,0.6285714285714286,0.3142857142857144,17.15714285714286,2.671428571428572,22.614285714285717,1.842857142857143,1.3714285714285714,11.957142857142856,2.9857142857142858,5.6,3.871428571428571,0.5122857142857143,30.38571428571429,0.4857142857142857,0.0812857142857143,0.8571428571428572,0.4620000000000001,0.8036585366,0.3,33.191229894693194,1.1696143772884784,0.0,-4.094285714285714,-4.055714285714286,0.16220820667915814
dangelo russell,BRK,PG,2019,4,0,22.0,1,0.25,0.4735,9.45,4.45,0.3520999999999999,6.859999999999999,0.4223,2.44,36.72,6.02,0.74,0.28,1.18,-1.2,12.12,3.19,1.77,0.4222,16.310000000000002,6.91,0.7684,2.66,2.06,0.1694,67.5,28.55,2.38,2.29,0.63,1.11,17.32,1.84,18.32,1.83,1.12,14.96,3.04,7.17,3.82,0.5228,30.51,1.91,0.0593,2.88,0.4969,0.379,13.2,5.0,0.324,7.4,0.359,2.4,22.1,3.6,0.5,0.2,-3.1,-2.0,12.1,3.2,0.0,0.359,20.6,7.4,0.846,2.6,2.2,0.126,5.0,29.6,-1.1,1.3,0.4,-0.4,11.5,2.4,19.4,2.2,1.4,11.4,2.8,6.3,3.6,0.446,33.8,0.0,-0.105,-0.3,0.417,0.8231707318000001,0.0,28.56941980714285,1.259113842287644,0.0,-1.91,-4.28,0.07132100475874947
al horford,BOS,C,2019,4,0,32.0,1,0.2566,0.5609999999999999,7.63,4.3,0.3797,3.15,0.2909,1.2000000000000002,22.56,4.51,3.46,1.2400000000000002,4.55,1.77,18.93,5.35,3.13,0.5088,10.81,5.5,0.8054,1.61,1.2600000000000002,0.147,69.2,30.44,2.83,5.73,1.6,4.17,18.92,1.92,13.47,1.21,0.79,12.49,1.63,12.37,6.93,0.5856,18.91,3.51,0.1676,7.35,0.5643,0.5126,7.74,4.02,0.413,3.72,0.3181,1.54,20.77,4.27,2.3200000000000003,0.92,3.9,1.64,20.64,6.739999999999999,0.63,0.489,11.43,5.53,0.8164,2.49,2.08,0.223,13.8,34.69,2.26,5.0,1.55,0.9000000000000001,17.15,2.14,14.68,0.98,0.66,13.32,1.92,12.9,8.31,0.5879000000000001,18.74,0.77,0.1406,1.53,0.5553,0.8439024391000001,0.0,30.44339828284314,1.1696143772884784,0.0,-2.7399999999999998,-0.6499999999999999,0.18518008486869333
kawhi leonard,TOR,SF,2019,3,0,27.0,1,0.3,0.5382857142857144,13.42857142857143,7.242857142857144,0.3735714285714286,5.057142857142858,0.275,1.9285714285714288,17.114285714285714,3.3571428571428577,1.2285714285714286,0.4857142857142857,7.828571428571429,1.4142857142857146,17.771428571428572,5.628571428571429,3.7714285714285714,0.4928571428571429,18.485714285714288,9.1,0.8614285714285714,7.128571428571428,6.157142857142857,0.3852857142857143,64.0,33.82857142857143,6.385714285714286,4.057142857142857,1.2428571428571429,6.9,26.31428571428572,1.5285714285714287,26.285714285714285,2.5571428571428574,1.8000000000000005,8.6,2.0285714285714285,11.085714285714287,6.871428571428572,0.6071428571428571,30.528571428571432,5.385714285714286,0.2354285714285714,10.67142857142857,0.5445714285714286,0.5402857142857144,13.942857142857145,7.514285714285714,0.4007142857142858,5.6,0.2862857142857143,2.242857142857143,20.15714285714286,4.1,1.685714285714286,0.6428571428571429,11.271428571428572,2.771428571428572,19.72857142857143,6.628571428571428,1.357142857142857,0.5,19.585714285714285,9.72857142857143,0.8974285714285715,8.857142857142858,7.9714285714285715,0.455,20.57142857142857,38.15714285714286,8.428571428571429,5.971428571428572,2.1,2.8714285714285714,28.92857142857143,2.157142857142857,29.7,2.185714285714286,1.7,10.642857142857144,2.842857142857143,12.714285714285715,8.728571428571428,0.6341428571428572,31.057142857142864,2.5571428571428574,0.264,4.228571428571429,0.557,0.5792682927,0.5,30.684700448783783,1.3969023746183824,0.0,-2.8285714285714287,3.442857142857143,0.2660859170051913
harrison barnes,SAC,PF,2019,4,1,26.0,0,0.2213,0.4613,9.9,4.59,0.3748,4.699999999999999,0.3319,1.7999999999999998,7.859999999999999,1.65,0.45,0.2,-1.01,-1.23,14.1,4.24,1.79,0.4371,14.6,6.42,0.8323,3.75,3.14,0.2572,77.4,33.81,0.22,2.87,0.89,2.1,14.4,1.48,17.709999999999997,0.96,0.64,7.74,1.36,8.36,5.18,0.5449,23.07,0.66,0.0706,3.86,0.4998,0.4613,9.9,4.59,0.3748,4.699999999999999,0.3319,1.7999999999999998,7.859999999999999,1.65,0.45,0.2,-1.01,-1.23,14.1,4.24,1.79,0.4371,14.6,6.42,0.8323,3.75,3.14,0.2572,77.4,33.81,0.22,2.87,0.89,2.1,14.4,1.48,17.709999999999997,0.96,0.64,7.74,1.36,8.36,5.18,0.5449,23.07,0.66,0.0706,3.86,0.4998,0.9439024388,0.2,33.80707375530166,1.1472136076725992,0.0,0.0,0.0,0.5
malcolm brogdon,MIL,SG,2019,4,0,26.0,1,0.1833,0.5276000000000001,7.26,3.85,0.4093,3.44,0.3198,1.39,17.85,3.4000000000000004,0.6399999999999999,0.23,0.6600000000000001,-0.33,11.01,3.03,1.66,0.4894,10.7,5.26,0.9016,2.08,1.88,0.1918,61.4,28.55,0.97,3.03,0.77,3.22,16.17,1.99,13.739999999999998,1.46,0.8400000000000001,11.09,1.42,7.18,3.8,0.5913999999999999,19.78,1.2,0.1328,4.88,0.5551999999999999,0.485,5.62,2.71,0.3631,4.16,0.4169,1.55,17.33,3.12,0.47,0.11,-1.4399999999999995,-0.8200000000000001,13.89,3.66,0.24,0.4353,9.76,4.26,0.558,1.22,0.8300000000000001,0.1251,6.800000000000001,28.230000000000004,-0.6700000000000002,2.59,0.67,0.03,11.14,2.15,10.91,0.87,0.48,14.02,1.61,8.309999999999999,4.33,0.5266,19.21,0.02,0.0610999999999999,0.27,0.5118,0.7487804879,0.0,28.57078740052083,1.2784032826473215,0.0,-1.18,-2.0999999999999996,0.09869949314475454
bojan bogdanovic,IND,SF,2019,4,0,29.0,1,0.1558,0.5316000000000001,6.959999999999999,3.71,0.4065,4.8,0.4122,1.93,8.620000000000001,1.73,0.15,0.05,-0.3,-1.08,12.08,3.35,2.06,0.4797,11.79,5.65,0.8425,3.28,2.7,0.2749,80.7,30.28,0.78,1.55,0.42,3.49,14.920000000000002,1.69,16.03,1.14,0.74,10.55,1.56,6.9,3.75,0.605,21.38,1.0699999999999998,0.1079,5.6,0.563,0.4397999999999999,7.32,3.18,0.3436,5.37,0.4447,1.86,10.489999999999998,2.11,0.06,0.02,-0.01,0.2899999999999999,15.58,4.19,0.28,0.3998,12.72,5.09,0.7898000000000001,3.07,2.59,0.2455,6.7,32.76,-0.35,2.03,0.5900000000000001,0.02,12.57,2.15,14.48,1.96,1.37,9.32,1.44,8.54,4.779999999999999,0.522,21.36,0.04,0.069,0.25,0.4771999999999999,0.9841463414,0.0,30.26765923273148,1.1248951496529858,0.0,-1.0299999999999998,0.29,0.08242010778464699
julius randle,NOP,PF,2019,3,0,24.0,0,0.1649,0.5559,11.17,6.23,0.2925999999999999,1.6800000000000002,0.1209,0.52,16.5,3.05,1.59,0.55,0.75,-0.36,22.8,6.3100000000000005,2.03,0.527,12.83,6.75,0.7255,5.67,4.12,0.4375,75.9,29.07,1.11,7.95,2.16,3.7,19.68,3.37,18.17,1.04,0.6399999999999999,15.03,2.64,15.38,8.469999999999999,0.5904,25.770000000000003,1.54,0.125,5.73,0.5462,0.5559,11.17,6.23,0.2925999999999999,1.6800000000000002,0.1209,0.52,16.5,3.05,1.59,0.55,0.75,-0.36,22.8,6.3100000000000005,2.03,0.527,12.83,6.75,0.7255,5.67,4.12,0.4375,75.9,29.07,1.11,7.95,2.16,3.7,19.68,3.37,18.17,1.04,0.6399999999999999,15.03,2.64,15.38,8.469999999999999,0.5904,25.770000000000003,1.54,0.125,5.73,0.5462,0.9256097558,0.0,29.06121924398417,1.1546795001423398,0.0,0.0,0.0,0.5
terry rozier,BOS,PG,2019,3,0,24.0,1,0.1823,0.415,4.220000000000001,1.76,0.3544,4.13,0.4911,1.48,17.14,2.68,0.88,0.2299999999999999,0.25,0.63,16.35,3.42,2.45,0.3854,8.32,3.25,0.7787,1.35,1.01,0.158,78.3,22.54,-0.4,2.6900000000000004,0.54,1.11,13.16,1.28,8.99,1.83,0.87,8.89,0.87,9.52,3.98,0.4997,18.84,1.07,0.0928,3.56,0.4731999999999999,0.4501,3.81,1.7199999999999998,0.2951999999999999,4.65,0.5465,1.4200000000000002,19.71,3.04,1.08,0.23,0.7,1.36,18.0,3.77,0.4600000000000001,0.3632,8.46,3.14,0.7813,2.01,1.55,0.2476,13.6,23.24,-0.6900000000000001,2.67,0.46,0.3,12.22,1.69,9.27,1.54,0.71,10.68,1.03,10.47,4.26,0.4867,19.86,0.37,0.0677,0.76,0.4432,0.9548780486,0.0,22.50702186305166,1.1696143772884784,0.0,-0.7000000000000001,0.44999999999999996,0.15188476779310947
terrence ross,ORL,SG,2019,4,1,27.0,1,0.1144999999999999,0.4863,5.0,2.45,0.361,5.67,0.5264,2.1,9.16,1.5499999999999998,1.28,0.43,-0.45,-0.0999999999999999,12.04,2.81,1.85,0.4208,10.67,4.5,0.8287,1.5499999999999998,1.29,0.147,63.3,25.77,-0.3499999999999998,1.39,0.31,1.09,13.35,1.68,12.36,1.9,1.0,9.09,1.09,6.69,3.17,0.542,21.0,0.9,0.0722,2.94,0.5162,0.421,3.8,1.6,0.343,7.0,0.648,2.4,9.0,1.4,1.3,0.4,0.9,1.1,13.7,3.4,0.1,0.37,10.8,4.0,0.824,3.4,2.8,0.315,5.0,29.2,-0.2,0.7,0.2,-0.1,11.2,2.0,13.2,2.1,1.2,14.0,2.0,6.7,3.6,0.537,21.7,0.1,0.015,0.0,0.481,0.7719512195,0.0,25.78946086416073,1.4385772119094131,0.0,-0.8,1.35,0.0821498041064774
brook lopez,MIL,C,2019,4,1,30.0,1,0.1108,0.5784,5.69,3.22,0.3551999999999999,5.51,0.5145,1.96,9.29,1.5699999999999998,5.47,1.83,1.83,0.8400000000000001,14.18,3.91,3.08,0.4603,11.18,5.180000000000001,0.7939,2.41,1.93,0.2064,77.7,27.29,0.99,3.29,0.8200000000000001,2.34,16.330000000000002,2.45,14.25,0.9,0.52,9.93,1.39,8.969999999999999,4.73,0.5811999999999999,21.24,2.07,0.1215,5.470000000000001,0.5525,0.661,3.9,2.6,0.293,5.0,0.56,1.5,7.1,1.4,5.8,1.9,2.4,2.4,15.5,4.7,0.8,0.455,8.9,4.1,0.828,1.9,1.6,0.216,15.0,29.2,0.0,2.9,0.8,0.5,13.9,3.1,11.2,0.7,0.4,6.4,0.7,9.4,5.5,0.572,15.4,0.5,0.151,1.4,0.537,0.9475609754,0.0,27.28981868091892,1.2784032826473215,0.0,-1.5699999999999998,0.5699999999999998,0.17119854223268696
ricky rubio,UTA,PG,2019,3,0,28.0,1,0.1484,0.4509,6.88,3.1,0.3223,3.42,0.3334,1.12,32.35,6.46,0.38,0.1,0.29,0.8099999999999999,12.77,3.39,2.88,0.4078,10.3,4.199999999999999,0.8654999999999999,3.45,3.0,0.3357,72.1,29.32,-0.47,2.25,0.61,1.8,14.98,2.6500000000000004,12.5,2.48,1.4700000000000002,18.35,2.63,7.53,4.0,0.5289,21.7,1.29,0.1049,4.66,0.4614,0.469875,8.674999999999999,4.125,0.2423749999999999,4.4875,0.3412499999999999,1.1374999999999995,42.675,8.0,1.0,0.3125,3.9375,3.0,14.062499999999998,4.0625,0.2375,0.39775,13.2,5.262499999999999,0.824875,3.925,3.25,0.2985,5.375,32.325,0.9625,2.2125,0.675,0.0625,16.775,2.575,14.875,3.0125,1.9875,16.737499999999997,3.0,8.037499999999998,4.737499999999999,0.4985,24.1,0.2625,0.0798749999999999,0.2625,0.441125,0.8792682927000001,0.5,29.330699942729822,1.248785744436482,0.0,-1.0275,3.6475,0.07594765112911876
thaddeus young,IND,PF,2019,3,0,30.0,1,0.1182,0.5527,8.36,4.609999999999999,0.3467,1.88,0.1840999999999999,0.6299999999999999,10.23,2.14,1.23,0.4,0.91,0.8300000000000001,14.57,4.109999999999999,3.45,0.515,10.27,5.29,0.606,1.42,0.88,0.1373,79.6,31.05,0.08,8.09,2.25,2.59,15.52,2.22,12.04,2.48,1.56,11.44,1.4,11.419999999999998,6.359999999999999,0.5553,17.47,1.8,0.1168,6.02,0.5468,0.5423,8.29,4.47,0.2608,1.5,0.1507,0.4,14.31,2.82,2.08,0.73,3.79,3.09,15.920000000000002,4.48,0.27,0.5021,9.79,4.84,0.501,1.97,0.97,0.1997999999999999,4.9,33.42,0.7000000000000002,10.63,3.18,0.21,17.22,2.74,11.04,3.54,2.31,10.3,1.25,13.04,7.61,0.5239,16.33,0.24,0.135,0.48,0.5213,0.9707317072,0.0,31.063714770403735,1.1248951496529858,0.0,-1.56,2.88,0.062139277770062146
patrick beverley,LAC,PG,2019,3,1,30.0,1,0.1131,0.4252,3.63,1.57,0.3949,4.31,0.5527,1.6800000000000002,17.1,3.61,1.39,0.53,0.8200000000000001,1.12,13.48,3.66,1.5699999999999998,0.4084,7.91,3.25,0.7908,1.53,1.21,0.2069,55.7,28.96,-0.28,4.54,1.23,2.01,12.22,3.29,9.36,2.05,1.26,14.77,1.54,9.1,4.91,0.5487,14.8,1.13,0.0954,3.58,0.5174000000000001,0.4145714285714286,3.4857142857142858,1.4857142857142858,0.4247142857142857,4.914285714285715,0.5920000000000001,2.1142857142857148,18.67142857142857,4.214285714285714,2.0,0.7714285714285715,2.071428571428571,1.1714285714285717,21.071428571428573,5.814285714285714,0.1142857142857143,0.4222857142857142,8.4,3.5285714285714285,0.7602857142857143,1.3,1.0,0.158,7.428571428571429,31.642857142857142,0.9000000000000001,5.128571428571428,1.4714285714285715,0.2,13.557142857142855,3.5,10.171428571428573,1.7142857142857144,1.1428571428571428,15.642857142857144,1.6714285714285717,12.67142857142857,7.2857142857142865,0.5685714285714286,14.357142857142858,0.2285714285714286,0.0682857142857143,0.3428571428571428,0.5482857142857143,0.6792682925,0.3,28.94008574574749,1.277669673796739,0.0,-0.9014285714285712,1.2514285714285711,0.12718846313402973
dewayne dedmon,ATL,C,2019,3,0,29.0,1,0.1222,0.5879,4.7,2.78,0.2975,2.39,0.2953,0.89,7.77,1.27,3.48,0.95,0.4,0.95,27.05,5.8,2.12,0.5276000000000001,7.09,3.62,0.7805,1.56,1.21,0.2333,65.8,23.52,-0.5499999999999999,7.75,1.62,2.05,15.94,2.91,9.42,1.67,0.8300000000000001,14.02,1.23,17.380000000000003,7.42,0.6096999999999999,15.91,0.92,0.1315,4.15,0.583,0.609,1.9,1.2,0.0,0.0,0.0,0.0,4.6,0.3,3.1,0.3,0.2,-0.5,32.3,2.2,0.1,0.609,1.9,1.2,0.531,2.7,1.4,1.391,12.0,8.1,0.8,24.0,1.8,0.2,21.7,1.3,3.8,1.1,0.2,17.7,0.7,28.0,3.9,0.607,20.6,0.1,0.17,0.3,0.609,0.8024390244,0.5,23.53371981123461,1.102813957141034,0.0,-0.8200000000000001,-0.2,0.05909475588758863
deandre jordan,NYK,C,2019,4,0,30.0,1,0.0905,0.6574,6.92,4.51,0.0,0.0,0.0006,0.0,9.07,1.84,3.08,1.16,2.13,0.74,35.8,10.19,3.49,0.6568,6.92,4.51,0.6229,4.17,2.5700000000000003,0.6053999999999999,73.8,30.64,1.41,13.04,3.68,5.24,19.92,2.5,11.64,0.94,0.5700000000000001,18.15,1.92,24.54,13.87,0.666,15.12,2.38,0.1835,8.73,0.6568,0.717,8.6,6.1,0.0,0.1,0.016,0.0,3.2,0.7,2.2,0.9,0.7,-0.1,37.6,10.9,0.4,0.705,8.7,6.1,0.393,8.0,3.1,0.918,7.0,37.7,0.8,11.7,3.6,0.3,17.3,4.1,15.4,0.6,0.4,16.6,2.4,24.3,14.4,0.631,18.7,0.2,0.128,0.7,0.705,0.9000000001,0.0,30.623054972358503,1.0803655871756863,0.0,-2.1799999999999997,-1.43,0.10450938802407163
cory joseph,IND,PG,2019,3,0,27.0,1,0.11,0.4595,5.12,2.3600000000000003,0.3380999999999999,2.08,0.2913,0.71,19.18,3.5700000000000003,0.78,0.25,-0.91,0.86,11.8,2.72,2.39,0.4236,7.23,3.07,0.7265,0.8800000000000001,0.71,0.1227999999999999,81.6,25.7,-1.77,2.23,0.52,0.95,11.44,1.6700000000000002,7.48,1.98,1.01,12.39,1.11,7.08,3.24,0.4915,14.97,0.62,0.0773,3.36,0.473,0.479,3.81,1.83,0.3857,2.07,0.3494,0.8,15.33,2.02,0.63,0.13,1.48,2.35,9.86,1.72,0.18,0.4466,5.83,2.63,1.0,0.68,0.68,0.1187,6.1,21.01,-0.87,1.6,0.32,0.08,12.54,1.66,6.74,2.09,0.8700000000000001,6.19,0.4599999999999999,5.61,2.04,0.5464,14.6,0.11,0.113,0.26,0.5142,0.9951219512,0.0,25.674080691036583,1.1248951496529858,0.0,-0.51,2.39,0.057593175873069516
maxi kleber,DAL,PF,2019,4,1,27.0,0,0.0733,0.59425,2.4375,1.4375,0.3379999999999999,2.6125,0.5083749999999999,0.9125,6.65,0.8875,4.0625,0.95,0.0625,0.9375,16.412499999999998,2.9875,1.575,0.4665,4.9875,2.35,0.7697499999999999,0.925,0.725,0.191625,71.375,19.55,-0.875,6.424999999999999,1.1875,1.6,13.2125,1.85,6.275,1.1625,0.4625,10.2,0.65,11.3625,4.1125,0.5778749999999999,13.575,0.75,0.11175,3.2375,0.5529999999999999,0.59425,2.4375,1.4375,0.3379999999999999,2.6125,0.5083749999999999,0.9125,6.65,0.8875,4.0625,0.95,0.0625,0.9375,16.412499999999998,2.9875,1.575,0.4665,4.9875,2.35,0.7697499999999999,0.925,0.725,0.191625,71.375,19.55,-0.875,6.424999999999999,1.1875,1.6,13.2125,1.85,6.275,1.1625,0.4625,10.2,0.65,11.3625,4.1125,0.5778749999999999,13.575,0.75,0.11175,3.2375,0.5529999999999999,0.8704268293749999,0.625,19.505068345290493,1.3369510155199325,0.0,0.0,0.0,0.5
rudy gay,SAS,PF,2019,2,1,32.0,1,0.1329,0.5199,8.469999999999999,4.4,0.3696,2.74,0.2407,1.01,13.11,2.25,2.04,0.64,1.3199999999999998,0.5800000000000001,21.3,5.13,1.93,0.4843,11.16,5.36,0.8106,2.72,2.23,0.2419,57.6,26.59,0.74,4.74,1.08,1.56,17.73,2.18,14.04,1.71,0.94,12.16,1.77,13.04,6.19,0.5668,23.59,1.27,0.1115,3.49,0.5292,0.4205,8.087499999999999,3.4625,0.346375,3.0375,0.27325,0.9875,10.925,1.8875,1.5625,0.5125,-0.5249999999999999,-0.35,19.2125,4.7375,0.1,0.4,11.125,4.449999999999999,0.7235,2.175,1.625,0.2036249999999999,6.25,28.0,-0.1124999999999999,7.15,1.8625,0.025,13.925,2.3875,11.5125,1.5375,0.85,10.125,1.325,13.0875,6.5375,0.480125,22.2125,0.0625,0.028,0.125,0.44725,0.7024390246,0.2,26.5824750806865,1.3368619796012526,0.0,-1.2075,-1.8449999999999998,0.10254402947642777
seth curry,POR,SG,2019,4,0,28.0,1,0.0684,0.4815714285714286,3.6142857142857143,1.7571428571428571,0.4428571428571429,3.742857142857143,0.5165714285714287,1.6428571428571428,9.214285714285715,1.4142857142857146,0.5857142857142857,0.1714285714285714,-0.3714285714285714,-0.3857142857142857,7.585714285714287,1.5571428571428574,1.1285714285714286,0.4631428571428572,7.357142857142858,3.442857142857143,0.8471428571428572,0.9,0.7714285714285715,0.1205714285714285,72.85714285714286,21.785714285714285,-0.0571428571428571,1.9,0.4000000000000001,1.9,12.571428571428571,1.442857142857143,9.3,1.4285714285714286,0.6714285714285715,11.071428571428571,0.9428571428571432,4.742857142857143,1.885714285714286,0.5967142857142858,17.42857142857143,0.7000000000000001,0.09,3.0285714285714285,0.5772857142857143,0.3,1.9,0.6,0.404,3.3,0.634,1.3,5.7,0.8,1.0,0.3,-1.4,0.2,6.5,1.3,0.1,0.366,5.1,1.9,0.818,0.7,0.6,0.134,16.0,20.4,-1.6,1.6,0.3,0.1,8.3,1.7,5.6,1.8,0.8,7.5,0.4,4.1,1.6,0.518,12.5,0.1,0.043,0.3,0.494,0.8885017420000001,0.2857142857142857,21.78939667539989,1.3514163288144578,0.0,-0.6000000000000001,-1.0285714285714285,0.17056455999129772
jeremy lamb,CHO,SG,2019,3,0,26.0,0,0.0962,0.4992,7.38,3.68,0.3412,3.54,0.3194,1.25,12.830000000000002,2.03,1.38,0.4,1.18,0.08,18.19,4.13,1.83,0.4491,10.9,4.91,0.8729,2.85,2.47,0.2606,75.9,25.31,1.09,2.9400000000000004,0.68,2.83,17.15,1.73,13.46,1.64,0.8700000000000001,7.49,0.98,10.41,4.84,0.5537000000000001,22.61,1.58,0.1154999999999999,4.66,0.5038,0.4992,7.38,3.68,0.3412,3.54,0.3194,1.25,12.830000000000002,2.03,1.38,0.4,1.18,0.08,18.19,4.13,1.83,0.4491,10.9,4.91,0.8729,2.85,2.47,0.2606,75.9,25.31,1.09,2.9400000000000004,0.68,2.83,17.15,1.73,13.46,1.64,0.8700000000000001,7.49,0.98,10.41,4.84,0.5537000000000001,22.61,1.58,0.1154999999999999,4.66,0.5038,0.925609756,0.0,25.304304981625155,1.2497702834031943,0.0,0.0,0.0,0.5
kelly oubre jr,PHO,SF,2019,2,1,23.0,1,0.1432,0.5058,5.85,3.01,0.3197,4.3100000000000005,0.4256,1.42,6.119999999999999,1.08,1.85,0.61,-1.75,-0.48,14.72,3.49,1.64,0.4276,10.16,4.35,0.7850999999999999,2.88,2.25,0.2783,74.6,26.31,-1.27,3.76,0.87,0.99,12.989999999999998,2.67,12.4,1.95,1.04,9.52,1.2,9.2,4.359999999999999,0.5389,20.34,0.16,0.0632,2.6100000000000003,0.496,0.4834,3.92,1.9,0.2734,2.92,0.4344,0.78,3.56,0.54,2.02,0.46,-2.42,0.6200000000000001,15.42,2.8600000000000003,0.14,0.3954,6.84,2.68,0.8133999999999999,2.12,1.86,0.2905999999999999,8.4,20.94,-3.0,2.72,0.44,0.04,10.0,2.9000000000000004,7.9,2.28,0.92,8.799999999999999,0.72,9.1,3.2,0.5146,17.660000000000004,0.0,0.0492,0.18,0.4566,0.9097560977,0.5,26.34586961159828,1.1891479252765806,0.0,-0.16,-0.6699999999999999,0.082247353669793
alfarouq aminu,POR,PF,2019,3,0,28.0,1,0.0848,0.4756,3.84,1.83,0.3482,3.92,0.5016,1.36,6.32,1.33,1.48,0.52,0.2499999999999999,0.71,22.69,6.13,2.76,0.4135999999999999,7.689999999999999,3.19,0.7961,1.85,1.54,0.2455,73.4,28.97,-0.44,5.17,1.38,1.75,12.46,1.84,9.23,1.61,0.93,11.28,1.08,14.06,7.51,0.5418000000000001,14.37,1.22,0.0998,4.54,0.5015000000000001,0.4893,4.45,2.25,0.3592999999999999,4.71,0.4989,1.7999999999999998,6.69,1.2400000000000002,2.01,0.6499999999999999,0.94,0.06,20.32,5.0600000000000005,0.1699999999999999,0.422,9.16,4.1,0.8022,1.86,1.36,0.2358,10.0,27.95,0.88,7.550000000000001,2.06,0.1699999999999999,14.37,2.1100000000000003,11.29,1.24,0.76,12.3,1.41,13.65,7.15,0.5468999999999999,17.2,0.13,0.0742999999999999,0.32,0.5125000000000001,0.8951219512999999,0.0,28.968575030050246,1.3514163288144578,0.0,-1.0899999999999999,0.6900000000000001,0.11617283858251679
george hill,MIL,PG,2019,3,1,32.0,1,0.0837,0.5251,4.75,2.49,0.3621,3.19,0.4003,1.17,16.060000000000002,2.83,0.76,0.21,-0.1799999999999999,0.26,8.92,2.11,1.3,0.4594,7.940000000000001,3.63,0.808,2.13,1.7200000000000002,0.2595,59.9,25.25,-0.4099999999999999,2.74,0.63,2.24,13.9,1.88,10.18,1.8,0.92,11.67,1.18,5.9,2.74,0.5708,17.14,0.7399999999999999,0.1134,3.54,0.5317000000000001,0.5698000000000001,5.290000000000001,3.0,0.3801,3.1900000000000004,0.3833999999999999,1.19,15.11,2.78,0.9,0.29,1.82,1.05,8.620000000000001,2.3200000000000003,0.38,0.4958,8.48,4.19,0.786,2.66,2.08,0.3207,14.8,28.96,0.72,3.49,0.91,0.89,14.93,2.58,11.63,1.1,0.61,8.0,0.8800000000000001,6.07,3.23,0.6093999999999999,16.13,0.37,0.1501,1.27,0.569,0.730487805,0.2,25.26854847224084,1.2784032826473215,0.0,-0.3699999999999999,2.0,0.2208086928791814
delon wright,MEM,PG,2019,2,0,26.0,1,0.0868,0.4926,4.44,2.21,0.3254,1.98,0.3085,0.6699999999999999,20.32,2.94,1.7600000000000002,0.43,2.14,1.66,11.53,2.2,1.95,0.4409,6.45,2.83,0.798,1.91,1.54,0.3106,63.6,20.89,0.4499999999999999,4.1,0.78,1.7999999999999998,15.7,1.28,7.869999999999999,2.62,1.1,12.69,1.01,7.83,2.98,0.5407,17.53,1.42,0.1295,3.72,0.4911999999999999,0.5352,3.3,1.64,0.3905999999999999,1.54,0.3266,0.6200000000000001,18.66,1.94,2.38,0.5800000000000001,4.36,2.52,11.28,1.54,0.16,0.4852,4.84,2.26,0.8484,1.28,1.14,0.3057999999999999,9.6,16.98,1.82,3.14,0.34,0.28,16.68,0.76,6.279999999999999,2.9800000000000004,1.06,14.38,0.78,7.22,1.88,0.593,15.74,0.28,0.1176,0.38,0.5484,0.7756097561,0.0,20.859155341867957,1.3040743405746595,0.0,-1.14,2.22,0.10928311115759326
jj redick,PHI,SG,2019,2,0,34.0,1,0.1235999999999999,0.4946,5.68,2.8,0.4103,7.18,0.5566,2.96,12.54,2.53,0.4599999999999999,0.17,0.51,-1.57,7.67,2.24,1.44,0.447,12.81,5.71,0.8964000000000001,3.15,2.8,0.2438,74.6,30.35,2.08,0.72,0.2,4.4,15.28,1.71,17.18,0.78,0.49,8.75,1.36,4.279999999999999,2.39,0.605,21.86,1.44,0.125,5.89,0.5608,0.4964999999999999,4.03,2.05,0.3802999999999999,6.640000000000001,0.6218,2.54,8.29,1.7600000000000002,0.4399999999999999,0.18,-1.65,-1.75,4.86,1.35,0.18,0.4266999999999999,10.62,4.59,0.8521000000000001,2.69,2.26,0.2538,10.4,31.79,0.1,0.5700000000000001,0.19,0.35,9.88,2.46,13.98,0.51,0.35,12.73,1.61,2.7300000000000004,1.54,0.5896999999999999,18.17,0.0499999999999999,0.0703999999999999,0.53,0.5468,0.9097560975,0.0,30.356261234830345,1.2771580755676408,0.0,-1.3900000000000001,-2.16,0.12741846345240307
tyus jones,MIN,PG,2019,3,0,22.0,1,0.0848,0.4757,3.43,1.6,0.3344,1.67,0.3399999999999999,0.53,26.11,3.76,0.39,0.1,-0.0199999999999999,0.8,8.35,1.42,0.93,0.4274,5.1,2.1500000000000004,0.837,0.94,0.8400000000000001,0.1992,70.6,19.4,-0.81,1.46,0.25,1.94,13.84,1.1,5.68,2.83,1.12,11.9,0.6799999999999999,4.859999999999999,1.7,0.5217,13.579999999999998,0.71,0.0998,2.88,0.485,0.4,1.3,0.5,0.0,0.5,0.286,0.0,19.3,2.0,0.0,0.0,-3.7,0.4,17.2,2.3,0.0,0.286,1.8,0.5,0.0,0.0,0.0,0.0,4.0,13.8,-4.1,0.0,0.0,0.0,6.1,0.0,1.0,0.9,0.3,12.5,0.3,8.9,2.3,0.286,6.6,0.0,-0.021,0.0,0.286,0.8609756099000001,0.0,19.421373471055,1.3374847991047325,0.0,-0.71,-3.68,0.038741191993486995
trevor ariza,WAS,SF,2019,2,0,33.0,1,0.1118,0.5134000000000001,3.64,1.89,0.3462,6.6,0.647,2.28,11.2,2.77,0.62,0.27,-0.24,0.13,14.65,4.54,2.08,0.4049,10.26,4.17,0.8003,1.91,1.52,0.1842,70.6,34.11,-0.37,2.08,0.6399999999999999,1.99,12.05,1.89,12.1,2.03,1.46,9.48,1.17,8.29,5.16,0.5467,15.44,1.07,0.0807,4.04,0.5172,0.5,3.0,1.48,0.3224,5.44,0.6446000000000001,1.74,6.62,1.62,0.34,0.14,-0.86,0.58,11.36,3.74,0.46,0.3852,8.44,3.22,0.8168,1.6,1.3199999999999998,0.1914,14.6,35.52,-1.38,1.86,0.58,0.22,8.76,2.48,9.56,1.64,1.1800000000000002,6.859999999999999,0.68,6.64,4.32,0.5216000000000001,12.260000000000002,0.12,0.0698,0.72,0.4882,0.86097561,0.5,34.11290242837984,1.3206118838900942,0.0,-0.9500000000000001,-0.62,0.1771899145744199
ivica zubac,LAC,C,2019,3,1,21.0,1,0.0594,0.5379,5.28,2.88,0.0,0.02,0.0049999999999999,0.0,8.809999999999999,0.8900000000000001,3.78,0.72,-1.19,-0.31,22.51,3.26,0.9,0.5353000000000001,5.300000000000001,2.88,0.7611,1.67,1.28,0.3326,50.0,14.85,-0.88,10.91,1.47,1.22,17.439999999999998,1.82,7.0600000000000005,0.79,0.24,13.62,0.94,16.759999999999998,4.76,0.5785,19.49,0.2,0.1266,2.12,0.5353000000000001,0.5,4.5,2.3,0.0,0.0,0.0,0.0,4.3,0.3,4.3,0.5,-0.2,-2.4,33.4,2.8,0.0,0.5,4.5,2.3,0.667,0.8,0.5,0.167,4.0,9.8,2.2,29.6,2.8,0.0,23.0,1.3,5.0,2.4,0.5,17.2,1.0,31.4,5.5,0.518,24.9,0.0,0.065,0.1,0.5,0.6097560975,0.2,14.868711117797854,1.277669673796739,0.0,-0.2,0.99,0.05014711526160932
demarre carroll,BRK,PF,2019,3,0,32.0,1,0.0046999999999999,0.4622,4.26,1.95,0.3505,4.8,0.5353000000000001,1.7000000000000002,7.890000000000001,1.4500000000000002,0.79,0.25,-0.69,-0.3399999999999999,16.71,4.21,1.7600000000000002,0.4017,9.06,3.67,0.7614,3.14,2.37,0.347,69.8,26.89,-0.38,4.390000000000001,1.1,1.78,12.72,1.94,11.38,1.28,0.71,9.58,1.13,10.57,5.34,0.544,18.36,0.66,0.0907,3.54,0.4951,0.2544285714285714,2.428571428571429,0.5142857142857143,0.2994285714285714,4.057142857142857,0.6214285714285714,1.2,3.1,0.4285714285714286,0.8285714285714286,0.1428571428571428,-3.6000000000000005,-0.7999999999999999,14.442857142857145,2.657142857142857,0.0571428571428571,0.285,6.485714285714286,1.7142857142857144,0.8731428571428572,1.4,1.2857142857142858,0.2201428571428571,6.428571428571429,21.42857142857143,-2.8,4.342857142857143,0.9714285714285714,-0.1,6.828571428571429,1.5142857142857145,5.914285714285715,1.9142857142857144,0.8000000000000002,7.9,0.5714285714285714,9.142857142857142,3.628571428571429,0.4301428571428571,14.82857142857143,-0.0428571428571428,-0.0178571428571428,-0.0142857142857142,0.3778571428571429,0.8512195121,0.0,26.89618016068913,1.259113842287644,0.0,-0.7028571428571428,-2.9100000000000006,0.06837577192954343
taj gibson,MIN,PF,2019,2,0,33.0,1,0.0825,0.574,7.959999999999999,4.55,0.2682,0.41,0.0492,0.13,6.390000000000001,1.14,2.09,0.6699999999999999,-0.5000000000000001,-0.49,17.740000000000002,4.33,1.71,0.5590999999999999,8.37,4.65,0.7519,2.34,1.74,0.2849,75.2,27.110000000000003,-0.04,9.55,2.37,3.79,16.52,2.58,11.22,1.28,0.74,10.62,1.09,13.61,6.62,0.5976,16.869999999999997,0.74,0.1291999999999999,5.51,0.5657,0.6215999999999999,5.44,3.3600000000000003,0.0,0.0,0.0,0.0,3.08,0.48,1.02,0.24,-2.92,-0.8599999999999999,12.46,2.76,0.0,0.6215999999999999,5.44,3.3600000000000003,0.95,1.0,0.92,0.1732,5.0,24.200000000000003,-2.06,4.88,1.08,0.16,10.5,2.0,7.640000000000001,0.4,0.2,15.64,1.12,8.56,3.84,0.6534,12.82,-0.04,0.0444,0.1,0.6215999999999999,0.9170731709,0.5,27.118749053613865,1.3374847991047325,0.0,-0.78,-2.42,0.0560270263262199
kentavious caldwellpope,LAL,SG,2019,2,1,25.0,0,0.0741,0.5013000000000001,4.8100000000000005,2.35,0.3584,5.49,0.5377,1.93,8.809999999999999,1.81,0.48,0.2,-0.2,0.21,10.67,2.97,2.21,0.4226,10.28,4.359999999999999,0.8366,2.21,1.88,0.2172,78.4,29.020000000000003,-0.39,2.49,0.6799999999999999,2.33,12.97,1.77,12.48,1.84,1.11,8.200000000000001,1.0100000000000002,6.58,3.67,0.5561,17.96,1.04,0.0955999999999999,4.49,0.519,0.5013000000000001,4.8100000000000005,2.35,0.3584,5.49,0.5377,1.93,8.809999999999999,1.81,0.48,0.2,-0.2,0.21,10.67,2.97,2.21,0.4226,10.28,4.359999999999999,0.8366,2.21,1.88,0.2172,78.4,29.020000000000003,-0.39,2.49,0.6799999999999999,2.33,12.97,1.77,12.48,1.84,1.11,8.200000000000001,1.0100000000000002,6.58,3.67,0.5561,17.96,1.04,0.0955999999999999,4.49,0.519,0.9560975608,0.0,29.027769309511505,1.204718874240446,0.0,0.0,0.0,0.5
elfrid payton,NOP,PG,2019,2,0,24.0,0,0.0733,0.4958,8.24,4.12,0.3096,2.06,0.2009,0.65,34.36,6.96,1.11,0.39,-0.5999999999999999,-0.4399999999999999,13.62,3.76,1.27,0.4591,10.3,4.75,0.7046,2.23,1.52,0.2118,56.3,29.39,-0.1599999999999999,3.97,1.12,1.2,15.39,2.08,11.67,1.82,1.11,18.6,2.6,8.75,4.83,0.5164,20.04,0.68,0.0691,2.47,0.4909,0.4958,8.24,4.12,0.3096,2.06,0.2009,0.65,34.36,6.96,1.11,0.39,-0.5999999999999999,-0.4399999999999999,13.62,3.76,1.27,0.4591,10.3,4.75,0.7046,2.23,1.52,0.2118,56.3,29.39,-0.1599999999999999,3.97,1.12,1.2,15.39,2.08,11.67,1.82,1.11,18.6,2.6,8.75,4.83,0.5164,20.04,0.68,0.0691,2.47,0.4909,0.6865853659,0.3,29.37355187450639,1.1546795001423398,0.0,0.0,0.0,0.5
wayne ellington,DET,SG,2019,2,0,31.0,1,0.0733,0.516,1.8,0.95,0.3787,7.03,0.7970999999999999,2.6500000000000004,7.34,1.22,0.33,0.1,0.0999999999999999,-0.21,8.86,2.01,1.5099999999999998,0.4068,8.83,3.6,0.8277,0.8899999999999999,0.74,0.1021999999999999,62.0,25.04,0.31,1.2000000000000002,0.3,1.85,12.17,1.4300000000000002,10.61,1.63,0.83,6.83,0.71,5.029999999999999,2.26,0.5739,17.369999999999997,0.85,0.101,3.31,0.5577000000000001,0.1925,2.4375,0.625,0.34875,5.6875,0.7144999999999999,2.025,5.1625,1.0375,0.6374999999999998,0.15,-4.3125,-2.05,9.5,2.4,-0.0625,0.324875,8.125,2.65,1.0,0.5375,0.5375,0.0678749999999999,4.375,28.075,-2.2625,1.625,0.575,-0.0625,6.6,1.2999999999999998,7.799999999999999,1.025,0.65,6.1625,0.5375,5.199999999999999,2.975,0.471375,13.925,-0.0625,-0.04,-0.125,0.4514999999999999,0.7560975607,0.0,25.02495419429061,1.3351989123285788,0.0,-0.9125,-4.4125,0.07331673688384935
marcus morris,BOS,PF,2019,1,0,29.0,1,0.1374,0.4873,6.79,3.3,0.3641,4.79,0.4164,1.73,8.09,1.54,0.92,0.27,-0.7,-0.4399999999999999,17.83,4.67,2.39,0.4357999999999999,11.58,5.03,0.8203,2.48,2.0,0.2148999999999999,69.5,28.46,-0.29,3.58,0.94,1.66,13.93,2.19,13.830000000000002,1.06,0.6199999999999999,8.64,1.1800000000000002,10.71,5.59,0.5479,21.41,0.6299999999999999,0.0988,3.99,0.5116,0.4977499999999999,5.65,2.6375,0.4376249999999999,4.175,0.437375,1.85,6.949999999999999,1.1625,1.425,0.4875,1.5875000000000004,0.5875,21.175,5.9,0.475,0.462375,9.8875,4.4875,0.73075,3.2875,2.45,0.344375,12.75,28.725,1.0000000000000002,4.6875,1.225,0.3,14.8625,2.7,13.2125,0.35,0.2125,7.0375,0.875,13.125,7.0875,0.59275,19.0625,0.2,0.137125,0.7999999999999999,0.55875,0.8475609753,0.0,28.44202651417722,1.1696143772884784,0.0,-0.4299999999999999,2.2875000000000005,0.15623308667991562
bobby portis,WAS,PF,2019,1,0,23.0,1,0.1374,0.4959,7.659999999999999,3.76,0.3708,3.13,0.2857,1.1800000000000002,9.5,1.31,1.2200000000000002,0.33,-1.26,-1.72,24.15,5.03,1.24,0.4609,10.81,4.94,0.7599,1.76,1.35,0.1659999999999999,59.7,22.87,0.44,9.1,2.0,1.07,16.94,2.29,12.419999999999998,1.26,0.62,9.78,1.29,16.46,7.01,0.5379,23.92,0.33,0.0831,2.33,0.5142,0.55,3.3,1.8,0.462,2.2,0.394,1.0,9.4,1.2,2.6,0.5,1.6,1.5,28.3,5.2,0.2,0.515,5.5,2.8,0.0,0.0,0.0,0.0,6.0,20.2,0.1,4.7,0.8,0.1,14.1,1.7,6.7,1.3,0.5,15.4,1.0,16.7,6.0,0.606,14.5,0.1,0.101,0.3,0.606,0.7280487806,0.0,22.85826032115582,1.3206118838900942,0.0,-0.23,2.8600000000000003,0.08153166516317431
derrick rose,MIN,PG,2019,2,0,30.0,1,0.067,0.4941,10.670000000000002,5.35,0.2983,1.99,0.1575,0.68,21.84,3.48,0.73,0.22,-1.12,-2.24,7.750000000000001,1.88,0.3,0.4657,12.68,5.95,0.8638,2.89,2.53,0.2319,45.8,25.19,1.1700000000000002,2.98,0.6499999999999999,1.72,16.6,0.99,15.12,1.01,0.53,11.28,1.68,5.390000000000001,2.53,0.5366,26.41,0.58,0.0592,2.04,0.4906,0.468,9.4,4.4,0.7,2.0,0.175,1.4,19.9,2.6,0.0,0.0,0.7,-0.4,7.1,1.6,0.0,0.509,11.4,5.8,0.857,1.4,1.2,0.123,5.0,23.8,1.1,0.9,0.2,0.1,16.6,1.8,14.2,0.8,0.4,11.8,1.6,4.1,1.8,0.591,26.1,0.1,0.044,0.1,0.57,0.5585365857,0.7,25.18522691911765,1.3374847991047325,0.0,-0.48,1.82,0.09350185667972549
rodney mcgruder,MIA,SG,2019,3,1,27.0,1,0.0441,0.49,3.05,1.46,0.3706,2.83,0.4833,1.02,9.43,1.44,0.76,0.2,-1.95,-0.16,10.43,2.13,1.23,0.432,5.91,2.48,0.635,0.8500000000000001,0.5800000000000001,0.1417999999999999,54.0,21.77,-1.7600000000000002,4.319999999999999,0.87,0.5900000000000001,10.12,1.5699999999999998,6.609999999999999,1.1800000000000002,0.49,9.29,0.7,7.399999999999999,3.0,0.5347,13.79,-0.02,0.0814,1.77,0.5217,0.5,0.5,0.3,0.0,0.5,0.5,0.0,0.0,0.0,0.0,0.0,-13.5,-2.0,26.9,1.0,0.0,0.25,1.0,0.3,0.0,0.0,0.0,0.0,4.0,4.0,-11.4,0.0,0.0,0.0,-2.9,0.8,0.5,0.0,0.0,0.0,0.0,13.2,1.0,0.25,10.8,0.0,-0.109,0.0,0.25,0.6585365854,0.0,21.76833352843823,1.362134672962334,0.0,0.02,-11.55,0.013427549975662567
kevon looney,GSW,C,2019,3,1,22.0,1,0.0409,0.6077,3.3,2.06,0.1543999999999999,0.12,0.0391,0.0,8.95,1.03,3.5700000000000003,0.6499999999999999,-0.15,0.6399999999999999,15.96,2.3,1.4500000000000002,0.5911,3.42,2.08,0.5966,1.13,0.66,0.3348,70.4,15.07,-0.7899999999999999,12.9,1.75,2.69,15.81,2.02,4.85,1.61,0.51,11.79,0.51,14.5,4.05,0.605,12.83,0.5700000000000001,0.1714999999999999,4.12,0.595,0.6388749999999999,3.9875,2.5875,0.0,0.0375,0.0104999999999999,0.0,6.5625,0.9625,2.2375,0.4625,0.175,0.6125,13.325,2.3875,0.4125,0.6332499999999999,4.025,2.5875,0.595375,1.25,0.775,0.3045,21.0,19.775,-0.4374999999999999,11.6875,2.0,0.975,14.912499999999998,2.4,5.975,1.5499999999999998,0.6375,10.1875,0.525,12.537499999999998,4.387499999999999,0.6383749999999999,11.3625,0.225,0.1556249999999999,1.325,0.6332499999999999,0.8585365853,0.2,15.08173252377144,1.3547163317594164,0.0,-0.3450000000000001,0.32499999999999996,0.28131293595799495
darius miller,NOP,SF,2019,2,1,28.0,1,0.0664,0.4924999999999999,1.6625,0.8,0.38225,4.9625,0.745625,1.8625,9.3125,1.8375,0.95,0.2625,-2.525,-0.8,7.0875,1.7374999999999998,0.7124999999999999,0.41025,6.5875,2.6625,0.8178749999999999,0.925,0.7625,0.143625,73.875,24.825,-1.725,0.875,0.2,1.475,8.7375,2.25,8.049999999999999,0.95,0.4875,10.225,0.825,4.1,1.9375,0.575125,13.175,-0.2125,0.0562499999999999,2.125,0.55275,0.5,1.1,0.6,0.375,2.7,0.706,1.0,8.4,1.2,0.0,0.0,-1.1,0.5,11.2,2.0,0.1,0.412,3.8,1.6,1.0,0.7,0.7,0.176,9.0,18.0,-1.6,1.3,0.2,0.1,8.6,1.1,4.8,1.4,0.6,14.1,0.7,6.4,2.2,0.587,11.3,0.0,0.067,0.2,0.544,0.900914634375,0.0,24.811685445387063,1.1546795001423398,0.0,0.2125,1.4249999999999998,0.08116448490143306
jabari parker,WAS,PF,2019,2,0,23.0,1,0.0596,0.5372,9.28,4.96,0.3444,2.98,0.247,1.06,13.84,2.33,1.33,0.42,-0.85,-1.24,19.17,4.62,1.13,0.4891,12.26,6.02,0.7269,2.8200000000000003,2.03,0.2255,51.5,27.43,0.3400000000000001,5.51,1.3199999999999998,0.75,16.7,2.07,15.05,1.46,0.79,12.920000000000002,2.01,12.34,6.01,0.5576000000000001,24.92,0.4,0.0659,1.86,0.5312000000000001,0.512,6.1,3.1,0.316,2.7,0.306,0.9,9.4,1.4,2.1,0.6,-0.2,-0.6,23.4,5.0,0.2,0.452,8.9,4.0,0.615,1.9,1.1,0.21,7.0,23.9,0.3,6.1,1.1,0.1,15.9,2.1,10.0,2.2,1.0,8.1,0.9,15.4,6.1,0.517,21.5,0.1,0.091,0.3,0.5,0.6280487805,0.7,27.43476603214401,1.3206118838900942,0.0,-0.30000000000000004,0.6499999999999999,0.10588976198538556
ish smith,DET,PG,2019,2,0,30.0,1,0.055,0.4727,7.300000000000001,3.4799999999999995,0.3205,1.82,0.2038,0.5800000000000001,27.72,4.16,0.9,0.24,-0.94,0.1,11.3,2.34,1.59,0.4430999999999999,9.13,4.08,0.7296,1.23,0.88,0.1341999999999999,68.8,23.44,-0.99,1.59,0.35,1.15,13.46,1.78,9.6,1.35,0.65,11.14,1.22,6.3,2.6900000000000004,0.4954,20.29,0.52,0.0778,2.79,0.4757,0.29,7.8,2.3,0.143,1.8,0.184,0.3,26.3,3.5,1.1,0.3,-7.8,-1.9,14.4,2.5,0.0,0.263,9.5,2.5,0.75,1.0,0.8,0.105,4.0,20.3,-5.9,1.1,0.3,-0.3,3.6,2.0,6.0,1.8,0.8,9.1,1.0,6.8,2.8,0.302,22.7,-0.1,-0.201,-0.3,0.276,0.8390243901000001,0.0,23.470299807502045,1.3351989123285788,0.0,-0.62,-6.859999999999999,0.04793750649399719
dorian finneysmith,DAL,SF,2019,3,1,25.0,0,0.0366999999999999,0.5121,2.84,1.42,0.3037999999999999,2.99,0.5215000000000001,0.94,7.17,1.12,1.27,0.32,-2.6,0.08,13.260000000000002,2.72,1.39,0.4044,5.8100000000000005,2.36,0.7252000000000001,1.02,0.72,0.1713,63.0,22.7,-2.7,6.08,1.29,0.52,9.32,2.05,6.38,1.5,0.72,12.15,0.87,9.62,4.02,0.5068,13.85,0.0,0.0521999999999999,1.96,0.4836,0.5121,2.84,1.42,0.3037999999999999,2.99,0.5215000000000001,0.94,7.17,1.12,1.27,0.32,-2.6,0.08,13.260000000000002,2.72,1.39,0.4044,5.8100000000000005,2.36,0.7252000000000001,1.02,0.72,0.1713,63.0,22.7,-2.7,6.08,1.29,0.52,9.32,2.05,6.38,1.5,0.72,12.15,0.87,9.62,4.02,0.5068,13.85,0.0,0.0521999999999999,1.96,0.4836,0.7682926829000001,0.0,22.713622573721334,1.3369510155199325,0.0,0.0,0.0,0.5
rodney hood,POR,SG,2019,2,1,26.0,1,0.0524,0.4671,6.32,2.9799999999999995,0.3665,4.369999999999999,0.4011,1.61,9.93,1.7000000000000002,0.55,0.2,-1.21,-0.73,9.54,2.26,1.08,0.4277999999999999,10.66,4.59,0.8566,2.14,1.82,0.2017,65.8,26.62,-0.48,1.42,0.3299999999999999,1.55,12.920000000000002,1.98,12.55,1.43,0.76,7.510000000000001,0.98,5.5,2.62,0.5407,20.92,0.32,0.0723999999999999,2.63,0.5017,0.5252,4.1,2.12,0.2785999999999999,2.92,0.403,0.8500000000000001,7.66,1.0,0.77,0.16,-1.96,-0.42,9.73,1.79,0.12,0.4316,6.970000000000001,3.02,0.7562,1.93,1.5,0.2712,15.3,21.28,-1.59,2.31,0.44,0.22,10.46,1.98,8.350000000000001,0.88,0.39,7.71,0.6200000000000001,5.98,2.23,0.5302,18.1,0.01,0.0416,0.37,0.4916,0.8024390240999999,0.0,26.621085811153485,1.3514163288144578,0.0,-0.31,-0.75,0.1567432769427782
jake layman,POR,SF,2019,3,0,24.0,1,0.0327999999999999,0.5024,2.16,1.27,0.274,1.73,0.4558999999999999,0.51,6.86,0.5,1.7000000000000002,0.25,-2.8200000000000003,-0.27,10.329999999999998,1.34,0.6799999999999999,0.4023,3.89,1.76,0.7051000000000001,0.63,0.4599999999999999,0.1409,53.0,12.15,-2.53,3.68,0.47,0.7799999999999999,9.2,1.04,4.54,1.48,0.32,9.46,0.39,7.06,1.84,0.4834,16.13,0.16,0.0384,1.46,0.4644999999999999,0.4522857142857143,0.6428571428571429,0.2857142857142857,0.2857142857142857,0.7142857142857144,0.5814285714285714,0.1428571428571428,2.9142857142857146,0.1428571428571428,0.0,0.0,-7.8428571428571425,-1.8428571428571432,13.385714285714286,0.5,0.0,0.245,1.4285714285714286,0.4285714285714286,0.6785714285714286,0.7857142857142858,0.5,0.5507142857142857,4.857142857142857,4.642857142857143,-6.0,3.7857142857142856,0.1428571428571428,-0.0714285714285714,3.014285714285715,0.6428571428571429,1.4285714285714288,0.8285714285714286,0.1428571428571428,0.0,0.0,8.514285714285714,0.6428571428571429,0.3792857142857143,17.271428571428572,-0.0714285714285714,-0.054,-0.0714285714285714,0.2807142857142857,0.6463414635,0.0,12.140433939778672,1.3514163288144578,0.0,-0.2314285714285714,-5.022857142857142,0.03383493755846478
danuel house,HOU,SF,2019,3,1,25.0,1,0.0324,0.5882499999999999,2.35,1.3624999999999998,0.357125,3.8125,0.61,1.45,7.212499999999999,1.0375,1.075,0.3,-0.9125,-0.6125,14.6875,2.825,0.475,0.45525,6.1625,2.775,0.7953749999999999,1.6124999999999998,1.2875,0.26625,33.0,22.25,-0.2375,3.0249999999999995,0.6,1.15,12.275,1.6875,8.35,0.9875,0.425,9.575,0.75,8.725,3.4875,0.603625,14.8875,0.25,0.095375,1.6625,0.568875,0.5,0.9,0.4,0.258,4.4,0.838,1.1,1.0,0.1,1.3,0.3,-5.4,-1.5,15.5,2.9,0.1,0.297,5.3,1.6,0.5,1.1,0.6,0.216,7.0,20.1,-3.9,1.7,0.3,-0.2,4.0,1.6,4.9,1.1,0.4,9.0,0.6,8.8,3.1,0.42,14.0,-0.1,-0.016,0.0,0.405,0.3243902439,0.0,17.963950947669787,1.48813577241359,0.0,-0.35,-4.487500000000001,0.1608091890965198
trey lyles,DEN,PF,2019,2,0,23.0,1,0.0504,0.5134,4.31,2.24,0.3056,3.03,0.4138,0.91,10.58,1.26,1.7799999999999998,0.41,-1.25,-0.5599999999999999,20.47,3.3200000000000003,1.38,0.4286999999999999,7.34,3.1500000000000004,0.7051999999999999,1.7200000000000002,1.23,0.2309999999999999,68.1,17.740000000000002,-0.7400000000000001,4.43,0.73,0.53,13.7,1.48,8.46,1.2200000000000002,0.45,10.66,0.97,12.49,4.0,0.5201,22.37,0.26,0.0713999999999999,1.93,0.492,0.1428571428571428,1.0714285714285716,0.2857142857142857,0.0951428571428571,0.6428571428571429,0.3604285714285714,0.1428571428571428,28.52857142857143,0.6428571428571429,0.0,0.0,-5.842857142857142,-1.814285714285714,6.885714285714287,0.2857142857142857,0.0,0.1225714285714285,1.7142857142857144,0.4285714285714286,0.0,0.0,0.0,0.0,2.7142857142857144,3.3571428571428577,-4.057142857142857,9.214285714285715,0.2142857142857142,0.0,1.9714285714285715,0.3571428571428571,1.0000000000000002,1.485714285714286,0.1428571428571428,3.571428571428572,0.1428571428571428,8.142857142857142,0.5,0.1428571428571428,22.88571428571429,0.0,-0.1841428571428571,0.0,0.1428571428571428,0.8304878049,0.0,17.72570507233504,1.2943513139424163,0.0,-0.26,-4.592857142857142,0.007486196309092286
daniel theis,BOS,C,2019,2,1,26.0,1,0.0458,0.60825,2.925,1.7624999999999995,0.3587499999999999,0.9625,0.2508749999999999,0.3625,9.975,0.9625,4.175,0.675,0.1124999999999999,1.4249999999999998,18.075,2.4,1.525,0.546,3.8875,2.125,0.7429999999999999,1.2374999999999998,0.875,0.3092499999999999,64.875,14.2125,-1.25,10.3875,1.3375,2.0375,16.6625,2.4375,5.55,1.2875,0.375,12.6375,0.6499999999999999,14.25,3.7375,0.621,15.6875,0.5,0.1842499999999999,3.5,0.5908749999999999,0.417,1.7,0.7,0.0,0.3,0.143,0.0,0.0,0.0,2.2,0.1,-4.2,-1.2,14.0,0.9,0.1,0.357,2.0,0.7,1.0,0.3,0.3,0.143,7.0,6.0,-3.0,10.2,0.6,0.0,8.0,0.6,1.7,1.2,0.1,6.3,0.1,12.2,1.4,0.403,16.7,0.0,0.026,0.0,0.357,0.79115853675,0.3749999999999999,14.163733766233769,1.1696143772884784,0.0,-0.5,-4.3125,0.04356684057745513
mike scott,PHI,PF,2019,2,1,30.0,1,0.0437,0.4553,2.85,1.38,0.3516,2.53,0.4849,0.96,8.43,0.91,0.79,0.17,-2.8600000000000003,-0.82,16.34,2.53,0.94,0.4157,5.38,2.31,0.7059,0.5800000000000001,0.44,0.1101999999999999,65.9,16.56,-2.0700000000000003,4.04,0.58,0.56,9.56,1.71,6.04,0.89,0.28,10.58,0.6799999999999999,10.3,3.16,0.5157,16.36,-0.11,0.0492,1.53,0.5014000000000001,0.669875,2.6875,1.7625,0.4591249999999999,2.8,0.552375,1.2,4.1625,0.575,0.2624999999999999,0.075,-0.3250000000000002,-0.3625,15.325,2.8125,0.125,0.517125,5.487499999999999,2.925,1.0,0.4999999999999999,0.4999999999999999,0.0816249999999999,8.5,19.9375,0.0374999999999998,3.6375,0.625,0.2125,11.725,2.0125,7.55,0.8,0.3,11.8625,0.7375,9.65,3.4375,0.645,13.9375,0.075,0.102625,0.3375,0.6287499999999999,0.8036585364,0.0,16.55148979015249,1.2771580755676408,0.0,0.185,2.535,0.13441657110688662
robin lopez,CHI,C,2019,2,0,30.0,1,0.0437,0.5541,8.27,4.529999999999999,0.1987999999999999,0.26,0.0362,0.08,9.21,1.37,3.76,1.07,-2.05,-1.25,10.73,2.4,1.04,0.5416,8.549999999999999,4.58,0.733,1.5299999999999998,1.11,0.1838,72.4,24.37,-0.8500000000000001,9.46,2.18,1.72,15.239999999999998,1.74,10.37,0.35,0.15,13.05,1.38,10.07,4.58,0.5668,18.92,-0.05,0.075,2.78,0.546,0.654,8.7,5.7,0.0,0.0,0.0,0.0,5.6,0.8,3.8,1.0,2.6,-0.4,10.2,2.5,0.1,0.654,8.7,5.7,1.0,1.3,1.3,0.154,6.0,27.0,3.0,19.7,4.7,0.5,23.4,2.2,12.7,1.0,0.5,12.6,1.3,14.9,7.2,0.684,17.7,0.2,0.195,0.7,0.654,0.8829268291,0.0,24.37683516445039,1.11131690700802,0.0,0.25,4.65,0.08409520823427055
richaun holmes,PHO,C,2019,2,0,25.0,1,0.0437,0.6124,5.1,3.1300000000000003,0.1089,0.4599999999999999,0.0761,0.13,9.3,1.04,4.5,0.93,0.8300000000000001,0.77,20.69,3.27,1.2600000000000002,0.5836,5.540000000000001,3.24,0.7036,1.97,1.4,0.3591,60.8,17.279999999999998,0.06,9.62,1.48,2.47,19.29,2.48,8.01,1.58,0.56,9.97,0.7,15.19,4.77,0.6212,17.65,0.76,0.1715999999999999,3.75,0.5926,0.0,0.3,0.0,0.0,0.0,0.0,0.0,11.4,0.3,0.0,0.0,-11.3,-1.2,9.9,0.3,0.0,0.0,0.3,0.0,0.0,0.0,0.0,0.0,3.0,3.7,-10.2,0.0,0.0,0.0,-4.1,1.0,0.0,0.0,0.0,0.0,0.0,4.9,0.3,0.0,3.8,0.0,-0.02,0.0,0.0,0.7414634149,0.5,17.30183936186247,1.1891479252765806,0.0,-0.76,-12.13,0.010454694440363036
jamychal green,LAC,PF,2019,2,1,28.0,1,0.0437,0.5245,5.199999999999999,2.6899999999999995,0.379,2.42,0.321,0.93,6.65,1.04,1.9,0.48,-1.7,-0.6099999999999999,23.69,5.07,1.86,0.4786,7.619999999999999,3.62,0.7727,1.84,1.39,0.2409,64.4,24.410000000000004,-1.07,9.15,2.05,1.4800000000000002,14.25,2.98,9.57,1.34,0.6499999999999999,13.69,1.31,16.38,7.09,0.5727,17.92,0.14,0.1006,3.39,0.5403,0.5357142857142858,3.3000000000000003,1.7714285714285716,0.498,3.4857142857142858,0.509,1.7714285714285716,4.642857142857142,0.6571428571428573,0.0,0.0,-1.6571428571428573,-0.9000000000000001,20.985714285714288,3.871428571428571,-0.0714285714285714,0.517,6.857142857142858,3.5142857142857142,0.8571428571428572,1.357142857142857,1.0714285714285714,0.1901428571428571,6.0,22.414285714285715,-0.8285714285714287,4.1571428571428575,0.8571428571428572,0.1714285714285714,11.8,3.6428571428571432,9.942857142857145,0.9285714285714286,0.5,16.2,1.4857142857142858,12.142857142857142,4.728571428571429,0.6654285714285714,17.285714285714285,-0.0285714285714285,0.03,0.0714285714285714,0.6440000000000001,0.7853658536,0.3,24.4102508772028,1.277669673796739,0.0,-0.1685714285714285,0.042857142857142705,0.07880839430784731
ed davis,BRK,C,2019,2,0,29.0,1,0.0437,0.5908,3.58,2.13,0.0,0.0,0.0044,0.0,5.09,0.67,2.21,0.51,-1.0,0.3699999999999999,30.12,5.09,2.14,0.5882000000000001,3.58,2.13,0.632,1.78,1.09,0.496,73.1,18.06,-1.3,14.69,2.46,2.6,15.6,2.72,5.35,1.11,0.38,15.599999999999998,0.8,22.41,7.58,0.6107,12.38,0.4199999999999999,0.1655,4.69,0.5882000000000001,0.625,3.0,1.925,0.0,0.0,0.0,0.0,4.875,0.4375,1.575,0.3,0.1625000000000001,0.8250000000000001,42.7125,5.674999999999999,0.0,0.625,3.0,1.925,0.71875,0.8125,0.5499999999999999,0.275,3.375,15.2375,-0.6624999999999996,8.5125,1.2999999999999998,0.0875,14.6,2.55,4.3625,0.0,0.0,9.525,0.3749999999999999,24.2125,6.9375,0.634875,10.3125,0.025,0.129375,0.0875,0.625,0.8914634146,0.0,18.013660987922705,1.259113842287644,0.0,-0.39499999999999985,1.1625,0.03749350502175793
avery bradley,MEM,SG,2019,2,0,28.0,1,0.0437,0.4546,7.48,3.42,0.3641999999999999,4.2700000000000005,0.3704,1.58,11.22,2.24,0.6,0.25,-3.17,-0.8500000000000001,9.08,2.63,1.26,0.4207999999999999,11.75,4.93,0.8066,1.2800000000000002,1.0099999999999998,0.1043,56.3,31.14,-2.3,2.56,0.74,-0.4999999999999999,9.56,2.47,12.5,1.4,0.92,12.13,1.6800000000000002,5.82,3.37,0.5064,19.53,-0.47,0.0186,0.7100000000000001,0.4883,0.506,8.8,4.4,0.351,6.3,0.419,2.2,10.4,2.3,0.4,0.2,-2.1,-1.6,10.0,2.9,0.3,0.441,15.1,6.7,0.778,1.5,1.2,0.099,18.0,35.8,-0.5,3.2,1.0,-0.1,12.0,2.2,16.7,1.8,1.3,9.8,1.7,6.4,3.9,0.53,22.1,0.0,0.016,0.2,0.515,0.6865853659,0.8,31.139587240385215,1.3040743405746595,0.0,0.47,1.0699999999999998,0.2687707865674667
reggie bullock,LAL,SG,2019,2,0,27.0,0,0.0366999999999999,0.4969,3.25,1.6,0.3988,4.93,0.5994999999999999,1.93,9.33,1.63,0.56,0.18,-0.28,0.06,9.37,2.12,1.22,0.4371,8.16,3.58,0.8111,0.93,0.82,0.1094999999999999,56.3,26.29,-0.3399999999999999,1.69,0.35,1.72,11.67,1.3199999999999998,9.94,1.3,0.6599999999999999,8.35,0.8,5.42,2.52,0.5736,15.29,0.62,0.0943,3.01,0.5556000000000001,0.4969,3.25,1.6,0.3988,4.93,0.5994999999999999,1.93,9.33,1.63,0.56,0.18,-0.28,0.06,9.37,2.12,1.22,0.4371,8.16,3.58,0.8111,0.93,0.82,0.1094999999999999,56.3,26.29,-0.3399999999999999,1.69,0.35,1.72,11.67,1.3199999999999998,9.94,1.3,0.6599999999999999,8.35,0.8,5.42,2.52,0.5736,15.29,0.62,0.0943,3.01,0.5556000000000001,0.6865853658000001,0.0,26.30191141811572,1.204718874240446,0.0,0.0,0.0,0.5
javale mcgee,LAL,C,2019,2,1,31.0,1,0.0366999999999999,0.64,6.01,3.82,0.0415,0.13,0.0194,0.0,5.5600000000000005,0.54,7.26,1.4500000000000002,1.39,1.0,20.88,3.3400000000000003,2.08,0.6287,6.09,3.82,0.6363000000000001,1.52,0.97,0.2592,72.4,15.92,0.44,12.78,1.83,2.41,22.630000000000003,2.1,8.66,1.37,0.43,11.56,0.92,16.990000000000002,5.17,0.6376999999999999,20.62,0.97,0.1941,4.460000000000001,0.6292,0.7032,4.04,2.84,0.0,0.06,0.0102,0.0,4.24,0.3,6.94,0.8400000000000001,3.22,1.16,17.36,1.84,0.3,0.696,4.1,2.84,0.6890000000000001,0.8600000000000001,0.6200000000000001,0.2214,14.2,11.04,2.06,13.86,1.2799999999999998,0.54,24.92,1.66,6.26,0.78,0.16,8.940000000000001,0.44,15.72,3.12,0.704,19.68,0.2,0.2638,0.8400000000000001,0.696,0.8829268291,0.0,15.897937637982682,1.204718874240446,0.0,-0.77,1.8300000000000003,0.11972725939684242
patrick mccaw,TOR,SG,2019,2,1,23.0,1,0.0366999999999999,0.5005,1.69,0.8700000000000001,0.2985,1.26,0.4292,0.36,9.579999999999998,1.14,0.66,0.15,-3.21,1.0,9.13,1.28,0.73,0.4157999999999999,2.97,1.23,0.8198,0.53,0.43,0.1945,45.8,14.94,-4.17,2.06,0.25,0.01,7.69,1.19,3.3,2.34,0.74,16.6,0.61,5.71,1.5499999999999998,0.5171,10.920000000000002,-0.2199999999999999,0.0566,0.77,0.4805,0.404,0.5,0.24,0.2361,0.51,0.5458,0.15,7.78,0.42,0.26,0.04,2.01,3.53,7.640000000000001,0.44,0.11,0.3376,0.98,0.3899999999999999,0.9692,0.37,0.3299999999999999,0.5542,10.3,5.43,-1.52,5.74,0.3,0.08,11.18,0.44,1.28,3.39,0.31,8.31,0.09,6.800000000000001,0.7400000000000001,0.5343,8.379999999999999,0.04,0.1524,0.2199999999999999,0.4042,0.5585365856,0.0,14.933848312325091,1.3969023746183824,0.0,0.2599999999999999,5.22,0.07556124785694311
stanley johnson,NOP,SF,2019,2,0,22.0,0,0.0332,0.4533,3.65,1.7000000000000002,0.2882,3.07,0.4543,0.87,9.95,1.41,1.01,0.22,-2.5700000000000003,1.06,14.89,2.76,1.88,0.3776,6.72,2.54,0.7579,1.27,0.98,0.1792,69.1,20.93,-3.63,2.63,0.5,-1.01,8.94,1.89,6.94,2.37,1.01,13.75,1.11,8.54,3.26,0.4737,17.58,-0.18,0.0267,0.8700000000000001,0.443,0.4533,3.65,1.7000000000000002,0.2882,3.07,0.4543,0.87,9.95,1.41,1.01,0.22,-2.5700000000000003,1.06,14.89,2.76,1.88,0.3776,6.72,2.54,0.7579,1.27,0.98,0.1792,69.1,20.93,-3.63,2.63,0.5,-1.01,8.94,1.89,6.94,2.37,1.01,13.75,1.11,8.54,3.26,0.4737,17.58,-0.18,0.0267,0.8700000000000001,0.443,0.842682927,0.5,20.939524750611703,1.1546795001423398,0.0,0.0,0.0,0.5
tj mcconnell,PHI,PG,2019,2,0,26.0,1,0.0321,0.5244,5.029999999999999,2.63,0.337,0.6799999999999999,0.1155,0.24,27.2,4.22,0.71,0.18,-0.65,1.22,10.75,2.22,2.08,0.5044,5.66,2.87,0.7927,0.62,0.5,0.1071,77.0,21.630000000000003,-1.87,2.17,0.45,1.27,13.19,1.52,6.470000000000001,2.6500000000000004,1.2,19.25,1.45,6.58,2.67,0.5418000000000001,14.52,0.5700000000000001,0.0962,3.35,0.5246999999999999,0.538875,3.1125,1.6749999999999998,0.250125,0.1124999999999999,0.0311249999999999,0.075,22.6125,1.6124999999999998,0.75,0.0625,-0.2250000000000001,0.575,9.5625,1.125,0.1375,0.53775,3.225,1.75,0.2249999999999999,0.1874999999999999,0.1124999999999999,0.052125,9.375,11.0,-0.8000000000000002,2.475,0.2875,0.15,13.7375,0.7374999999999999,3.75,1.525,0.35,7.349999999999999,0.2875,6.0625,1.4125,0.5475,14.4375,0.1124999999999999,0.11775,0.2875,0.5482499999999999,0.93902439,0.0,21.677205300568552,1.2771580755676408,0.0,-0.45750000000000013,0.42499999999999993,0.05830767795503311
boban marjanovic,PHI,C,2019,2,0,30.0,1,0.0321,0.5811999999999999,4.05,2.37,0.2,0.1,0.019,0.05,10.82,0.69,3.0700000000000003,0.4,3.45,0.2299999999999999,29.37,2.78,0.7,0.5767,4.15,2.42,0.7742,2.24,1.71,0.5363,47.7,10.11,3.17,15.01,1.37,1.59,25.82,1.33,6.55,1.2,0.28,13.82,0.8300000000000001,22.19,4.15,0.638,25.53,0.69,0.2265,2.29,0.5807,0.649,3.4,2.2,0.0,0.3,0.075,0.0,17.7,1.0,2.6,0.3,0.8,0.6,22.6,2.1,0.2,0.6,3.6,2.2,0.842,1.7,1.5,0.475,11.0,9.5,0.2,14.1,1.2,0.2,21.8,1.6,5.8,0.9,0.2,22.5,1.3,18.6,3.3,0.662,25.2,0.1,0.168,0.4,0.6,0.5817073169,0.0,10.142572824014778,1.2771580755676408,0.0,-0.59,-2.6500000000000004,0.1781006123593303
markieff morris,OKC,PF,2019,2,0,29.0,1,0.016,0.4973,6.199999999999999,3.08,0.35,3.11,0.3438,1.08,9.26,1.61,1.56,0.47,-2.04,-0.29,18.15,4.15,1.68,0.4458999999999999,9.31,4.16,0.7994,1.9,1.5,0.1992,66.1,25.29,-1.72,4.81,1.13,0.98,12.55,3.06,10.95,1.41,0.76,11.35,1.3,11.43,5.279999999999999,0.5383,19.5,0.0799999999999999,0.0711,2.61,0.5062,0.4292,4.4,2.11,0.2667,1.88,0.3449,0.51,10.21,1.35,3.69,0.8,-0.5,1.21,18.56,3.46,0.18,0.3849,6.299999999999999,2.6,0.8202,1.89,1.5299999999999998,0.3854999999999999,6.9,20.7,-1.71,7.48,1.37,0.0399999999999999,12.21,2.71,7.26,1.0500000000000005,0.49,9.919999999999998,0.8200000000000001,12.97,4.83,0.5025999999999999,16.46,0.05,0.0776999999999999,0.25,0.4315,0.8060975607,0.0,25.28771924086219,1.3715627227125031,0.0,-0.029999999999999902,1.54,0.07871594307850267
khem birch,ORL,C,2019,2,1,26.0,1,0.0275,0.581875,3.0,1.725,0.0,0.0,0.004375,0.0,8.5,0.8,3.4625,0.5625,0.4125,0.55,19.6625,2.35,0.85,0.579375,3.0,1.725,0.6952499999999999,1.625,1.125,0.52525,47.0,13.2375,-0.1999999999999999,13.075,1.6374999999999995,1.575,18.15,1.3624999999999998,4.574999999999999,1.3624999999999998,0.4,10.537499999999998,0.4375,16.2875,3.9875,0.61825,13.7625,0.3875,0.18875,2.425,0.579375,0.556,3.6,2.0,0.0,0.0,0.0,0.0,7.7,0.8,5.0,1.0,0.4,1.5,28.1,4.4,0.1,0.556,3.6,2.0,0.857,1.4,1.2,0.389,5.0,18.4,-1.1,9.9,1.8,0.1,14.7,1.6,5.2,0.5,0.2,22.2,1.2,18.4,6.2,0.617,13.1,0.1,0.092,0.2,0.556,0.5731707319999999,0.0,13.200116072142857,1.4385772119094131,0.0,-0.2875,-0.012499999999999956,0.12882222183326622
quinn cook,GSW,PG,2019,2,0,25.0,1,0.0275,0.5217,3.53,1.86,0.4197,2.69,0.4306999999999999,1.13,17.14,1.99,0.13,0.0,-2.1500000000000004,-1.55,10.28,1.64,0.54,0.4777,6.17,2.99,0.7285,0.52,0.38,0.0744,49.7,16.55,-0.6000000000000001,1.75,0.26,0.8500000000000001,12.75,1.32,7.42,0.91,0.3299999999999999,11.44,0.83,6.21,1.9,0.5761999999999999,19.27,0.0099999999999999,0.0807,1.42,0.5676,0.5346249999999999,2.1,1.15,0.28725,1.925,0.4773749999999999,0.525,8.95,0.6625,0.6875,0.1,-3.7625,-1.55,10.5,1.0125,0.075,0.418,4.025,1.6749999999999998,0.934,0.4999999999999999,0.425,0.130875,17.0,10.9875,-2.2125,1.2374999999999998,0.1,0.075,9.9875,0.8,4.425,0.9125,0.2,7.174999999999999,0.3625,6.074999999999999,1.2125,0.513375,18.55,-0.0625,0.043375,0.15,0.4868749999999999,0.6060975606,0.0,16.5645894777887,1.3547163317594164,0.0,-0.0724999999999999,-1.6124999999999998,0.18506225710810964
ryan arcidiacono,CHI,PG,2019,2,1,24.0,0,0.0275,0.629375,1.7125,0.925,0.341875,2.175,0.6078749999999999,0.775,17.625,2.625,0.125,0.0,-2.725,0.2875,10.05,1.875,0.6375,0.4349999999999999,3.8875,1.7,0.858,0.925,0.7625,0.20725,59.625,19.8875,-3.0125,1.05,0.1875,1.7875,9.9875,1.6125,4.9375,1.7875,0.6875,16.125,0.6875,5.4625,2.0625,0.57375,10.35,-0.0124999999999999,0.07125,2.425,0.5365,0.629375,1.7125,0.925,0.341875,2.175,0.6078749999999999,0.775,17.625,2.625,0.125,0.0,-2.725,0.2875,10.05,1.875,0.6375,0.4349999999999999,3.8875,1.7,0.858,0.925,0.7625,0.20725,59.625,19.8875,-3.0125,1.05,0.1875,1.7875,9.9875,1.6125,4.9375,1.7875,0.6875,16.125,0.6875,5.4625,2.0625,0.57375,10.35,-0.0124999999999999,0.07125,2.425,0.5365,0.727134146375,0.0,19.885388696508485,1.11131690700802,0.0,0.0,0.0,0.5
alex caruso,LAL,PG,2019,2,1,24.0,0,0.0252,0.4594999999999999,3.8125,1.6875,0.4132499999999999,1.7,0.31975,0.775,18.9875,2.6875,1.4,0.3625,-1.2125,0.7749999999999999,9.15,1.7125,0.6,0.43975,5.475,2.4625,0.760625,1.925,1.475,0.328375,29.5,18.95,-2.05,3.5875,0.65,0.275,11.95,1.9,7.1,2.0625,0.85,20.0,1.475,6.387499999999999,2.3625,0.5502499999999999,16.7125,0.0875,0.0735,0.8125,0.5038750000000001,0.4594999999999999,3.8125,1.6875,0.4132499999999999,1.7,0.31975,0.775,18.9875,2.6875,1.4,0.3625,-1.2125,0.7749999999999999,9.15,1.7125,0.6,0.43975,5.475,2.4625,0.760625,1.925,1.475,0.328375,29.5,18.95,-2.05,3.5875,0.65,0.275,11.95,1.9,7.1,2.0625,0.85,20.0,1.475,6.387499999999999,2.3625,0.5502499999999999,16.7125,0.0875,0.0735,0.8125,0.5038750000000001,0.3597560976249999,0.0,18.97320045128378,1.204718874240446,0.0,0.0,0.0,0.5
wesley matthews,IND,SF,2019,2,0,32.0,1,0.0235,0.4372,4.5600000000000005,2.02,0.3729,6.140000000000001,0.5748,2.3,11.96,2.54,0.6599999999999999,0.23,-1.33,-0.22,8.67,2.47,1.65,0.4004,10.7,4.27,0.8148,2.18,1.74,0.2027,68.0,32.13,-1.16,1.4300000000000002,0.41,1.05,10.95,2.25,12.61,1.5100000000000002,0.98,10.31,1.3199999999999998,4.960000000000001,2.88,0.5419,18.06,0.39,0.0607,2.75,0.5075000000000001,0.222,2.3,0.5,0.333,5.3,0.7,1.8,10.8,2.0,0.8,0.3,-4.7,0.0,10.1,2.5,0.1,0.3,7.5,2.3,1.0,0.8,0.8,0.1,4.0,29.8,-4.7,0.0,0.0,-0.3,3.5,1.5,7.0,1.3,0.8,20.3,2.0,4.6,2.5,0.447,15.3,-0.1,-0.045,-0.1,0.417,0.8292682928,0.0,32.137107722629686,1.1248951496529858,0.0,-0.49,-3.37,0.05173521293033107
rajon rondo,LAL,PG,2019,2,1,32.0,1,0.0235,0.4554,5.98,2.71,0.3546,2.62,0.3031,0.93,37.81,7.8,0.45,0.2,-0.94,0.18,15.33,4.15,1.8,0.4245,8.6,3.64,0.6024,0.75,0.45,0.0872,56.3,28.1,-1.17,2.74,0.72,0.3899999999999999,13.36,2.06,8.65,2.09,1.21,22.36,2.57,9.2,4.869999999999999,0.4852999999999999,17.33,0.4499999999999999,0.0658,2.19,0.478,0.4666,8.86,4.18,0.2526,2.46,0.2166,0.54,48.6,11.32,0.9000000000000001,0.32,3.3000000000000003,2.4,18.36,5.959999999999999,0.28,0.417,11.32,4.720000000000001,0.5858,1.36,0.8,0.122,6.199999999999999,33.56,0.9000000000000001,6.680000000000001,2.0,0.1,18.52,2.5200000000000005,10.78,3.3600000000000003,2.24,20.32,3.0200000000000005,12.7,7.96,0.4556,19.48,0.16,0.1076,0.38,0.4434,0.6865853660999999,0.2,28.08594000468228,1.204718874240446,0.0,-0.2899999999999999,4.24,0.11623471735130178
frank kaminsky,CHO,C,2019,1,0,25.0,0,0.0437,0.5052000000000001,4.58,2.27,0.3596,3.49,0.4361,1.2400000000000002,12.45,1.57,1.27,0.31,-0.15,-0.91,16.560000000000002,2.97,1.02,0.44,8.02,3.4799999999999995,0.7599,2.32,1.77,0.2998,62.2,20.23,0.7799999999999999,4.2,0.74,1.42,15.32,1.44,9.97,0.94,0.42,9.18,0.89,10.3,3.73,0.5574,21.56,0.52,0.0964,2.44,0.518,0.5052000000000001,4.58,2.27,0.3596,3.49,0.4361,1.2400000000000002,12.45,1.57,1.27,0.31,-0.15,-0.91,16.560000000000002,2.97,1.02,0.44,8.02,3.4799999999999995,0.7599,2.32,1.77,0.2998,62.2,20.23,0.7799999999999999,4.2,0.74,1.42,15.32,1.44,9.97,0.94,0.42,9.18,0.89,10.3,3.73,0.5574,21.56,0.52,0.0964,2.44,0.518,0.7585365854,0.0,20.208393306930603,1.2497702834031943,0.0,0.0,0.0,0.5
garrett temple,LAC,SG,2019,1,0,32.0,1,0.0437,0.4853,3.35,1.63,0.3627,3.48,0.5124,1.2799999999999998,9.97,1.7899999999999998,1.48,0.4,-2.31,0.32,10.0,2.31,1.53,0.4212,6.81,2.89,0.7615000000000001,1.28,1.0,0.1919,70.0,26.36,-2.61,1.64,0.39,0.42,9.58,2.42,7.98,1.94,1.03,12.65,1.05,5.76,2.7,0.5413000000000001,14.36,-0.16,0.0487,1.9,0.5139,0.5,0.7,0.3,0.143,1.2,0.636,0.2,4.1,0.3,1.3,0.2,-5.0,0.5,11.3,1.0,0.0,0.273,1.8,0.5,0.7,1.7,1.2,0.909,6.0,10.5,-5.5,1.7,0.2,0.0,5.3,1.3,2.3,2.2,0.5,11.5,0.3,6.2,1.2,0.455,11.5,0.0,-0.039,-0.1,0.318,0.8536585365,0.3,26.37624188512821,1.277669673796739,0.0,0.16,-2.69,0.03301540719002201
justin holiday,MEM,SG,2019,1,0,29.0,0,0.0437,0.4397,3.92,1.73,0.3526999999999999,5.37,0.5726,1.9,8.919999999999998,1.77,1.26,0.4,-1.5299999999999998,0.2,12.41,3.26,1.97,0.3909,9.34,3.61,0.8599,1.54,1.33,0.1608,79.0,29.35,-1.73,1.73,0.48,0.09,10.78,1.83,10.45,2.06,1.24,10.6,1.2000000000000002,6.949999999999999,3.69,0.5237,16.689999999999998,0.19,0.0443999999999999,2.06,0.4918,0.4397,3.92,1.73,0.3526999999999999,5.37,0.5726,1.9,8.919999999999998,1.77,1.26,0.4,-1.5299999999999998,0.2,12.41,3.26,1.97,0.3909,9.34,3.61,0.8599,1.54,1.33,0.1608,79.0,29.35,-1.73,1.73,0.48,0.09,10.78,1.83,10.45,2.06,1.24,10.6,1.2000000000000002,6.949999999999999,3.69,0.5237,16.689999999999998,0.19,0.0443999999999999,2.06,0.4918,0.963414634,0.0,29.32902286707317,1.3040743405746595,0.0,0.0,0.0,0.5
austin rivers,HOU,SG,2019,2,1,26.0,1,0.0199,0.4975,4.949999999999999,2.45,0.3466,4.720000000000001,0.5019,1.66,14.0,2.86,0.76,0.26,-2.95,-0.97,7.109999999999999,1.85,0.96,0.4185999999999999,9.69,4.11,0.5938,1.95,1.2200000000000002,0.1946,71.1,29.020000000000003,-1.98,1.3199999999999998,0.3299999999999999,0.8599999999999999,9.91,2.6,10.98,1.3,0.78,10.81,1.31,4.25,2.21,0.5183,17.490000000000002,-0.45,0.0426,1.82,0.5045,0.4007142857142857,3.157142857142857,1.2714285714285716,0.4144285714285715,3.7285714285714286,0.5464285714285714,1.5142857142857145,6.114285714285715,0.9142857142857144,0.6000000000000001,0.1571428571428571,-2.8000000000000003,-0.0571428571428571,9.842857142857142,2.0142857142857142,0.1714285714285714,0.4095714285714286,6.914285714285715,2.785714285714286,0.7621428571428572,0.6285714285714286,0.4857142857142857,0.0912857142857142,8.0,23.92857142857143,-2.8142857142857145,1.185714285714286,0.2285714285714286,0.0142857142857142,6.885714285714286,2.785714285714286,7.571428571428573,1.0285714285714285,0.4428571428571429,12.342857142857143,1.0571428571428574,5.557142857142858,2.271428571428572,0.536,15.6,-0.0285714285714285,0.0315714285714285,0.1857142857142857,0.5244285714285714,0.8670731705,0.3,29.00522830241296,1.48813577241359,0.0,0.4214285714285715,0.1499999999999999,0.08490010995197822
luke kornet,NYK,C,2019,2,0,23.0,0,0.0206,0.4282499999999999,2.1125,0.9125,0.359625,4.125,0.66325,1.4625,10.9125,1.2374999999999998,4.387499999999999,0.8625,1.325,0.3625,15.875,2.45,0.5499999999999999,0.38325,6.237499999999999,2.375,0.788875,0.85,0.65,0.134875,36.25,16.737499999999997,1.025,3.675,0.6,0.45,14.349999999999998,1.0875,6.887499999999999,1.4,0.4875,7.9375,0.5375,9.7125,3.0125,0.525375,18.3125,0.575,0.08075,1.0625,0.5027499999999999,0.4282499999999999,2.1125,0.9125,0.359625,4.125,0.66325,1.4625,10.9125,1.2374999999999998,4.387499999999999,0.8625,1.325,0.3625,15.875,2.45,0.5499999999999999,0.38325,6.237499999999999,2.375,0.788875,0.85,0.65,0.134875,36.25,16.737499999999997,1.025,3.675,0.6,0.45,14.349999999999998,1.0875,6.887499999999999,1.4,0.4875,7.9375,0.5375,9.7125,3.0125,0.525375,18.3125,0.575,0.08075,1.0625,0.5027499999999999,0.442073170875,0.0,16.77387545182065,1.0803655871756863,0.0,0.0,0.0,0.5
willie cauleystein,SAC,C,2019,2,0,25.0,0,0.02,0.5362,8.95,4.82,0.325,0.06,0.0071,0.0,12.14,2.14,2.49,0.69,0.37,0.68,22.53,5.29,2.41,0.5346,9.01,4.82,0.595,2.97,1.74,0.3303,77.4,25.83,-0.26,7.6,1.86,2.69,17.54,2.55,11.41,1.95,1.0699999999999998,10.04,1.13,14.92,7.2,0.5533,19.23,1.26,0.1206,5.1,0.5357000000000001,0.5362,8.95,4.82,0.325,0.06,0.0071,0.0,12.14,2.14,2.49,0.69,0.37,0.68,22.53,5.29,2.41,0.5346,9.01,4.82,0.595,2.97,1.74,0.3303,77.4,25.83,-0.26,7.6,1.86,2.69,17.54,2.55,11.41,1.95,1.0699999999999998,10.04,1.13,14.92,7.2,0.5533,19.23,1.26,0.1206,5.1,0.5357000000000001,0.9439024388,0.0,25.84574277987485,1.1472136076725992,0.0,0.0,0.0,0.5
mike muscala,LAL,PF,2019,2,0,27.0,1,0.0186,0.5434000000000001,2.25,1.26,0.3689,3.28,0.5802,1.2,8.42,1.18,2.37,0.5700000000000001,-0.24,0.12,15.72,2.8999999999999995,1.19,0.4392,5.529999999999999,2.44,0.8409,1.19,1.02,0.2152,61.9,19.74,-0.33,5.5,1.0,1.41,12.6,1.73,7.02,1.06,0.41,11.32,0.8,10.67,3.87,0.5803,14.82,0.53,0.1046,2.65,0.5445,0.357,2.3,0.8,0.0,0.7,0.222,0.0,3.4,0.3,3.0,0.5,-5.2,-0.1,13.9,1.7,0.1,0.278,3.0,0.8,0.875,1.3,1.2,0.444,6.0,13.5,-5.1,8.3,1.0,0.0,6.2,2.0,2.8,0.6,0.2,4.4,0.2,11.1,2.7,0.395,11.8,-0.1,0.055,0.1,0.278,0.7548780488,0.0,19.73658156850489,1.204718874240446,0.0,-0.63,-4.96,0.06216872130453003
edmond sumner,IND,PG,2019,2,1,23.0,0,0.0183,0.405,1.6,0.7,0.259,1.2,0.422,0.3,6.3,0.4,2.1,0.2,-5.3,0.5,7.8,0.7,0.3,0.344,2.8,1.0,0.625,1.0,0.7,0.375,23.0,9.1,-5.8,4.9,0.4,-0.2,7.6,1.1,2.9,2.8,0.5,11.8,0.4,6.3,1.0,0.443,17.6,-0.2,0.02,0.1,0.398,0.405,1.6,0.7,0.259,1.2,0.422,0.3,6.3,0.4,2.1,0.2,-5.3,0.5,7.8,0.7,0.3,0.344,2.8,1.0,0.625,1.0,0.7,0.375,23.0,9.1,-5.8,4.9,0.4,-0.2,7.6,1.1,2.9,2.8,0.5,11.8,0.4,6.3,1.0,0.443,17.6,-0.2,0.02,0.1,0.398,0.1798780488749999,0.0,6.514628622407607,1.1248951496529858,0.0,0.0,0.0,0.5
james ennis,PHI,SF,2019,2,1,28.0,1,0.0173,0.5738,2.74,1.54,0.3508,2.4000000000000004,0.4703,0.8200000000000001,5.63,0.85,1.34,0.35,-1.35,0.0099999999999999,11.73,2.28,1.17,0.4677,5.14,2.41,0.7652,1.52,1.15,0.2972,63.4,21.99,-1.41,5.199999999999999,1.02,1.68,11.1,2.39,6.82,1.57,0.7,10.83,0.72,8.43,3.28,0.5875999999999999,13.06,0.2,0.0993,2.85,0.5503,0.6417142857142857,2.985714285714286,1.9142857142857144,0.291,2.985714285714286,0.5,0.8571428571428572,7.414285714285715,1.1285714285714288,1.2,0.3,-0.3142857142857143,0.4142857142857143,12.185714285714289,2.5142857142857142,0.1428571428571428,0.4659999999999999,5.942857142857143,2.771428571428572,0.6962857142857144,1.8714285714285717,1.3571428571428572,0.3172857142857143,9.571428571428571,22.642857142857142,-0.7285714285714286,7.500000000000001,1.4428571428571428,0.2428571428571428,11.300000000000002,2.942857142857143,7.728571428571429,1.085714285714286,0.5142857142857143,12.557142857142855,0.9857142857142858,9.914285714285716,3.9142857142857146,0.5717142857142857,15.385714285714288,0.1,0.086,0.4142857142857143,0.5392857142857144,0.7731707315,0.0,21.973033580854885,1.2771580755676408,0.0,-0.1,1.0357142857142858,0.13453707199138962
furkan korkmaz,PHI,SG,2019,2,1,21.0,1,0.0148,0.418,1.6125,0.7625,0.314,2.325,0.5951249999999999,0.775,9.2,0.7999999999999999,0.4999999999999999,0.0375,-3.975,-0.4999999999999999,13.0125,1.4125,0.475,0.3572499999999999,3.9375,1.475,0.69875,0.6749999999999999,0.5375,0.1661249999999999,35.25,10.95,-3.475,2.675,0.225,0.2125,8.4625,1.15,4.225,1.7,0.4125,7.737499999999999,0.35,7.9625,1.675,0.47475,17.525,-0.0375,0.047125,0.6875,0.4506249999999999,0.3,2.5,0.8,0.375,2.0,0.444,0.8,21.2,1.3,2.5,0.3,-1.4,-0.1,17.2,1.5,0.0,0.333,4.5,1.5,0.8,1.3,1.0,0.278,4.0,9.0,-1.3,0.0,0.0,0.0,12.2,1.3,4.8,0.0,0.0,4.7,0.3,9.0,1.5,0.47,25.0,0.0,0.088,0.1,0.417,0.429878048875,0.0,10.979876612447915,1.2771580755676408,0.0,0.0375,2.575,0.08531058384430819
wilson chandler,LAC,SF,2019,1,0,31.0,1,0.0148,0.4947,4.43,2.2300000000000004,0.3613,3.46,0.4759,1.26,9.33,1.83,1.34,0.43,-2.23,-0.8800000000000001,15.09,3.85,1.08,0.4347,7.89,3.46,0.737,1.24,0.96,0.1417,61.9,27.24,-1.35,4.71,1.17,1.36,10.5,2.31,9.14,0.99,0.57,12.52,1.13,10.05,5.02,0.5401,14.590000000000002,-0.03,0.0665,2.44,0.5215000000000001,0.667,1.5,1.0,0.1,2.5,0.625,0.3,5.2,0.5,0.0,0.0,-8.4,-1.4,13.7,1.5,0.0,0.313,4.0,1.3,1.0,1.0,1.0,0.25,4.0,13.0,-7.0,0.0,0.0,-0.1,2.6,1.8,3.8,1.8,0.5,14.5,0.8,6.4,1.5,0.422,16.6,-0.1,-0.119,-0.1,0.344,0.754878049,0.0,27.23230892682065,1.277669673796739,0.0,-0.07,-6.17,0.029916762361951402
jj barea,DAL,PG,2019,1,1,34.0,0,0.0148,0.4804,6.17,2.91,0.3301999999999999,3.89,0.3883999999999999,1.31,46.120000000000005,5.79,0.13,0.0,0.36,-1.65,12.2,2.33,0.7,0.4235,10.01,4.24,0.7603,1.8,1.3199999999999998,0.1757,46.7,21.26,2.01,1.51,0.27,1.05,16.93,1.19,11.11,1.21,0.53,15.18,1.94,6.76,2.6,0.5152000000000001,26.76,0.68,0.0774,1.75,0.4888,0.4804,6.17,2.91,0.3301999999999999,3.89,0.3883999999999999,1.31,46.120000000000005,5.79,0.13,0.0,0.36,-1.65,12.2,2.33,0.7,0.4235,10.01,4.24,0.7603,1.8,1.3199999999999998,0.1757,46.7,21.26,2.01,1.51,0.27,1.05,16.93,1.19,11.11,1.21,0.53,15.18,1.94,6.76,2.6,0.5152000000000001,26.76,0.68,0.0774,1.75,0.4888,0.5695121951,0.0,21.26734638327068,1.3369510155199325,0.0,0.0,0.0,0.5
jared dudley,BRK,PF,2019,1,0,33.0,1,0.0148,0.5199,1.46,0.78,0.3601999999999999,2.45,0.6302000000000001,0.87,11.78,1.56,1.07,0.27,-1.85,0.72,12.46,2.1900000000000004,0.86,0.4202,3.88,1.65,0.7117,0.81,0.57,0.2197,56.7,18.9,-2.57,2.29,0.4599999999999999,0.6699999999999999,8.66,2.12,4.7700000000000005,1.51,0.59,15.43,0.75,7.34,2.6,0.5587,11.02,0.08,0.0652,1.5,0.5330999999999999,0.5,0.5,0.3,0.222,2.3,0.818,0.5,17.6,2.8,0.9,0.3,-2.0,2.0,2.7,0.5,0.0,0.273,2.8,0.8,1.0,1.0,1.0,0.364,4.0,20.5,-4.0,0.0,0.0,0.0,4.7,2.5,3.0,1.7,0.8,23.9,1.0,1.3,0.5,0.47,8.3,0.0,-0.019,0.0,0.364,0.6914634147000001,0.0,18.8841590720339,1.259113842287644,0.0,-0.08,-0.1499999999999999,0.07107998231668733
kyle korver,UTA,SG,2019,1,0,37.0,1,0.0148,0.4934,1.86,0.91,0.4195,5.140000000000001,0.7324999999999999,2.14,8.73,1.28,1.0,0.28,-0.19,-0.61,11.670000000000002,2.27,1.09,0.4385,6.97,3.0700000000000003,0.8587,0.92,0.8400000000000001,0.1366,70.3,21.270000000000003,0.4499999999999999,0.6599999999999999,0.1,1.7999999999999998,12.04,1.61,9.079999999999998,0.95,0.42,10.33,0.8400000000000001,6.23,2.4,0.6135999999999999,17.09,0.7000000000000001,0.0922,2.91,0.5921000000000001,0.5085999999999999,0.82,0.41,0.3686,3.01,0.7795,1.15,2.8,0.41,0.74,0.18,-3.07,-0.97,12.48,1.4500000000000002,0.13,0.3979,3.8,1.59,0.7927,0.8200000000000001,0.64,0.2593,12.2,14.27,-2.1,2.28,0.26,0.29,7.66,1.59,4.9,0.49,0.2,8.94,0.41,7.31,1.71,0.5736,14.38,0.11,0.0573999999999999,0.42,0.5422,0.8573170733000001,0.0,21.22878629594591,1.248785744436482,0.0,-0.5900000000000001,-2.88,0.10428693373268437
thabo sefolosha,UTA,SF,2019,1,0,34.0,1,0.0148,0.5226,2.81,1.46,0.4007,1.84,0.4273,0.73,6.92,0.8600000000000001,1.08,0.24,1.64,2.8,18.51,2.9,1.62,0.4742999999999999,4.67,2.1899999999999995,0.7091000000000001,0.8599999999999999,0.6900000000000001,0.1795,48.8,17.6,-1.16,2.6899999999999995,0.52,0.52,13.170000000000002,1.2000000000000002,5.799999999999999,3.26,1.17,12.239999999999998,0.67,10.7,3.39,0.5806,14.03,0.72,0.1239,2.19,0.5613,0.1192857142857143,1.157142857142857,0.2142857142857142,0.0892857142857142,1.4285714285714286,0.4078571428571428,0.2142857142857142,5.071428571428571,0.3571428571428571,0.0,0.0,-12.042857142857144,-2.6428571428571432,13.0,1.2857142857142858,0.0,0.1021428571428571,2.585714285714286,0.3571428571428571,0.0714285714285714,0.2857142857142857,0.0857142857142857,1.142857142857143,4.0,8.157142857142857,-9.42857142857143,1.7142857142857142,0.2142857142857142,-0.1428571428571428,-5.642857142857143,0.6571428571428573,1.0142857142857142,0.0,0.0,4.785714285714286,0.2142857142857142,7.142857142857143,1.4285714285714286,0.1795714285714285,14.642857142857144,-0.0714285714285714,-0.189,-0.1428571428571428,0.1278571428571428,0.5951219513999999,0.0,17.59327422217827,1.248785744436482,0.0,-0.7914285714285714,-13.682857142857145,0.03659927955183509
anthony tolliver,MIN,PF,2019,1,0,33.0,0,0.0017,0.4801999999999999,1.15,0.59,0.3975,3.73,0.7779,1.48,6.54,0.92,1.42,0.3,-1.13,-0.6,14.67,2.55,0.86,0.4185999999999999,4.88,2.07,0.7794000000000001,1.22,0.92,0.2474,69.2,19.5,-0.51,2.48,0.44,1.74,10.69,1.58,6.59,0.91,0.37,11.09,0.69,8.540000000000001,3.0,0.6033999999999999,13.41,0.42,0.0848,2.65,0.5730999999999999,0.4801999999999999,1.15,0.59,0.3975,3.73,0.7779,1.48,6.54,0.92,1.42,0.3,-1.13,-0.6,14.67,2.55,0.86,0.4185999999999999,4.88,2.07,0.7794000000000001,1.22,0.92,0.2474,69.2,19.5,-0.51,2.48,0.44,1.74,10.69,1.58,6.59,0.91,0.37,11.09,0.69,8.540000000000001,3.0,0.6033999999999999,13.41,0.42,0.0848,2.65,0.5730999999999999,0.8439024391,0.0,19.518758197955208,1.3374847991047325,0.0,0.0,0.0,0.5
jeff green,WAS,PF,2019,1,0,32.0,1,0.004,0.5466,5.17,2.81,0.3221,3.3200000000000003,0.3847,1.0699999999999998,8.62,1.53,1.42,0.41,-1.96,-1.39,12.57,2.87,0.8200000000000001,0.4594,8.440000000000001,3.88,0.877,2.73,2.4000000000000004,0.3238999999999999,75.7,25.06,-0.57,3.1,0.71,2.29,13.34,1.92,11.23,1.07,0.55,10.69,1.17,7.8,3.58,0.5811,18.75,0.06,0.0768,3.11,0.5219,0.514,3.3,1.7,0.3,3.2,0.493,1.0,9.4,1.5,2.6,0.7,-1.1,-0.7,10.7,2.1,0.3,0.408,6.5,2.6,0.717,2.1,1.5,0.324,22.0,23.8,-0.5,1.6,0.3,0.3,10.3,1.6,7.7,0.7,0.3,9.5,0.8,6.0,2.4,0.524,15.9,0.1,0.053,0.6,0.482,0.9231707316,0.0,25.090496986354225,1.3206118838900942,0.0,0.04000000000000001,0.8599999999999999,0.2163062526387628
vince carter,ATL,PF,2019,1,1,42.0,1,0.0148,0.4685,2.14,1.02,0.3736,3.76,0.6332,1.4,9.86,1.27,2.0,0.42,-0.5499999999999999,0.28,13.63,2.2300000000000004,1.04,0.4092,5.91,2.42,0.7361,0.95,0.69,0.1568,70.0,18.98,-0.8299999999999998,2.21,0.39,1.0699999999999998,11.48,1.9,6.92,1.72,0.6699999999999999,9.31,0.6199999999999999,7.75,2.7,0.5478000000000001,15.739999999999998,0.5700000000000001,0.073,2.1100000000000003,0.5278,0.545,3.7,2.0,0.4,3.3,0.476,1.3,7.6,1.5,0.0,0.0,-2.6,-1.4,10.6,2.7,-0.1,0.476,7.0,3.3,1.0,1.2,1.2,0.167,6.0,32.5,-1.2,2.6,0.7,0.1,8.1,2.5,9.2,0.6,0.3,18.2,1.7,6.6,3.3,0.61,14.2,0.0,-0.001,0.0,0.571,0.8536585363,0.0,18.98949269087027,1.102813957141034,0.0,-0.5700000000000001,-2.0500000000000003,0.12798634812286688
udonis haslem,MIA,C,2019,1,1,38.0,0,0.0148,0.4578,1.46,0.72,0.0375,0.82,0.3679,0.03,6.04,0.3,0.84,0.05,-8.82,-1.56,25.34,1.71,0.12,0.3221,2.26,0.75,0.645,0.41,0.3,0.2308,12.4,6.85,-7.19,4.9,0.31,-0.13,4.1000000000000005,0.79,1.81,0.4599999999999999,0.08,11.57,0.28,15.1,2.02,0.3604,16.84,-0.15,-0.0403999999999999,-0.0399999999999999,0.332,0.4578,1.46,0.72,0.0375,0.82,0.3679,0.03,6.04,0.3,0.84,0.05,-8.82,-1.56,25.34,1.71,0.12,0.3221,2.26,0.75,0.645,0.41,0.3,0.2308,12.4,6.85,-7.19,4.9,0.31,-0.13,4.1000000000000005,0.79,1.81,0.4599999999999999,0.08,11.57,0.28,15.1,2.02,0.3604,16.84,-0.15,-0.0403999999999999,-0.0399999999999999,0.332,0.1512195123,0.0,6.887851190821429,1.362134672962334,0.0,0.0,0.0,0.5
tyson chandler,LAL,C,2019,1,0,36.0,0,0.0148,0.6393,3.11,1.99,0.0,0.0,0.005,0.0,5.289999999999999,0.83,1.97,0.48,-1.41,0.16,27.33,5.45,1.1,0.6363000000000001,3.11,1.99,0.627,1.92,1.22,0.6974,50.7,20.97,-1.55,11.71,2.38,1.5599999999999998,13.18,2.23,5.18,1.0,0.43,21.62,1.0699999999999998,19.49,7.83,0.653,9.67,0.22,0.1205,2.68,0.6363000000000001,0.6393,3.11,1.99,0.0,0.0,0.005,0.0,5.289999999999999,0.83,1.97,0.48,-1.41,0.16,27.33,5.45,1.1,0.6363000000000001,3.11,1.99,0.627,1.92,1.22,0.6974,50.7,20.97,-1.55,11.71,2.38,1.5599999999999998,13.18,2.23,5.18,1.0,0.43,21.62,1.0699999999999998,19.49,7.83,0.653,9.67,0.22,0.1205,2.68,0.6363000000000001,0.6182926829,0.0,20.97859975144395,1.204718874240446,0.0,0.0,0.0,0.5
rondae hollisjefferson,BRK,SF,2019,1,0,24.0,1,0.0229,0.4579,7.890000000000001,3.6,0.2091,0.8200000000000001,0.0978,0.2,12.79,1.95,1.7999999999999998,0.58,-1.53,0.5,19.82,4.41,1.89,0.4338999999999999,8.71,3.8,0.7091000000000001,3.5700000000000003,2.59,0.4122,65.5,23.43,-2.03,6.359999999999999,1.39,0.4599999999999999,14.06,1.99,10.36,1.77,0.87,12.06,1.44,13.13,5.85,0.4998,21.2,0.26,0.0683999999999999,2.35,0.4437,0.469,8.0,3.8,1.0,0.3,0.03,0.3,17.9,1.5,5.8,1.3,6.8,2.6,16.2,2.3,0.0,0.485,8.3,4.0,0.8,6.3,5.0,0.758,4.0,15.5,4.2,4.6,0.8,0.3,29.2,1.8,13.3,0.7,0.3,6.4,0.8,9.9,3.0,0.602,30.9,0.1,0.214,0.3,0.5,0.7987804878,0.0,23.44682153237403,1.259113842287644,0.0,-0.16,8.33,0.03883093823688751
patrick patterson,OKC,PF,2019,1,0,29.0,1,0.0148,0.4374,1.41,0.63,0.3582,2.51,0.6376999999999999,0.87,5.449999999999999,0.7,1.37,0.27,-1.29,0.12,14.14,2.17,1.19,0.3866,3.89,1.52,0.7209,0.61,0.4399999999999999,0.1516,69.1,16.42,-1.36,4.140000000000001,0.6699999999999999,0.7999999999999999,9.21,1.04,4.33,1.28,0.4499999999999999,9.14,0.39,9.0,2.77,0.5214000000000001,11.74,0.29,0.0814,1.99,0.501,0.38,0.5800000000000001,0.2,0.4232,1.46,0.6890000000000001,0.5,10.68,1.1,0.4,0.08,-1.8,0.6599999999999999,15.72,1.78,0.14,0.4112,2.04,0.7,0.4,0.24,0.24,0.0668,7.6,13.22,-2.46,1.36,0.16,-0.04,5.800000000000001,0.94,2.14,1.28,0.3999999999999999,25.34,0.54,8.6,1.88,0.5762,8.600000000000001,0.04,0.0365999999999999,0.1,0.5558000000000001,0.8426829269,0.0,16.395329170583995,1.3715627227125031,0.0,-0.24999999999999997,-0.51,0.08134765451050688
alec burks,SAC,SG,2019,1,0,27.0,1,0.0148,0.4356,4.51,1.93,0.3466,2.3200000000000003,0.3411,0.83,11.35,1.44,0.95,0.2,-1.33,-0.2299999999999999,17.56,2.91,1.06,0.4056,6.83,2.79,0.8241999999999999,2.05,1.69,0.3015,59.6,18.8,-1.13,2.4,0.42,0.3899999999999999,12.6,1.2999999999999998,8.05,1.52,0.56,11.02,0.93,9.91,3.33,0.5198,20.79,0.24,0.0624,1.48,0.4646,0.477,4.9,2.3,0.45,2.2,0.313,1.0,26.4,1.9,0.7,0.1,7.0,2.8,20.0,2.4,0.2,0.469,7.1,3.3,0.867,1.7,1.4,0.234,9.0,13.3,4.2,1.8,0.2,0.3,22.3,1.0,9.1,1.6,0.4,10.2,0.9,10.8,2.7,0.581,28.9,0.3,0.169,0.4,0.539,0.7268292684,0.2,18.813953871651783,1.1472136076725992,0.0,0.06,8.33,0.09651824735119095
troy daniels,PHO,SG,2019,1,0,27.0,1,0.0034999999999999,0.4334,1.67,0.72,0.3883,4.699999999999999,0.735,1.86,5.17,0.57,0.37,0.1,-2.99,-2.01,8.32,1.29,0.21,0.4012,6.37,2.53,0.8132,0.65,0.53,0.0970999999999999,62.6,17.14,-0.96,1.61,0.27,0.62,9.92,1.52,7.41,1.2200000000000002,0.4,8.5,0.6,4.869999999999999,1.48,0.5601,18.3,-0.24,0.0328,0.83,0.544,0.0,0.0,0.0,0.333,1.5,1.0,0.5,4.4,0.3,0.0,0.0,-2.7,-1.2,7.6,0.7,0.0,0.333,1.5,0.5,0.0,0.0,0.0,0.0,6.0,11.3,-1.5,1.9,0.2,0.0,4.7,0.2,1.5,1.6,0.3,18.2,0.3,4.8,0.8,0.5,8.1,0.0,-0.033,0.0,0.5,0.7634146344,0.0,17.141323950865925,1.1891479252765806,0.0,0.24,0.29000000000000004,0.05943385310195624
michael carterwilliams,ORL,PG,2019,1,1,27.0,1,0.0148,0.4017,3.57,1.4500000000000002,0.2494,1.31,0.2737,0.35,23.07,2.41,2.83,0.47,-0.6900000000000001,1.9,14.81,2.05,0.8900000000000001,0.3598,4.880000000000001,1.75,0.6985999999999999,1.8,1.23,0.3826,38.6,15.24,-2.59,4.71,0.6599999999999999,-0.16,12.57,1.88,5.1,2.54,0.75,14.12,0.95,9.68,2.74,0.4502,18.86,0.12,0.0670999999999999,0.7100000000000001,0.3943,0.4332857142857143,4.085714285714285,1.7714285714285716,0.1785714285714285,1.2000000000000002,0.2034285714285714,0.2857142857142857,22.242857142857144,2.057142857142857,0.5428571428571429,0.0571428571428571,-3.585714285714286,1.1714285714285717,18.200000000000003,2.742857142857143,0.0714285714285714,0.3907142857142858,5.285714285714287,2.057142857142857,0.7678571428571429,1.3714285714285717,1.1142857142857143,0.2605714285714286,5.0,16.17142857142857,-4.757142857142857,2.171428571428572,0.3428571428571429,-0.1285714285714286,7.542857142857143,2.057142857142857,5.514285714285714,1.7142857142857144,0.5428571428571428,20.97142857142857,1.485714285714286,9.7,3.085714285714286,0.4608571428571428,20.15714285714286,-0.0285714285714285,-0.046,-0.0285714285714285,0.4135714285714286,0.4707317074,0.3,15.217417664368742,1.4385772119094131,0.0,-0.1485714285714285,-2.895714285714286,0.12084081293842157
kyle oquinn,IND,C,2019,1,0,28.0,0,0.0148,0.5613,3.84,2.16,0.1356,0.25,0.0654,0.03,19.2,1.53,6.21,0.95,1.51,2.62,26.5,3.07,1.39,0.5326,4.04,2.16,0.7908000000000001,0.95,0.75,0.2165,61.4,12.62,-1.09,10.1,1.18,1.33,18.5,1.94,5.14,1.29,0.35,17.25,0.94,18.380000000000003,4.25,0.5664,19.200000000000003,0.88,0.1425,2.72,0.5367999999999999,0.5613,3.84,2.16,0.1356,0.25,0.0654,0.03,19.2,1.53,6.21,0.95,1.51,2.62,26.5,3.07,1.39,0.5326,4.04,2.16,0.7908000000000001,0.95,0.75,0.2165,61.4,12.62,-1.09,10.1,1.18,1.33,18.5,1.94,5.14,1.29,0.35,17.25,0.94,18.380000000000003,4.25,0.5664,19.200000000000003,0.88,0.1425,2.72,0.5367999999999999,0.7487804878000001,0.0,12.633210820819588,1.1248951496529858,0.0,0.0,0.0,0.5
glenn robinson,DET,SF,2019,1,0,25.0,1,0.0148,0.4772,2.4800000000000004,1.2200000000000002,0.347,1.46,0.37,0.52,5.529999999999999,0.55,0.88,0.16,-1.77,0.11,10.52,1.4200000000000002,0.6299999999999999,0.4306,3.94,1.74,0.7876,0.8200000000000001,0.63,0.1972,44.2,15.05,-1.86,3.46,0.51,0.43,9.89,0.86,4.55,1.4,0.4499999999999999,7.66,0.36,7.0,1.95,0.527,13.81,0.0499999999999999,0.0703999999999999,1.0299999999999998,0.4958,0.7145,1.56,0.91,0.2625,1.49,0.3331,0.29,5.15,0.41,0.0,0.0,-0.0699999999999994,0.8600000000000001,16.25,1.2,0.0,0.6335,3.05,1.2000000000000002,0.6,0.79,0.71,0.2001,2.7,8.96,-0.9300000000000002,2.45,0.35,-0.03,13.05,0.99,3.45,1.35,0.35,2.8,0.15,9.1,1.5,0.712,14.71,0.02,0.0594999999999999,-0.03,0.6834,0.5390243905000001,0.0,15.031713898353374,1.3351989123285788,0.0,-0.0299999999999999,1.7000000000000006,0.03509128200962574
emmanuel mudiay,NYK,PG,2019,1,0,22.0,0,0.0148,0.4521,7.63,3.51,0.3228999999999999,3.13,0.2909,1.01,23.81,3.69,0.88,0.25,-2.81,-1.7600000000000002,11.16,2.54,0.6599999999999999,0.4148,10.71,4.52,0.7718,2.8000000000000003,2.13,0.2596,59.7,24.57,-1.05,2.2,0.52,-0.27,12.93,1.58,12.18,1.41,0.6699999999999999,15.46,2.18,6.640000000000001,3.01,0.5043,24.64,-0.26,0.0121,0.44,0.4619999999999999,0.4521,7.63,3.51,0.3228999999999999,3.13,0.2909,1.01,23.81,3.69,0.88,0.25,-2.81,-1.7600000000000002,11.16,2.54,0.6599999999999999,0.4148,10.71,4.52,0.7718,2.8000000000000003,2.13,0.2596,59.7,24.57,-1.05,2.2,0.52,-0.27,12.93,1.58,12.18,1.41,0.6699999999999999,15.46,2.18,6.640000000000001,3.01,0.5043,24.64,-0.26,0.0121,0.44,0.4619999999999999,0.7280487804,0.0,24.562596877474483,1.0803655871756863,0.0,0.0,0.0,0.5
raul neto,UTA,PG,2019,1,0,26.0,1,0.0148,0.5152,2.4000000000000004,1.27,0.3523,1.29,0.348,0.4599999999999999,24.27,1.97,0.7999999999999999,0.1,-0.59,1.14,10.83,1.19,0.6,0.4573,3.770000000000001,1.71,0.8247,0.76,0.62,0.1919,38.8,11.77,-1.7300000000000002,1.46,0.18,0.38,12.46,1.16,4.5,1.7300000000000002,0.39,16.36,0.8,6.23,1.37,0.5494000000000001,17.950000000000003,0.17,0.1038,0.96,0.518,0.3367,1.61,0.4499999999999999,0.1858,0.56,0.2671,0.15,11.99,0.62,0.3,0.02,-7.42,-1.12,14.65,0.96,0.03,0.2977,2.15,0.6000000000000001,0.5,0.26,0.26,0.1266999999999999,5.7,7.390000000000001,-6.3500000000000005,0.8999999999999999,0.09,-0.06,2.6800000000000006,0.8,1.65,0.6,0.11,7.489999999999999,0.21,7.6,1.05,0.3644,14.59,-0.05,-0.0482,-0.0099999999999999,0.3341,0.4731707316,0.0,11.7743994561236,1.248785744436482,0.0,-0.22000000000000003,-6.83,0.08444884612840044
cheick diallo,NOP,PF,2019,1,0,22.0,1,0.0154,0.5812999999999999,4.02,2.3200000000000003,0.125,0.05,0.0075,0.0,4.6,0.41,2.95,0.45,-1.55,-0.3,28.87,3.54,0.8999999999999999,0.5788,4.02,2.3200000000000003,0.7432,1.13,0.88,0.2912,51.0,12.7,-1.3,9.55,1.15,1.0699999999999998,17.21,1.58,5.49,1.22,0.35,12.12,0.63,19.39,4.69,0.6097,17.32,0.11,0.1393,1.97,0.5798,0.417,1.7,0.7,0.0,0.0,0.0,0.0,0.0,0.0,1.7,0.1,-8.5,-2.2,10.5,0.7,0.0,0.417,1.7,0.7,0.0,0.0,0.0,0.0,7.0,6.9,-6.4,9.0,0.6,0.0,4.7,1.3,1.4,1.0,0.1,7.7,0.1,9.7,1.3,0.417,11.6,-0.1,0.014,0.0,0.417,0.6219512194,0.0,12.685978824943438,1.1546795001423398,0.0,-0.21000000000000002,-6.95,0.06939655172413794
brad wanamaker,BOS,PG,2019,1,1,29.0,1,0.0132,0.515,1.8,0.9,0.41,1.1,0.371,0.4,22.5,1.6,0.5,0.1,-0.7,0.7,11.8,1.1,0.4,0.476,2.9,1.4,0.857,0.8,0.7,0.267,36.0,9.5,-1.3,0.9,0.1,0.6,14.3,0.9,3.9,1.7,0.3,13.9,0.5,6.4,1.1,0.597,17.1,0.1,0.134,1.0,0.552,0.333,1.5,0.5,1.0,0.3,0.143,0.3,31.1,0.8,0.0,0.0,4.2,1.5,0.0,0.0,0.0,0.429,1.8,0.8,0.75,1.0,0.8,0.571,4.0,4.3,2.7,0.0,0.0,0.0,20.1,0.0,2.5,5.7,0.5,18.6,0.5,0.0,0.0,0.571,28.0,0.0,0.118,0.0,0.5,0.43902439,0.0,9.516898147222223,1.1696143772884784,0.0,-0.1,4.9,0.04788418708240535
theo pinson,BRK,SG,2019,1,1,23.0,1,0.0132,0.481,1.5,0.7,0.261,2.6,0.63,0.7,14.1,1.2,0.0,0.0,-3.2,0.4,15.9,1.8,0.2,0.342,4.1,1.4,0.864,1.2,1.1,0.301,18.0,11.7,-3.6,2.0,0.2,-0.2,8.1,0.8,4.5,1.4,0.3,17.9,1.0,9.0,2.0,0.49,20.0,-0.1,0.004,0.0,0.425,0.0,0.3,0.0,0.429,2.3,0.875,1.0,20.5,1.0,0.0,0.0,5.4,2.5,15.2,1.0,0.0,0.375,2.7,1.0,0.0,0.0,0.0,0.0,3.0,7.3,2.9,0.0,0.0,0.0,16.5,0.0,3.0,4.2,0.7,11.1,0.3,7.0,1.0,0.563,16.7,0.0,0.089,0.0,0.563,0.219512195,0.0,11.742962961111113,1.259113842287644,0.0,0.1,8.600000000000001,0.09419354838709677
shaquille harrison,CHI,SG,2019,1,1,25.0,0,0.0081999999999999,0.4997499999999999,4.4875,2.2375,0.255375,1.1625,0.2093749999999999,0.3,17.1375,2.0875,1.6875,0.3625,-1.075,1.5749999999999995,14.575,2.4875,1.15,0.4485,5.65,2.5375,0.6932499999999999,1.6999999999999995,1.1375,0.2953749999999999,54.25,18.5125,-2.6125,2.5,0.4625,0.0875,13.599999999999998,1.7374999999999998,6.5375,3.075,1.1625,12.0,0.875,8.4375,2.8875,0.51125,17.0625,0.1625,0.06525,1.175,0.475,0.4997499999999999,4.4875,2.2375,0.255375,1.1625,0.2093749999999999,0.3,17.1375,2.0875,1.6875,0.3625,-1.075,1.5749999999999995,14.575,2.4875,1.15,0.4485,5.65,2.5375,0.6932499999999999,1.6999999999999995,1.1375,0.2953749999999999,54.25,18.5125,-2.6125,2.5,0.4625,0.0875,13.599999999999998,1.7374999999999998,6.5375,3.075,1.1625,12.0,0.875,8.4375,2.8875,0.51125,17.0625,0.1625,0.06525,1.175,0.475,0.661585365625,0.0,18.511535140507743,1.11131690700802,0.0,0.0,0.0,0.5
anthony davis,LAL,PF,2020,5,1,26.0,1,0.3,0.5487,15.27,8.37,0.3323,2.97,0.164,1.01,15.41,3.23,5.92,2.39,8.16,2.27,24.26,7.89,4.11,0.5134000000000001,18.24,9.38,0.8268,8.16,6.75,0.4478999999999999,62.8,34.379999999999995,5.890000000000001,8.21,2.58,7.03,28.57,2.39,26.44,2.06,1.53,9.44,2.29,16.34,10.47,0.6065,29.5,5.470000000000001,0.2473,11.14,0.5404,0.5918571428571429,15.914285714285716,9.385714285714286,0.3515714285714286,2.7571428571428576,0.1501428571428571,0.9857142857142858,13.500000000000002,2.9857142857142858,4.0285714285714285,1.657142857142857,7.585714285714285,1.9,23.985714285714288,8.157142857142858,1.0571428571428572,0.5564285714285714,18.700000000000003,10.371428571428574,0.830857142857143,8.1,6.757142857142857,0.4461428571428572,17.571428571428573,37.51428571428572,5.642857142857143,8.128571428571428,2.628571428571429,2.5571428571428574,28.51428571428572,2.871428571428572,28.38571428571429,1.8714285714285717,1.4285714285714286,10.285714285714286,2.528571428571429,16.17142857142857,10.757142857142856,0.6418571428571429,28.571428571428573,1.6714285714285717,0.2554285714285714,3.6142857142857134,0.5832857142857143,0.8183604334000001,0.3,34.36976340399309,1.2694182242990657,0.0,-3.798571428571429,-0.5742857142857147,0.23389730885793578
brandon ingram,NOP,PF,2020,5,1,22.0,0,0.25,0.5034000000000001,11.63,5.9,0.3725,4.0,0.2413,1.52,17.060000000000002,3.78,1.53,0.6199999999999999,0.21,-0.47,14.96,4.82,1.6800000000000002,0.4746,15.63,7.42,0.7642,5.59,4.3,0.361,58.4,33.79,0.6799999999999999,2.67,0.8400000000000001,2.03,16.18,2.88,20.61,1.08,0.81,13.36,2.75,8.84,5.64,0.5672,25.450000000000003,1.1800000000000002,0.0876,3.71,0.5203,0.5034000000000001,11.63,5.9,0.3725,4.0,0.2413,1.52,17.060000000000002,3.78,1.53,0.6199999999999999,0.21,-0.47,14.96,4.82,1.6800000000000002,0.4746,15.63,7.42,0.7642,5.59,4.3,0.361,58.4,33.79,0.6799999999999999,2.67,0.8400000000000001,2.03,16.18,2.88,20.61,1.08,0.81,13.36,2.75,8.84,5.64,0.5672,25.450000000000003,1.1800000000000002,0.0876,3.71,0.5203,0.7647018968,0.5,33.813347491881856,1.2151021806853584,0.0,0.0,0.0,0.5
gordon hayward,BOS,SF,2020,4,0,29.0,1,0.2611,0.5495000000000001,7.85,4.3125,0.3642499999999999,3.8875,0.3346249999999999,1.4125,18.5875,3.8375,1.1625,0.3625,1.9875,0.2125,16.9375,4.925,2.2375,0.4872499999999999,11.7375,5.725,0.8471249999999999,2.725,2.325,0.2396249999999999,59.5,30.65,1.775,3.2125,0.95,3.1625,17.162499999999998,1.65,15.25,1.2875,0.7749999999999999,11.8,1.6875,10.1375,5.875,0.5874999999999999,20.3125,1.7374999999999998,0.146,5.4,0.54825,0.4756249999999999,5.1625,2.45,0.323125,4.0125,0.428625,1.25,13.3125,2.65,1.225,0.3625,-0.3625,0.4125,11.849999999999998,3.5125,0.3375,0.40525,9.175,3.7,0.921875,1.7875,1.6625,0.201625,6.5,30.7625,-0.8374999999999999,1.825,0.4875,0.0,10.5875,1.925,10.35,1.7875,1.1375,12.95,1.475,7.0875,4.0,0.520875,16.4875,0.1,0.075625,0.275,0.4733749999999999,0.6269647694,0.2,25.544566768910254,1.1981651548469856,0.0,-1.6374999999999997,-2.35,0.09881061581748156
fred vanvleet,TOR,SG,2020,4,1,25.0,1,0.1946999999999999,0.4367,5.880000000000001,2.5500000000000003,0.3912,5.51,0.4857,2.17,25.58,5.38,0.92,0.3,1.98,0.93,9.86,2.81,2.52,0.4146999999999999,11.41,4.71,0.8432999999999999,2.6500000000000004,2.22,0.2226,61.4,30.1,1.05,1.27,0.3,2.66,15.44,2.05,13.82,2.17,1.4,11.75,1.6900000000000002,5.69,3.16,0.5494000000000001,20.04,1.82,0.1374,5.13,0.5094000000000001,0.4165999999999999,4.85,1.99,0.3691,7.17,0.6101,2.69,22.23,4.67,1.15,0.39,1.56,0.5899999999999999,9.56,2.71,0.5900000000000001,0.3842,12.02,4.7,0.8271999999999999,1.7999999999999998,1.49,0.1631,13.9,30.76,1.02,0.99,0.3399999999999999,0.32,12.94,2.11,13.56,1.45,1.04,9.82,1.41,5.19,3.0500000000000003,0.5251,19.77,0.42,0.0913,0.93,0.4955,0.7945121951,0.0,30.10469155555251,1.3168992669965185,0.0,-1.4000000000000001,-0.41999999999999993,0.18788207956746572
davis bertans,WAS,PF,2020,5,1,27.0,1,0.1374,0.507,2.05,1.02,0.4153,6.33,0.7486,2.66,8.719999999999999,1.44,1.83,0.5,1.16,-0.72,15.13,3.27,0.98,0.44,8.41,3.68,0.8541,1.5099999999999998,1.26,0.1664,65.2,23.92,1.88,1.99,0.43,2.6,14.47,2.08,11.28,1.09,0.5599999999999999,8.26,0.8300000000000001,8.45,3.7,0.6212,17.21,1.17,0.1159,3.5700000000000003,0.5955999999999999,0.3,0.64,0.24,0.239,2.6000000000000005,0.7954,0.6,9.260000000000002,1.08,0.6,0.12,-5.28,-1.16,12.400000000000002,1.76,0.0,0.2666,3.24,0.84,0.6508,1.48,1.0,0.4442,5.0,16.04,-4.119999999999999,0.52,0.08,-0.04,4.34,2.0,3.28,0.52,0.16,4.98,0.2,6.34,1.84,0.4278,11.739999999999998,-0.1,-0.008,-0.04,0.3598,0.8408536583999999,0.0,23.919789726692365,1.4730831225948324,0.0,-1.27,-6.44,0.04890888068184589
joe harris,BRK,SF,2020,4,1,28.0,1,0.1473,0.5527,4.87,2.65,0.4379999999999999,5.4,0.529,2.35,10.81,2.09,0.69,0.22,0.0699999999999999,-0.51,11.13,3.17,1.59,0.4911999999999999,10.24,5.0,0.7729999999999999,1.4500000000000002,1.09,0.1438,72.9,29.52,0.5800000000000001,2.8600000000000003,0.8,2.99,13.36,2.27,13.52,0.8700000000000001,0.53,11.9,1.47,7.0600000000000005,3.95,0.6233,17.57,1.12,0.1027,4.6,0.607,0.4887499999999999,5.0875,2.4625,0.435625,5.324999999999999,0.50925,2.4875,4.025,0.85,0.0,0.0,-2.4874999999999994,-0.9375,21.1375,6.75,0.0,0.46575,10.4125,4.95,0.6875,1.85,1.225,0.1785,3.125,33.675,-1.5499999999999996,3.05,1.075,-0.0124999999999999,9.85,3.7125,13.6125,0.7124999999999999,0.5375,12.825,1.6124999999999998,11.45,7.824999999999999,0.593625,15.6375,-0.075,-0.0041249999999999,-0.075,0.578375,0.9474593493,0.2,29.500614316700403,1.5443511728055708,0.0,-1.195,-2.557499999999999,0.04662076884853802
bogdan bogdanovic,SAC,SG,2020,4,0,27.0,0,0.1649,0.5016,5.890000000000001,2.92,0.3724,6.029999999999999,0.5025,2.26,18.45,3.5,0.75,0.2,-0.18,-0.61,11.3,2.87,1.29,0.4346,11.97,5.19,0.7866,1.94,1.5299999999999998,0.1627,67.1,28.42,0.4499999999999999,1.75,0.46,1.65,14.53,2.14,14.14,1.75,0.98,11.52,1.6800000000000002,6.38,3.33,0.5527,21.910000000000004,0.87,0.0749,2.9400000000000004,0.5281,0.5016,5.890000000000001,2.92,0.3724,6.029999999999999,0.5025,2.26,18.45,3.5,0.75,0.2,-0.18,-0.61,11.3,2.87,1.29,0.4346,11.97,5.19,0.7866,1.94,1.5299999999999998,0.1627,67.1,28.42,0.4499999999999999,1.75,0.46,1.65,14.53,2.14,14.14,1.75,0.98,11.52,1.6800000000000002,6.38,3.33,0.5527,21.910000000000004,0.87,0.0749,2.9400000000000004,0.5281,0.8699525745,0.0,28.396323872305288,0.9787619479567528,0.0212380520432472,0.0,0.0,0.5
marcus morris,LAC,PF,2020,4,1,30.0,1,0.1364,0.4763,6.98,3.29,0.3901,5.22,0.4299,2.04,7.289999999999999,1.41,1.17,0.38,-0.34,-0.58,16.53,4.5,1.94,0.4388999999999999,12.2,5.33,0.8257,3.02,2.4799999999999995,0.2479,64.3,29.31,0.2199999999999999,3.43,0.96,1.9,14.31,2.55,15.24,1.14,0.7,9.32,1.4,9.96,5.41,0.5635999999999999,21.82,0.77,0.0968,3.79,0.5227,0.5148,4.87,2.42,0.4558999999999999,4.33,0.4824,2.02,7.31,1.38,0.8,0.29,2.23,1.06,18.06,4.92,0.39,0.4818,9.23,4.39,0.8295,2.1900000000000004,1.7200000000000002,0.2336,13.0,29.28,1.17,3.88,1.0100000000000002,0.54,14.52,2.8600000000000003,12.49,0.8799999999999999,0.51,7.07,0.79,11.06,5.91,0.6205,16.689999999999998,0.3399999999999999,0.1394,0.99,0.5924,0.8366531163,0.0,29.318078636637992,1.2589820505772402,0.0,-0.4300000000000001,2.57,0.1680327271812272
danilo gallinari,OKC,PF,2020,3,0,31.0,1,0.1787,0.4742,6.68,3.1500000000000004,0.3972,6.26,0.4816,2.51,10.89,2.13,0.61,0.24,2.84,-0.78,16.810000000000002,4.77,1.57,0.4375,12.94,5.68,0.9039,5.02,4.550000000000001,0.3882,55.6,30.29,3.6,2.22,0.5700000000000001,4.33,18.81,1.4499999999999995,18.35,1.06,0.6799999999999999,7.87,1.29,9.72,5.390000000000001,0.6049,23.56,2.25,0.1578999999999999,5.85,0.5335000000000001,0.44075,7.9875,3.425,0.31575,6.012499999999999,0.437625,1.8875,8.125,1.6375,0.525,0.1375,-1.275,-1.4374999999999998,16.0,4.699999999999999,0.15,0.38475,14.0,5.3125,0.922375,4.75,4.324999999999999,0.3488749999999999,6.625,31.5,0.0999999999999999,3.3875,1.0,0.025,13.037499999999998,1.8625,16.799999999999997,1.4,0.925,11.7875,1.9875,9.7375,5.699999999999999,0.5333749999999999,24.2375,0.0625,0.030625,0.15,0.454375,0.7305555556000001,0.2,30.265501975379507,0.9581286879237676,0.0418713120762324,-2.1875,-4.115,0.11025265854523812
jerami grant,DEN,PF,2020,3,0,25.0,1,0.1745,0.5576000000000001,5.54,3.08,0.3703,3.14,0.3535,1.2,5.58,1.04,3.2,0.99,-0.13,-0.06,12.79,3.13,2.17,0.4951,8.66,4.279999999999999,0.723,2.84,2.05,0.3404,75.7,27.17,-0.0699999999999999,3.93,0.98,3.3,14.58,2.29,11.76,1.16,0.6699999999999999,7.800000000000001,0.8300000000000001,8.25,4.09,0.5945,16.82,1.0,0.1269,5.470000000000001,0.5616,0.5336000000000001,4.2,2.25,0.348,3.96,0.4673,1.4,5.19,1.09,2.96,1.1,-0.97,0.0299999999999999,10.81,3.1100000000000003,0.15,0.4558,8.16,3.65,0.7431,2.54,1.95,0.3147999999999999,12.2,32.2,-0.95,3.1100000000000003,0.8200000000000001,0.26,10.69,2.83,10.72,0.99,0.6199999999999999,10.62,1.09,6.92,3.93,0.5762,14.45,0.0099999999999999,0.0627,0.41,0.5395,0.9832994579,0.0,27.18647372568249,1.2078113798790544,0.0,-0.9900000000000001,-0.84,0.16036845063844882
malik beasley,MIN,SG,2020,4,1,23.0,1,0.123,0.4943000000000001,3.88,1.93,0.3828,4.26,0.5157,1.65,8.43,1.16,0.6499999999999999,0.1,-1.78,-1.19,11.0,1.98,0.94,0.4367,8.16,3.58,0.7968,0.94,0.79,0.126,64.2,19.84,-0.59,1.94,0.31,1.09,12.41,1.24,9.63,1.48,0.6,8.83,0.79,6.470000000000001,2.3200000000000003,0.5545,19.75,0.24,0.0646,2.01,0.5355000000000001,0.37,3.3,1.2,0.404,3.4,0.505,1.4,7.3,1.0,0.3,0.1,-1.9,-1.1,14.1,2.6,0.1,0.387,6.6,2.6,0.71,2.2,1.6,0.333,14.0,20.1,-0.8,4.0,0.8,0.3,12.0,1.4,8.1,0.6,0.2,6.2,0.5,9.0,3.4,0.53,18.1,0.0,0.073,0.4,0.489,0.8295054201000001,0.0,19.82630201848485,1.4586353399303646,0.0,-0.24,-0.11999999999999988,0.1809497353272528
jordan clarkson,UTA,SG,2020,4,1,27.0,1,0.1054,0.5237,7.510000000000001,3.92,0.3516,5.33,0.4176999999999999,1.87,15.14,2.21,0.61,0.18,0.42,-1.71,9.14,2.04,0.71,0.4516,12.84,5.76,0.8311999999999999,2.33,1.93,0.1837,76.0,24.85,2.13,3.48,0.7899999999999999,2.15,16.97,1.43,15.42,1.34,0.6499999999999999,9.760000000000002,1.53,6.33,2.83,0.5570999999999999,26.73,1.09,0.0751,2.84,0.5255000000000001,0.513,6.1000000000000005,3.257142857142857,0.3161428571428571,5.685714285714286,0.4675714285714286,1.8857142857142857,11.057142857142855,1.7,0.2857142857142857,0.0571428571428571,-2.4571428571428573,-1.585714285714286,11.8,2.5571428571428574,0.0571428571428571,0.4174285714285715,11.785714285714286,5.114285714285715,0.9522857142857144,1.0857142857142856,1.0857142857142856,0.0875714285714285,10.42857142857143,24.742857142857147,-0.8714285714285716,1.9142857142857144,0.3571428571428571,0.0285714285714285,13.771428571428572,1.8142857142857145,13.271428571428572,1.5714285714285716,0.7571428571428572,7.328571428571429,0.9142857142857144,6.914285714285715,2.914285714285714,0.5144285714285715,24.542857142857144,-0.0714285714285714,0.0332857142857142,0.0857142857142857,0.4931428571428572,0.9869579945,0.0,24.867149680942443,1.2735829026937877,0.0,-1.1614285714285715,-2.8771428571428572,0.1202034510624139
christian wood,DET,PF,2020,3,0,24.0,0,0.1193,0.611625,5.3,3.3125,0.371,1.8875,0.25575,0.7125,6.55,0.775,3.325,0.75,2.0875,-0.5625,25.4375,4.0375,1.05,0.54975,7.225,3.9625,0.7394999999999999,3.45,2.5625,0.4771249999999999,46.625,17.875,2.7125,8.2,1.3625,2.4,22.7125,1.3,11.2625,1.2999999999999998,0.425,11.5125,1.175,16.8125,5.4375,0.6395,24.1625,1.1,0.1709999999999999,3.4875,0.5975,0.611625,5.3,3.3125,0.371,1.8875,0.25575,0.7125,6.55,0.775,3.325,0.75,2.0875,-0.5625,25.4375,4.0375,1.05,0.54975,7.225,3.9625,0.7394999999999999,3.45,2.5625,0.4771249999999999,46.625,17.875,2.7125,8.2,1.3625,2.4,22.7125,1.3,11.2625,1.2999999999999998,0.425,11.5125,1.175,16.8125,5.4375,0.6395,24.1625,1.1,0.1709999999999999,3.4875,0.5975,0.6342310297499999,0.0,17.82299154809908,1.053815887850467,0.0,0.0,0.0,0.5
kentavious caldwellpope,LAL,SG,2020,3,1,26.0,1,0.1106,0.5277000000000001,4.16,2.16,0.3732,4.46,0.512,1.61,8.379999999999999,1.63,0.6,0.2,-0.49,0.29,8.84,2.3200000000000003,2.03,0.4477,8.57,3.82,0.8054000000000001,1.84,1.48,0.2118,73.9,26.83,-0.77,2.47,0.64,2.16,12.01,1.86,10.75,1.6800000000000002,0.95,9.22,0.95,5.68,2.96,0.5746,16.16,0.77,0.1001,4.109999999999999,0.5432,0.486,3.3,1.6,0.378,5.7,0.63,2.1,6.4,1.3,0.6,0.2,-0.8,0.1,6.9,1.7,0.6,0.418,9.0,3.8,0.815,1.3,1.0,0.143,21.0,29.0,-0.9,1.6,0.4,0.5,10.5,1.9,10.7,1.7,1.0,6.9,0.7,4.3,2.1,0.56,15.5,0.2,0.089,1.1,0.537,0.9596544713,0.0,26.856440506811687,1.2694182242990657,0.0,-0.5700000000000001,-0.31000000000000005,0.23497754594698458
deanthony melton,MEM,PG,2020,4,1,21.0,0,0.0877,0.455375,3.95,1.775,0.2931249999999999,2.15,0.3572499999999999,0.6625,20.925,3.0125,1.65,0.375,-1.1375,1.6625,14.5,2.7,1.3625,0.39725,6.1,2.4375,0.761875,1.475,1.15,0.229625,56.25,19.575,-2.8,3.55,0.625,-0.2375,12.15,1.9875,6.625,3.175,1.3375,17.924999999999997,1.4375,9.0,3.325,0.4878749999999999,17.625,0.2375,0.04575,1.0625,0.4494999999999999,0.455375,3.95,1.775,0.2931249999999999,2.15,0.3572499999999999,0.6625,20.925,3.0125,1.65,0.375,-1.1375,1.6625,14.5,2.7,1.3625,0.39725,6.1,2.4375,0.761875,1.475,1.15,0.229625,56.25,19.575,-2.8,3.55,0.625,-0.2375,12.15,1.9875,6.625,3.175,1.3375,17.924999999999997,1.4375,9.0,3.325,0.4878749999999999,17.625,0.2375,0.04575,1.0625,0.4494999999999999,0.7494918698749999,0.0,19.53903611458333,1.23002864211105,0.0,0.0,0.0,0.5
jae crowder,MIA,SF,2020,3,0,29.0,1,0.0848,0.5246999999999999,3.14,1.64,0.3354,5.859999999999999,0.6481,1.99,9.8,2.0,1.11,0.38,-0.46,0.26,16.32,4.319999999999999,2.35,0.401,9.03,3.63,0.7679,2.08,1.59,0.2293,72.5,27.75,-0.72,3.0700000000000003,0.78,1.39,11.96,2.19,10.76,1.62,0.95,9.46,1.06,9.86,5.07,0.5429,16.94,0.75,0.0901,3.74,0.5101,0.537,2.67,1.3199999999999998,0.3276,6.85,0.7182999999999999,2.24,7.8,1.53,1.0,0.3399999999999999,1.24,0.9,18.75,4.94,0.4599999999999999,0.3773,9.52,3.61,0.7302,2.74,2.01,0.2902,14.2,29.38,0.37,2.19,0.5700000000000001,0.3,11.98,2.18,11.42,1.5799999999999998,0.93,5.77,0.6699999999999999,10.47,5.56,0.5336,17.22,0.33,0.0842,0.76,0.4953,0.939193767,0.0,27.766369074326924,1.2421880612057907,0.0,-0.42,1.7,0.1717512579912238
derrick favors,NOP,C,2020,3,0,28.0,1,0.0848,0.6247,7.04,4.41,0.1813,0.51,0.0663,0.1,8.559999999999999,1.42,3.63,1.09,1.79,0.74,24.54,5.6,2.55,0.5969,7.55,4.51,0.6142,2.16,1.36,0.2761,63.7,24.76,1.07,12.94,2.93,3.5200000000000005,19.55,2.1,10.5,1.26,0.6499999999999999,11.58,1.1,18.78,8.56,0.6158,16.52,1.55,0.1813,6.07,0.6035999999999999,0.6721999999999999,6.24,4.2,0.16,0.56,0.0794,0.08,7.52,0.96,7.36,1.48,5.9,2.9800000000000004,19.62,4.0,0.28,0.6306,6.800000000000001,4.279999999999999,0.6044,3.48,2.16,0.5108,7.4,22.76,2.8599999999999994,11.78,2.52,0.38,23.3,2.04,10.8,1.6999999999999995,0.76,10.38,0.96,15.619999999999996,6.5200000000000005,0.6462,18.02,0.34,0.2054,0.66,0.6362000000000001,0.8200203249,0.0,24.747096930665904,1.2151021806853584,0.0,-1.21,4.11,0.0964828864665944
jakob poeltl,SAS,C,2020,3,1,24.0,1,0.0742,0.6375,4.08,2.59,0.1,0.0,0.001,0.0,10.88,1.4,5.94,1.21,1.93,1.4300000000000002,20.44,3.31,1.76,0.6373,4.08,2.59,0.5112,1.25,0.6199999999999999,0.3092,72.5,17.520000000000003,0.5,13.15,2.09,2.87,18.87,1.95,5.83,1.34,0.52,14.68,0.78,16.810000000000002,5.4,0.6304000000000001,13.49,1.2200000000000002,0.1744,4.65,0.6375,0.621,4.32,2.74,0.0,0.1,0.0296,0.0,8.4,1.3,2.26,0.5800000000000001,-0.14,0.0,18.02,3.3799999999999994,0.06,0.6026,4.42,2.74,0.6492,1.62,1.1,0.3952,7.800000000000001,21.42,-0.14,14.3,2.8400000000000003,0.48,16.82,3.34,6.54,0.8,0.3,10.96,0.6000000000000001,16.119999999999997,6.220000000000001,0.6315999999999999,12.94,0.06,0.1523999999999999,0.54,0.6026,0.9400406505,0.0,17.546455480651463,1.3757615906175555,0.0,-1.1600000000000001,-2.07,0.11624489659606087
mason plumlee,DEN,C,2020,3,0,29.0,1,0.0733,0.6134999999999999,4.89,3.01,0.06,0.08,0.016,0.0,19.18,2.53,3.76,0.79,1.73,1.91,22.53,3.84,1.93,0.6055999999999999,4.970000000000001,3.01,0.5274000000000001,2.45,1.34,0.5006,69.9,18.86,-0.1999999999999999,10.37,1.76,2.23,18.12,2.58,7.359999999999999,1.66,0.63,18.85,1.38,16.439999999999998,5.6,0.6043,17.18,1.27,0.1485,4.16,0.6062,0.50825,2.4875,1.2624999999999995,0.0,0.1,0.024125,0.0,15.8,1.375,3.725,0.5125,-0.5625,0.7624999999999998,17.35,1.975,0.1375,0.496,2.5874999999999995,1.2624999999999995,0.631,1.125,0.6625,0.4159999999999999,17.125,12.599999999999998,-1.2625,15.8625,1.7125,0.4,14.9625,2.3625,3.225,1.2624999999999995,0.3125,16.9,0.6,16.5875,3.65,0.5265,12.8,0.0375,0.127125,0.575,0.496,0.9040989158,0.2,18.889419330435395,1.2078113798790544,0.0,-1.2325,-2.2925,0.1406535083688104
dj augustin,ORL,PG,2020,3,0,32.0,1,0.0611,0.4692999999999999,4.369999999999999,2.03,0.3841,3.61,0.4565,1.38,26.35,4.65,0.08,0.0,-0.6900000000000001,-1.1,7.879999999999999,1.84,1.18,0.4309,8.01,3.43,0.8784000000000001,2.88,2.5,0.3591999999999999,67.8,25.55,0.38,1.75,0.43,3.16,14.79,1.33,10.8,1.23,0.6199999999999999,14.44,1.55,4.74,2.22,0.5848,18.43,0.68,0.1148,4.34,0.5186999999999999,0.4031249999999999,5.125,2.0,0.4728749999999999,3.7,0.42325,1.75,32.625,5.175,0.2624999999999999,0.075,1.3124999999999998,-0.9125,7.425,1.775,0.0625,0.4273749999999999,8.825,3.75,0.92625,4.075,3.8,0.45875,5.0,26.575,2.2,0.2624999999999999,0.075,0.275,15.6,1.275,13.05,0.5125,0.275,15.7625,2.025,3.6625,1.85,0.61725,20.675,0.1375,0.1069999999999999,0.275,0.5274999999999999,0.8751016261,0.0,25.55680465271735,1.089411792193513,0.0,-0.5425,2.0025,0.07124034602836747
rodney hood,POR,SF,2020,2,1,27.0,1,0.0921,0.4943,5.6,2.78,0.4295,3.81,0.4006999999999999,1.63,8.44,1.61,0.5700000000000001,0.2,-1.07,-0.67,9.55,2.52,0.55,0.4693,9.39,4.359999999999999,0.8262,1.75,1.45,0.1822,44.1,28.02,-0.3999999999999999,1.59,0.42,1.32,12.65,2.06,11.8,1.38,0.8,8.370000000000001,0.93,5.59,2.92,0.5852,17.240000000000002,0.26,0.0777,1.87,0.556,0.5462,3.88,2.1,0.2786,2.48,0.3797999999999999,0.74,7.94,0.98,0.98,0.2,-1.04,-0.12,9.1,1.58,0.1,0.4504,6.3,2.8999999999999995,0.7908,1.96,1.5799999999999998,0.2896,16.4,20.1,-0.9800000000000002,2.8000000000000003,0.52,0.3999999999999999,11.760000000000002,1.8000000000000005,8.100000000000001,0.88,0.36,7.78,0.56,5.9,2.1,0.5508,17.44,0.0799999999999999,0.0662,0.54,0.5084,0.5555894309,0.5,28.00086388940476,1.241049697636064,0.0,-0.1800000000000001,0.030000000000000027,0.2105892589511934
tristan thompson,CLE,C,2020,2,0,28.0,1,0.0848,0.5301,8.27,4.36,0.1955,0.2,0.0205,0.1,9.47,1.77,1.87,0.63,-1.48,-1.6,23.82,5.82,0.8400000000000001,0.5271,8.47,4.46,0.6089,2.45,1.49,0.2939,52.0,27.51,0.1199999999999999,14.55,3.68,1.99,16.64,2.1100000000000003,10.43,0.95,0.5700000000000001,12.99,1.46,19.07,9.43,0.5491,16.98,0.18,0.0966,2.83,0.5311,0.598,4.3,2.6,0.0,0.1,0.012,0.0,4.1,0.6,1.8,0.4,-0.2,-1.2,19.9,3.6,0.2,0.59,4.4,2.6,0.741,1.4,1.1,0.325,19.0,21.9,1.0,12.3,2.3,0.9,15.0,1.4,6.2,0.3,0.1,10.4,0.6,16.0,5.9,0.622,11.8,0.2,0.135,1.2,0.59,0.6824186993,0.5,27.50326915235137,1.1593117830309694,0.0,0.020000000000000018,1.28,0.2253306040224843
serge ibaka,TOR,C,2020,2,0,30.0,1,0.0848,0.5670999999999999,8.61,4.9,0.3515,3.12,0.2697,1.14,7.49,1.25,3.55,1.08,0.09,0.03,22.91,5.91,2.94,0.5113000000000001,11.73,5.99,0.7473,2.19,1.58,0.1833,64.9,27.16,0.09,7.59,1.88,1.86,17.2,2.83,14.72,0.8,0.45,11.7,1.69,15.44,7.789999999999999,0.5809,22.75,0.96,0.1302,4.8,0.5595,0.5556,5.86,3.2700000000000005,0.4016,3.01,0.3302,1.35,8.16,1.09,5.13,1.21,3.29,1.58,26.54,5.369999999999999,0.55,0.5129999999999999,8.84,4.59,0.8922,1.63,1.4,0.1901,14.7,22.840000000000003,1.78,7.0600000000000005,1.46,0.46,19.31,2.66,11.96,0.5700000000000001,0.27,11.16,1.1700000000000002,16.67,6.83,0.6172,21.12,0.36,0.1617,1.03,0.5843,0.8380420053,0.0,27.15519603518686,1.3168992669965185,0.0,-0.6,3.2,0.1599994662681469
derrick jones,MIA,SF,2020,2,0,22.0,1,0.0848,0.6113999999999999,3.38,2.09,0.2658,1.73,0.3413,0.49,5.779999999999999,0.8300000000000001,3.22,0.6499999999999999,-0.3400000000000001,0.89,12.1,2.3,1.4500000000000002,0.4909,5.11,2.58,0.7015,1.89,1.32,0.3797,51.5,19.87,-1.1799999999999995,7.36,1.25,1.6800000000000002,13.670000000000002,1.97,6.970000000000001,1.78,0.78,8.49,0.54,9.82,3.53,0.5737000000000001,14.21,0.62,0.1278,3.1500000000000004,0.5361,0.5,0.5,0.3,0.444,0.6,0.529,0.3,10.4,0.5,5.1,0.3,3.1,3.2,6.9,0.4,0.1,0.471,1.1,0.5,0.4,0.3,0.1,0.294,15.0,6.5,-0.1,7.4,0.4,0.1,13.4,0.8,1.5,3.1,0.4,9.4,0.1,7.1,0.8,0.573,9.9,0.1,0.135,0.3,0.588,0.6780149049,0.0,19.87264858674576,1.2421880612057907,0.0,-0.52,3.4400000000000004,0.08699104661381775
montrezl harrell,LAC,C,2020,2,0,26.0,1,0.0848,0.6115999999999999,10.9,6.65,0.0814,0.2299999999999999,0.0192999999999999,0.0,10.92,1.65,3.68,1.08,3.1,0.5,16.560000000000002,4.08,2.29,0.6014999999999999,11.13,6.68,0.6471,4.88,3.17,0.4368,71.3,25.19,2.6500000000000004,9.52,2.24,4.890000000000001,23.56,2.46,16.48,1.31,0.6699999999999999,10.25,1.51,13.13,6.3,0.6237,24.66,2.31,0.1944,7.21,0.6023000000000001,0.6513749999999999,7.55,5.074999999999999,0.125,0.325,0.044125,0.0625,7.7375,1.075,2.5375,0.575,1.825,-2.775557561562892e-17,13.7375,2.625,0.0875,0.631875,7.875,5.137499999999999,0.6363749999999999,4.8625,3.125,0.6729999999999999,10.375,21.55,1.825,6.125,1.25,0.5125,20.8875,2.575,13.425,0.9625,0.4375,9.7,1.0499999999999998,9.7875,3.875,0.657125,22.075,0.175,0.1503749999999999,0.6,0.6356249999999999,0.9228658536,0.0,25.18071441279316,1.2589820505772402,0.0,-2.1350000000000002,-1.2750000000000001,0.11070416053053328
justin holiday,IND,SF,2020,3,1,30.0,1,0.0524,0.4485,3.1099999999999994,1.37,0.3787,5.2,0.6347,1.94,7.799999999999999,1.61,1.7000000000000002,0.5,-0.27,0.99,12.23,3.14,2.37,0.404,8.38,3.31,0.8289,1.3,1.09,0.1518,75.5,28.34,-1.26,1.7999999999999998,0.46,0.7000000000000001,11.21,1.93,9.74,2.18,1.27,9.27,0.95,6.97,3.62,0.5510999999999999,15.05,0.78,0.0746,3.0700000000000003,0.5247999999999999,0.4,1.3,0.5,0.5,4.0,0.762,2.0,3.3,0.8,3.9,1.3,1.1,1.3,10.1,2.8,0.1,0.476,5.3,2.5,0.333,0.8,0.3,0.143,4.0,32.8,-0.2,3.5,1.0,0.1,10.7,2.0,7.3,2.3,1.5,11.8,0.8,6.7,3.8,0.65,8.9,0.1,0.06,0.2,0.667,0.9825542005,0.0,28.332648419250475,1.1820206340480115,0.0,-0.68,1.37,0.057775213904803
pat connaughton,MIL,SG,2020,3,1,27.0,1,0.0452,0.5988,2.19,1.2999999999999998,0.3349,2.76,0.5544,0.91,10.97,1.62,1.85,0.43,0.2999999999999999,0.97,14.72,2.91,1.98,0.4519,4.92,2.21,0.7732000000000001,0.61,0.5,0.1233,68.2,19.130000000000003,-0.7,4.65,0.8300000000000001,1.39,11.69,1.19,5.85,0.97,0.41,11.36,0.65,9.95,3.76,0.5621999999999999,12.82,0.72,0.1257,3.37,0.5451,0.6402,1.5499999999999998,1.0,0.3211,2.49,0.6254000000000001,0.8,9.79,1.27,2.01,0.43,0.4699999999999998,1.58,19.11,3.45,0.31,0.4387999999999999,4.04,1.8,0.85,0.35,0.29,0.0863,10.3,17.990000000000002,-1.11,3.21,0.56,0.16,10.25,1.33,4.66,0.73,0.28,10.31,0.49,11.18,4.01,0.5524,11.16,0.1699999999999999,0.0938,0.47,0.5383,0.8884485096999999,0.0,19.108516795305164,1.2206738592633315,0.0,-0.55,0.16999999999999993,0.12436349090547887
rajon rondo,LAL,PG,2020,2,0,33.0,1,0.0756,0.4700999999999999,5.050000000000001,2.37,0.3383,2.69,0.35,0.94,35.540000000000006,6.54,0.32,0.1,-1.21,-0.07,14.04,3.32,1.44,0.4241,7.74,3.31,0.6298,0.8300000000000001,0.53,0.106,50.8,24.43,-1.11,2.4800000000000004,0.56,0.37,12.89,1.62,7.97,1.92,0.98,21.57,2.25,8.39,3.89,0.4933,17.95,0.3,0.0683,1.81,0.4828,0.4695714285714286,5.457142857142857,2.5142857142857147,0.406,2.8142857142857145,0.3541428571428571,1.1857142857142855,40.04285714285714,8.200000000000001,0.5,0.1285714285714286,2.8142857142857145,1.7285714285714286,17.45714285714286,4.385714285714286,0.5428571428571428,0.443,8.342857142857143,3.628571428571429,0.6722857142857144,1.3142857142857145,0.8571428571428572,0.1555714285714285,14.0,27.242857142857144,1.0857142857142856,3.7,0.8571428571428572,0.4571428571428571,16.457142857142856,2.271428571428572,9.3,2.5000000000000004,1.4,22.057142857142857,2.5571428571428574,10.7,5.242857142857143,0.5304285714285715,18.17142857142857,0.4142857142857143,0.1262857142857142,1.0,0.5141428571428572,0.6601626019,0.0,24.42397006688963,1.2694182242990657,0.0,0.11428571428571432,4.024285714285714,0.23507745105532152
jamychal green,LAC,PF,2020,2,0,29.0,1,0.066,0.5178,3.6,1.83,0.3822,3.17,0.501,1.24,5.9,0.92,1.79,0.45,-1.22,-0.07,24.22,5.02,1.83,0.4508,6.77,3.0700000000000003,0.7568,1.28,0.96,0.177,62.0,22.28,-1.15,7.800000000000001,1.62,1.08,12.759999999999998,2.86,8.28,1.18,0.58,13.07,1.12,16.099999999999998,6.67,0.5701,16.229999999999997,0.26,0.1036,2.9400000000000004,0.5476000000000001,0.61625,2.8,1.6749999999999998,0.4676249999999999,2.55,0.4618749999999999,1.25,4.8,0.6125,0.8125,0.125,0.7125,0.375,19.65,3.3625,0.0875,0.553125,5.324999999999999,2.925,0.78625,1.0749999999999995,0.7999999999999999,0.189875,10.375,19.5,0.3,5.75,1.0,0.3875,13.4375,2.7625,7.937499999999999,0.7374999999999999,0.3874999999999999,11.925,0.925,12.412499999999998,4.3625,0.67975,14.325,0.125,0.104,0.475,0.6621250000000001,0.8094512195,0.2,22.305709730904653,1.2589820505772402,0.0,-0.135,1.9325,0.12774895061952518
aron baynes,PHO,C,2020,2,0,33.0,1,0.0641,0.5441,4.55,2.5,0.3072999999999999,2.42,0.3121,0.82,10.16,1.35,2.74,0.58,-1.5299999999999998,-0.17,20.36,3.66,1.23,0.4755,6.97,3.35,0.7812,1.46,1.09,0.2169,52.5,19.59,-1.3600000000000003,9.51,1.6800000000000002,1.14,14.2,2.95,8.629999999999999,0.6,0.22,12.4,1.04,14.93,5.29,0.5609999999999999,18.47,0.07,0.1146,2.37,0.5292,0.6559999999999999,1.94,1.14,0.391,0.8999999999999999,0.3606,0.36,5.42,0.5800000000000001,1.96,0.36,-1.1,1.5,18.46,2.78,0.32,0.5449999999999999,2.84,1.5,0.5888,0.48,0.3399999999999999,0.1666,13.0,15.88,-2.64,8.56,1.38,0.36,10.08,2.24,3.66,0.98,0.26,18.16,0.52,13.62,4.16,0.618,9.52,0.12,0.1266,0.6799999999999999,0.6126,0.6758130081,0.0,19.61786755153284,1.1937472237493127,0.0,0.04999999999999999,0.4299999999999997,0.16716940032309915
chris boucher,TOR,C,2020,2,1,27.0,1,0.0596,0.5671249999999999,2.3375,1.3625,0.32275,1.6749999999999998,0.4295,0.525,3.7125,0.2875,9.1375,0.9625,2.225,1.6749999999999998,23.05,2.2125,1.275,0.4626249999999999,4.0125,1.8875,0.8151249999999999,1.375,1.125,0.3163749999999999,49.25,10.425,0.55,12.9,1.2875,1.3875,21.2625,1.5375,5.3625,1.4874999999999998,0.325,7.549999999999999,0.425,18.125,3.5625,0.5779999999999998,21.1625,0.575,0.21275,2.6375,0.531625,0.291875,0.9375,0.2499999999999999,0.3748749999999999,1.0,0.5093749999999999,0.375,2.0,0.0625,12.312499999999998,0.375,-1.8750000000000004,-1.6,24.7875,1.0,0.0625,0.320625,1.9375,0.625,0.0,0.2499999999999999,0.0,0.131875,5.125,4.5625,-0.2750000000000003,4.625,0.25,-0.0625,14.499999999999998,0.4375,1.625,0.0,0.0,5.0,0.0625,14.55,1.25,0.39125,31.175,-0.0625,-0.0308749999999999,0.0,0.4149999999999999,0.5354336044,0.0,8.61314727384931,1.3168992669965185,0.0,-0.6375,-4.1000000000000005,0.04355849470690794
jevon carter,PHO,PG,2020,3,1,24.0,0,0.036,0.350625,1.85,0.6625,0.3904999999999999,2.5375,0.5822499999999999,1.025,13.9625,1.5499999999999998,1.6749999999999998,0.3,-1.1249999999999998,0.85,10.425,1.4249999999999998,0.8875,0.373625,4.387499999999999,1.5875,0.837375,0.6125,0.5125,0.1342499999999999,50.875,15.7375,-1.975,3.2,0.4625,0.2375,9.9875,1.4625,4.7125,2.325,0.7625,12.325,0.675,6.7125,1.8875,0.5138749999999999,14.8125,0.2625,0.0569999999999999,1.125,0.4875,0.350625,1.85,0.6625,0.3904999999999999,2.5375,0.5822499999999999,1.025,13.9625,1.5499999999999998,1.6749999999999998,0.3,-1.1249999999999998,0.85,10.425,1.4249999999999998,0.8875,0.373625,4.387499999999999,1.5875,0.837375,0.6125,0.5125,0.1342499999999999,50.875,15.7375,-1.975,3.2,0.4625,0.2375,9.9875,1.4625,4.7125,2.325,0.7625,12.325,0.675,6.7125,1.8875,0.5138749999999999,14.8125,0.2625,0.0569999999999999,1.125,0.4875,0.681825881,0.0,15.728073331084216,1.1937472237493127,0.0,0.0,0.0,0.5
kris dunn,CHI,PG,2020,2,0,25.0,0,0.0437,0.4912,6.96,3.31,0.2999,2.25,0.2607,0.6699999999999999,25.36,4.7,1.36,0.4,-1.37,1.83,14.32,3.47,1.74,0.4353,9.21,4.01,0.757,1.44,1.08,0.154,49.7,27.37,-3.22,1.72,0.47,-0.1999999999999999,12.67,3.29,9.72,3.28,1.85,16.17,1.92,7.8,3.89,0.4978,18.27,0.2,0.0545,1.5099999999999998,0.4733,0.4912,6.96,3.31,0.2999,2.25,0.2607,0.6699999999999999,25.36,4.7,1.36,0.4,-1.37,1.83,14.32,3.47,1.74,0.4353,9.21,4.01,0.757,1.44,1.08,0.154,49.7,27.37,-3.22,1.72,0.47,-0.1999999999999999,12.67,3.29,9.72,3.28,1.85,16.17,1.92,7.8,3.89,0.4978,18.27,0.2,0.0545,1.5099999999999998,0.4733,0.6492886176999999,1.0,27.36319456667978,1.1734043430456296,0.0,0.0,0.0,0.5
paul millsap,DEN,PF,2020,1,1,34.0,1,0.0916,0.5078,6.960000000000001,3.55,0.396,2.49,0.2652,0.99,10.76,1.96,2.49,0.78,0.6400000000000001,0.1999999999999999,18.380000000000003,4.34,1.79,0.479,9.43,4.49,0.7652999999999999,3.3200000000000003,2.51,0.3471999999999999,54.1,26.300000000000004,0.44,8.34,1.95,2.29,17.22,2.75,12.5,1.9,1.01,11.94,1.5,13.34,6.290000000000001,0.5763,20.28,1.03,0.1359,4.08,0.5317000000000001,0.463875,5.5875,2.7125,0.331625,2.45,0.324625,0.8374999999999999,5.7875,1.05,2.125,0.725,-2.25,-0.6,16.0875,3.9375,0.3375,0.42425,8.0375,3.5125,0.78625,3.4,2.7124999999999995,0.432875,17.125,27.6875,-1.65,6.2375,1.5124999999999995,0.35,12.3125,2.8999999999999995,10.474999999999998,1.2999999999999998,0.7124999999999999,12.75,1.2999999999999998,11.125,5.449999999999999,0.5453749999999999,17.575,-0.0625,0.0655,0.625,0.4785,0.7029471544,0.0,26.29403508067374,1.2078113798790544,0.0,-1.0925,-2.89,0.2499493025998088
austin rivers,HOU,SG,2020,3,0,27.0,1,0.0017,0.4978,4.12,2.04,0.349,4.47,0.5305,1.56,11.95,2.31,0.6699999999999999,0.2,-2.78,-0.6799999999999999,8.39,2.02,1.04,0.4171,8.59,3.6,0.6376999999999999,1.71,1.1,0.2004,69.0,26.45,-2.1,1.59,0.37,1.0,10.03,2.26,9.85,1.37,0.77,9.37,0.98,5.0,2.41,0.5271,16.27,-0.35,0.0556,2.04,0.5092,0.39325,2.3875,0.9125,0.3319999999999999,3.125,0.5706249999999999,1.1,9.6375,1.1875,0.4625,0.1,-3.75,0.2125,13.3875,2.15,0.2625,0.3574999999999999,5.512499999999999,2.0125,0.73075,0.9125,0.65,0.1694999999999999,11.25,19.0625,-4.0,1.0375,0.2,-0.15,6.525,2.2875,5.775,1.45,0.5625,10.8125,0.7375,7.0,2.35,0.4813749999999999,15.5625,-0.0625,0.0252499999999999,0.1124999999999999,0.4524999999999999,0.8990514902,0.2,26.46725476902629,1.1868553234377863,0.0,0.2875,-0.9700000000000002,0.10514969179073948
josh jackson,MEM,SF,2020,2,0,22.0,0,0.0437,0.4963,6.2,2.96,0.3093,3.05,0.3535,0.91,12.8,1.79,2.02,0.51,-2.17,-0.0899999999999998,15.06,2.99,0.8200000000000001,0.4273,9.2,3.94,0.6780999999999999,2.68,1.8,0.2926999999999999,50.1,21.29,-2.05,3.65,0.73,-1.19,12.59,2.24,10.57,2.04,0.8700000000000001,13.82,1.69,9.38,3.74,0.5156000000000001,23.77,-0.5100000000000001,0.0189,-0.4,0.4829,0.4963,6.2,2.96,0.3093,3.05,0.3535,0.91,12.8,1.79,2.02,0.51,-2.17,-0.0899999999999998,15.06,2.99,0.8200000000000001,0.4273,9.2,3.94,0.6780999999999999,2.68,1.8,0.2926999999999999,50.1,21.29,-2.05,3.65,0.73,-1.19,12.59,2.24,10.57,2.04,0.8700000000000001,13.82,1.69,9.38,3.74,0.5156000000000001,23.77,-0.5100000000000001,0.0189,-0.4,0.4829,0.6296070462,0.2,21.30815870772645,1.23002864211105,0.0,0.0,0.0,0.5
trey burke,DAL,PG,2020,3,1,27.0,1,0.0275,0.4816,5.619999999999999,2.74,0.3914999999999999,2.54,0.3211,1.02,26.36,3.0,0.38,0.1,0.43,-1.2,7.15,1.1800000000000002,0.41,0.4548999999999999,8.11,3.71,0.7756000000000001,1.4,1.09,0.1669,41.1,18.08,1.63,2.84,0.48,1.32,16.95,1.04,9.53,1.47,0.57,8.5,0.78,4.98,1.66,0.5438000000000001,22.46,0.4599999999999999,0.1148,1.6999999999999995,0.518,0.524,7.0,3.7,0.471,2.8,0.288,1.3,11.5,2.0,1.1,0.3,0.2,0.8,12.0,2.8,0.0,0.508,9.8,5.0,0.6,1.7,1.0,0.169,6.0,26.0,-0.6,1.4,0.3,0.2,15.6,2.3,12.3,2.4,1.3,8.6,1.0,6.6,3.2,0.584,19.1,0.1,0.05,0.2,0.576,0.5291666664000001,0.0,18.055358062887493,1.1527891148982958,0.0,-0.3599999999999999,-0.22999999999999998,0.17350915594469063
john konchar,MEM,SG,2020,4,1,23.0,0,0.0192,0.704,1.4,1.0,0.5,0.5,0.27,0.3,16.2,1.2,1.5,0.2,4.5,2.0,16.6,1.5,0.2,0.649,1.9,1.3,0.5,0.1,0.1,0.054,19.0,9.5,2.5,10.7,0.9,0.5,18.0,0.4,2.8,1.8,0.4,15.6,0.4,13.7,2.5,0.713,10.3,0.3,0.182,0.7,0.716,0.704,1.4,1.0,0.5,0.5,0.27,0.3,16.2,1.2,1.5,0.2,4.5,2.0,16.6,1.5,0.2,0.649,1.9,1.3,0.5,0.1,0.1,0.054,19.0,9.5,2.5,10.7,0.9,0.5,18.0,0.4,2.8,1.8,0.4,15.6,0.4,13.7,2.5,0.713,10.3,0.3,0.182,0.7,0.716,0.263888889,0.0,9.5322807,1.23002864211105,0.0,0.0,0.0,0.5
willie cauleystein,DAL,C,2020,2,1,26.0,0,0.0375999999999999,0.5585,7.61,4.19,0.2,0.04,0.0056,0.0,11.38,1.85,3.72,0.91,0.59,1.24,23.16,5.02,2.06,0.5567,7.649999999999999,4.19,0.5921000000000001,2.21,1.28,0.2764,65.9,23.94,-0.62,7.859999999999999,1.82,2.23,17.42,2.44,9.73,2.03,1.03,10.3,0.95,15.33,6.82,0.5700999999999999,16.81,1.09,0.1262,4.24,0.5574,0.5585,7.61,4.19,0.2,0.04,0.0056,0.0,11.38,1.85,3.72,0.91,0.59,1.24,23.16,5.02,2.06,0.5567,7.649999999999999,4.19,0.5921000000000001,2.21,1.28,0.2764,65.9,23.94,-0.62,7.859999999999999,1.82,2.23,17.42,2.44,9.73,2.03,1.03,10.3,0.95,15.33,6.82,0.5700999999999999,16.81,1.09,0.1262,4.24,0.5574,0.8493902438,0.0,23.95567647897007,1.1527891148982958,0.0,0.0,0.0,0.5
bobby portis,NYK,PF,2020,2,0,24.0,0,0.0332,0.4894,7.28,3.55,0.3687,3.16,0.3046999999999999,1.17,10.83,1.51,1.25,0.3299999999999999,-1.11,-1.5,22.27,4.64,1.13,0.4524,10.45,4.72,0.7735000000000001,1.69,1.32,0.1636,62.6,22.85,0.38,7.699999999999999,1.7000000000000002,1.0,16.07,2.08,11.95,1.2400000000000002,0.6,10.27,1.28,14.73,6.34,0.5333000000000001,23.28,0.36,0.0702,2.13,0.5086999999999999,0.4894,7.28,3.55,0.3687,3.16,0.3046999999999999,1.17,10.83,1.51,1.25,0.3299999999999999,-1.11,-1.5,22.27,4.64,1.13,0.4524,10.45,4.72,0.7735000000000001,1.69,1.32,0.1636,62.6,22.85,0.38,7.699999999999999,1.7000000000000002,1.0,16.07,2.08,11.95,1.2400000000000002,0.6,10.27,1.28,14.73,6.34,0.5333000000000001,23.28,0.36,0.0702,2.13,0.5086999999999999,0.8193089433,0.0,22.845983485914488,0.9343034542789078,0.0656965457210921,0.0,0.0,0.5
robin lopez,MIL,C,2020,1,0,31.0,1,0.0669,0.5724,5.470000000000001,3.11,0.2915,0.96,0.1972999999999999,0.3,8.25,1.09,3.87,0.8400000000000001,-2.31,-0.4799999999999999,10.16,1.88,1.15,0.5224,6.43,3.39,0.6324,1.19,0.78,0.1855,68.0,19.04,-1.86,7.56,1.39,0.7899999999999999,12.81,1.6,7.910000000000001,0.42,0.17,15.1,1.23,8.9,3.27,0.5668,17.96,-0.12,0.0738,1.94,0.5541,0.75,1.3,1.0,0.0,0.0,0.0,0.0,0.0,0.0,0.0,0.0,-1.2,1.1,20.8,1.3,0.0,0.75,1.3,1.0,0.0,0.0,0.0,0.0,3.0,7.0,-2.3,0.0,0.0,0.0,10.0,0.7,2.0,0.0,0.0,0.0,0.0,10.2,1.3,0.75,8.2,0.0,0.118,0.1,0.75,0.8851626017,0.0,19.04846882039056,1.2206738592633315,0.0,0.12,1.11,0.015960842732496275
michael carterwilliams,ORL,SG,2020,2,1,28.0,1,0.0302,0.4407,3.61,1.63,0.2728,1.49,0.2883,0.43,21.38,2.39,2.68,0.48,-0.01,1.82,13.91,2.02,1.0,0.3921,5.1,2.03,0.7612,1.96,1.51,0.3896,41.3,16.46,-1.83,5.46,0.85,0.37,14.22,1.84,5.96,2.75,0.92,14.19,1.01,9.56,2.94,0.4941,18.29,0.36,0.0952,1.37,0.4314,0.435,4.6,2.0,0.25,1.6,0.258,0.4,24.1,2.4,0.0,0.0,-2.1,1.8,23.0,3.6,0.1,0.387,6.2,2.4,0.875,1.6,1.4,0.258,5.0,18.4,-3.9,2.2,0.4,-0.1,9.2,2.4,6.6,1.6,0.6,18.8,1.6,11.9,4.0,0.478,20.5,0.0,-0.02,0.0,0.419,0.5417682927,0.2,16.451449430058,1.089411792193513,0.0,-0.36,-2.0900000000000003,0.1192021746622821
kenrich williams,NOP,PF,2020,3,0,25.0,0,0.0183,0.492625,1.825,0.8875,0.2861249999999999,2.8374999999999995,0.622125,0.7875,8.8125,1.6124999999999998,1.8375,0.4625,-2.2125,0.7125,16.625,3.5375,0.8374999999999999,0.3608749999999999,4.6625,1.6749999999999998,0.47275,0.5875,0.2375,0.136125,41.625,22.125,-2.9875,6.0875,1.2625,0.175,8.325,2.225,4.475,1.65,0.8125,11.7875,0.675,11.375,4.8,0.4499999999999999,10.175,-0.0625,0.051125,1.0125,0.448875,0.492625,1.825,0.8875,0.2861249999999999,2.8374999999999995,0.622125,0.7875,8.8125,1.6124999999999998,1.8375,0.4625,-2.2125,0.7125,16.625,3.5375,0.8374999999999999,0.3608749999999999,4.6625,1.6749999999999998,0.47275,0.5875,0.2375,0.136125,41.625,22.125,-2.9875,6.0875,1.2625,0.175,8.325,2.225,4.475,1.65,0.8125,11.7875,0.675,11.375,4.8,0.4499999999999999,10.175,-0.0625,0.051125,1.0125,0.448875,0.5489075206249999,0.0,22.12942609678093,1.2151021806853584,0.0,0.0,0.0,0.5
alec burks,PHI,SF,2020,1,0,28.0,1,0.055,0.4383,5.85,2.53,0.3676,3.52,0.3708,1.34,14.71,2.25,0.96,0.26,-0.29,-0.48,16.23,3.25,1.16,0.4126999999999999,9.32,3.89,0.863,3.04,2.68,0.3216,65.0,23.05,0.1599999999999999,2.56,0.5599999999999999,1.5,14.78,1.61,11.68,1.63,0.75,10.170000000000002,1.18,9.23,3.86,0.5428000000000001,22.1,0.7000000000000001,0.0829,2.68,0.4806,0.4177142857142857,7.328571428571429,3.0142857142857142,0.2628571428571429,3.4857142857142858,0.323,0.8571428571428572,17.614285714285714,1.8285714285714287,2.342857142857143,0.6000000000000001,-0.4999999999999995,-1.1285714285714288,12.357142857142858,2.1142857142857143,0.0571428571428571,0.3675714285714286,10.814285714285717,3.8,0.8034285714285715,2.128571428571429,1.685714285714286,0.1982857142857143,5.428571428571429,20.8,0.6285714285714287,6.014285714285714,1.342857142857143,0.0142857142857142,13.085714285714287,1.5714285714285716,10.1,0.8142857142857144,0.3285714285714285,6.771428571428572,0.8285714285714287,9.157142857142858,3.4857142857142858,0.4495714285714286,26.614285714285717,0.0857142857142857,0.0018571428571428,0.0428571428571428,0.409,0.848577236,0.0,23.043160357623105,1.3541127817482133,0.0,-0.6142857142857143,-0.20999999999999952,0.07008241599907787
avery bradley,LAL,SG,2020,1,0,29.0,0,0.0516,0.476,5.73,2.68,0.3611,3.8,0.4119,1.39,9.22,1.77,0.51,0.18,-3.16,-0.22,8.1,2.03,1.24,0.4272,9.53,4.04,0.8281000000000001,0.8500000000000001,0.69,0.0823,52.6,27.4,-2.94,1.94,0.51,-0.36,8.649999999999999,2.31,10.13,1.51,0.8800000000000001,11.73,1.36,5.02,2.49,0.5165,17.409999999999997,-0.48,0.0323,0.8,0.5015000000000001,0.476,5.73,2.68,0.3611,3.8,0.4119,1.39,9.22,1.77,0.51,0.18,-3.16,-0.22,8.1,2.03,1.24,0.4272,9.53,4.04,0.8281000000000001,0.8500000000000001,0.69,0.0823,52.6,27.4,-2.94,1.94,0.51,-0.36,8.649999999999999,2.31,10.13,1.51,0.8800000000000001,11.73,1.36,5.02,2.49,0.5165,17.409999999999997,-0.48,0.0323,0.8,0.5015000000000001,0.6829607048999999,0.5,27.411088335196688,1.2694182242990657,0.0,0.0,0.0,0.5
chimezie metu,SAS,C,2020,3,0,22.0,0,0.0064,0.5021249999999999,2.0875,1.075,0.0,0.1,0.0427499999999999,0.0,13.8125,0.525,3.575,0.225,-2.1999999999999997,-0.5874999999999999,21.0375,1.0875,0.1375,0.4798749999999999,2.1875,1.075,0.7675,0.6625,0.525,0.303625,22.125,5.5,-1.6749999999999994,10.2375,0.5499999999999999,-0.0624999999999999,16.275,0.4375,2.675,1.625,0.2,17.7875,0.5625,15.625,1.575,0.525875,23.9625,-0.0124999999999999,0.044125,0.075,0.4798749999999999,0.5021249999999999,2.0875,1.075,0.0,0.1,0.0427499999999999,0.0,13.8125,0.525,3.575,0.225,-2.1999999999999997,-0.5874999999999999,21.0375,1.0875,0.1375,0.4798749999999999,2.1875,1.075,0.7675,0.6625,0.525,0.303625,22.125,5.5,-1.6749999999999994,10.2375,0.5499999999999999,-0.0624999999999999,16.275,0.4375,2.675,1.625,0.2,17.7875,0.5625,15.625,1.575,0.525875,23.9625,-0.0124999999999999,0.044125,0.075,0.4798749999999999,0.288871951375,0.0,5.536245210727969,1.3757615906175555,0.0,0.0,0.0,0.5
drew eubanks,SAS,C,2020,3,1,22.0,0,0.0148,0.613875,2.2875,1.45,0.625,0.0,0.009375,0.0,7.925,0.5499999999999999,4.825,0.575,-1.6124999999999998,0.0124999999999999,24.175,2.075,0.2625,0.617625,2.2875,1.5125,0.7978749999999999,0.975,0.75,0.4299999999999999,22.375,9.5875,-1.5875,9.1125,0.925,0.35,16.474999999999998,1.25,3.7375,0.8999999999999999,0.1625,20.725,0.7374999999999999,16.65,3.0,0.6685,15.6875,0.0,0.12875,0.6124999999999999,0.622,0.613875,2.2875,1.45,0.625,0.0,0.009375,0.0,7.925,0.5499999999999999,4.825,0.575,-1.6124999999999998,0.0124999999999999,24.175,2.075,0.2625,0.617625,2.2875,1.5125,0.7978749999999999,0.975,0.75,0.4299999999999999,22.375,9.5875,-1.5875,9.1125,0.925,0.35,16.474999999999998,1.25,3.7375,0.8999999999999999,0.1625,20.725,0.7374999999999999,16.65,3.0,0.6685,15.6875,0.0,0.12875,0.6124999999999999,0.622,0.296155149375,0.0,9.58259881422925,1.3757615906175555,0.0,0.0,0.0,0.5
marc gasol,TOR,C,2020,2,0,35.0,1,0.0235,0.4738,5.74,2.71,0.3696,3.63,0.4212,1.34,19.65,3.81,3.34,1.06,2.19,2.21,23.44,6.22,2.8200000000000003,0.4318999999999999,9.29,4.0,0.762,2.43,1.88,0.2405,60.3,29.04,-0.0199999999999999,3.2700000000000005,0.87,1.3,14.39,2.71,11.27,1.43,0.87,15.1,1.79,13.38,7.140000000000001,0.5457000000000001,17.93,2.02,0.1134,4.1,0.5105999999999999,0.511375,3.55,1.7999999999999998,0.2588749999999999,2.95,0.4489999999999999,0.8374999999999999,17.0125,2.75,3.375,0.7875,0.0874999999999996,2.7875,21.075,4.675,0.7374999999999999,0.402625,6.4375,2.6375,0.7843749999999999,1.5875,1.2624999999999995,0.24225,15.874999999999998,24.4125,-2.7,2.0875,0.5125,0.2124999999999999,9.9375,3.125,7.274999999999999,1.2125,0.6499999999999999,15.125,1.275,11.4125,5.15,0.5033749999999999,15.6375,0.3749999999999999,0.0827499999999999,0.9874999999999998,0.4626249999999999,0.7726287261,0.2,29.043716156558872,1.3168992669965185,0.0,-1.645,-2.1025000000000005,0.18121083211929945
nerlens noel,OKC,C,2020,1,0,25.0,1,0.0458,0.6258999999999999,3.98,2.49,0.1665,0.0,0.0075,0.0,6.83,0.77,6.58,1.25,2.28,3.2299999999999995,21.81,3.28,2.1,0.6229,3.98,2.49,0.7327000000000001,1.33,1.0,0.3362,59.6,16.5,-0.95,10.41,1.55,1.95,19.23,2.41,6.050000000000001,2.78,0.97,16.29,0.91,16.08,4.83,0.6495,14.35,1.14,0.1909,4.0,0.6239,0.5375,2.9375,1.5875,0.0,0.0625,0.036875,0.0,2.875,0.25,5.512499999999999,0.6625,-2.0125,0.9125,21.1375,2.725,0.1625,0.5193749999999999,3.0,1.5875,0.3125,1.025,0.4375,0.4049999999999999,6.25,13.1875,-2.9875,10.85,1.2625,0.0,12.425,1.9875,3.675,1.225,0.3375,11.35,0.4875,16.2,3.9875,0.5225,13.1375,0.0,0.0941249999999999,0.1625,0.5193749999999999,0.7784891598,0.0,16.49421734297069,0.9581286879237676,0.0418713120762324,-1.14,-4.2925,0.07733175395747999
bryn forbes,SAS,SG,2020,2,0,26.0,1,0.0214,0.4709,3.66,1.74,0.3998,5.08,0.5764,2.0,9.49,1.6800000000000002,0.05,0.0,-2.33,-1.44,8.46,1.95,0.8,0.4295,8.719999999999999,3.74,0.8154,1.18,0.96,0.1362,72.1,24.75,-0.8899999999999999,0.8500000000000001,0.2,1.56,10.97,1.75,10.52,0.98,0.48,8.14,0.8500000000000001,4.66,2.15,0.5658,17.81,-0.08,0.0606,2.31,0.5444,0.438,2.96,1.34,0.3792,3.56,0.544,1.46,5.24,0.8,0.24,0.06,-3.08,-1.6800000000000002,9.06,2.24,0.0,0.4067999999999999,6.52,2.86,0.6858,1.5,1.06,0.2614,5.800000000000001,23.58,-1.4000000000000004,1.1,0.18,0.18,9.1,1.52,8.139999999999999,0.12,0.06,2.88,0.24,5.02,2.4800000000000004,0.5442,15.08,0.0199999999999999,0.0324,0.24,0.5107999999999999,0.9326219512,0.0,24.71324252406213,1.3757615906175555,0.0,0.0999999999999999,-0.75,0.07118531322755785
garrett temple,BRK,SG,2020,1,0,33.0,1,0.0437,0.4794,3.29,1.57,0.3452,4.85,0.5849,1.64,10.88,2.05,1.44,0.45,-1.89,0.24,10.53,2.65,1.63,0.3992,8.19,3.26,0.7807,1.36,1.06,0.1719,66.5,27.07,-2.13,1.65,0.43,0.5,9.86,2.08,9.17,1.5500000000000005,0.88,10.63,1.01,6.07,3.08,0.5266,15.54,0.04,0.0556,2.1,0.4993,0.571875,2.325,1.3625,0.2098749999999999,6.075,0.6978749999999999,1.5125,7.35,1.3625,0.925,0.2625,-5.6875,-0.9375,9.675,2.125,-0.0625,0.31925,8.3625,2.875,0.783125,1.5749999999999995,1.2625,0.4171249999999999,4.75,25.375,-4.6875,0.6374999999999998,0.075,-0.125,4.8625,2.3625,8.3625,1.45,0.6875,10.8125,1.05,4.824999999999999,2.2,0.46125,15.125,-0.0625,-0.074,-0.225,0.3936249999999999,0.8634823847,0.2,27.081604843756825,1.5443511728055708,0.0,-0.10250000000000001,-3.7975000000000003,0.0627542629620012
elfrid payton,NYK,PG,2020,1,1,25.0,0,0.0437,0.4878,8.11,3.99,0.2609,1.8,0.1825999999999999,0.49,36.33,7.12,1.1800000000000002,0.38,-0.4599999999999999,-0.07,13.81,3.69,1.15,0.4483,9.96,4.48,0.6376999999999999,2.03,1.28,0.2019,47.7,28.53,-0.39,4.14,1.16,0.71,15.5,2.03,10.72,2.27,1.36,18.08,2.4000000000000004,8.92,4.77,0.4931999999999999,19.62,0.52,0.0649,1.86,0.4732,0.4878,8.11,3.99,0.2609,1.8,0.1825999999999999,0.49,36.33,7.12,1.1800000000000002,0.38,-0.4599999999999999,-0.07,13.81,3.69,1.15,0.4483,9.96,4.48,0.6376999999999999,2.03,1.28,0.2019,47.7,28.53,-0.39,4.14,1.16,0.71,15.5,2.03,10.72,2.27,1.36,18.08,2.4000000000000004,8.92,4.77,0.4931999999999999,19.62,0.52,0.0649,1.86,0.4732,0.6198170732,0.2,28.511402110317466,0.9343034542789078,0.0656965457210921,0.0,0.0,0.5
jahlil okafor,NOP,C,2020,2,0,24.0,0,0.0173,0.6052,5.44,3.27,0.2765,0.1,0.0195,0.0,9.07,0.89,3.78,0.6799999999999999,-0.89,-0.12,19.3,2.75,0.5,0.5989,5.51,3.34,0.6662,1.7,1.11,0.3073,38.3,15.06,-0.79,9.47,1.38,0.93,17.58,1.94,7.77,0.64,0.21,14.239999999999998,1.08,14.38,4.109999999999999,0.6187,20.12,0.13,0.1176,1.4300000000000002,0.602,0.6052,5.44,3.27,0.2765,0.1,0.0195,0.0,9.07,0.89,3.78,0.6799999999999999,-0.89,-0.12,19.3,2.75,0.5,0.5989,5.51,3.34,0.6662,1.7,1.11,0.3073,38.3,15.06,-0.79,9.47,1.38,0.93,17.58,1.94,7.77,0.64,0.21,14.239999999999998,1.08,14.38,4.109999999999999,0.6187,20.12,0.13,0.1176,1.4300000000000002,0.602,0.492479675,0.0,15.056053403906375,1.2151021806853584,0.0,0.0,0.0,0.5
damian jones,ATL,C,2020,2,0,24.0,1,0.0022,0.6668,2.78,1.9,0.111,0.1,0.0255,0.0,5.99,0.6799999999999999,3.97,0.69,-1.84,0.1999999999999999,13.52,1.86,0.47,0.6548,2.83,1.9,0.6837,1.26,0.89,0.4314,37.7,14.36,-2.04,8.33,1.1,1.4,13.75,2.31,4.76,1.22,0.42,13.12,0.52,10.95,2.96,0.6754,11.81,0.12,0.1341,1.87,0.6573,0.8,0.38,0.3,0.0,0.0,0.0,0.0,0.0,0.0,0.0,0.0,-16.18,-1.4,24.4,0.5,0.0,0.8,0.38,0.3,0.5668,0.6200000000000001,0.38,1.8,4.0,2.32,-14.739999999999998,4.2,0.12,-0.04,-0.26,0.88,0.88,0.0,0.0,39.82,0.5,14.6,0.6200000000000001,0.7196,19.700000000000003,-0.04,-0.0858,0.0,0.8,0.5063346884,0.0,14.366157449425756,1.0692235202492213,0.0,-0.16,-14.34,0.016852749104697702
deandre bembry,ATL,SG,2020,2,0,25.0,0,0.0159,0.5112000000000001,4.279999999999999,2.18,0.2756,1.62,0.2735999999999999,0.41,13.74,2.08,1.85,0.45,-2.91,0.8500000000000001,15.259999999999998,2.96,1.01,0.4446,5.88,2.62,0.5782,1.32,0.77,0.2234,51.3,21.200000000000003,-3.76,3.22,0.67,-0.7000000000000001,9.56,1.99,6.46,2.61,1.2000000000000002,19.88,1.57,9.12,3.63,0.4978,15.8,-0.1699999999999999,0.0045999999999999,0.29,0.482,0.5112000000000001,4.279999999999999,2.18,0.2756,1.62,0.2735999999999999,0.41,13.74,2.08,1.85,0.45,-2.91,0.8500000000000001,15.259999999999998,2.96,1.01,0.4446,5.88,2.62,0.5782,1.32,0.77,0.2234,51.3,21.200000000000003,-3.76,3.22,0.67,-0.7000000000000001,9.56,1.99,6.46,2.61,1.2000000000000002,19.88,1.57,9.12,3.63,0.4978,15.8,-0.1699999999999999,0.0045999999999999,0.29,0.482,0.6620257452,0.0,21.211046133741,1.0692235202492213,0.0,0.0,0.0,0.5
maurice harkless,NYK,PF,2020,1,0,26.0,1,0.0332,0.576,3.45,1.97,0.3389999999999999,1.8,0.3450999999999999,0.5900000000000001,6.53,1.09,2.51,0.66,0.14,1.8,12.86,2.86,1.86,0.4961,5.25,2.61,0.6392,1.11,0.6799999999999999,0.2127,60.8,22.86,-1.6800000000000002,4.62,1.0,1.17,11.38,2.35,6.51,2.02,0.94,12.36,0.8300000000000001,8.83,3.84,0.5692999999999999,12.04,0.77,0.1038,3.01,0.5554,0.6192,4.46,2.68,0.2832,2.28,0.339,0.64,9.56,1.64,2.64,0.8,1.32,1.32,12.6,2.86,0.24,0.5014,6.68,3.38,0.3834,1.38,0.84,0.198,10.4,25.18,0.04,7.0600000000000005,1.6800000000000002,0.28,13.84,2.9000000000000004,8.24,1.38,0.66,10.04,0.8600000000000001,9.78,4.54,0.5682,14.06,0.18,0.0938,0.52,0.5514,0.7939701896,0.0,22.86586610169492,0.9343034542789078,0.0656965457210921,-0.5900000000000001,1.1800000000000002,0.15854119242504966
wesley matthews,MIL,SG,2020,1,0,33.0,1,0.0332,0.4553,3.18,1.44,0.3698,5.220000000000001,0.6405,1.94,9.34,1.93,0.6,0.1699999999999999,-1.62,0.2199999999999999,8.07,2.1900000000000004,1.97,0.3992,8.4,3.35,0.7899,1.54,1.23,0.1797,66.8,28.05,-1.92,1.49,0.38,0.93,9.420000000000002,1.88,9.9,1.3,0.78,9.55,0.95,4.86,2.62,0.5455000000000001,15.11,0.2,0.0769,2.93,0.5173,0.39575,1.7374999999999998,0.625,0.37175,4.675,0.7337499999999999,1.7374999999999998,7.175,1.3125,1.425,0.3625,-1.6374999999999995,1.0625,7.1,1.6875,0.225,0.375625,6.375,2.3625,0.8125,0.925,0.7375,0.146875,7.75,26.55,-2.7625,1.625,0.375,-0.0499999999999999,7.0,1.8125,7.125,1.6124999999999998,0.8625,13.9875,1.1875,4.1625,2.0625,0.5338749999999999,13.2375,0.025,0.035625,0.2125,0.5126249999999999,0.8713753391,0.0,28.058345895675863,1.2206738592633315,0.0,-0.17500000000000002,-0.017499999999999405,0.09894794548215259
dwayne bacon,CHO,SG,2020,2,0,24.0,0,0.0154,0.4165,4.01,1.69,0.3243,1.61,0.284,0.56,10.11,1.12,0.37,0.08,-5.45,-0.91,14.21,2.13,0.41,0.3914999999999999,5.67,2.22,0.7117,1.13,0.77,0.1881999999999999,43.0,16.810000000000002,-4.54,1.6,0.28,-0.47,7.72,1.34,5.7,1.31,0.4499999999999999,9.97,0.65,7.720000000000001,2.39,0.4667,17.53,-0.5900000000000001,-0.006,-0.06,0.439,0.4165,4.01,1.69,0.3243,1.61,0.284,0.56,10.11,1.12,0.37,0.08,-5.45,-0.91,14.21,2.13,0.41,0.3914999999999999,5.67,2.22,0.7117,1.13,0.77,0.1881999999999999,43.0,16.810000000000002,-4.54,1.6,0.28,-0.47,7.72,1.34,5.7,1.31,0.4499999999999999,9.97,0.65,7.720000000000001,2.39,0.4667,17.53,-0.5900000000000001,-0.006,-0.06,0.439,0.5574186993,0.2,16.795175827944107,0.9816205790727506,0.0183794209272494,0.0,0.0,0.5
bismack biyombo,CHO,C,2020,1,1,27.0,0,0.0321,0.5469999999999999,4.33,2.32,0.0,0.0,0.0006,0.0,6.970000000000001,0.79,4.6,0.93,-2.48,-0.3099999999999999,22.14,3.48,1.05,0.5468,4.33,2.32,0.6226,2.29,1.42,0.5356000000000001,59.1,17.689999999999998,-2.14,11.55,1.96,1.33,15.19,2.05,6.16,0.6,0.22,13.86,0.8300000000000001,16.689999999999998,5.42,0.5768,15.19,-0.12,0.1128,2.38,0.5468,0.5469999999999999,4.33,2.32,0.0,0.0,0.0006,0.0,6.970000000000001,0.79,4.6,0.93,-2.48,-0.3099999999999999,22.14,3.48,1.05,0.5468,4.33,2.32,0.6226,2.29,1.42,0.5356000000000001,59.1,17.689999999999998,-2.14,11.55,1.96,1.33,15.19,2.05,6.16,0.6,0.22,13.86,0.8300000000000001,16.689999999999998,5.42,0.5768,15.19,-0.12,0.1128,2.38,0.5468,0.765616531,0.0,17.700911573782022,0.9816205790727506,0.0183794209272494,0.0,0.0,0.5
wenyen gabriel,POR,PF,2020,2,0,22.0,1,0.0148,0.536,0.9,0.5,0.3,0.7,0.417,0.2,4.4,0.3,2.6,0.2,-3.8,-0.1,13.9,1.0,0.2,0.438,1.6,0.7,0.682,0.7,0.5,0.458,30.0,7.8,-3.7,9.5,0.7,0.0,9.6,1.3,2.1,2.2,0.4,21.7,0.5,11.7,1.7,0.546,13.4,-0.1,0.048,0.2,0.5,0.7,2.5,1.8,0.4,1.3,0.333,0.5,12.3,1.0,3.4,0.5,0.4,2.0,6.0,0.8,0.0,0.6,3.8,2.3,0.5,0.5,0.3,0.133,4.0,13.3,-1.6,13.8,1.8,0.1,13.8,4.0,5.3,1.8,0.5,23.9,1.3,9.9,2.5,0.661,16.4,0.0,0.093,0.1,0.667,0.416666667,0.0,7.83061111,1.241049697636064,0.0,0.1,4.2,0.18523676880222842
james ennis,ORL,SG,2020,1,1,29.0,1,0.0302,0.5702,2.76,1.53,0.3349999999999999,2.43,0.4744,0.81,6.23,0.8600000000000001,1.43,0.3299999999999999,-1.99,-0.28,13.12,2.3,1.22,0.4585,5.19,2.37,0.785,1.44,1.11,0.2797,66.3,19.97,-1.7400000000000002,5.66,1.0,1.38,11.37,2.16,6.73,1.4300000000000002,0.6,11.37,0.74,9.329999999999998,3.35,0.5771,14.4,-0.01,0.0943,2.6,0.5379,0.521125,3.4625,1.75,0.261625,3.0875,0.473125,0.8,7.5,1.1625,1.5125,0.3625,-2.2625,0.75,17.375,3.775,0.2,0.395875,6.55,2.55,0.72325,1.7624999999999995,1.2875,0.272,7.249999999999999,22.7875,-3.0125,6.025,1.3125,0.0499999999999999,8.55,3.425,7.1875,1.4875,0.775,12.849999999999998,1.0875,11.4875,5.05,0.4958749999999999,15.724999999999998,0.0375,0.0413749999999999,0.1874999999999999,0.458125,0.8669715444,0.0,19.98906180070798,1.089411792193513,0.0,0.0475,-0.2725000000000002,0.11093682155671554
oshae brissett,TOR,SF,2020,2,1,21.0,0,0.0069,0.476,1.1,0.5,0.2,0.8,0.417,0.2,7.0,0.4,0.7,0.1,-5.3,0.4,13.0,0.9,0.2,0.361,1.9,0.7,0.8,0.5,0.4,0.278,19.0,7.1,-5.8,7.2,0.5,-0.1,6.7,0.9,1.9,1.4,0.2,14.8,0.4,10.2,1.4,0.458,15.0,-0.1,0.043,0.1,0.403,0.476,1.1,0.5,0.2,0.8,0.417,0.2,7.0,0.4,0.7,0.1,-5.3,0.4,13.0,0.9,0.2,0.361,1.9,0.7,0.8,0.5,0.4,0.278,19.0,7.1,-5.8,7.2,0.5,-0.1,6.7,0.9,1.9,1.4,0.2,14.8,0.4,10.2,1.4,0.458,15.0,-0.1,0.043,0.1,0.403,0.263888889,0.0,7.109122805263158,1.3168992669965185,0.0,0.0,0.0,0.5
kelan martin,MIN,SF,2020,2,0,24.0,0,0.0132,0.541,2.7,1.5,0.26,3.1,0.53,0.8,6.8,0.7,1.5,0.3,-4.3,-1.0,18.6,2.7,0.3,0.392,5.8,2.3,0.968,1.0,1.0,0.171,31.0,16.0,-3.3,2.5,0.4,-0.1,9.2,1.6,6.4,0.7,0.2,9.3,0.6,10.2,3.1,0.506,17.8,-0.3,0.023,0.2,0.461,0.541,2.7,1.5,0.26,3.1,0.53,0.8,6.8,0.7,1.5,0.3,-4.3,-1.0,18.6,2.7,0.3,0.392,5.8,2.3,0.968,1.0,1.0,0.171,31.0,16.0,-3.3,2.5,0.4,-0.1,9.2,1.6,6.4,0.7,0.2,9.3,0.6,10.2,3.1,0.506,17.8,-0.3,0.023,0.2,0.461,0.430555556,0.0,15.964408603225808,1.4586353399303646,0.0,0.0,0.0,0.5
patrick patterson,LAC,PF,2020,1,1,30.0,1,0.0282,0.4454,1.13,0.53,0.373,2.53,0.6854,0.92,6.199999999999999,0.6399999999999999,0.8600000000000001,0.1699999999999999,-0.64,-0.1699999999999999,14.37,1.91,0.95,0.3958,3.64,1.4500000000000002,0.7708999999999999,0.62,0.49,0.1682,64.8,13.81,-0.4399999999999999,4.41,0.5900000000000001,0.8500000000000001,10.18,0.8800000000000001,4.3100000000000005,0.8500000000000001,0.26,8.52,0.37,9.37,2.47,0.5488999999999999,13.11,0.3399999999999999,0.0978,1.8,0.5243,0.1428571428571428,0.0857142857142857,0.0571428571428571,0.8571428571428572,1.2714285714285714,0.9048571428571428,1.157142857142857,54.41428571428571,1.5714285714285714,0.0,0.0,27.17142857142857,8.157142857142858,13.214285714285715,0.842857142857143,0.0285714285714285,0.8571428571428572,1.3571428571428572,1.2142857142857142,0.0,0.0,0.0,0.0,3.1428571428571432,6.342857142857143,19.01428571428572,0.5142857142857143,0.0571428571428571,0.1428571428571428,39.400000000000006,0.7285714285714286,3.585714285714286,0.2285714285714286,0.0571428571428571,9.514285714285714,0.1428571428571428,6.857142857142858,0.8714285714285714,1.262,11.3,0.0714285714285714,0.6594285714285714,0.1714285714285714,1.262,0.8402100269,0.0,13.773651403527234,1.2589820505772402,0.0,-0.2685714285714285,27.81142857142857,0.021790773240502142
nicolas batum,CHO,SF,2020,1,0,31.0,0,0.0148,0.4693,2.9800000000000004,1.4,0.3268999999999999,3.16,0.5459,1.03,18.74,3.59,1.43,0.46,-0.96,0.55,15.63,3.77,1.07,0.391,6.140000000000001,2.51,0.8757,1.01,0.8400000000000001,0.1489,46.3,27.12,-1.5099999999999998,4.18,1.0,1.04,11.05,1.74,6.909999999999999,1.62,0.8700000000000001,18.26,1.38,9.75,4.77,0.5104,12.32,0.54,0.0670999999999999,2.11,0.4790999999999999,0.4693,2.9800000000000004,1.4,0.3268999999999999,3.16,0.5459,1.03,18.74,3.59,1.43,0.46,-0.96,0.55,15.63,3.77,1.07,0.391,6.140000000000001,2.51,0.8757,1.01,0.8400000000000001,0.1489,46.3,27.12,-1.5099999999999998,4.18,1.0,1.04,11.05,1.74,6.909999999999999,1.62,0.8700000000000001,18.26,1.38,9.75,4.77,0.5104,12.32,0.54,0.0670999999999999,2.11,0.4790999999999999,0.5832655828000001,0.0,27.083002308988632,0.9816205790727506,0.0183794209272494,0.0,0.0,0.5
jeff teague,ATL,PG,2020,1,0,31.0,1,0.0046999999999999,0.4598,6.99,3.25,0.3575,2.41,0.2525,0.83,32.75,6.459999999999999,1.09,0.3299999999999999,-0.79,-1.15,8.469999999999999,2.1,0.73,0.4341,9.38,4.08,0.8467,3.41,2.9,0.3721,56.1,28.03,0.36,1.58,0.43,2.14,15.2,2.01,11.92,1.62,0.95,16.689999999999998,2.19,4.99,2.55,0.5475000000000001,19.66,0.5299999999999999,0.0867,2.89,0.4793,0.485,6.6,3.2,0.389,3.6,0.353,1.4,29.6,5.8,1.4,0.4,-1.2,-1.1,10.3,3.0,0.0,0.451,10.2,4.6,0.706,3.4,2.4,0.333,5.0,30.6,-0.1,2.2,0.6,0.1,13.2,3.8,13.0,1.0,0.6,19.3,2.8,6.4,3.6,0.556,21.6,0.0,0.028,0.1,0.52,0.734112466,0.3,28.041550488038745,1.0692235202492213,0.0,-0.5299999999999999,-0.4099999999999999,0.08867082434309696
wayne ellington,NYK,SG,2020,1,0,32.0,1,0.0148,0.4356,1.25,0.5800000000000001,0.3647,5.6,0.8206,2.06,9.17,1.22,0.53,0.1,-1.37,-0.53,10.51,1.89,0.9,0.3778,6.799999999999999,2.64,0.8336,0.67,0.54,0.0917999999999999,49.3,20.4,-0.84,0.94,0.2,1.01,10.29,1.3,7.88,1.41,0.6399999999999999,8.18,0.63,5.65,2.06,0.5428,16.119999999999997,0.3999999999999999,0.0676,1.88,0.527,0.1848,2.38,0.6,0.3508,5.7,0.7202,2.04,5.14,1.02,0.68,0.16,-4.22,-2.04,9.419999999999998,2.36,-0.06,0.3256,8.08,2.64,1.0,0.54,0.54,0.0686,4.4,27.76,-2.18,1.6,0.56,-0.06,6.66,1.32,7.8,1.02,0.64,6.22,0.54,5.16,2.92,0.474,14.04,-0.06,-0.0384,-0.12,0.4539999999999999,0.6317073169,0.0,20.39782500269269,0.9343034542789078,0.0656965457210921,-0.4599999999999999,-2.8499999999999996,0.10829674499762384
jared dudley,LAL,PF,2020,1,1,34.0,1,0.0148,0.4204,0.8300000000000001,0.37,0.3923999999999999,1.57,0.6708,0.5900000000000001,10.63,1.04,0.91,0.18,-1.39,1.4300000000000002,12.69,1.49,0.69,0.4054999999999999,2.38,0.96,0.863,0.38,0.27,0.1315,49.8,13.12,-2.8200000000000003,2.01,0.27,0.43,8.0,1.47,2.8600000000000003,1.76,0.43,13.44,0.4299999999999999,7.369999999999999,1.7800000000000002,0.5558000000000001,9.16,0.06,0.0836,1.1,0.5373000000000001,0.1874999999999999,0.2499999999999999,0.1124999999999999,0.0832499999999999,1.0499999999999998,0.7754999999999999,0.1874999999999999,6.6,1.0499999999999998,2.3375,0.175,-4.1875,2.9375,5.7625,0.3125,0.0625,0.102375,1.2999999999999998,0.3,0.3749999999999999,0.3749999999999999,0.3749999999999999,0.1364999999999999,7.125,9.8125,-7.1875,0.0,0.0,-0.0625,1.0749999999999995,1.0625,1.1249999999999998,4.6375,0.55,29.775,0.4999999999999999,2.8625,0.3125,0.1762499999999999,8.3625,0.0,-0.073375,-0.0625,0.1364999999999999,0.6454268293000001,0.0,13.101585489887007,1.2694182242990657,0.0,-0.06,-2.7975000000000003,0.09666116835387878
dwight howard,LAL,C,2020,1,0,34.0,1,0.0148,0.6825714285714286,5.985714285714286,3.842857142857144,0.4694285714285714,0.1,0.0151428571428571,0.0,5.457142857142857,0.8714285714285714,5.114285714285715,1.242857142857143,0.1142857142857143,0.8857142857142857,29.51428571428572,6.157142857142858,2.9714285714285715,0.6792857142857143,6.057142857142857,3.842857142857144,0.5311428571428571,4.271428571428572,2.3142857142857145,0.7347142857142858,72.42857142857143,22.185714285714287,-0.8,13.571428571428571,2.671428571428572,2.8285714285714287,19.214285714285715,3.171428571428572,10.1,1.0714285714285716,0.4571428571428572,17.528571428571432,1.6,21.485714285714288,8.785714285714286,0.6619999999999999,17.414285714285715,0.842857142857143,0.1784285714285714,5.800000000000001,0.6838571428571429,0.691,3.1,2.1,0.5,0.1,0.035,0.1,4.5,0.5,2.8,0.4,-2.1,0.3,21.2,2.8,0.4,0.684,3.2,2.2,0.556,2.5,1.4,0.789,18.0,15.7,-2.3,13.5,1.8,0.6,15.7,3.1,5.8,1.4,0.4,17.2,0.9,17.4,4.6,0.677,14.3,0.0,0.162,1.0,0.693,0.7096544715,0.3,23.195242259457864,1.2694182242990657,0.0,-0.842857142857143,-2.2142857142857144,0.14956499198029907
carmelo anthony,POR,PF,2020,1,1,35.0,1,0.0148,0.4587,8.29,3.77,0.3623,5.09,0.3843999999999999,1.82,5.28,1.16,1.56,0.58,-2.99,-1.58,16.78,4.88,1.01,0.4173,13.38,5.59,0.7805,2.56,1.98,0.1906,47.6,31.64,-1.41,3.52,1.05,0.47,12.010000000000002,2.91,14.96,0.99,0.64,8.45,1.35,10.11,5.93,0.517,21.39,-0.43,0.0451,1.48,0.4852999999999999,0.4277142857142857,9.085714285714287,3.8571428571428577,0.3618571428571429,4.057142857142858,0.3104285714285715,1.4285714285714288,6.957142857142857,1.5142857142857142,1.2571428571428571,0.4857142857142857,-2.7,-0.5285714285714286,15.05714285714286,4.914285714285715,0.1571428571428571,0.4014285714285714,13.142857142857142,5.285714285714286,0.8215714285714286,2.7142857142857144,2.2285714285714286,0.2065714285714285,5.285714285714287,34.371428571428574,-2.2142857142857144,0.9142857142857144,0.2857142857142857,-0.2,8.771428571428572,3.5142857142857142,14.22857142857143,1.642857142857143,1.2000000000000002,12.671428571428573,2.142857142857143,8.014285714285716,5.2,0.4948571428571429,20.17142857142857,0.0,-0.0098571428571428,-0.0428571428571428,0.4555714285714285,0.6296070464,0.0,31.63438351404156,1.241049697636064,0.0,0.43,0.29000000000000004,0.10764536247304335
jeff green,HOU,C,2020,1,0,33.0,1,0.0148,0.5848,4.28,2.46,0.3359999999999999,3.6,0.4608,1.21,8.309999999999999,1.3,1.65,0.43,-0.8300000000000001,-0.77,12.23,2.62,0.8500000000000001,0.4689,7.85,3.67,0.841,2.3600000000000003,1.99,0.2983,62.7,22.84,-0.06,2.96,0.62,2.06,13.89,1.96,10.55,1.17,0.53,10.28,1.04,7.67,3.24,0.5948,18.7,0.36,0.0975,2.91,0.5465,0.5547142857142857,3.871428571428571,2.128571428571429,0.39,4.128571428571429,0.5151428571428572,1.642857142857143,9.042857142857144,1.5714285714285716,1.9571428571428573,0.5571428571428572,-0.2428571428571428,-0.4142857142857142,16.557142857142857,3.8857142857142857,0.3714285714285715,0.4701428571428572,8.0,3.814285714285714,0.7934285714285714,1.6,1.2857142857142856,0.2104285714285714,14.857142857142858,27.085714285714285,0.1428571428571428,1.6000000000000003,0.3714285714285715,0.3,12.3,2.1,10.485714285714288,0.842857142857143,0.4428571428571429,11.285714285714286,1.1571428571428573,8.714285714285715,4.257142857142857,0.599,16.32857142857143,0.1714285714285714,0.093,0.742857142857143,0.5712857142857143,0.8052845529,0.0,22.85664127790855,1.1868553234377863,0.0,-0.18857142857142858,0.5871428571428573,0.21936209577307453
reggie jackson,LAC,PG,2020,1,1,29.0,1,0.0148,0.4467,6.82,3.1,0.3688,4.82,0.4161,1.77,27.07,4.37,0.4499999999999999,0.15,-0.16,-1.15,9.75,2.25,1.0,0.417,11.65,4.87,0.8429,2.3200000000000003,2.0,0.1969,49.1,25.71,0.99,2.4,0.52,1.45,14.59,2.08,13.49,0.98,0.53,12.47,1.7800000000000002,6.050000000000001,2.84,0.5318,24.32,0.67,0.0836,2.45,0.4944,0.31825,4.937499999999999,1.9875,0.49275,3.675,0.538,1.7374999999999998,24.2625,3.1875,0.375,0.0625,2.275,-0.2375,11.1,1.75,0.025,0.4353749999999999,8.612499999999999,3.75,0.3213749999999999,0.6749999999999999,0.5624999999999999,0.0404999999999999,9.0,19.0,2.5125,2.35,0.6124999999999999,0.2,14.275,2.0625,9.7375,0.8624999999999999,0.425,8.424999999999999,0.7374999999999999,6.6,2.3625,0.57975,19.25,0.1375,0.0803749999999999,0.225,0.571875,0.6250338756,0.0,25.69002896547338,1.2589820505772402,0.0,-0.5325,2.435,0.11930002281351312
markieff morris,LAL,PF,2020,1,1,30.0,1,0.0148,0.501,4.76,2.39,0.3669,3.56,0.4348999999999999,1.31,9.89,1.4500000000000002,1.39,0.37,-2.0700000000000003,-0.61,17.64,3.52,1.25,0.4438,8.32,3.7,0.7836000000000001,1.59,1.19,0.1872,61.0,22.22,-1.44,4.26,0.88,0.6699999999999999,12.4,2.65,9.97,1.3199999999999998,0.5900000000000001,12.36,1.2600000000000002,10.84,4.4,0.5519999999999999,20.08,0.02,0.0633,1.84,0.5243,0.4774,2.4800000000000004,1.27,0.3292,2.47,0.5324,0.8799999999999999,8.73,1.14,2.17,0.39,-0.96,0.86,17.020000000000003,2.83,0.25,0.4164,4.949999999999999,2.1500000000000004,0.8024,1.08,0.87,0.2557,13.2,18.73,-1.87,5.85,1.0,0.19,10.52,2.58,6.050000000000001,0.8600000000000001,0.35,11.9,0.72,11.43,3.78,0.5571999999999999,14.42,0.02,0.0838,0.4599999999999999,0.513,0.7930216803000001,0.0,22.20015099777988,1.2694182242990657,0.0,0.0,1.1100000000000003,0.15426641774654073
hassan whiteside,POR,C,2020,1,0,30.0,1,0.0148,0.5929,10.1,5.960000000000001,0.523,0.11,0.0127999999999999,0.05,6.01,1.04,7.57,2.36,2.81,0.93,34.65,8.829999999999998,3.3,0.5898,10.21,6.03,0.6183000000000001,3.5,2.13,0.3400999999999999,65.9,27.05,1.88,14.55,3.67,3.95,24.37,2.74,14.24,0.97,0.52,12.21,1.63,24.65,12.42,0.6058,21.520000000000003,2.16,0.1934,7.2,0.592,0.5014285714285714,4.428571428571429,2.2285714285714286,0.7142857142857143,0.1428571428571428,0.03,0.1428571428571428,2.6428571428571432,0.3428571428571429,7.985714285714286,1.7714285714285716,-3.5857142857142863,0.0285714285714285,27.92857142857143,5.142857142857143,0.1,0.5157142857142858,4.571428571428571,2.3714285714285714,0.5328571428571429,2.742857142857143,1.4571428571428573,0.6021428571428572,5.0,19.542857142857144,-3.6142857142857143,8.757142857142858,1.5714285714285716,-0.0571428571428571,11.185714285714289,3.342857142857143,6.342857142857143,0.2857142857142857,0.1428571428571428,20.942857142857143,1.542857142857143,18.314285714285717,6.714285714285714,0.5471428571428572,16.17142857142857,-0.0571428571428571,0.0237142857142857,0.0428571428571428,0.5307142857142857,0.8603997290000001,0.0,27.013752071869817,1.241049697636064,0.0,-2.217142857142857,-6.395714285714286,0.05196713458614141
kent bazemore,SAC,SF,2020,1,0,30.0,0,0.0148,0.4271,5.130000000000001,2.2,0.3468,3.99,0.4397,1.36,11.77,2.09,2.1500000000000004,0.6199999999999999,-2.07,0.41,15.71,3.62,1.57,0.3921,9.12,3.56,0.7615000000000001,2.5,1.92,0.2728,67.1,25.25,-2.53,1.86,0.46,-0.62,11.12,2.66,10.46,2.34,1.2400000000000002,14.08,1.67,8.73,4.08,0.511,19.85,-0.04,0.0266,0.95,0.4680999999999999,0.4271,5.130000000000001,2.2,0.3468,3.99,0.4397,1.36,11.77,2.09,2.1500000000000004,0.6199999999999999,-2.07,0.41,15.71,3.62,1.57,0.3921,9.12,3.56,0.7615000000000001,2.5,1.92,0.2728,67.1,25.25,-2.53,1.86,0.46,-0.62,11.12,2.66,10.46,2.34,1.2400000000000002,14.08,1.67,8.73,4.08,0.511,19.85,-0.04,0.0266,0.95,0.4680999999999999,0.8758807586999999,0.2,25.274222897686567,0.9787619479567528,0.0212380520432472,0.0,0.0,0.5
alex len,SAC,C,2020,1,0,26.0,0,0.0116,0.5892999999999999,5.17,3.03,0.311,1.33,0.1886,0.4499999999999999,8.35,1.02,4.02,0.9000000000000001,-0.6499999999999999,-0.6,23.49,4.05,1.06,0.5388999999999999,6.52,3.4800000000000004,0.6552,2.45,1.6,0.3866,64.4,18.87,-0.13,11.34,2.03,2.0500000000000003,17.89,2.39,9.03,0.97,0.4,12.8,1.11,17.28,6.05,0.5949,19.08,0.4,0.1217999999999999,3.11,0.5687,0.5892999999999999,5.17,3.03,0.311,1.33,0.1886,0.4499999999999999,8.35,1.02,4.02,0.9000000000000001,-0.6499999999999999,-0.6,23.49,4.05,1.06,0.5388999999999999,6.52,3.4800000000000004,0.6552,2.45,1.6,0.3866,64.4,18.87,-0.13,11.34,2.03,2.0500000000000003,17.89,2.39,9.03,0.97,0.4,12.8,1.11,17.28,6.05,0.5949,19.08,0.4,0.1217999999999999,3.11,0.5687,0.8319444444999999,0.0,18.88329910976661,0.9787619479567528,0.0212380520432472,0.0,0.0,0.5
solomon hill,MIA,PF,2020,1,0,28.0,1,0.0148,0.4298999999999999,1.7800000000000002,0.76,0.3171,2.5,0.58,0.8200000000000001,11.36,1.65,0.8500000000000001,0.18,-2.89,0.13,12.97,2.3,0.7100000000000001,0.3662,4.23,1.58,0.6861999999999999,0.76,0.5599999999999999,0.1802,45.1,18.32,-2.99,3.76,0.65,0.19,7.9,1.6,4.52,1.67,0.62,14.84,0.8200000000000001,8.469999999999999,2.9,0.483,12.36,-0.06,0.0379,0.83,0.4594999999999999,0.8094285714285715,0.5714285714285715,0.3714285714285715,0.345,1.1571428571428573,0.6592857142857144,0.4142857142857142,9.857142857142858,0.5142857142857143,0.2,0.0285714285714285,0.9571428571428572,1.6142857142857143,14.12857142857143,0.9857142857142858,0.0285714285714285,0.5,1.7285714285714286,0.7857142857142858,0.2571428571428572,0.3142857142857143,0.2857142857142857,0.1142857142857143,7.571428571428571,7.914285714285715,-0.6571428571428571,3.628571428571429,0.2714285714285714,0.1,10.914285714285716,1.042857142857143,2.271428571428572,0.9714285714285714,0.1,4.828571428571429,0.2,9.085714285714284,1.2571428571428571,0.6367142857142858,10.728571428571428,0.0,0.121,0.1,0.6135714285714287,0.5999661244,0.0,18.331871615349257,1.2421880612057907,0.0,0.06,3.8471428571428574,0.06762077316047176
matthew dellavedova,CLE,PG,2020,1,1,29.0,1,0.0148,0.4588,1.82,0.82,0.2913,2.03,0.5237,0.6300000000000001,29.55,3.5,0.16,0.0,-4.800000000000001,-2.04,8.51,1.21,0.09,0.3709,3.85,1.43,0.8601000000000001,0.77,0.71,0.2056,50.5,16.009999999999998,-2.79,1.9,0.26,0.26,9.1,1.54,4.18,1.04,0.37,22.52,1.18,5.17,1.4700000000000002,0.4911,14.57,-0.58,0.0203,0.35,0.4472,0.667,0.5,0.3,0.222,1.5,0.75,0.3,27.3,2.7,0.0,0.0,-5.1,-2.4,5.7,0.7,0.0,0.333,2.0,0.7,1.0,0.3,0.3,0.167,6.0,13.0,-2.7,1.6,0.2,0.0,6.8,1.0,2.0,1.3,0.3,31.8,1.0,3.8,0.8,0.466,11.8,-0.1,0.009,0.0,0.417,0.6641260165,0.0,16.025948098914476,1.1593117830309694,0.0,0.48,-0.29999999999999893,0.08798596736623032
langston galloway,DET,SG,2020,1,0,28.0,1,0.0148,0.4648,2.8000000000000003,1.34,0.3748,4.7,0.6278,1.77,8.61,1.28,0.47,0.15,-0.83,-0.59,8.33,1.63,0.92,0.4081,7.47,3.1100000000000003,0.8437,1.15,0.97,0.1518999999999999,68.6,22.42,-0.31,2.3200000000000003,0.47,1.93,11.8,1.4,8.91,1.4,0.62,5.32,0.4499999999999999,5.300000000000001,2.1,0.5528,16.64,0.41,0.0875,2.85,0.5256000000000001,0.222,2.3,0.5,0.36,6.3,0.735,2.3,5.3,1.0,3.3,1.0,-3.5,-1.0,13.8,3.3,0.0,0.324,8.5,2.8,0.0,0.0,0.0,0.0,4.0,27.5,-2.5,1.6,0.5,-0.1,6.8,2.5,7.8,0.9,0.5,5.6,0.5,6.9,3.8,0.456,13.8,0.0,-0.051,-0.1,0.456,0.8924796748999999,0.0,22.41743424236808,1.053815887850467,0.0,-0.41,-2.67,0.06674708679305734
tyler johnson,BRK,SG,2020,1,1,27.0,1,0.0148,0.4663,4.19,1.93,0.3367,3.83,0.4774,1.32,14.65,2.28,1.31,0.35,-1.63,-0.32,9.73,2.0700000000000003,1.13,0.4049,7.94,3.25,0.8088,1.67,1.36,0.2085,51.0,22.84,-1.31,2.45,0.53,0.8,11.37,1.6800000000000002,9.11,1.36,0.6300000000000001,10.21,0.99,6.09,2.53,0.5214,18.27,0.26,0.0657,1.88,0.485,0.54,4.128571428571429,2.242857142857143,0.4521428571428572,5.571428571428571,0.545,2.342857142857143,15.471428571428572,1.8714285714285717,0.7142857142857143,0.2142857142857142,0.4142857142857142,-1.0714285714285714,8.514285714285714,1.685714285714286,-0.0714285714285714,0.4801428571428572,9.7,4.585714285714285,0.9591428571428572,0.7571428571428571,0.7000000000000001,0.1075714285714285,4.285714285714287,21.27142857142857,1.5571428571428572,0.3714285714285715,0.0571428571428571,0.1285714285714286,13.471428571428572,2.8,12.142857142857144,0.3428571428571429,0.1142857142857143,6.114285714285715,0.6857142857142858,4.2,1.742857142857143,0.6158571428571429,20.5,0.1,0.0391428571428571,0.0571428571428571,0.5982857142857143,0.6549796748000001,0.3,22.842045566655425,1.5443511728055708,0.0,-0.16,2.044285714285714,0.0725820289041235
frank kaminsky,PHO,C,2020,1,0,26.0,0,0.0148,0.5227,4.49,2.34,0.3495,3.2,0.4184,1.14,13.22,1.66,1.15,0.28,-0.2,-0.6900000000000001,18.53,3.2,0.76,0.4497,7.66,3.4,0.7202,2.34,1.71,0.3084,49.4,19.42,0.49,4.640000000000001,0.81,1.2,15.02,1.61,9.65,0.89,0.39,9.5,0.8800000000000001,11.51,4.02,0.5576000000000001,21.23,0.43,0.0965,1.96,0.5223,0.5227,4.49,2.34,0.3495,3.2,0.4184,1.14,13.22,1.66,1.15,0.28,-0.2,-0.6900000000000001,18.53,3.2,0.76,0.4497,7.66,3.4,0.7202,2.34,1.71,0.3084,49.4,19.42,0.49,4.640000000000001,0.81,1.2,15.02,1.61,9.65,0.89,0.39,9.5,0.8800000000000001,11.51,4.02,0.5576000000000001,21.23,0.43,0.0965,1.96,0.5223,0.6354674799,0.0,19.43018243696265,1.1937472237493127,0.0,0.0,0.0,0.5
raul neto,PHI,PG,2020,1,0,27.0,1,0.0148,0.5067,2.56,1.29,0.3737,1.5,0.3721,0.55,23.36,2.01,0.75,0.1,-1.27,-0.0199999999999999,9.83,1.1,0.6,0.4569,4.109999999999999,1.89,0.818,0.9000000000000001,0.71,0.2138999999999999,46.3,12.46,-1.25,1.64,0.2,0.4599999999999999,12.78,1.02,5.039999999999999,1.5299999999999998,0.38,16.64,0.9000000000000001,5.75,1.3,0.5609,18.71,0.08,0.0935,1.11,0.5266,0.2476,1.91,0.4599999999999999,0.2572,1.52,0.3889,0.56,16.29,1.1,0.0,0.0,-5.46,-1.67,13.689999999999998,1.25,0.02,0.2774,3.43,1.02,0.2,0.12,0.12,0.0434,3.5,10.31,-3.82,0.6000000000000001,0.06,-0.05,4.550000000000001,0.39,2.73,1.23,0.31,7.74,0.35,6.970000000000001,1.31,0.3555,15.82,-0.03,-0.055,-0.03,0.3417,0.6103658536000001,0.0,12.451419407104424,1.3541127817482133,0.0,-0.11,-4.1899999999999995,0.058867864198517736
jakarr sampson,IND,PF,2020,1,1,26.0,1,0.0148,0.6190000000000001,3.0571428571428574,1.8714285714285717,0.2528571428571429,0.4285714285714286,0.1158571428571428,0.1285714285714286,5.471428571428572,0.5428571428571428,3.314285714285715,0.5714285714285715,-1.342857142857143,1.3142857142857145,16.84285714285714,2.171428571428572,0.6142857142857143,0.5772857142857143,3.4857142857142858,2.0,0.655,0.7714285714285716,0.5,0.2244285714285714,30.57142857142857,14.385714285714286,-2.657142857142857,5.271428571428572,0.7142857142857143,0.5428571428571428,12.971428571428572,1.9857142857142855,4.628571428571429,1.485714285714286,0.4714285714285715,9.942857142857145,0.4000000000000001,10.971428571428572,2.8571428571428577,0.6064285714285714,13.0,0.1,0.1211428571428571,1.0857142857142856,0.5925714285714285,0.625,4.0,2.5,0.0,0.0,0.0,0.0,14.3,1.0,0.0,0.0,-0.8,1.9,28.8,3.0,0.0,0.625,4.0,2.5,0.0,0.0,0.0,0.0,4.0,12.5,-2.7,2.3,0.3,0.1,14.2,2.5,5.0,2.0,0.5,11.1,0.5,15.2,3.3,0.625,16.6,0.0,0.089,0.1,0.625,0.304403794,0.0,19.595492427045453,1.1820206340480115,0.0,-0.1,0.5428571428571429,0.10208418403486696
harry giles,SAC,C,2020,1,0,21.0,0,0.0148,0.54075,5.5875,3.0,0.0,0.0375,0.011375,0.0,14.575,1.375,2.4875,0.4,-1.9375,0.7125,23.225,3.0125,0.875,0.534875,5.6875,3.0,0.7238749999999999,1.2875,0.875,0.21975,50.5,14.349999999999998,-2.6499999999999995,7.475,0.975,0.5,15.65,2.6,6.9375,1.6749999999999998,0.5,14.6125,1.1124999999999998,15.1875,3.9875,0.55975,21.575,-0.0124999999999999,0.091,1.375,0.534875,0.54075,5.5875,3.0,0.0,0.0375,0.011375,0.0,14.575,1.375,2.4875,0.4,-1.9375,0.7125,23.225,3.0125,0.875,0.534875,5.6875,3.0,0.7238749999999999,1.2875,0.875,0.21975,50.5,14.349999999999998,-2.6499999999999995,7.475,0.975,0.5,15.65,2.6,6.9375,1.6749999999999998,0.5,14.6125,1.1124999999999998,15.1875,3.9875,0.55975,21.575,-0.0124999999999999,0.091,1.375,0.534875,0.664549458,0.0,14.364204772160797,0.9787619479567528,0.0212380520432472,0.0,0.0,0.5
torrey craig,DEN,SF,2020,1,0,29.0,1,0.0148,0.5861999999999999,2.24,1.33,0.3188,2.25,0.4968,0.72,5.92,0.8200000000000001,2.76,0.56,-2.3,-0.2299999999999999,13.48,2.23,1.04,0.4537,4.44,2.0,0.6413,0.75,0.53,0.1759,59.3,18.47,-2.04,6.66,1.11,1.07,10.48,2.16,5.25,1.09,0.41,9.4,0.48,10.080000000000002,3.36,0.5476000000000001,12.4,-0.07,0.0881,2.08,0.5333000000000001,0.56375,2.0875,1.1625,0.34075,2.35,0.532,0.825,4.9125,0.7749999999999999,1.575,0.4,-2.0,0.2124999999999999,15.8125,2.975,0.2,0.4436249999999999,4.4,1.9625,0.6436249999999999,0.85,0.5375,0.191375,17.125,21.1625,-2.2125,5.1,1.0,0.2875,9.2,2.45,5.2875,1.0375,0.4375,8.799999999999999,0.4625,10.4375,3.975,0.548125,11.225,0.0124999999999999,0.063,0.4875,0.534125,0.7722899729999999,0.0,18.477884420963747,1.2078113798790544,0.0,0.0824999999999999,0.2999999999999998,0.24861979840294895
daquan jeffries,SAC,SG,2020,1,1,22.0,0,0.0132,0.682,1.7,1.2,0.278,1.4,0.45,0.4,7.1,0.5,0.7,0.1,-3.8,-1.1,12.3,1.2,0.1,0.5,3.1,1.5,0.833,0.5,0.4,0.15,13.0,10.8,-2.8,2.3,0.2,0.2,11.2,1.5,3.8,1.4,0.3,4.5,0.2,7.2,1.4,0.586,13.7,-0.1,0.1,0.3,0.563,0.682,1.7,1.2,0.278,1.4,0.45,0.4,7.1,0.5,0.7,0.1,-3.8,-1.1,12.3,1.2,0.1,0.5,3.1,1.5,0.833,0.5,0.4,0.15,13.0,10.8,-2.8,2.3,0.2,0.2,11.2,1.5,3.8,1.4,0.3,4.5,0.2,7.2,1.4,0.586,13.7,-0.1,0.1,0.3,0.563,0.180555556,0.0,10.854871792307693,0.9787619479567528,0.0212380520432472,0.0,0.0,0.5
kawhi leonard,LAC,SF,2021,4,1,29.0,1,0.35,0.5387,13.32,7.16,0.3866,5.16,0.2795,1.99,23.65,4.73,1.23,0.46,7.76,1.59,18.15,5.73,2.87,0.4962,18.48,9.1,0.8791,6.4,5.58,0.3444,55.1,33.57,6.17,3.5700000000000003,1.08,6.04,26.23,1.7000000000000002,25.85,2.43,1.7000000000000002,9.34,2.18,11.06,6.84,0.6089,30.26,4.57,0.2316,8.91,0.5504,0.5944,14.32,8.469999999999999,0.371,5.63,0.283,2.1,21.48,4.63,1.99,0.78,10.19,2.6500000000000004,18.58,6.460000000000001,0.8300000000000001,0.5312,20.02,10.6,0.8754,7.359999999999999,6.46,0.3682999999999999,14.2,39.26,7.49,5.84,2.0,2.1,29.22,2.42,29.76,2.69,2.08,9.55,2.47,12.22,8.46,0.6412,29.78,1.7299999999999998,0.2557,2.93,0.5837,0.7449525745000001,0.0,33.57009322700405,1.5224702034084665,0.0,-2.8400000000000007,2.4299999999999997,0.23159364888403491
john collins,ATL,PF,2021,5,1,23.0,1,0.2046,0.6219,10.010000000000002,6.25,0.3894,3.25,0.2459,1.25,7.930000000000001,1.45,3.09,1.1,2.26,-0.66,21.770000000000003,6.18,1.51,0.5649,13.26,7.5,0.8090999999999999,3.5900000000000003,2.88,0.2709,56.0,30.61,2.92,8.71,2.51,4.539999999999999,21.71,3.2300000000000004,19.18,0.9,0.5700000000000001,9.72,1.59,15.24,8.690000000000001,0.6456000000000001,22.65,1.77,0.1708,6.02,0.6132,0.635,7.0,4.4,0.357,3.1,0.308,1.1,4.4,0.9,1.6,0.6,0.9,-0.2,22.7,6.7,0.8,0.549,10.1,5.6,0.833,2.0,1.7,0.198,18.0,32.0,1.1,6.9,2.0,0.9,15.3,3.3,13.9,0.7,0.4,10.4,1.3,14.9,8.7,0.632,17.0,0.4,0.14,1.7,0.604,0.757113821,0.0,30.636639677290987,1.2165414971596116,0.0,-1.37,-1.3599999999999999,0.2515108114716876
chris paul,PHO,PG,2021,4,1,35.0,1,0.2739999999999999,0.5335000000000001,8.2,4.38,0.3786,4.359999999999999,0.3485,1.67,38.51,8.1,0.68,0.27,4.4,1.19,14.74,4.21,2.69,0.48,12.59,6.05,0.9115,3.2,2.88,0.2539,67.6,31.55,3.19,1.46,0.44,5.9,21.15,2.39,16.6,2.42,1.58,14.3,2.31,8.19,4.67,0.5945,22.79,3.41,0.1928,8.59,0.5457000000000001,0.5402,10.41,5.58,0.3886,4.619999999999999,0.3089,1.74,32.6,6.99,0.94,0.3399999999999999,4.23,1.35,13.45,4.67,0.69,0.485,15.0,7.32,0.8728,3.58,3.14,0.2389,14.3,35.510000000000005,2.86,1.98,0.63,1.07,19.66,2.64,19.39,2.0500000000000003,1.52,14.13,2.77,7.950000000000001,5.25,0.5846,24.24,0.8,0.1568999999999999,1.71,0.542,0.9192411922,0.0,31.575853362364526,1.2254199102070735,0.0,-2.6100000000000003,-0.16999999999999993,0.19230409460370917
jarrett allen,CLE,C,2021,5,1,22.0,1,0.1779,0.6387,6.93,4.41,0.1846,0.3,0.0392,0.07,8.6,1.61,4.3100000000000005,1.39,1.56,0.48,25.42,6.6000000000000005,2.58,0.6216999999999999,7.25,4.48,0.6832,4.17,2.8200000000000003,0.5730999999999999,68.5,27.99,1.11,11.41,2.96,4.59,19.96,1.9,11.91,0.9,0.53,13.16,1.39,18.42,9.56,0.6561,15.95,1.68,0.1815999999999999,7.18,0.6256999999999999,0.5873999999999999,6.16,3.62,0.0,0.0,0.0,0.0,12.66,2.26,3.86,1.32,1.3,0.74,28.42,7.82,0.06,0.5873999999999999,6.16,3.62,0.8278,4.0,3.34,0.6502,4.4,28.6,0.6200000000000001,12.46,3.78,0.28,19.26,2.12,10.580000000000002,0.94,0.54,22.28,2.3200000000000003,19.86,11.6,0.6656,15.1,0.14,0.1187999999999999,0.28,0.5873999999999999,0.9242886178,0.0,27.966508593809525,1.2198863936228697,0.0,-1.54,-0.26,0.06159101977089356
norman powell,POR,SG,2021,5,1,27.0,1,0.138,0.5471,6.3,3.45,0.4052,5.15,0.4486,2.1,9.829999999999998,1.79,1.02,0.31,0.6599999999999999,-0.0699999999999999,10.12,2.63,1.62,0.4836,11.44,5.5,0.8537999999999999,3.08,2.65,0.2619,62.1,28.28,0.73,1.89,0.51,2.59,15.8,2.1,15.82,1.81,1.1,10.89,1.52,6.029999999999999,3.12,0.6154,21.55,1.1800000000000002,0.1169,4.21,0.5744,0.5474000000000001,6.12,3.41,0.3968,4.1,0.4194,1.65,8.41,1.52,1.66,0.59,0.38,-0.0399999999999999,8.05,1.85,0.22,0.4858,10.3,5.01,0.8298,2.44,2.1,0.2324,10.9,28.62,0.42,1.55,0.41,0.3299999999999999,13.94,2.44,13.82,1.17,0.63,8.07,1.0,4.82,2.26,0.6043000000000001,19.32,0.15,0.0922,0.53,0.5698,0.8421747964999999,0.0,28.268317235785958,1.186795153014477,0.0,-1.0300000000000002,-0.2799999999999999,0.1508394475051568
duncan robinson,MIA,SF,2021,5,1,26.0,1,0.1392,0.6541,1.17,0.76,0.395,7.2,0.8443,3.0,7.16,1.38,0.72,0.24,-1.05,-0.6799999999999999,11.59,2.82,1.42,0.4387,8.44,3.76,0.8262,0.88,0.78,0.11,60.9,26.75,-0.3700000000000001,0.6100000000000001,0.1,2.06,10.95,2.17,11.26,0.99,0.51,9.04,0.91,6.209999999999999,2.97,0.6220000000000001,15.9,0.6699999999999999,0.0851,3.48,0.6071,0.5562499999999999,0.6875,0.4125,0.380125,7.025,0.914125,2.6875,6.762499999999999,1.1749999999999998,0.3749999999999999,0.1124999999999999,-0.0500000000000001,0.5,10.7125,2.6875,0.2125,0.396625,7.712499999999999,3.1,0.8879999999999999,2.2375,2.0375,0.2966249999999999,10.375,26.35,-0.55,0.3749999999999999,0.075,0.3749999999999999,10.2375,3.225,10.825,1.3875,0.7625,9.575,0.925,5.475,2.8,0.62225,16.175,0.1874999999999999,0.0697499999999999,0.5874999999999999,0.57075,0.8407520325,0.0,26.752095148846276,1.271806111416529,0.0,-0.48250000000000004,1.0,0.14369909951937135
kyle lowry,TOR,PG,2021,3,0,34.0,1,0.24,0.4975,5.52,2.73,0.373,7.4,0.5741,2.72,32.04,7.640000000000001,1.05,0.37,2.22,0.2199999999999999,13.97,4.49,2.24,0.425,12.92,5.53,0.8606,4.12,3.53,0.3147,53.4,35.06,2.0,2.05,0.7,3.43,16.86,3.06,17.259999999999998,1.67,1.2,16.28,2.84,7.96,5.16,0.5859,21.55,2.07,0.1421,5.62,0.532,0.5198,6.34,3.26,0.3349999999999999,6.300000000000001,0.5008,2.14,25.34,6.12,1.58,0.54,3.02,2.08,14.98,5.08,1.0,0.4274,12.7,5.4,0.8008,4.66,3.72,0.3598,16.200000000000003,37.5,0.94,2.24,0.78,0.8400000000000001,15.82,3.76,16.619999999999997,2.0,1.54,14.16,2.42,8.52,5.86,0.5662,20.36,0.7,0.146,1.86,0.5118,0.7196476967,0.0,35.071129960718494,1.3692470313358989,0.0,-1.3699999999999999,0.7999999999999998,0.24498891803215225
demar derozan,SAS,PF,2021,3,0,31.0,1,0.2312999999999999,0.5179,14.72,7.6,0.2368,0.87,0.0567,0.2,29.35,6.37,0.76,0.29,2.34,-0.15,13.7,4.33,1.66,0.503,15.59,7.85,0.8594999999999999,6.720000000000001,5.789999999999999,0.4352,66.3,34.06,2.49,2.04,0.6699999999999999,5.44,21.4,2.29,21.67,1.39,0.97,10.67,2.24,7.84,4.95,0.5848,26.52,2.43,0.1537,7.15,0.5096,0.492,16.9,8.3,0.0,0.1,0.008,0.0,21.6,4.6,0.3,0.1,3.8,0.8,15.8,5.3,0.1,0.487,17.0,8.3,0.864,6.3,5.4,0.37,7.0,35.9,3.0,4.3,1.4,0.6,23.2,2.3,22.0,1.7,1.1,8.0,1.7,10.1,6.7,0.557,27.8,0.4,0.145,0.8,0.487,0.8947493222,0.0,34.05735167464057,1.1583280740333517,0.0,-2.0300000000000002,1.46,0.10014034791299226
lonzo ball,NOP,PG,2021,4,0,23.0,0,0.1655,0.47,4.609999999999999,2.1100000000000003,0.3673,7.0200000000000005,0.5974999999999999,2.56,26.19,6.03,1.5499999999999998,0.56,0.97,0.59,14.87,4.44,1.79,0.4091,11.56,4.75,0.6436999999999999,1.16,0.74,0.0998,55.8,31.590000000000003,0.4099999999999999,2.96,0.8500000000000001,0.83,13.87,2.03,12.82,2.21,1.47,17.14,2.47,8.92,5.289999999999999,0.528,19.18,1.31,0.0723,2.64,0.5194000000000001,0.47,4.609999999999999,2.1100000000000003,0.3673,7.0200000000000005,0.5974999999999999,2.56,26.19,6.03,1.5499999999999998,0.56,0.97,0.59,14.87,4.44,1.79,0.4091,11.56,4.75,0.6436999999999999,1.16,0.74,0.0998,55.8,31.590000000000003,0.4099999999999999,2.96,0.8500000000000001,0.83,13.87,2.03,12.82,2.21,1.47,17.14,2.47,8.92,5.289999999999999,0.528,19.18,1.31,0.0723,2.64,0.5194000000000001,0.7590785909,0.2,31.581220406346134,1.2338605094374198,0.0,0.0,0.0,0.5
tim hardaway,DAL,SG,2021,4,1,28.0,1,0.1895,0.4959,5.890000000000001,2.9000000000000004,0.3829,7.42,0.5605,2.87,10.37,1.95,0.37,0.15,-0.23,-1.67,10.77,2.95,1.11,0.4323,13.31,5.720000000000001,0.8219,2.87,2.35,0.2129,69.3,29.37,1.34,1.28,0.37,2.8200000000000003,14.92,1.7800000000000002,16.660000000000004,0.93,0.54,6.779999999999999,1.07,6.08,3.32,0.5742,23.11,0.8999999999999999,0.0917,3.83,0.5398000000000001,0.4619999999999999,6.487499999999999,3.0,0.3844999999999999,8.4375,0.5654999999999999,3.2625,6.6625,1.5499999999999998,0.0,0.0,-1.8625,-2.45,8.925,2.75,-0.1,0.417875,14.925,6.262499999999999,0.7413749999999999,2.1125,1.5499999999999998,0.14225,6.625,36.125,0.4875,1.9125,0.625,0.2,11.625,2.5125,17.299999999999997,0.5625,0.3625,4.4,0.75,5.2875,3.375,0.545375,20.45,0.0,0.020125,0.125,0.526625,0.9404810297,0.2,29.34489140207553,1.3444611141652922,0.0,-0.8999999999999999,-1.6325,0.10521447817163299
evan fournier,BOS,SF,2021,4,0,28.0,1,0.1525,0.5119,6.82,3.53,0.3942,6.449999999999999,0.4858,2.56,17.8,3.38,0.99,0.33,0.37,-0.44,9.44,2.63,1.51,0.4562,13.32,6.09,0.8006,3.06,2.45,0.2294,57.0,30.75,0.8099999999999999,0.99,0.29,1.93,15.73,2.43,17.12,1.69,1.06,11.05,1.7999999999999998,5.1000000000000005,2.92,0.5847,23.14,0.92,0.0975,3.42,0.5523,0.4125999999999999,6.02,2.52,0.3664,6.46,0.5207999999999999,2.34,8.92,1.88,0.54,0.18,-2.74,-0.68,9.7,2.84,0.03,0.3893999999999999,12.48,4.86,0.7783,2.54,1.96,0.2076,5.0,33.959999999999994,-2.03,2.5,0.8,-0.06,9.57,3.16,14.02,1.78,1.2399999999999998,9.9,1.52,5.9,3.64,0.5162,19.07,-0.02,-0.0091,-0.0099999999999999,0.484,0.7642276422000001,0.0,30.72726136717172,1.2408447956752795,0.0,-0.9400000000000001,-3.1100000000000003,0.0883201997347273
mike conley,UTA,PG,2021,3,1,33.0,1,0.1868,0.4672,6.96,3.28,0.3913,6.14,0.4728,2.39,28.91,5.6000000000000005,0.52,0.19,3.4800000000000004,0.55,9.5,2.71,1.84,0.4323,13.08,5.67,0.8431,3.4599999999999995,2.9000000000000004,0.2571,53.6,30.1,2.93,2.5700000000000003,0.6799999999999999,3.56,18.11,1.97,16.64,1.94,1.2,11.86,1.93,6.119999999999999,3.39,0.5693999999999999,23.94,2.3200000000000003,0.158,5.4,0.5256000000000001,0.38425,5.5,2.1,0.5021249999999999,6.424999999999999,0.539125,3.225,34.0,6.762499999999999,1.1625,0.3875,5.324999999999999,0.1499999999999998,10.0125,2.7,0.0,0.44775,11.8625,5.324999999999999,0.949,3.3375,3.1125,0.275875,5.625,30.6875,5.174999999999999,2.1375,0.5375,0.675,21.425,2.3125,16.987499999999997,1.125,0.725,12.2125,1.8125,6.1875,3.2375,0.6351249999999999,22.3625,0.3125,0.1912499999999999,0.7124999999999999,0.58375,0.7207317073,0.0,30.075101821580542,1.3374481491662085,0.0,-2.0075000000000003,1.8449999999999989,0.09665139549829775
lauri markkanen,CHI,PF,2021,4,0,23.0,0,0.1396,0.5422,5.630000000000001,3.0,0.3764,6.07,0.5284,2.27,6.22,1.18,1.29,0.42,-0.1699999999999999,-0.99,20.79,5.35,1.4300000000000002,0.4535,11.7,5.2700000000000005,0.8346,2.59,2.16,0.2152,50.9,28.3,0.84,3.7,0.99,1.41,15.31,1.7799999999999998,14.95,1.14,0.63,9.31,1.3,12.17,6.34,0.5881000000000001,21.450000000000003,0.6399999999999999,0.0953,2.8200000000000003,0.5532999999999999,0.5422,5.630000000000001,3.0,0.3764,6.07,0.5284,2.27,6.22,1.18,1.29,0.42,-0.1699999999999999,-0.99,20.79,5.35,1.4300000000000002,0.4535,11.7,5.2700000000000005,0.8346,2.59,2.16,0.2152,50.9,28.3,0.84,3.7,0.99,1.41,15.31,1.7799999999999998,14.95,1.14,0.63,9.31,1.3,12.17,6.34,0.5881000000000001,21.450000000000003,0.6399999999999999,0.0953,2.8200000000000003,0.5532999999999999,0.6893292679,0.2,28.335338149809957,1.2471932655305114,0.0,0.0,0.0,0.5
gary trent,TOR,SG,2021,3,1,22.0,1,0.1442999999999999,0.4391,4.27,1.91,0.3655,5.300000000000001,0.5394,2.0,6.43,1.06,0.83,0.21,-3.4,-1.93,7.470000000000001,1.6,0.4599999999999999,0.4012,9.57,3.93,0.7239,1.21,0.92,0.1261,50.3,23.57,-1.4200000000000002,1.6,0.39,1.1,10.64,1.31,10.86,1.34,0.76,5.17,0.5,4.529999999999999,1.92,0.5185,19.38,0.0899999999999999,0.0307999999999999,1.56,0.5018,0.286,4.2,1.2,0.417,4.8,0.533,2.0,2.9,0.6,0.0,0.0,-4.2,-2.1,3.5,1.0,0.0,0.356,9.0,3.2,0.857,1.4,1.2,0.156,5.0,30.6,-2.1,3.4,1.0,0.0,5.8,3.2,9.6,1.2,0.8,9.4,1.0,3.4,2.0,0.499,14.5,-0.1,-0.007,0.0,0.467,0.6935298104,0.0,23.55915672860373,1.3692470313358989,0.0,-0.1899999999999999,-0.8000000000000003,0.11430099710811008
devonte graham,CHO,PG,2021,4,0,25.0,0,0.0978999999999999,0.3933,3.97,1.55,0.3556,7.66,0.6506000000000001,2.84,28.7,5.470000000000001,0.44,0.11,-0.3,-1.44,8.530000000000001,2.2,0.78,0.3717,11.63,4.359999999999999,0.8191999999999999,2.76,2.26,0.2332,55.6,28.57,1.13,1.62,0.45,2.01,14.1,1.44,13.8,1.46,0.8500000000000001,11.71,1.76,4.96,2.6500000000000004,0.5289,21.54,0.91,0.0784,2.8200000000000003,0.4877,0.3933,3.97,1.55,0.3556,7.66,0.6506000000000001,2.84,28.7,5.470000000000001,0.44,0.11,-0.3,-1.44,8.530000000000001,2.2,0.78,0.3717,11.63,4.359999999999999,0.8191999999999999,2.76,2.26,0.2332,55.6,28.57,1.13,1.62,0.45,2.01,14.1,1.44,13.8,1.46,0.8500000000000001,11.71,1.76,4.96,2.6500000000000004,0.5289,21.54,0.91,0.0784,2.8200000000000003,0.4877,0.7566395665,0.0,28.547430201204595,1.108582957669049,0.0,0.0,0.0,0.5
richaun holmes,SAC,C,2021,4,1,27.0,0,0.0924,0.6385000000000001,7.979999999999999,5.17,0.091,0.1,0.0095,0.0,7.26,1.33,4.709999999999999,1.41,0.72,0.31,21.9,5.16,1.37,0.6345000000000001,8.08,5.17,0.7796000000000001,2.71,2.09,0.3467,57.7,26.44,0.41,9.88,2.39,3.99,20.15,3.45,12.43,1.37,0.69,10.73,1.1,15.81,7.52,0.6682,17.009999999999998,1.03,0.1740999999999999,5.38,0.635,0.6385000000000001,7.979999999999999,5.17,0.091,0.1,0.0095,0.0,7.26,1.33,4.709999999999999,1.41,0.72,0.31,21.9,5.16,1.37,0.6345000000000001,8.08,5.17,0.7796000000000001,2.71,2.09,0.3467,57.7,26.44,0.41,9.88,2.39,3.99,20.15,3.45,12.43,1.37,0.69,10.73,1.1,15.81,7.52,0.6682,17.009999999999998,1.03,0.1740999999999999,5.38,0.635,0.7776761516999999,0.7,26.449190147830528,1.2147379787428991,0.0,0.0,0.0,0.5
derrick rose,NYK,PG,2021,3,1,32.0,1,0.1196,0.5083,10.81,5.52,0.3598,2.75,0.2027999999999999,0.99,31.43,4.640000000000001,1.14,0.33,1.89,-0.7000000000000001,8.8,2.09,1.07,0.4784,13.59,6.49,0.8654999999999999,2.71,2.3600000000000003,0.2019,50.2,26.06,2.6100000000000003,2.04,0.47,1.86,19.35,1.07,16.380000000000003,1.62,0.86,11.09,1.87,5.42,2.56,0.5529000000000001,27.840000000000003,1.31,0.107,2.9000000000000004,0.5151,0.478,13.4,6.4,0.471,3.4,0.202,1.6,29.3,5.0,0.6,0.2,4.3,1.1,10.3,3.2,0.2,0.476,16.8,8.0,1.0,1.8,1.8,0.107,5.0,35.0,3.2,2.3,0.8,0.2,17.1,1.0,19.4,0.6,0.4,8.3,1.6,6.1,4.0,0.551,24.3,0.3,0.108,0.4,0.524,0.6799457992,0.5,26.034000847647057,1.0848107018508335,0.0,-1.01,2.41,0.11798717917600451
doug mcdermott,IND,PF,2021,3,0,29.0,1,0.1223,0.599,4.52,2.77,0.4061,3.98,0.4737,1.64,7.84,1.16,0.3399999999999999,0.1,-0.58,-1.57,10.36,2.07,0.9,0.5106,8.52,4.41,0.8233999999999999,1.19,0.99,0.1427,69.1,21.7,1.02,2.91,0.61,2.6,14.44,1.69,11.35,0.56,0.25,7.220000000000001,0.68,6.7,2.68,0.6269,19.14,0.55,0.1117,3.47,0.6074999999999999,0.5068,1.1800000000000002,0.58,0.12,2.42,0.6801999999999999,0.3,10.38,0.7,1.32,0.12,-7.300000000000001,-3.0,7.34,0.76,0.0,0.2402,3.6,0.8799999999999999,0.2,0.52,0.2799999999999999,0.16,3.6,11.98,-4.3,4.12,0.4,-0.16,2.0400000000000005,0.76,2.3,0.54,0.18,3.78,0.18,5.74,1.16,0.3018,15.68,-0.06,-0.1099999999999999,-0.12,0.2798,0.9336382114,0.0,21.712718634377943,1.2469279091075682,0.0,-0.6100000000000001,-6.720000000000001,0.02795802924676423
josh hart,NOP,SF,2021,3,1,25.0,0,0.1067,0.5689,2.97,1.71,0.3328,4.49,0.5982000000000001,1.5,9.16,1.94,1.11,0.39,-0.87,0.47,22.200000000000003,5.7700000000000005,1.57,0.4277999999999999,7.49,3.21,0.7467999999999999,1.73,1.3,0.2287,56.4,27.57,-1.34,3.7,0.92,1.13,11.53,2.39,9.19,1.55,0.9,11.15,1.04,12.94,6.69,0.5570999999999999,14.04,0.44,0.0858,2.7,0.5278,0.5689,2.97,1.71,0.3328,4.49,0.5982000000000001,1.5,9.16,1.94,1.11,0.39,-0.87,0.47,22.200000000000003,5.7700000000000005,1.57,0.4277999999999999,7.49,3.21,0.7467999999999999,1.73,1.3,0.2287,56.4,27.57,-1.34,3.7,0.92,1.13,11.53,2.39,9.19,1.55,0.9,11.15,1.04,12.94,6.69,0.5570999999999999,14.04,0.44,0.0858,2.7,0.5278,0.7606368566,0.2,27.57654518162054,1.2338605094374198,0.0,0.0,0.0,0.5
kelly olynyk,HOU,PF,2021,3,0,29.0,1,0.1085,0.6042000000000001,3.69,2.27,0.3636,4.5,0.5536,1.6,14.27,2.3200000000000003,1.95,0.49,1.04,0.93,21.29,4.78,2.34,0.4732,8.19,3.87,0.8369,2.16,1.82,0.2663999999999999,70.9,24.65,0.1099999999999999,4.41,0.99,2.28,15.46,2.74,11.21,1.74,0.9,14.14,1.51,12.93,5.82,0.6133,18.67,1.34,0.1262,4.6,0.5741999999999999,0.609,2.7,1.6,0.347,2.9,0.516,1.0,12.2,1.1,3.1,0.5,2.1,0.7,28.6,3.9,0.3,0.474,5.6,2.6,0.821,1.6,1.4,0.295,17.0,15.2,1.4,6.0,0.8,0.4,17.5,2.1,7.6,0.8,0.2,10.8,0.8,17.7,4.6,0.606,21.2,0.3,0.144,0.8,0.563,0.9579607046,0.0,24.6737562226917,1.2100583104269744,0.0,-1.04,1.06,0.12880810135163762
alex caruso,LAL,PG,2021,4,0,26.0,1,0.0765,0.4586,3.24,1.46,0.3964,2.17,0.4059,0.8300000000000001,17.07,2.59,1.25,0.32,-0.1,2.11,11.14,2.09,1.71,0.4306,5.38,2.34,0.7021,1.62,1.13,0.2954,53.2,20.26,-2.23,2.73,0.5,0.4,11.57,1.84,6.69,2.56,1.08,16.75,1.23,6.96,2.56,0.5448,15.34,0.49,0.0946,2.09,0.5101,0.491625,3.125,1.5,0.288375,2.8375,0.4818749999999999,0.8,8.2625,1.3624999999999998,2.8625,0.6625,-3.75,0.5249999999999999,6.5375,1.225,0.2875,0.3893749999999999,5.9625,2.3,0.925,0.7124999999999999,0.6,0.1325,11.625,21.7375,-4.275,2.4375,0.4499999999999999,-0.1125,5.5875,2.225,6.0625,1.075,0.5375,16.95,1.3125,4.4125,1.6749999999999998,0.4848749999999999,15.5875,0.0124999999999999,-0.004375,0.2375,0.45875,0.7304200544999999,0.0,20.241936732306897,1.473902510536925,0.0,-0.4775000000000001,-3.65,0.1899230790802559
daniel theis,CHI,C,2021,4,0,28.0,1,0.0737,0.6335,4.529999999999999,2.87,0.3385,1.7999999999999998,0.2809,0.63,9.88,1.56,3.97,0.96,0.72,1.07,18.18,3.74,1.94,0.5501,6.38,3.5,0.7128,1.63,1.1,0.2556,65.2,22.29,-0.33,8.2,1.62,2.86,16.27,2.8,8.7,1.15,0.54,10.74,0.84,13.22,5.41,0.6186,15.28,1.01,0.1619,4.8,0.597,0.5424,3.92,2.32,0.0924,1.02,0.1903999999999999,0.12,4.68,0.8999999999999999,3.46,0.76,-1.38,0.4199999999999999,17.54,3.48,0.52,0.4554,4.94,2.44,0.8728,1.2599999999999998,1.02,0.2264,13.0,19.44,-1.8000000000000005,8.76,1.38,0.42,11.239999999999998,2.58,6.02,0.84,0.28,8.639999999999999,0.5800000000000001,13.34,4.819999999999999,0.508,14.84,0.18,0.0991999999999999,0.8999999999999999,0.4656,0.8831978322,0.0,22.291455247319348,1.2471932655305114,0.0,-0.8300000000000001,-2.0999999999999996,0.14813355935541506
tj mcconnell,IND,PG,2021,4,1,28.0,1,0.0667,0.5597000000000001,5.85,3.31,0.3113,0.53,0.0813,0.17,33.37,5.48,0.89,0.25,0.6699999999999999,1.15,11.81,2.46,1.95,0.5393000000000001,6.39,3.48,0.7506999999999999,0.63,0.48,0.0972,71.0,22.47,-0.43,3.03,0.63,2.05,16.08,1.38,7.53,2.8,1.39,19.58,1.66,7.449999999999999,3.12,0.5645,15.9,1.07,0.1191,3.97,0.552,0.4025999999999999,2.8200000000000003,1.12,0.0,0.0,0.0,0.0,31.86,1.86,0.48,0.04,-6.66,-2.02,18.18,1.44,0.04,0.4025999999999999,2.8200000000000003,1.12,0.3,0.42,0.18,0.15,5.4,8.9,-4.64,0.6000000000000001,0.04,0.0,8.36,0.94,2.46,0.52,0.08,12.48,0.4599999999999999,9.22,1.48,0.414,17.099999999999998,-0.06,-0.0047999999999999,0.04,0.4025999999999999,0.9603658534,0.0,22.48809597169669,1.2469279091075682,0.0,-1.1300000000000001,-7.33,0.029243715886895096
talen hortontucker,LAL,SG,2021,3,1,20.0,1,0.0844999999999999,0.522,5.5,2.9,0.282,2.0,0.268,0.6,20.8,2.8,1.4,0.3,-1.2,1.5,12.3,2.2,2.2,0.458,7.5,3.4,0.775,2.0,1.5,0.264,65.0,20.1,-2.6,2.2,0.4,-0.1,12.9,2.0,9.0,2.4,1.0,16.1,1.6,7.3,2.6,0.536,21.7,0.3,0.078,2.1,0.496,0.542875,4.3125,2.3125,0.275,1.75,0.2863749999999999,0.5625,5.375,0.3125,0.0,0.0,0.5749999999999997,2.75,31.375,2.8125,0.0625,0.47375,6.0,2.875,0.375,0.8125,0.5,0.13,3.25,10.6875,-2.2125,2.8125,0.3125,-0.0625,17.549999999999997,1.25,6.6875,2.8625,0.5625,6.4375,0.5,16.799999999999997,3.125,0.5286249999999999,28.45,0.0,0.0699999999999999,0.0375,0.518,0.595486111125,0.0,17.61285256730769,1.473902510536925,0.0,-0.3,1.7749999999999997,0.025897319400272602
reggie bullock,NYK,SF,2021,3,0,29.0,1,0.0848,0.4978,3.06,1.4900000000000002,0.3802999999999999,5.43,0.6356999999999999,2.1,8.36,1.57,0.47,0.17,-1.17,0.23,10.1,2.65,1.52,0.424,8.49,3.61,0.8693,0.87,0.8200000000000001,0.1058,53.8,28.04,-1.43,1.29,0.28,1.53,10.44,2.01,10.14,1.39,0.79,7.66,0.76,5.67,2.93,0.5662,15.04,0.47,0.0834,3.07,0.5461,0.5,2.0,1.0,0.345,5.8,0.744,2.0,5.9,1.2,0.6,0.2,-1.2,1.1,8.3,2.4,0.2,0.385,7.8,3.0,0.8,1.0,0.8,0.128,5.0,32.4,-2.4,3.1,1.0,0.0,7.5,2.2,8.8,0.9,0.6,8.8,0.8,5.6,3.4,0.534,12.4,0.0,0.061,0.2,0.513,0.725880759,0.0,28.03833891204581,1.0848107018508335,0.0,-0.47,-0.030000000000000027,0.09697393436421016
alec burks,NYK,SG,2021,3,1,29.0,1,0.0848,0.4297999999999999,5.69,2.43,0.3955999999999999,4.4,0.4344,1.79,14.5,2.37,1.08,0.3,0.66,-0.0499999999999999,16.67,3.79,1.42,0.4164,10.06,4.220000000000001,0.8587,2.84,2.49,0.2809,57.1,25.08,0.69,2.23,0.51,1.64,14.95,1.9,12.61,1.39,0.69,9.05,1.12,9.39,4.33,0.5549,21.59,0.94,0.1037,3.06,0.5027,0.46025,7.1125,3.2375,0.278625,4.5,0.39075,1.3,17.287499999999998,2.3,1.1249999999999998,0.3,1.1250000000000002,-0.0124999999999999,14.4875,3.25,0.0625,0.39075,11.6125,4.5,0.752375,3.2375,2.425,0.280875,4.625,24.925,1.1375,5.324999999999999,1.2999999999999998,0.0875,13.525,2.05,12.6875,0.4375,0.2375,5.7125,0.8,9.625,4.55,0.488875,24.45,0.125,0.050625,0.15,0.4463749999999999,0.7713753391,0.0,25.07221220107259,1.0848107018508335,0.0,-0.815,0.4650000000000002,0.0745005420167385
nerlens noel,NYK,C,2021,3,1,26.0,1,0.0783,0.6353,3.74,2.37,0.0999,0.0,0.0098,0.0,5.51,0.74,7.959999999999999,1.79,2.05,3.58,19.17,3.64,2.99,0.6295999999999999,3.79,2.37,0.7202999999999999,1.26,0.93,0.3324,65.7,20.39,-1.5299999999999998,10.23,1.87,1.96,17.380000000000003,2.65,5.75,2.48,1.03,18.07,0.95,14.74,5.51,0.6538999999999999,11.83,1.3199999999999998,0.1833,4.93,0.6302000000000001,0.52,2.49,1.31,0.0,0.03,0.0176999999999999,0.0,2.18,0.22,4.33,0.6299999999999999,-1.27,1.98,16.54,2.34,0.18,0.5113,2.52,1.31,0.5565,2.1,1.51,0.9964,5.6,15.77,-3.28,11.05,1.65,0.05,12.65,2.49,4.16,1.7200000000000002,0.5700000000000001,15.27,0.65,13.87,3.99,0.5998,11.71,0.0,0.1259,0.2299999999999999,0.5113,0.8864159891,0.0,20.36703415461764,1.0848107018508335,0.0,-1.3199999999999998,-3.32,0.06184595237178163
kelly oubre jr,GSW,SF,2021,2,0,25.0,0,0.1067,0.5187999999999999,8.25,4.24,0.3276,5.23,0.3888,1.69,6.59,1.34,2.14,0.79,-1.34,-0.52,15.75,4.58,1.99,0.4441,13.48,5.99,0.7364999999999999,3.62,2.66,0.2694,58.1,31.3,-0.85,4.54,1.31,0.6900000000000001,14.16,2.64,16.349999999999998,1.73,1.13,8.42,1.4,10.16,5.859999999999999,0.5427,22.41,0.29,0.0697,2.68,0.5076,0.5187999999999999,8.25,4.24,0.3276,5.23,0.3888,1.69,6.59,1.34,2.14,0.79,-1.34,-0.52,15.75,4.58,1.99,0.4441,13.48,5.99,0.7364999999999999,3.62,2.66,0.2694,58.1,31.3,-0.85,4.54,1.31,0.6900000000000001,14.16,2.64,16.349999999999998,1.73,1.13,8.42,1.4,10.16,5.859999999999999,0.5427,22.41,0.29,0.0697,2.68,0.5076,0.7835704609,0.5,31.30680846982637,1.6861349551035367,0.0,0.0,0.0,0.5
reggie jackson,LAC,SG,2021,2,1,30.0,1,0.0924,0.4528,5.390000000000001,2.46,0.4082,4.65,0.4645,1.86,22.3,3.62,0.44,0.13,0.16,-0.64,10.89,2.39,1.23,0.4325,10.06,4.32,0.8311999999999999,1.69,1.45,0.1648,59.2,24.28,0.8,2.07,0.45,1.95,14.25,2.02,12.0,1.13,0.56,11.39,1.39,6.55,2.87,0.5561,21.78,0.8200000000000001,0.1004,3.18,0.5272,0.4523999999999999,5.49,2.75,0.4490999999999999,5.62,0.5462,2.43,21.09,3.37,0.43,0.13,2.67,0.03,10.35,2.28,0.21,0.4596,11.11,5.140000000000001,0.6104,1.4600000000000002,1.25,0.1031,13.9,26.01,2.64,1.86,0.52,0.75,15.93,2.35,13.93,1.19,0.67,8.879999999999999,1.13,6.09,2.8000000000000003,0.6017,20.96,0.47,0.1043999999999999,0.96,0.584,0.7944444448,0.0,24.293108097562147,1.5224702034084665,0.0,-0.3500000000000001,2.51,0.2009761439534386
khem birch,TOR,C,2021,3,1,28.0,1,0.0565,0.5441,3.95,2.1100000000000003,0.125,0.4,0.072,0.1,8.14,1.11,3.0,0.62,-0.98,0.31,16.09,2.85,1.17,0.5221,4.35,2.21,0.6881999999999999,1.92,1.36,0.4912999999999999,57.9,19.74,-1.23,11.49,2.19,1.87,14.9,1.6999999999999995,5.880000000000001,1.36,0.55,10.78,0.61,13.73,5.039999999999999,0.5738,12.68,0.27,0.135,3.12,0.5306,0.5224,3.12,1.64,0.0,0.0,0.0,0.0,9.86,1.16,2.0,0.4,-0.6799999999999999,0.9000000000000001,22.880000000000003,3.68,0.1,0.5224,3.12,1.64,0.8882,1.88,1.68,0.6272,5.0,18.04,-1.64,9.9,1.8000000000000005,0.16,12.84,1.96,4.96,0.5,0.2,21.48,1.08,16.0,5.48,0.629,12.08,0.04,0.1094,0.2,0.5224,0.7872289977,0.0,19.74622542902948,1.3692470313358989,0.0,-0.23,0.30000000000000004,0.07314624545674234
danny green,PHI,SF,2021,2,1,33.0,1,0.089,0.4736,1.94,0.92,0.4036,5.67,0.742,2.29,7.82,1.56,2.21,0.69,1.5,1.36,11.55,2.92,2.88,0.4237999999999999,7.630000000000001,3.21,0.7621,0.6299999999999999,0.45,0.0813,70.9,26.98,0.09,3.19,0.8,1.64,11.89,1.92,9.21,2.19,1.2200000000000002,10.82,0.95,7.43,3.69,0.583,13.99,1.72,0.1119,4.5,0.5735,0.505,1.78,0.87,0.3563,4.949999999999999,0.7419,1.79,9.84,1.88,2.87,0.84,1.4,1.4500000000000002,8.219999999999999,1.93,0.5800000000000001,0.3914999999999999,6.73,2.58,0.3827,0.41,0.33,0.0559999999999999,15.1,25.65,-0.1,4.8,1.05,0.12,10.92,1.99,7.28,2.15,1.11,9.34,0.7,6.52,2.95,0.534,12.97,0.25,0.1041,0.7,0.5237,0.9576219509,0.0,26.9971636342711,1.4332887025838372,0.0,-1.47,-0.10000000000000009,0.16838340368238025
cameron payne,PHO,PG,2021,3,1,26.0,1,0.0578,0.5138571428571429,3.7142857142857135,1.942857142857143,0.3994285714285714,2.6,0.4077142857142857,1.0285714285714285,26.300000000000004,3.3428571428571434,1.2428571428571429,0.2714285714285714,1.3571428571428572,0.5142857142857142,12.057142857142855,1.9285714285714288,0.9428571428571428,0.4685714285714286,6.314285714285715,2.971428571428572,0.8678571428571429,0.9285714285714286,0.8000000000000002,0.154,54.28571428571429,17.942857142857143,0.8428571428571429,1.7857142857142856,0.3,1.7428571428571429,15.714285714285714,1.6000000000000003,7.800000000000001,1.685714285714286,0.6285714285714286,13.414285714285716,1.0285714285714287,7.0,2.2285714285714286,0.5782857142857143,19.17142857142857,0.9428571428571428,0.1217142857142857,2.7142857142857144,0.5505714285714286,0.46,5.6,2.6,0.362,3.1,0.358,1.1,25.5,3.2,2.4,0.5,2.2,1.1,12.3,2.2,0.7,0.425,8.8,3.7,0.889,0.8,0.7,0.093,22.0,19.0,1.1,1.7,0.3,0.0,15.1,1.8,9.3,2.1,0.8,10.7,1.1,7.3,2.5,0.51,24.6,0.4,0.078,0.7,0.49,0.5475609754,0.0,19.42485416541667,1.2254199102070735,0.0,-0.5428571428571428,0.842857142857143,0.3002785515320334
rudy gay,SAS,PF,2021,3,0,34.0,1,0.0524,0.4861999999999999,6.1,3.0,0.3717,3.73,0.3816,1.4,11.18,1.73,2.17,0.55,-0.01,-0.15,21.89,4.58,1.62,0.4446,9.83,4.380000000000001,0.8298000000000001,1.82,1.5300000000000002,0.1888,65.4,22.68,0.11,3.71,0.8,0.7100000000000001,15.47,1.81,11.68,1.41,0.66,10.4,1.23,12.75,5.380000000000001,0.5485,22.82,0.74,0.0729,2.3600000000000003,0.5157,0.392,7.3,2.9,0.421,2.7,0.271,1.1,10.1,1.7,2.2,0.7,0.3,-0.5,22.1,5.3,0.1,0.4,10.0,4.0,0.824,2.4,2.0,0.243,7.0,25.6,0.9,7.9,1.9,0.1,15.5,1.9,11.1,0.9,0.4,11.4,1.4,15.0,7.1,0.503,22.7,0.1,0.052,0.2,0.457,0.8849593497999999,0.0,22.654998642242205,1.1583280740333517,0.0,-0.64,0.31,0.10779128911644828
kemba walker,BOS,PG,2021,2,0,30.0,1,0.0776999999999999,0.4846,8.29,4.040000000000001,0.3655,8.4,0.5074000000000001,3.1,25.04,5.07,1.0499999999999998,0.38,3.27,-0.64,11.98,3.52,1.53,0.4243,16.72,7.12,0.8775,4.14,3.58,0.245,54.7,32.21,3.91,1.69,0.5,3.3200000000000003,19.19,1.5,20.89,1.58,1.06,10.47,2.15,6.82,4.05,0.5636000000000001,27.51,2.45,0.1307,4.9,0.517,0.474,7.85,3.7125,0.2262499999999999,6.3375,0.4438749999999999,1.4874999999999998,21.0,4.4125,0.4125,0.15,-4.5625,-1.725,14.1125,3.8875,0.2375,0.3634999999999999,14.224999999999998,5.1625,0.8819999999999999,3.8625,3.4125,0.2709999999999999,8.25,32.775,-2.7750000000000004,0.4125,0.15,0.2875,9.025,3.0,15.2875,0.825,0.5249999999999999,13.0875,2.4,7.074999999999999,4.0375,0.4767499999999999,24.1875,0.175,-0.046375,0.5249999999999999,0.4155,0.7319444444000001,0.0,32.23898908905275,1.2408447956752795,0.0,-2.2750000000000004,-7.8325,0.1330494076667311
jamychal green,DEN,PF,2021,2,1,30.0,1,0.0729,0.5284,2.96,1.55,0.3962,3.38,0.5413,1.37,5.86,0.8500000000000001,1.89,0.42,-1.24,-0.37,21.79,4.0600000000000005,1.58,0.4568,6.34,2.92,0.7868999999999999,1.06,0.8200000000000001,0.1592,60.9,20.08,-0.87,7.85,1.4300000000000002,1.21,13.07,2.69,7.97,1.1700000000000002,0.49,12.49,0.98,14.9,5.52,0.5851999999999999,16.79,0.2199999999999999,0.1097,2.81,0.5636,0.5868,2.66,1.54,0.3849,2.3,0.4544,0.94,6.26,0.8600000000000001,0.89,0.16,-0.32,-0.4299999999999999,21.12,3.45,0.0399999999999999,0.4982,4.95,2.48,0.8379000000000001,1.0,0.81,0.1958,10.1,19.33,0.0899999999999999,7.550000000000001,1.35,0.3399999999999999,13.11,2.0,6.73,0.63,0.3,9.0,0.63,13.91,4.800000000000001,0.6157,13.17,0.06,0.0906,0.38,0.5868,0.8238143633999999,0.0,20.094923053559437,1.2732631665750411,0.0,-0.1599999999999999,0.9199999999999999,0.13767175209169985
garrett temple,CHI,SG,2021,3,0,34.0,1,0.0437,0.4964,3.18,1.57,0.3344,4.36,0.5669,1.44,10.57,2.13,1.5499999999999998,0.48,-2.39,0.3399999999999999,10.07,2.55,1.61,0.4053,7.57,3.04,0.7911,1.15,0.9,0.1533,61.6,27.46,-2.73,1.89,0.48,0.37,8.95,2.2,8.45,1.45,0.8400000000000001,11.3,0.98,6.01,3.08,0.525,14.170000000000002,-0.16,0.0552,1.96,0.4999,0.569,2.26,1.3199999999999998,0.2072,5.879999999999999,0.6954,1.46,7.22,1.3199999999999998,0.94,0.26,-5.66,-0.8800000000000001,9.74,2.08,-0.06,0.3174,8.1,2.78,0.7797999999999999,1.58,1.26,0.4368,4.800000000000001,24.78,-4.720000000000001,0.68,0.08,-0.12,4.88,2.32,8.12,1.48,0.6799999999999999,10.84,1.02,4.880000000000001,2.16,0.4610000000000001,14.98,-0.06,-0.0726,-0.22,0.3905999999999999,0.8301490515000001,0.0,27.456440683505377,1.2471932655305114,0.0,0.1,-3.27,0.06569749458707085
david nwaba,HOU,SF,2021,3,1,28.0,0,0.0414,0.5703,4.0,2.29,0.3277,1.77,0.3198999999999999,0.5800000000000001,6.36,0.8400000000000001,2.81,0.59,-0.49,0.8400000000000001,13.48,2.35,0.48,0.4955,5.75,2.82,0.6819999999999999,1.91,1.29,0.3348,31.200000000000003,19.18,-1.36,4.84,0.93,0.69,13.9,1.9,7.46,1.98,0.82,7.6,0.54,9.1,3.28,0.5782,15.48,0.16,0.1022,1.17,0.5497000000000001,0.5703,4.0,2.29,0.3277,1.77,0.3198999999999999,0.5800000000000001,6.36,0.8400000000000001,2.81,0.59,-0.49,0.8400000000000001,13.48,2.35,0.48,0.4955,5.75,2.82,0.6819999999999999,1.91,1.29,0.3348,31.200000000000003,19.18,-1.36,4.84,0.93,0.69,13.9,1.9,7.46,1.98,0.82,7.6,0.54,9.1,3.28,0.5782,15.48,0.16,0.1022,1.17,0.5497000000000001,0.4160569108999999,0.3,19.19601437852941,1.2100583104269744,0.0,0.0,0.0,0.5
pj tucker,MIL,PF,2021,2,0,35.0,1,0.0623,0.4790999999999999,1.4300000000000002,0.69,0.3508,3.35,0.6946,1.21,5.57,1.3199999999999998,1.25,0.45,-2.74,0.63,13.71,3.86,1.77,0.3902,4.75,1.9,0.7579,0.6,0.45,0.1355,64.0,30.18,-3.34,4.3,1.28,0.93,7.08,2.78,5.38,1.5799999999999998,1.0500000000000005,14.93,0.8600000000000001,8.93,5.09,0.5321,8.11,-0.1199999999999999,0.0576,2.7,0.5123,0.4767,1.95,0.9,0.3641,4.02,0.6589,1.5099999999999998,5.46,1.34,0.75,0.2799999999999999,-0.3099999999999999,1.6,13.66,4.08,0.8,0.4044,5.94,2.44,0.5402,0.52,0.39,0.0727,17.3,32.89,-1.88,6.51,1.96,0.44,8.84,3.46,6.800000000000001,1.69,1.17,9.65,0.6399999999999999,9.99,6.0600000000000005,0.5348999999999999,8.91,0.1699999999999999,0.1093,1.21,0.5248999999999999,0.861111111,0.0,30.149305711327397,1.4720851108667763,0.0,0.2899999999999998,2.43,0.22755174229969247
jarred vanderbilt,MIN,PF,2021,3,1,21.0,1,0.036,0.6216999999999999,2.2,1.35,0.1,0.1,0.0586,0.0,7.6,0.7,2.61,0.3999999999999999,-2.78,1.0499999999999998,21.74,2.28,0.8,0.5852999999999999,2.28,1.35,0.6995,0.98,0.5900000000000001,0.3962,38.7,10.98,-3.78,9.77,1.07,0.75,12.86,1.2,3.31,3.17,0.67,26.28,0.68,15.62,3.42,0.6113999999999999,14.5,0.22,0.0656,1.57,0.5863,0.0,0.0,0.0,0.0,0.0,0.0,0.0,0.0,0.0,15.7,0.3,3.5,4.8,21.4,0.3,0.0,0.0,0.0,0.0,0.0,0.0,0.0,0.0,3.0,1.7,-1.3,0.0,0.0,0.0,11.3,0.0,0.0,0.0,0.0,0.0,0.0,10.5,0.3,0.0,0.0,0.0,0.086,0.0,0.0,0.5317411925,0.0,10.98396291512567,1.5185470038482682,0.0,-0.22,6.279999999999999,0.011859748015236286
patty mills,SAS,PG,2021,2,0,32.0,1,0.0524,0.5049,2.89,1.4300000000000002,0.3809,5.96,0.675,2.27,13.69,2.34,0.3,0.05,-0.6599999999999999,-1.12,6.79,1.47,0.79,0.4203,8.85,3.7,0.8855999999999999,1.32,1.17,0.1511,70.2,23.81,0.44,1.31,0.3,1.7799999999999998,12.98,1.4,10.86,1.37,0.6599999999999999,9.28,0.96,4.0600000000000005,1.77,0.577,19.02,0.6000000000000001,0.0756999999999999,2.64,0.549,0.524,3.0,1.6,0.136,3.1,0.512,0.4,22.6,3.6,0.5,0.1,-1.7,0.9,9.9,2.0,0.1,0.326,6.1,2.0,0.6,1.4,0.9,0.233,7.0,21.7,-2.7,0.7,0.1,0.0,10.3,1.3,5.3,2.4,1.0,6.0,0.4,5.3,2.1,0.39,15.4,0.0,0.013,0.0,0.36,0.9472222221,0.0,23.789903705396505,1.1583280740333517,0.0,-0.6000000000000001,-1.04,0.08330764817957158
hamidou diallo,DET,SF,2021,2,1,22.0,1,0.0463,0.4988,5.87,2.93,0.2882,1.26,0.1739,0.36,9.3,1.25,1.44,0.35,-3.06,0.18,16.21,3.1,1.12,0.4633,7.0600000000000005,3.32,0.6229,2.56,1.63,0.3485,50.0,19.71,-3.24,5.67,0.99,-0.04,11.96,2.26,8.61,1.78,0.72,12.22,1.1800000000000002,10.94,4.0600000000000005,0.5172,19.94,-0.18,0.0519,1.08,0.4883,0.5,2.0,1.0,0.2,1.7,0.455,0.3,6.7,0.3,9.8,0.7,0.3,-0.3,16.1,1.3,0.0,0.364,3.7,1.3,0.571,2.3,1.3,0.636,3.0,8.3,0.6,8.7,0.7,0.0,13.8,0.0,4.3,0.0,0.0,12.4,0.7,12.6,2.0,0.462,27.7,0.0,-0.005,0.0,0.409,0.6771680217,0.2,19.693920621167944,1.1818685266630016,0.0,0.18,3.36,0.0246437054631829
kendrick nunn,MIA,PG,2021,2,0,25.0,1,0.0445,0.55375,6.674999999999999,3.65,0.369375,5.7375,0.4642499999999999,2.125,16.0,2.8625,0.8625,0.2625,-1.1749999999999998,-0.7374999999999999,10.0125,2.65,1.5375,0.4677499999999999,12.474999999999998,5.8125,0.901875,1.25,1.1124999999999998,0.0977499999999999,60.125,29.425,-0.4374999999999999,1.3875,0.3625,1.025,13.7125,2.05,14.8625,1.525,0.8625,10.5375,1.5124999999999995,5.7875,3.0125,0.57275,22.1,0.3375,0.070875,2.5625,0.5539999999999999,0.4837499999999999,5.175,2.475,0.278375,3.9,0.4369999999999999,1.1125,12.55,1.4249999999999998,0.4499999999999999,0.075,-4.025,-1.5625,9.1875,1.65,0.075,0.3934999999999999,9.0375,3.5875,1.0,0.5,0.5,0.0619999999999999,8.125,20.525,-2.4625,0.5624999999999999,0.075,-0.2,7.612499999999999,1.15,8.725,0.85,0.3875,8.2,0.8,4.824999999999999,1.725,0.4726249999999999,21.4625,-0.0375,-0.0492499999999999,-0.1,0.4545,0.83506944475,0.0,29.401300856176707,1.271806111416529,0.0,-0.375,-2.8500000000000005,0.08614177193939648
taj gibson,NYK,C,2021,2,1,35.0,1,0.0437,0.6318,4.36,2.67,0.2506,0.31,0.0748,0.12,6.44,0.88,3.74,0.8200000000000001,0.3,0.88,17.32,3.27,1.37,0.6019,4.67,2.77,0.7344999999999999,1.37,1.04,0.2987999999999999,55.1,20.17,-0.53,11.32,2.14,2.33,16.39,2.24,6.69,1.54,0.63,11.45,0.69,14.32,5.39,0.6359,12.73,0.6200000000000001,0.1623,3.7,0.6105,0.6,4.0,2.4,0.0,0.0,0.0,0.0,4.6,0.8,3.5,1.0,2.1,3.6,15.5,3.8,0.3,0.6,4.0,2.4,1.0,0.2,0.2,0.05,5.0,27.6,-1.5,11.6,3.2,0.2,14.4,2.6,5.0,3.0,1.6,12.8,0.6,13.4,7.0,0.612,7.5,0.1,0.159,0.5,0.6,0.7415650407000001,0.2,20.175348951945725,1.0848107018508335,0.0,-0.5200000000000001,1.8,0.11045593488542596
cory joseph,DET,PG,2021,2,1,29.0,1,0.0437,0.4908,4.32,2.15,0.3405,2.13,0.3332,0.73,20.57,3.53,1.06,0.3,-1.58,0.37,10.19,2.18,1.31,0.4413999999999999,6.449999999999999,2.88,0.8057,1.1,0.8700000000000001,0.1701,69.5,23.86,-1.95,2.58,0.5800000000000001,1.11,11.48,1.96,7.319999999999999,1.89,0.93,14.32,1.1800000000000002,6.35,2.71,0.5279,14.760000000000002,0.23,0.0693,2.4400000000000004,0.4985,0.533,3.8,2.0,0.444,2.3,0.375,1.0,8.5,1.0,0.0,0.0,2.1,2.8,8.5,1.5,0.1,0.5,6.0,3.0,1.0,0.5,0.5,0.083,4.0,21.3,-0.7,1.2,0.3,0.1,12.9,1.8,7.5,1.8,0.8,0.0,0.0,4.5,1.8,0.603,13.5,0.1,0.137,0.2,0.583,0.9375,0.0,23.84091055253097,1.1818685266630016,0.0,-0.13,3.68,0.04886806196837342
torrey craig,PHO,SF,2021,2,0,30.0,1,0.0434,0.5841999999999999,2.35,1.38,0.3466,2.27,0.4912000000000001,0.8,6.98,0.94,2.92,0.55,-0.8699999999999999,0.3,16.03,2.52,1.16,0.4667,4.59,2.1500000000000004,0.7098,0.56,0.41,0.1273,57.4,17.6,-1.15,7.31,1.12,1.16,12.42,2.0,5.51,1.42,0.52,9.25,0.49,11.72,3.64,0.5648,13.41,0.22,0.113,2.3000000000000003,0.5517000000000001,0.5038,1.9,0.98,0.3755,2.03,0.5123,0.77,4.76,0.5900000000000001,2.18,0.4,-2.26,-0.28,16.619999999999997,2.5,0.3,0.4359999999999999,3.91,1.74,0.6276999999999999,0.73,0.47,0.183,19.5,16.68,-1.98,6.78,0.96,0.2,9.66,1.98,4.67,0.62,0.22,9.87,0.48,11.84,3.46,0.5447,13.41,0.01,0.073,0.45,0.5319,0.771815718,0.0,17.587164139655172,1.2254199102070735,0.0,-0.21,-1.39,0.24354923249719207
ish smith,WAS,PG,2021,2,0,32.0,1,0.04,0.4569,6.34,2.91,0.3588,1.78,0.2112,0.6300000000000001,25.56,4.14,1.19,0.31,-1.54,-0.1099999999999999,13.12,2.73,0.8500000000000001,0.4348999999999999,8.17,3.54,0.6558999999999999,1.0100000000000002,0.6300000000000001,0.1184,53.6,22.85,-1.46,2.17,0.45,0.59,12.33,1.56,8.4,1.47,0.72,11.4,1.09,7.569999999999999,3.18,0.4861999999999999,17.61,0.14,0.0561,1.46,0.4729,0.3607142857142857,7.371428571428572,2.657142857142857,0.2451428571428571,1.5142857142857142,0.169,0.3714285714285715,20.371428571428574,3.0,1.3857142857142857,0.3714285714285715,-4.085714285714285,0.0999999999999999,15.042857142857144,2.857142857142857,0.0714285714285714,0.3408571428571428,8.857142857142858,3.0000000000000004,0.2142857142857143,0.2857142857142857,0.2285714285714286,0.03,4.714285714285714,21.65714285714286,-4.257142857142858,0.9571428571428572,0.2285714285714286,-0.2285714285714286,6.671428571428572,2.1428571428571432,6.571428571428571,2.657142857142857,1.2285714285714286,10.028571428571428,1.0,7.514285714285714,3.0857142857142863,0.3684285714285714,19.41428571428572,-0.0285714285714285,-0.0995714285714285,-0.1571428571428571,0.361,0.7254742545,0.0,22.846973834988543,1.4260153106102254,0.0,-0.1685714285714285,-2.5457142857142854,0.07694716565327571
maurice harkless,SAC,SF,2021,2,1,27.0,1,0.0387,0.5755999999999999,2.9,1.63,0.2961,2.03,0.4201,0.5700000000000001,6.99,1.17,2.38,0.5800000000000001,-1.92,0.96,12.36,2.59,1.15,0.4569999999999999,4.93,2.28,0.6950000000000001,1.17,0.79,0.238,49.1,22.07,-2.88,3.3600000000000003,0.73,0.64,9.63,2.41,5.880000000000001,1.98,0.8900000000000001,11.64,0.73,7.86,3.27,0.5445,11.74,0.1999999999999999,0.0688,1.7900000000000005,0.5186,0.556,5.1,2.8,0.25,1.8,0.257,0.4,9.0,1.4,3.4,1.0,1.6,2.2,13.4,3.1,0.4,0.477,6.8,3.3,0.639,2.3,1.4,0.33,16.0,24.3,-0.6,7.9,1.8,0.4,14.4,3.5,8.4,2.3,1.1,12.0,1.1,10.7,4.9,0.537,15.9,0.3,0.097,0.8,0.509,0.6616192412,0.0,22.05161576621622,1.2147379787428991,0.0,0.10000000000000009,3.52,0.2640520443319477
jeff green,BRK,PF,2021,2,0,34.0,1,0.04,0.5797999999999999,4.029999999999999,2.31,0.3771,3.83,0.4888,1.42,8.11,1.46,1.48,0.42,-0.71,-0.76,12.81,3.05,1.03,0.4796,7.84,3.73,0.8062,2.31,1.83,0.2915,63.8,24.94,0.0,2.49,0.54,2.37,13.33,1.89,10.78,1.04,0.52,9.37,0.93,7.800000000000001,3.59,0.6106,17.060000000000002,0.4599999999999999,0.1013,3.4,0.5716,0.4641249999999999,3.1,1.4874999999999998,0.50725,3.5625,0.537125,1.775,9.0875,1.6625,1.3874999999999995,0.375,1.6625,0.5750000000000001,12.9,3.1,0.275,0.4887499999999999,6.6625,3.3,0.8558749999999999,1.3375,1.2,0.2131249999999999,8.25,26.0875,1.0875,2.5375,0.5875,0.3,12.599999999999998,2.3,9.475,0.9625,0.5,9.25,0.7999999999999999,7.6125,3.625,0.65525,13.75,0.2,0.138375,0.6125,0.6251249999999999,0.8600271000999999,0.0,24.94043943307057,1.5834745281290086,0.0,-0.2599999999999999,2.3725,0.11914448890610858
bobby portis,MIL,C,2021,2,1,25.0,1,0.0387,0.5123,6.92,3.52,0.4215,2.8,0.2874,1.15,8.79,1.28,1.47,0.37,-0.06,-0.99,23.75,4.95,1.52,0.4853,9.739999999999998,4.67,0.7577,1.35,1.0300000000000002,0.1392,62.8,21.93,0.86,8.55,1.75,1.77,17.55,1.94,11.57,1.4900000000000002,0.69,9.2,1.0300000000000002,16.18,6.699999999999999,0.5638000000000001,21.79,0.6699999999999999,0.1147,3.29,0.5454,0.525,5.0,2.6,0.346,2.6,0.344,0.9,4.8,0.6,1.7,0.4,1.0,0.0,20.0,3.4,0.7,0.464,7.6,3.5,0.72,1.3,0.9,0.166,20.0,18.3,0.9,9.5,1.7,0.5,17.1,1.6,8.8,1.9,0.7,5.3,0.5,14.6,5.0,0.543,20.0,0.3,0.159,1.2,0.523,0.8552845532,0.0,21.922105661939398,1.4720851108667763,0.0,-0.36999999999999994,1.06,0.20995821487330227
justise winslow,MEM,SF,2021,2,0,24.0,0,0.0347,0.4266999999999999,7.29,3.15,0.2341,2.58,0.2596,0.6500000000000001,16.64,3.01,1.65,0.4599999999999999,-4.2,0.19,18.98,4.34,0.94,0.379,9.82,3.73,0.6112,1.82,1.14,0.1828,29.5,25.29,-4.41,4.12,1.0,-0.73,8.21,2.49,9.31,1.36,0.7,14.41,1.8,11.55,5.31,0.4321,21.29,-0.14,-0.0208,0.2099999999999999,0.4107,0.4266999999999999,7.29,3.15,0.2341,2.58,0.2596,0.6500000000000001,16.64,3.01,1.65,0.4599999999999999,-4.2,0.19,18.98,4.34,0.94,0.379,9.82,3.73,0.6112,1.82,1.14,0.1828,29.5,25.29,-4.41,4.12,1.0,-0.73,8.21,2.49,9.31,1.36,0.7,14.41,1.8,11.55,5.31,0.4321,21.29,-0.14,-0.0208,0.2099999999999999,0.4107,0.3873644987,0.8,25.29580186544289,1.0628010078797874,0.0,0.0,0.0,0.5
george hill,PHI,PG,2021,2,0,34.0,1,0.0356,0.5524,3.71,2.02,0.3948,2.77,0.4248,1.08,16.5,2.59,0.54,0.15,-0.0099999999999998,0.39,8.05,1.77,1.19,0.4861999999999999,6.48,3.15,0.8174,1.64,1.31,0.2529,44.7,21.99,-0.4,3.17,0.63,1.8,14.04,1.26,8.69,1.69,0.8200000000000001,11.97,0.98,5.7,2.4,0.6065,15.62,0.5700000000000001,0.1336,2.91,0.5709,0.521,3.11,1.69,0.401,2.28,0.4277999999999999,0.91,13.71,2.24,0.78,0.21,0.01,1.36,7.02,1.5199999999999998,0.3299999999999999,0.4711999999999999,5.39,2.6,0.7905,1.7700000000000002,1.39,0.3234,12.0,21.85,-1.37,2.8,0.55,0.3999999999999999,11.43,1.72,7.5,1.58,0.69,14.43,0.96,4.93,2.07,0.5999,13.73,0.1399999999999999,0.1142,0.73,0.5569,0.6005081300999999,0.0,21.99800395649717,1.4332887025838372,0.0,-0.43000000000000016,0.019999999999999803,0.21057653155877232
terence davis,SAC,SG,2021,2,1,23.0,1,0.0356,0.5235,2.95,1.5625,0.3748749999999999,4.025,0.574375,1.4874999999999998,12.45,1.475,1.1625,0.2,-0.7625,-0.3,14.8125,2.35,1.2125,0.4385,6.975,3.05,0.8352499999999999,0.8625,0.7,0.12625,65.125,17.299999999999997,-0.525,2.9375,0.4499999999999999,0.5125,13.1125,1.6374999999999995,8.25,1.8125,0.625,12.537499999999998,1.0375,8.8,2.8,0.567375,20.75,0.3625,0.0694999999999999,1.6625,0.545875,0.6,1.7,1.0,0.421,3.2,0.655,1.3,13.2,1.2,0.0,0.0,-1.2,-0.8,14.4,1.8,0.1,0.483,4.8,2.3,1.0,1.2,1.2,0.241,6.0,14.0,-0.4,2.5,0.3,0.1,14.0,1.8,7.2,0.6,0.2,15.8,1.0,8.3,2.2,0.67,20.0,0.0,0.14,0.2,0.621,0.90451388875,0.0,17.302216809511613,1.2147379787428991,0.0,-0.3625,-0.4375,0.06938349870422186
alex len,WAS,C,2021,2,0,27.0,1,0.0332,0.6185,4.57,2.76,0.3138999999999999,1.05,0.1634999999999999,0.34,7.59,0.8900000000000001,4.869999999999999,0.95,-0.4999999999999999,0.15,21.11,3.3,1.15,0.5728,5.57,3.1500000000000004,0.6385000000000001,2.03,1.27,0.3738,63.9,16.950000000000003,-0.75,9.68,1.56,1.64,16.95,2.21,7.92,0.94,0.35,13.38,1.01,15.329999999999998,4.89,0.6165,18.0,0.4,0.1231,2.74,0.5987,0.571,2.8,1.6,0.0,0.0,0.0,0.0,7.3,0.4,0.0,0.0,-1.8,-1.2,18.9,1.4,0.0,0.571,2.8,1.6,0.571,1.4,0.8,0.5,5.0,8.4,-0.6,10.0,0.8,0.1,15.3,1.6,4.0,1.1,0.2,5.5,0.2,14.3,2.2,0.585,18.0,0.0,0.102,0.1,0.571,0.8614159892,0.0,16.950741280672485,1.4260153106102254,0.0,-0.4,-1.3000000000000003,0.03732984921407335
boban marjanovic,DAL,C,2021,2,1,32.0,1,0.0311,0.5731999999999999,3.93,2.25,0.213,0.26,0.0649,0.05,8.0,0.48,2.2700000000000005,0.26,0.6,-1.72,31.360000000000003,2.77,0.51,0.5488999999999999,4.19,2.35,0.7838,1.45,1.09,0.3373,41.3,9.32,2.35,17.43,1.45,1.13,23.85,1.16,5.789999999999999,0.6900000000000001,0.1699999999999999,10.53,0.6100000000000001,24.47,4.22,0.5974,25.03,0.32,0.1939,1.64,0.5555,0.5621,7.0200000000000005,3.78,0.0,0.12,0.0249,0.0,10.53,0.94,1.7999999999999998,0.3,0.55,-0.96,29.55,4.109999999999999,0.04,0.5466,7.120000000000001,3.78,0.7908,1.94,1.56,0.3005,6.0,16.41,1.51,14.490000000000002,2.29,0.2,20.5,2.42,9.1,0.18,0.04,11.18,0.91,21.91,6.4,0.5871,23.71,0.05,0.1176,0.24,0.5466,0.5539634144000001,0.0,9.334515630049632,1.3444611141652922,0.0,-0.27,-0.04999999999999993,0.20369236370858299
mike muscala,OKC,C,2021,2,1,29.0,1,0.0311,0.5636,1.82,1.08,0.368,4.35,0.7134,1.56,8.07,0.91,1.75,0.36,-0.3,-0.62,17.33,2.78,0.62,0.4255,6.119999999999999,2.64,0.8687,0.91,0.79,0.1493,44.4,16.939999999999998,0.3199999999999999,3.4,0.52,0.8999999999999999,13.26,1.51,7.689999999999999,0.7,0.22,7.98,0.5800000000000001,10.38,3.35,0.583,17.84,0.3,0.0983,1.54,0.5565,0.0,0.5,0.0,1.0,0.5,0.5,0.5,7.1,0.5,0.0,0.0,-1.6,0.8,20.2,2.0,0.0,0.5,1.0,0.5,0.0,0.0,0.0,0.0,2.0,10.0,-2.4,0.0,0.0,0.0,6.7,1.0,1.5,0.0,0.0,0.0,0.0,10.5,2.0,0.75,4.3,0.0,0.116,0.0,0.75,0.5949864499,0.0,16.9510499162443,0.8293314366868243,0.1706685633131757,-0.3,-1.3,0.025902172674243922
georges niang,UTA,PF,2021,2,0,27.0,1,0.0294,0.5055000000000001,1.51,0.73,0.4145,3.43,0.6861999999999999,1.41,7.77,0.73,0.6000000000000001,0.1,-0.18,-0.0599999999999999,13.51,1.82,1.08,0.4448999999999999,4.89,2.18,0.895,0.35,0.3,0.0776,67.6,13.94,-0.12,2.4,0.3,1.04,11.81,1.33,6.0200000000000005,1.0,0.28,10.080000000000002,0.58,8.149999999999999,2.07,0.6003000000000001,17.419999999999998,0.43,0.1061999999999999,2.1,0.5871999999999999,0.4223,1.39,0.72,0.3358,3.1,0.7004,1.07,9.14,0.73,1.04,0.12,-3.77,-1.31,16.240000000000002,1.79,0.02,0.3728,4.52,1.79,0.8,0.29,0.29,0.065,8.6,12.94,-2.51,2.21,0.28,-0.01,8.11,1.44,4.970000000000001,0.18,0.04,11.15,0.52,9.29,2.04,0.5083,17.9,-0.07,-0.0039999999999999,-0.06,0.4893,0.9189024391,0.0,13.963580389558722,1.3374481491662085,0.0,-0.5,-3.59,0.10561982027812472
nicolas batum,LAC,SF,2021,2,1,32.0,1,0.0282,0.5246999999999999,2.2,1.14,0.3656,3.51,0.6174999999999999,1.28,13.64,2.66,1.67,0.54,0.4200000000000001,1.1,15.97,3.88,1.61,0.4258,5.66,2.52,0.857,0.8400000000000001,0.6699999999999999,0.139,55.1,26.88,-0.6799999999999999,3.8,0.86,1.81,11.59,1.7,6.99,1.76,0.92,14.81,1.02,9.87,4.74,0.5636,11.36,1.15,0.0977,3.42,0.5387,0.676,1.9,1.3,0.389,3.8,0.661,1.5,9.8,2.1,1.8,0.5,4.3,2.2,17.7,4.5,0.6,0.486,5.7,2.8,0.826,1.2,1.0,0.211,19.0,29.2,2.0,4.0,1.0,1.2,14.9,1.4,8.1,2.2,1.3,4.8,0.3,10.9,5.5,0.642,10.5,0.9,0.155,1.8,0.615,0.739871274,0.0,26.85589635815151,1.5224702034084665,0.0,-0.2499999999999999,3.88,0.2725100791399134
jordan mclaughlin,MIN,PG,2021,3,1,24.0,0,0.0178,0.4927499999999999,3.0874999999999995,1.525,0.367625,2.0625,0.3976249999999999,0.75,29.125,3.95,0.6,0.1,-0.95,0.125,9.425,1.5875,0.525,0.4415,5.15,2.3375,0.7295,0.8624999999999999,0.6499999999999999,0.159625,43.125,18.8875,-1.1375,1.8875,0.325,0.7875,13.6125,0.9375,5.975,2.6375,1.0375,15.575,1.0,5.525,1.9125,0.5338749999999999,14.4875,0.175,0.0875,1.35,0.5143749999999999,0.4927499999999999,3.0874999999999995,1.525,0.367625,2.0625,0.3976249999999999,0.75,29.125,3.95,0.6,0.1,-0.95,0.125,9.425,1.5875,0.525,0.4415,5.15,2.3375,0.7295,0.8624999999999999,0.6499999999999999,0.159625,43.125,18.8875,-1.1375,1.8875,0.325,0.7875,13.6125,0.9375,5.975,2.6375,1.0375,15.575,1.0,5.525,1.9125,0.5338749999999999,14.4875,0.175,0.0875,1.35,0.5143749999999999,0.59895833325,0.0,18.87674346487745,1.5185470038482682,0.0,0.0,0.0,0.5
frank jackson,DET,PG,2021,2,1,22.0,0,0.0266999999999999,0.4959,3.68,1.81,0.3641,3.18,0.4621,1.17,8.79,0.97,0.19,0.03,-3.42,-1.8,9.73,1.56,0.37,0.4367999999999999,6.789999999999999,3.03,0.7786,1.58,1.2000000000000002,0.2287,49.9,17.14,-1.62,2.41,0.4,0.31,11.21,1.34,8.41,1.0,0.37,10.09,0.8500000000000001,6.08,1.96,0.5554,20.71,-0.32,0.0446,0.74,0.5219,0.4959,3.68,1.81,0.3641,3.18,0.4621,1.17,8.79,0.97,0.19,0.03,-3.42,-1.8,9.73,1.56,0.37,0.4367999999999999,6.789999999999999,3.03,0.7786,1.58,1.2000000000000002,0.2287,49.9,17.14,-1.62,2.41,0.4,0.31,11.21,1.34,8.41,1.0,0.37,10.09,0.8500000000000001,6.08,1.96,0.5554,20.71,-0.32,0.0446,0.74,0.5219,0.672391599,0.2,17.113690138945888,1.1818685266630016,0.0,0.0,0.0,0.5
sterling brown,HOU,SG,2021,2,0,25.0,1,0.0266999999999999,0.4851,2.45,1.2200000000000002,0.3809,3.38,0.5745,1.32,8.92,1.2799999999999998,0.8300000000000001,0.15,-1.7000000000000002,0.36,16.83,3.21,1.13,0.4283,5.85,2.49,0.781,0.6799999999999999,0.53,0.1203,52.7,20.05,-2.06,3.49,0.63,0.52,10.58,1.55,6.91,1.48,0.61,11.68,0.8,10.19,3.890000000000001,0.5569,14.89,0.07,0.0761,1.65,0.5391,0.471,1.5,0.7,0.333,1.9,0.553,0.6,16.2,1.7,1.7,0.3,0.2,2.5,15.5,2.4,0.3,0.395,3.5,1.4,0.727,1.0,0.7,0.289,11.0,14.7,-2.3,2.6,0.4,0.1,10.6,1.5,4.1,1.8,0.5,15.7,0.7,9.3,2.7,0.525,13.5,0.1,0.111,0.4,0.487,0.7122967477,0.0,20.03613310700577,1.2100583104269744,0.0,0.03,1.9000000000000001,0.13272211665921113
saben lee,DET,PG,2021,3,1,21.0,0,0.0132,0.487,3.9,1.9,0.348,0.5,0.11,0.2,33.2,3.6,1.5,0.3,-2.0,0.2,11.1,1.6,0.8,0.471,4.4,2.1,0.685,1.9,1.3,0.424,48.0,16.3,-2.1,2.8,0.4,0.7,13.8,1.6,5.6,2.0,0.7,18.1,1.1,6.9,2.0,0.536,17.0,0.0,0.091,1.5,0.49,0.487,3.9,1.9,0.348,0.5,0.11,0.2,33.2,3.6,1.5,0.3,-2.0,0.2,11.1,1.6,0.8,0.471,4.4,2.1,0.685,1.9,1.3,0.424,48.0,16.3,-2.1,2.8,0.4,0.7,13.8,1.6,5.6,2.0,0.7,18.1,1.1,6.9,2.0,0.536,17.0,0.0,0.091,1.5,0.49,0.666666667,0.0,16.262395833333333,1.1818685266630016,0.0,0.0,0.0,0.5
trey lyles,SAS,PF,2021,2,0,25.0,1,0.0222,0.5467,2.86,1.5499999999999998,0.3420999999999999,2.28,0.4498,0.76,7.07,0.91,1.03,0.2,-1.74,-0.6,22.950000000000003,3.67,0.73,0.4564,5.11,2.31,0.6855,1.07,0.76,0.2141,43.2,17.36,-1.16,3.94,0.6699999999999999,0.47,12.02,1.08,6.12,0.99,0.37,7.98,0.55,13.37,4.32,0.5541,15.21,0.0699999999999999,0.0774,1.2,0.5343,0.0,0.7,0.0,0.0,0.3,0.333,0.0,30.9,0.7,0.0,0.0,-10.7,-4.1,0.0,0.0,0.0,0.0,1.0,0.0,0.0,0.0,0.0,0.0,3.0,2.7,-6.6,12.9,0.3,0.0,-4.4,0.3,0.0,0.0,0.0,0.0,0.0,6.6,0.3,0.0,16.8,0.0,-0.237,0.0,0.0,0.578319783,0.5,17.329463366821944,1.1583280740333517,0.0,-0.0699999999999999,-8.959999999999999,0.010685282803818209
lou williams,ATL,PG,2021,1,1,34.0,1,0.0445,0.4317,8.74,3.81,0.3772999999999999,3.52,0.2863,1.29,27.33,4.46,0.46,0.13,-0.6,-1.59,9.09,2.16,1.38,0.4154,12.260000000000002,5.1,0.867,4.16,3.64,0.3278,67.5,24.73,1.02,1.83,0.4,1.72,16.43,1.03,15.11,1.39,0.72,13.18,2.12,5.5600000000000005,2.58,0.5341,27.85,0.7100000000000001,0.0841,3.1,0.4693,0.4799,7.250000000000001,3.49,0.3536,2.62,0.2758,0.8200000000000001,27.54,3.9,0.43,0.15,1.27,-0.19,9.57,1.79,0.2199999999999999,0.4416,9.87,4.34,0.8906000000000001,2.95,2.53,0.2772,14.1,21.42,1.46,1.81,0.3999999999999999,0.1699999999999999,16.1,1.3299999999999998,12.03,1.73,0.75,13.68,1.6800000000000002,5.64,2.22,0.5448999999999999,25.17,0.2299999999999999,0.0711,0.44,0.4892,0.9120934961,0.0,24.694908239025644,1.2165414971596116,0.0,-0.4800000000000002,1.87,0.1532097903055704
javale mcgee,DEN,C,2021,1,0,33.0,1,0.0445,0.5883,5.8,3.4,0.2706,0.32,0.0523,0.05,7.19,0.69,7.359999999999999,1.42,-0.52,1.27,25.77,3.9,1.85,0.5714,6.1,3.4800000000000004,0.6487,1.51,1.0,0.2468,58.4,16.79,-1.77,12.42,1.91,1.2100000000000002,18.68,2.55,8.03,1.41,0.47,14.91,1.17,19.07,5.8100000000000005,0.5929,20.43,0.5299999999999999,0.1276,3.09,0.5776,0.4845,2.0375,1.025,0.0,0.35,0.148625,0.0,9.8625,0.6875,11.425,1.075,-1.0375,2.7875,29.3,2.1875,0.1375,0.421875,2.425,1.025,0.395625,0.975,0.35,0.398625,7.749999999999999,8.9125,-3.7875,11.099999999999998,0.9125,-0.025,13.425,1.225,2.3375,1.2,0.225,12.624999999999998,0.4125,19.6375,3.0375,0.431125,16.0,0.0,0.03575,0.15,0.421875,0.7857046069,0.0,16.814830027215685,1.2732631665750411,0.0,-0.5299999999999999,-0.5175000000000001,0.06580731399333298
robin lopez,WAS,C,2021,1,0,32.0,1,0.0445,0.6154,5.08,3.16,0.2841,0.7100000000000001,0.1379,0.2199999999999999,6.6000000000000005,0.85,3.42,0.73,-1.66,-0.76,10.16,1.78,1.07,0.5777,5.79,3.38,0.6647000000000001,1.53,1.06,0.2601,70.1,18.24,-0.92,9.29,1.62,1.77,14.59,1.54,8.02,0.4599999999999999,0.18,14.419999999999998,1.11,9.73,3.4,0.6163000000000001,17.25,0.14,0.1048,2.84,0.5995,0.73125,3.6125,2.625,0.0,0.0,0.0,0.0,0.0,0.0,2.75,0.5,-0.3249999999999999,-0.3375,12.675,1.1124999999999998,0.0,0.73125,3.6125,2.625,0.15625,0.5,0.125,0.1,4.25,11.75,0.0125000000000001,3.5625,0.5,0.125,14.5625,1.1375,5.375,0.0,0.0,2.25,0.125,8.0125,1.6124999999999998,0.7131249999999999,13.0125,0.0,0.1104999999999999,0.1625,0.73125,0.9485433604,0.0,18.22686594704139,1.4260153106102254,0.0,-0.14,1.335,0.03758764648832591
bruce brown,BRK,PG,2021,1,1,24.0,1,0.0421,0.5319,5.23,2.82,0.2987999999999999,1.22,0.1932,0.39,12.78,2.24,1.72,0.45,-1.07,0.54,15.24,3.3400000000000003,1.49,0.4905,6.4,3.16,0.7392000000000001,1.69,1.22,0.2565,64.7,23.53,-1.68,6.41,1.3,1.59,13.0,2.42,7.93,1.7999999999999998,0.8800000000000001,12.49,1.03,10.9,4.61,0.5512,15.05,0.3399999999999999,0.1002,3.1300000000000003,0.5192,0.5261428571428572,4.7285714285714295,2.571428571428572,0.1871428571428571,1.0142857142857145,0.2012857142857143,0.2285714285714286,10.742857142857144,1.6428571428571428,1.6000000000000003,0.3714285714285715,-1.328571428571429,0.6285714285714286,14.442857142857145,2.8000000000000003,0.2857142857142857,0.4634285714285714,5.714285714285714,2.7285714285714286,0.8664285714285715,1.0714285714285714,0.9285714285714288,0.1858571428571429,9.714285714285714,20.585714285714285,-1.985714285714286,7.314285714285714,1.4428571428571428,0.2571428571428572,11.314285714285717,2.428571428571429,6.585714285714286,1.4857142857142858,0.6428571428571429,11.442857142857145,0.7857142857142858,10.742857142857142,4.214285714285714,0.5191428571428572,14.92857142857143,0.1142857142857143,0.0787142857142857,0.5428571428571429,0.483,0.8735433606,0.3,23.531768137561837,1.5834745281290086,0.0,-0.22571428571428562,-0.2585714285714289,0.11610508507877727
bryn forbes,MIL,SG,2021,1,0,27.0,1,0.04,0.4942999999999999,3.23,1.61,0.4276,5.25,0.6237,2.21,7.220000000000001,1.23,0.07,0.0,-1.7000000000000002,-1.66,8.219999999999999,1.78,0.7,0.4528,8.48,3.82,0.8119000000000001,1.07,0.87,0.1238,70.3,22.78,-0.0399999999999999,0.8700000000000001,0.2,1.89,12.13,1.4700000000000002,10.72,0.9,0.4,7.93,0.77,4.58,1.98,0.6037,18.28,0.11,0.0779,2.56,0.5858,0.5407142857142857,1.8857142857142857,0.9857142857142858,0.4032857142857143,4.471428571428572,0.7261428571428573,1.8142857142857145,3.5857142857142863,0.5,0.6142857142857143,0.1,-0.7285714285714286,-0.6,10.885714285714286,1.9,0.2142857142857142,0.4312857142857143,6.285714285714287,2.757142857142857,0.7262857142857143,0.6571428571428573,0.4714285714285714,0.0967142857142857,16.28571428571429,18.442857142857143,-0.1285714285714286,0.7142857142857144,0.1,0.2285714285714286,10.785714285714286,1.142857142857143,7.771428571428572,0.3428571428571429,0.1,5.442857142857144,0.4000000000000001,5.7285714285714295,2.0285714285714285,0.5835714285714286,17.65714285714286,0.1,0.0892857142857143,0.4714285714285715,0.5745714285714286,0.948611111,0.5,22.785778745644595,1.4720851108667763,0.0,-0.009999999999999995,0.9714285714285715,0.15793291786061048
gorgui dieng,SAS,C,2021,1,0,31.0,0,0.0356,0.5599000000000001,3.06,1.6800000000000002,0.3888,1.76,0.3697,0.73,10.97,1.19,3.33,0.5700000000000001,2.27,1.4700000000000002,22.31,3.16,1.17,0.4975,4.890000000000001,2.38,0.8306,1.66,1.35,0.3448,53.1,15.19,0.78,8.01,1.19,1.34,18.35,1.71,6.9,2.25,0.71,13.37,0.8600000000000001,15.07,4.35,0.6197999999999999,17.9,0.7899999999999999,0.1576,2.48,0.5709,0.5599000000000001,3.06,1.6800000000000002,0.3888,1.76,0.3697,0.73,10.97,1.19,3.33,0.5700000000000001,2.27,1.4700000000000002,22.31,3.16,1.17,0.4975,4.890000000000001,2.38,0.8306,1.66,1.35,0.3448,53.1,15.19,0.78,8.01,1.19,1.34,18.35,1.71,6.9,2.25,0.71,13.37,0.8600000000000001,15.07,4.35,0.6197999999999999,17.9,0.7899999999999999,0.1576,2.48,0.5709,0.7117547426,0.0,15.208004806578948,1.1583280740333517,0.0,0.0,0.0,0.5
frank ntilikina,NYK,PG,2021,2,0,22.0,1,0.0159,0.3044,2.25,0.83,0.3932,2.01,0.5089,0.75,14.010000000000002,1.76,1.25,0.2,-3.01,1.21,8.66,1.25,0.5700000000000001,0.3688,4.26,1.5799999999999998,0.6345999999999999,0.69,0.47,0.1883,42.2,15.340000000000002,-4.220000000000001,1.88,0.28,-0.23,7.99,1.93,4.380000000000001,2.38,0.66,13.73,0.77,5.220000000000001,1.48,0.4885,14.74,-0.3,0.0371,0.36,0.4732,0.0,0.0,0.0,0.0,0.3,1.0,0.0,0.0,0.0,0.0,0.0,-19.6,-5.9,0.0,0.0,0.0,0.0,0.3,0.0,0.0,0.0,0.0,0.0,3.0,1.3,-13.7,0.0,0.0,0.0,-10.4,0.0,0.0,0.0,0.0,0.0,0.0,0.0,0.0,0.0,11.1,0.0,-0.246,0.0,0.0,0.5715447154,0.2,15.327318958811617,1.0848107018508335,0.0,0.3,-16.590000000000003,0.005988502076014053
tony bradley,OKC,C,2021,2,0,23.0,1,0.0159,0.66975,4.075,2.725,0.3749999999999999,0.1,0.015375,0.0375,7.3375,0.7125,3.975,0.6625,1.2999999999999998,0.175,24.375,3.325,1.0375,0.6657500000000001,4.175,2.7625,0.676375,1.1125,0.75,0.2654999999999999,48.0,14.4625,1.125,15.475,1.9625,1.95,21.075,1.6875,6.275,1.0,0.325,12.8125,0.6875,19.95,5.2875,0.679125,15.8,0.6,0.2084999999999999,2.925,0.66875,0.222,1.5,0.3,0.0,0.0,0.0,0.0,2.7,0.2,4.0,0.3,-7.0,-3.3,31.1,2.2,0.1,0.222,1.5,0.3,0.714,1.2,0.8,0.778,6.0,8.0,-3.7,24.9,1.7,0.0,12.8,0.7,1.5,2.2,0.3,24.9,0.7,28.1,3.8,0.373,15.7,-0.1,0.031,0.0,0.222,0.5406504065,0.0,13.965710728193764,0.8293314366868243,0.1706685633131757,-0.7,-8.3,0.06467259498787388
thanasis antetokounmpo,MIL,SF,2021,2,1,28.0,1,0.0154,0.5845,1.9,1.1375,0.150625,0.5,0.2105,0.0625,12.55,0.8,1.525,0.1625,-3.3875,0.6499999999999999,11.325,0.975,0.45,0.4931249999999999,2.4,1.2,0.4732499999999999,0.8999999999999999,0.4,0.3565,43.125,8.5,-4.0375,10.3625,0.7875,-0.0375,11.0125,1.15,2.8625,2.125,0.4,19.9875,0.725,10.825,1.825,0.512875,17.6625,-0.125,0.061875,0.5125,0.509375,0.286,0.5,0.2,0.0,0.0,0.0,0.0,8.1,0.2,4.1,0.2,-1.1,6.4,17.0,0.5,0.1,0.286,0.5,0.2,0.833,0.5,0.4,0.857,13.0,3.5,-7.5,7.0,0.2,0.0,10.0,0.9,0.7,5.5,0.4,23.7,0.2,11.9,0.8,0.467,12.0,0.0,0.116,0.1,0.286,0.598958333625,0.0,8.453917763157893,1.4720851108667763,0.0,0.125,2.2875,0.11042014257545882
keita batesdiop,SAS,SF,2021,2,1,25.0,1,0.0154,0.5056,2.35,1.17,0.296,1.33,0.3322,0.42,5.96,0.53,2.14,0.35,-2.05,-0.0399999999999999,16.259999999999998,1.7799999999999998,0.41,0.4367,3.63,1.59,0.6781,1.04,0.73,0.2922,34.2,12.53,-2.01,3.63,0.43,0.2299999999999999,11.64,0.7,4.25,1.8,0.44,7.66,0.32,9.79,2.23,0.5185,14.96,-0.01,0.0638,0.57,0.4861,0.2,1.0,0.2,0.0,0.0,0.0,0.0,5.5,0.2,0.0,0.0,-6.8,-4.7,14.8,0.6,0.0,0.2,1.0,0.2,0.5,0.4,0.2,0.4,5.0,4.8,-2.0,15.0,0.6,0.0,5.7,0.0,0.6,0.0,0.0,0.0,0.0,14.9,1.2,0.255,11.2,0.0,-0.031,0.0,0.2,0.4648373986,0.0,12.508748484287878,1.1583280740333517,0.0,0.01,-4.75,0.05303562668222378
moritz wagner,ORL,C,2021,2,1,23.0,0,0.0154,0.5622,3.22,1.83,0.3216,1.9,0.3788,0.63,9.27,1.03,2.18,0.38,-2.85,-0.07,18.59,2.7,0.68,0.4735,5.12,2.45,0.8165,1.82,1.51,0.3591,44.6,15.66,-2.73,4.8500000000000005,0.74,0.52,12.8,2.48,7.02,1.5499999999999998,0.54,15.599999999999998,1.13,11.6,3.47,0.588,18.97,-0.14,0.0747,1.15,0.5346,0.5622,3.22,1.83,0.3216,1.9,0.3788,0.63,9.27,1.03,2.18,0.38,-2.85,-0.07,18.59,2.7,0.68,0.4735,5.12,2.45,0.8165,1.82,1.51,0.3591,44.6,15.66,-2.73,4.8500000000000005,0.74,0.52,12.8,2.48,7.02,1.5499999999999998,0.54,15.599999999999998,1.13,11.6,3.47,0.588,18.97,-0.14,0.0747,1.15,0.5346,0.6048780488000001,0.0,15.664485444175712,1.163571330401319,0.0,0.0,0.0,0.5
javonte green,CHI,SF,2021,2,1,27.0,0,0.0148,0.591,1.8375,1.0375,0.3105,0.7,0.282,0.2,5.887499999999999,0.4375,1.2875,0.1375,-0.575,1.5875,12.474999999999998,1.2125,0.675,0.5125,2.5375,1.2999999999999998,0.7188749999999999,0.9625,0.6625,0.3698749999999999,43.625,10.8625,-2.1625,5.9125,0.5625,0.4625,12.474999999999998,1.025,3.5249999999999995,2.75,0.625,13.7,0.5,9.1625,1.775,0.5927499999999999,13.6125,0.2,0.10925,1.1,0.5566249999999999,0.591,1.8375,1.0375,0.3105,0.7,0.282,0.2,5.887499999999999,0.4375,1.2875,0.1375,-0.575,1.5875,12.474999999999998,1.2125,0.675,0.5125,2.5375,1.2999999999999998,0.7188749999999999,0.9625,0.6625,0.3698749999999999,43.625,10.8625,-2.1625,5.9125,0.5625,0.4625,12.474999999999998,1.025,3.5249999999999995,2.75,0.625,13.7,0.5,9.1625,1.775,0.5927499999999999,13.6125,0.2,0.10925,1.1,0.5566249999999999,0.605902777625,0.625,10.876482786833078,1.2471932655305114,0.0,0.0,0.0,0.5
gabe vincent,MIA,PG,2021,2,1,24.0,1,0.0148,0.5,1.7,0.8,0.309,3.0,0.639,0.9,15.1,1.3,0.3,0.0,-5.4,-0.9,7.9,0.9,0.5,0.378,4.7,1.8,0.87,0.5,0.4,0.099,50.0,13.1,-4.5,1.8,0.2,-0.4,7.6,1.6,4.8,1.6,0.4,12.3,0.7,4.9,1.1,0.498,19.1,-0.6,0.011,0.2,0.476,1.0,0.3,0.3,0.5,0.7,0.667,0.3,24.9,0.7,0.0,0.0,1.8,-0.5,7.3,0.3,0.0,0.667,1.0,0.7,0.0,0.0,0.0,0.0,3.0,4.7,2.3,0.0,0.0,0.0,12.7,0.0,1.7,0.0,0.0,25.0,0.3,3.5,0.3,0.833,12.5,0.0,0.073,0.0,0.833,0.4809027775,0.0,11.636256945,1.271806111416529,0.0,0.6,7.2,0.02107308324615155
max strus,MIA,SF,2021,2,1,24.0,1,0.0148,0.897,1.0,0.9,0.338,3.8,0.791,1.3,7.3,0.6,0.4,0.1,-2.2,-1.7,8.0,0.9,0.3,0.455,4.8,2.2,0.667,0.6,0.4,0.128,39.0,13.0,-0.5,1.1,0.1,0.6,12.1,1.1,6.1,1.1,0.3,3.9,0.2,4.6,1.1,0.597,18.3,0.0,0.088,0.9,0.588,0.0,0.5,0.0,0.0,0.0,0.0,0.0,0.0,0.0,0.0,0.0,-16.4,-6.2,0.0,0.0,0.0,0.0,0.5,0.0,0.0,0.0,0.0,0.0,2.0,3.0,-10.2,0.0,0.0,0.0,-6.6,0.0,0.0,0.0,0.0,0.0,0.0,0.0,0.0,0.0,7.3,0.0,-0.203,0.0,0.0,0.3489583336249999,0.3749999999999999,9.28627136692468,1.271806111416529,0.0,0.0,-14.2,0.011695906432748537
will barton,DEN,SF,2021,2,1,30.0,1,0.139,0.4683,6.709999999999999,3.16,0.3714,4.72,0.4136999999999999,1.79,14.77,3.29,1.39,0.45,-0.98,-0.6200000000000001,14.23,3.93,1.51,0.4284,11.4,4.869999999999999,0.7766,2.13,1.65,0.1857,54.0,30.94,-0.36,3.2299999999999995,0.88,1.09,12.78,1.86,13.18,1.3199999999999998,0.8600000000000001,11.66,1.6,8.73,4.81,0.5339,19.53,0.4999999999999999,0.0721,2.6,0.5054000000000001,0.5035714285714287,6.842857142857143,3.5142857142857142,0.3158571428571429,6.114285714285714,0.4648571428571428,1.957142857142857,14.071428571428571,2.4142857142857146,1.4142857142857146,0.3857142857142857,0.7571428571428569,-0.0571428571428571,17.47142857142857,3.9142857142857146,0.0571428571428571,0.4151428571428571,12.95714285714286,5.471428571428572,0.912,1.4714285714285715,1.3,0.1215714285714285,6.142857142857144,26.47142857142857,0.8142857142857143,2.271428571428572,0.5285714285714286,-0.0857142857142857,14.128571428571428,1.3285714285714287,14.242857142857144,1.0285714285714285,0.5857142857142857,8.342857142857142,1.2142857142857144,9.342857142857143,4.442857142857143,0.5147142857142858,24.542857142857144,0.0428571428571428,0.0188571428571428,0.0428571428571428,0.489,0.7354336046000001,0.5,30.937586828932297,1.2732631665750411,0.0,-0.4571428571428571,1.7371428571428569,0.0886946911865446
deandre jordan,BRK,C,2021,1,0,32.0,0,0.0033,0.7110000000000001,5.03,3.49,0.0,0.0,0.002,0.0,11.15,1.83,3.95,1.04,1.82,1.3,30.44,6.91,2.03,0.7095,5.03,3.49,0.595,2.22,1.39,0.4304,59.1,23.49,0.5700000000000001,11.42,2.46,2.9,18.32,2.08,8.440000000000001,0.76,0.36,20.97,1.58,21.2,9.37,0.7074,13.78,1.32,0.1694,4.93,0.7095,0.7110000000000001,5.03,3.49,0.0,0.0,0.002,0.0,11.15,1.83,3.95,1.04,1.82,1.3,30.44,6.91,2.03,0.7095,5.03,3.49,0.595,2.22,1.39,0.4304,59.1,23.49,0.5700000000000001,11.42,2.46,2.9,18.32,2.08,8.440000000000001,0.76,0.36,20.97,1.58,21.2,9.37,0.7074,13.78,1.32,0.1694,4.93,0.7095,0.7974593499,0.0,23.47545725516917,1.5834745281290086,0.0,0.0,0.0,0.5
dwight howard,PHI,C,2021,1,0,35.0,1,0.0148,0.6563749999999999,4.025,2.65,0.38125,0.225,0.048,0.0625,6.3,0.825,4.9625,0.975,-0.8625,0.825,32.4875,5.4,2.6,0.64025,4.25,2.7125,0.55275,3.0375,1.725,0.7229999999999999,69.0,17.9,-1.6875,16.599999999999998,2.6875,1.8625,18.1375,3.0125,7.1875,1.1625,0.4,20.75,1.45,24.6375,7.987499999999999,0.64225,16.8875,0.3249999999999999,0.17325,4.525,0.648125,0.604125,2.6625,1.6,0.1874999999999999,0.1,0.03375,0.0375,6.0,0.625,3.1125,0.4625,-2.35,0.2375,29.7625,3.6125,0.3375,0.5896250000000001,2.7625,1.6375,0.5835,3.0,1.775,1.129,14.25,13.6375,-2.55,17.5,2.05,0.35,16.0125,2.7875,5.1125,0.8999999999999999,0.275,19.0125,0.9625,23.775,5.6625,0.621375,16.1125,0.0,0.167625,0.6875,0.593,0.7886178859999999,0.2,19.44112640830918,1.4332887025838372,0.0,-0.3249999999999999,-1.4875,0.1359519390318286
avery bradley,HOU,SG,2021,1,0,30.0,0,0.0148,0.4637,3.75,1.7300000000000002,0.3429,3.68,0.5117,1.27,9.920000000000002,1.72,0.51,0.14,-4.19,-0.28,8.68,1.92,0.8200000000000001,0.4018,7.43,3.03,0.8219000000000001,0.6100000000000001,0.46,0.0793,40.8,24.450000000000003,-3.91,1.71,0.41,-0.31,7.34,2.2,7.76,1.56,0.81,12.489999999999998,1.08,5.17,2.3,0.5038,15.4,-0.47,0.0163999999999999,0.46,0.4891,0.4637,3.75,1.7300000000000002,0.3429,3.68,0.5117,1.27,9.920000000000002,1.72,0.51,0.14,-4.19,-0.28,8.68,1.92,0.8200000000000001,0.4018,7.43,3.03,0.8219000000000001,0.6100000000000001,0.46,0.0793,40.8,24.450000000000003,-3.91,1.71,0.41,-0.31,7.34,2.2,7.76,1.56,0.81,12.489999999999998,1.08,5.17,2.3,0.5038,15.4,-0.47,0.0163999999999999,0.46,0.4891,0.5453252034,0.2,24.459873014814814,1.2100583104269744,0.0,0.0,0.0,0.5
rajon rondo,LAC,PG,2021,1,0,34.0,1,0.0148,0.4615,3.92,1.79,0.3722,2.4000000000000004,0.3871,0.8900000000000001,34.62,5.300000000000001,0.39,0.09,-0.82,0.16,13.48,2.65,1.09,0.4274,6.32,2.68,0.796,0.6300000000000001,0.48,0.0935999999999999,46.1,20.66,-0.95,2.6500000000000004,0.49,0.24,12.739999999999998,1.4,6.67,2.15,0.88,23.76,2.03,8.16,3.16,0.5148,17.689999999999998,0.3,0.0703,1.33,0.4998,0.359875,2.8375,1.1375,0.395625,2.5375,0.4848749999999999,0.9875,33.287499999999994,4.85,1.0,0.1625,-0.3750000000000002,0.0999999999999998,15.9125,2.75,0.35,0.383125,5.4125,2.1499999999999995,0.6733750000000001,1.0125,0.675,0.200125,14.125,19.825,-0.4750000000000001,2.7749999999999995,0.4875,0.2875,12.925,1.7374999999999998,5.9625,1.7625,0.7749999999999999,19.925,1.475,9.425,3.2375,0.502375,16.3125,0.1874999999999999,0.08775,0.575,0.4782499999999999,0.6246951221,0.0,20.64978260869565,1.5224702034084665,0.0,-0.1125000000000001,0.44499999999999973,0.22721180392819895
paul millsap,DEN,PF,2021,1,0,35.0,1,0.0148,0.5294000000000001,5.6,2.94,0.375,2.48,0.3112,0.94,10.8,1.78,2.66,0.64,0.87,0.49,18.37,3.79,1.8,0.4793999999999999,8.08,3.85,0.7522,2.46,1.86,0.2934,57.3,23.11,0.38,8.11,1.71,2.12,16.849999999999998,2.39,10.5,2.08,0.96,11.02,1.15,13.24,5.5,0.5738,19.22,1.02,0.1383,3.87,0.537,0.5295,4.35,2.29,0.296,2.53,0.3907,0.77,13.3,1.37,3.67,0.72,-0.06,0.5599999999999999,22.59,3.4399999999999995,0.22,0.433,6.88,2.99,0.7003,2.42,1.82,0.3456,13.0,20.01,-0.6200000000000001,7.449999999999999,1.26,0.2299999999999999,15.36,2.26,8.52,1.35,0.51,12.6,1.1,14.6,4.7,0.533,21.52,0.02,0.0634,0.37,0.4898,0.7721205963,0.0,23.083920552268907,1.2732631665750411,0.0,-1.0,-0.9299999999999999,0.1641889678495619
carmelo anthony,POR,PF,2021,1,0,36.0,1,0.0148,0.4471,7.319999999999999,3.25,0.3855999999999999,4.800000000000001,0.4014999999999999,1.82,7.039999999999999,1.2999999999999998,1.76,0.59,-2.17,-1.4700000000000002,14.19,3.73,0.7100000000000001,0.4205,12.12,5.07,0.8349,2.38,1.99,0.1972,53.9,27.97,-0.7000000000000001,2.83,0.79,0.99,13.2,2.5600000000000005,14.0,1.15,0.6699999999999999,7.66,1.12,8.47,4.52,0.5336000000000001,22.01,-0.06,0.056,1.75,0.4969,0.4517499999999999,6.05,2.625,0.3941249999999999,5.3,0.4902499999999999,2.0375,9.2875,1.6875,0.75,0.275,-2.2125,-1.575,13.775,3.55,0.0375,0.4151249999999999,11.349999999999998,4.725,0.8895,2.175,1.9625,0.191625,5.625,28.075,-0.6749999999999998,1.2875,0.2625,-0.0124999999999999,10.775,3.0625,13.3875,0.925,0.5625,11.65,1.725,7.625,3.875,0.5488749999999999,21.9125,0.0,0.0064999999999999,0.025,0.5097499999999999,0.7452235773,0.0,27.968421206038983,1.186795153014477,0.0,0.06,-0.04249999999999998,0.09481922110855426
markieff morris,LAL,PF,2021,1,0,31.0,1,0.0148,0.5073,3.56,1.76,0.3383,3.5700000000000003,0.5097,1.24,9.09,1.27,1.36,0.32,-2.4400000000000004,-0.24,18.78,3.43,1.42,0.4196,7.130000000000001,3.0,0.7472,1.17,0.8700000000000001,0.1598,59.5,20.38,-2.2,4.39,0.8300000000000001,0.17,10.74,2.14,8.14,1.1,0.47,11.8,1.02,11.56,4.26,0.5282,18.29,-0.14,0.0606,1.54,0.5056,0.3217,1.4300000000000002,0.48,0.3082,1.7699999999999998,0.5207999999999999,0.65,10.47,0.9,2.4000000000000004,0.3,-4.109999999999999,-0.14,8.100000000000001,1.11,0.14,0.3082999999999999,3.2,1.08,0.7225,1.23,0.87,0.4737,9.3,12.6,-4.0,8.25,0.8400000000000001,0.09,6.97,1.89,3.68,0.4,0.13,13.46,0.5700000000000001,8.27,1.92,0.4710999999999999,15.23,0.0,0.0278,0.2299999999999999,0.3931,0.8067411924,0.0,20.360616729310344,1.473902510536925,0.0,0.14,-1.669999999999999,0.08811917671211245
wayne ellington,DET,SG,2021,1,0,33.0,1,0.0148,0.4767,1.29,0.62,0.3902,5.6,0.8164,2.19,10.06,1.39,0.6900000000000001,0.15,-0.97,-0.89,9.23,1.6700000000000002,0.59,0.4064,6.8100000000000005,2.81,0.813,0.7000000000000001,0.53,0.0959,44.4,20.55,-0.0799999999999998,1.08,0.24,0.97,11.01,1.32,8.39,1.18,0.52,8.52,0.66,5.109999999999999,1.84,0.579,16.29,0.36,0.0739,1.59,0.565,0.308,3.3,1.0,0.318,5.5,0.629,1.8,5.5,1.3,0.0,0.0,-5.7,-2.2,10.7,3.0,-0.1,0.314,8.8,2.8,1.0,0.5,0.5,0.057,4.0,32.8,-3.5,2.0,0.8,-0.1,5.7,1.0,7.8,1.1,0.8,5.3,0.5,5.8,3.8,0.432,12.2,-0.1,-0.064,-0.2,0.414,0.5987127371,0.0,20.54541766028165,1.1818685266630016,0.0,-0.45999999999999996,-4.73,0.1257162568751078
blake griffin,BRK,PF,2021,1,1,31.0,1,0.0148,0.4891999999999999,6.74,3.31,0.3157999999999999,5.51,0.4605,1.7,19.32,3.57,1.06,0.35,-0.6699999999999998,-0.74,17.22,4.4,1.22,0.4095,12.2,5.029999999999999,0.7554000000000001,4.33,3.3100000000000005,0.3420999999999999,43.4,28.42,0.07,3.61,0.93,1.35,14.22,2.19,15.05,1.06,0.61,12.26,1.99,10.4,5.36,0.532,24.21,1.0,0.0663,2.5700000000000003,0.4827,0.5970000000000001,6.285714285714287,3.357142857142857,0.4098571428571429,4.0,0.4208571428571429,1.7142857142857144,19.185714285714287,3.0,1.2142857142857142,0.3571428571428571,4.571428571428572,1.2571428571428571,17.885714285714286,4.5,0.3571428571428571,0.512,10.285714285714286,5.071428571428571,0.7957142857142858,1.8571428571428568,1.5714285714285716,0.1775714285714285,9.142857142857142,27.214285714285715,3.3571428571428577,5.6000000000000005,1.5,0.5285714285714286,17.65714285714286,3.6428571428571432,13.42857142857143,1.6000000000000003,0.8571428571428572,7.500000000000001,1.142857142857143,11.757142857142858,5.928571428571429,0.6191428571428571,19.185714285714287,0.3428571428571429,0.1527142857142857,0.8857142857142857,0.5965714285714285,0.5773712737000001,0.3,28.428932366260867,1.5834745281290086,0.0,-0.657142857142857,5.241428571428572,0.167864583508307
lamarcus aldridge,BRK,C,2021,1,1,35.0,1,0.0148,0.5138,10.91,5.62,0.3583,2.55,0.2008,0.98,11.24,2.15,3.85,1.29,0.63,-0.37,17.200000000000003,4.77,1.3,0.4882,13.46,6.6000000000000005,0.8534999999999999,3.0,2.56,0.2142,45.1,29.52,0.92,5.45,1.54,2.43,18.34,2.06,16.68,0.8600000000000001,0.51,8.05,1.28,11.32,6.3100000000000005,0.5645,23.5,1.12,0.11,3.76,0.5265,0.473,15.7,7.4,0.273,1.6,0.091,0.4,13.1,2.7,2.3,1.0,2.3,-0.2,21.1,6.9,0.2,0.455,17.3,7.9,0.818,4.7,3.9,0.273,7.0,34.9,2.5,8.4,2.7,0.5,21.8,3.0,20.0,1.1,0.7,4.9,1.0,14.8,9.6,0.517,27.2,0.3,0.126,0.6,0.467,0.5989498644000001,0.3,29.53082319931328,1.5834745281290086,0.0,-0.8200000000000001,1.67,0.15504692660562103
kent bazemore,GSW,SF,2021,1,0,31.0,0,0.0148,0.456,4.0,1.8,0.3712,3.33,0.4584,1.19,10.47,1.68,2.17,0.55,-1.96,0.98,16.05,3.33,1.78,0.4174,7.38,2.99,0.7219,1.7800000000000002,1.29,0.2326,67.3,22.29,-2.97,2.02,0.44,-0.51,10.47,2.5700000000000003,8.56,2.33,1.09,14.73,1.35,9.03,3.77,0.5330999999999999,17.8,-0.0699999999999999,0.0418,1.22,0.5028,0.456,4.0,1.8,0.3712,3.33,0.4584,1.19,10.47,1.68,2.17,0.55,-1.96,0.98,16.05,3.33,1.78,0.4174,7.38,2.99,0.7219,1.7800000000000002,1.29,0.2326,67.3,22.29,-2.97,2.02,0.44,-0.51,10.47,2.5700000000000003,8.56,2.33,1.09,14.73,1.35,9.03,3.77,0.5330999999999999,17.8,-0.0699999999999999,0.0418,1.22,0.5028,0.9120257454,0.5,22.303286438432835,1.6861349551035367,0.0,0.0,0.0,0.5
andre drummond,LAL,C,2021,1,0,27.0,1,0.0148,0.5249,12.64,6.61,0.0693,0.38,0.0277,0.05,12.12,2.09,3.89,1.37,0.09,0.74,35.790000000000006,9.48,3.51,0.513,13.0,6.66,0.5905,4.85,2.87,0.3699,55.9,30.1,-0.62,15.23,4.2,0.7,20.98,3.33,16.22,2.59,1.61,15.84,2.87,25.33,13.68,0.5364,26.15,1.11,0.1071,4.26,0.5145,0.5537142857142857,8.371428571428574,4.428571428571429,0.0,0.0857142857142857,0.0054285714285714,0.0,3.428571428571429,0.6571428571428571,3.0285714285714285,0.8,-0.6857142857142857,0.2142857142857142,37.3,7.428571428571429,0.1714285714285714,0.5511428571428572,8.42857142857143,4.428571428571429,0.6225714285714286,2.942857142857143,1.657142857142857,0.3347142857142857,4.714285714285714,24.08571428571429,-0.9000000000000001,17.971428571428575,4.142857142857143,-0.0571428571428571,18.17142857142857,2.942857142857143,10.514285714285716,2.0142857142857142,1.0,20.800000000000004,2.371428571428572,27.028571428571432,11.571428571428571,0.5702857142857143,21.38571428571429,0.0714285714285714,0.0662857142857142,0.1142857142857143,0.5511428571428572,0.7496273714,0.0,30.08178463204675,1.473902510536925,0.0,-1.0385714285714287,-0.7757142857142857,0.06321730616648816
austin rivers,DEN,SG,2021,1,1,28.0,1,0.0148,0.5088,3.01,1.55,0.3549,4.109999999999999,0.5801000000000001,1.45,11.9,2.1,0.4499999999999999,0.14,-2.56,-0.17,9.239999999999998,2.0700000000000003,0.97,0.4195,7.12,3.0,0.6711,1.19,0.77,0.1633,53.6,24.11,-2.39,1.35,0.28,0.64,9.61,2.01,8.21,1.54,0.73,10.59,0.89,5.32,2.35,0.5387,15.28,-0.28,0.0631999999999999,1.61,0.523,0.4358999999999999,2.35,1.01,0.375,3.87,0.6187,1.51,9.27,1.64,0.68,0.2,-4.04,-0.39,9.82,1.87,0.08,0.3978,6.220000000000001,2.52,0.7706,1.25,0.97,0.1993,10.6,24.83,-3.67,0.67,0.15,0.08,7.050000000000001,2.76,7.52,0.87,0.38,10.71,0.8200000000000001,5.0200000000000005,2.02,0.5449999999999999,13.82,-0.13,0.0245,0.11,0.5145,0.7186991868,0.0,24.10388233902219,1.2732631665750411,0.0,0.15000000000000002,-1.48,0.1692054099855094
victor oladipo,MIA,SG,2021,1,1,28.0,1,0.0148,0.4623,9.41,4.4,0.3267,6.45,0.4077999999999999,2.13,21.06,4.21,0.99,0.32,-1.2599999999999998,-0.49,15.05,4.3,1.06,0.4068,15.88,6.46,0.7672,3.81,2.93,0.24,29.4,31.07,-0.75,1.59,0.47,-0.3999999999999999,14.06,2.22,18.009999999999998,2.0,1.31,12.4,2.46,8.3,4.69,0.5116,27.78,0.2699999999999999,0.0285,0.6599999999999999,0.4735,0.435,5.8,2.5,0.364,8.3,0.589,3.0,14.0,2.5,0.0,0.0,-0.7,0.7,12.7,3.3,0.1,0.393,14.0,5.5,0.938,4.0,3.8,0.286,4.0,30.8,-1.4,0.0,0.0,-0.2,12.8,3.5,17.8,3.6,2.3,18.2,3.5,6.2,3.3,0.563,28.8,0.0,-0.029,-0.1,0.5,0.3961382112,0.2,31.074535794710265,1.271806111416529,0.0,-0.2699999999999999,0.5599999999999998,0.11884343727632452
tony snell,ATL,SG,2021,1,0,29.0,1,0.0148,0.4731999999999999,1.73,0.8800000000000001,0.4845,3.0,0.631,1.38,8.56,1.4900000000000002,0.98,0.23,-0.93,-0.1699999999999999,9.11,1.85,0.7200000000000001,0.4814,4.73,2.26,0.9762,0.37,0.35,0.0804,56.0,22.41,-0.76,1.66,0.34,1.75,9.8,1.55,6.25,0.78,0.38,8.68,0.41,5.46,2.19,0.6504,10.3,0.31,0.0957,2.42,0.6345,0.2142857142857143,0.5428571428571428,0.1,0.2078571428571428,0.9142857142857144,0.5865714285714285,0.1,2.7857142857142856,0.1428571428571428,1.842857142857143,0.1,-9.385714285714286,-1.4714285714285713,6.857142857142857,0.4571428571428571,0.0714285714285714,0.1844285714285714,1.4857142857142858,0.2,0.0,0.0,0.0,0.0,9.0,6.1000000000000005,-7.914285714285715,2.1142857142857148,0.0571428571428571,-0.2142857142857142,-2.757142857142858,0.5142857142857142,0.6,1.5571428571428572,0.1714285714285714,18.371428571428574,0.3142857142857143,4.471428571428572,0.5142857142857142,0.2305714285714286,12.657142857142858,-0.1428571428571428,-0.1334285714285714,-0.2142857142857142,0.2305714285714286,0.752710027,0.0,22.422577045748582,1.2165414971596116,0.0,-0.4528571428571428,-8.455714285714286,0.04191287618524117
otto porter,ORL,SF,2021,1,0,27.0,0,0.0148,0.4869,5.26,2.5600000000000005,0.3848,4.09,0.4415,1.59,12.14,1.96,1.13,0.29,0.48,0.08,18.29,3.87,0.77,0.4418999999999999,9.35,4.13,0.8023,1.66,1.35,0.1802,29.4,23.9,0.4,4.51,0.97,0.78,15.17,1.79,11.2,1.77,0.9300000000000002,8.379999999999999,0.93,11.32,4.84,0.5548,19.770000000000003,0.48,0.1027,1.5300000000000002,0.5269,0.4869,5.26,2.5600000000000005,0.3848,4.09,0.4415,1.59,12.14,1.96,1.13,0.29,0.48,0.08,18.29,3.87,0.77,0.4418999999999999,9.35,4.13,0.8023,1.66,1.35,0.1802,29.4,23.9,0.4,4.51,0.97,0.78,15.17,1.79,11.2,1.77,0.9300000000000002,8.379999999999999,0.93,11.32,4.84,0.5548,19.770000000000003,0.48,0.1027,1.5300000000000002,0.5269,0.3893631435,0.2,23.937077382142853,1.163571330401319,0.0,0.0,0.0,0.5
ben mclemore,LAL,SG,2021,1,0,27.0,1,0.0148,0.4899,1.4300000000000002,0.7,0.376,5.01,0.7604,1.83,5.44,0.63,1.01,0.2,-2.8,-1.06,9.8,1.51,0.7,0.3964,6.44,2.53,0.7252000000000001,0.89,0.64,0.147,51.6,17.05,-1.7400000000000002,1.62,0.28,0.43,9.89,1.75,7.66,1.35,0.44,8.64,0.67,5.63,1.79,0.5563,18.88,-0.04,0.0472,1.13,0.5391,0.0937499999999999,0.65,0.0375,0.354,2.175,0.754375,0.7999999999999999,5.25,0.375,0.0,0.0,-3.475,0.6125,15.35,1.2375,0.0375,0.279375,2.7875,0.8374999999999999,0.0,0.0,0.0,0.0,6.624999999999999,10.05,-4.0875,2.475,0.2625,-0.0625,4.0,1.075,2.4375,1.4375,0.3375,8.875,0.3,8.6375,1.5,0.414375,13.3,0.0,-0.0015,0.075,0.414375,0.7102303522,0.0,17.03803074452886,1.473902510536925,0.0,0.04,-0.6750000000000003,0.07035500449748971
dewayne dedmon,MIA,C,2021,1,1,31.0,1,0.0148,0.6513,3.88,2.5,0.2382,1.5499999999999998,0.2471,0.46,7.62,0.83,3.7,0.6900000000000001,-0.7899999999999999,0.41,28.78,4.27,0.8799999999999999,0.5724,5.43,2.94,0.7831999999999999,1.4500000000000002,1.14,0.2928,34.0,16.85,-1.2000000000000002,11.64,1.64,0.47,18.27,2.71,7.45,1.9,0.7,15.01,1.05,20.18,5.91,0.6297999999999999,18.42,0.09,0.1533,1.38,0.6046,0.6,3.8,2.3,0.333,0.8,0.167,0.3,9.7,0.8,3.2,0.5,-3.4,-1.0,17.8,2.5,0.0,0.556,4.5,2.5,0.8,1.3,1.0,0.278,4.0,14.3,-2.4,13.1,2.0,0.0,13.6,2.5,6.3,0.0,0.0,22.9,1.5,15.4,4.5,0.619,20.2,0.0,0.037,0.0,0.583,0.4505420053,0.2,16.880930873295455,1.271806111416529,0.0,-0.09,-2.61,0.0907792413902555
rodney hood,TOR,SF,2021,1,0,28.0,1,0.0148,0.4540999999999999,3.99,1.88,0.3696,2.7300000000000004,0.4117999999999999,1.05,7.85,1.31,0.63,0.15,-3.87,-1.01,9.4,2.01,0.31,0.4198,6.67,2.9,0.8387,1.08,0.8799999999999999,0.1473,48.2,22.66,-2.81,2.09,0.41,0.3400000000000001,8.92,1.71,7.789999999999999,1.29,0.6000000000000001,10.05,0.78,5.7,2.41,0.5225,14.84,-0.44,0.0286999999999999,0.6500000000000001,0.4954999999999999,0.567,3.8,2.1,0.353,3.2,0.459,1.1,5.7,0.9,0.7,0.2,0.8,0.2,7.7,1.7,0.1,0.468,6.9,3.3,0.818,2.8,2.3,0.396,16.0,23.3,0.5,2.6,0.6,0.8,14.0,1.8,9.9,0.8,0.4,5.1,0.4,5.1,2.3,0.606,16.0,0.2,0.115,0.9,0.55,0.6450542006,0.3,22.665438552041845,1.3692470313358989,0.0,0.64,4.67,0.25446890537415395
elfrid payton,NYK,PG,2021,1,0,26.0,1,0.0148,0.4698,8.07,3.8,0.2667,1.75,0.1770999999999999,0.45,29.08,5.28,0.91,0.25,-1.78,-0.0699999999999999,12.53,3.1,1.49,0.4345,9.85,4.3,0.6606000000000001,1.7799999999999998,1.19,0.1805,53.4,26.07,-1.71,4.46,1.1,-0.18,13.45,1.88,10.17,1.93,1.0299999999999998,15.68,1.97,8.5,4.15,0.4804,21.11,0.0199999999999999,0.0471,1.31,0.459,0.0,2.5,0.0,0.0,0.0,0.0,0.0,10.7,0.5,0.0,0.0,-13.0,0.0,0.0,0.0,0.0,0.0,2.5,0.0,0.5,1.0,0.5,0.4,2.0,6.5,-13.1,0.0,0.0,-0.1,-8.8,0.5,0.5,3.9,0.5,0.0,0.0,0.0,0.0,0.085,20.1,0.0,-0.298,-0.1,0.0,0.7274390244,0.0,26.0382222184127,1.0848107018508335,0.0,-0.0199999999999999,-11.22,0.00925176032532036
nemanja bjelica,MIA,PF,2021,1,0,32.0,1,0.0148,0.5496000000000001,3.76,2.08,0.3649,3.13,0.4506,1.18,14.73,2.17,1.5099999999999998,0.3699999999999999,-0.38,-0.15,18.98,3.56,1.1,0.4670999999999999,6.92,3.26,0.7609999999999999,1.2999999999999998,0.98,0.1997,55.5,21.06,-0.2599999999999999,5.93,1.17,1.81,14.24,2.32,8.62,1.33,0.6100000000000001,12.6,1.09,12.35,4.78,0.5746,17.6,0.83,0.098,2.94,0.5496,0.333,1.5,0.5,0.5,4.0,0.727,2.0,12.1,1.0,3.0,0.5,10.1,3.7,13.5,2.0,0.0,0.455,5.5,2.5,0.667,3.0,2.0,0.545,2.0,15.0,6.4,3.1,0.5,0.1,22.1,2.5,9.0,3.2,1.0,0.0,0.0,8.1,2.5,0.66,20.0,0.1,0.221,0.1,0.636,0.7447493224999999,0.0,21.06637346542208,1.271806111416529,0.0,-0.73,10.48,0.0250243987888191
stanley johnson,TOR,PF,2021,1,0,24.0,1,0.0079,0.4545,1.9,0.87,0.3092,2.06,0.5139,0.62,13.94,1.25,1.88,0.25,-2.44,1.2,16.61,1.92,0.96,0.3807,3.96,1.54,0.7251,0.8300000000000001,0.63,0.2283,51.2,13.71,-3.69,3.65,0.44,-0.36,9.29,1.47,4.300000000000001,2.3,0.6900000000000001,17.189999999999998,0.87,10.04,2.36,0.4927,17.51,-0.05,0.0324,0.6,0.4609,0.5,2.0,1.0,0.4,1.7,0.455,0.7,54.6,2.0,0.0,0.0,3.2,0.7,16.5,1.0,0.0,0.455,3.7,1.7,1.0,0.3,0.3,0.091,3.0,6.7,2.4,5.3,0.3,0.1,22.9,1.0,4.3,0.0,0.0,8.0,0.3,10.8,1.3,0.568,27.4,0.0,0.249,0.1,0.545,0.6887533874,0.2,13.69772571599861,1.3692470313358989,0.0,0.05,5.640000000000001,0.027837330275381825
raul neto,WAS,PG,2021,1,1,28.0,1,0.0148,0.513,3.49,1.81,0.3774,2.1,0.3769,0.78,18.83,2.19,0.5800000000000001,0.1,-0.9000000000000001,0.43,9.81,1.57,0.95,0.4625,5.609999999999999,2.62,0.8595999999999999,1.1,0.97,0.1996,55.6,17.23,-1.28,1.87,0.3,1.0,13.01,1.38,6.94,1.99,0.75,13.13,0.8500000000000001,5.87,1.87,0.5691999999999999,17.310000000000002,0.29,0.0966,1.98,0.5335000000000001,0.3255,2.84,1.01,0.2535,2.31,0.4207,0.7,10.5,1.01,0.0,0.0,-6.0600000000000005,-2.14,11.14,1.45,0.0,0.3097999999999999,5.15,1.71,0.4,0.5,0.4,0.0735,3.7,16.439999999999998,-3.94,1.4,0.3,-0.02,4.5,1.24,4.54,0.97,0.35,4.35,0.25,6.09,1.75,0.3876,14.55,-0.07,-0.0481,-0.07,0.3726,0.7596883469,0.0,17.231325825645648,1.4260153106102254,0.0,-0.36,-5.16,0.05970459827878635
malik monk,CHO,SG,2021,1,0,22.0,0,0.0148,0.4903,4.51,2.21,0.3517,4.51,0.5035000000000001,1.63,15.69,2.0,0.9,0.2,-2.19,-1.73,11.35,2.1100000000000003,0.57,0.4246,9.02,3.84,0.8319,1.67,1.39,0.1863,52.1,20.28,-0.4900000000000001,1.83,0.3399999999999999,0.1999999999999999,12.94,1.2400000000000002,10.72,1.16,0.5,11.83,1.31,6.470000000000001,2.45,0.5470999999999999,23.69,-0.09,0.0378,0.77,0.5142,0.4903,4.51,2.21,0.3517,4.51,0.5035000000000001,1.63,15.69,2.0,0.9,0.2,-2.19,-1.73,11.35,2.1100000000000003,0.57,0.4246,9.02,3.84,0.8319,1.67,1.39,0.1863,52.1,20.28,-0.4900000000000001,1.83,0.3399999999999999,0.1999999999999999,12.94,1.2400000000000002,10.72,1.16,0.5,11.83,1.31,6.470000000000001,2.45,0.5470999999999999,23.69,-0.09,0.0378,0.77,0.5142,0.6988821136000001,0.0,20.280965268299827,1.108582957669049,0.0,0.0,0.0,0.5
ryan arcidiacono,CHI,PG,2021,1,0,26.0,0,0.0049,0.4770999999999999,1.47,0.69,0.3784,2.01,0.5784,0.77,16.22,1.82,0.13,0.03,-2.37,0.14,13.07,1.66,0.5900000000000001,0.4216,3.53,1.49,0.7129000000000001,0.72,0.52,0.1862,55.6,14.74,-2.51,1.59,0.2,1.02,9.92,1.48,4.24,1.24,0.41,10.15,0.44,7.32,1.86,0.5534,12.64,-0.0399999999999999,0.0857999999999999,1.61,0.5314,0.4770999999999999,1.47,0.69,0.3784,2.01,0.5784,0.77,16.22,1.82,0.13,0.03,-2.37,0.14,13.07,1.66,0.5900000000000001,0.4216,3.53,1.49,0.7129000000000001,0.72,0.52,0.1862,55.6,14.74,-2.51,1.59,0.2,1.02,9.92,1.48,4.24,1.24,0.41,10.15,0.44,7.32,1.86,0.5534,12.64,-0.0399999999999999,0.0857999999999999,1.61,0.5314,0.7447831979,0.3,14.771369915080207,1.2471932655305114,0.0,0.0,0.0,0.5
luke kornet,BOS,C,2021,1,1,25.0,1,0.005,0.621,1.76,1.03,0.2857,2.69,0.6017999999999999,0.8200000000000001,9.4,0.91,6.470000000000001,0.89,0.44,0.88,15.29,1.82,0.57,0.4253,4.45,1.85,0.6294,0.54,0.39,0.1071,35.5,13.65,-0.39,4.15,0.55,0.37,13.42,0.93,4.9,0.91,0.26,6.65,0.32,9.64,2.37,0.5234000000000001,15.32,0.34,0.0914,0.96,0.5117,1.0,0.5,0.5,0.0,0.0,0.0,0.0,0.0,0.0,0.0,0.0,6.0,0.2,73.5,1.5,0.0,1.0,0.5,0.5,0.5,1.0,0.5,2.0,2.0,2.5,5.8,0.0,0.0,0.0,27.3,0.0,1.5,0.0,0.0,0.0,0.0,34.7,1.5,0.798,15.9,0.0,0.212,0.0,1.0,0.4774729,0.3,13.667028244863252,1.2408447956752795,0.0,-0.34,5.56,0.01021293979471991
isaac bonga,WAS,SF,2021,1,0,21.0,1,0.0148,0.4613,1.42,0.6599999999999999,0.2440999999999999,1.01,0.4292999999999999,0.27,8.600000000000001,0.8,1.84,0.23,-4.699999999999999,0.41,12.69,1.43,0.42,0.3666,2.35,0.98,0.6761,0.63,0.43,0.2494,44.2,12.17,-5.109999999999999,5.58,0.66,0.0999999999999999,6.26,1.6,2.68,1.81,0.44,18.27,0.63,9.12,2.09,0.4609,11.54,-0.31,0.0081,0.52,0.4233,0.0,0.5,0.0,0.0,0.8,0.6,0.0,0.0,0.0,8.1,0.3,-20.0,-6.2,0.0,0.0,0.0,0.0,1.3,0.0,0.0,0.0,0.0,0.0,4.0,2.5,-13.8,0.0,0.0,-0.1,-15.3,0.0,0.0,0.0,0.0,0.0,0.0,0.0,0.0,0.0,20.9,0.0,-0.497,-0.1,0.0,0.6064363147,0.0,12.171225379886364,1.4260153106102254,0.0,0.31,-15.3,0.018251039396693643
juwan morgan,UTA,PF,2021,1,0,23.0,1,0.0002,0.617625,0.7124999999999999,0.4125,0.333125,0.4,0.386125,0.1,7.324999999999999,0.3,0.825,0.0375,-2.6375,0.6375000000000001,13.849999999999998,0.7749999999999999,0.1625,0.50825,1.075,0.575,0.549375,0.2,0.1,0.203375,26.0,5.5875,-3.275,7.4375,0.375,0.1375,9.1,0.7749999999999999,1.3874999999999995,0.9625,0.0625,13.425,0.175,10.775,1.15,0.5736249999999999,10.9375,0.0,0.105375,0.3,0.57125,0.1874999999999999,0.1124999999999999,0.0375,0.075,0.5249999999999999,0.0,0.1124999999999999,15.3375,0.575,0.0,0.0,0.1500000000000003,0.95,19.125,1.1,0.0,0.0937499999999999,0.6374999999999998,0.15,0.1248749999999999,0.3374999999999999,0.1124999999999999,0.0,3.875,6.4875,-0.7999999999999998,15.7375,0.6499999999999999,0.0,9.15,0.9125,0.5249999999999999,0.4499999999999999,0.1124999999999999,2.4,0.0375,17.4875,1.7499999999999998,0.12825,3.1875,0.0,0.11725,0.0,0.1248749999999999,0.3611111113749999,0.0,5.571306446305419,1.3374481491662085,0.0,0.0,2.7875000000000005,0.14751753541466098
garrison mathews,WAS,SG,2021,1,0,24.0,1,0.0178,0.52375,0.6,0.3,0.394875,2.9125,0.82975,1.1625,4.1125,0.475,0.525,0.1,-1.5375,-0.2499999999999999,7.875,1.0625,0.4125,0.4165,3.475,1.4249999999999998,0.8945,1.65,1.4499999999999995,0.4782499999999999,46.75,14.849999999999998,-1.2875,2.05,0.3,1.2875,10.974999999999998,1.7374999999999998,5.4625,1.4125,0.4625,5.975,0.275,4.925,1.3624999999999998,0.6559999999999999,12.625,0.1,0.116625,1.6625,0.5804999999999999,0.0,0.0,0.0,0.0,1.3,1.0,0.0,0.0,0.0,0.0,0.0,-13.7,-2.7,13.3,0.7,0.0,0.0,1.3,0.0,0.8,1.7,1.3,1.25,3.0,5.7,-11.1,0.0,0.0,0.0,-2.6,1.3,1.3,0.0,0.0,0.0,0.0,6.4,0.7,0.323,15.3,-0.1,-0.11,0.0,0.0,0.649305555625,0.0,14.873677304296876,1.4260153106102254,0.0,-0.2,-12.1625,0.024039221888344144
armoni brooks,HOU,SG,2021,1,1,22.0,0,0.0022,0.514,1.8,0.9,0.382,7.9,0.818,3.0,8.7,1.5,0.9,0.3,-3.2,-2.1,12.4,2.9,0.2,0.406,9.6,3.9,0.583,0.6,0.4,0.063,20.0,26.0,-1.1,2.0,0.5,0.1,10.4,1.7,11.2,1.1,0.6,10.0,1.1,7.0,3.4,0.565,17.9,-0.2,0.03,0.3,0.563,0.514,1.8,0.9,0.382,7.9,0.818,3.0,8.7,1.5,0.9,0.3,-3.2,-2.1,12.4,2.9,0.2,0.406,9.6,3.9,0.583,0.6,0.4,0.063,20.0,26.0,-1.1,2.0,0.5,0.1,10.4,1.7,11.2,1.1,0.6,10.0,1.1,7.0,3.4,0.565,17.9,-0.2,0.03,0.3,0.563,0.277777778,0.0,26.018,1.2100583104269744,0.0,0.0,0.0,0.5
amir coffey,LAC,SG,2021,1,1,23.0,1,0.0014,0.47475,1.4,0.6499999999999999,0.3753749999999999,1.225,0.472,0.425,9.2375,0.6125,0.4125,0.0375,-2.7875,-0.025,8.725,0.7625,0.2625,0.432875,2.5625,1.1124999999999998,0.6487499999999999,0.7875,0.4875,0.307125,34.25,8.925,-2.8,2.825,0.2,0.25,9.5,0.85,3.2,1.375,0.2375,11.4375,0.3375,5.887499999999999,0.9625,0.5505,16.0375,-0.0375,0.0685,0.475,0.5235,0.416875,0.4499999999999999,0.125,0.625,0.175,0.2811249999999999,0.0625,31.599999999999994,0.5499999999999999,0.0,0.0,8.125,4.975,8.9375,0.125,0.0,0.46875,0.625,0.1875,0.3749999999999999,0.3249999999999999,0.2624999999999999,0.406375,7.375,1.8625,3.2124999999999995,0.0,0.0,0.0,19.3375,0.0,0.7,4.625,0.175,11.5,0.0625,4.5,0.125,0.58925,18.9875,0.0,0.11025,0.0,0.546875,0.475694444375,0.0,8.916908143939393,1.5224702034084665,0.0,0.0375,10.9125,0.04300312581019141
caleb martin,CHO,SF,2021,1,0,25.0,0,0.0046999999999999,0.44575,2.5375,1.0875,0.3578749999999999,2.2875,0.47,0.7875,11.35,1.2999999999999998,1.6875,0.275,-2.5,0.35,13.0,1.9125,0.6375,0.399375,4.762499999999999,1.9125,0.704375,1.2,0.8374999999999999,0.25,39.875,16.225,-2.85,3.7375,0.6,-0.1375,10.4375,1.4249999999999998,5.449999999999999,2.0875,0.7,11.7125,0.675,8.25,2.475,0.5137499999999999,16.0625,-0.15,0.0491249999999999,0.5,0.4825,0.44575,2.5375,1.0875,0.3578749999999999,2.2875,0.47,0.7875,11.35,1.2999999999999998,1.6875,0.275,-2.5,0.35,13.0,1.9125,0.6375,0.399375,4.762499999999999,1.9125,0.704375,1.2,0.8374999999999999,0.25,39.875,16.225,-2.85,3.7375,0.6,-0.1375,10.4375,1.4249999999999998,5.449999999999999,2.0875,0.7,11.7125,0.675,8.25,2.475,0.5137499999999999,16.0625,-0.15,0.0491249999999999,0.5,0.4825,0.553819444375,0.0,16.250993186281445,1.108582957669049,0.0,0.0,0.0,0.5
killian tillie,MEM,C,2021,1,1,22.0,0,0.0169,0.375,1.3,0.5,0.303,1.8,0.579,0.6,5.6,0.4,4.0,0.4,-3.7,-0.3,10.6,1.0,0.2,0.333,3.2,1.1,0.818,0.6,0.5,0.193,18.0,10.1,-3.4,3.5,0.3,0.0,8.5,1.1,3.2,1.3,0.3,3.1,0.1,7.0,1.3,0.461,14.8,-0.1,0.055,0.2,0.421,0.375,1.3,0.5,0.303,1.8,0.579,0.6,5.6,0.4,4.0,0.4,-3.7,-0.3,10.6,1.0,0.2,0.333,3.2,1.1,0.818,0.6,0.5,0.193,18.0,10.1,-3.4,3.5,0.3,0.0,8.5,1.1,3.2,1.3,0.3,3.1,0.1,7.0,1.3,0.461,14.8,-0.1,0.055,0.2,0.421,0.25,0.0,10.098333333333334,1.0628010078797874,0.0,0.0,0.0,0.5
trent forrest,UTA,PG,2021,1,1,22.0,1,0.0001,0.6,1.5,0.9,0.192,0.9,0.366,0.2,19.9,1.5,1.1,0.1,-1.3,1.2,11.1,1.1,0.4,0.451,2.4,1.1,1.0,0.6,0.6,0.268,30.0,10.1,-2.5,4.0,0.4,0.3,11.2,0.7,2.9,1.5,0.3,20.9,0.7,7.7,1.5,0.554,14.3,0.1,0.106,0.7,0.486,0.5,1.0,0.5,0.0,0.0,0.0,0.0,0.0,0.0,0.0,0.0,-6.9,-4.2,0.0,0.0,0.0,0.5,1.0,0.5,0.0,0.0,0.0,0.0,4.0,2.5,-2.7,0.0,0.0,0.0,7.9,0.0,1.0,0.0,0.0,0.0,0.0,0.0,0.0,0.5,17.7,0.0,-0.046,0.0,0.5,0.416666667,0.0,10.06711111,1.3374481491662085,0.0,-0.1,-5.6000000000000005,0.03194888178913738
rayjon tucker,PHI,PG,2021,1,1,23.0,1,0.0003,0.6427499999999999,0.9875,0.6499999999999999,0.2447499999999999,0.6499999999999999,0.39125,0.1375,9.275,0.3625,0.1874999999999999,0.0375,-4.4125,-1.075,14.1375,0.7749999999999999,0.1,0.4868749999999999,1.6375,0.75,0.7703749999999999,1.325,1.0,0.860625,16.25,6.1,-3.3,1.7875,0.1375,0.1,13.075,0.5625,2.6625,0.9875,0.1,13.162499999999998,0.3375,8.112499999999999,0.875,0.6221249999999999,18.225,-0.075,0.127375,0.2,0.535,0.5,1.0,0.5,0.333,1.5,0.6,0.5,0.0,0.0,0.0,0.0,-13.2,-5.1,0.0,0.0,0.0,0.4,2.5,1.0,0.0,0.0,0.0,0.0,2.0,5.5,-8.1,0.0,0.0,0.0,1.6,0.5,2.5,0.0,0.0,16.7,0.5,0.0,0.0,0.5,25.5,0.0,-0.181,0.0,0.5,0.2256944442499999,0.0,6.069566963660714,1.4332887025838372,0.0,0.075,-8.7875,0.09988649262202043
bradley beal,WAS,SG,2022,5,1,28.0,1,0.35,0.5175000000000001,14.92,7.729999999999999,0.3253,6.19,0.2908,2.0600000000000005,27.69,5.84,0.92,0.4,2.0,-1.5,10.920000000000002,3.61,0.98,0.4619999999999999,21.130000000000003,9.79,0.8515999999999999,6.46,5.5,0.3013,49.4,35.94,3.5,3.12,1.04,2.46,20.2,2.33,27.090000000000003,1.37,1.05,12.26,3.31,7.03,4.6,0.5631999999999999,32.51,1.87,0.0862,3.49,0.5096,0.538,18.2,9.8,0.219,6.4,0.26,1.4,19.3,4.2,1.2,0.6,1.6,-2.3,14.5,5.0,0.0,0.455,24.6,11.2,0.861,7.2,6.2,0.293,5.0,39.0,3.9,3.2,1.2,-0.1,17.5,1.2,30.0,1.0,0.8,12.6,4.0,8.7,6.2,0.54,34.1,0.2,-0.01,0.0,0.484,0.6522357723,0.3,35.92571461938597,1.6350416851993523,0.0,-1.6700000000000002,-0.3999999999999999,0.09896286913150186
zach lavine,CHI,SG,2022,5,1,26.0,1,0.3,0.5377000000000001,11.01,5.95,0.3962,7.63,0.4088,3.04,21.76,4.5600000000000005,1.07,0.4,2.9,-1.15,13.74,4.29,1.63,0.4800999999999999,18.67,8.940000000000001,0.8416,5.449999999999999,4.62,0.2933,62.9,34.84,4.08,1.57,0.47,3.81,20.33,2.06,25.52,1.18,0.8400000000000001,12.43,3.03,7.61,4.76,0.6063000000000001,30.04,2.71,0.1196,5.470000000000001,0.561,0.462,9.8,4.5,0.375,6.0,0.381,2.3,27.0,6.0,0.6,0.3,1.8,0.6,15.0,5.3,0.2,0.429,15.8,6.8,0.933,3.8,3.5,0.238,4.0,38.3,1.3,0.0,0.0,0.0,13.8,2.3,19.3,0.9,0.8,14.7,3.0,6.9,5.3,0.553,23.4,0.1,0.045,0.1,0.5,0.8168699188999999,0.2,34.84384419206553,1.3618736545270165,0.0,-2.61,-1.0999999999999999,0.06534063283170607
deandre ayton,PHO,C,2022,4,1,23.0,1,0.25,0.6233,11.68,7.23,0.2902,0.3,0.0267999999999999,0.1,7.779999999999999,1.5,2.89,1.01,1.84,0.2499999999999999,26.700000000000003,7.53,2.8,0.6140000000000001,11.98,7.3,0.7543,2.41,1.83,0.209,57.3,30.46,1.59,11.12,3.0700000000000003,3.94,21.04,2.66,16.560000000000002,1.05,0.6699999999999999,11.239999999999998,1.67,19.07,10.55,0.6375,20.9,1.7000000000000002,0.183,6.79,0.6178,0.64925,11.6625,7.5625,0.3125,0.1875,0.015,0.125,7.574999999999999,1.475,2.55,0.9125,3.375,0.4624999999999999,24.55,7.3,0.6874999999999999,0.6467499999999999,11.85,7.6875,0.6735,2.4625,1.6749999999999998,0.210375,16.375,32.7125,2.9125,10.0875,2.6875,1.4625,22.0,2.7125,17.1125,0.7875,0.55,9.675,1.4249999999999998,17.6625,9.9875,0.660875,20.425,0.75,0.1805,2.1499999999999995,0.6505,0.7467140919999999,0.0,30.465076915489625,1.5639224384863095,0.0,-0.9500000000000002,1.535,0.23483615631929536
jalen brunson,DAL,SG,2022,4,0,25.0,1,0.2243,0.5488999999999999,7.63,4.16,0.3796,2.89,0.2825,1.12,23.94,4.109999999999999,0.14,0.02,0.54,-0.38,12.04,3.0,1.8,0.5011,10.52,5.28,0.8210999999999999,2.27,1.91,0.2163999999999999,71.3,27.03,0.92,1.95,0.45,3.94,16.66,1.69,13.57,1.15,0.63,10.86,1.4,7.029999999999999,3.45,0.5874999999999999,21.09,1.37,0.1346,5.699999999999999,0.5553,0.4845,9.8375,4.875,0.3901249999999999,3.3375,0.26125,1.2125,17.6375,2.8375,0.0625,0.0625,0.975,-1.1,12.9,3.0125,0.1875,0.461875,13.175,6.15,0.7883749999999999,3.8375,3.025,0.2912499999999999,13.875,27.925,2.075,3.925,0.8374999999999999,0.8875,18.3,1.65,16.5,0.75,0.5,5.9625,0.9125,8.325,3.85,0.55675,25.4,0.4125,0.1035,1.075,0.513625,0.9233739836,0.2,27.048652878554496,1.6020279591509954,0.0,-0.9575000000000001,0.43499999999999994,0.16739087009554757
anfernee simons,POR,SG,2022,4,1,22.0,1,0.1805,0.4555,4.550000000000001,2.19,0.3967,5.86,0.5728,2.34,16.36,2.65,0.5,0.1,-1.5499999999999998,-2.21,9.82,2.06,0.06,0.427,10.43,4.5,0.8513,1.53,1.33,0.1499999999999999,61.7,24.08,0.6099999999999999,1.55,0.39,1.45,13.14,1.7799999999999998,12.65,0.8700000000000001,0.42,10.63,1.39,5.59,2.4000000000000004,0.5686,21.630000000000003,0.1599999999999999,0.0519,1.53,0.542,0.3242,1.92,0.5,0.5382,3.2,0.6472,1.6800000000000002,11.02,1.48,0.54,0.12,2.52,0.2,13.38,2.3200000000000003,0.04,0.4592,5.12,2.18,0.3332,0.6000000000000001,0.52,0.0924,5.199999999999999,18.880000000000003,2.32,2.5,0.42,0.18,13.32,1.32,6.62,1.9,0.78,7.200000000000001,0.52,7.999999999999999,2.74,0.6564,13.24,0.16,0.0928,0.22,0.6372,0.8086720866,0.0,24.062319237790568,1.3475274876794705,0.0,1.1102230246251565e-16,4.07,0.061983241493214276
luguentz dort,OKC,SG,2022,5,1,22.0,1,0.1235999999999999,0.4689,5.76,2.7,0.3283,6.3,0.5166000000000001,2.0700000000000003,7.859999999999999,1.52,0.91,0.34,-2.94,-0.54,10.04,2.89,1.01,0.3969,12.01,4.77,0.8030999999999999,3.1100000000000003,2.53,0.2572,48.3,29.770000000000003,-2.35,2.56,0.7,-0.0599999999999999,10.7,2.77,14.16,1.4300000000000002,0.9000000000000001,9.58,1.42,6.27,3.64,0.5256000000000001,20.98,-0.31,0.0331,0.95,0.4816,0.538,4.3,2.3,0.26,8.3,0.658,2.2,5.7,1.0,4.2,1.0,-5.0,0.0,9.8,2.8,0.2,0.355,12.7,4.5,0.533,2.5,1.3,0.197,6.0,29.2,-4.9,3.1,0.8,-0.5,4.4,4.2,12.5,0.5,0.3,15.4,2.5,6.6,3.7,0.454,24.0,-0.1,-0.072,-0.3,0.441,0.6276422766,0.0,29.787488118903973,1.3827248118561746,0.0,0.21,-2.06,0.10861135546599664
collin sexton,CLE,SG,2022,4,0,23.0,0,0.1334,0.5216000000000001,11.56,6.01,0.3093,4.15,0.2677,1.28,15.75,2.97,0.18,0.08,-2.47,-1.34,7.550000000000001,2.1500000000000004,0.5,0.4619,15.71,7.32,0.7857,4.49,3.5600000000000005,0.2823,36.5,31.54,-1.15,3.82,1.08,1.0000000000000002,14.26,2.37,19.45,1.52,0.95,13.6,2.72,5.68,3.2,0.5454,28.3,0.22,0.0309,1.5,0.5025999999999999,0.5216000000000001,11.56,6.01,0.3093,4.15,0.2677,1.28,15.75,2.97,0.18,0.08,-2.47,-1.34,7.550000000000001,2.1500000000000004,0.5,0.4619,15.71,7.32,0.7857,4.49,3.5600000000000005,0.2823,36.5,31.54,-1.15,3.82,1.08,1.0000000000000002,14.26,2.37,19.45,1.52,0.95,13.6,2.72,5.68,3.2,0.5454,28.3,0.22,0.0309,1.5,0.5025999999999999,0.497628726,0.0,31.552215326188808,1.374930578041881,0.0,0.0,0.0,0.5
jusuf nurkic,POR,C,2022,4,1,27.0,1,0.1264,0.5487499999999998,9.1375,5.05,0.3175,0.925,0.0918749999999999,0.3,18.4,3.0249999999999995,2.8125,0.7875,1.125,0.7999999999999999,31.8875,7.5375,1.5125,0.5271250000000001,10.0625,5.2875,0.6633749999999999,4.1625,2.775,0.4065,48.875,26.55,0.3249999999999999,10.825,2.7375,1.7,20.1875,3.175,13.6875,1.975,1.0625,16.375,2.375,21.0125,10.3125,0.574,23.1125,0.9375,0.118625,3.15,0.542,0.5392,8.66,4.640000000000001,0.2292,1.36,0.1318,0.36,15.4,3.0600000000000005,2.46,0.8,-0.0399999999999999,0.14,27.22,7.42,0.14,0.5026,10.08,5.0,0.7452000000000001,4.359999999999999,3.24,0.4346,5.6,30.160000000000004,-0.1199999999999999,11.02,2.92,0.22,16.9,4.68,13.599999999999998,1.34,0.8599999999999999,16.98,2.42,19.22,10.34,0.5704,20.82,0.1,0.0938,0.36,0.519,0.5178523034,0.0,27.558006836090733,1.3475274876794705,0.0,-0.8375,-1.1649999999999998,0.11516731107451293
james harden,PHI,PG,2022,2,1,32.0,1,0.2669,0.5151,8.91,4.6,0.3446,8.21,0.4739,2.87,40.65,9.89,1.61,0.72,6.08,0.7700000000000001,19.23,6.63,2.5,0.4336,17.119999999999997,7.470000000000001,0.8698,8.65,7.529999999999999,0.5076,59.3,36.88,5.33,2.63,0.8400000000000001,6.0200000000000005,23.62,2.55,25.24,1.79,1.37,17.28,4.300000000000001,11.1,7.540000000000001,0.6021,29.38,4.42,0.1891999999999999,8.52,0.5155000000000001,0.5386,6.67,3.56,0.3598,7.300000000000001,0.5264,2.62,35.69,8.419999999999998,1.7000000000000002,0.72,5.5600000000000005,0.6799999999999999,14.75,5.0,0.52,0.4397,14.0,6.18,0.8864,7.16,6.3,0.5115000000000001,11.1,38.15,4.85,2.81,0.89,1.0499999999999998,21.07,2.7,21.28,1.59,1.21,17.96,3.73,8.95,5.859999999999999,0.6211,25.14,0.78,0.1855,1.57,0.5347,0.7685636856,0.0,36.88388163534553,1.4623786716956964,0.0,-3.6399999999999997,-0.5199999999999996,0.16221921975874648
mitchell robinson,NYK,C,2022,4,1,23.0,0,0.1378,0.7248,5.23,3.73,0.0,0.0,0.0,0.0,3.25,0.52,6.65,1.75,2.04,1.33,18.56,4.4,2.51,0.7248,5.23,3.73,0.5039,2.24,1.12,0.4411,57.5,25.72,0.7300000000000001,15.49,3.73,4.15,20.36,2.83,8.68,1.79,0.91,11.31,0.76,16.99,8.129999999999999,0.6988,11.9,1.57,0.2141,6.63,0.7248,0.7248,5.23,3.73,0.0,0.0,0.0,0.0,3.25,0.52,6.65,1.75,2.04,1.33,18.56,4.4,2.51,0.7248,5.23,3.73,0.5039,2.24,1.12,0.4411,57.5,25.72,0.7300000000000001,15.49,3.73,4.15,20.36,2.83,8.68,1.79,0.91,11.31,0.76,16.99,8.129999999999999,0.6988,11.9,1.57,0.2141,6.63,0.7248,0.7376355012,0.0,25.716630821468502,1.3366980180404575,0.0,0.0,0.0,0.5
bobby portis,MIL,C,2022,4,1,26.0,1,0.0877,0.5277000000000001,6.93,3.63,0.4094,3.63,0.3363,1.4300000000000002,7.640000000000001,1.23,1.95,0.53,0.3299999999999999,-0.8400000000000001,23.87,5.64,2.1,0.4864,10.56,5.109999999999999,0.7506,1.41,1.06,0.1332,69.0,24.56,1.14,8.969999999999999,2.06,2.47,17.740000000000002,2.05,12.739999999999998,1.41,0.69,8.989999999999998,1.11,16.549999999999997,7.699999999999999,0.5709,21.200000000000003,0.97,0.1284,4.57,0.5544,0.5093749999999999,5.4375,2.725,0.3159999999999999,3.4125,0.384625,1.0875,4.7375,0.725,1.2624999999999995,0.3375,0.0624999999999999,-0.1875,27.25,6.2125,0.7,0.434625,8.85,3.8125,0.753125,1.6124999999999998,1.2125,0.181625,15.0,22.3625,0.2124999999999999,9.125,1.95,0.1874999999999999,14.975,1.975,9.925,1.2125,0.5125,9.1125,1.0,18.35,8.125,0.5217499999999999,20.25,0.175,0.12275,0.825,0.4948749999999999,0.8973577235,0.0,24.54560858838384,1.6176744444642126,0.0,-0.7949999999999999,-0.2675,0.16523383959479382
marvin bagley,DET,PF,2022,3,1,22.0,0,0.1011,0.5565,8.56,4.710000000000001,0.2578,2.09,0.2009,0.5800000000000001,5.32,0.8600000000000001,1.86,0.53,-2.78,-1.99,22.5,4.96,0.66,0.4966,10.63,5.26,0.6652,2.46,1.62,0.2321,39.5,24.91,-0.81,9.87,2.29,0.87,15.86,2.3,12.72,0.9000000000000001,0.5,8.43,1.1,16.03,7.220000000000001,0.5441,22.11,-0.16,0.0699,1.5,0.5234,0.5565,8.56,4.710000000000001,0.2578,2.09,0.2009,0.5800000000000001,5.32,0.8600000000000001,1.86,0.53,-2.78,-1.99,22.5,4.96,0.66,0.4966,10.63,5.26,0.6652,2.46,1.62,0.2321,39.5,24.91,-0.81,9.87,2.29,0.87,15.86,2.3,12.72,0.9000000000000001,0.5,8.43,1.1,16.03,7.220000000000001,0.5441,22.11,-0.16,0.0699,1.5,0.5234,0.5079607048,0.2,24.83241755656902,1.1357437062999272,0.0,0.0,0.0,0.5
chris boucher,TOR,SF,2022,3,1,29.0,1,0.1026,0.584,4.4,2.58,0.3278,3.0,0.4035,1.02,4.13,0.56,5.89,1.22,1.44,0.18,21.68,3.93,2.19,0.4806,7.35,3.6,0.7817000000000001,2.54,2.0,0.3480999999999999,70.4,20.450000000000003,1.26,10.82,2.04,3.37,19.66,2.3,10.1,1.3199999999999998,0.56,6.49,0.59,16.07,6.01,0.5926,18.99,1.21,0.1896,5.59,0.5469999999999999,0.577,3.4714285714285715,2.3857142857142857,0.4000000000000001,1.9857142857142855,0.385,0.8,1.842857142857143,0.1714285714285714,5.642857142857143,0.9428571428571428,1.7285714285714282,-0.3428571428571429,23.81428571428572,3.085714285714286,0.0285714285714285,0.5201428571428572,5.457142857142857,3.185714285714285,0.6428571428571429,1.2428571428571429,1.0714285714285714,0.1959999999999999,6.285714285714287,17.242857142857144,2.0,9.542857142857144,1.542857142857143,0.3285714285714285,18.728571428571428,1.7714285714285716,8.314285714285715,0.2857142857142857,0.1428571428571428,5.214285714285714,0.2428571428571428,16.142857142857146,4.628571428571429,0.6157142857142857,16.014285714285716,0.1142857142857143,0.153,0.4285714285714285,0.5968571428571429,0.9100271001,0.0,20.46725087407258,1.3277720390698668,0.0,-1.0957142857142856,0.28857142857142826,0.07001241313704336
pj tucker,MIA,PF,2022,3,0,36.0,1,0.0848,0.5146000000000001,2.34,1.25,0.3799,2.88,0.5675,1.09,8.21,1.73,1.03,0.32,-1.3099999999999998,0.97,14.91,3.89,2.05,0.4369,5.2,2.34,0.7565999999999999,0.74,0.52,0.1415,65.5,28.64,-2.26,5.01,1.32,1.55,8.96,2.51,6.29,1.45,0.8600000000000001,14.35,0.89,9.97,5.24,0.5613,9.75,0.46,0.0863,3.6,0.5425,0.5083,2.47,1.25,0.3967,3.3,0.5668,1.31,7.209999999999999,1.5300000000000002,0.81,0.24,0.3500000000000001,1.55,14.66,3.72,0.77,0.4435,5.8,2.59,0.569,0.51,0.3299999999999999,0.0858,18.3,29.93,-1.1800000000000002,7.300000000000001,1.96,0.61,10.21,3.17,6.82,1.48,0.92,10.18,0.6699999999999999,10.83,5.73,0.5612999999999999,9.88,0.27,0.122,1.36,0.554,0.8495934961,0.0,28.623255193147347,1.3589592132652517,0.0,-0.19,1.66,0.22599033932033608
cody martin,CHO,SF,2022,4,1,26.0,0,0.0566,0.5347000000000001,3.14,1.69,0.3216,1.7500000000000002,0.3550999999999999,0.62,13.510000000000002,2.16,1.4,0.35,-1.27,0.76,13.1,2.58,1.1800000000000002,0.4593,4.94,2.31,0.6539999999999999,1.27,0.8800000000000001,0.258,60.7,21.8,-2.03,5.13,1.06,1.3,11.63,1.4200000000000002,6.050000000000001,2.22,0.97,13.75,0.8700000000000001,9.06,3.59,0.5405,12.52,0.35,0.0792,2.48,0.5168,0.5347000000000001,3.14,1.69,0.3216,1.7500000000000002,0.3550999999999999,0.62,13.510000000000002,2.16,1.4,0.35,-1.27,0.76,13.1,2.58,1.1800000000000002,0.4593,4.94,2.31,0.6539999999999999,1.27,0.8800000000000001,0.258,60.7,21.8,-2.03,5.13,1.06,1.3,11.63,1.4200000000000002,6.050000000000001,2.22,0.97,13.75,0.8700000000000001,9.06,3.59,0.5405,12.52,0.35,0.0792,2.48,0.5168,0.7829268295,0.0,21.798569133814556,1.2992121977689612,0.0,0.0,0.0,0.5
tyus jones,MEM,PG,2022,2,1,25.0,1,0.1213,0.488,4.51,2.18,0.3671,2.38,0.345,0.87,29.08,4.19,0.25,0.05,1.21,0.56,10.2,1.89,1.41,0.4466,6.89,3.05,0.8305,0.81,0.6699999999999999,0.1197,70.5,19.65,0.65,1.25,0.21,2.53,15.89,0.46,7.72,2.19,0.9000000000000001,8.81,0.6699999999999999,5.66,2.12,0.5317000000000001,16.72,1.13,0.1354,3.99,0.5103,0.3874999999999999,3.7875,1.5,0.34375,2.675,0.3724999999999999,1.0125,24.975,3.2625,0.4375,0.125,0.675,0.8125,15.0875,2.2625,0.25,0.378625,6.4625,2.5125,0.958125,0.9625,0.9,0.1392499999999999,9.375,17.15,-0.0999999999999998,1.7625,0.2625,0.25,14.025,0.5125,6.875,1.9375,0.825,6.875,0.6875,7.949999999999999,2.5875,0.4827499999999999,17.5625,0.1875,0.079625,0.4375,0.4463749999999999,0.9173441732,0.3,19.642677349310556,1.1364846104577722,0.0,-0.9424999999999999,-0.5349999999999999,0.10399107435210227
gary payton,GSW,SG,2022,3,0,29.0,1,0.0670999999999999,0.7437,2.35,1.68,0.3856,1.29,0.3463,0.44,7.99,0.8200000000000001,1.79,0.22,4.289999999999999,4.46,17.37,1.9,1.41,0.6214999999999999,3.59,2.14,0.6265,0.5800000000000001,0.36,0.1907,44.3,12.98,-0.1700000000000001,6.13,0.74,1.31,19.92,1.52,5.08,4.720000000000001,1.1,9.65,0.47,11.8,2.64,0.6882,14.87,0.93,0.209,2.79,0.6873,0.724,2.4,1.8,0.533,1.3,0.341,0.7,11.0,1.3,3.5,0.6,7.4,4.7,12.9,2.0,0.3,0.659,3.7,2.4,0.667,1.5,1.0,0.409,12.0,16.9,2.7,7.4,1.1,0.7,20.6,1.9,6.5,3.4,1.2,10.4,0.5,10.2,3.1,0.751,12.5,0.5,0.235,1.0,0.75,0.5551490518,0.0,12.976657188055317,1.7730963758962406,0.0,-0.43000000000000005,3.110000000000001,0.2607307145410085
nicolas batum,LAC,PF,2022,2,1,33.0,1,0.0877,0.5648,1.93,1.08,0.3784,3.97,0.6679999999999999,1.5,11.66,2.1100000000000003,2.04,0.61,1.4,1.58,16.03,3.78,1.82,0.4398999999999999,5.869999999999999,2.63,0.7574000000000001,0.6699999999999999,0.49,0.1159,54.0,25.22,-0.1299999999999999,3.1,0.68,1.65,12.46,1.5299999999999998,7.300000000000001,1.86,0.96,11.84,0.79,9.67,4.46,0.5817,12.07,1.37,0.1121,3.47,0.5665,0.676,1.9,1.3,0.389,3.8,0.661,1.5,9.8,2.1,1.8,0.5,4.3,2.2,17.7,4.5,0.6,0.486,5.7,2.8,0.826,1.2,1.0,0.211,19.0,29.2,2.0,4.0,1.0,1.2,14.9,1.4,8.1,2.2,1.3,4.8,0.3,10.9,5.5,0.642,10.5,0.9,0.155,1.8,0.615,0.7000338755,0.0,25.201055605901388,1.7170932268222818,0.0,-0.4700000000000001,2.9,0.2894588559383935
kevon looney,GSW,C,2022,3,1,25.0,1,0.0566,0.5460999999999999,3.76,2.04,0.0847,0.2299999999999999,0.0626999999999999,0.05,12.84,1.8,2.38,0.48,-0.94,0.99,20.74,3.75,2.06,0.5233,3.96,2.09,0.6437999999999999,1.11,0.7,0.2751,63.3,18.87,-1.95,12.26,2.1,2.31,13.3,2.3,4.91,1.38,0.51,13.75,0.7,16.560000000000002,5.9,0.5461,12.06,0.7,0.1364,4.42,0.5275,0.659,4.0,2.6,0.0,0.0,0.0,0.0,14.6,2.2,2.2,0.5,3.1,2.0,25.6,4.8,0.6,0.659,4.0,2.6,0.611,0.8,0.5,0.205,22.0,20.4,1.1,16.2,2.9,1.3,18.3,2.3,5.8,1.0,0.4,16.5,0.9,21.0,7.6,0.662,11.3,0.6,0.205,1.9,0.659,0.8097222222,0.2,18.887413637871653,1.7730963758962406,0.0,-0.09999999999999998,4.04,0.2731138077651221
jaesean tate,HOU,PF,2022,3,1,26.0,0,0.0571,0.5787499999999999,6.5375,3.7625,0.3105,2.675,0.290125,0.8374999999999999,15.5125,2.6875,1.725,0.5,-1.65,-0.2,14.5125,3.625,1.2875,0.501,9.15,4.625,0.7021249999999999,2.2875,1.625,0.2456249999999999,75.0,27.45,-1.4125,6.975,1.775,2.0125,14.1125,3.5125,11.6125,1.8125,1.0125,13.775,1.65,10.675,5.3625,0.570375,18.4,0.175,0.077375,3.3,0.545875,0.5787499999999999,6.5375,3.7625,0.3105,2.675,0.290125,0.8374999999999999,15.5125,2.6875,1.725,0.5,-1.65,-0.2,14.5125,3.625,1.2875,0.501,9.15,4.625,0.7021249999999999,2.2875,1.625,0.2456249999999999,75.0,27.45,-1.4125,6.975,1.775,2.0125,14.1125,3.5125,11.6125,1.8125,1.0125,13.775,1.65,10.675,5.3625,0.570375,18.4,0.175,0.077375,3.3,0.545875,0.95909552825,0.0,27.42104968127289,1.2302429768534169,0.0,0.0,0.0,0.5
mo bamba,ORL,C,2022,2,1,23.0,0,0.0833,0.5580999999999999,4.13,2.34,0.3563,3.12,0.4199,1.11,7.57,0.98,6.9,1.52,0.4599999999999999,0.77,25.82,4.89,2.02,0.474,7.22,3.45,0.7299,1.06,0.8,0.1568999999999999,61.7,20.43,-0.28,9.78,1.88,1.27,17.54,2.25,8.78,1.03,0.42,10.66,0.93,17.65,6.77,0.5662,18.56,0.82,0.1211,3.29,0.5487,0.5580999999999999,4.13,2.34,0.3563,3.12,0.4199,1.11,7.57,0.98,6.9,1.52,0.4599999999999999,0.77,25.82,4.89,2.02,0.474,7.22,3.45,0.7299,1.06,0.8,0.1568999999999999,61.7,20.43,-0.28,9.78,1.88,1.27,17.54,2.25,8.78,1.03,0.42,10.66,0.93,17.65,6.77,0.5662,18.56,0.82,0.1211,3.29,0.5487,0.7968157184,0.3,20.401950933852103,1.2436263276816055,0.0,0.0,0.0,0.5
caleb martin,MIA,SF,2022,3,1,26.0,1,0.0524,0.5037,3.42,1.74,0.3891,2.4400000000000004,0.4234,0.95,9.17,1.2000000000000002,2.0,0.39,-0.6699999999999999,0.63,12.94,2.3000000000000003,1.36,0.454,5.779999999999999,2.71,0.7358,1.4,1.02,0.2385,49.5,19.59,-1.35,4.8100000000000005,0.8999999999999999,0.8899999999999999,12.65,1.5699999999999998,7.34,2.09,0.85,11.05,0.79,8.84,3.13,0.5640000000000001,16.16,0.48,0.0947,2.25,0.5353,0.468,2.8,1.3,0.303,1.9,0.413,0.6,3.7,0.3,1.0,0.1,-2.3,0.1,14.6,1.5,0.3,0.4,4.7,1.9,0.333,0.4,0.1,0.075,17.0,12.3,-2.4,6.5,0.7,-0.3,9.3,1.0,4.5,2.4,0.6,10.8,0.6,10.4,2.2,0.46,19.7,0.0,0.016,0.1,0.463,0.6366869918,0.0,19.58716098585954,1.3589592132652517,0.0,-0.48,-1.63,0.17738302772723225
malik monk,LAL,SG,2022,2,0,23.0,0,0.0766,0.5337,4.94,2.64,0.3726,5.140000000000001,0.5104,1.97,15.63,2.5,1.01,0.29,-1.25,-1.36,11.29,2.56,0.97,0.4534999999999999,10.080000000000002,4.56,0.8071999999999999,1.62,1.3199999999999998,0.1659999999999999,61.6,24.58,0.0899999999999999,1.94,0.44,1.3199999999999998,13.8,1.4900000000000002,12.47,1.25,0.65,12.01,1.47,6.52,3.0,0.5751999999999999,21.77,0.38,0.0623,2.24,0.5498000000000001,0.5337,4.94,2.64,0.3726,5.140000000000001,0.5104,1.97,15.63,2.5,1.01,0.29,-1.25,-1.36,11.29,2.56,0.97,0.4534999999999999,10.080000000000002,4.56,0.8071999999999999,1.62,1.3199999999999998,0.1659999999999999,61.6,24.58,0.0899999999999999,1.94,0.44,1.3199999999999998,13.8,1.4900000000000002,12.47,1.25,0.65,12.01,1.47,6.52,3.0,0.5751999999999999,21.77,0.38,0.0623,2.24,0.5498000000000001,0.7911924117,0.0,24.594257591633628,1.6018226555411248,0.0,0.0,0.0,0.5
ricky rubio,CLE,PG,2022,3,0,31.0,0,0.0473,0.4119,6.22,2.51,0.3341,4.14,0.4029,1.39,35.230000000000004,6.98,0.4599999999999999,0.17,-0.2699999999999999,0.64,13.65,3.52,1.49,0.3809,10.36,3.92,0.8596999999999999,2.8600000000000003,2.47,0.2812,50.4,28.28,-0.93,1.83,0.46,1.1,14.35,2.22,11.73,2.47,1.4,16.75,2.3200000000000003,7.720000000000001,3.98,0.5058,21.33,0.55,0.0809,2.56,0.4474,0.4119,6.22,2.51,0.3341,4.14,0.4029,1.39,35.230000000000004,6.98,0.4599999999999999,0.17,-0.2699999999999999,0.64,13.65,3.52,1.49,0.3809,10.36,3.92,0.8596999999999999,2.8600000000000003,2.47,0.2812,50.4,28.28,-0.93,1.83,0.46,1.1,14.35,2.22,11.73,2.47,1.4,16.75,2.3200000000000003,7.720000000000001,3.98,0.5058,21.33,0.55,0.0809,2.56,0.4474,0.6712059618,0.0,28.286851509321263,1.374930578041881,0.0,0.0,0.0,0.5
kyle anderson,MEM,PF,2022,2,0,28.0,1,0.071,0.5104,5.08,2.58,0.3294,2.2,0.2865,0.75,16.77,2.91,2.64,0.71,1.69,2.02,20.17,4.33,2.4000000000000004,0.4582,7.23,3.31,0.6873,1.8,1.29,0.2432,68.6,22.92,-0.33,4.21,0.92,1.55,14.86,1.65,8.68,2.26,1.07,12.23,1.06,12.09,5.22,0.5332,16.35,1.53,0.1176,3.93,0.5062,0.604375,4.3125,2.5,0.25,1.525,0.2541249999999999,0.4125,13.825,2.325,1.9375,0.375,2.65,3.0875,19.925,3.7625,0.2875,0.5165,5.8375,2.85,0.663125,1.2375,0.7875,0.25625,9.375,22.15,-0.4375,3.9,0.8,0.1875,14.5125,1.7999999999999998,6.9,3.2375,1.6124999999999998,12.2125,0.8,11.3875,4.5625,0.5618749999999999,13.325,0.2625,0.107625,0.475,0.54775,0.8943428186,0.0,22.926750562210685,1.1364846104577722,0.0,-1.2675,0.96,0.11666289553198492
nic claxton,BRK,C,2022,2,1,22.0,1,0.0756,0.6546000000000001,4.66,3.08,0.0886,0.16,0.0394,0.02,7.6,0.94,4.84,1.04,0.23,0.54,18.71,3.33,0.91,0.6359,4.79,3.1,0.5405,1.88,0.99,0.3959,36.1,18.43,-0.2899999999999999,9.86,1.6,1.5099999999999998,17.33,1.96,7.209999999999999,1.23,0.48,11.09,0.7,14.46,4.94,0.635,14.71,0.44,0.1556,2.42,0.6388,0.676125,4.65,3.45,0.0,0.0,0.0,0.0,8.9,1.1625,8.675,1.8125,3.975,2.2625,20.9375,3.4125,0.175,0.676125,4.65,3.45,0.3638749999999999,3.55,0.7,0.61175,6.999999999999999,19.3625,1.775,10.4625,1.575,0.1625,20.125,1.5749999999999995,7.5,2.1875,0.925,7.887499999999999,0.425,15.6875,4.9875,0.575625,14.9375,0.1625,0.140375,0.3375,0.676125,0.4615853658,0.0,18.424979388964985,1.465786387816464,0.0,-0.27749999999999997,3.745,0.1692398364009712
javale mcgee,PHO,C,2022,3,0,34.0,1,0.0441999999999999,0.6082000000000001,5.609999999999999,3.41,0.2734,0.2199999999999999,0.0395,0.03,6.529999999999999,0.6399999999999999,6.74,1.19,-0.0499999999999999,1.11,28.12,4.08,2.1100000000000003,0.5952,5.83,3.46,0.6758,1.69,1.16,0.2845,64.4,15.63,-1.16,13.87,1.97,1.61,20.28,2.44,8.11,1.17,0.37,15.54,1.2000000000000002,21.07,6.050000000000001,0.6182000000000001,21.53,0.5700000000000001,0.1605,3.69,0.5999,0.6029,3.07,1.97,0.0,0.2199999999999999,0.0825999999999999,0.0,9.33,0.6399999999999999,7.43,0.73,1.23,2.12,28.450000000000003,2.44,0.12,0.565,3.31,1.97,0.6229,1.02,0.62,0.3226,10.0,10.02,-0.8199999999999998,12.96,1.11,0.24,19.9,1.77,4.58,1.19,0.26,13.44,0.61,20.51,3.52,0.5829,19.15,0.1,0.1328,0.38,0.565,0.8317750675,0.0,15.665387051804451,1.5639224384863095,0.0,-0.4700000000000001,1.2799999999999998,0.09053355162580909
delon wright,ATL,SG,2022,2,0,29.0,1,0.0630999999999999,0.5085,3.43,1.74,0.3751,1.9,0.3769,0.72,19.4,3.18,1.29,0.31,2.14,2.03,13.04,2.64,1.65,0.4583,5.329999999999999,2.46,0.8231,1.2799999999999998,1.0499999999999998,0.2385,72.0,22.06,0.0799999999999999,4.07,0.8,2.37,14.87,0.97,6.64,2.91,1.3199999999999998,13.14,0.8900000000000001,8.61,3.5,0.5673999999999999,12.92,1.64,0.1224,3.97,0.5287999999999999,0.625,2.8571428571428577,1.8,0.4178571428571429,2.0,0.3771428571428571,0.8,17.02857142857143,2.5142857142857142,0.5,0.1428571428571428,3.571428571428571,1.3285714285714283,9.557142857142855,2.0,0.0714285714285714,0.5407142857142858,4.857142857142858,2.571428571428571,0.6478571428571429,1.6571428571428573,1.0857142857142856,0.3642857142857143,4.714285714285714,23.37142857142857,2.271428571428572,7.357142857142857,1.6571428571428573,0.2142857142857142,15.242857142857144,0.4285714285714286,7.0,2.3285714285714287,0.9428571428571432,17.742857142857147,1.085714285714286,8.457142857142857,3.657142857142857,0.6317142857142858,13.142857142857146,0.1428571428571428,0.1014285714285714,0.2857142857142857,0.6164285714285714,0.9347899728,0.0,22.05608350778628,1.3266473926735105,0.0,-1.497142857142857,1.431428571428571,0.0648687773410578
isaiah hartenstein,LAC,C,2022,2,0,23.0,0,0.0716,0.6294,4.07,2.58,0.3334,0.27,0.0665,0.1,16.84,1.72,5.43,0.89,2.04,2.26,21.07,2.89,1.4500000000000002,0.6093999999999999,4.390000000000001,2.68,0.6747,1.64,1.11,0.3886,52.4,14.93,-0.2199999999999999,11.41,1.5299999999999998,2.0,20.09,2.3,6.62,1.83,0.55,16.98,1.04,16.25,4.4,0.6416999999999999,17.92,1.1,0.1857,3.45,0.6207,0.6294,4.07,2.58,0.3334,0.27,0.0665,0.1,16.84,1.72,5.43,0.89,2.04,2.26,21.07,2.89,1.4500000000000002,0.6093999999999999,4.390000000000001,2.68,0.6747,1.64,1.11,0.3886,52.4,14.93,-0.2199999999999999,11.41,1.5299999999999998,2.0,20.09,2.3,6.62,1.83,0.55,16.98,1.04,16.25,4.4,0.6416999999999999,17.92,1.1,0.1857,3.45,0.6207,0.670189702,0.0,14.89791463956522,1.7170932268222818,0.0,0.0,0.0,0.5
jalen smith,IND,PF,2022,3,1,21.0,1,0.0378,0.576875,3.2625,1.95,0.2931249999999999,1.725,0.3456249999999999,0.5375,3.7125,0.35,3.525,0.575,-2.6,-1.3624999999999998,23.3375,2.9125,0.7625,0.479375,5.025,2.4875,0.745875,1.3625,1.0125,0.2343749999999999,42.0,13.4875,-1.2374999999999996,9.45,1.3625,1.025,14.65,1.4125,6.5,0.6124999999999999,0.1875,10.3875,0.6124999999999999,16.4,4.275,0.5589999999999999,19.1,0.1125,0.0988749999999999,1.7875,0.53,0.333,0.5,0.2,1.0,0.2,0.25,0.2,7.5,0.2,0.0,0.0,-1.0,0.2,17.5,0.5,0.0,0.5,0.7,0.3,0.0,0.0,0.0,0.0,6.0,3.0,-1.3,13.1,0.3,0.0,10.6,0.3,0.8,0.0,0.0,20.0,0.2,15.5,0.8,0.625,12.7,0.0,0.108,0.0,0.625,0.5293445125,0.0,13.488602941584968,1.0865670557048055,0.0,-0.1125,1.6,0.030796868984986524
danilo gallinari,ATL,PF,2022,2,0,33.0,1,0.0524,0.4775,4.81,2.28,0.3933,5.17,0.5139,2.03,9.07,1.58,0.55,0.18,0.89,-0.96,17.36,4.109999999999999,1.08,0.4347999999999999,9.93,4.31,0.9081,3.18,2.87,0.3133,60.7,25.770000000000003,1.83,2.05,0.44,3.11,15.94,1.5699999999999998,13.58,0.98,0.52,6.340000000000001,0.78,9.84,4.619999999999999,0.5958,20.48,1.1800000000000002,0.1295,4.17,0.536,0.4619,5.7,2.64,0.3198,3.97,0.405,1.31,5.7700000000000005,0.8400000000000001,0.3,0.08,-0.81,-0.93,18.15,3.86,0.21,0.4085,9.67,3.9499999999999993,0.976,2.83,2.73,0.2877,9.3,24.64,0.0199999999999999,2.17,0.46,0.1699999999999999,11.93,1.7000000000000002,11.94,0.68,0.3299999999999999,9.48,1.16,10.11,4.35,0.5459,21.97,0.11,0.0518999999999999,0.36,0.4750999999999999,0.7871612466,0.0,25.770642351684774,1.3266473926735105,0.0,-1.07,-1.7000000000000002,0.1277758168742901
bruce brown,BRK,SF,2022,2,0,25.0,1,0.0524,0.5382,5.75,3.08,0.3572,1.2600000000000002,0.1777,0.4599999999999999,12.77,2.33,2.1100000000000003,0.57,0.0799999999999999,0.77,15.51,3.55,1.73,0.5084,6.99,3.5600000000000005,0.7473000000000001,1.86,1.34,0.2628,67.1,24.630000000000003,-0.72,6.66,1.43,2.38,14.71,2.42,8.92,2.0,1.04,10.95,0.98,11.19,4.96,0.5723,15.47,0.87,0.1206,4.140000000000001,0.5403,0.617125,5.762499999999999,3.575,0.336375,2.525,0.288375,1.0125,12.3125,2.5375,1.9125,0.65,1.7625,0.5625,13.125,3.2625,0.15,0.54475,8.2875,4.55,0.804875,2.05,1.6625,0.244875,6.999999999999999,30.4125,1.2,7.1,1.65,0.3375,14.875,3.475,11.7125,1.65,1.075,15.425,1.775,10.1375,4.9125,0.6295000000000001,16.3375,0.2,0.1001249999999999,0.425,0.60025,0.8709688346,0.2,24.65145852560197,1.465786387816464,0.0,-0.6699999999999999,1.6825,0.11411449802887656
patty mills,BRK,SG,2022,2,1,33.0,1,0.0524,0.4710999999999999,2.81,1.31,0.3889,6.609999999999999,0.7029,2.58,11.63,2.23,0.44,0.12,-1.21,-1.2999999999999998,6.23,1.5299999999999998,0.79,0.4137999999999999,9.42,3.89,0.8532,1.02,0.9000000000000001,0.1128,74.1,26.44,0.09,1.1,0.25,1.7999999999999998,11.7,1.38,11.260000000000002,1.25,0.64,8.43,0.91,3.69,1.78,0.5709,17.799999999999997,0.38,0.0658,2.62,0.5507,0.667,0.8,0.5,0.538,3.3,0.813,1.8,0.0,0.0,1.3,0.3,0.6,-1.7,7.3,1.0,-0.1,0.563,4.0,2.3,0.0,0.0,0.0,0.0,4.0,18.0,2.3,0.0,0.0,0.1,10.7,1.3,6.3,0.0,0.0,5.9,0.3,3.6,1.0,0.781,10.8,0.0,0.046,0.1,0.781,0.9605691056,0.0,26.411871328809337,1.465786387816464,0.0,-0.38,1.81,0.035446956583386015
otto porter,GSW,PF,2022,2,0,28.0,1,0.0484999999999999,0.5239,4.04,2.07,0.3749,3.69,0.4855,1.41,11.05,1.71,1.52,0.36,1.75,1.09,19.68,4.0200000000000005,1.64,0.4502,7.729999999999999,3.4800000000000004,0.7994000000000001,1.33,1.0699999999999998,0.1676,42.7,22.3,0.66,5.83,1.18,1.36,15.46,1.54,9.39,2.03,0.95,7.970000000000001,0.73,12.84,5.15,0.5661,17.490000000000002,1.05,0.1367,3.0,0.5412,0.633,1.6,1.0,0.404,2.5,0.61,1.0,12.1,1.8,1.6,0.3,2.7,2.6,15.6,2.8,0.5,0.494,4.1,2.0,0.778,0.5,0.4,0.117,19.0,19.5,0.1,3.7,0.6,0.6,13.0,1.8,5.4,2.3,0.9,12.9,0.6,9.8,3.4,0.63,11.0,0.4,0.135,1.0,0.617,0.539701897,0.0,22.302133595238097,1.7730963758962406,0.0,-0.65,0.9500000000000002,0.2801067505348867
donte divincenzo,SAC,SG,2022,2,0,25.0,1,0.0364,0.4424,3.37,1.5,0.3504,4.9,0.5935,1.76,15.03,2.79,0.7999999999999999,0.22,-0.8299999999999998,0.35,15.11,3.66,1.72,0.3925,8.27,3.24,0.7835,1.59,1.29,0.1926999999999999,54.0,24.85,-1.1800000000000002,4.539999999999999,1.06,0.5999999999999999,12.37,1.65,9.46,2.24,1.14,14.67,1.5499999999999998,9.91,4.7,0.529,17.92,0.51,0.073,2.29,0.4961000000000001,0.3632,1.98,0.8200000000000001,0.2334,3.24,0.6148,0.7,12.52,2.1,1.58,0.3,-2.74,2.16,22.32,4.38,0.14,0.2932,5.22,1.52,0.26,0.8,0.52,0.1568,5.8,20.58,-4.859999999999999,3.84,0.74,-0.0799999999999999,6.340000000000001,1.62,4.26,2.06,0.8799999999999999,22.1,1.6,12.92,5.0600000000000005,0.3708,15.38,0.04,-0.0031999999999999,0.06,0.358,0.7144308945,0.0,24.824810244805192,1.3771883929047983,0.0,-0.47000000000000003,-1.9100000000000004,0.08168544492986893
dewayne dedmon,MIA,C,2022,2,1,32.0,1,0.0046999999999999,0.6316999999999999,3.62,2.3,0.3032,0.92,0.1881,0.28,7.029999999999999,0.69,3.96,0.6000000000000001,-1.15,0.7000000000000001,29.52,4.04,1.32,0.5753999999999999,4.539999999999999,2.53,0.7639,1.42,1.08,0.3251999999999999,47.1,15.4,-1.9,12.05,1.62,0.76,17.18,2.59,6.44,1.48,0.5,16.48,1.0,20.880000000000003,5.66,0.6311,17.86,0.07,0.1563,2.1,0.6021000000000001,0.5818749999999999,2.9875,1.7374999999999998,0.1873749999999999,0.7375,0.201375,0.175,7.199999999999999,0.55,2.7,0.3125,-5.15,-0.625,21.6125,2.125,0.125,0.500375,3.6875,1.875,0.8206249999999999,1.0499999999999998,0.8125,0.271125,10.25,11.55,-4.525,12.662499999999998,1.4375,0.0625,12.099999999999998,2.5625,4.737499999999999,0.25,0.0625,16.2125,0.8749999999999999,16.9625,3.5625,0.5615,19.1375,-0.0625,0.078875,0.1875,0.5173749999999999,0.5974254743,0.0,15.412074304899084,1.3589592132652517,0.0,-0.1325,-4.0,0.14031485284052017
danuel house,UTA,SF,2022,2,0,28.0,1,0.0332,0.4767,2.49,1.25,0.3644,3.81,0.5994999999999999,1.35,8.6,1.33,1.8,0.42,-1.74,-0.1099999999999999,13.3,2.72,0.86,0.4086,6.35,2.62,0.7370000000000001,1.52,1.07,0.2495,44.4,22.5,-1.65,2.62,0.53,0.5800000000000001,10.29,1.59,7.69,1.32,0.65,11.36,0.88,7.91,3.25,0.5494000000000001,14.93,0.13,0.06,1.37,0.5179,0.5772857142857143,2.4571428571428573,1.4285714285714286,0.2451428571428571,2.9000000000000004,0.5032857142857143,0.8142857142857144,6.014285714285714,0.9,0.7857142857142858,0.1428571428571428,-2.4,-0.3571428571428571,16.12857142857143,3.128571428571429,0.1142857142857143,0.4164285714285715,5.328571428571429,2.242857142857143,0.7554285714285714,1.3285714285714287,1.0285714285714287,0.3037142857142857,6.857142857142858,22.214285714285715,-2.042857142857143,2.585714285714286,0.5285714285714286,-0.0142857142857142,7.142857142857143,1.542857142857143,6.328571428571429,0.4,0.2571428571428572,15.628571428571428,0.942857142857143,9.257142857142858,3.6571428571428575,0.5258571428571429,13.914285714285716,0.0571428571428571,0.0101428571428571,0.1,0.4812857142857143,0.581097561,0.0,22.49595965646826,1.309112219118615,0.0,-0.0728571428571429,-0.6599999999999999,0.1323052379686254
mike muscala,OKC,C,2022,2,1,30.0,1,0.0283,0.5372,1.92,1.0499999999999998,0.4011,4.09,0.6866,1.59,7.220000000000001,0.67,2.86,0.4499999999999999,2.45,0.26,18.53,2.61,0.59,0.4432,5.98,2.64,0.8596999999999999,1.05,0.9000000000000001,0.1787,41.4,14.86,2.19,3.34,0.4599999999999999,1.11,16.759999999999998,1.34,7.869999999999999,1.09,0.3,6.1,0.41,10.86,3.1,0.6085,19.77,0.7000000000000001,0.1352,1.7000000000000002,0.5804,0.0,0.5,0.0,1.0,0.5,0.5,0.5,7.1,0.5,0.0,0.0,-1.6,0.8,20.2,2.0,0.0,0.5,1.0,0.5,0.0,0.0,0.0,0.0,2.0,10.0,-2.4,0.0,0.0,0.0,6.7,1.0,1.5,0.0,0.0,0.0,0.0,10.5,2.0,0.75,4.3,0.0,0.116,0.0,0.75,0.5385840109,0.0,14.855174230535235,1.3827248118561746,0.0,-0.7000000000000001,-4.050000000000001,0.031485947821487274
derrick jones,CHI,PF,2022,2,1,24.0,1,0.0259,0.6381000000000001,2.91,1.89,0.3147999999999999,1.73,0.3661999999999999,0.53,4.98,0.76,3.25,0.69,-0.73,0.47,12.63,2.27,1.0,0.5196000000000001,4.640000000000001,2.42,0.7488,1.6,1.1700000000000002,0.3396,54.7,20.27,-1.23,6.75,1.21,1.7,13.05,2.1500000000000004,6.54,1.54,0.63,9.78,0.5800000000000001,9.69,3.48,0.6133,12.72,0.36,0.1168,2.7,0.5771999999999999,0.6336,1.15,0.76,0.2253,1.52,0.5493,0.36,4.73,0.3,1.02,0.06,-4.859999999999999,-0.1199999999999998,5.08,0.48,0.02,0.4202,2.67,1.1,0.4135,0.36,0.22,0.1467999999999999,6.1,8.7,-4.74,3.83,0.38,0.02,7.42,1.26,2.8,2.55,0.33,8.93,0.32,4.37,0.86,0.4941,16.630000000000003,-0.03,-0.0016999999999999,0.06,0.4876,0.7165311656,0.0,20.295915219868554,1.3618736545270165,0.0,-0.39,-4.129999999999999,0.04567758527644535
andre drummond,BRK,C,2022,2,0,28.0,1,0.0259,0.5471999999999999,9.260000000000002,4.97,0.0286,0.18,0.0167,0.02,13.53,2.04,3.99,1.1,0.4700000000000001,1.0699999999999998,35.11,7.779999999999999,3.0200000000000005,0.5395,9.43,4.99,0.5569999999999999,3.49,2.01,0.3719,61.7,24.55,-0.5800000000000001,16.42,3.51,0.94,20.72,2.96,11.96,2.66,1.35,17.630000000000003,2.33,25.77,11.29,0.5533,22.96,0.97,0.1297,3.99,0.5401,0.563375,4.15,2.3625,0.0,0.0,0.0,0.0,4.375,0.5,4.05,0.725,-1.925,1.325,27.5,4.137499999999999,0.1375,0.563375,4.15,2.3625,0.6375,1.5625,1.025,0.4017499999999999,4.375,17.25,-3.25,11.4125,1.925,-0.0625,13.45,2.775,5.75,3.4,1.1125,28.2625,1.7625,19.2875,5.999999999999999,0.5867499999999999,16.725,0.0375,0.0344999999999999,0.075,0.563375,0.7951219511000001,0.0,24.52848965362162,1.465786387816464,0.0,-0.9325,-2.395,0.047458541083178804
joe ingles,UTA,SF,2022,1,0,34.0,1,0.0524,0.5905,1.9,1.12,0.3886,5.3100000000000005,0.7387,2.06,21.58,4.2,0.43,0.15,1.04,0.66,11.64,2.96,1.5599999999999998,0.4377,7.210000000000001,3.21,0.7970999999999999,0.9,0.73,0.1205,57.0,26.76,0.45,1.36,0.35,2.6,12.29,1.86,9.19,1.16,0.64,15.5,1.41,6.71,3.31,0.5961000000000001,14.6,1.33,0.1226,4.16,0.5800000000000001,0.6567999999999999,1.94,1.28,0.3883999999999999,5.46,0.7367999999999999,2.12,18.42,3.98,0.16,0.04,1.2000000000000002,0.0399999999999999,11.72,3.12,0.0,0.4592,7.4,3.3400000000000003,0.8613999999999999,1.08,0.9000000000000001,0.1434,9.4,30.04,1.22,0.44,0.1,0.6799999999999999,13.08,1.86,9.76,1.02,0.6,8.4,0.72,6.300000000000001,3.22,0.6226,13.0,0.22,0.1062,0.62,0.6024,0.7535569108,0.0,26.760810808001654,1.309112219118615,0.0,-1.11,0.16000000000000014,0.15620768093750273
lonnie walker,SAS,SG,2022,1,0,23.0,0,0.0524,0.4734,5.44,2.59,0.3447,4.25,0.4265,1.4500000000000002,11.5,1.83,0.98,0.28,-3.06,-1.27,10.92,2.25,0.94,0.4146999999999999,9.69,3.99,0.7804,1.61,1.29,0.1657,65.2,22.36,-1.79,1.4,0.29,-0.14,11.19,1.47,10.69,1.2200000000000002,0.55,8.77,0.97,6.09,2.54,0.5143,21.57,-0.39,0.0253,0.78,0.4871999999999999,0.4734,5.44,2.59,0.3447,4.25,0.4265,1.4500000000000002,11.5,1.83,0.98,0.28,-3.06,-1.27,10.92,2.25,0.94,0.4146999999999999,9.69,3.99,0.7804,1.61,1.29,0.1657,65.2,22.36,-1.79,1.4,0.29,-0.14,11.19,1.47,10.69,1.2200000000000002,0.55,8.77,0.97,6.09,2.54,0.5143,21.57,-0.39,0.0253,0.78,0.4871999999999999,0.8462737128,0.0,22.36613430497658,0.9042383333036812,0.0957616666963189,0.0,0.0,0.5
kevin knox,ATL,SF,2022,2,0,22.0,1,0.0243,0.4529,1.5100000000000002,0.64,0.3223,2.15,0.6033,0.69,6.5,0.48,1.22,0.16,-3.31,-1.2000000000000002,13.88,1.34,0.4199999999999999,0.3719,3.66,1.33,0.7341,0.8200000000000001,0.5700000000000001,0.2219,40.6,10.58,-2.08,4.62,0.39,-0.05,9.84,0.8900000000000001,4.0,1.04,0.22,8.32,0.36,9.16,1.7599999999999998,0.5005999999999999,18.42,-0.1599999999999999,0.0444,0.32,0.4687,1.0,0.5,0.5,0.6,5.0,0.909,3.0,0.0,0.0,0.0,0.0,62.6,15.1,27.4,1.0,0.0,0.636,5.5,3.5,1.0,1.0,1.0,0.182,2.0,4.5,47.5,0.0,0.0,0.2,86.7,0.0,11.0,11.2,1.0,20.2,1.5,13.4,1.0,0.926,76.1,0.2,1.24,0.2,0.909,0.538482385,0.0,10.613412086886449,1.3266473926735105,0.0,0.3599999999999999,65.91,0.020522268942054233
jordan nwora,MIL,SF,2022,2,1,23.0,1,0.0226,0.459125,3.275,1.475,0.3869999999999999,3.1,0.479,1.15,5.725,0.7,1.7374999999999998,0.2625,-2.975,-1.0875,17.15,2.5125,0.8375,0.424,6.375,2.6625,0.808125,0.7375,0.6,0.1275,50.0,15.35,-1.95,3.475,0.4875,-0.25,12.225,1.075,7.074999999999999,1.6375,0.4375,11.912499999999998,0.8625,10.5,3.0,0.536,21.875,-0.3375,0.0411249999999999,0.525,0.516125,0.325,1.125,0.3375,0.0937499999999999,0.9125,0.444,0.15,10.525,0.2625,1.0875,0.075,-9.9375,-3.725,14.537499999999998,0.55,0.0,0.222,2.0375,0.4875,0.2677499999999999,0.7124999999999999,0.3749999999999999,0.284625,6.875,3.8875,-6.175,6.374999999999999,0.3749999999999999,-0.1,1.2624999999999993,0.075,1.4374999999999998,0.0,0.0,1.6874999999999998,0.075,10.662499999999998,0.925,0.25975,24.8125,0.0,-0.144875,-0.0625,0.243,0.62881097575,0.0,15.368136428508066,1.6176744444642126,0.0,0.3375,-6.9625,0.03365105596049616
jericho sims,NYK,PF,2022,3,1,23.0,0,0.0132,0.722,1.3,1.0,0.0,0.0,0.0,0.0,5.3,0.5,3.9,0.5,-1.7,1.1,21.3,2.6,0.8,0.722,1.3,1.0,0.414,0.7,0.3,0.537,41.0,13.5,-2.8,11.6,1.5,0.7,11.6,1.6,2.2,1.0,0.3,23.1,0.5,16.4,4.1,0.674,6.9,0.0,0.128,1.5,0.722,0.722,1.3,1.0,0.0,0.0,0.0,0.0,5.3,0.5,3.9,0.5,-1.7,1.1,21.3,2.6,0.8,0.722,1.3,1.0,0.414,0.7,0.3,0.537,41.0,13.5,-2.8,11.6,1.5,0.7,11.6,1.6,2.2,1.0,0.3,23.1,0.5,16.4,4.1,0.674,6.9,0.0,0.128,1.5,0.722,0.5,0.0,13.537642275609755,1.3366980180404575,0.0,0.0,0.0,0.5
sam hauser,BOS,SF,2022,3,1,24.0,1,0.0132,0.667,0.2,0.2,0.432,1.7,0.88,0.7,9.1,0.4,1.2,0.1,2.3,-0.3,16.0,0.9,0.2,0.46,1.9,0.9,0.0,0.0,0.0,0.0,26.0,6.1,2.7,3.5,0.2,0.4,14.8,0.3,2.5,0.3,0.0,3.8,0.1,9.9,1.1,0.65,14.5,0.2,0.171,0.6,0.65,0.0,0.1,0.0,0.333,0.4,0.75,0.1,19.1,0.3,0.0,0.0,1.9,0.4,7.3,0.1,0.0,0.25,0.6,0.1,1.0,0.3,0.3,0.5,7.0,2.1,1.5,0.0,0.0,0.0,11.4,0.0,0.7,0.0,0.0,0.0,0.0,3.8,0.1,0.512,14.6,0.0,0.135,0.0,0.375,0.317073171,0.0,6.061730769230769,1.5727201594107496,0.0,-0.2,-0.3999999999999999,0.08482400461627237
montrezl harrell,CHO,C,2022,2,0,28.0,1,0.0199,0.6372,8.899999999999999,5.62,0.1175,0.19,0.025,0.05,11.32,1.67,2.71,0.73,3.43,0.36,18.34,4.07,1.91,0.6251,9.09,5.62,0.7017,4.33,3.02,0.4804,68.8,23.98,3.04,10.37,2.26,5.279999999999999,23.05,1.98,14.32,1.09,0.53,9.59,1.17,14.4,6.33,0.6564000000000001,21.75,2.24,0.211,7.24,0.6271,0.5813999999999999,4.460000000000001,2.6,0.08,0.16,0.0244,0.04,1.2800000000000002,0.16,1.12,0.2,2.26,0.12,14.06,1.62,0.14,0.5718,4.62,2.64,0.708,3.46,2.3600000000000003,0.7174,7.6,13.36,2.14,10.34,1.1,0.22,20.46,1.36,7.68,1.96,0.46,9.88,0.66,12.18,2.66,0.6272,22.6,0.1,0.1662,0.36,0.5741999999999999,0.8954268294000001,0.0,23.97559506849405,1.2992121977689612,0.0,-2.14,-1.1700000000000004,0.05797551617029051
damian jones,SAC,C,2022,2,0,26.0,0,0.0186,0.7,3.47,2.43,0.2769,0.32,0.0794,0.1,8.32,0.93,4.14,0.75,-0.57,0.51,17.71,2.6900000000000004,0.72,0.669,3.82,2.53,0.7238,1.9,1.4,0.5093,50.7,16.52,-1.08,7.92,1.1800000000000002,1.94,16.65,2.29,6.58,1.18,0.44,15.04,0.8600000000000001,12.79,3.87,0.7064999999999999,14.07,0.35,0.1498,2.69,0.6807000000000001,0.7,3.47,2.43,0.2769,0.32,0.0794,0.1,8.32,0.93,4.14,0.75,-0.57,0.51,17.71,2.6900000000000004,0.72,0.669,3.82,2.53,0.7238,1.9,1.4,0.5093,50.7,16.52,-1.08,7.92,1.1800000000000002,1.94,16.65,2.29,6.58,1.18,0.44,15.04,0.8600000000000001,12.79,3.87,0.7064999999999999,14.07,0.35,0.1498,2.69,0.6807000000000001,0.6567411924,0.0,16.50032736051748,1.3771883929047983,0.0,0.0,0.0,0.5
luke kornet,BOS,C,2022,2,1,26.0,1,0.0173,0.6316999999999999,1.61,1.0,0.1336,1.3199999999999998,0.3833,0.33,10.75,0.72,4.73,0.5399999999999999,-0.25,0.6399999999999999,15.88,1.4,0.37,0.4591,2.93,1.3299999999999998,0.6263000000000001,0.42,0.3,0.1587,24.0,9.91,-0.8700000000000001,9.14,0.72,0.26,14.830000000000002,0.78,3.22,1.06,0.19,3.21,0.14,12.47,2.0700000000000003,0.5141,13.72,0.11,0.1437,0.6300000000000001,0.4977,0.7918749999999999,0.375,0.3125,0.625,0.0625,0.15625,0.0625,5.4375,0.0625,0.0,0.0,4.625,1.2625,41.875,0.8124999999999999,0.0,0.84375,0.4375,0.375,0.1874999999999999,0.3749999999999999,0.1874999999999999,0.7499999999999999,6.375,2.25,3.3625,3.8125,0.0625,0.0,20.175,0.0625,1.0625,0.0,0.0,12.5,0.0625,22.2625,0.9375,0.846125,13.3375,0.0,0.181375,0.0625,0.921875,0.3206300813,0.2,9.909737155215051,1.5727201594107496,0.0,-0.11,4.875,0.05687816919210695
bol bol,DEN,PF,2022,2,1,22.0,1,0.0178,0.55725,1.4125,0.8125,0.296875,0.4875,0.2477499999999999,0.175,7.9375,0.325,3.6625,0.175,-2.1625,-0.3625,19.7125,0.9875,0.1375,0.509125,1.8625,0.9875,0.5001249999999999,0.4375,0.175,0.21275,20.75,5.5,-1.7374999999999998,3.5625,0.1875,-0.075,11.9625,0.3375,2.325,0.7124999999999999,0.1,13.8,0.3375,11.8125,1.175,0.553375,19.2,-0.0375,0.039125,0.0625,0.5496249999999999,0.2,0.6000000000000001,0.32,0.2668,0.5,0.7332,0.2,23.28,0.42,3.7200000000000006,0.2,8.72,3.58,16.759999999999998,0.38,0.0,0.2224,1.1,0.52,0.35,0.8,0.7200000000000001,0.3556,3.4,3.3200000000000003,5.140000000000001,6.840000000000001,0.32,0.04,20.46,0.12,1.92,1.96,0.2,5.5200000000000005,0.2,11.32,0.7,0.3036,16.98,0.04,0.1264,0.08,0.2668,0.2381436311,0.0,6.8678764883125005,1.5087196434607788,0.0,0.0775,10.8825,0.09000661813368631
joe wieskamp,SAS,SG,2022,2,1,22.0,0,0.0044,0.462,0.4,0.2,0.326,1.5,0.768,0.5,5.5,0.3,1.2,0.1,-3.9,-1.1,5.2,0.3,0.1,0.357,1.9,0.7,0.538,0.4,0.2,0.232,29.0,7.1,-2.9,2.0,0.1,0.1,7.1,0.5,2.1,0.9,0.1,3.1,0.1,3.6,0.5,0.494,13.1,-0.1,0.035,0.1,0.482,0.462,0.4,0.2,0.326,1.5,0.768,0.5,5.5,0.3,1.2,0.1,-3.9,-1.1,5.2,0.3,0.1,0.357,1.9,0.7,0.538,0.4,0.2,0.232,29.0,7.1,-2.9,2.0,0.1,0.1,7.1,0.5,2.1,0.9,0.1,3.1,0.1,3.6,0.5,0.494,13.1,-0.1,0.035,0.1,0.482,0.353658537,0.0,7.073850575862069,0.9042383333036812,0.0957616666963189,0.0,0.0,0.5
jevon carter,MIL,PG,2022,2,1,26.0,1,0.017,0.4318,1.35,0.57,0.3903,2.55,0.6593,0.99,13.28,1.39,1.35,0.22,-0.8300000000000001,0.33,11.24,1.44,0.79,0.4033,3.85,1.57,0.7582,0.28,0.21,0.067,62.6,13.71,-1.16,2.33,0.29,0.62,10.72,1.07,4.3100000000000005,1.73,0.51,9.97,0.4599999999999999,6.87,1.7,0.5425,14.08,0.22,0.0808,1.44,0.5317000000000001,0.5,1.025,0.4625,0.268125,0.4875,0.32375,0.1875,16.3375,0.7875,0.0,0.0,-2.325,1.5375,9.975,0.8624999999999999,0.1875,0.436875,1.475,0.65,0.625,0.2375,0.125,0.159375,9.5,8.35,-3.9,1.5625,0.1875,0.0,7.8125,0.6875,1.65,1.9375,0.4375,14.5,0.3125,5.975,1.05,0.488,12.4625,0.0,0.05275,0.1875,0.4862499999999999,0.8135501356,0.0,13.699943799702194,1.6176744444642126,0.0,-0.22,-1.495,0.08460692576882177
anthony gill,WAS,PF,2022,2,1,29.0,1,0.0148,0.6008749999999999,1.7125,1.025,0.44575,0.7124999999999999,0.2993749999999999,0.3,7.699999999999999,0.525,1.8125,0.2625,-1.6749999999999998,-0.7000000000000001,14.0,1.2374999999999998,0.2375,0.543125,2.425,1.325,0.8098749999999999,0.975,0.8125,0.39825,37.25,9.7125,-0.975,7.924999999999999,0.725,0.7999999999999999,14.325,1.1875,3.725,1.1,0.2125,11.5125,0.3625,11.025,1.9375,0.650125,14.325,0.0,0.133625,1.1,0.604875,0.0,0.5,0.0,0.0,0.3,0.333,0.0,0.0,0.0,0.0,0.0,-17.1,-4.0,10.3,0.8,0.0,0.0,0.8,0.0,0.0,0.0,0.0,0.0,4.0,8.3,-13.1,3.2,0.3,-0.1,-8.8,1.8,0.0,0.0,0.0,50.0,0.8,6.6,1.0,0.0,7.6,-0.1,-0.209,-0.1,0.0,0.4707825203749999,0.0,9.726833479020977,1.6350416851993523,0.0,-0.1,-15.425,0.08405262783135677
nathan knight,MIN,PF,2022,2,1,24.0,1,0.0148,0.5155000000000001,2.0,1.025,0.26075,0.625,0.21625,0.1375,8.9375,0.45,3.0125,0.2375,-1.7625,-0.3124999999999999,20.1125,1.4,0.3,0.458125,2.625,1.1625,0.7581249999999999,1.6374999999999995,1.2374999999999998,0.6325000000000001,35.5,7.6875,-1.4125,11.8625,0.8625,0.4125,16.9,0.95,3.7375,1.35,0.2375,12.55,0.5,15.974999999999998,2.2625,0.564,21.075,0.025,0.133125,0.775,0.48375,0.4,0.8,0.3,0.0,0.3,0.286,0.0,0.0,0.0,12.3,0.3,-10.8,-0.4,46.3,1.0,0.0,0.286,1.2,0.3,0.0,0.3,0.0,0.286,6.0,2.3,-10.4,0.0,0.0,-0.1,2.7,0.3,0.7,0.0,0.0,0.0,0.0,23.4,1.0,0.254,24.9,0.0,-0.181,-0.1,0.286,0.4538871948749999,0.0,7.6834009018427505,1.5559158289892718,0.0,-0.025,-9.037500000000001,0.048132888627297095
justin champagnie,TOR,SF,2022,2,1,20.0,0,0.0002,0.538,1.1,0.6,0.357,0.8,0.418,0.3,5.4,0.3,1.4,0.1,-2.0,-0.7,14.3,1.0,0.3,0.463,1.9,0.9,1.0,0.3,0.3,0.134,36.0,7.8,-1.3,13.5,1.0,0.5,13.6,0.9,2.3,1.4,0.2,10.1,0.2,13.9,2.0,0.571,12.0,0.0,0.138,0.8,0.537,0.538,1.1,0.6,0.357,0.8,0.418,0.3,5.4,0.3,1.4,0.1,-2.0,-0.7,14.3,1.0,0.3,0.463,1.9,0.9,1.0,0.3,0.3,0.134,36.0,7.8,-1.3,13.5,1.0,0.5,13.6,0.9,2.3,1.4,0.2,10.1,0.2,13.9,2.0,0.571,12.0,0.0,0.138,0.8,0.537,0.43902439,0.0,7.800879630555556,1.3277720390698668,0.0,0.0,0.0,0.5
kessler edwards,BRK,SF,2022,2,1,21.0,1,0.0132,0.473,2.7,1.3,0.353,2.8,0.509,1.0,4.1,0.6,2.2,0.5,-3.8,-0.8,13.8,2.7,0.9,0.412,5.6,2.3,0.842,0.4,0.3,0.071,48.0,20.6,-3.1,5.0,0.9,-0.2,8.3,1.8,5.9,1.4,0.6,13.2,0.9,9.5,3.6,0.516,13.8,-0.5,0.031,0.6,0.502,0.0,0.0,0.0,0.0,0.0,0.0,0.0,17.5,0.5,0.0,0.0,-4.4,6.4,0.0,0.0,0.0,0.0,0.0,0.0,0.0,0.0,0.0,0.0,2.0,3.5,-10.8,0.0,0.0,0.0,-2.2,1.5,0.0,7.3,0.5,100.0,0.5,0.0,0.0,0.0,6.6,0.0,-0.104,0.0,0.0,0.585365854,0.0,20.5665625,1.465786387816464,0.0,0.5,-0.6000000000000005,0.0070295240008033735
blake griffin,BRK,C,2022,1,0,32.0,1,0.0148,0.5218,4.39,2.22,0.2819,3.89,0.47,1.1,16.2,2.51,1.2000000000000002,0.32,-1.35,-0.47,17.52,3.47,0.8400000000000001,0.4097999999999999,8.25,3.3200000000000003,0.7404,2.53,1.91,0.2854,45.4,21.97,-0.8800000000000001,5.26,0.97,0.79,13.1,1.87,9.6,1.23,0.54,10.04,1.13,11.51,4.46,0.518,19.92,0.18,0.0749,1.63,0.4769,0.2441249999999999,1.975,0.8624999999999998,0.395875,2.6875,0.61725,1.075,17.05,1.925,3.075,0.5,3.3375,1.225,13.5375,2.3875,0.1874999999999999,0.37825,4.6625,1.9375,0.8927499999999999,1.075,0.925,0.2451249999999999,5.749999999999999,17.75,2.15,8.525,1.1124999999999998,0.3249999999999999,15.162499999999998,2.175,5.875,1.85,0.6125,9.125,0.4625,11.1125,3.4625,0.55525,15.025,0.15,0.1297499999999999,0.5125,0.500625,0.5831300812,0.2,21.98515644409938,1.465786387816464,0.0,-0.03,4.6875,0.09282624246191794
austin rivers,DEN,SG,2022,1,0,29.0,1,0.0148,0.5341,2.39,1.26,0.3529,3.73,0.6202000000000001,1.33,9.96,1.6800000000000002,0.36,0.1,-2.97,-0.14,8.29,1.77,1.06,0.4198999999999999,6.120000000000001,2.5900000000000003,0.7171000000000001,0.94,0.65,0.1455,57.9,22.78,-2.83,1.44,0.29,0.41,8.65,1.82,7.130000000000001,1.67,0.78,11.72,0.84,4.93,2.06,0.5467,14.04,-0.39,0.0544999999999999,1.47,0.5295000000000001,0.5539000000000001,1.73,0.8900000000000001,0.3418,3.16,0.6484000000000001,1.13,8.620000000000001,1.49,0.87,0.21,-3.4800000000000004,0.2700000000000001,6.79,1.24,0.03,0.4147,4.89,2.02,0.8976999999999999,0.7999999999999999,0.65,0.1402,7.9,23.47,-3.75,0.29,0.07,0.03,6.38,2.8200000000000003,5.82,2.01,0.8799999999999999,14.22,0.81,3.36,1.31,0.5514,11.31,-0.08,0.0078999999999999,0.03,0.5266,0.7474254743,0.0,22.773329757745834,1.5087196434607788,0.0,0.31,-0.5100000000000002,0.12324918986289989
taj gibson,NYK,C,2022,1,0,36.0,1,0.0148,0.5986,3.09,1.85,0.3147,0.48,0.1528,0.2,5.59,0.7,4.16,0.8300000000000001,-0.8300000000000001,1.07,16.68,2.87,1.27,0.5639000000000001,3.5700000000000003,2.0500000000000003,0.7685,1.04,0.81,0.3001,51.9,18.64,-1.87,10.62,1.87,1.69,14.02,2.3600000000000003,5.04,1.37,0.49,12.11,0.56,13.63,4.74,0.6233,10.87,0.28,0.15,3.01,0.5905,0.6,4.0,2.4,0.0,0.0,0.0,0.0,4.6,0.8,3.5,1.0,2.1,3.6,15.5,3.8,0.3,0.6,4.0,2.4,1.0,0.2,0.2,0.05,5.0,27.6,-1.5,11.6,3.2,0.2,14.4,2.6,5.0,3.0,1.6,12.8,0.6,13.4,7.0,0.612,7.5,0.1,0.159,0.5,0.6,0.6767953927000001,0.0,18.63851617114351,1.3366980180404575,0.0,-0.18000000000000002,2.93,0.12483987928526454
robin lopez,ORL,C,2022,1,0,33.0,1,0.0148,0.5901000000000001,4.99,2.95,0.3165,0.51,0.0978,0.18,10.23,1.13,2.98,0.57,-2.72,-0.98,10.1,1.66,0.7400000000000001,0.5648,5.449999999999999,3.13,0.619,1.48,0.95,0.2675,52.5,17.130000000000003,-1.74,10.42,1.71,1.0699999999999998,13.9,1.7,7.33,0.35,0.15,15.55,1.13,10.29,3.37,0.5941000000000001,17.9,-0.07,0.0867,1.81,0.5807,0.732,3.52,2.56,0.0,0.0,0.0,0.0,0.0,0.0,2.64,0.48,-0.36,-0.2799999999999999,13.0,1.12,0.0,0.732,3.52,2.56,0.15,0.48,0.12,0.096,4.2,11.56,-0.0799999999999999,3.42,0.48,0.12,14.38,1.12,5.24,0.0,0.0,2.16,0.12,8.1,1.6,0.7146,12.82,0.0,0.1107999999999999,0.16,0.732,0.6986788617,0.0,17.121304725096387,1.2436263276816055,0.0,0.07,2.3600000000000003,0.051221835744511154
andre iguodala,GSW,SF,2022,1,1,38.0,1,0.0148,0.5845,1.45,0.8500000000000001,0.2736,2.51,0.633,0.69,20.02,3.02,3.56,0.73,1.13,2.67,14.71,2.7,1.21,0.3913,3.96,1.56,0.6524,0.6199999999999999,0.43,0.1624,38.6,20.12,-1.49,3.88,0.69,0.22,11.01,1.31,4.24,2.0500000000000003,0.8600000000000001,19.23,1.02,9.45,3.39,0.4961,11.6,0.54,0.0941,1.4300000000000002,0.4784,0.598,0.99,0.6000000000000001,0.367,1.12,0.4772999999999999,0.43,17.85,1.54,3.05,0.42,-0.8,1.68,9.81,1.39,0.13,0.4779,2.11,1.03,0.4763,0.26,0.19,0.1881,8.9,13.59,-2.4800000000000004,4.66,0.54,0.09,8.71,1.82,2.7,1.23,0.46,26.76,0.8300000000000001,7.18,1.92,0.5871,9.94,0.06,0.0678,0.2199999999999999,0.5684,0.5098577234,0.0,20.08117076219662,1.7730963758962406,0.0,-0.48000000000000004,-1.93,0.13475188366981103
udonis haslem,MIA,C,2022,1,1,41.0,0,0.0148,0.481,2.1,1.0,0.25,0.3,0.129,0.1,7.4,0.3,1.3,0.1,-7.1,-0.7,28.2,1.6,0.1,0.452,2.4,1.1,1.0,0.2,0.2,0.097,13.0,6.4,-6.4,5.6,0.3,-0.1,8.6,1.2,2.5,0.6,0.1,13.4,0.4,17.1,1.9,0.495,20.0,-0.1,0.033,0.1,0.468,0.481,2.1,1.0,0.25,0.3,0.129,0.1,7.4,0.3,1.3,0.1,-7.1,-0.7,28.2,1.6,0.1,0.452,2.4,1.1,1.0,0.2,0.2,0.097,13.0,6.4,-6.4,5.6,0.3,-0.1,8.6,1.2,2.5,0.6,0.1,13.4,0.4,17.1,1.9,0.495,20.0,-0.1,0.033,0.1,0.468,0.0945460704,0.0,6.20864102586923,1.3589592132652517,0.0,0.0,0.0,0.5
wesley matthews,MIL,SG,2022,1,1,35.0,1,0.0148,0.4898,1.3,0.65,0.3423,3.5,0.7323999999999999,1.2000000000000002,5.609999999999999,0.9,0.89,0.21,-2.52,0.4099999999999999,7.0,1.46,1.23,0.3826,4.8,1.85,0.8022,0.71,0.54,0.1446,55.3,20.93,-2.95,2.48,0.4499999999999999,0.52,7.23,1.62,5.47,1.25,0.58,7.98,0.44,4.83,1.93,0.5325,11.27,-0.0999999999999999,0.0685,1.75,0.508,0.3964999999999999,1.47,0.59,0.363,4.02,0.7297,1.45,4.67,0.87,0.81,0.23,-1.0099999999999998,1.36,6.68,1.63,0.39,0.3706,5.44,2.04,0.7735,0.9,0.69,0.1600999999999999,9.8,24.81,-2.39,3.39,0.76,0.12,7.33,2.21,6.19,1.2800000000000002,0.67,6.09,0.39,5.06,2.42,0.5281,11.4,0.07,0.0846,0.51,0.5022,0.7265582660000001,0.0,20.95077196619839,1.6176744444642126,0.0,0.1699999999999999,1.5100000000000002,0.17359969212468954
bismack biyombo,PHO,C,2022,1,1,29.0,1,0.0148,0.5818,4.15,2.42,0.0,0.0,0.0012,0.0,7.15,0.8400000000000001,4.8,0.86,-2.05,0.18,20.02,3.1100000000000003,1.05,0.5811999999999999,4.15,2.42,0.5225,2.04,1.1,0.4838,48.400000000000006,17.05,-2.23,12.55,1.99,1.02,15.38,2.02,5.880000000000001,0.8300000000000001,0.28,14.580000000000002,0.86,16.28,5.05,0.5842,15.36,-0.09,0.1319,2.07,0.5811999999999999,0.647,1.9,1.2,0.0,0.0,0.0,0.0,8.0,0.6,2.3,0.2,-2.3,0.5,14.8,1.2,0.0,0.647,1.9,1.2,0.5,0.7,0.3,0.353,9.0,9.6,-2.8,11.4,0.9,0.1,11.4,1.4,2.8,0.6,0.1,23.4,0.7,13.1,2.1,0.636,13.7,0.0,0.054,0.1,0.647,0.6417344172999999,0.0,17.04034445403326,1.5639224384863095,0.0,0.09,-0.25,0.09477633224369801
deandre jordan,PHI,C,2022,1,0,33.0,1,0.0148,0.6845,3.84,2.62,0.0,0.0,0.0012,0.0,8.0,1.06,4.58,0.86,0.2000000000000001,0.7100000000000001,30.43,5.02,1.39,0.6836,3.84,2.62,0.561,1.32,0.79,0.3357,52.3,17.47,-0.48,13.04,1.98,1.77,17.71,1.75,6.0600000000000005,0.8,0.3,19.72,1.11,21.92,7.0,0.6777,13.7,0.6200000000000001,0.1581,3.16,0.6836,1.0,1.7,1.7,0.0,0.0,0.0,0.0,5.5,0.3,6.0,0.7,1.0,2.3,22.7,2.0,0.0,1.0,1.7,1.7,0.0,0.0,0.0,0.0,3.0,10.3,-1.3,4.1,0.3,0.1,15.7,1.3,3.3,0.0,0.0,28.6,0.7,13.8,2.3,1.0,10.6,0.0,0.136,0.1,1.0,0.6857384826999999,0.0,17.449166822744363,1.4623786716956964,0.0,-0.6200000000000001,0.7999999999999999,0.032712917155860645
gorgui dieng,ATL,C,2022,1,0,32.0,1,0.005,0.5554,1.9,1.03,0.4126999999999999,1.77,0.5158,0.77,11.89,1.03,3.2300000000000004,0.45,2.37,1.21,24.06,2.62,0.78,0.484,3.7,1.7800000000000002,0.7797000000000001,1.16,0.8899999999999999,0.2947,46.0,12.03,1.2,8.73,0.96,1.05,17.83,1.45,5.2700000000000005,1.88,0.52,13.8,0.69,16.35,3.63,0.6266,17.189999999999998,0.6100000000000001,0.1588,1.81,0.5913999999999999,1.0,0.5,0.5,0.0,0.5,0.5,0.0,0.0,0.0,0.0,0.0,-1.3,-3.2,24.6,1.0,0.0,0.5,1.0,0.5,1.0,0.5,0.5,0.5,2.0,5.0,1.9,11.9,0.5,0.0,15.4,0.0,1.5,0.0,0.0,0.0,0.0,18.1,1.5,0.615,11.2,0.0,0.149,0.0,0.5,0.6016260164,0.0,12.06262581180622,1.3266473926735105,0.0,-0.6100000000000001,-3.67,0.017750008875004438
jamychal green,DEN,PF,2022,1,0,31.0,1,0.0148,0.5743,2.76,1.61,0.3301,2.73,0.4834,0.97,6.72,0.8800000000000001,1.99,0.4,-1.45,-0.11,20.59,3.47,1.46,0.4677,5.49,2.58,0.8276,1.16,0.96,0.2148,63.5,18.03,-1.39,8.14,1.29,1.24,13.35,2.51,6.99,1.48,0.52,12.73,0.9000000000000001,14.53,4.78,0.5857,16.619999999999997,0.13,0.115,2.75,0.5509,0.5267000000000001,2.35,1.24,0.277,1.46,0.3732999999999999,0.44,5.16,0.6300000000000001,1.31,0.2,-3.64,-1.53,18.76,2.51,0.04,0.4335,3.79,1.6800000000000002,0.9223,1.11,1.04,0.3117999999999999,8.1,16.020000000000003,-2.1100000000000003,6.720000000000001,1.01,0.24,9.93,2.0,4.84,0.23,0.1,8.05,0.37,12.48,3.5200000000000005,0.5613,12.74,-0.0099999999999999,0.0591999999999999,0.2299999999999999,0.4873,0.8252032522999999,0.0,18.041729256714376,1.5087196434607788,0.0,-0.1399999999999999,-2.1900000000000004,0.10180070559604983
raul neto,WAS,PG,2022,1,0,29.0,1,0.0148,0.5166,4.12,2.13,0.3401999999999999,1.95,0.3253,0.6699999999999999,19.71,2.6,0.38,0.05,-1.99,-0.0999999999999999,9.34,1.63,0.91,0.4629,6.07,2.82,0.8150999999999999,1.32,1.1,0.2219,65.0,18.85,-1.91,1.54,0.26,0.8999999999999999,12.64,1.44,7.38,2.06,0.81,13.16,0.97,5.470000000000001,1.89,0.5549,17.68,-0.05,0.0722,1.83,0.5191,0.3526,3.08,1.16,0.3202,2.8,0.487,0.88,11.6,1.2000000000000002,0.0,0.0,-4.12,-1.86,9.94,1.56,0.0,0.345,5.88,2.04,0.48,0.6,0.48,0.0881999999999999,3.8,18.64,-2.26,1.68,0.36,0.0,6.86,1.32,5.44,1.24,0.44,5.62,0.32,5.66,1.92,0.4427999999999999,15.06,-0.06,-0.0209999999999999,-0.06,0.4247999999999999,0.8434959352,0.0,18.85005687830688,1.6350416851993523,0.0,-0.009999999999999995,-2.13,0.0546508631398322
rodney mcgruder,DET,SG,2022,1,1,30.0,1,0.0148,0.5268999999999999,1.94,1.06,0.3899,2.22,0.5258,0.8400000000000001,9.94,0.87,0.68,0.1,-1.09,-0.1899999999999999,11.32,1.5100000000000002,0.48,0.4563,4.16,1.9,0.7022999999999999,0.52,0.38,0.1298,41.5,14.15,-0.8800000000000001,4.17,0.55,0.42,11.97,1.05,5.07,1.5799999999999998,0.45,9.39,0.45,7.689999999999999,2.06,0.5696,14.95,0.0399999999999999,0.0848,0.95,0.5569,0.5,0.4,0.2,0.667,0.6,0.6,0.4,19.0,0.4,0.0,0.0,11.8,2.5,21.2,0.6,0.0,0.6,1.0,0.6,0.0,0.0,0.0,0.0,5.0,3.2,9.3,6.9,0.2,0.1,25.8,0.0,1.6,0.0,0.0,0.0,0.0,13.9,0.8,0.8,13.7,0.1,0.304,0.1,0.8,0.5331978321999999,0.0,14.134568072645308,1.1357437062999272,0.0,0.06000000000000011,12.89,0.02652409963114924
thomas bryant,WAS,C,2022,1,0,24.0,0,0.0148,0.6466999999999999,5.47,3.6,0.3530999999999999,1.83,0.2549,0.6300000000000001,8.629999999999999,1.26,3.54,0.8600000000000001,0.21,-0.6699999999999999,19.86,3.81,0.42,0.5706,7.3,4.28,0.7858,1.97,1.51,0.2698,25.700000000000003,21.26,0.8,7.279999999999999,1.46,1.1800000000000002,18.130000000000003,2.17,10.63,0.76,0.32,10.13,0.92,13.53,5.27,0.6445,18.29,0.35,0.1431,1.63,0.6151,0.6466999999999999,5.47,3.6,0.3530999999999999,1.83,0.2549,0.6300000000000001,8.629999999999999,1.26,3.54,0.8600000000000001,0.21,-0.6699999999999999,19.86,3.81,0.42,0.5706,7.3,4.28,0.7858,1.97,1.51,0.2698,25.700000000000003,21.26,0.8,7.279999999999999,1.46,1.1800000000000002,18.130000000000003,2.17,10.63,0.76,0.32,10.13,0.92,13.53,5.27,0.6445,18.29,0.35,0.1431,1.63,0.6151,0.334078591,0.0,21.2430291215314,1.6350416851993523,0.0,0.0,0.0,0.5
damion lee,GSW,SG,2022,1,0,29.0,1,0.0148,0.5561,3.09,1.64,0.3588,3.5,0.55,1.26,9.16,1.4300000000000002,0.54,0.1,-1.4,0.31,15.330000000000002,3.08,1.4500000000000002,0.444,6.57,2.87,0.8873,1.36,1.15,0.1957,58.4,21.42,-1.71,2.34,0.46,1.05,11.53,1.71,8.190000000000001,1.6,0.71,9.11,0.73,8.89,3.54,0.5809,15.54,0.1599999999999999,0.0983,2.5,0.5439,0.5,1.1,0.6,0.25,1.0,0.471,0.3,7.5,0.4,0.0,0.0,-5.2,-1.1,18.5,1.3,0.1,0.382,2.1,0.8,0.667,0.2,0.1,0.088,16.0,7.8,-4.1,4.7,0.3,-0.1,5.8,0.5,2.0,0.4,0.1,14.5,0.4,11.8,1.6,0.453,14.6,-0.1,-0.005,0.0,0.441,0.7577574528,0.0,21.45785817318296,1.7730963758962406,0.0,-0.2599999999999999,-3.8000000000000003,0.09071560657339241
troy brown,CHI,SF,2022,1,0,22.0,1,0.0148,0.5021,2.890000000000001,1.4300000000000002,0.3389,2.15,0.4614,0.71,9.08,1.29,0.56,0.13,-2.34,-0.36,17.84,2.88,0.8400000000000001,0.4266,5.01,2.14,0.7555000000000001,0.78,0.5900000000000001,0.1389,57.0,17.78,-2.0,4.26,0.7,0.51,10.34,1.25,5.640000000000001,1.56,0.58,10.11,0.6000000000000001,10.98,3.6,0.5247999999999999,13.91,0.02,0.0584,1.33,0.5046999999999999,0.5,2.0,1.0,0.182,3.7,0.647,0.7,13.0,1.0,0.0,0.0,-7.0,-0.8,20.6,2.3,0.1,0.294,5.7,1.7,0.0,0.0,0.0,0.0,3.0,12.3,-6.2,2.5,0.3,-0.2,3.6,0.7,4.0,2.6,0.7,15.0,1.0,10.8,2.7,0.353,23.7,0.0,-0.157,-0.1,0.353,0.7357723577,0.0,17.773842723242268,1.3618736545270165,0.0,-0.02,-4.66,0.03513081229292814
aaron holiday,PHO,PG,2022,1,0,25.0,1,0.0148,0.4457,4.029999999999999,1.82,0.3787,2.3,0.3561999999999999,0.8600000000000001,18.37,2.45,0.8,0.15,-2.43,-0.12,8.99,1.53,1.03,0.4233,6.38,2.68,0.8499,1.2000000000000002,0.97,0.1885,64.5,18.34,-2.26,2.02,0.32,0.15,11.38,1.53,7.210000000000001,1.88,0.72,13.95,1.11,5.54,1.82,0.5271,18.94,-0.1199999999999999,0.0493,1.23,0.4903,0.497,1.7142857142857144,0.9285714285714286,0.6368571428571429,1.5142857142857142,0.4797142857142857,0.8571428571428572,76.97142857142858,1.7857142857142858,3.5000000000000004,0.1428571428571428,35.81428571428572,10.542857142857144,1.9142857142857144,0.2857142857142857,0.0,0.571,3.157142857142857,1.7857142857142858,0.1714285714285714,0.5142857142857143,0.2285714285714286,0.1187142857142857,5.428571428571429,7.5,25.27142857142857,13.6,0.4428571428571429,0.2428571428571428,50.14285714285714,0.8571428571428573,4.728571428571429,6.3,0.6428571428571429,4.2,0.2857142857142857,7.528571428571429,0.7285714285714286,0.7101428571428572,28.685714285714287,0.2428571428571428,0.6158571428571429,0.2714285714285714,0.7262857142857143,0.842479675,0.0,18.348044014069263,1.5639224384863095,0.0,0.3628571428571427,38.244285714285716,0.03327297498923006
josh okogie,MIN,SG,2022,1,0,23.0,0,0.0148,0.5013000000000001,2.13,1.08,0.2829,1.54,0.4309,0.4399999999999999,6.98,0.9000000000000001,1.98,0.33,-2.82,0.54,9.52,1.46,0.73,0.408,3.62,1.5,0.7329000000000001,1.66,1.27,0.4685,54.6,16.34,-3.4400000000000004,5.74,0.91,0.38,9.53,1.62,4.69,2.23,0.74,14.510000000000002,0.74,7.6,2.34,0.5308,12.7,-0.21,0.0598999999999999,1.1800000000000002,0.469,0.5013000000000001,2.13,1.08,0.2829,1.54,0.4309,0.4399999999999999,6.98,0.9000000000000001,1.98,0.33,-2.82,0.54,9.52,1.46,0.73,0.408,3.62,1.5,0.7329000000000001,1.66,1.27,0.4685,54.6,16.34,-3.4400000000000004,5.74,0.91,0.38,9.53,1.62,4.69,2.23,0.74,14.510000000000002,0.74,7.6,2.34,0.5308,12.7,-0.21,0.0598999999999999,1.1800000000000002,0.469,0.7168360434000001,0.0,16.339542249231766,1.5559158289892718,0.0,0.0,0.0,0.5
yuta watanabe,TOR,SF,2022,1,0,27.0,1,0.0148,0.4818,1.62,0.81,0.366,1.6700000000000002,0.483,0.6,6.890000000000001,0.6,2.69,0.34,-1.55,0.29,17.88,1.84,0.56,0.4229,3.26,1.39,0.6234,0.81,0.49,0.2402999999999999,37.6,11.36,-1.76,5.130000000000001,0.54,0.26,11.65,0.93,3.87,1.55,0.36,9.17,0.39,11.23,2.38,0.5275,15.35,0.06,0.0811,0.82,0.5107,0.4,1.3,0.5,0.0,0.3,0.167,0.0,0.0,0.0,0.0,0.0,-19.9,-9.0,0.0,0.0,0.0,0.333,1.5,0.5,0.0,0.0,0.0,0.0,4.0,2.5,-11.0,0.0,0.0,-0.1,-5.7,0.0,1.0,0.0,0.0,14.3,0.3,0.0,0.0,0.333,32.5,0.0,-0.419,-0.1,0.333,0.4900406502,0.0,11.362370311759063,1.3277720390698668,0.0,-0.06,-18.349999999999998,0.022876175835437943
theo pinson,DAL,SF,2022,1,1,26.0,0,0.0148,0.602,0.74,0.31,0.2041,1.4300000000000002,0.7544,0.35,13.4,0.8200000000000001,0.78,0.07,-6.36,-0.29,14.33,0.85,0.18,0.2708,2.14,0.6599999999999999,0.6876,0.35,0.35,0.1486,21.2,6.720000000000001,-6.069999999999999,1.33,0.11,-0.16,4.5600000000000005,0.5800000000000001,2.0,1.29,0.25,11.53,0.38,7.890000000000001,0.96,0.3838,15.74,-0.08,-0.0160999999999999,0.05,0.3446,0.602,0.74,0.31,0.2041,1.4300000000000002,0.7544,0.35,13.4,0.8200000000000001,0.78,0.07,-6.36,-0.29,14.33,0.85,0.18,0.2708,2.14,0.6599999999999999,0.6876,0.35,0.35,0.1486,21.2,6.720000000000001,-6.069999999999999,1.33,0.11,-0.16,4.5600000000000005,0.5800000000000001,2.0,1.29,0.25,11.53,0.38,7.890000000000001,0.96,0.3838,15.74,-0.08,-0.0160999999999999,0.05,0.3446,0.2783536584,0.0,6.712896864508584,1.6020279591509954,0.0,0.0,0.0,0.5
drew eubanks,POR,C,2022,1,1,24.0,0,0.0148,0.6063000000000001,4.19,2.51,0.6085,0.15,0.037,0.05,8.96,0.98,4.15,0.73,-1.06,-0.23,22.82,3.2,0.94,0.5962000000000001,4.34,2.58,0.7526,1.74,1.2999999999999998,0.4076999999999999,56.1,15.43,-0.83,10.78,1.58,1.56,17.83,1.67,6.57,1.14,0.33,16.73,0.99,16.71,4.83,0.6408,17.04,0.22,0.1353,2.55,0.6021,0.6063000000000001,4.19,2.51,0.6085,0.15,0.037,0.05,8.96,0.98,4.15,0.73,-1.06,-0.23,22.82,3.2,0.94,0.5962000000000001,4.34,2.58,0.7526,1.74,1.2999999999999998,0.4076999999999999,56.1,15.43,-0.83,10.78,1.58,1.56,17.83,1.67,6.57,1.14,0.33,16.73,0.99,16.71,4.83,0.6408,17.04,0.22,0.1353,2.55,0.6021,0.7190379407,0.0,15.435565428775783,1.3475274876794705,0.0,0.0,0.0,0.5
juan toscanoanderson,GSW,SF,2022,1,0,28.0,1,0.0148,0.6144000000000001,2.28,1.4,0.3511999999999999,1.4700000000000002,0.39,0.53,16.990000000000002,2.09,1.77,0.33,-0.8800000000000001,1.96,17.340000000000003,2.83,1.42,0.5102,3.73,1.93,0.6184999999999999,0.76,0.41,0.2092,55.0,17.25,-2.89,3.14,0.49,0.5499999999999999,11.16,1.89,4.82,2.17,0.79,20.59,1.05,10.32,3.3200000000000003,0.5891,13.19,0.37,0.094,1.94,0.5794,0.4,0.4,0.1,0.4,0.4,0.5,0.1,20.9,0.6,2.1,0.1,-4.4,1.1,22.3,0.7,0.1,0.4,0.7,0.3,0.333,0.2,0.1,0.3,14.0,3.5,-5.5,0.0,0.0,-0.2,4.6,0.2,0.8,2.0,0.1,41.4,0.6,11.4,0.7,0.486,17.3,0.0,-0.084,-0.1,0.5,0.7020663955,0.0,17.26410915135475,1.7730963758962406,0.0,-0.37,-3.5200000000000005,0.04911049862189927
bruno fernando,HOU,C,2022,1,1,23.0,1,0.022,0.5797,1.87,1.11,0.277,0.2199999999999999,0.0687,0.02,7.470000000000001,0.37,4.01,0.29,-2.82,-0.2,26.12,1.63,0.27,0.5538000000000001,2.01,1.11,0.6309,0.79,0.5,0.4192,36.1,7.13,-2.67,10.87,0.69,0.09,14.84,0.99,2.76,0.66,0.09,20.41,0.5900000000000001,18.57,2.32,0.5864,18.58,-0.12,0.0753,0.33,0.5607,0.667,0.5,0.3,0.0,0.0,0.0,0.0,0.0,0.0,0.0,0.0,4.0,-1.7,0.0,0.0,0.0,0.667,0.5,0.3,1.0,0.3,0.3,0.667,6.0,2.0,5.7,9.2,0.2,0.1,20.2,0.0,1.0,0.0,0.0,0.0,0.0,4.5,0.2,0.773,14.3,0.0,0.248,0.1,0.667,0.475982385,0.0,7.141683441136363,1.2302429768534169,0.0,0.12,6.82,0.04454458727583864
david duke,BRK,PG,2022,1,1,22.0,0,0.0002,0.423,3.2,1.4,0.243,1.7,0.343,0.4,6.6,0.8,1.8,0.3,-3.9,-0.9,11.5,1.7,0.3,0.361,4.9,1.8,0.81,1.0,0.8,0.194,22.0,15.5,-3.0,9.8,1.4,0.0,10.0,1.6,4.7,2.0,0.6,7.1,0.4,10.7,3.0,0.444,15.9,-0.2,0.048,0.3,0.403,0.423,3.2,1.4,0.243,1.7,0.343,0.4,6.6,0.8,1.8,0.3,-3.9,-0.9,11.5,1.7,0.3,0.361,4.9,1.8,0.81,1.0,0.8,0.194,22.0,15.5,-3.0,9.8,1.4,0.0,10.0,1.6,4.7,2.0,0.6,7.1,0.4,10.7,3.0,0.444,15.9,-0.2,0.048,0.3,0.403,0.268292683,0.0,15.50333333181818,1.465786387816464,0.0,0.0,0.0,0.5
ish wainright,PHO,PF,2022,1,1,27.0,1,0.0038,0.489,1.0,0.5,0.322,1.3,0.567,0.4,5.3,0.3,1.5,0.1,-2.0,1.0,7.9,0.6,0.6,0.394,2.3,0.9,0.583,0.3,0.2,0.115,45.0,8.0,-3.0,8.3,0.6,0.0,9.4,1.1,2.4,2.7,0.4,10.6,0.3,8.1,1.2,0.494,14.7,0.0,0.079,0.6,0.486,0.333,0.9,0.3,0.5,0.9,0.5,0.4,5.8,0.1,3.7,0.1,6.6,-0.4,17.7,0.6,0.0,0.417,1.7,0.7,0.0,0.0,0.0,0.0,7.0,3.7,7.0,33.0,1.0,0.0,21.3,0.3,1.9,2.0,0.1,20.0,0.4,25.1,1.6,0.542,26.5,0.1,0.076,0.0,0.542,0.548780488,0.0,7.971777777777778,1.5639224384863095,0.0,0.1,8.6,0.06711583311738793
admiral schofield,ORL,SF,2022,1,1,24.0,0,0.0040999999999999,0.5474285714285715,1.1857142857142855,0.6428571428571429,0.3238571428571429,2.0142857142857142,0.6265714285714287,0.6714285714285715,7.1571428571428575,0.6428571428571429,0.9714285714285716,0.1,-5.428571428571429,-1.2,15.185714285714289,1.7000000000000002,0.2428571428571428,0.4078571428571428,3.2285714285714286,1.3142857142857145,0.7620000000000001,0.4285714285714286,0.3,0.1294285714285714,36.57142857142857,11.985714285714288,-4.228571428571429,3.285714285714286,0.3428571428571429,-0.0428571428571428,7.1000000000000005,1.5,3.571428571428572,0.5714285714285715,0.1285714285714286,11.457142857142856,0.4857142857142857,9.142857142857144,2.0428571428571427,0.5277142857142858,13.757142857142858,-0.3714285714285715,0.0241428571428571,0.2428571428571428,0.509,0.5474285714285715,1.1857142857142855,0.6428571428571429,0.3238571428571429,2.0142857142857142,0.6265714285714287,0.6714285714285715,7.1571428571428575,0.6428571428571429,0.9714285714285716,0.1,-5.428571428571429,-1.2,15.185714285714289,1.7000000000000002,0.2428571428571428,0.4078571428571428,3.2285714285714286,1.3142857142857145,0.7620000000000001,0.4285714285714286,0.3,0.1294285714285714,36.57142857142857,11.985714285714288,-4.228571428571429,3.285714285714286,0.3428571428571429,-0.0428571428571428,7.1000000000000005,1.5,3.571428571428572,0.5714285714285715,0.1285714285714286,11.457142857142856,0.4857142857142857,9.142857142857144,2.0428571428571427,0.5277142857142858,13.757142857142858,-0.3714285714285715,0.0241428571428571,0.2428571428571428,0.509,0.4619628337142857,0.0,12.001920330792892,1.2436263276816055,0.0,0.0,0.0,0.5
jerami grant,POR,PF,2023,5,1,28.0,0,0.2028,0.4956,9.49,4.68,0.3779,5.69,0.376,2.14,11.760000000000002,2.4799999999999995,2.48,0.92,0.4800000000000001,-0.92,12.31,3.7,1.15,0.4511,15.18,6.82,0.8269,5.630000000000001,4.66,0.3724,56.4,34.2,1.4,2.34,0.7,2.23,16.21,2.35,20.47,1.15,0.79,9.57,1.84,7.19,4.4,0.581,24.81,1.14,0.0825999999999999,3.38,0.5225,0.4956,9.49,4.68,0.3779,5.69,0.376,2.14,11.760000000000002,2.4799999999999995,2.48,0.92,0.4800000000000001,-0.92,12.31,3.7,1.15,0.4511,15.18,6.82,0.8269,5.630000000000001,4.66,0.3724,56.4,34.2,1.4,2.34,0.7,2.23,16.21,2.35,20.47,1.15,0.79,9.57,1.84,7.19,4.4,0.581,24.81,1.14,0.0825999999999999,3.38,0.5225,0.7060975611,0.0,34.17033593794889,1.3872377744531157,0.0,0.0,0.0,0.5
fred vanvleet,TOR,PG,2023,3,0,28.0,1,0.3,0.4427,7.27,3.22,0.3573,9.21,0.5574,3.27,27.4,6.869999999999999,1.57,0.59,2.83,0.44,11.68,3.66,2.6,0.3952,16.46,6.49,0.8882000000000001,3.81,3.41,0.2316,64.4,37.02,2.37,1.5,0.53,3.5,17.05,2.61,19.66,2.33,1.75,10.67,2.14,6.35,4.21,0.5424,23.49,2.9400000000000004,0.1224,6.119999999999999,0.4947,0.389,4.5,1.8,0.333,9.0,0.667,3.0,27.5,6.3,3.1,1.0,3.5,0.9,9.7,2.5,0.0,0.352,13.5,4.8,0.833,1.5,1.3,0.111,4.0,35.0,2.6,1.6,0.5,0.1,15.7,3.0,13.8,2.6,1.8,6.6,1.0,5.3,3.0,0.486,20.1,0.2,0.06,0.2,0.463,0.80298103,0.0,37.03478655298774,1.3091857021551898,0.0,-2.74,0.6699999999999999,0.05546557806225456
kyrie irving,DAL,SG,2023,3,1,30.0,1,0.2796,0.5495,12.42,6.83,0.3953,8.01,0.392,3.13,25.98,5.69,1.61,0.72,4.05,-0.75,11.670000000000002,3.95,1.59,0.4889,20.43,9.99,0.9114,4.42,4.02,0.2163999999999999,49.5,36.96,4.800000000000001,2.62,0.88,4.58,22.5,2.76,27.15,1.62,1.25,9.32,2.28,7.24,4.83,0.6069,29.35,2.89,0.1614,6.17,0.5662,0.502,10.66,5.36,0.3762,6.0600000000000005,0.3594,2.28,17.659999999999997,4.54,2.24,1.02,3.08,-0.6599999999999999,12.16,4.04,0.2,0.4551999999999999,16.720000000000002,7.640000000000001,0.9716,4.42,4.34,0.2686,6.0,39.94,3.68,4.48,1.42,0.48,19.52,2.82,21.86,1.82,1.48,9.02,1.86,8.379999999999999,5.5,0.5855999999999999,23.54,0.32,0.1346,0.68,0.5232000000000001,0.6219512196000001,0.0,36.94880757614942,1.4178239537422668,0.0,-2.5700000000000003,-0.9699999999999998,0.11581511337934235
draymond green,GSW,PF,2023,4,1,32.0,1,0.1641,0.5888,4.470000000000001,2.67,0.2953,1.66,0.2674,0.44,30.93,7.28,2.69,0.8900000000000001,1.7000000000000002,3.34,21.92,6.279999999999999,3.0700000000000003,0.5104,6.13,3.1100000000000003,0.7132000000000001,1.63,1.16,0.2666,62.9,30.72,-1.64,3.34,0.93,1.28,13.05,3.0700000000000003,7.9,1.91,1.23,29.82,2.9,12.84,7.21,0.5766,13.51,1.7200000000000002,0.1107,4.35,0.5502,0.5435,5.4875,2.9875,0.2331249999999999,1.7374999999999998,0.239125,0.4,28.0125,6.612499999999999,2.95,1.0,2.0875,3.65,19.1625,5.5625,0.75,0.468375,7.1875,3.35,0.6936249999999999,2.5375,1.775,0.3491249999999999,15.749999999999998,31.125,-1.5,4.925,1.45,0.4,13.7375,4.0,8.875,2.1125,1.35,22.65,2.45,12.075,7.012499999999999,0.534625,14.5625,0.5,0.1139999999999999,1.15,0.4957499999999999,0.788414634,0.0,30.69568507850147,1.818350442764142,0.0,-1.2200000000000002,0.38749999999999973,0.20236011726283118
cameron johnson,BRK,PF,2023,4,1,26.0,1,0.1798,0.5471,4.09,2.24,0.3993,5.94,0.601,2.4,8.71,1.68,0.94,0.27,2.0700000000000003,0.47,13.78,3.41,1.7,0.457,10.03,4.59,0.8484,2.16,1.81,0.2072999999999999,52.8,26.91,1.6,2.93,0.7,2.25,15.47,1.79,13.42,1.74,0.99,6.77,0.8,8.43,4.09,0.6086,18.950000000000003,1.47,0.135,3.95,0.5765,0.5987,4.67,2.74,0.4155999999999999,5.55,0.5679000000000001,2.33,10.54,2.01,0.55,0.22,2.58,0.73,13.82,3.82,0.19,0.494,10.22,5.07,0.8536,1.95,1.63,0.2186,10.1,30.6,1.85,3.03,0.77,0.44,15.3,2.23,14.13,1.23,0.7000000000000001,8.99,1.06,8.559999999999999,4.57,0.6428,18.46,0.3,0.1133,0.63,0.6117999999999999,0.6642276423,0.0,26.93850483142857,1.277604051595164,0.0,-1.17,0.5099999999999998,0.17865689967327744
khris middleton,MIL,SF,2023,3,1,31.0,1,0.2155999999999999,0.5078,8.45,4.279999999999999,0.3521999999999999,5.51,0.395,1.94,27.64,5.15,0.5700000000000001,0.21,1.14,-0.3,14.73,4.18,1.6,0.4461,13.96,6.24,0.8976,3.5700000000000003,3.19,0.255,49.900000000000006,28.55,1.41,3.05,0.74,2.28,17.77,2.25,17.66,1.51,0.93,13.68,2.49,9.07,4.92,0.5662,26.71,1.25,0.1212,3.82,0.5153000000000001,0.4696,9.3,4.5,0.4003,6.82,0.4382999999999999,2.72,26.16,6.220000000000001,0.08,0.04,1.59,0.34,15.76,5.15,0.3500000000000001,0.4452,16.14,7.22,0.9109,4.29,3.79,0.255,7.7,36.120000000000005,1.28,3.21,1.0699999999999998,0.24,16.0,2.9,20.97,1.38,1.05,18.99,3.99,9.35,6.220000000000001,0.5814999999999999,25.97,0.35,0.086,0.6700000000000002,0.5339,0.6315718155,0.0,28.53846761782531,1.5226695887752213,0.0,-0.9,0.4500000000000002,0.1633363069212559
kyle kuzma,WAS,PF,2023,4,1,27.0,1,0.188,0.5293000000000001,8.8,4.68,0.3409999999999999,6.58,0.4312,2.22,15.1,3.28,1.59,0.64,-0.99,-0.89,20.58,6.32,2.13,0.4482,15.38,6.9,0.7168,3.12,2.27,0.1997999999999999,65.4,33.26,-0.12,3.74,1.1,-0.42,14.25,2.08,18.31,0.8500000000000001,0.5800000000000001,13.31,2.62,12.38,7.369999999999999,0.5453,25.27,0.56,0.0387,1.71,0.5216000000000001,0.4,4.2,1.7,0.174,3.8,0.479,0.7,8.9,1.2,0.8,0.2,-5.9,-0.8,17.4,3.2,0.2,0.292,8.0,2.3,0.667,1.5,1.0,0.188,6.0,21.5,-5.1,3.4,0.7,-0.4,3.3,1.3,6.3,0.8,0.3,10.4,1.0,10.1,3.8,0.366,20.0,-0.1,-0.086,-0.2,0.333,0.820596206,0.0,33.25818283640541,1.535732748372488,0.0,-0.66,-4.91,0.055984626361207594
dillon brooks,MEM,SF,2023,4,0,27.0,1,0.1664,0.4617,9.3,4.31,0.3245,5.529999999999999,0.3786,1.8,12.81,2.6,0.83,0.27,-3.2300000000000004,-0.71,8.93,2.46,1.83,0.4114,14.8,6.11,0.8071999999999999,2.62,2.12,0.1759,59.5,29.42,-2.52,2.68,0.73,-0.29,11.77,3.34,16.11,1.65,1.02,8.77,1.54,5.74,3.19,0.5045,24.76,-0.7300000000000001,0.0497,1.56,0.4727,0.414,8.71,3.79,0.3031,6.25,0.4394,1.86,11.27,2.15,0.51,0.17,-4.609999999999999,-1.03,9.29,2.49,0.14,0.3637,14.96,5.65,0.7106,2.33,1.69,0.1426,7.3,30.05,-3.58,2.15,0.66,-0.32,7.39,3.32,14.79,0.98,0.6799999999999999,8.75,1.56,5.48,3.1500000000000004,0.4475,24.090000000000003,-0.12,-0.0358,-0.18,0.4265,0.7483062328000001,0.0,29.423481367865147,1.3181577857749385,0.0,0.6100000000000001,-1.379999999999999,0.11136098849915349
jakob poeltl,TOR,C,2023,4,1,27.0,0,0.1434,0.6235999999999999,8.45,5.26,0.3,0.0,0.0015999999999999,0.0,13.82,2.5700000000000003,4.640000000000001,1.4700000000000002,1.59,0.85,22.61,5.51,2.35,0.6231,8.48,5.26,0.5461,2.6,1.45,0.3062,70.2,27.29,0.7200000000000001,13.15,3.46,3.810000000000001,20.24,2.78,12.02,1.42,0.8,14.23,1.5699999999999998,17.73,8.92,0.6238,17.27,1.72,0.155,6.21,0.6234,0.6235999999999999,8.45,5.26,0.3,0.0,0.0015999999999999,0.0,13.82,2.5700000000000003,4.640000000000001,1.4700000000000002,1.59,0.85,22.61,5.51,2.35,0.6231,8.48,5.26,0.5461,2.6,1.45,0.3062,70.2,27.29,0.7200000000000001,13.15,3.46,3.810000000000001,20.24,2.78,12.02,1.42,0.8,14.23,1.5699999999999998,17.73,8.92,0.6238,17.27,1.72,0.155,6.21,0.6234,0.8794715445000001,0.0,27.27482407902813,1.3091857021551898,0.0,0.0,0.0,0.5
max strus,MIA,SF,2023,4,0,26.0,1,0.1065,0.6260000000000001,2.14,1.28,0.3656,6.21,0.7499,2.3200000000000003,9.7,1.59,0.66,0.18,-1.02,-0.91,10.95,2.26,1.52,0.4283,8.4,3.6,0.8089999999999999,0.91,0.76,0.1103,68.2,23.79,-0.08,1.93,0.44,1.47,11.63,1.78,10.15,0.94,0.43,7.32,0.73,6.43,2.72,0.5821000000000001,17.89,0.4599999999999999,0.0861,2.96,0.5657,0.4629999999999999,1.91,1.06,0.2588,5.32,0.591,1.73,6.9,1.33,1.06,0.27,-3.83,-1.0800000000000003,10.25,2.46,0.4599999999999999,0.3132,7.229999999999999,2.79,0.6166,0.8500000000000001,0.66,0.0957,17.3,23.43,-2.8,2.19,0.54,0.28,6.7,1.93,7.92,0.72,0.39,4.3,0.48,6.109999999999999,3.03,0.4238,13.98,0.14,0.0206999999999999,0.74,0.4089,0.8449186993,0.0,23.799302302509428,1.4617682261129756,0.0,-0.3199999999999999,-2.81,0.19988933912675552
austin reaves,LAL,SG,2023,4,1,24.0,1,0.0883,0.625375,3.625,2.25,0.367625,3.1375,0.4725,1.15,13.675,2.8,1.0499999999999998,0.3,-0.2749999999999999,-0.1624999999999999,9.825,2.4625,1.175,0.50275,6.762499999999999,3.4,0.854625,3.275,2.85,0.4772499999999999,62.875,26.7,-0.1124999999999999,2.5249999999999995,0.575,3.35,13.625,1.5875,10.8625,0.875,0.5,12.425,1.2,6.237499999999999,3.075,0.654375,14.775,0.75,0.125125,4.4625,0.5882499999999999,0.481,6.6,3.2,0.443,5.5,0.454,2.4,18.2,4.6,0.5,0.2,2.2,0.2,8.9,3.2,0.4,0.464,12.1,5.6,0.895,3.6,3.2,0.294,16.0,36.2,2.0,3.9,1.3,1.2,15.4,2.4,16.9,0.8,0.6,10.2,1.6,6.5,4.4,0.616,18.5,0.6,0.135,1.6,0.564,0.7667682927499999,0.0,26.71551656951204,1.4716428692733816,0.0,-0.15000000000000002,2.475,0.2565144460990827
herbert jones,NOP,PF,2023,4,1,24.0,1,0.0883,0.534875,5.137499999999999,2.7375,0.33575,2.3875,0.3179999999999999,0.7625,10.6875,2.35,2.25,0.675,-0.375,1.625,9.85,2.5625,2.625,0.4716249999999999,7.525,3.5625,0.7925,2.2875,1.8625,0.3067499999999999,70.5,29.7125,-1.9375,5.1875,1.4249999999999998,1.725,12.175,3.1625,9.6875,2.6375,1.6374999999999995,13.3375,1.2999999999999998,7.5,3.9875,0.5692499999999999,14.2,0.8374999999999999,0.101,4.35,0.5249999999999999,0.5,5.3,2.7,0.417,2.0,0.273,0.8,6.8,1.8,1.9,0.8,0.4,1.5,6.7,2.0,0.1,0.477,7.3,3.5,0.773,3.7,2.8,0.5,6.0,37.7,-1.1,3.9,1.3,0.3,11.6,3.7,10.7,2.5,1.8,13.0,1.3,5.2,3.3,0.596,11.7,0.1,0.077,0.4,0.534,0.859756097625,0.0,29.69777097741841,1.4311552464518216,0.0,-0.7374999999999999,0.775,0.09746087911910362
grant williams,BOS,PF,2023,4,0,24.0,1,0.0911999999999999,0.5453,2.22,1.2400000000000002,0.3952,3.27,0.589,1.33,7.390000000000001,1.35,1.89,0.49,-1.41,0.74,13.35,2.98,2.28,0.4569,5.46,2.5,0.7741,1.27,1.03,0.2352,75.2,23.89,-2.12,4.43,0.95,1.69,10.01,2.44,7.33,1.08,0.5,13.62,0.92,8.96,3.94,0.6022000000000001,12.79,0.39,0.1002,3.95,0.5733999999999999,0.5166,1.52,0.8,0.4429,2.62,0.622,1.13,7.84,1.0,3.0700000000000003,0.6000000000000001,0.7300000000000001,1.2,10.99,1.87,0.3399999999999999,0.4659,4.12,1.9,0.8424,1.13,0.91,0.2486,15.7,19.32,-0.47,4.84,0.77,0.5,11.77,2.18,5.81,0.86,0.28,7.77,0.43,7.909999999999999,2.64,0.6383000000000001,11.36,0.18,0.1165,0.8400000000000001,0.6026,0.938414634,0.0,23.859438148941493,1.5265000202175407,0.0,-0.21000000000000002,2.14,0.14445018029842105
rui hachimura,LAL,PF,2023,3,1,24.0,1,0.1157,0.5324,6.98,3.7,0.3591999999999999,2.6,0.2761,0.95,6.529999999999999,1.06,1.05,0.28,-2.14,-1.21,16.03,3.73,1.11,0.4859,9.66,4.68,0.7325999999999999,1.99,1.47,0.2035,55.5,24.700000000000003,-1.03,3.53,0.76,0.71,13.35,1.36,11.75,0.8800000000000001,0.4600000000000001,7.790000000000001,0.88,9.91,4.49,0.5615,19.99,-0.12,0.0631,1.7400000000000002,0.5365,0.5978571428571429,5.971428571428572,3.571428571428571,0.5192857142857144,2.571428571428571,0.304,1.3714285714285714,4.014285714285714,0.7142857142857143,0.7857142857142858,0.2714285714285714,1.8000000000000005,0.5857142857142857,14.871428571428572,3.985714285714286,0.2857142857142857,0.5741428571428572,8.542857142857143,4.942857142857143,0.7965714285714286,2.185714285714286,1.7571428571428571,0.2585714285714285,12.857142857142858,27.242857142857147,1.2142857142857144,2.7142857142857144,0.7142857142857143,0.6571428571428573,15.342857142857143,2.171428571428572,12.942857142857145,0.8571428571428572,0.4714285714285715,7.057142857142858,0.7142857142857143,8.871428571428572,4.628571428571429,0.6794285714285715,16.585714285714285,0.3142857142857143,0.1314285714285714,0.9428571428571428,0.6537142857142857,0.6961382114999999,0.2,24.68054114569757,1.4716428692733816,0.0,0.4342857142857143,3.9400000000000004,0.2035106566518033
brook lopez,MIL,C,2023,2,1,34.0,1,0.1838,0.6063000000000001,6.27,3.8,0.362,4.38,0.4118,1.58,4.65,0.94,5.75,1.91,0.66,0.44,13.82,3.83,2.48,0.5059,10.6,5.38,0.8220000000000001,2.14,1.74,0.2027,56.9,27.51,0.19,6.87,1.75,2.76,17.08,2.5,14.13,0.94,0.55,8.9,1.15,10.44,5.58,0.6082000000000001,19.6,1.46,0.1395,5.27,0.5798000000000001,0.6309,8.120000000000001,5.15,0.3339999999999999,3.01,0.2759,1.0499999999999998,3.77,0.87,4.79,1.65,1.42,0.92,12.59,3.67,0.52,0.5476,11.13,6.199999999999999,0.8304,2.25,1.86,0.2041,10.7,32.31,0.5,8.25,2.51,0.49,17.08,2.26,15.28,1.4300000000000002,0.99,11.14,1.59,10.43,6.15,0.6227,17.89,0.3,0.1382,1.01,0.5932,0.7176151759,0.0,27.528172407326007,1.5226695887752213,0.0,-1.16,0.7599999999999999,0.18090554024100017
donte divincenzo,GSW,SG,2023,4,0,26.0,1,0.0801,0.4694,2.77,1.26,0.376,5.25,0.6595,1.99,16.32,3.21,0.6,0.15,-0.2999999999999999,0.5800000000000001,14.54,3.53,1.84,0.4068,7.97,3.25,0.8049999999999999,1.32,1.07,0.1632,61.8,25.85,-0.8800000000000001,4.62,1.09,1.22,12.39,1.7200000000000002,9.48,2.27,1.2000000000000002,15.56,1.59,9.63,4.609999999999999,0.5579000000000001,16.56,0.8200000000000001,0.0825,3.03,0.5308999999999999,0.3928571428571429,1.4428571428571428,0.5857142857142857,0.2912857142857143,3.571428571428571,0.7057142857142857,1.0571428571428572,18.15714285714286,2.771428571428572,1.1571428571428573,0.2285714285714286,-1.2142857142857144,1.9857142857142855,16.528571428571432,3.2,0.2428571428571428,0.3215714285714285,5.014285714285715,1.5714285714285716,0.4764285714285715,0.6428571428571429,0.4285714285714285,0.1342857142857142,10.142857142857144,19.58571428571429,-3.2,4.285714285714286,0.7714285714285716,-0.0571428571428571,8.085714285714285,1.4428571428571428,4.7,2.171428571428572,0.8571428571428572,21.871428571428574,1.5,10.314285714285711,3.942857142857143,0.4371428571428571,14.642857142857144,0.0714285714285714,0.0245714285714285,0.1857142857142857,0.4228571428571429,0.77601626,0.0,25.835825035064936,1.818350442764142,0.0,-0.7485714285714287,-0.9142857142857146,0.11059834635923962
pj washington,CHO,PF,2023,3,1,24.0,0,0.1239,0.5367999999999999,6.07,3.21,0.3607,5.23,0.4733999999999999,1.87,11.3,2.39,3.24,1.06,-0.8600000000000001,0.03,14.81,4.14,2.06,0.4509999999999999,11.3,5.03,0.7288,2.02,1.46,0.1767999999999999,68.8,30.56,-0.8600000000000001,4.0600000000000005,1.19,0.8,13.21,2.53,13.52,1.44,0.94,11.4,1.54,9.35,5.3100000000000005,0.5572,18.86,0.5900000000000001,0.0665,2.8600000000000003,0.5363,0.5367999999999999,6.07,3.21,0.3607,5.23,0.4733999999999999,1.87,11.3,2.39,3.24,1.06,-0.8600000000000001,0.03,14.81,4.14,2.06,0.4509999999999999,11.3,5.03,0.7288,2.02,1.46,0.1767999999999999,68.8,30.56,-0.8600000000000001,4.0600000000000005,1.19,0.8,13.21,2.53,13.52,1.44,0.94,11.4,1.54,9.35,5.3100000000000005,0.5572,18.86,0.5900000000000001,0.0665,2.8600000000000003,0.5363,0.8607046069,0.0,30.563930993775685,1.140560519186446,0.0,0.0,0.0,0.5
bruce brown,DEN,SF,2023,2,0,26.0,1,0.1617,0.5525,5.88,3.23,0.3578,2.17,0.2551,0.76,13.26,2.65,2.12,0.5900000000000001,-0.06,0.6699999999999999,14.35,3.41,2.2,0.5045,8.05,4.050000000000001,0.7534,1.85,1.4,0.2343,74.6,26.09,-0.75,5.32,1.16,2.25,14.37,2.3600000000000003,10.21,1.96,1.06,11.37,1.15,9.99,4.57,0.5788,16.58,0.95,0.1128,4.470000000000001,0.5506,0.6099,5.88,3.58,0.3230999999999999,2.68,0.3032,0.94,11.27,2.21,1.7000000000000002,0.5700000000000001,1.41,0.99,13.49,3.28,0.43,0.5270999999999999,8.510000000000002,4.5,0.8311,2.26,1.87,0.2606,13.6,28.31,0.42,5.3,1.23,0.5700000000000001,15.17,2.97,11.78,1.82,1.08,12.829999999999998,1.47,9.51,4.46,0.6167,17.509999999999998,0.3,0.1212999999999999,1.02,0.58,0.9317750676,0.0,26.10339075891026,1.4940850349763457,0.0,-0.6499999999999999,1.47,0.1651486490544024
dangelo russell,LAL,PG,2023,2,1,26.0,1,0.1272,0.5158,6.970000000000001,3.56,0.3774,7.33,0.5127999999999999,2.74,30.35,6.390000000000001,1.11,0.37,1.31,-1.14,9.06,2.58,1.52,0.4439999999999999,14.3,6.35,0.815,3.31,2.69,0.2336,63.4,31.55,2.37,1.52,0.45,2.62,16.560000000000002,1.92,18.130000000000003,1.48,1.02,14.21,2.59,5.279999999999999,3.01,0.5767,24.700000000000003,1.64,0.0959,4.19,0.5411999999999999,0.43425,6.799999999999999,2.9375,0.338875,5.324999999999999,0.4403749999999999,1.8125,26.575,5.387499999999999,0.625,0.1875,-2.15,-1.1,7.975,2.375,0.2875,0.3911249999999999,12.125,4.75,0.761875,2.0125,1.5625,0.166375,12.25,30.7625,-1.0499999999999998,1.5,0.375,-0.075,10.8125,2.3,12.8125,1.475,1.0,14.325,2.175,4.925,2.75,0.493125,21.5625,0.0,0.016125,0.2125,0.46575,0.7873983741999999,0.0,31.506854725244803,1.4716428692733816,0.0,-1.64,-3.46,0.15852885475197437
coby white,CHI,SG,2023,3,1,22.0,1,0.0817,0.5119,4.44,2.21,0.3732999999999999,5.359999999999999,0.5545,1.99,17.009999999999998,3.23,0.4499999999999999,0.15,-1.5099999999999998,-0.65,12.2,2.8500000000000005,1.53,0.4346,9.8,4.26,0.8728,1.32,1.17,0.1326999999999999,69.1,26.19,-0.86,1.1800000000000002,0.27,1.22,12.43,1.98,11.68,1.17,0.62,10.87,1.29,6.74,3.17,0.5631999999999999,19.39,0.21,0.074,2.75,0.5384,0.438,3.2,1.4,0.276,5.8,0.644,1.6,15.2,1.8,0.0,0.0,-4.5,-1.3,18.9,3.4,0.1,0.333,9.0,3.0,0.8,1.0,0.8,0.111,5.0,19.6,-3.2,0.0,0.0,-0.2,6.5,1.0,8.4,0.5,0.2,11.3,1.2,8.7,3.4,0.445,23.8,-0.1,-0.078,-0.2,0.422,0.8660569103,0.0,26.17682986685256,1.3452668230156484,0.0,-0.31,-2.99,0.05136997969837435
matisse thybulle,POR,SG,2023,3,1,25.0,1,0.0771999999999999,0.5864,1.77,1.06,0.3366,2.1500000000000004,0.5541,0.75,6.04,0.88,3.3200000000000003,0.8,0.4599999999999999,2.99,8.54,1.49,2.04,0.4515,3.89,1.76,0.6656,0.47,0.3199999999999999,0.1132,68.3,20.1,-2.53,3.31,0.5800000000000001,0.6799999999999999,10.63,1.92,4.54,3.5,1.4300000000000002,9.68,0.43,5.96,2.07,0.5558000000000001,10.03,0.8500000000000001,0.0955,2.72,0.5451,0.7312000000000001,1.2600000000000002,0.96,0.3012,2.08,0.6113999999999999,0.6000000000000001,3.3,0.36,4.46,0.8400000000000001,1.92,4.0,6.119999999999999,0.92,0.32,0.4672,3.34,1.56,0.3598,0.34,0.14,0.1134,10.2,16.439999999999998,-2.08,1.98,0.24,0.04,9.78,1.98,3.92,3.0200000000000005,1.0,5.82,0.2,4.08,1.16,0.5522,10.04,0.14,0.0917999999999999,0.36,0.56,0.8549457998000001,0.0,20.107940493199056,1.3872377744531157,0.0,-0.7100000000000001,1.46,0.10885169793536978
gabe vincent,MIA,PG,2023,3,0,26.0,1,0.0771999999999999,0.506,2.78,1.38,0.3392,4.59,0.6253,1.57,15.79,2.44,0.4499999999999999,0.11,-3.2,-0.18,7.82,1.48,1.52,0.4017,7.34,2.99,0.8545,0.89,0.76,0.1203,64.4,22.59,-3.02,1.69,0.33,-0.02,9.2,2.16,8.27,1.82,0.8,13.73,1.2599999999999998,4.73,1.84,0.5314000000000001,17.91,-0.36,0.044,1.49,0.5076,0.566,3.4,1.58,0.3817,4.539999999999999,0.5932999999999999,1.63,19.53,2.85,0.69,0.19,-0.48,0.52,6.22,1.1,0.4,0.449,7.99,3.23,0.726,1.08,1.03,0.1149,17.0,23.24,-1.0,0.89,0.26,0.15,10.79,2.19,9.09,1.21,0.69,14.86,1.18,3.47,1.3299999999999998,0.5886,17.47,0.11,0.0596,0.53,0.5627,0.8023035232,0.0,22.56094421827059,1.4617682261129756,0.0,0.47,2.72,0.21357107179075785
caris levert,CLE,SG,2023,2,1,28.0,1,0.1131,0.4790999999999999,8.25,4.01,0.3572,4.62,0.3719,1.63,20.68,4.28,1.17,0.39,-0.38,-0.0599999999999999,11.88,3.2,2.1500000000000004,0.4368999999999999,12.87,5.619999999999999,0.75,2.95,2.27,0.2334999999999999,63.8,30.63,-0.3199999999999999,2.71,0.7,1.24,14.29,2.28,15.19,1.64,1.05,11.330000000000002,1.81,7.27,3.93,0.5367000000000001,22.71,0.8,0.0806,3.3400000000000003,0.5046999999999999,0.519,5.4,2.8,0.361,7.2,0.571,2.6,13.3,2.6,0.5,0.2,2.1,0.8,12.5,3.8,0.2,0.429,12.6,5.4,0.615,2.6,1.6,0.206,5.0,34.0,1.2,2.9,0.8,0.1,12.4,2.0,15.0,0.6,0.4,6.8,1.0,7.9,4.6,0.546,20.3,0.2,0.092,0.3,0.532,0.7939701895,0.0,30.646585491325773,1.3606472443491973,0.0,-0.6000000000000001,2.48,0.08003035504290099
jock landale,PHO,C,2023,4,0,27.0,1,0.0588,0.622875,3.1,1.925,0.2784999999999999,1.35,0.319125,0.375,10.2875,0.925,2.4375,0.3625,-0.8375,-0.6625,16.6875,1.9625,0.9,0.515625,4.4875,2.3375,0.780875,1.2375,0.9125,0.270375,63.375,12.9625,-0.175,12.4125,1.5125,1.3125,16.25,1.5,5.9625,0.8,0.2,12.925,0.7875,14.4875,3.5375,0.5957499999999999,18.85,0.2,0.127875,2.25,0.561625,0.654,3.7,2.4,0.0,0.1,0.037,0.0,3.6,0.4,2.2,0.4,0.1,0.1,18.2,2.6,0.1,0.63,3.9,2.4,0.643,2.0,1.3,0.519,7.0,16.1,-0.1,10.6,1.4,0.3,16.2,2.1,6.1,1.3,0.4,5.7,0.3,14.5,4.0,0.648,13.7,0.1,0.144,0.3,0.63,0.7728658537499999,0.0,12.95160879682971,1.5787523108649064,0.0,-0.1,0.9375,0.12063818079336062
georges niang,PHI,PF,2023,3,0,29.0,1,0.0647,0.5350999999999999,1.76,0.95,0.4064,4.8,0.7328,1.97,7.720000000000001,1.05,0.78,0.18,-1.3299999999999998,-0.81,12.39,2.16,1.37,0.4395,6.54,2.86,0.8892,0.6,0.52,0.0879,76.2,19.74,-0.52,1.77,0.27,1.24,10.94,2.02,8.239999999999998,0.99,0.38,9.61,0.73,7.17,2.49,0.6035999999999999,17.02,0.2,0.0837,2.61,0.5885,0.5844,0.73,0.38,0.4025999999999999,2.8200000000000003,0.7836,1.1,5.23,0.51,0.84,0.12,-4.25,-1.41,6.93,0.8600000000000001,0.03,0.4315,3.55,1.51,0.5,0.14,0.14,0.0332,11.3,14.44,-2.8600000000000003,1.16,0.13,0.0399999999999999,5.65,1.84,4.28,0.24,0.09,13.13,0.57,4.15,0.99,0.5972,13.4,-0.09,0.0170999999999999,0.05,0.5878,0.9536585364,0.0,19.752228986077373,1.471103481460515,0.0,-0.29000000000000004,-2.92,0.09786248920449094
paul reed,PHI,C,2023,3,1,23.0,1,0.0567999999999999,0.5969,2.7,1.64,0.1585,0.15,0.0548,0.03,7.34,0.42,5.73,0.57,0.38,1.78,20.55,1.73,1.09,0.573,2.85,1.64,0.6012,0.53,0.4,0.1864,51.1,9.18,-1.4,17.68,1.4,0.82,20.26,1.5699999999999998,3.71,3.69,0.7,13.38,0.54,19.15,3.08,0.5884,17.75,0.29,0.186,1.91,0.5774999999999999,0.544,2.85,1.56,0.2001,0.09,0.0249,0.06,7.08,0.54,4.08,0.41,1.61,0.59,28.22,2.44,0.19,0.5479,2.91,1.62,0.6713,0.48,0.39,0.1502,9.7,11.4,1.0,22.01,1.99,0.26,20.36,1.48,3.67,1.99,0.49,11.96,0.49,25.160000000000004,4.43,0.5793999999999999,14.920000000000002,0.08,0.1975,0.47,0.5563,0.6319783199,0.0,9.224311090852842,1.471103481460515,0.0,-0.20999999999999996,1.23,0.19076107770175857
joe ingles,MIL,SF,2023,2,0,35.0,1,0.0809,0.5811,1.35,0.77,0.3987999999999999,4.92,0.7906,1.95,19.7,3.64,0.47,0.12,0.2600000000000001,0.73,11.27,2.67,1.33,0.4365,6.2700000000000005,2.75,0.8291999999999999,0.66,0.54,0.0975999999999999,49.9,24.4,-0.49,1.38,0.32,1.88,11.53,1.7000000000000002,8.030000000000001,1.29,0.6399999999999999,16.11,1.24,6.5,2.99,0.6077,13.579999999999998,0.8200000000000001,0.1177,3.21,0.5939,0.6804285714285715,0.9714285714285716,0.6857142857142857,0.4754285714285714,4.371428571428572,0.8311428571428572,2.0571428571428574,15.557142857142855,2.428571428571429,0.7142857142857143,0.1428571428571428,0.7714285714285716,0.0571428571428571,8.142857142857142,1.5714285714285716,0.0,0.514,5.342857142857143,2.7142857142857144,0.2197142857142857,0.3428571428571429,0.2571428571428572,0.0471428571428571,6.714285714285715,20.65714285714286,0.742857142857143,0.9714285714285714,0.1714285714285714,0.3,12.657142857142857,1.4857142857142858,7.771428571428571,1.4571428571428573,0.6,17.52857142857143,1.0857142857142856,4.571428571428572,1.7428571428571429,0.7167142857142859,13.67142857142857,0.1571428571428571,0.0885714285714285,0.2714285714285714,0.7124285714285715,0.6312330626,0.0,24.395079154931864,1.5226695887752213,0.0,-0.6628571428571429,0.5114285714285715,0.1022651762111356
ayo dosunmu,CHI,SG,2023,3,1,23.0,1,0.0476999999999999,0.5878749999999999,4.6875,2.7625,0.3359999999999999,2.4,0.3379999999999999,0.7749999999999999,14.4375,2.8625,1.2,0.3375,-2.3125,0.3375,9.525,2.275,1.8625,0.5031249999999999,7.025,3.5375,0.75775,1.0,0.7625,0.14475,78.875,26.65,-2.5875,2.0875,0.525,1.0749999999999995,10.575,2.3375,8.675,1.4,0.8,14.7125,1.275,5.824999999999999,2.8,0.5778749999999999,14.599999999999998,-0.125,0.06775,2.9375,0.5599999999999999,0.385,2.6,1.0,0.231,2.6,0.5,0.6,19.2,2.2,0.0,0.0,-5.3,-1.4,11.4,1.8,0.1,0.308,5.2,1.6,1.0,0.2,0.2,0.038,5.0,17.2,-3.9,4.3,0.8,-0.1,6.0,1.0,4.0,0.6,0.2,10.2,0.6,7.6,2.6,0.378,15.0,-0.1,-0.029,-0.1,0.365,0.96189024375,0.0,26.66185910866477,1.3452668230156484,0.0,0.024999999999999994,-2.9875,0.03930496482262778
tre jones,SAS,PG,2023,2,1,23.0,0,0.0728,0.5088,5.96,3.0700000000000003,0.3213,1.38,0.1643,0.3999999999999999,27.85,4.54,0.35,0.08,-1.35,-0.54,9.92,2.02,0.6900000000000001,0.4713,7.34,3.42,0.843,1.74,1.5,0.2447,62.1,21.04,-0.81,2.9000000000000004,0.56,1.91,14.92,1.11,8.75,1.87,0.87,11.760000000000002,1.09,6.32,2.58,0.5393,17.55,0.35,0.0905,2.65,0.4945,0.5088,5.96,3.0700000000000003,0.3213,1.38,0.1643,0.3999999999999999,27.85,4.54,0.35,0.08,-1.35,-0.54,9.92,2.02,0.6900000000000001,0.4713,7.34,3.42,0.843,1.74,1.5,0.2447,62.1,21.04,-0.81,2.9000000000000004,0.56,1.91,14.92,1.11,8.75,1.87,0.87,11.760000000000002,1.09,6.32,2.58,0.5393,17.55,0.35,0.0905,2.65,0.4945,0.7698509488,0.0,21.030087026253888,1.1395299987869476,0.0,0.0,0.0,0.5
jevon carter,MIL,PG,2023,3,0,27.0,1,0.0455,0.4339,2.03,0.87,0.4011,3.38,0.635,1.38,14.05,1.89,1.29,0.3,-0.8600000000000001,0.66,10.37,1.76,1.52,0.412,5.38,2.27,0.7721,0.36,0.28,0.061,72.3,17.66,-1.57,2.08,0.32,0.8899999999999999,10.77,1.48,6.08,1.64,0.62,10.67,0.71,6.34,2.06,0.5489,14.85,0.37,0.0854,2.43,0.5393000000000001,0.5,0.76,0.38,0.2002,1.14,0.5494,0.24,13.1,0.89,0.0,0.0,-5.050000000000001,-0.1800000000000001,9.78,0.92,0.09,0.3282,1.88,0.5700000000000001,0.3,0.12,0.06,0.0815,6.7,10.22,-4.94,0.75,0.09,0.0,5.18,0.48,1.46,1.43,0.36,6.96,0.15,5.27,1.01,0.38,10.2,-0.05,0.0045,0.09,0.3799,0.9020325203,0.0,17.68703256831089,1.5226695887752213,0.0,-0.42,-4.19,0.05089898698572504
jeff green,DEN,PF,2023,2,0,36.0,1,0.0588,0.5888,4.26,2.51,0.3208999999999999,2.35,0.3483,0.76,7.9,1.31,1.35,0.35,-2.61,-1.07,11.4,2.38,1.0,0.4996,6.640000000000001,3.3200000000000003,0.7771,2.31,1.82,0.3515,64.1,22.56,-1.56,3.27,0.6,1.79,11.85,1.86,9.19,0.79,0.37,10.13,0.8300000000000001,7.48,3.01,0.6009,16.509999999999998,-0.16,0.0887,2.84,0.5572,0.4594,1.89,0.88,0.3842,1.78,0.4762999999999999,0.77,5.08,0.81,1.71,0.38,-2.37,-0.3999999999999999,9.68,1.75,0.19,0.4289,3.67,1.6,0.8625,1.06,0.93,0.2895999999999999,12.7,20.32,-1.97,3.890000000000001,0.71,0.19,8.14,1.92,4.83,0.94,0.43,9.99,0.47,6.880000000000001,2.4400000000000004,0.5742,10.079999999999998,-0.06,0.0738,0.4,0.5215000000000001,0.8047425471,0.0,22.535517215861343,1.4940850349763457,0.0,0.1,0.23999999999999977,0.151431790442212
trey lyles,SAC,PF,2023,2,1,27.0,1,0.0588,0.5791,3.0,1.74,0.3478,2.78,0.4943999999999999,0.99,7.26,0.93,1.71,0.32,-0.95,-0.79,21.57,3.38,1.02,0.4644,5.78,2.68,0.7785,2.01,1.62,0.3328,64.1,17.72,-0.11,5.47,0.89,1.48,14.3,1.25,7.95,0.93,0.38,10.18,0.81,13.43,4.32,0.5947,17.84,0.36,0.0993,2.47,0.5515,0.615,1.9,1.1,0.333,3.9,0.675,1.3,6.0,0.7,0.0,0.0,0.3,-0.1,27.6,4.4,0.1,0.425,5.7,2.4,0.6,0.7,0.4,0.125,7.0,16.9,0.4,7.6,1.3,0.1,12.6,1.7,6.6,0.8,0.3,6.6,0.4,17.3,5.7,0.545,15.2,0.1,0.114,0.3,0.538,0.7894986446,0.2,17.68388090586134,1.202487161861631,0.0,-0.26,1.25,0.09432668448481524
moritz wagner,ORL,C,2023,2,1,25.0,0,0.0588,0.6229,3.6,2.25,0.3231,2.81,0.4377999999999999,0.8899999999999999,12.31,1.39,1.35,0.24,0.2599999999999999,0.17,19.54,3.07,1.11,0.4899,6.36,3.14,0.8255,2.58,2.18,0.4038,56.4,17.509999999999998,0.1099999999999999,5.66,0.93,1.69,16.63,2.28,9.33,1.44,0.51,12.33,1.07,12.58,4.0,0.6178999999999999,21.04,0.6,0.1323,2.78,0.5607,0.6229,3.6,2.25,0.3231,2.81,0.4377999999999999,0.8899999999999999,12.31,1.39,1.35,0.24,0.2599999999999999,0.17,19.54,3.07,1.11,0.4899,6.36,3.14,0.8255,2.58,2.18,0.4038,56.4,17.509999999999998,0.1099999999999999,5.66,0.93,1.69,16.63,2.28,9.33,1.44,0.51,12.33,1.07,12.58,4.0,0.6178999999999999,21.04,0.6,0.1323,2.78,0.5607,0.7030487804,0.0,17.509502899360065,1.1269724960575795,0.0,0.0,0.0,0.5
dwight powell,DAL,C,2023,3,1,31.0,1,0.0294,0.7169,3.67,2.63,0.1528999999999999,0.28,0.0587,0.08,7.66,1.03,1.98,0.4,-0.2099999999999999,0.41,14.42,2.48,1.55,0.6911,3.88,2.71,0.7248,2.3000000000000003,1.69,0.599,74.2,19.51,-0.62,10.95,1.91,4.22,16.54,2.67,7.140000000000001,1.46,0.5700000000000001,14.18,0.8300000000000001,12.66,4.32,0.7241,13.14,0.66,0.1873,5.77,0.6983,0.7502,1.52,1.12,0.0,0.06,0.0342,0.0,8.2,0.48,1.32,0.18,0.6399999999999997,1.4,16.2,1.46,0.06,0.7274,1.58,1.12,0.6986,1.14,0.76,0.6942,13.6,11.24,-0.76,8.98,0.8200000000000001,0.3,14.66,1.7600000000000002,3.0,1.16,0.24,13.4,0.3399999999999999,12.46,2.3200000000000003,0.743,10.260000000000002,-0.0799999999999999,0.1612,0.36,0.7274,0.9245257452,0.0,19.50002638513656,1.4178239537422668,0.0,-0.74,0.8499999999999996,0.0955097950273226
julian champagnie,SAS,SF,2023,4,1,21.0,0,0.0220999999999999,0.542,2.8,1.5,0.402,4.8,0.631,1.9,4.5,0.6,1.3,0.3,-3.3,-2.7,17.7,2.9,0.1,0.454,7.6,3.5,0.824,1.0,0.8,0.131,17.0,18.8,-0.6,3.3,0.6,0.3,13.4,1.5,9.7,0.9,0.4,7.4,0.6,10.2,3.5,0.6,19.2,-0.1,0.061,0.4,0.581,0.542,2.8,1.5,0.402,4.8,0.631,1.9,4.5,0.6,1.3,0.3,-3.3,-2.7,17.7,2.9,0.1,0.454,7.6,3.5,0.824,1.0,0.8,0.131,17.0,18.8,-0.6,3.3,0.6,0.3,13.4,1.5,9.7,0.9,0.4,7.4,0.6,10.2,3.5,0.6,19.2,-0.1,0.061,0.4,0.581,0.207317073,0.0,18.83147058823529,1.1395299987869476,0.0,0.0,0.0,0.5
reggie jackson,DEN,PG,2023,2,1,32.0,1,0.0368,0.4617,6.35,2.93,0.3509,4.98,0.4470999999999999,1.72,21.18,3.76,0.38,0.13,-2.77,-1.07,9.44,2.33,1.48,0.4131,11.33,4.65,0.8725,1.4500000000000002,1.24,0.1289,69.9,26.16,-1.75,1.75,0.43,-0.35,11.47,1.86,12.28,1.3199999999999998,0.6799999999999999,12.96,1.7599999999999998,5.68,2.71,0.5186,22.66,-0.4,0.0344,1.16,0.4918,0.1662857142857143,1.6571428571428573,0.9714285714285716,0.4737142857142857,2.3571428571428577,0.8751428571428572,1.0285714285714287,14.471428571428572,1.1857142857142855,0.1428571428571428,0.0571428571428571,2.0428571428571427,2.657142857142857,11.7,1.0142857142857142,0.1142857142857143,0.4954285714285714,4.014285714285715,1.971428571428572,0.2508571428571429,0.6285714285714287,0.5428571428571429,0.0465714285714285,9.714285714285715,11.485714285714288,-0.5428571428571428,0.3714285714285715,0.1142857142857143,0.3714285714285715,11.871428571428572,0.742857142857143,5.442857142857143,2.428571428571429,0.4,26.47142857142857,0.5714285714285715,6.242857142857144,1.1285714285714288,0.7145714285714286,11.728571428571431,0.2285714285714286,0.1018571428571428,0.4857142857142857,0.7068571428571429,0.8751355015,0.0,26.138246487289727,1.4940850349763457,0.0,0.6285714285714286,4.812857142857142,0.05750842114643721
shake milton,PHI,SG,2023,2,0,26.0,1,0.0034999999999999,0.5036,5.300000000000001,2.64,0.3559,2.31,0.3067999999999999,0.81,20.49,2.97,1.0100000000000002,0.25,-1.98,-0.8300000000000001,10.47,1.96,1.2200000000000002,0.4582,7.61,3.49,0.8432999999999999,1.7,1.44,0.2226,67.1,21.36,-1.12,2.87,0.5,1.23,12.84,1.7600000000000002,9.26,1.02,0.42,12.45,1.16,6.73,2.49,0.5524,19.72,-0.0099999999999999,0.0824,2.52,0.513,0.5555,1.38,0.61,0.2441,0.81,0.2993,0.35,12.98,0.5800000000000001,0.68,0.11,1.1700000000000002,3.13,13.46,0.8,0.08,0.506,2.14,0.96,0.9266,0.92,0.78,0.4216,9.0,7.729999999999999,-1.93,0.99,0.09,0.0799999999999999,14.25,0.8800000000000001,3.01,3.34,0.36,13.56,0.4,7.19,0.89,0.6293,16.82,0.0199999999999999,0.1286,0.18,0.5545,0.8396341461,0.0,21.382490350663403,1.471103481460515,0.0,0.029999999999999798,3.1500000000000004,0.04629278439420133
jalen mcdaniels,PHI,SF,2023,2,0,25.0,1,0.0332,0.543,3.97,2.17,0.3466,2.49,0.3895,0.85,9.13,1.35,1.91,0.4,-2.38,0.0999999999999999,15.97,2.99,1.4900000000000002,0.4663,6.43,2.97,0.7819,1.52,1.25,0.2419,65.9,20.68,-2.48,4.15,0.81,0.61,11.99,2.21,8.04,1.77,0.77,11.93,1.01,10.0,3.8,0.5678000000000001,16.59,-0.14,0.0743,2.1,0.5345,0.455,1.4,0.6,0.333,1.1,0.45,0.4,7.2,0.6,0.0,0.0,-5.0,-0.8,15.2,1.6,0.1,0.4,2.5,1.0,0.0,0.0,0.0,0.0,8.0,12.8,-4.3,3.3,0.4,0.0,5.2,1.0,2.4,0.5,0.1,13.0,0.4,9.1,2.0,0.475,10.4,-0.1,0.011,0.0,0.475,0.8195799456999999,0.0,20.683490971663925,1.471103481460515,0.0,0.04000000000000001,-2.62,0.0698874975088929
nickeil alexanderwalker,MIN,SG,2023,2,1,24.0,1,0.0345,0.4844,3.78,1.79,0.3547,3.87,0.5142,1.32,16.119999999999997,2.06,1.87,0.42,-1.5799999999999998,-0.1099999999999999,11.52,2.0,0.93,0.4174,7.65,3.11,0.7018,1.29,0.91,0.1783,58.2,18.66,-1.52,2.04,0.39,-0.24,11.45,1.61,8.48,1.74,0.66,13.170000000000002,1.17,6.84,2.3400000000000003,0.5294,20.82,0.05,0.0389,0.72,0.5085999999999999,0.5,2.0,1.0,0.4,5.0,0.714,2.0,7.1,1.4,0.6,0.2,-1.9,0.0,7.3,1.8,0.0,0.429,7.0,3.0,0.667,0.6,0.4,0.086,5.0,29.6,-1.9,0.8,0.2,0.0,7.7,1.8,8.4,1.0,0.6,9.9,0.8,3.9,2.0,0.578,12.6,0.0,0.011,0.0,0.571,0.7253387534,0.0,18.63377972003288,1.6052544660547492,0.0,-0.05,-0.32000000000000006,0.11993400388326854
seth curry,BRK,SG,2023,2,0,32.0,1,0.0294,0.5254000000000001,4.47,2.37,0.4191,4.62,0.5117,1.94,13.56,2.42,0.51,0.13,-1.29,-0.8,8.34,1.98,1.24,0.471,9.09,4.28,0.9043,1.18,1.03,0.1269,61.1,25.71,-0.49,1.0699999999999998,0.23,1.72,12.84,1.83,11.6,1.37,0.7,10.54,1.13,4.779999999999999,2.21,0.6024,18.57,0.38,0.0871,2.96,0.5786,0.6709,3.95,2.64,0.4243,4.6,0.5242,2.08,16.07,2.36,0.78,0.3,2.41,-0.22,6.640000000000001,1.5,0.05,0.5478000000000001,8.55,4.72,0.6914,1.06,0.76,0.1279,5.1000000000000005,25.910000000000004,2.63,0.84,0.21,0.41,15.58,2.05,12.26,0.34,0.25,5.62,0.55,3.77,1.71,0.6686,17.32,0.1999999999999999,0.1147,0.46,0.6615,0.7644308944,0.0,25.67634446874685,1.277604051595164,0.0,-0.1800000000000001,3.7,0.07759206868730997
troy brown,LAL,SF,2023,2,0,23.0,1,0.0294,0.5071000000000001,2.21,1.11,0.3592,2.87,0.554,1.0299999999999998,7.199999999999999,1.13,0.6699999999999999,0.17,-1.84,0.22,15.55,2.85,1.37,0.4268999999999999,5.06,2.14,0.8095,0.49,0.37,0.1015,64.6,20.13,-2.07,3.95,0.7,0.65,9.53,1.35,5.779999999999999,1.44,0.61,9.66,0.54,9.85,3.6,0.543,12.54,0.22,0.0655999999999999,1.97,0.5269,0.571875,1.4375,0.8125,0.1513749999999999,2.2,0.577625,0.3874999999999999,12.0625,0.9375,0.4375,0.0625,-3.5,0.3875,17.85,1.925,0.1,0.333375,3.575,1.1374999999999995,0.0,0.0,0.0,0.0,8.625,11.05,-3.8875,3.1875,0.3,-0.075,6.225,0.4499999999999999,2.625,1.475,0.3874999999999999,5.624999999999999,0.3749999999999999,10.4875,2.2625,0.378,15.075,0.0,-0.0276249999999999,0.025,0.378,0.7993224931,0.0,20.10847835182381,1.4716428692733816,0.0,-0.22,-1.66,0.06828541935012379
kevin love,MIA,PF,2023,2,1,34.0,1,0.0282,0.5017,2.95,1.48,0.3576,5.5600000000000005,0.6609,2.01,14.39,2.1100000000000003,0.81,0.18,1.63,0.0499999999999999,31.3,5.94,1.87,0.4053,8.51,3.49,0.8556999999999999,1.96,1.65,0.2259,58.2,21.73,1.6,5.12,1.0,1.32,15.45,1.42,10.62,0.8,0.39,12.11,1.2400000000000002,18.13,6.840000000000001,0.5634,21.51,1.27,0.1133,3.19,0.5233000000000001,0.387,1.6,0.6,0.375,4.4,0.739,1.7,9.6,1.2,2.0,0.4,1.3,1.1,31.4,4.9,0.6,0.378,6.0,2.3,0.875,0.8,0.7,0.134,20.0,18.0,0.1,4.4,0.7,0.3,13.7,1.8,6.9,1.3,0.5,7.4,0.5,17.7,5.6,0.543,17.0,0.3,0.115,0.9,0.517,0.7182249321,0.0,21.722445710767214,1.4617682261129756,0.0,-0.97,-0.32999999999999985,0.2215812778592294
russell westbrook,LAC,PG,2023,2,1,34.0,1,0.0282,0.484,11.53,5.550000000000001,0.3078999999999999,3.81,0.2532,1.16,38.5,8.219999999999999,1.02,0.42,0.3600000000000001,-0.0999999999999999,19.61,6.08,2.63,0.4389999999999999,15.34,6.73,0.6593,4.96,3.26,0.3225,72.9,32.120000000000005,0.4600000000000001,4.65,1.36,-0.38,16.450000000000003,2.58,17.94,1.58,1.08,17.990000000000002,3.85,12.24,7.42,0.5119,28.08,1.34,0.046,2.2,0.4780999999999999,0.409,14.657142857142858,6.0285714285714285,0.3264285714285714,5.142857142857143,0.2587142857142857,1.7142857142857144,35.02857142857143,8.657142857142858,2.1142857142857143,1.0571428571428572,1.9857142857142855,-0.4142857142857143,19.95714285714286,6.314285714285715,0.0,0.388,19.8,7.742857142857142,0.8545714285714285,6.0285714285714285,5.085714285714286,0.3162857142857143,5.0,38.05714285714286,2.4000000000000004,5.9,2.085714285714286,0.0428571428571428,17.057142857142857,3.1142857142857143,22.28571428571429,1.2142857142857142,0.9714285714285714,15.32857142857143,4.057142857142857,12.55714285714286,8.4,0.4955714285714286,29.25714285714286,0.2,0.0132857142857142,0.0714285714285714,0.4301428571428571,0.9110433602,0.0,32.148702779441514,1.6342284662973596,0.0,-1.1400000000000001,1.6257142857142854,0.07515727166916174
eric gordon,LAC,SG,2023,2,0,34.0,1,0.0235,0.5465,4.69,2.56,0.3749,5.75,0.5471,2.13,13.85,2.68,1.2000000000000002,0.39,-1.84,-1.7,6.720000000000001,1.74,0.26,0.4521,10.44,4.69,0.8089,2.81,2.29,0.2664,57.0,28.88,-0.14,0.95,0.25,1.47,12.41,1.2000000000000002,13.78,0.95,0.55,12.81,1.7,3.79,1.97,0.5931,19.520000000000003,0.06,0.0496,1.73,0.5544,0.533,3.0,1.6,0.345,5.8,0.659,2.0,12.0,2.6,1.0,0.4,-1.3,-0.4,5.0,1.2,-0.1,0.409,8.8,3.6,0.833,1.2,1.0,0.136,5.0,29.8,-0.9,0.7,0.2,0.1,9.2,2.4,10.2,1.0,0.6,7.9,0.8,2.7,1.4,0.547,14.3,0.0,0.019,0.1,0.523,0.7042682928,0.0,28.872134994653784,1.6342284662973596,0.0,-0.06,0.54,0.08300095813186568
derrick rose,NYK,PG,2023,2,0,34.0,1,0.0235,0.4575,5.819999999999999,2.73,0.3491999999999999,2.72,0.341,0.97,23.8,2.89,1.5499999999999998,0.33,-0.7800000000000002,-0.69,10.0,1.7000000000000002,0.68,0.4195,8.54,3.7,0.9221,1.06,1.0,0.1129999999999999,31.3,18.72,-0.09,2.6900000000000004,0.47,0.41,13.78,0.75,9.34,1.39,0.59,11.57,1.17,6.33,2.17,0.5038,23.71,0.42,0.0554999999999999,1.04,0.4776,0.478,13.4,6.4,0.471,3.4,0.202,1.6,29.3,5.0,0.6,0.2,4.3,1.1,10.3,3.2,0.2,0.476,16.8,8.0,1.0,1.8,1.8,0.107,5.0,35.0,3.2,2.3,0.8,0.2,17.1,1.0,19.4,0.6,0.4,8.3,1.6,6.1,4.0,0.551,24.3,0.3,0.108,0.4,0.524,0.3986449866,0.0,18.70907720625926,1.3178305284865148,0.0,-0.12,5.08,0.22997991946760307
aj green,MIL,SG,2023,3,1,23.0,0,0.0139999999999999,0.45,0.6,0.3,0.419,3.0,0.84,1.3,8.7,0.6,0.0,0.0,-0.9,-0.6,11.3,1.1,0.3,0.424,3.6,1.5,1.0,0.1,0.1,0.032,35.0,9.9,-0.3,1.9,0.2,0.5,11.5,0.9,4.4,0.8,0.2,6.6,0.3,6.8,1.3,0.607,16.6,0.1,0.111,0.8,0.6,0.45,0.6,0.3,0.419,3.0,0.84,1.3,8.7,0.6,0.0,0.0,-0.9,-0.6,11.3,1.1,0.3,0.424,3.6,1.5,1.0,0.1,0.1,0.032,35.0,9.9,-0.3,1.9,0.2,0.5,11.5,0.9,4.4,0.8,0.2,6.6,0.3,6.8,1.3,0.607,16.6,0.1,0.111,0.8,0.6,0.426829268,0.0,9.855714285714283,1.5226695887752213,0.0,0.0,0.0,0.5
josh richardson,NOP,SG,2023,2,0,29.0,1,0.0213,0.4906,4.5,2.2,0.373,4.29,0.4892,1.58,13.35,2.41,1.3199999999999998,0.35,-0.91,0.1199999999999999,9.53,2.1900000000000004,1.43,0.4323,8.809999999999999,3.83,0.8761,1.4700000000000002,1.34,0.1685999999999999,63.8,25.19,-0.98,2.93,0.6599999999999999,0.98,12.37,1.88,10.53,1.95,1.02,11.53,1.21,6.21,2.85,0.5568,18.16,0.44,0.0725,2.43,0.5238,0.444,2.6,1.1,0.3,1.4,0.357,0.4,7.6,0.7,0.0,0.0,-4.7,-1.1,10.4,1.1,0.0,0.393,4.0,1.6,1.0,1.3,1.3,0.321,7.0,13.4,-3.6,3.5,0.4,0.0,8.4,1.1,4.9,1.1,0.3,15.8,0.9,6.8,1.6,0.532,18.3,-0.1,-0.017,0.0,0.446,0.7980352304,0.0,25.216044983415905,1.4311552464518216,0.0,-0.54,-3.79,0.055146561688307866
josh okogie,PHO,SG,2023,2,1,24.0,1,0.0207,0.4683,2.36,1.07,0.3107,2.01,0.4586,0.64,8.41,1.12,2.21,0.41,-1.5700000000000005,0.5800000000000001,10.3,1.56,1.16,0.3971,4.39,1.76,0.7216,2.01,1.44,0.4639999999999999,62.5,16.61,-2.25,7.27,1.15,0.68,11.17,1.55,5.54,2.14,0.73,12.72,0.74,8.76,2.69,0.5281,14.9,0.1899999999999999,0.0793,1.87,0.4685999999999999,0.522,2.3,1.2,0.143,1.4,0.378,0.2,9.1,1.3,0.9,0.2,-2.3,-0.1,5.9,0.9,0.0,0.378,3.7,1.4,0.846,1.3,1.1,0.351,10.0,17.5,-2.2,8.2,1.2,0.2,9.3,1.8,4.1,1.7,0.6,6.6,0.3,7.0,2.1,0.48,11.5,0.0,0.048,0.2,0.405,0.7821815716,0.0,16.5937352932703,1.5787523108649064,0.0,-0.1899999999999999,-0.7299999999999993,0.14425553838227717
christian wood,DAL,C,2023,2,0,27.0,0,0.0199,0.5842,8.17,4.72,0.3798,4.57,0.3608,1.75,11.39,1.93,3.33,1.09,1.61,-0.3299999999999999,28.18,7.109999999999999,1.93,0.5105999999999999,12.74,6.5,0.6991,4.529999999999999,3.1,0.3577,62.1,28.65,1.92,5.79,1.51,2.5,20.03,2.42,17.87,1.05,0.6000000000000001,11.23,1.87,16.78,8.6,0.6087,25.37,1.59,0.1196,4.43,0.5791,0.5842,8.17,4.72,0.3798,4.57,0.3608,1.75,11.39,1.93,3.33,1.09,1.61,-0.3299999999999999,28.18,7.109999999999999,1.93,0.5105999999999999,12.74,6.5,0.6991,4.529999999999999,3.1,0.3577,62.1,28.65,1.92,5.79,1.51,2.5,20.03,2.42,17.87,1.05,0.6000000000000001,11.23,1.87,16.78,8.6,0.6087,25.37,1.59,0.1196,4.43,0.5791,0.7712059622,0.0,28.677208363703183,1.4178239537422668,0.0,0.0,0.0,0.5
torrey craig,PHO,PF,2023,2,0,32.0,1,0.0186,0.5529999999999999,2.84,1.56,0.3698,2.92,0.5057,1.11,7.81,1.31,2.63,0.65,-0.76,0.4599999999999999,16.590000000000003,3.23,1.89,0.4602,5.76,2.67,0.7351,0.5900000000000001,0.41,0.0998,72.9,21.72,-1.2200000000000002,7.439999999999999,1.4500000000000002,1.24,11.94,2.06,6.78,1.41,0.6,11.85,0.8200000000000001,12.0,4.68,0.5656,13.65,0.48,0.0966,3.13,0.5535,0.5895,1.63,1.04,0.391,1.82,0.5131000000000001,0.73,6.01,0.51,1.85,0.24,0.47,0.71,14.09,1.53,0.11,0.4836,3.45,1.77,0.7175,0.5800000000000001,0.4599999999999999,0.1619,12.6,13.03,-0.2199999999999999,6.65,0.6599999999999999,0.24,12.259999999999998,1.56,4.71,1.59,0.37,9.57,0.37,10.51,2.24,0.6013999999999999,14.739999999999998,0.1,0.0817,0.33,0.585,0.9059620594,0.0,21.67974104722493,1.5787523108649064,0.0,-0.38,1.23,0.09394666639199892
damion lee,PHO,SG,2023,2,1,30.0,1,0.0186,0.5094000000000001,2.61,1.29,0.403,3.23,0.561,1.33,8.4,1.21,0.49,0.1,-1.41,0.1,14.55,2.65,1.5,0.4467,5.84,2.6,0.8978,1.22,1.09,0.206,67.3,19.95,-1.51,2.56,0.45,1.1,10.98,1.57,7.62,1.29,0.52,11.13,0.8300000000000001,8.57,3.1,0.599,15.45,0.1699999999999999,0.0949,2.6500000000000004,0.5605,0.5625,0.7875,0.475,0.21875,1.5625,0.645375,0.3625,7.0625,0.525,0.0,0.0,-4.762499999999999,-0.9125,12.5625,1.0499999999999998,0.0375,0.33075,2.35,0.8,0.8751249999999999,0.2625,0.225,0.0955,11.0,9.8625,-3.7875,5.137499999999999,0.425,-0.0375,5.425,0.8125,2.0625,0.8375,0.225,8.3125,0.2125,8.925,1.475,0.4242499999999999,12.224999999999998,-0.1,-0.0075,0.0,0.3997499999999999,0.8400406503,0.0,19.947078274056764,1.5787523108649064,0.0,-0.2699999999999999,-3.352499999999999,0.07476109012161276
thomas bryant,DEN,C,2023,2,0,25.0,0,0.0186,0.6557,5.220000000000001,3.47,0.3921,1.4,0.2113999999999999,0.5,6.16,0.8200000000000001,2.93,0.65,0.18,-0.58,21.78,3.91,0.86,0.5971,6.619999999999999,4.0,0.7649,1.98,1.5100000000000002,0.3043,39.6,19.46,0.71,7.88,1.41,1.7000000000000002,18.57,1.95,9.98,0.7,0.29,9.15,0.73,14.96,5.27,0.6638999999999999,18.15,0.42,0.1611,2.58,0.6374,0.6557,5.220000000000001,3.47,0.3921,1.4,0.2113999999999999,0.5,6.16,0.8200000000000001,2.93,0.65,0.18,-0.58,21.78,3.91,0.86,0.5971,6.619999999999999,4.0,0.7649,1.98,1.5100000000000002,0.3043,39.6,19.46,0.71,7.88,1.41,1.7000000000000002,18.57,1.95,9.98,0.7,0.29,9.15,0.73,14.96,5.27,0.6638999999999999,18.15,0.42,0.1611,2.58,0.6374,0.4863143632,0.0,19.461011616429374,1.4940850349763457,0.0,0.0,0.0,0.5
keita batesdiop,SAS,PF,2023,2,0,27.0,0,0.0173,0.5501,3.79,2.1100000000000003,0.3485,1.44,0.266,0.53,7.930000000000001,1.04,1.25,0.25,-1.4600000000000002,-0.52,16.299999999999997,2.48,0.6599999999999999,0.4987,5.24,2.64,0.7561,1.54,1.24,0.2936999999999999,57.2,17.349999999999998,-0.9399999999999998,5.15,0.89,1.25,13.57,0.8300000000000001,7.08,1.61,0.58,10.45,0.68,10.58,3.34,0.5814999999999999,15.75,0.22,0.0821,1.89,0.5457000000000001,0.5501,3.79,2.1100000000000003,0.3485,1.44,0.266,0.53,7.930000000000001,1.04,1.25,0.25,-1.4600000000000002,-0.52,16.299999999999997,2.48,0.6599999999999999,0.4987,5.24,2.64,0.7561,1.54,1.24,0.2936999999999999,57.2,17.349999999999998,-0.9399999999999998,5.15,0.89,1.25,13.57,0.8300000000000001,7.08,1.61,0.58,10.45,0.68,10.58,3.34,0.5814999999999999,15.75,0.22,0.0821,1.89,0.5457000000000001,0.7077235773999999,0.0,17.33520541354144,1.1395299987869476,0.0,0.0,0.0,0.5
drew eubanks,POR,C,2023,2,0,25.0,0,0.0173,0.6262000000000001,4.279999999999999,2.67,0.4596,0.19,0.0476,0.08,9.21,1.17,4.79,1.01,-0.37,0.38,21.91,3.5200000000000005,1.35,0.6125,4.470000000000001,2.7,0.7058,1.7400000000000002,1.25,0.3954,71.1,18.200000000000003,-0.8,10.09,1.67,2.35,17.08,1.93,6.77,1.2,0.43,15.16,0.94,15.95,5.220000000000001,0.648,14.92,0.54,0.135,3.68,0.6203,0.6262000000000001,4.279999999999999,2.67,0.4596,0.19,0.0476,0.08,9.21,1.17,4.79,1.01,-0.37,0.38,21.91,3.5200000000000005,1.35,0.6125,4.470000000000001,2.7,0.7058,1.7400000000000002,1.25,0.3954,71.1,18.200000000000003,-0.8,10.09,1.67,2.35,17.08,1.93,6.77,1.2,0.43,15.16,0.94,15.95,5.220000000000001,0.648,14.92,0.54,0.135,3.68,0.6203,0.8853658537,0.0,18.208009116076404,1.3872377744531157,0.0,0.0,0.0,0.5
yuta watanabe,BRK,SF,2023,2,0,28.0,1,0.0173,0.5217,1.69,0.8700000000000001,0.4046,2.14,0.5626,0.85,7.02,0.74,2.37,0.35,-1.04,0.0,16.13,2.02,0.79,0.4551,3.8,1.77,0.7071000000000001,0.8500000000000001,0.5800000000000001,0.2207,50.4,14.41,-0.99,4.17,0.54,0.8200000000000001,11.94,1.22,4.97,1.35,0.39,9.07,0.43,10.03,2.56,0.5887,14.13,0.19,0.0984,1.56,0.5695,0.4,1.3,0.5,0.0,0.3,0.167,0.0,0.0,0.0,0.0,0.0,-19.9,-9.0,0.0,0.0,0.0,0.333,1.5,0.5,0.0,0.0,0.0,0.0,4.0,2.5,-11.0,0.0,0.0,-0.1,-5.7,0.0,1.0,0.0,0.0,14.3,0.3,0.0,0.0,0.333,32.5,0.0,-0.419,-0.1,0.333,0.6315718155000001,0.0,14.406256884869691,1.277604051595164,0.0,-0.19,-18.86,0.01358208468701444
mason plumlee,LAC,C,2023,1,1,32.0,1,0.0368,0.6587000000000001,5.71,3.78,0.0,0.02,0.0054,0.0,17.77,3.2,2.39,0.69,1.54,1.35,25.160000000000004,5.93,2.22,0.6551,5.73,3.78,0.5694,3.29,1.92,0.5725,72.6,25.74,0.19,11.08,2.69,4.16,17.95,2.94,9.43,1.31,0.7,17.700000000000003,1.55,18.07,8.620000000000001,0.653,14.37,1.6900000000000002,0.1634,6.38,0.6551,0.875,3.2,2.8,0.0,0.0,0.0,0.0,14.2,1.8,1.7,0.4,7.6,2.3,24.5,3.6,0.0,0.875,3.2,2.8,0.929,2.8,2.6,0.875,5.0,18.2,5.3,19.2,3.2,0.6,26.6,3.0,8.2,1.1,0.4,11.9,0.6,21.7,6.8,0.925,11.6,0.2,0.303,0.6,0.875,0.9043360432,0.0,25.71202459498625,1.6342284662973596,0.0,-1.4900000000000002,6.06,0.04643511025021892
bismack biyombo,PHO,C,2023,1,0,30.0,1,0.0055,0.5847,3.64,2.16,0.0,0.0,0.0008,0.0,7.869999999999999,0.87,6.96,1.13,-1.4400000000000002,1.45,20.92,2.91,1.35,0.5843,3.64,2.16,0.4286,1.4700000000000002,0.6699999999999999,0.4038,54.5,15.46,-2.89,11.77,1.71,0.55,14.73,1.94,4.890000000000001,0.95,0.3,16.53,0.8300000000000001,16.34,4.59,0.5710999999999999,14.43,0.0499999999999999,0.1182,1.95,0.5843,0.5944999999999999,1.9625,1.1375,0.0,0.0,0.0,0.0,9.125,0.725,7.4875,0.8875,-1.7999999999999998,2.0,21.1125,1.7625,0.0625,0.5944999999999999,1.9625,1.1375,0.5,1.7,0.7999999999999999,0.8354999999999999,8.375,9.725,-3.8,13.8375,1.15,0.1,13.9,1.9625,3.175,0.2249999999999999,0.0375,21.3375,0.7625,17.537499999999998,2.9125,0.591,15.7,0.0,0.0752499999999999,0.1,0.5944999999999999,0.6869918698999999,0.0,15.46765387610159,1.5787523108649064,0.0,-0.0499999999999999,-0.35999999999999965,0.08814435883543792
ty jerome,GSW,SG,2023,2,0,25.0,0,0.0179,0.5167,3.3200000000000003,1.69,0.3661,3.19,0.4730999999999999,1.17,22.18,2.91,0.57,0.12,-1.23,-0.07,9.170000000000002,1.66,0.58,0.4466,6.48,2.8600000000000003,0.8592000000000001,0.95,0.8,0.151,43.5,18.84,-1.19,1.48,0.28,0.88,12.47,1.51,7.72,1.4300000000000002,0.55,10.73,0.87,5.35,1.89,0.5604,17.45,0.18,0.0874,1.46,0.532,0.5167,3.3200000000000003,1.69,0.3661,3.19,0.4730999999999999,1.17,22.18,2.91,0.57,0.12,-1.23,-0.07,9.170000000000002,1.66,0.58,0.4466,6.48,2.8600000000000003,0.8592000000000001,0.95,0.8,0.151,43.5,18.84,-1.19,1.48,0.28,0.88,12.47,1.51,7.72,1.4300000000000002,0.55,10.73,0.87,5.35,1.89,0.5604,17.45,0.18,0.0874,1.46,0.532,0.5416666668,0.0,18.843248842228537,1.818350442764142,0.0,0.0,0.0,0.5
cam reddish,POR,SF,2023,2,0,23.0,1,0.0159,0.5046,4.54,2.28,0.3166,3.9,0.4621,1.2000000000000002,7.45,1.26,1.29,0.35,-2.7300000000000004,-0.47,8.969999999999999,2.02,0.73,0.4172,8.41,3.51,0.8605,2.28,1.95,0.2649,39.9,24.37,-2.26,2.47,0.56,0.15,11.0,1.78,10.12,2.08,1.06,11.37,1.22,5.73,2.53,0.541,19.07,-0.18,0.0419999999999999,0.8300000000000001,0.4901,0.455,5.5,2.5,0.643,3.5,0.389,2.3,12.6,1.8,1.9,0.5,6.5,3.9,15.3,3.3,0.2,0.528,9.0,4.8,0.8,1.3,1.0,0.139,4.0,23.0,2.6,1.2,0.3,0.2,19.2,2.8,12.8,3.2,1.5,11.6,1.3,8.3,3.5,0.668,20.8,0.2,0.173,0.3,0.653,0.495392954,0.0,24.33936564641876,1.3872377744531157,0.0,0.38,9.23,0.08643667620915045
jaxson hayes,NOP,C,2023,2,0,22.0,1,0.0159,0.652,3.7,2.42,0.2425999999999999,0.5800000000000001,0.1459,0.16,6.300000000000001,0.6499999999999999,3.38,0.56,-0.42,0.41,17.23,2.43,1.04,0.5852999999999999,4.3,2.53,0.7343,2.11,1.55,0.4934,56.5,15.72,-0.8,8.4,1.1800000000000002,1.93,16.22,1.7,6.79,1.4,0.43,12.08,0.73,12.8,3.61,0.6415,16.009999999999998,0.41,0.1464,2.98,0.6000000000000001,0.636,3.7,2.3,0.0,0.5,0.12,0.0,1.9,0.2,2.1,0.3,-4.9,-1.9,16.7,1.8,0.0,0.56,4.2,2.3,0.636,1.8,1.2,0.44,6.0,13.8,-3.0,5.3,0.7,0.1,11.9,1.8,5.8,0.0,0.0,11.8,0.7,10.7,2.5,0.586,17.5,-0.1,0.044,0.1,0.56,0.7093495937000001,0.0,15.69177723788551,1.4311552464518216,0.0,-0.51,-4.48,0.08527467095099797
oshae brissett,IND,PF,2023,2,0,24.0,0,0.0159,0.4776,3.15,1.5499999999999998,0.3446,2.99,0.4868,1.03,5.54,0.86,1.6,0.42,-2.14,-1.21,17.01,3.13,0.74,0.4129,6.17,2.58,0.7208,2.4400000000000004,1.79,0.4107,56.8,20.28,-0.93,6.7,1.26,0.8599999999999999,12.61,1.41,7.96,1.46,0.64,7.709999999999999,0.59,11.84,4.39,0.5466,16.36,-0.12,0.0786999999999999,1.57,0.497,0.4776,3.15,1.5499999999999998,0.3446,2.99,0.4868,1.03,5.54,0.86,1.6,0.42,-2.14,-1.21,17.01,3.13,0.74,0.4129,6.17,2.58,0.7208,2.4400000000000004,1.79,0.4107,56.8,20.28,-0.93,6.7,1.26,0.8599999999999999,12.61,1.41,7.96,1.46,0.64,7.709999999999999,0.59,11.84,4.39,0.5466,16.36,-0.12,0.0786999999999999,1.57,0.497,0.6997967482,0.2,20.27940349822536,1.1861977113743885,0.0,0.0,0.0,0.5
taurean prince,MIN,PF,2023,1,0,28.0,1,0.0332,0.5282,3.23,1.68,0.3833,3.55,0.5268999999999999,1.36,9.79,1.48,1.5799999999999998,0.36,-2.28,-0.42,12.6,2.33,1.02,0.4498999999999999,6.8100000000000005,3.0700000000000003,0.8198000000000001,1.44,1.19,0.2109,55.9,20.6,-1.84,1.85,0.37,0.49,11.14,2.02,8.64,1.42,0.6,12.78,1.11,7.23,2.6500000000000004,0.5831999999999999,17.67,-0.11,0.0634,1.5100000000000002,0.5507,0.381375,2.475,0.95,0.345375,3.675,0.592125,1.3,9.55,0.95,1.0499999999999998,0.2,-2.875,-0.925,7.274999999999999,1.025,0.0,0.3662499999999999,6.15,2.25,0.807625,1.65,1.325,0.26775,5.0,17.375,-1.95,2.8,0.45,0.0,9.0875,1.5,7.125,1.4625,0.525,11.825,0.925,5.112499999999999,1.475,0.5171250000000001,20.5625,0.0,-0.0125,0.0,0.4696249999999999,0.6955962058,0.2,20.57426566123129,1.6052544660547492,0.0,0.11,-0.5950000000000002,0.07015015160507584
dalano banton,TOR,PG,2023,2,0,23.0,1,0.0148,0.49025,2.4625,1.225,0.279375,1.3,0.3394999999999999,0.3875,19.4875,1.3125,3.3375,0.325,-1.475,0.525,14.599999999999998,1.1749999999999998,0.55,0.4184999999999999,3.825,1.6124999999999998,0.664125,0.7625,0.4625,0.197375,43.375,9.7125,-2.0,4.725,0.475,-0.15,13.0625,1.1,4.075,2.1875,0.4,14.3625,0.675,9.325,1.65,0.4892499999999999,21.4625,-0.0124999999999999,0.05125,0.4,0.4667499999999999,1.0,0.5,0.5,0.0,0.0,0.0,0.0,23.4,0.3,0.0,0.0,21.4,4.6,0.0,0.0,0.0,1.0,0.5,0.5,0.5,1.5,0.8,3.0,4.0,2.0,16.8,28.1,0.5,0.1,46.9,0.0,1.8,6.6,0.3,17.7,0.3,15.4,0.5,0.754,32.7,0.0,0.373,0.1,1.0,0.5289634143749999,0.0,9.692082072775955,1.3091857021551898,0.0,0.0124999999999999,22.875,0.01863586895198716
orlando robinson,MIA,C,2023,2,1,22.0,0,0.0132,0.566,2.7,1.5,0.0,0.2,0.067,0.0,8.4,0.8,2.9,0.4,-2.1,0.7,22.3,2.5,0.6,0.528,2.9,1.5,0.71,1.0,0.7,0.348,31.0,13.7,-2.7,12.8,1.5,0.5,13.4,1.7,3.7,1.4,0.4,13.5,0.5,17.4,4.1,0.565,12.4,0.0,0.129,1.1,0.528,0.566,2.7,1.5,0.0,0.2,0.067,0.0,8.4,0.8,2.9,0.4,-2.1,0.7,22.3,2.5,0.6,0.528,2.9,1.5,0.71,1.0,0.7,0.348,31.0,13.7,-2.7,12.8,1.5,0.5,13.4,1.7,3.7,1.4,0.4,13.5,0.5,17.4,4.1,0.565,12.4,0.0,0.129,1.1,0.528,0.37804878,0.0,13.714516129032257,1.4617682261129756,0.0,0.0,0.0,0.5
jae crowder,MIL,PF,2023,1,1,32.0,1,0.0148,0.5109,2.29,1.17,0.4002,4.43,0.6482,1.7199999999999998,9.79,1.74,1.42,0.37,1.15,1.4300000000000002,16.43,3.73,1.65,0.44,6.67,2.87,0.8052,1.0,0.8300000000000001,0.1439,41.1,23.38,-0.28,3.68,0.67,0.9,13.05,1.95,8.29,1.85,0.93,7.779999999999999,0.6200000000000001,10.27,4.43,0.5891,14.12,0.86,0.1349,2.55,0.5688,0.4837,2.24,1.14,0.1666,3.49,0.5654,0.95,9.19,1.5,1.0,0.31,-5.79,-0.49,12.68,2.75,0.3,0.3181,5.76,2.06,0.6465000000000001,1.17,0.88,0.1894,10.3,20.62,-5.2700000000000005,2.4000000000000004,0.43,0.0699999999999999,5.220000000000001,2.33,5.880000000000001,1.95,0.73,9.29,0.78,7.640000000000001,3.13,0.402,15.28,0.1199999999999999,-0.0335,0.37,0.3745,0.5215447154,0.0,23.375149642363183,1.5226695887752213,0.0,-0.7400000000000001,-6.9399999999999995,0.1810153208375664
alex len,SAC,C,2023,1,1,29.0,1,0.0148,0.5847,2.55,1.49,0.1498,0.28,0.0872,0.08,9.23,0.77,5.17,0.5800000000000001,-2.89,0.74,22.43,2.1,0.51,0.5497000000000001,2.81,1.56,0.6651,1.14,0.75,0.4573,37.5,10.93,-3.65,13.0,1.08,0.47,13.61,1.7300000000000002,3.97,1.08,0.25,23.18,0.81,17.7,3.2,0.5916999999999999,15.44,0.02,0.0901,0.96,0.5576000000000001,0.7188571428571429,1.7285714285714286,1.1714285714285717,0.0,0.0,0.0,0.0,3.942857142857143,0.1857142857142857,3.7857142857142856,0.2857142857142857,-4.085714285714286,0.5857142857142856,23.47142857142857,1.7571428571428571,0.0714285714285714,0.7188571428571429,1.7285714285714286,1.1714285714285717,0.7581428571428571,1.042857142857143,0.7285714285714286,0.6192857142857143,6.428571428571429,7.9,-4.671428571428572,12.000000000000002,0.942857142857143,0.0285714285714285,12.371428571428572,1.9571428571428573,3.071428571428572,0.3142857142857143,0.0571428571428571,28.42857142857143,0.7714285714285715,17.585714285714285,2.7,0.75,14.928571428571429,0.0,0.0891428571428571,0.1,0.7188571428571429,0.4789972901,0.0,10.930223958870194,1.202487161861631,0.0,-0.02,-1.1957142857142862,0.11024537736946158
garrett temple,NOP,SG,2023,1,0,36.0,0,0.0148,0.4265,1.61,0.7400000000000001,0.3742,2.15,0.5821000000000001,0.74,10.16,1.08,1.54,0.27,-1.85,0.95,9.62,1.2799999999999998,0.6799999999999999,0.3958,3.76,1.48,0.7399,0.49,0.3399999999999999,0.1124,41.4,14.29,-2.75,3.04,0.35,0.06,9.47,1.18,4.08,2.2,0.5700000000000001,10.010000000000002,0.51,6.2700000000000005,1.65,0.5206999999999999,13.49,-0.11,0.0681,0.7100000000000001,0.5044,0.4265,1.61,0.7400000000000001,0.3742,2.15,0.5821000000000001,0.74,10.16,1.08,1.54,0.27,-1.85,0.95,9.62,1.2799999999999998,0.6799999999999999,0.3958,3.76,1.48,0.7399,0.49,0.3399999999999999,0.1124,41.4,14.29,-2.75,3.04,0.35,0.06,9.47,1.18,4.08,2.2,0.5700000000000001,10.010000000000002,0.51,6.2700000000000005,1.65,0.5206999999999999,13.49,-0.11,0.0681,0.7100000000000001,0.5044,0.5238482386,0.0,14.279593782949153,1.4311552464518216,0.0,0.0,0.0,0.5
wesley matthews,MIL,SF,2023,1,0,36.0,1,0.0148,0.5096,0.92,0.49,0.3258999999999999,2.84,0.7581,0.95,5.19,0.74,1.15,0.27,-2.68,0.59,8.21,1.4,0.93,0.3706,3.76,1.39,0.8351,0.57,0.49,0.1582,52.3,17.92,-3.22,3.61,0.59,0.37,7.01,1.52,4.19,1.25,0.49,8.67,0.35,5.99,1.99,0.5237,10.39,-0.12,0.0678999999999999,1.2999999999999998,0.4936,0.1854,1.24,0.28,0.4614999999999999,3.73,0.7515000000000001,1.69,3.76,0.6699999999999999,1.32,0.3399999999999999,1.71,2.22,6.33,1.35,0.2,0.3999,4.94,1.97,0.4001,0.44,0.35,0.0786999999999999,5.8,22.55,-0.51,3.12,0.65,0.11,9.08,1.88,5.96,1.72,0.8,2.43,0.15,4.72,2.02,0.5893,10.29,0.08,0.0947,0.31,0.5746,0.6574525744999999,0.0,17.920672247988957,1.5226695887752213,0.0,0.2,4.390000000000001,0.12246185882850844
deandre jordan,DEN,C,2023,1,1,34.0,1,0.0148,0.7276,3.23,2.33,0.5,0.0,0.0053,0.0,7.34,0.8900000000000001,4.17,0.73,-1.12,0.58,28.94,4.119999999999999,1.05,0.728,3.23,2.38,0.494,1.16,0.6100000000000001,0.3662999999999999,45.3,15.78,-1.63,11.84,1.58,1.0,15.93,1.75,5.34,0.91,0.3,23.2,1.14,20.61,5.75,0.7050000000000001,13.64,0.21,0.1299,2.05,0.7305,0.7918749999999999,1.1374999999999995,0.9499999999999998,0.0,0.0,0.0,0.0,8.125,0.3,6.125,0.4499999999999999,-1.25,3.7375,28.575,1.375,0.0,0.7918749999999999,1.1374999999999995,0.9499999999999998,0.3125,0.3125,0.1875,0.416875,3.625,6.05,-4.9875,1.5374999999999996,0.1124999999999999,0.0375,11.3875,0.7999999999999999,2.05,0.0,0.0,31.975,0.575,15.55,1.4874999999999998,0.7775,15.7875,0.0,0.044125,0.0375,0.7918749999999999,0.5717479675999999,0.0,15.773018189338732,1.4940850349763457,0.0,-0.21,-0.1299999999999999,0.02976694408429279
taj gibson,WAS,C,2023,1,1,37.0,1,0.0026,0.5827,2.4400000000000004,1.44,0.325,0.52,0.1837,0.21,7.35,0.69,3.31,0.56,-1.94,0.97,15.15,2.0900000000000003,0.95,0.5408000000000001,2.96,1.6,0.7448,0.99,0.72,0.3315,49.1,14.52,-2.84,9.11,1.3,1.04,12.5,2.0700000000000003,4.1000000000000005,1.45,0.41,13.56,0.5,12.2,3.39,0.6065,12.59,0.11,0.1205,1.97,0.5721,0.6,4.0,2.4,0.0,0.0,0.0,0.0,4.6,0.8,3.5,1.0,2.1,3.6,15.5,3.8,0.3,0.6,4.0,2.4,1.0,0.2,0.2,0.05,5.0,27.6,-1.5,11.6,3.2,0.2,14.4,2.6,5.0,3.0,1.6,12.8,0.6,13.4,7.0,0.612,7.5,0.1,0.159,0.5,0.6,0.6140243903,0.0,14.517285042542737,1.535732748372488,0.0,-0.009999999999999995,4.04,0.16217512092623146
markieff morris,DAL,PF,2023,1,1,33.0,1,0.0148,0.4842999999999999,2.53,1.25,0.3591,2.37,0.5217,0.8600000000000001,11.45,1.11,1.0,0.14,-2.44,-0.26,16.310000000000002,2.0500000000000003,0.6500000000000001,0.4276999999999999,4.9,2.11,0.9107,0.4600000000000001,0.42,0.0936,34.8,14.239999999999998,-2.18,4.98,0.66,0.0099999999999999,10.330000000000002,1.61,5.52,1.08,0.35,13.28,0.79,10.73,2.66,0.5424,18.06,-0.09,0.0581,0.6100000000000001,0.5225,0.2,1.3,0.3,0.25,1.0,0.444,0.3,11.9,0.8,2.6,0.3,-7.1,-1.3,0.0,0.0,0.0,0.222,2.3,0.5,0.667,1.5,1.0,0.667,4.0,9.5,-5.8,11.4,1.0,0.0,4.1,1.5,2.3,0.0,0.0,14.7,0.5,5.9,1.0,0.387,16.0,0.0,-0.025,0.0,0.278,0.4450542003,0.0,14.272053288487395,1.4178239537422668,0.0,0.09,-4.66,0.0712207994722164
justin holiday,DAL,SF,2023,1,0,33.0,0,0.0148,0.4929,1.85,0.92,0.3475,4.76,0.7139,1.7,7.729999999999999,1.3,1.87,0.44,-2.81,-0.31,8.91,1.8300000000000003,0.79,0.3893,6.61,2.62,0.7119,0.58,0.44,0.0749,59.6,22.05,-2.45,1.17,0.25,0.32,8.23,1.76,7.38,1.36,0.64,9.06,0.68,5.01,2.1,0.5241,14.59,-0.06,0.0277,1.09,0.5136000000000001,0.4929,1.85,0.92,0.3475,4.76,0.7139,1.7,7.729999999999999,1.3,1.87,0.44,-2.81,-0.31,8.91,1.8300000000000003,0.79,0.3893,6.61,2.62,0.7119,0.58,0.44,0.0749,59.6,22.05,-2.45,1.17,0.25,0.32,8.23,1.76,7.38,1.36,0.64,9.06,0.68,5.01,2.1,0.5241,14.59,-0.06,0.0277,1.09,0.5136000000000001,0.7512195122,0.0,22.078369401648388,1.4178239537422668,0.0,0.0,0.0,0.5
cody zeller,MIA,C,2023,1,0,30.0,1,0.0148,0.622,4.1,2.56,0.0286,0.2,0.0474,0.02,9.06,0.95,1.8,0.29,-2.13,-0.69,22.71,3.0200000000000005,0.43,0.5953999999999999,4.3,2.58,0.7186000000000001,2.19,1.58,0.5331,25.200000000000003,15.36,-1.4,13.49,1.92,0.8900000000000001,17.0,2.23,6.69,0.94,0.31,14.66,0.8800000000000001,17.98,4.890000000000001,0.6374,17.48,0.08,0.1476,1.34,0.5966,0.571,1.7,1.0,0.0,0.0,0.0,0.0,5.7,0.3,2.3,0.2,-6.8,-0.1,24.7,1.8,0.2,0.571,1.7,1.0,0.4,0.7,0.3,0.429,21.0,8.3,-6.7,7.1,0.5,-0.1,7.5,1.3,2.2,0.6,0.1,23.8,0.6,15.8,2.3,0.553,14.1,-0.2,0.024,0.1,0.571,0.3235772358,0.0,15.348597221944445,1.4617682261129756,0.0,-0.28,-4.67,0.3104893012120305
patrick beverley,CHI,SG,2023,1,0,34.0,1,0.0148,0.5036,2.31,1.18,0.3498,3.82,0.6267,1.3199999999999998,16.4,3.25,2.62,0.73,0.3500000000000001,1.7599999999999998,12.32,2.91,1.76,0.4064,6.130000000000001,2.48,0.7381,1.43,1.06,0.223,58.3,25.67,-1.41,3.47,0.8400000000000001,1.29,11.29,2.88,7.359999999999999,1.85,0.97,13.05,1.02,7.96,3.72,0.5447,13.05,0.78,0.1029,3.15,0.5158,0.5196000000000001,3.0,1.56,0.348,3.46,0.5362,1.22,17.919999999999998,3.44,3.3,1.0,1.2400000000000002,1.66,9.16,2.22,0.24,0.4277999999999999,6.52,2.78,0.752,2.54,1.78,0.3518,10.4,26.98,-0.46,3.04,0.6599999999999999,0.32,11.7,3.66,8.56,1.78,1.0,12.239999999999998,1.28,6.16,2.88,0.5612,13.88,0.18,0.092,0.5,0.5208,0.7235094851999999,0.0,25.68911828533711,1.3452668230156484,0.0,-0.6000000000000001,0.8900000000000001,0.15788848793547886
kelly oubre jr,CHO,SF,2023,1,0,27.0,0,0.0148,0.5322,8.1,4.24,0.3262,6.779999999999999,0.4637,2.22,5.96,1.14,1.39,0.48,-1.35,-0.93,13.13,3.67,1.61,0.4353,14.88,6.48,0.7191,3.54,2.6,0.2367,57.8,30.18,-0.42,4.47,1.3,0.5900000000000001,14.53,2.64,17.73,1.91,1.2,6.76,1.1800000000000002,8.780000000000001,5.0,0.5408000000000001,24.57,0.24,0.0616,2.28,0.5113000000000001,0.5322,8.1,4.24,0.3262,6.779999999999999,0.4637,2.22,5.96,1.14,1.39,0.48,-1.35,-0.93,13.13,3.67,1.61,0.4353,14.88,6.48,0.7191,3.54,2.6,0.2367,57.8,30.18,-0.42,4.47,1.3,0.5900000000000001,14.53,2.64,17.73,1.91,1.2,6.76,1.1800000000000002,8.780000000000001,5.0,0.5408000000000001,24.57,0.24,0.0616,2.28,0.5113000000000001,0.7235094851999999,0.0,30.147958652462123,1.140560519186446,0.0,0.0,0.0,0.5
boban marjanovic,HOU,C,2023,1,1,34.0,1,0.0148,0.6408,2.52,1.5500000000000005,0.1,0.1,0.0388,0.0,6.97,0.24,1.6,0.12,-0.6799999999999999,-1.63,27.64,1.54,0.1699999999999999,0.6231,2.59,1.57,0.7110000000000001,0.99,0.6599999999999999,0.3813999999999999,29.0,6.07,0.92,12.28,0.6699999999999999,0.31,21.77,0.63,3.88,0.78,0.12,14.49,0.54,19.92,2.24,0.6518999999999999,25.31,0.09,0.1291,0.53,0.626,0.3552,4.7,2.18,0.0,0.0,0.0,0.0,3.3600000000000003,0.4,0.52,0.12,-9.66,-0.8400000000000001,46.52,2.4,0.0,0.3552,4.7,2.18,0.9112,1.34,1.14,0.3923999999999999,3.4,9.52,-8.819999999999999,7.440000000000001,1.4,0.02,11.4,1.32,5.500000000000001,5.159999999999999,0.18,20.86,0.8200000000000001,26.599999999999994,3.8,0.4648,42.86,0.0,-0.2328,0.02,0.3552,0.3648373981,0.0,6.072292524899061,1.1750597145283248,0.0,-0.09,-8.98,0.15531818923406174
derrick jones,CHI,PF,2023,1,0,25.0,1,0.0148,0.6074999999999999,2.51,1.57,0.3306,1.47,0.3573,0.46,4.83,0.5900000000000001,3.7,0.6599999999999999,-0.75,0.55,12.02,1.82,1.0,0.5082,3.98,2.03,0.7386,1.39,1.03,0.35,58.9,16.82,-1.33,7.35,1.07,1.34,13.18,1.7200000000000002,5.54,1.5,0.52,9.51,0.5,9.69,2.89,0.6035999999999999,13.46,0.25,0.119,2.34,0.5673,0.667,1.32,0.88,0.1638,1.7200000000000002,0.5482,0.36,3.18,0.24,0.0,0.0,-6.92,-0.94,4.44,0.48,0.0,0.4072,3.04,1.24,0.4002,0.36,0.24,0.1055999999999999,3.8,9.08,-5.98,2.82,0.36,0.0,5.92,1.36,3.08,2.52,0.32,8.459999999999999,0.36,3.54,0.84,0.4714,18.48,-0.06,-0.0384,0.0,0.46,0.7379403796999999,0.0,16.81498012135047,1.3452668230156484,0.0,-0.31,-6.17,0.033655806367915785
malik beasley,LAL,SG,2023,1,0,26.0,1,0.0148,0.469,4.01,1.95,0.3714,8.219999999999999,0.6827,3.05,9.07,1.68,0.48,0.15,-1.25,-1.31,12.09,3.0200000000000005,1.24,0.4028,12.28,4.98,0.7996000000000001,1.08,0.8400000000000001,0.0824,71.6,26.96,0.08,1.7999999999999998,0.45,0.5900000000000001,11.94,1.32,13.9,1.29,0.7100000000000001,7.38,1.02,6.949999999999999,3.5,0.5427,21.17,0.3299999999999999,0.0473,1.83,0.529,0.4514999999999999,1.6375,0.8624999999999999,0.288125,3.075,0.691125,0.8624999999999999,3.975,0.3874999999999999,0.2624999999999999,0.075,-4.5375,-1.65,9.4375,1.4374999999999998,0.0375,0.34575,4.674999999999999,1.7625,0.937375,0.6875,0.6125,0.1609999999999999,9.125,12.6125,-2.8875,3.0625,0.3,-0.1,6.75,0.8749999999999999,5.0625,0.6125,0.175,8.125,0.575,6.425,1.6749999999999998,0.486375,18.925,-0.0625,-0.01225,0.0,0.44425,0.8857046070000001,0.0,26.98757610141788,1.4716428692733816,0.0,-0.3924999999999999,-3.2874999999999996,0.056266574909047795
dennis smith,CHO,PG,2023,1,0,25.0,0,0.0148,0.4624,5.23,2.44,0.2401999999999999,1.76,0.2459,0.42,27.76,4.140000000000001,1.95,0.4599999999999999,-1.53,1.26,11.46,2.22,1.0,0.4114,6.99,2.83,0.711,1.73,1.19,0.255,42.7,21.67,-2.81,2.61,0.5,-0.21,12.48,1.89,7.42,2.8600000000000003,1.26,15.61,1.39,6.94,2.75,0.4780999999999999,18.06,0.0399999999999999,0.0428,0.79,0.4424,0.4624,5.23,2.44,0.2401999999999999,1.76,0.2459,0.42,27.76,4.140000000000001,1.95,0.4599999999999999,-1.53,1.26,11.46,2.22,1.0,0.4114,6.99,2.83,0.711,1.73,1.19,0.255,42.7,21.67,-2.81,2.61,0.5,-0.21,12.48,1.89,7.42,2.8600000000000003,1.26,15.61,1.39,6.94,2.75,0.4780999999999999,18.06,0.0399999999999999,0.0428,0.79,0.4424,0.5285230349000001,0.0,21.69856389385429,1.140560519186446,0.0,0.0,0.0,0.5
chimezie metu,SAC,PF,2023,1,0,25.0,1,0.0016,0.6078,3.45,2.06,0.2804999999999999,1.43,0.2526,0.43,7.76,0.76,2.6300000000000003,0.4,-1.22,-0.13,23.96,3.11,0.88,0.5317000000000001,4.9,2.52,0.7482,1.24,0.94,0.2754,58.2,14.31,-1.07,6.17,0.71,0.69,15.57,1.4,6.38,1.6,0.5,11.54,0.71,15.03,3.8,0.5975,18.35,0.1699999999999999,0.1004999999999999,1.62,0.5688,0.0,0.3,0.0,0.0,0.0,0.0,0.0,0.0,0.0,0.0,0.0,-12.7,-5.6,0.0,0.0,0.0,0.0,0.3,0.0,0.667,1.0,0.7,3.0,3.0,2.0,-7.2,16.5,0.3,0.0,2.1,0.0,0.7,0.0,0.0,30.1,0.3,8.5,0.3,0.431,21.9,0.0,-0.161,0.0,0.0,0.7219512196,0.0,14.324957493686869,1.202487161861631,0.0,-0.1699999999999999,-11.479999999999999,0.007152717675080646
thanasis antetokounmpo,MIL,PF,2023,1,1,30.0,1,0.0148,0.553,1.6,0.89,0.0910999999999999,0.29,0.1621,0.02,8.66,0.51,1.64,0.18,-5.55,-0.54,13.65,1.03,0.37,0.4794,1.89,0.94,0.541,0.78,0.41,0.4183,44.3,7.71,-5.04,8.850000000000001,0.6200000000000001,0.0699999999999999,9.16,0.98,2.3600000000000003,1.21,0.22,17.58,0.4600000000000001,11.3,1.67,0.5067,14.670000000000002,-0.25,0.0509,0.46,0.487,0.2573,0.22,0.13,0.0,0.0,0.0,0.0,3.75,0.07,0.82,0.04,-4.18,1.0900000000000003,7.840000000000001,0.22,0.02,0.2573,0.22,0.13,0.2665,0.22,0.11,0.0,6.0,2.7,-5.27,2.99,0.07,0.0,5.359999999999999,0.33,0.3199999999999999,1.82,0.11,4.74,0.04,5.44,0.31,0.2671,5.220000000000001,0.0,0.0681,0.05,0.2573,0.5595528456,0.0,7.678446094362553,1.5226695887752213,0.0,0.25,1.37,0.04528263913929444
lonnie walker,LAL,SG,2023,1,0,24.0,1,0.0148,0.5025,5.37,2.6900000000000004,0.3477,4.640000000000001,0.4672,1.62,9.44,1.55,1.01,0.3,-2.1900000000000004,-0.92,9.03,2.02,1.01,0.4301,10.010000000000002,4.28,0.827,1.82,1.51,0.1817,61.0,23.58,-1.27,1.16,0.28,0.33,11.75,1.41,11.72,1.12,0.53,7.91,0.92,5.1,2.25,0.5431999999999999,21.200000000000003,-0.0999999999999999,0.0465,1.34,0.5114000000000001,0.615,2.0,1.2,0.382,2.6,0.567,1.0,8.9,0.8,0.5,0.1,1.0,1.2,6.2,0.8,0.2,0.483,4.6,2.2,0.75,0.9,0.7,0.2,13.0,13.8,-0.2,0.6,0.1,0.2,13.1,1.2,6.2,1.9,0.5,5.8,0.3,3.6,0.9,0.613,17.0,0.1,0.11,0.4,0.592,0.7642276422000001,0.0,23.563452778214284,1.4716428692733816,0.0,0.1999999999999999,3.1900000000000004,0.11089270481771317
mo bamba,LAL,C,2023,1,0,24.0,1,0.0148,0.5774999999999999,3.41,1.97,0.3722,2.97,0.4724,1.11,8.19,0.97,5.88,1.22,0.48,0.62,25.08,4.319999999999999,1.58,0.4809,6.36,3.08,0.7012,1.23,0.8400000000000001,0.2077,55.0,18.72,-0.12,8.9,1.5699999999999998,1.23,16.66,2.21,8.079999999999998,0.88,0.36,10.19,0.79,16.95,5.89,0.5868,17.82,0.69,0.1283,2.81,0.5692999999999999,0.0,0.3,0.0,0.0,0.3,0.5,0.0,11.8,0.3,9.0,0.3,-3.1,3.1,30.2,1.0,0.0,0.0,0.7,0.0,0.0,0.0,0.0,0.0,3.0,3.3,-6.2,0.0,0.0,0.0,2.9,0.0,0.0,0.0,0.0,0.0,0.0,15.9,1.0,0.0,8.8,0.0,-0.083,0.0,0.0,0.6863143635,0.2,18.69724159362485,1.4716428692733816,0.0,-0.69,-3.58,0.009523809523809523
aaron holiday,ATL,PG,2023,1,0,26.0,1,0.0148,0.4363,2.92,1.31,0.3918,1.74,0.3749,0.6799999999999999,15.51,1.8,0.99,0.17,-2.35,0.36,7.65,1.1,0.73,0.4211,4.69,1.99,0.8462,0.8400000000000001,0.67,0.1708,63.6,15.12,-2.68,2.66,0.36,0.18,10.32,1.38,5.28,2.01,0.6499999999999999,13.73,0.8300000000000001,5.17,1.43,0.5278,16.21,-0.1099999999999999,0.0487,0.94,0.4946,0.429,1.2,0.5,0.714,1.2,0.5,0.8,98.4,1.5,4.9,0.2,49.5,14.2,0.0,0.0,0.0,0.571,2.3,1.3,0.0,0.2,0.0,0.071,6.0,3.3,35.3,18.4,0.5,0.3,63.8,0.2,3.5,7.7,0.5,0.0,0.0,8.9,0.5,0.727,33.2,0.3,0.819,0.3,0.75,0.7979674798,0.0,15.132999520274172,1.262705090776758,0.0,0.4099999999999999,51.85,0.02017460201012398
darius bazley,PHO,C,2023,1,0,22.0,0,0.0037,0.4898,4.609999999999999,2.29,0.3356,2.81,0.352,0.91,8.24,1.23,3.83,0.8,-1.92,0.3299999999999999,19.43,4.05,1.39,0.4327999999999999,7.470000000000001,3.1500000000000004,0.6183000000000001,2.1900000000000004,1.42,0.3217,53.2,21.76,-2.25,4.63,0.88,-0.5599999999999999,12.27,1.02,8.58,1.46,0.59,11.67,1.13,11.93,4.93,0.5147,18.11,-0.07,0.047,0.86,0.4904,0.4898,4.609999999999999,2.29,0.3356,2.81,0.352,0.91,8.24,1.23,3.83,0.8,-1.92,0.3299999999999999,19.43,4.05,1.39,0.4327999999999999,7.470000000000001,3.1500000000000004,0.6183000000000001,2.1900000000000004,1.42,0.3217,53.2,21.76,-2.25,4.63,0.88,-0.5599999999999999,12.27,1.02,8.58,1.46,0.59,11.67,1.13,11.93,4.93,0.5147,18.11,-0.07,0.047,0.86,0.4904,0.6674119243000001,0.0,21.762983848556853,1.5787523108649064,0.0,0.0,0.0,0.5
javonte green,CHI,SF,2023,1,0,29.0,1,0.0009,0.6359,2.53,1.61,0.3589,1.17,0.3141,0.42,5.75,0.7,2.8600000000000003,0.52,0.6299999999999999,1.8,13.3,2.01,0.97,0.5490999999999999,3.7,2.02,0.7334,1.35,0.95,0.3753999999999999,43.7,16.82,-1.1700000000000002,6.51,0.94,1.27,13.87,1.62,5.48,2.44,0.84,11.77,0.55,9.92,3.0,0.6361,12.77,0.48,0.1341,2.24,0.6053999999999999,0.273,2.2,0.6,0.0,1.2,0.353,0.0,3.9,0.4,0.0,0.0,-6.3,1.5,10.6,1.4,0.2,0.176,3.4,0.6,0.5,0.4,0.2,0.118,5.0,14.4,-7.8,10.3,1.6,-0.3,4.1,1.6,1.4,6.0,1.8,18.3,0.8,10.4,3.0,0.196,13.3,-0.1,-0.075,-0.1,0.176,0.5468157178999999,0.2,16.82584099880101,1.3452668230156484,0.0,-0.58,-6.93,0.08921557208246492
bol bol,ORL,PF,2023,1,0,23.0,1,0.0148,0.5934,3.3,2.05,0.2825,1.05,0.2451999999999999,0.29,7.380000000000001,0.66,4.63,0.69,-1.5699999999999998,0.27,22.45,2.89,1.1700000000000002,0.526,4.33,2.3400000000000003,0.6329,0.97,0.69,0.2203,45.6,13.49,-1.81,4.3100000000000005,0.59,-0.04,13.13,0.8200000000000001,5.71,0.86,0.25,15.760000000000002,0.97,13.44,3.48,0.5778,18.74,0.18,0.0547,1.18,0.5625,0.0,0.0,0.0,0.0,0.3,1.0,0.0,38.8,0.7,0.0,0.0,2.8,3.3,20.4,0.3,0.0,0.0,0.3,0.0,0.0,0.0,0.0,0.0,3.0,2.0,-0.5,0.0,0.0,0.0,5.7,0.0,0.0,0.0,0.0,0.0,0.0,9.4,0.3,0.0,7.3,0.0,-0.042,0.0,0.0,0.5669376694,0.0,13.483127974017858,1.1269724960575795,0.0,-0.18,4.369999999999999,0.009659595842509949
mamadi diakite,CLE,C,2023,1,0,26.0,1,0.0019,0.5652999999999999,2.07,1.19,0.1915,0.74,0.2818,0.1699999999999999,5.03,0.38,4.46,0.49,-3.68,1.25,18.08,1.84,0.28,0.4796,2.81,1.34,0.8207,0.49,0.36,0.1601999999999999,17.7,10.37,-4.880000000000001,6.7,0.71,0.0,10.44,1.5699999999999998,3.21,1.4,0.32,14.34,0.44,12.37,2.53,0.5374000000000001,14.97,-0.08,0.0699,0.25,0.5172,0.125,1.1,0.1,0.5,0.3,0.2,0.1,0.0,0.0,2.6,0.1,-6.7,2.4,18.8,0.9,0.1,0.2,1.4,0.3,1.0,0.3,0.3,0.2,7.0,5.0,-9.1,3.0,0.1,-0.1,3.4,1.0,1.0,4.2,0.4,8.4,0.1,10.7,1.0,0.322,14.6,0.0,0.008,0.0,0.25,0.2205962058,0.0,10.343388693111889,1.3606472443491973,0.0,0.08,-3.02,0.1601471523548495
trendon watford,POR,PF,2023,1,0,22.0,0,0.0148,0.5941249999999999,4.425,2.6125,0.33325,0.925,0.177,0.325,15.474999999999998,1.95,1.7625,0.35,-1.7624999999999995,-0.4,18.975,3.125,0.625,0.5495,5.35,2.9375,0.7331249999999999,1.75,1.3125,0.32575,56.75,18.725,-1.4,5.1875,0.8875,1.3375,14.425,2.0875,7.475,1.3375,0.5,14.8125,1.025,11.974999999999998,3.9125,0.611875,16.6625,0.1,0.0915,2.025,0.5802499999999999,0.5941249999999999,4.425,2.6125,0.33325,0.925,0.177,0.325,15.474999999999998,1.95,1.7625,0.35,-1.7624999999999995,-0.4,18.975,3.125,0.625,0.5495,5.35,2.9375,0.7331249999999999,1.75,1.3125,0.32575,56.75,18.725,-1.4,5.1875,0.8875,1.3375,14.425,2.0875,7.475,1.3375,0.5,14.8125,1.025,11.974999999999998,3.9125,0.611875,16.6625,0.1,0.0915,2.025,0.5802499999999999,0.692073170875,0.0,18.703145158190523,1.3872377744531157,0.0,0.0,0.0,0.5
sandro mamukelashvili,SAS,C,2023,1,1,23.0,0,0.0148,0.527875,2.4375,1.3375,0.348,1.925,0.43825,0.625,10.775,1.0625,1.725,0.2625,-1.6125,-1.1875,16.375,2.1,0.425,0.44975,4.3625,1.9625,0.73425,1.0,0.7125,0.226625,42.25,13.275,-0.4625,10.4875,1.3375,0.55,13.8875,1.0125,5.2375,1.0375,0.2625,11.575,0.65,13.45,3.4375,0.5542499999999999,16.849999999999998,0.0124999999999999,0.09,0.975,0.526,0.527875,2.4375,1.3375,0.348,1.925,0.43825,0.625,10.775,1.0625,1.725,0.2625,-1.6125,-1.1875,16.375,2.1,0.425,0.44975,4.3625,1.9625,0.73425,1.0,0.7125,0.226625,42.25,13.275,-0.4625,10.4875,1.3375,0.55,13.8875,1.0125,5.2375,1.0375,0.2625,11.575,0.65,13.45,3.4375,0.5542499999999999,16.849999999999998,0.0124999999999999,0.09,0.975,0.526,0.5152439025,0.0,13.310560715456608,1.1395299987869476,0.0,0.0,0.0,0.5
lindy waters,OKC,SG,2023,1,1,25.0,0,0.0056,0.7016249999999999,0.7,0.4499999999999999,0.3598749999999999,4.675,0.8815,1.6625,7.4125,0.8125,1.7875,0.3,-0.5375,-0.55,13.25,1.8875,0.5,0.397875,5.3125,2.1125,0.8,0.3875,0.325,0.080875,35.0,15.1,0.0125,2.4875,0.325,0.4875,12.25,1.075,6.25,1.5625,0.4875,5.3625,0.275,7.7875,2.2125,0.568875,16.25,0.225,0.0935,0.9875,0.5563750000000001,0.7016249999999999,0.7,0.4499999999999999,0.3598749999999999,4.675,0.8815,1.6625,7.4125,0.8125,1.7875,0.3,-0.5375,-0.55,13.25,1.8875,0.5,0.397875,5.3125,2.1125,0.8,0.3875,0.325,0.080875,35.0,15.1,0.0125,2.4875,0.325,0.4875,12.25,1.075,6.25,1.5625,0.4875,5.3625,0.275,7.7875,2.2125,0.568875,16.25,0.225,0.0935,0.9875,0.5563750000000001,0.4268292683749999,0.0,15.070594512195122,1.2979879907808014,0.0,0.0,0.0,0.5
keon ellis,SAC,SG,2023,1,1,23.0,0,0.005,0.25,0.3,0.1,0.5,0.8,0.75,0.4,10.5,0.4,1.2,0.1,1.3,1.4,6.4,0.3,0.1,0.438,1.0,0.4,0.571,0.4,0.3,0.438,16.0,4.4,-0.1,6.5,0.3,0.2,14.0,0.6,1.5,3.4,0.3,5.0,0.1,6.4,0.5,0.629,12.1,0.1,0.162,0.2,0.625,0.25,0.3,0.1,0.5,0.8,0.75,0.4,10.5,0.4,1.2,0.1,1.3,1.4,6.4,0.3,0.1,0.438,1.0,0.4,0.571,0.4,0.3,0.438,16.0,4.4,-0.1,6.5,0.3,0.2,14.0,0.6,1.5,3.4,0.3,5.0,0.1,6.4,0.5,0.629,12.1,0.1,0.162,0.2,0.625,0.195121951,0.0,4.428958333125,1.202487161861631,0.0,0.0,0.0,0.5
dominick barlow,SAS,PF,2023,1,1,19.0,0,0.0034,0.561,2.9,1.6,0.0,0.1,0.047,0.0,7.6,0.9,3.8,0.7,-4.6,-0.9,15.6,2.0,0.2,0.535,3.1,1.6,0.72,0.9,0.6,0.291,28.0,14.6,-3.7,11.9,1.6,0.5,12.4,2.0,3.9,1.2,0.4,13.4,0.5,13.7,3.6,0.567,11.3,-0.3,0.082,0.7,0.535,0.561,2.9,1.6,0.0,0.1,0.047,0.0,7.6,0.9,3.8,0.7,-4.6,-0.9,15.6,2.0,0.2,0.535,3.1,1.6,0.72,0.9,0.6,0.291,28.0,14.6,-3.7,11.9,1.6,0.5,12.4,2.0,3.9,1.2,0.4,13.4,0.5,13.7,3.6,0.567,11.3,-0.3,0.082,0.7,0.535,0.341463415,0.0,14.555892857142856,1.1395299987869476,0.0,0.0,0.0,0.5
jeff dowtin,TOR,PG,2023,1,0,25.0,0,0.0009,0.488,1.6,0.8,0.313,0.6,0.281,0.2,15.5,1.2,1.1,0.1,-1.9,0.9,8.0,0.7,0.2,0.439,2.3,1.0,0.667,0.4,0.2,0.158,25.0,10.4,-2.8,2.4,0.2,0.2,9.9,0.5,2.4,1.7,0.4,7.6,0.2,5.0,0.9,0.5,10.9,0.0,0.076,0.4,0.482,0.488,1.6,0.8,0.313,0.6,0.281,0.2,15.5,1.2,1.1,0.1,-1.9,0.9,8.0,0.7,0.2,0.439,2.3,1.0,0.667,0.4,0.2,0.158,25.0,10.4,-2.8,2.4,0.2,0.2,9.9,0.5,2.4,1.7,0.4,7.6,0.2,5.0,0.9,0.5,10.9,0.0,0.076,0.4,0.482,0.231707317375,0.0,10.968236113333331,1.3091857021551898,0.0,0.0,0.0,0.5
trent forrest,ATL,SG,2023,1,1,24.0,1,0.0039,0.502,2.18,1.09,0.0939,0.38,0.1419,0.07,17.810000000000002,1.69,0.73,0.1,-3.11,0.7,11.77,1.31,0.42,0.4457,2.56,1.16,0.7711,0.41,0.35,0.1716,35.5,11.86,-3.84,2.8200000000000003,0.3,0.1099999999999999,8.559999999999999,0.7,2.72,1.47,0.36,20.45,0.73,7.32,1.61,0.489,12.5,-0.02,0.0409,0.48,0.4575,0.5,1.0,0.5,0.0,0.0,0.0,0.0,0.0,0.0,0.0,0.0,-6.9,-4.2,0.0,0.0,0.0,0.5,1.0,0.5,0.0,0.0,0.0,0.0,4.0,2.5,-2.7,0.0,0.0,0.0,7.9,0.0,1.0,0.0,0.0,0.0,0.0,0.0,0.0,0.5,17.7,0.0,-0.046,0.0,0.5,0.443089431,0.0,11.862209540673913,1.262705090776758,0.0,0.02,-3.7900000000000005,0.02320024128250934
luka garza,MIN,C,2023,1,1,24.0,0,0.0009,0.58875,2.9125,1.725,0.347,1.4375,0.334875,0.5,10.4875,0.6,0.9625,0.1375,-1.1875,-2.375,13.05,1.1749999999999998,0.2,0.50775,4.2875,2.225,0.726125,1.9,1.3875,0.435625,29.5,10.0125,1.1875,15.425,1.4249999999999998,0.75,20.225,1.5749999999999995,6.2375,0.7875,0.175,9.275,0.5375,14.275,2.6,0.608125,24.725,0.025,0.1667499999999999,0.9875,0.5654999999999999,0.58875,2.9125,1.725,0.347,1.4375,0.334875,0.5,10.4875,0.6,0.9625,0.1375,-1.1875,-2.375,13.05,1.1749999999999998,0.2,0.50775,4.2875,2.225,0.726125,1.9,1.3875,0.435625,29.5,10.0125,1.1875,15.425,1.4249999999999998,0.75,20.225,1.5749999999999995,6.2375,0.7875,0.175,9.275,0.5375,14.275,2.6,0.608125,24.725,0.025,0.1667499999999999,0.9875,0.5654999999999999,0.3597560976249999,0.0,9.991665736607144,1.6052544660547492,0.0,0.0,0.0,0.5
matt ryan,MIN,SF,2023,1,1,25.0,0,0.011,0.333,0.7,0.2,0.381,2.5,0.778,0.9,6.9,0.5,0.3,0.0,-3.4,-1.5,7.6,0.6,0.2,0.37,3.2,1.2,0.833,0.4,0.3,0.111,34.0,9.1,-1.9,1.4,0.1,0.1,8.1,0.8,3.6,0.8,0.1,5.8,0.2,4.6,0.8,0.538,16.5,-0.1,0.044,0.3,0.519,0.333,0.7,0.2,0.381,2.5,0.778,0.9,6.9,0.5,0.3,0.0,-3.4,-1.5,7.6,0.6,0.2,0.37,3.2,1.2,0.833,0.4,0.3,0.111,34.0,9.1,-1.9,1.4,0.1,0.1,8.1,0.8,3.6,0.8,0.1,5.8,0.2,4.6,0.8,0.538,16.5,-0.1,0.044,0.3,0.519,0.263719512,0.0,7.670618873161765,1.6052544660547492,0.0,0.0,0.0,0.5
og anunoby,NYK,SF,2024,5,1,26.0,1,0.2606,0.5544,6.99,3.86,0.3797,5.619999999999999,0.447,2.11,9.1,2.17,1.83,0.6599999999999999,-0.0799999999999999,0.48,11.45,3.45,2.0,0.4759,12.61,5.97,0.7787,2.15,1.66,0.1674999999999999,54.7,34.879999999999995,-0.51,3.64,1.17,1.4500000000000002,13.74,2.64,15.81,2.23,1.5699999999999998,11.37,1.74,7.43,4.7,0.5831,18.75,0.97,0.0854999999999999,3.45,0.5605,0.5714285714285715,7.6571428571428575,4.342857142857143,0.3902857142857143,5.014285714285714,0.3935714285714285,1.942857142857143,6.685714285714286,1.5000000000000002,1.9285714285714288,0.7714285714285715,0.5142857142857143,0.6714285714285715,15.7,4.514285714285714,0.0428571428571428,0.4967142857142857,12.7,6.285714285714287,0.6535714285714286,1.7714285714285716,1.2142857142857144,0.1392857142857143,8.142857142857142,36.057142857142864,-0.157142857142857,2.742857142857143,0.9142857142857144,0.3,14.271428571428572,2.071428571428571,15.728571428571431,1.3571428571428572,0.9285714285714286,8.528571428571428,1.2714285714285716,8.942857142857143,5.428571428571429,0.5832857142857143,18.34285714285714,0.1714285714285714,0.0602857142857142,0.3428571428571429,0.5724285714285715,0.6670731711,0.0,34.903677943718904,1.3885918424360943,0.0,-0.7985714285714286,0.5942857142857143,0.13336464839743653
paul george,LAC,PF,2024,4,0,33.0,1,0.35,0.5112,9.93,5.0600000000000005,0.3885999999999999,7.890000000000001,0.4459999999999999,3.07,20.93,4.42,1.12,0.45,3.18,0.57,16.59,5.24,2.47,0.4568,17.82,8.129999999999999,0.8864,4.5,4.0,0.252,60.0,34.22,2.53,1.87,0.5700000000000001,2.77,19.25,2.67,23.3,2.33,1.64,12.11,2.8,9.47,5.8100000000000005,0.5905,28.89,2.66,0.1156,5.29,0.5439,0.457,7.7,3.5,0.367,8.2,0.516,3.0,23.0,4.8,1.4,0.5,3.2,1.4,19.2,6.3,0.2,0.411,15.8,6.5,0.84,4.2,3.5,0.263,6.0,37.0,1.8,1.6,0.5,0.2,16.1,3.7,19.5,1.7,1.2,11.7,2.3,10.5,6.8,0.552,24.7,0.3,0.092,0.4,0.505,0.7317073167,0.0,34.24163019830458,1.2841416987082876,0.0,-2.3600000000000003,0.020000000000000018,0.09757383966244726
tyrese maxey,PHI,PG,2024,5,1,23.0,1,0.25,0.5068,10.6,5.4,0.4021,6.73,0.3839,2.67,22.24,5.01,0.8900000000000001,0.36,1.85,-1.0,9.17,2.96,1.91,0.4663,17.37,8.02,0.8607,4.44,3.81,0.2523,68.0,35.89,2.88,1.39,0.43,5.140000000000001,18.24,2.18,22.54,1.21,0.88,7.1,1.48,5.28,3.3600000000000003,0.5868,25.27,2.45,0.1382999999999999,7.13,0.5428,0.5095000000000001,11.69,6.01,0.3954,8.07,0.4082,3.22,21.6,4.87,0.77,0.3399999999999999,3.58,-0.04,11.56,4.3,0.21,0.4639,19.79,9.21,0.9054,4.03,3.63,0.2048,8.7,41.88,3.65,1.24,0.4399999999999999,0.8,18.77,2.47,25.21,1.27,0.98,6.970000000000001,1.6700000000000002,6.5,4.74,0.5845,25.48,0.5,0.139,1.01,0.5448000000000001,0.8292682928,0.0,35.90222968580952,1.2523113857419077,0.0,-1.9500000000000002,1.73,0.129900929666766
pascal siakam,IND,PF,2024,4,1,29.0,1,0.3,0.5528,13.65,7.57,0.3389999999999999,3.39,0.1989,1.16,21.77,4.949999999999999,1.11,0.42,2.58,-0.2199999999999999,18.950000000000003,5.77,2.17,0.5108,17.06,8.68,0.748,5.63,4.2,0.3271,74.9,35.4,2.83,5.48,1.77,5.24,20.0,2.8200000000000003,22.67,1.23,0.93,9.77,2.16,11.96,7.59,0.583,25.97,3.0900000000000003,0.1345,7.41,0.544,0.5691428571428572,14.500000000000002,8.228571428571428,0.28,2.8,0.1611428571428571,0.7714285714285716,18.042857142857144,4.371428571428572,1.5000000000000002,0.5714285714285715,2.5,-0.3714285714285715,16.942857142857143,5.3,0.1428571428571428,0.5227142857142857,17.3,9.0,0.6881428571428572,4.357142857142858,3.128571428571429,0.251,13.857142857142858,37.72857142857143,2.8714285714285714,7.0,2.157142857142857,1.2142857142857142,20.414285714285715,3.1428571428571432,21.942857142857147,1.185714285714286,0.9142857142857144,6.742857142857144,1.4142857142857146,11.842857142857143,7.414285714285715,0.5722857142857143,24.914285714285715,0.5857142857142857,0.128,1.4285714285714286,0.5457142857142857,0.9134146343,0.0,35.39951238269988,1.2588686820417436,0.0,-2.5042857142857144,-0.08000000000000007,0.16470248922394118
immanuel quickley,TOR,SG,2024,5,1,24.0,1,0.2312,0.4814,6.039999999999999,2.91,0.3777,5.9,0.4969,2.24,22.42,4.17,0.47,0.11,1.2000000000000002,-0.33,13.4,3.38,1.65,0.4297999999999999,11.89,5.130000000000001,0.8484,3.25,2.76,0.2721,73.9,27.89,1.5300000000000002,1.62,0.44,3.5700000000000003,16.16,1.92,15.23,1.41,0.7899999999999999,9.39,1.37,7.450000000000001,3.8,0.5705,22.61,1.6800000000000002,0.1212,5.199999999999999,0.5235000000000001,0.483,3.6,1.8,0.243,4.6,0.561,1.1,7.6,1.0,0.0,0.0,-3.7,-1.2,7.1,1.4,0.2,0.348,8.3,2.9,0.85,2.5,2.1,0.303,8.0,21.9,-2.6,1.3,0.3,-0.1,7.4,1.4,9.0,1.2,0.5,10.7,1.1,4.2,1.6,0.481,21.3,-0.1,0.024,0.1,0.417,0.9012195123,0.0,27.90155802908078,1.3122681497709912,0.0,-1.7800000000000002,-4.9,0.07834470866902982
lebron james,LAL,PF,2024,2,1,39.0,1,0.3465999999999999,0.594,13.75,8.14,0.3731,6.22,0.3091,2.29,34.92,7.430000000000001,1.5699999999999998,0.65,6.62,0.79,19.97,6.75,2.58,0.5248,19.97,10.41,0.7565999999999999,5.82,4.43,0.2944,63.2,35.74,5.78,3.17,1.03,4.85,24.26,1.4700000000000002,27.58,1.5499999999999998,1.1800000000000002,13.23,3.41,11.86,7.779999999999999,0.6136999999999999,31.05,4.92,0.1578,7.43,0.5822,0.6299999999999999,13.55,8.525,0.339625,5.725,0.2989999999999999,1.925,33.025,7.9375,2.2875,1.0375,9.475,3.25,18.0375,6.8625,0.5249999999999999,0.5405,19.275,10.45,0.74725,5.05,3.775,0.262,9.125,40.0125,6.1875,3.1,1.1,0.7999999999999999,24.725,2.05,26.5625,2.3625,1.9125,13.2625,3.3125,10.849999999999998,7.962499999999999,0.6171249999999999,28.1,1.0,0.17975,1.325,0.58975,0.7707317074,0.0,35.73348088448875,1.476139603443586,0.0,-3.92,2.8549999999999995,0.1391503329048731
nic claxton,BRK,C,2024,4,1,24.0,1,0.196,0.6637,7.479999999999999,4.93,0.1,0.05,0.0053999999999999,0.0,9.27,1.8,6.17,2.02,1.63,1.4500000000000002,24.96,6.380000000000001,3.04,0.6608,7.529999999999999,4.98,0.554,2.76,1.51,0.3646,67.7,28.01,0.18,9.72,2.45,3.77,19.31,2.55,11.42,1.21,0.6699999999999999,11.95,1.2000000000000002,17.28,8.83,0.6562,15.44,1.84,0.1687,6.8100000000000005,0.6613,0.7488,6.18,4.619999999999999,0.0,0.0,0.0,0.0,9.44,1.5,6.86,2.0,4.74,2.42,25.34,5.88,0.16,0.7488,6.18,4.619999999999999,0.4327999999999999,3.7,1.2999999999999998,0.6068,4.0,27.38,2.3000000000000003,6.720000000000001,1.5,0.26,20.74,1.8,10.5,1.34,0.7,7.82,0.6799999999999999,16.1,7.32,0.6779999999999999,14.84,0.2,0.1604,0.36,0.7488,0.8256097563,0.0,28.00722690083411,1.3147685430926106,0.0,-1.6400000000000001,3.1100000000000003,0.05460173686569478
patrick williams,CHI,PF,2024,5,1,22.0,1,0.128,0.4931999999999999,4.78,2.33,0.4274,3.06,0.3854999999999999,1.2999999999999998,6.550000000000001,1.29,2.68,0.77,-1.84,-0.0699999999999999,12.21,2.92,1.46,0.4665,7.840000000000001,3.63,0.7975,1.62,1.29,0.2189,49.5,27.1,-1.7400000000000002,4.24,1.05,0.32,11.4,1.86,9.86,1.5,0.8200000000000001,12.45,1.19,8.190000000000001,3.97,0.5767,15.85,0.0699999999999999,0.0654,1.83,0.5478000000000001,0.577,5.2,3.0,0.333,4.2,0.447,1.4,4.3,0.8,1.9,0.6,-1.6,0.7,15.0,4.2,0.2,0.468,9.4,4.4,0.727,2.2,1.6,0.234,5.0,30.6,-2.3,3.6,1.2,0.0,11.3,3.0,11.8,1.6,1.0,11.9,1.4,8.8,5.4,0.569,16.9,0.0,0.061,0.2,0.543,0.6036585366,0.0,27.118921010581232,1.2351539321134235,0.0,-0.0699999999999999,0.24,0.10237880156579343
isaiah hartenstein,NYK,C,2024,3,0,25.0,1,0.2134,0.6237999999999999,4.43,2.79,0.3247,0.23,0.0543,0.07,13.34,2.09,4.290000000000001,1.01,2.56,2.38,21.65,4.39,2.91,0.6077,4.73,2.8600000000000003,0.6940999999999999,1.7000000000000002,1.19,0.3522999999999999,75.7,22.17,0.18,13.53,2.74,3.62,18.11,2.68,7.0600000000000005,2.03,0.92,16.78,1.08,17.580000000000002,7.08,0.6378999999999999,13.04,1.91,0.1858,6.529999999999999,0.6156,0.5511249999999999,4.35,2.5,0.3125,0.125,0.01625,0.0625,13.9875,2.675,4.3375,1.0875,1.75,2.3374999999999995,15.875,3.5,0.1874999999999999,0.54925,4.4125,2.5625,0.82125,1.625,1.35,0.4416249999999999,12.25,26.125,-0.5874999999999999,13.375,3.1625,0.7374999999999999,15.3125,2.975,6.475,1.1,0.4875,16.7375,1.125,14.575,6.6,0.6134999999999999,10.1,0.2625,0.1425,0.925,0.553625,0.9231707316,0.0,22.17508991512195,1.3885918424360943,0.0,-1.6475,-0.81,0.1601517339548949
malik monk,SAC,SG,2024,4,1,25.0,1,0.1238,0.539,5.83,3.12,0.3609,5.67,0.494,2.08,24.99,4.3,1.49,0.42,0.29,-1.12,11.24,2.54,1.44,0.4505,11.47,5.15,0.8402000000000001,2.51,2.16,0.2213999999999999,74.3,25.31,1.33,1.81,0.42,2.04,15.86,1.94,14.510000000000002,1.2999999999999998,0.64,13.27,1.94,6.44,2.91,0.5774999999999999,24.71,1.06,0.0885,3.43,0.54,0.463,7.7,3.6,0.333,5.6,0.419,1.9,18.2,3.6,1.4,0.4,3.3,0.8,16.4,4.6,0.2,0.409,13.3,5.4,0.898,7.0,6.3,0.527,7.0,29.3,2.5,2.9,0.9,0.4,18.3,2.1,19.0,1.1,0.7,10.9,2.0,9.5,5.4,0.58,24.9,0.3,0.152,0.6,0.478,0.9060975606,0.0,25.32790834007842,1.2598847383859846,0.0,-0.76,3.01,0.09833944898263501
miles bridges,CHO,SF,2024,3,1,25.0,0,0.1932999999999999,0.5464285714285715,10.542857142857144,5.714285714285715,0.3438571428571428,6.300000000000001,0.3751428571428571,2.185714285714286,14.914285714285716,3.442857142857143,1.4857142857142858,0.5857142857142857,-0.3571428571428572,-1.0142857142857142,19.01428571428572,6.185714285714286,1.657142857142857,0.4702857142857143,16.84285714285714,7.928571428571429,0.8184285714285715,3.4142857142857146,2.7285714285714286,0.2025714285714285,72.14285714285714,36.85714285714286,0.6571428571428573,3.085714285714286,1.0285714285714287,1.9285714285714288,16.114285714285714,1.9,20.77142857142857,1.2285714285714286,0.9000000000000001,9.685714285714289,1.9714285714285715,10.82857142857143,7.214285714285715,0.5665714285714286,24.1,1.142857142857143,0.0637142857142857,3.628571428571429,0.5347142857142858,0.5464285714285715,10.542857142857144,5.714285714285715,0.3438571428571428,6.300000000000001,0.3751428571428571,2.185714285714286,14.914285714285716,3.442857142857143,1.4857142857142858,0.5857142857142857,-0.3571428571428572,-1.0142857142857142,19.01428571428572,6.185714285714286,1.657142857142857,0.4702857142857143,16.84285714285714,7.928571428571429,0.8184285714285715,3.4142857142857146,2.7285714285714286,0.2025714285714285,72.14285714285714,36.85714285714286,0.6571428571428573,3.085714285714286,1.0285714285714287,1.9285714285714288,16.114285714285714,1.9,20.77142857142857,1.2285714285714286,0.9000000000000001,9.685714285714289,1.9714285714285715,10.82857142857143,7.214285714285715,0.5665714285714286,24.1,1.142857142857143,0.0637142857142857,3.628571428571429,0.5347142857142858,0.879790941,0.0,36.8521818518116,1.23086498408334,0.0,0.0,0.0,0.5
demar derozan,CHI,SF,2024,3,0,34.0,1,0.1664,0.5163,15.52,8.040000000000001,0.3341,2.35,0.1343,0.77,22.25,5.16,1.3,0.51,2.0,-0.24,12.23,4.04,2.42,0.492,17.92,8.809999999999999,0.8634999999999999,7.54,6.52,0.4235,76.9,36.98,2.24,1.71,0.54,6.5200000000000005,20.65,2.21,24.93,1.44,1.06,8.42,1.96,6.960000000000001,4.57,0.5875999999999999,27.6,2.8,0.1502,8.91,0.5143,0.453,17.2,7.8,0.0,1.8,0.095,0.0,20.9,4.8,1.0,0.4,-0.8,0.5,14.0,5.2,0.3,0.411,19.0,7.8,0.867,6.0,5.2,0.316,5.0,40.6,-1.3,0.5,0.2,-0.2,13.4,2.4,20.8,2.1,1.8,9.2,2.2,6.7,5.4,0.481,25.7,0.1,0.019,0.1,0.411,0.9378048778,0.0,37.00466642810109,1.2351539321134235,0.0,-2.6999999999999997,-2.8,0.06662811207439241
james harden,LAC,PG,2024,2,1,34.0,1,0.2394,0.4921999999999999,6.17,3.03,0.372,6.94,0.5362,2.6,37.85,9.52,1.73,0.67,4.47,0.3,16.47,5.33,2.5700000000000003,0.4283,13.11,5.63,0.8745,5.9,5.16,0.4457,66.4,35.629999999999995,4.17,2.01,0.62,5.67,19.96,1.95,19.0,1.57,1.17,16.65,3.2,9.4,5.92,0.6047,23.24,3.84,0.1683,8.24,0.5283,0.4716,7.62,3.5600000000000005,0.3785,7.41,0.4946,2.8,34.97,8.21,1.85,0.76,5.46,1.01,13.55,4.64,0.28,0.4234,15.02,6.359999999999999,0.8935,5.41,4.84,0.3652999999999999,8.7,39.77,4.4,1.78,0.5800000000000001,0.69,19.16,2.33,20.41,1.6,1.2000000000000002,14.489999999999998,2.95,7.73,5.25,0.5862,23.65,0.5800000000000001,0.1422,0.97,0.5177,0.8097560973,0.0,35.63877307583628,1.2841416987082876,0.0,-3.26,0.9900000000000002,0.12758870298333488
kentavious caldwellpope,DEN,SG,2024,3,0,30.0,1,0.1619,0.5065999999999999,4.18,2.1,0.4079,4.37,0.5124,1.7600000000000002,9.51,2.3,1.32,0.51,-1.3,0.41,7.890000000000001,2.27,2.33,0.4556,8.5,3.88,0.8722000000000001,1.63,1.4300000000000002,0.1931,76.2,31.23,-1.71,1.66,0.45,1.98,11.32,1.93,10.93,2.05,1.3199999999999998,10.54,1.09,4.84,2.6900000000000004,0.594,14.48,0.44,0.0869,4.31,0.5599000000000001,0.5313749999999999,2.9375,1.5625,0.346875,4.6,0.613,1.6124999999999998,8.5625,2.225,1.3249999999999995,0.5125,-0.9125,1.5499999999999998,8.4375,2.5375,0.5874999999999999,0.41825,7.5375,3.1375,0.935875,1.2374999999999998,1.125,0.1609999999999999,15.0,34.474999999999994,-2.4625,1.75,0.5125,0.3625,9.4875,2.8375,9.0375,2.0625,1.3624999999999998,9.1125,0.8,5.0375,3.05,0.5579999999999999,11.7125,0.175,0.0857499999999999,0.975,0.5243749999999999,0.9292682924,0.0,31.249283952016405,1.417330088736298,0.0,-0.265,0.38750000000000007,0.17851280580188622
obi toppin,IND,PF,2024,4,1,25.0,1,0.0923,0.6618999999999999,3.62,2.41,0.3663,3.12,0.4666,1.13,9.64,1.32,1.85,0.41,1.0,-0.3299999999999999,16.22,2.7299999999999995,1.15,0.5265,6.76,3.54,0.7793,1.15,0.89,0.1725,75.5,18.68,1.33,4.88,0.8200000000000001,2.63,15.99,1.43,9.170000000000002,1.1800000000000002,0.4499999999999999,9.32,0.74,10.53,3.53,0.6308,18.41,1.11,0.1251,3.81,0.6121000000000001,0.655625,3.8125,2.5,0.336375,3.5249999999999995,0.4896249999999999,1.2,10.1,1.2875,1.6374999999999995,0.3625,2.825,0.6,20.675,3.35,0.2375,0.499,7.3375,3.7,0.7749999999999999,1.125,0.8375,0.14225,14.75,18.5875,2.2875,4.625,0.7124999999999999,0.475,17.037499999999998,1.1625,9.4375,1.4625,0.5125,9.25,0.7625,12.7625,4.0625,0.596125,20.8375,0.325,0.12125,0.7125,0.57975,0.9207317073,0.0,18.672199324803827,1.2588686820417436,0.0,-0.7850000000000001,1.8250000000000002,0.16275732234494616
tobias harris,PHI,PF,2024,2,0,31.0,1,0.1804,0.5445,9.09,4.93,0.3666,3.93,0.3042,1.44,13.5,3.0,1.65,0.62,0.66,-0.14,17.57,5.23,2.71,0.4901999999999999,13.02,6.37,0.8702,2.57,2.26,0.1975,71.8,33.73,0.8,3.52,1.04,3.13,15.87,1.84,16.45,1.35,0.89,8.7,1.33,10.57,6.32,0.5817999999999999,20.15,1.62,0.1163,5.84,0.5464,0.5322,7.0600000000000005,3.83,0.3535,3.5700000000000003,0.3387,1.28,8.120000000000001,1.81,1.51,0.56,-0.4299999999999999,-0.3299999999999999,18.29,5.92,0.27,0.4720999999999999,10.61,5.130000000000001,0.9329,1.13,1.03,0.0998,8.7,36.59,-0.1299999999999999,4.43,1.36,0.3999999999999999,12.57,2.23,12.47,0.67,0.5,6.220000000000001,0.76,11.52,7.31,0.5533,14.97,0.1599999999999999,0.0892,0.67,0.532,0.8756097561,0.0,33.755444662000855,1.2523113857419077,0.0,-1.4600000000000002,-1.0899999999999999,0.11617369433099758
klay thompson,GSW,SF,2024,3,0,33.0,1,0.1128999999999999,0.4879,6.869999999999999,3.35,0.3941,9.54,0.5841000000000001,3.79,12.12,2.43,1.37,0.47,-0.0699999999999999,-1.58,11.09,3.16,1.66,0.4326,16.36,7.11,0.9076,1.79,1.59,0.1098,65.6,30.630000000000003,1.52,1.7799999999999998,0.53,1.38,14.7,1.71,19.6,1.01,0.61,8.370000000000001,1.55,6.529999999999999,3.66,0.5702,25.94,0.8899999999999999,0.0755,3.09,0.5481,0.4459999999999999,6.88,3.1000000000000005,0.3748,9.94,0.5898,3.68,9.2,2.24,1.18,0.4599999999999999,-1.28,-0.94,11.5,3.9,0.52,0.4044,16.759999999999998,6.78,0.8718,1.64,1.44,0.0988,16.6,36.0,-0.3399999999999999,0.52,0.18,0.12,11.22,2.16,18.7,1.02,0.74,8.84,1.72,6.039999999999999,4.08,0.535,22.58,0.18,0.0412,0.64,0.5147999999999999,0.7999999999,0.0,30.620896415124577,1.466820138066916,0.0,-0.71,-1.2100000000000002,0.22923532985951284
isaiah joe,OKC,SG,2024,4,1,24.0,1,0.0924,0.5309,1.49,0.8300000000000001,0.3973,4.37,0.7494000000000001,1.77,8.68,1.13,0.93,0.2,-0.1999999999999999,-0.5700000000000001,10.78,1.73,1.27,0.4313,5.84,2.55,0.8654999999999999,0.89,0.73,0.1475999999999999,71.9,17.200000000000003,0.3199999999999999,2.12,0.34,1.7,12.59,1.15,7.67,1.45,0.5700000000000001,8.05,0.51,6.48,2.07,0.6046,16.71,0.72,0.1043,2.97,0.5796,0.5235714285714286,1.157142857142857,0.6000000000000001,0.388,2.9,0.6871428571428572,1.1714285714285717,6.071428571428571,0.7142857142857143,0.0,0.0,-3.642857142857144,-0.8142857142857143,12.385714285714286,1.3714285714285714,0.2142857142857142,0.4314285714285715,4.057142857142858,1.7999999999999998,0.0,0.0,0.0,0.0,9.142857142857144,12.957142857142856,-2.828571428571429,1.9285714285714288,0.2857142857142857,0.0428571428571428,6.900000000000001,0.7428571428571429,4.771428571428572,1.0714285714285714,0.3571428571428571,16.785714285714285,0.4714285714285715,7.342857142857143,1.6571428571428573,0.5664285714285714,18.31428571428572,0.0714285714285714,0.0002857142857142,0.2571428571428572,0.5664285714285714,0.876829268,0.0,17.212515670062714,1.2204122451680255,0.0,-0.6485714285714286,-3.4428571428571444,0.087418895661765
aaron wiggins,OKC,SG,2024,4,1,25.0,1,0.0781,0.5854999999999999,3.42,2.01,0.4246999999999999,1.87,0.3496,0.77,8.84,1.16,1.19,0.2,-1.14,-0.13,11.3,1.9,1.32,0.5272,5.300000000000001,2.78,0.7896000000000001,1.09,0.83,0.2032,70.0,18.24,-0.93,5.359999999999999,0.9,1.57,13.52,1.46,7.15,1.76,0.6499999999999999,12.23,0.81,8.33,2.8200000000000003,0.6253,15.61,0.26,0.1106999999999999,2.87,0.6012,0.63,2.7,1.7,0.3,2.0,0.426,0.6,9.4,1.0,1.8,0.3,2.2,2.1,15.6,2.3,0.3,0.489,4.7,2.3,0.909,1.1,1.0,0.234,10.0,15.7,0.1,6.6,0.9,0.1,14.9,0.8,6.2,1.9,0.6,14.8,0.9,11.3,3.2,0.598,17.7,0.2,0.139,0.5,0.553,0.8536585367,0.0,18.26684242908425,1.2204122451680255,0.0,-0.06,3.34,0.10949923280792301
royce oneale,PHO,SF,2024,4,1,30.0,1,0.0667,0.4835,1.8,0.8400000000000001,0.3795,5.1,0.7414000000000001,1.93,14.19,3.01,1.75,0.56,-0.1699999999999999,1.02,16.13,4.07,2.3600000000000003,0.4057,6.9,2.77,0.7213,0.6100000000000001,0.48,0.0925,77.7,28.1,-1.17,3.08,0.77,1.31,10.37,2.51,7.970000000000001,1.5,0.8400000000000001,13.329999999999998,1.1,9.73,4.89,0.557,13.010000000000002,0.99,0.0814,3.67,0.5464,0.3936999999999999,1.38,0.63,0.2771,4.74,0.7795,1.29,9.85,1.85,0.38,0.13,-3.84,-1.1,15.46,3.68,0.0,0.3113,6.1,1.9,0.5,0.21,0.21,0.0321,4.4,28.11,-2.74,4.84,1.15,-0.0399999999999999,5.8,2.78,5.24,1.1,0.64,9.23,0.65,10.14,4.83,0.4312,11.57,-0.06,-0.0272,-0.0399999999999999,0.4205,0.9475609754,0.0,28.126907817750077,1.6796266899963976,0.0,-1.05,-3.67,0.053611228865904303
buddy hield,PHI,SF,2024,4,0,31.0,1,0.0625,0.5213000000000001,3.99,2.05,0.3937,7.710000000000001,0.66,3.0200000000000005,14.0,2.8,1.25,0.4,0.53,-0.8200000000000001,12.48,3.21,1.5,0.4366,11.67,5.07,0.8619,1.15,0.97,0.0949,82.2,28.33,1.35,3.03,0.75,1.92,13.85,2.06,14.21,1.62,0.94,10.98,1.49,7.73,3.98,0.5828,20.32,1.47,0.0712,3.45,0.5665,0.25,1.0,0.3,0.462,3.3,0.765,1.5,6.3,0.5,1.7,0.3,-1.3,-2.8,6.4,0.8,0.0,0.412,4.3,1.8,1.0,0.5,0.5,0.118,4.0,12.8,1.5,4.6,0.5,0.1,11.4,1.0,5.5,0.0,0.0,10.1,0.5,5.5,1.3,0.615,18.0,0.0,0.058,0.1,0.588,1.0024390244,0.0,28.33337362014991,1.2523113857419077,0.0,-1.47,-1.83,0.021513273942130977
caleb martin,MIA,SF,2024,4,0,28.0,1,0.0653,0.5209999999999999,4.73,2.45,0.3639,3.31,0.4124,1.23,9.76,1.8,1.71,0.47,-1.14,0.43,13.85,3.22,2.27,0.4560999999999999,8.02,3.68,0.7831,1.55,1.23,0.1956999999999999,65.3,27.07,-1.62,4.970000000000001,1.2,0.84,11.78,1.94,9.72,1.58,0.85,11.16,1.11,9.36,4.4,0.5589999999999999,16.23,0.34,0.0866,3.1100000000000003,0.531,0.5347,3.88,2.1,0.4075,4.23,0.5121,1.79,6.28,1.24,0.5900000000000001,0.14,-0.22,0.68,12.34,2.89,0.3,0.4722,8.14,3.89,0.8152999999999999,1.03,0.91,0.1215,12.8,29.12,-0.8999999999999999,4.220000000000001,1.0,0.4,11.75,2.32,10.51,1.38,0.69,8.1,0.72,8.17,3.86,0.5961000000000001,15.71,0.24,0.0747,0.72,0.5779,0.7963414635999999,0.0,27.076143412325408,1.3185517603899397,0.0,-0.10000000000000003,0.9199999999999999,0.17414258129411836
isaac okoro,CLE,SF,2024,3,1,23.0,1,0.0724,0.5811,3.44,2.01,0.3744,2.7,0.4417,1.0,8.55,1.64,1.51,0.43,-0.98,0.97,8.399999999999999,1.92,2.07,0.4891999999999999,6.19,3.01,0.7202000000000001,1.88,1.31,0.3017999999999999,70.7,26.08,-1.95,3.93,0.93,2.1,10.989999999999998,2.11,8.38,1.54,0.77,9.48,0.76,6.18,2.85,0.6014999999999999,13.0,0.43,0.1101999999999999,4.2,0.5719,0.548125,2.5625,1.3375,0.276125,2.7875,0.5243749999999999,0.8,7.9125,0.9875,1.8375,0.3375,-1.725,1.4,6.5625,1.1125,0.225,0.4023749999999999,5.35,2.1375,0.86125,0.95,0.825,0.1785,9.375,19.3125,-3.125,3.175,0.475,-0.2125,8.175,2.3125,5.8375,1.9,0.7125,13.125,0.8625,4.9,1.65,0.5127499999999999,16.3125,-0.025,0.0291249999999999,0.0124999999999999,0.475,0.8621951220999999,0.0,26.110752453390656,1.3101825968049052,0.0,-0.455,-0.7450000000000001,0.08941366580643326
max christie,LAL,SG,2024,4,1,20.0,1,0.0508,0.463375,1.5375,0.7125,0.3796249999999999,1.6875,0.525625,0.6,6.9125,0.75,1.45,0.2625,-3.4125,-0.25,14.05,1.825,0.6875,0.4224999999999999,3.225,1.35,0.8174999999999999,0.5875,0.425,0.176,57.25,13.5,-3.2,1.75,0.2,-0.025,8.025,0.8625,3.7875,0.925,0.2625,11.2375,0.425,8.174999999999999,1.9875,0.5522499999999999,12.4,-0.2875,0.04425,0.6625,0.523625,0.667,0.7,0.4,0.25,0.4,0.4,0.1,13.0,0.3,2.7,0.1,2.0,1.1,18.3,0.7,0.0,0.5,1.1,0.6,0.5,0.4,0.2,0.4,9.0,3.7,0.9,3.4,0.1,0.1,15.6,0.0,1.4,0.0,0.0,0.0,0.0,11.3,0.8,0.553,15.7,0.0,0.133,0.1,0.55,0.698170731875,0.0,13.495753700696213,1.476139603443586,0.0,0.2875,5.4125,0.04130616801562937
derrick jones,DAL,SF,2024,3,0,26.0,1,0.0677,0.6093999999999999,2.91,1.81,0.3385,2.18,0.4085,0.75,5.16,0.77,3.09,0.6499999999999999,-1.05,0.1899999999999999,11.35,1.97,1.32,0.4991,5.09,2.51,0.7379,1.5699999999999998,1.17,0.3188,67.4,19.47,-1.31,6.33,1.06,1.39,12.59,1.61,6.92,1.46,0.6,10.17,0.69,8.879999999999999,3.03,0.6016999999999999,14.3,0.23,0.1046,2.71,0.5687,0.5891428571428572,3.414285714285714,1.9428571428571428,0.3415714285714286,2.771428571428572,0.4748571428571429,0.9571428571428572,5.8,0.9714285714285714,2.2142857142857144,0.7142857142857143,-1.3714285714285714,0.3285714285714285,7.542857142857144,1.6571428571428573,0.4285714285714285,0.4612857142857143,6.185714285714286,2.9,0.7141428571428572,1.1714285714285717,0.8285714285714286,0.1845714285714285,17.142857142857146,24.371428571428574,-1.7000000000000004,5.557142857142858,1.2428571428571429,0.5,9.714285714285715,2.242857142857143,7.585714285714285,0.8714285714285716,0.4142857142857143,10.742857142857144,0.742857142857143,6.471428571428572,2.9,0.5604285714285715,14.085714285714284,0.2571428571428572,0.0684285714285714,0.9285714285714286,0.54,0.8219512195,0.0,19.444269779191018,1.375871902132759,0.0,0.027142857142857163,-0.3214285714285714,0.24149021260410466
kyle anderson,MIN,PF,2024,3,0,30.0,1,0.0625,0.501,5.2,2.6,0.3035,1.07,0.1654999999999999,0.33,22.52,4.109999999999999,2.53,0.71,1.54,2.46,15.89,3.53,2.83,0.4719,6.2700000000000005,2.96,0.7021,1.75,1.22,0.2853,74.0,24.12,-0.92,4.1,0.9,1.65,13.67,1.75,7.54,2.07,1.0,14.93,1.25,10.1,4.4,0.5326,14.81,1.6,0.1206,4.48,0.4987,0.541,4.109999999999999,2.23,0.2749,0.8999999999999999,0.177,0.26,22.85,2.96,2.18,0.42,2.82,3.46,14.36,2.44,0.26,0.4918,5.01,2.47,0.8387,0.8500000000000001,0.6799999999999999,0.1961999999999999,11.1,19.18,-0.6399999999999999,6.489999999999999,1.0,0.29,14.72,2.2,5.9,2.63,1.07,14.69,0.96,10.33,3.41,0.5445,14.579999999999998,0.24,0.1191,0.5,0.5165,0.9024390245,0.0,24.08502675512749,1.7403625984223023,0.0,-1.36,1.2799999999999998,0.10656739637737526
naji marshall,NOP,SF,2024,3,0,26.0,1,0.061,0.5193000000000001,3.63,1.89,0.3244,2.37,0.3971,0.8,13.580000000000002,1.92,0.8600000000000001,0.18,-1.56,0.15,15.78,2.68,1.54,0.4424,6.0,2.66,0.7914000000000001,1.6800000000000002,1.3,0.2779999999999999,67.1,19.17,-1.7599999999999998,4.42,0.72,0.65,12.23,1.41,7.42,1.84,0.6799999999999999,13.38,1.05,10.08,3.4000000000000004,0.5507,17.65,0.19,0.0804,2.21,0.5068,0.53,2.842857142857143,1.4142857142857144,0.2857142857142857,2.7142857142857144,0.3828571428571429,1.0714285714285714,11.357142857142858,1.1571428571428573,2.142857142857143,0.4142857142857143,3.5000000000000004,1.742857142857143,9.942857142857145,1.5714285714285714,0.0714285714285714,0.5064285714285715,5.485714285714286,2.4857142857142858,1.0,1.2714285714285714,1.2714285714285714,0.2671428571428572,4.571428571428571,17.65714285714286,1.7571428571428571,4.257142857142858,0.7142857142857144,0.1,14.214285714285715,1.8714285714285717,7.2857142857142865,1.1142857142857143,0.4142857142857143,10.157142857142858,0.5,6.871428571428572,2.2857142857142856,0.6378571428571429,15.371428571428572,0.1,0.1208571428571428,0.1714285714285714,0.582857142857143,0.8182926829,0.0,19.18045901753247,1.3451328912447342,0.0,-0.09,5.0600000000000005,0.05904672237618629
jalen smith,IND,C,2024,3,0,23.0,1,0.061,0.6416,4.359999999999999,2.78,0.3625,2.52,0.3651,0.9,7.06,0.9,3.43,0.73,0.47,-1.01,23.92,3.82,1.0,0.5394,6.88,3.68,0.7267,1.85,1.35,0.2707,61.1,17.86,1.51,11.81,1.87,2.22,18.8,2.07,9.61,0.8,0.3,9.829999999999998,0.8400000000000001,17.869999999999997,5.69,0.6295,20.06,0.6599999999999999,0.1455,3.25,0.6060000000000001,0.25,0.6,0.1,0.5,0.6,0.5,0.3,5.6,0.3,2.2,0.1,-4.4,-1.0,19.2,1.0,0.0,0.375,1.1,0.4,0.625,1.1,0.7,1.0,7.0,6.0,-3.4,20.0,1.0,0.0,12.5,1.1,1.9,2.4,0.3,25.8,0.6,19.6,2.0,0.564,16.7,0.0,0.072,0.1,0.5,0.7451219514,0.0,17.84501027281903,1.2588686820417436,0.0,-0.6599999999999999,-4.87,0.037061679458828885
goga bitadze,ORL,C,2024,3,1,24.0,1,0.0644,0.6344000000000001,3.01,1.95,0.1984,0.63,0.1593,0.16,11.72,1.17,6.09,0.97,0.98,1.61,19.62,2.45,1.25,0.5710999999999999,3.69,2.06,0.6281000000000001,1.41,0.89,0.3833999999999999,52.4,14.22,-0.63,13.53,1.7000000000000002,1.4,17.630000000000003,1.78,5.220000000000001,1.64,0.45,14.260000000000002,0.71,16.490000000000002,4.08,0.6081,15.25,0.63,0.1597,2.62,0.5897999999999999,0.0,1.0,0.0,0.0,0.0,0.0,0.0,27.2,1.0,0.0,0.0,-5.3,1.2,23.3,1.0,0.0,0.0,1.0,0.0,0.0,0.0,0.0,0.0,2.0,5.0,-6.5,10.7,0.5,0.0,-0.4,0.0,0.0,0.0,0.0,33.3,0.5,16.7,1.5,0.0,13.2,0.0,-0.136,0.0,0.0,0.6390243903,0.0,14.24042314131545,1.1245266392689364,0.0,-0.63,-6.279999999999999,0.013242787977667361
moritz wagner,ORL,C,2024,2,1,26.0,1,0.0782,0.6602,4.6,3.0500000000000003,0.3245,2.21,0.3292,0.72,12.13,1.33,1.27,0.25,1.5,0.2299999999999999,19.67,3.04,1.59,0.5499,6.78,3.770000000000001,0.8205,2.66,2.2,0.3882,69.7,17.740000000000002,1.27,7.82,1.25,2.74,19.14,2.12,10.4,1.38,0.49,12.5,1.14,13.72,4.24,0.6516,22.31,1.09,0.1663,4.38,0.6033999999999999,0.519,3.9,2.0,0.222,1.3,0.25,0.3,3.3,0.3,2.7,0.4,-2.5,1.5,22.2,2.9,0.3,0.444,5.1,2.3,0.588,2.4,1.4,0.472,7.0,15.0,-4.0,11.2,1.6,-0.1,12.4,3.0,6.3,2.9,0.9,15.5,1.1,16.5,4.4,0.506,21.5,0.0,0.102,0.2,0.472,0.8499999999000001,0.0,17.727534691356517,1.1245266392689364,0.0,-1.09,-4.0,0.07827187624396373
saddiq bey,ATL,SF,2024,3,0,24.0,1,0.0458,0.4967,5.6000000000000005,2.76,0.3355,5.950000000000001,0.5144,2.02,8.19,1.7599999999999998,0.5,0.2,-1.05,-1.6,13.72,3.79,1.03,0.4137999999999999,11.6,4.779999999999999,0.8422,3.1500000000000004,2.68,0.2758,71.0,31.23,0.5000000000000001,6.57,2.0,2.66,13.73,1.5,14.21,1.34,0.8500000000000001,6.720000000000001,0.96,10.03,5.74,0.5495000000000001,18.82,0.56,0.0808,3.72,0.5002,0.364,3.7,1.3,0.389,3.0,0.45,1.2,5.6,1.0,0.0,0.0,-2.1,-1.5,15.2,2.8,0.0,0.375,6.7,2.5,0.889,1.5,1.3,0.225,6.0,22.2,-0.6,5.2,1.2,0.1,10.9,0.5,7.5,1.1,0.5,4.4,0.3,9.8,4.0,0.512,14.2,0.0,0.038,0.1,0.463,0.8658536585000001,0.0,31.25153745168057,1.282292469545144,0.0,-0.56,-1.05,0.05666807060535284
kelly oubre jr,PHI,SF,2024,2,1,28.0,1,0.0567999999999999,0.5271,8.05,4.21,0.3202,5.99,0.4277999999999999,1.94,6.57,1.3,1.65,0.55,-1.7599999999999998,-0.88,13.02,3.52,1.93,0.4377999999999999,14.04,6.15,0.7363999999999999,3.49,2.63,0.2488,63.6,30.05,-0.83,4.640000000000001,1.3199999999999998,0.69,14.170000000000002,2.8200000000000003,16.79,1.89,1.17,7.319999999999999,1.2200000000000002,8.78,4.86,0.5397000000000001,23.75,0.0999999999999999,0.0661,2.67,0.5065,0.537,6.8,3.7,0.391,3.8,0.359,1.5,7.2,1.7,2.7,1.2,0.8,1.5,7.3,2.5,0.2,0.484,10.7,5.2,0.727,1.8,1.3,0.172,6.0,37.3,-0.6,4.7,1.5,0.2,12.5,4.0,13.2,2.6,1.8,10.4,1.3,6.0,4.0,0.574,15.8,0.2,0.071,0.3,0.555,0.7756097563,0.0,30.04559497757353,1.2523113857419077,0.0,0.10000000000000012,2.5599999999999996,0.1048253379422758
kris dunn,UTA,PG,2024,3,0,29.0,0,0.0368,0.5221,5.31,2.77,0.3442999999999999,1.49,0.2491999999999999,0.56,30.26,4.699999999999999,1.63,0.39,-0.4100000000000001,1.0499999999999998,13.95,2.8599999999999994,0.69,0.4822999999999999,6.75,3.31,0.7649999999999999,1.23,0.96,0.1596999999999999,42.4,21.99,-1.46,3.27,0.64,0.92,14.63,2.3200000000000003,8.18,2.59,1.15,18.09,1.54,8.600000000000001,3.5,0.5512,16.52,0.42,0.0914,1.61,0.5275000000000001,0.5221,5.31,2.77,0.3442999999999999,1.49,0.2491999999999999,0.56,30.26,4.699999999999999,1.63,0.39,-0.4100000000000001,1.0499999999999998,13.95,2.8599999999999994,0.69,0.4822999999999999,6.75,3.31,0.7649999999999999,1.23,0.96,0.1596999999999999,42.4,21.99,-1.46,3.27,0.64,0.92,14.63,2.3200000000000003,8.18,2.59,1.15,18.09,1.54,8.600000000000001,3.5,0.5512,16.52,0.42,0.0914,1.61,0.5275000000000001,0.5170731708,0.0,22.007592715822508,1.1330163871755097,0.0,0.0,0.0,0.5
simone fontecchio,DET,SF,2024,2,1,28.0,0,0.0547,0.505625,2.8625,1.5,0.3743749999999999,4.575,0.6101249999999999,1.7,8.25,1.2375,1.0875,0.2625,-2.575,-1.4125,10.5125,2.1625,0.4875,0.425875,7.4375,3.2,0.809375,0.925,0.7625,0.127875,60.75,21.075,-1.1249999999999998,4.3375,0.85,0.7875,10.5625,1.5125,8.924999999999999,1.15,0.5499999999999999,10.5,0.925,7.475,2.95,0.5606249999999999,17.8875,0.025,0.036625,1.275,0.5399999999999999,0.505625,2.8625,1.5,0.3743749999999999,4.575,0.6101249999999999,1.7,8.25,1.2375,1.0875,0.2625,-2.575,-1.4125,10.5125,2.1625,0.4875,0.425875,7.4375,3.2,0.809375,0.925,0.7625,0.127875,60.75,21.075,-1.1249999999999998,4.3375,0.85,0.7875,10.5625,1.5125,8.924999999999999,1.15,0.5499999999999999,10.5,0.925,7.475,2.95,0.5606249999999999,17.8875,0.025,0.036625,1.275,0.5399999999999999,0.7408536585,0.0,21.089852002717077,1.0425465185522824,0.0,0.0,0.0,0.5
josh okogie,PHO,SG,2024,2,1,25.0,1,0.0587,0.4853,2.09,1.01,0.3146,1.81,0.4612,0.5800000000000001,8.530000000000001,1.1,2.23,0.39,-0.8500000000000001,0.73,9.81,1.41,1.16,0.4065999999999999,3.86,1.5699999999999998,0.7269,1.86,1.36,0.4847,61.4,15.74,-1.63,8.42,1.17,0.8500000000000001,11.79,1.25,5.029999999999999,2.28,0.74,12.69,0.6699999999999999,9.1,2.63,0.5405,14.23,0.36,0.0947,2.03,0.4795,0.612625,1.7999999999999998,1.075,0.26175,1.025,0.349875,0.2625,11.1,0.7999999999999999,0.3374999999999999,0.075,-3.1125,0.65,12.8375,0.9625,0.0,0.48925,2.825,1.3375,0.6297499999999999,1.4249999999999998,0.9125,0.5485,6.25,11.125,-3.7,3.0749999999999997,0.4499999999999999,0.075,11.3,1.7999999999999998,3.725,2.825,0.5375,11.6625,0.425,7.875,1.4125,0.5556249999999999,18.125,0.0,0.02175,0.075,0.53375,0.7487804876999999,0.0,15.73034863945578,1.6796266899963976,0.0,-0.36,-2.2624999999999997,0.06711722788534095
gary harris,ORL,SG,2024,2,1,29.0,1,0.0533,0.546,2.24,1.17,0.3916,4.25,0.6672,1.68,8.52,1.52,0.9,0.26,-1.29,0.68,6.33,1.36,1.28,0.4423,6.49,2.85,0.8228,0.9,0.76,0.1397999999999999,53.6,25.09,-1.97,2.14,0.44,1.16,10.03,1.7799999999999998,8.16,1.81,0.92,8.71,0.6799999999999999,4.199999999999999,1.85,0.5937,12.91,0.2299999999999999,0.09,2.48,0.5731999999999999,0.167,1.0,0.2,0.318,3.7,0.786,1.2,3.7,0.7,1.8,0.5,-2.0,2.7,5.1,1.2,0.4,0.286,4.7,1.3,1.0,0.3,0.3,0.071,6.0,26.5,-4.7,3.4,0.8,0.0,4.9,3.0,4.2,2.2,1.2,6.5,0.3,4.2,2.0,0.433,8.5,0.0,0.096,0.3,0.411,0.6536585365,0.0,25.08746487075364,1.1245266392689364,0.0,-0.2299999999999999,-0.71,0.10573045781953207
deanthony melton,PHI,SG,2024,1,0,25.0,1,0.0911999999999999,0.4457,3.74,1.66,0.3718,5.38,0.5897,1.98,14.77,2.8200000000000003,1.66,0.45,0.9,1.4,13.55,3.18,2.1899999999999995,0.4013,9.2,3.69,0.8054,1.7000000000000002,1.36,0.1843,56.7,26.36,-0.5,3.47,0.8,0.91,13.55,2.21,10.739999999999998,2.92,1.56,10.97,1.19,8.46,3.98,0.5421,18.33,1.15,0.0994,3.05,0.5111,0.4154,2.58,1.06,0.3328,4.46,0.6338,1.46,11.48,1.6,3.3200000000000003,0.6799999999999999,0.1799999999999999,1.14,11.52,2.08,0.3,0.359,7.040000000000001,2.52,0.75,0.5800000000000001,0.42,0.0842,10.6,21.74,-1.0,5.6,1.14,0.0,10.96,1.4400000000000002,6.98,2.62,1.12,12.08,0.98,8.46,3.22,0.4766,17.119999999999997,0.18,0.0459999999999999,0.3,0.4632,0.6914634144,0.0,26.380043887961968,1.2523113857419077,0.0,-0.97,-0.7200000000000001,0.13358638792016025
johnny juzang,UTA,SG,2024,4,1,22.0,0,0.022,0.5429999999999999,1.925,1.0375,0.34925,3.75,0.66475,1.3,7.012499999999999,0.9,0.725,0.1375,-4.75,-2.2,10.675,1.5749999999999995,0.0375,0.416375,5.6125,2.3375,0.6337499999999999,0.5125,0.35,0.093625,19.25,16.4625,-2.55,2.7375,0.4,0.1375,8.4375,1.2,6.3,0.6125,0.2,7.3625,0.5125,6.725,1.95,0.541625,16.4125,-0.2375,0.017375,0.175,0.5339999999999999,0.5429999999999999,1.925,1.0375,0.34925,3.75,0.66475,1.3,7.012499999999999,0.9,0.725,0.1375,-4.75,-2.2,10.675,1.5749999999999995,0.0375,0.416375,5.6125,2.3375,0.6337499999999999,0.5125,0.35,0.093625,19.25,16.4625,-2.55,2.7375,0.4,0.1375,8.4375,1.2,6.3,0.6125,0.2,7.3625,0.5125,6.725,1.95,0.541625,16.4125,-0.2375,0.017375,0.175,0.5339999999999999,0.2347560974999999,0.0,16.457395832291667,1.1330163871755097,0.0,0.0,0.0,0.5
haywood highsmith,MIA,PF,2024,2,1,27.0,1,0.037,0.5157,1.83,0.98,0.3639,2.35,0.5652999999999999,0.91,6.48,0.8500000000000001,1.97,0.38,-2.2,0.5,13.15,1.98,1.38,0.4314,4.18,1.82,0.5387,0.4599999999999999,0.2299999999999999,0.1153,53.0,17.439999999999998,-2.67,6.08,0.93,0.4600000000000001,9.5,1.49,4.83,1.64,0.63,10.63,0.53,9.57,2.93,0.5378,12.75,0.14,0.076,1.84,0.5345,0.5003,1.65,0.97,0.364,1.99,0.5512999999999999,0.5,8.96,0.97,0.81,0.13,-1.7100000000000002,1.17,11.14,1.52,0.06,0.4488,3.64,1.47,0.74,0.19,0.16,0.0563999999999999,9.5,16.05,-2.8800000000000003,4.46,0.44,0.0199999999999999,8.459999999999999,1.79,3.61,1.16,0.28,13.53,0.51,7.7,1.91,0.5579999999999999,12.81,0.0399999999999999,0.0382,0.1099999999999999,0.5495,0.6463414634,0.0,17.45201847456672,1.3185517603899397,0.0,-0.10000000000000012,0.49,0.14160076894859283
chris paul,GSW,PG,2024,1,0,38.0,1,0.0781,0.5054,5.93,3.01,0.3614,3.74,0.3963,1.36,37.21,8.23,0.66,0.2299999999999999,2.54,1.42,13.78,3.74,2.3200000000000003,0.4511,9.7,4.42,0.8301999999999999,1.88,1.56,0.1823,59.7,29.38,1.12,1.35,0.36,3.5700000000000003,16.82,2.0,11.71,2.3600000000000003,1.43,13.84,1.6999999999999995,7.59,4.12,0.5547,17.5,2.15,0.1568,5.890000000000001,0.5236000000000001,0.5328,8.68,4.539999999999999,0.3478,3.92,0.3112,1.38,31.3,7.760000000000001,1.1800000000000002,0.5,2.4400000000000004,0.8999999999999999,13.06,4.02,0.14,0.4752,12.56,5.92,0.6784,1.48,1.26,0.122,9.4,35.22,1.6,2.2,0.62,0.7600000000000001,17.939999999999998,2.62,14.44,2.3200000000000003,1.62,10.32,1.56,7.799999999999999,4.68,0.5478000000000001,18.82,0.44,0.1168,0.9000000000000001,0.5294,0.7280487804,0.0,29.381966655150837,1.466820138066916,0.0,-1.71,-0.09999999999999964,0.15878149918419376
andre drummond,CHI,C,2024,2,0,30.0,1,0.0356,0.5787,5.38,3.13,0.0,0.0,0.0076999999999999,0.0,6.5,0.76,3.5700000000000003,0.6000000000000001,0.07,0.0799999999999999,37.58,5.42,2.5200000000000005,0.5738,5.46,3.13,0.5616,2.41,1.34,0.4396,74.2,16.3,0.02,19.96,2.95,1.79,21.94,1.93,7.58,2.67,0.8800000000000001,15.43,1.15,28.770000000000003,8.34,0.5846,20.75,0.6799999999999999,0.1692,4.3100000000000005,0.5738,0.545,2.8,1.5,0.0,0.0,0.0,0.0,7.0,0.8,4.8,0.8,-3.2,1.7,19.7,2.3,0.1,0.545,2.8,1.5,0.6,1.3,0.8,0.455,4.0,15.0,-4.9,6.5,0.8,-0.1,10.0,3.0,3.8,4.3,1.3,31.3,1.5,13.1,3.0,0.568,14.7,0.0,-0.012,0.0,0.545,0.9048780487,0.0,16.290734940929553,1.2351539321134235,0.0,-0.6799999999999999,-3.27,0.04726419107336978
drew eubanks,PHO,C,2024,2,0,26.0,1,0.0356,0.6187,3.86,2.41,0.6601,0.12,0.0346,0.05,8.379999999999999,1.03,4.57,0.91,-0.85,0.49,20.76,3.26,1.5,0.612,4.03,2.43,0.7386,1.44,1.11,0.3661999999999999,75.1,17.39,-1.37,10.3,1.57,2.1100000000000003,15.66,1.75,6.069999999999999,1.15,0.43,16.189999999999998,0.8900000000000001,15.66,4.85,0.6499,13.85,0.38,0.1307,3.55,0.6192,0.583,4.0,2.3,0.0,0.0,0.0,0.0,0.0,0.0,2.5,0.3,-1.7,1.1,13.3,1.3,0.0,0.583,4.0,2.3,1.0,1.0,1.0,0.25,3.0,12.3,-2.8,0.0,0.0,0.0,13.1,2.0,5.7,2.8,0.7,13.1,0.7,6.6,1.3,0.638,19.4,0.0,0.007,0.0,0.583,0.9158536584,0.0,17.388369736710004,1.6796266899963976,0.0,-0.38,-0.85,0.027478071530856237
nicolas batum,PHI,PF,2024,2,0,35.0,1,0.0332,0.5932999999999999,1.24,0.74,0.3948,3.6999999999999993,0.7506999999999999,1.44,10.11,1.87,2.32,0.6199999999999999,0.41,1.14,14.33,3.16,1.79,0.4451,4.94,2.18,0.701,0.5,0.35,0.0984,65.2,24.28,-0.79,4.17,0.94,1.6800000000000002,11.1,1.75,6.140000000000001,1.58,0.81,11.68,0.6699999999999999,9.28,4.05,0.6013,10.41,0.9200000000000002,0.1064,3.47,0.5932999999999999,0.643125,0.9,0.4625,0.3879999999999999,3.5874999999999995,0.8099999999999999,1.3875,7.4375,1.2625,2.2,0.65,-0.4,0.5375,15.4,3.4375,0.0625,0.4166249999999999,4.425,1.85,0.390625,0.8125,0.5,0.1725,5.625,24.5875,-0.8749999999999999,4.325,1.0125,0.1625,8.8375,2.125,5.5875,0.6,0.275,11.875,0.65,9.8375,4.45,0.582125,9.975,0.0625,0.053,0.1625,0.5727499999999999,0.7951219511000001,0.0,24.279773941644937,1.2523113857419077,0.0,-0.8575000000000002,-0.81,0.0803461404134106
aaron holiday,HOU,PG,2024,2,1,27.0,1,0.0332,0.4775999999999999,2.67,1.2800000000000002,0.392,2.14,0.441,0.8500000000000001,15.739999999999998,1.7999999999999998,0.7,0.13,-1.69,0.48,8.23,1.21,0.96,0.4377999999999999,4.779999999999999,2.13,0.8873,0.77,0.65,0.1592,70.5,15.41,-2.15,2.43,0.35,0.8400000000000001,11.09,1.4900000000000002,5.73,1.83,0.57,12.37,0.75,5.34,1.54,0.5562,16.11,0.12,0.0765,1.82,0.5243,0.429,1.2,0.5,0.714,1.2,0.5,0.8,98.4,1.5,4.9,0.2,49.5,14.2,0.0,0.0,0.0,0.571,2.3,1.3,0.0,0.2,0.0,0.071,6.0,3.3,35.3,18.4,0.5,0.3,63.8,0.2,3.5,7.7,0.5,0.0,0.0,8.9,0.5,0.727,33.2,0.3,0.819,0.3,0.75,0.8597560975,0.0,15.402025032820514,1.275511494548636,0.0,0.18,51.19,0.017899033181010753
luke kennard,MEM,SG,2024,1,1,27.0,1,0.0658,0.4569,2.19,1.0,0.4629999999999999,5.63,0.7216,2.58,15.46,2.62,0.25,0.1,0.1,-0.54,11.579999999999998,2.62,1.0499999999999998,0.4614,7.82,3.58,0.9084,1.03,0.88,0.1263,51.2,24.97,0.64,1.1800000000000002,0.3,1.92,13.11,1.2,10.67,1.08,0.52,11.68,1.12,6.34,2.92,0.6495,16.06,0.6799999999999999,0.1093,2.97,0.6279,0.571,1.4,0.8,0.5,3.2,0.696,1.6,9.7,1.4,0.0,0.0,4.8,3.1,15.3,3.0,0.1,0.522,4.6,2.4,1.0,0.8,0.8,0.174,5.0,21.4,1.8,4.4,1.0,0.3,15.1,1.6,7.2,1.8,0.8,3.9,0.2,9.5,4.0,0.727,10.1,0.2,0.19,0.4,0.696,0.6243902439,0.0,24.978401574359594,1.2337428264753236,0.0,-0.4799999999999999,4.7,0.07723044409670696
shake milton,NYK,SG,2024,3,0,27.0,1,0.0204999999999999,0.4855,3.74,1.85,0.3185,1.6999999999999995,0.3182,0.5700000000000001,17.41,2.11,0.95,0.1699999999999999,-2.89,-0.09,11.22,1.65,0.96,0.432,5.489999999999999,2.38,0.8311,1.21,1.0100000000000002,0.231,57.8,16.51,-2.77,2.88,0.4,0.52,10.79,1.39,6.41,1.28,0.39,12.44,0.8200000000000001,7.15,2.0700000000000003,0.5254,18.56,-0.1699999999999999,0.0639,1.51,0.4826,0.312,1.09,0.31,0.1066,0.5700000000000001,0.3055,0.1399999999999999,12.38,0.52,0.36,0.06,-1.6999999999999995,1.7399999999999998,10.15,0.56,0.04,0.2748,1.63,0.45,0.8765000000000001,1.1800000000000002,1.0,0.7252000000000001,6.2,6.44,-3.47,0.66,0.06,0.08,10.28,0.37,2.04,3.1,0.3399999999999999,6.289999999999999,0.14,5.32,0.6200000000000001,0.4767,16.29,0.04,0.0439,0.13,0.2958,0.7048780487999999,0.0,16.529519534952154,1.3885918424360943,0.0,0.2099999999999999,1.1900000000000006,0.04016069104390841
daquan jeffries,NYK,SG,2024,3,0,26.0,1,0.0173,0.571,0.4,0.2,0.2,0.6,0.588,0.1,14.9,0.3,2.0,0.1,-8.1,-2.5,12.2,0.3,0.0,0.353,1.0,0.4,0.0,0.1,0.0,0.118,17.0,2.7,-5.6,0.0,0.0,-0.1,3.1,0.1,0.8,0.0,0.0,14.4,0.2,6.1,0.3,0.391,19.6,-0.1,-0.087,-0.1,0.412,0.208125,0.5,0.1875,0.25,0.8125,0.0,0.3125,0.0,0.0,0.0,0.0,-7.225,0.6875,11.4375,0.5,0.0,0.234375,1.25,0.5,0.0,0.0,0.0,0.0,3.25,4.0625,-7.874999999999999,3.5,0.1875,0.0,4.862500000000001,0.6875,1.25,1.625,0.1875,0.0,0.0,7.3125,0.625,0.3125,11.0,0.0,0.05125,0.0,0.3125,0.1585365852857143,0.0,2.769024276408964,1.3885918424360943,0.0,0.1,0.875,0.22339131814096122
kevin love,MIA,PF,2024,2,1,35.0,1,0.0274,0.5749,2.4400000000000004,1.36,0.3506,4.92,0.6748000000000001,1.73,16.52,2.06,1.02,0.2,2.88,0.64,32.87,5.42,1.9,0.4226999999999999,7.35,3.14,0.8248,1.99,1.58,0.267,60.9,18.9,2.29,6.43,1.09,1.67,17.1,1.66,9.58,0.8400000000000001,0.32,11.31,1.04,19.58,6.41,0.5817,21.73,1.4300000000000002,0.1475,3.5700000000000003,0.5409,0.520125,1.225,0.6,0.296875,2.15,0.5546249999999999,0.7624999999999998,16.287499999999998,0.95,0.7499999999999999,0.15,0.7374999999999999,1.2875,42.525,3.4625,0.2249999999999999,0.41925,3.375,1.3624999999999998,0.3281249999999999,0.3,0.2624999999999999,0.0502499999999999,10.625,10.75,-0.5875,3.9,0.3874999999999999,0.1124999999999999,12.3875,0.925,3.7125,0.4874999999999999,0.1874999999999999,14.15,0.4375,22.7,3.85,0.516125,16.875,0.1124999999999999,0.0481249999999999,0.3374999999999999,0.506375,0.7426829265999999,0.0,18.89950487906476,1.3185517603899397,0.0,-1.3175000000000003,-2.1425,0.09027517751236684
neemias queta,BOS,C,2024,3,1,24.0,1,0.0154,0.5877142857142857,3.3571428571428577,2.0285714285714285,0.0,0.0,0.0,0.0,8.128571428571428,0.6142857142857143,5.585714285714286,0.7142857142857144,-0.3857142857142859,0.5,19.81428571428572,2.1,0.5285714285714286,0.5877142857142857,3.3571428571428577,2.0285714285714285,0.6948571428571428,1.0285714285714287,0.7,0.3198571428571429,24.285714285714285,10.785714285714286,-0.8857142857142857,16.385714285714286,1.6142857142857143,0.7857142857142858,19.985714285714288,1.6285714285714288,4.785714285714287,1.4714285714285715,0.3857142857142857,10.557142857142855,0.4714285714285715,18.17142857142857,3.7428571428571433,0.6142857142857143,17.32857142857143,0.1857142857142857,0.1995714285714285,1.3142857142857145,0.5877142857142857,0.667,1.0,0.7,0.0,0.0,0.0,0.0,0.0,0.0,7.1,0.3,0.5,-0.5,17.9,0.7,0.0,0.667,1.0,0.7,0.0,0.0,0.0,0.0,3.0,4.3,1.0,9.1,0.3,0.0,17.4,0.0,1.3,0.0,0.0,0.0,0.0,13.5,1.0,0.667,10.7,0.0,0.189,0.1,0.667,0.2256097563,0.0,9.266364286309525,1.4486603465641334,0.0,-0.1857142857142857,0.8857142857142859,0.04693660847546984
eric gordon,PHO,SG,2024,2,0,35.0,1,0.0235,0.5506,3.86,2.09,0.3827,5.52,0.5912999999999999,2.1100000000000003,11.84,2.35,1.26,0.38,-1.88,-1.11,6.31,1.65,0.88,0.4503,9.38,4.2,0.8004,1.68,1.39,0.1793,66.1,28.31,-0.8200000000000001,0.97,0.22,1.34,11.36,1.15,11.9,1.34,0.78,11.77,1.38,3.68,1.87,0.5889,17.310000000000002,0.06,0.0563,2.22,0.5636,0.3136249999999999,2.875,0.9125,0.3868749999999999,4.8625,0.6265000000000001,1.875,8.5,1.7875,1.375,0.4625,-1.925,-0.8375,5.8125,1.3875,-0.1,0.354,7.675,2.7875,0.85925,1.7,1.5,0.2297499999999999,4.375,29.6125,-1.0875,0.8875,0.2625,-0.025,8.2,1.7125,8.825,1.75,1.0375,10.025,0.925,3.2625,1.65,0.522625,14.175,0.0,-0.026,-0.025,0.4748749999999999,0.8060975612000001,0.0,28.32008546317136,1.6796266899963976,0.0,-0.06,-0.04500000000000015,0.06474996463214258
russell westbrook,LAC,PG,2024,2,0,35.0,1,0.0235,0.4976,9.14,4.51,0.2894,3.0,0.2456999999999999,0.8600000000000001,32.5,5.92,1.23,0.36,-0.01,0.1399999999999999,17.61,4.43,2.19,0.4466,12.14,5.37,0.6742,3.51,2.3200000000000003,0.2804,71.5,26.84,-0.15,5.84,1.34,-0.1999999999999999,15.93,2.16,14.02,1.97,1.05,17.18,2.8600000000000003,11.91,5.720000000000001,0.5133000000000001,26.37,0.9,0.0521999999999999,1.96,0.4825,0.3315,9.2125,3.4125,0.2807499999999999,3.85,0.312625,1.1875,20.2375,3.8375,2.7375,0.8374999999999999,-2.7750000000000004,0.0875,18.7,4.175,0.0625,0.31625,13.0625,4.6,0.714375,3.25,2.4625,0.25175,5.625,26.275,-2.8,5.725,1.2999999999999998,-0.275,9.85,2.25,12.7875,2.5625,1.2,15.0125,2.5625,12.125,5.475,0.4039999999999999,27.6125,0.0124999999999999,-0.083375,-0.15,0.3588749999999999,0.8719512195000001,0.0,26.843897783210917,1.2841416987082876,0.0,-0.8875000000000002,-2.7650000000000006,0.07150803560115888
precious achiuwa,NYK,C,2024,1,1,24.0,1,0.0426999999999999,0.5438000000000001,5.34,2.88,0.2865,1.67,0.2354,0.51,7.470000000000001,1.14,3.19,0.72,-1.91,-0.21,21.91,4.13,1.94,0.4838,7.0,3.4000000000000004,0.6376,1.8,1.15,0.255,68.1,21.88,-1.67,11.03,2.24,0.92,14.4,1.94,8.379999999999999,1.31,0.5800000000000001,12.58,1.12,16.22,6.4,0.5393000000000001,17.47,0.03,0.0929,2.8600000000000003,0.518,0.5338571428571429,4.857142857142858,2.585714285714286,0.0894285714285714,0.985714285714286,0.138,0.2285714285714286,4.342857142857143,0.7142857142857143,5.228571428571429,1.1571428571428573,-3.442857142857143,-0.3571428571428572,12.45714285714286,2.285714285714286,0.0714285714285714,0.486,5.914285714285715,2.842857142857143,0.4464285714285715,1.4857142857142858,0.7142857142857143,0.2705714285714286,8.142857142857142,22.51428571428572,-3.1142857142857143,11.185714285714283,2.085714285714286,0.0714285714285714,11.971428571428572,2.2285714285714286,6.628571428571429,0.8714285714285716,0.3428571428571429,9.371428571428572,0.7142857142857144,11.7,4.371428571428572,0.4988571428571429,14.2,-0.1,0.0338571428571428,0.1428571428571428,0.4997142857142858,0.8304878044999999,0.0,21.91740211052977,1.3885918424360943,0.0,-0.13,-1.5328571428571431,0.10955847174859334
malik beasley,MIL,SG,2024,1,0,27.0,1,0.0426999999999999,0.4981,2.71,1.35,0.389,7.5,0.7359,2.87,7.27,1.45,0.39,0.12,-1.64,-1.0,11.69,3.03,1.52,0.4182,10.19,4.27,0.7511,0.6000000000000001,0.4499999999999999,0.0589,79.6,27.54,-0.63,1.82,0.43,1.23,10.8,1.61,11.88,1.25,0.69,6.89,0.78,6.83,3.48,0.5696,17.51,0.19,0.0598999999999999,2.75,0.5614,0.5408,2.2,1.3,0.3647,3.66,0.6480999999999999,1.34,4.27,0.5499999999999999,0.1399999999999999,0.04,-2.48,-0.51,10.85,1.9,0.02,0.4306,5.789999999999999,2.66,0.4666,0.35,0.31,0.0799999999999999,7.5,17.35,-1.97,1.96,0.25,0.05,9.82,1.2000000000000002,7.0,1.11,0.4399999999999999,7.56,0.55,6.5200000000000005,2.12,0.5674,17.169999999999998,0.02,0.0326,0.1,0.5467,0.9707317072,0.0,27.548848103375526,1.439089897883415,0.0,-0.17,-0.8400000000000001,0.056032595145607246
xavier tillman,BOS,PF,2024,2,1,25.0,1,0.0159,0.55,3.93,2.19,0.2444,0.99,0.2051,0.27,11.24,1.42,3.14,0.61,0.1099999999999999,1.82,15.96,2.56,1.61,0.492,4.92,2.39,0.5149,1.16,0.6200000000000001,0.2426,55.900000000000006,17.43,-1.6800000000000002,9.04,1.49,0.7599999999999999,14.31,1.42,5.71,2.6500000000000004,0.93,10.86,0.6299999999999999,12.44,4.05,0.5243,14.79,0.5599999999999999,0.111,2.3200000000000003,0.5166999999999999,0.6016,3.01,1.77,0.675,0.3,0.1052,0.13,8.96,1.2999999999999998,2.71,0.43,1.2,2.85,16.74,2.59,0.15,0.6164000000000001,3.31,1.9,0.78,0.43,0.26,0.1437999999999999,7.6,16.53,-1.65,7.95,1.37,0.16,12.28,1.65,4.24,1.88,0.55,20.76,0.6300000000000001,12.22,3.96,0.6656,9.58,0.08,0.1312,0.31,0.6552,0.6817073168,0.0,17.471053786838276,1.4486603465641334,0.0,-0.4799999999999999,1.09,0.11421090671066805
anthony gill,WAS,PF,2024,2,1,31.0,0,0.0159,0.5836,2.09,1.2000000000000002,0.271,0.67,0.2418,0.19,8.82,0.6499999999999999,1.83,0.22,-3.42,-1.28,12.32,1.12,0.26,0.5097,2.76,1.39,0.7839,0.92,0.74,0.3603,51.5,9.93,-2.14,7.82,0.69,0.5700000000000001,12.32,1.12,3.71,0.9,0.2,10.75,0.42,10.08,1.84,0.5861000000000001,15.57,-0.21,0.0773,0.8699999999999999,0.5425,0.5836,2.09,1.2000000000000002,0.271,0.67,0.2418,0.19,8.82,0.6499999999999999,1.83,0.22,-3.42,-1.28,12.32,1.12,0.26,0.5097,2.76,1.39,0.7839,0.92,0.74,0.3603,51.5,9.93,-2.14,7.82,0.69,0.5700000000000001,12.32,1.12,3.71,0.9,0.2,10.75,0.42,10.08,1.84,0.5861000000000001,15.57,-0.21,0.0773,0.8699999999999999,0.5425,0.6280487806999999,0.0,9.947228608278891,1.5562153638041183,0.0,0.0,0.0,0.5
luka garza,MIN,C,2024,2,1,25.0,1,0.0154,0.6068,2.31,1.41,0.3136,1.37,0.3809,0.45,8.15,0.4,0.84,0.07,-1.67,-2.53,11.86,0.8400000000000001,0.2,0.4927,3.65,1.81,0.721,1.45,1.04,0.3839,27.3,7.5,0.8600000000000001,17.01,1.12,0.47,20.92,1.29,5.109999999999999,1.2000000000000002,0.19,7.89,0.37,14.33,1.91,0.5906,28.94,0.0099999999999999,0.1649,0.6900000000000001,0.5515,0.889,1.3,1.1,0.667,0.4,0.25,0.3,9.1,0.1,0.0,0.0,24.3,4.6,18.2,0.6,0.0,0.833,1.7,1.4,0.875,1.1,1.0,0.667,7.0,3.7,19.7,9.1,0.3,0.3,48.4,0.0,4.1,0.0,0.0,0.0,0.0,13.7,0.9,0.934,27.2,0.2,0.518,0.3,0.917,0.3329268293999999,0.0,7.475902678571428,1.7403625984223023,0.0,0.1900000000000001,25.97,0.11229135053110774
doug mcdermott,IND,SF,2024,1,0,32.0,1,0.0148,0.5206999999999999,2.3200000000000003,1.21,0.4133,4.21,0.6842,1.74,9.55,1.23,0.3,0.05,-3.16,-2.12,7.68,1.32,0.25,0.446,6.48,2.9000000000000004,0.6734,0.68,0.5,0.0957,61.4,18.0,-1.04,1.44,0.3,0.8200000000000001,10.16,1.34,8.07,0.65,0.27,8.82,0.6300000000000001,4.5200000000000005,1.57,0.5955999999999999,16.87,-0.29,0.0459,1.07,0.5875999999999999,0.667,0.3,0.2,0.375,0.8,0.727,0.3,13.0,0.7,2.9,0.2,0.5,0.3,1.8,0.1,0.0,0.455,1.1,0.5,0.0,0.0,0.0,0.0,10.0,6.4,0.1,3.8,0.2,0.1,8.6,0.5,1.3,0.0,0.0,8.3,0.1,2.8,0.3,0.591,8.5,0.0,0.063,0.1,0.591,0.748780488,0.0,18.02357690081189,1.2588686820417436,0.0,0.29,3.66,0.05473828258638385
alec burks,NYK,SG,2024,1,0,32.0,1,0.0148,0.3933,3.93,1.57,0.393,4.87,0.5530999999999999,1.9,13.26,1.91,0.8500000000000001,0.22,-0.6299999999999999,-0.91,13.48,2.62,1.11,0.3935,8.8,3.47,0.8426,3.02,2.54,0.3420999999999999,64.5,21.52,0.31,2.06,0.44,1.56,14.14,1.66,11.38,1.39,0.6100000000000001,8.35,0.9,7.63,3.06,0.5604,22.58,0.56,0.0849,2.67,0.502,0.591,3.7,2.2,0.429,4.7,0.56,2.0,8.1,1.0,0.8,0.2,8.3,1.7,16.2,2.7,0.0,0.5,8.3,4.2,0.844,5.3,4.5,0.64,6.0,20.2,6.6,3.7,0.7,0.7,26.5,1.0,14.8,0.4,0.2,0.0,0.0,9.7,3.3,0.694,23.3,0.3,0.285,0.7,0.62,0.7865853661000001,0.0,21.50363749033472,1.3885918424360943,0.0,-0.26000000000000006,8.93,0.0803053192335215
deandre jordan,DEN,C,2024,1,1,35.0,1,0.0148,0.6695,2.7700000000000005,1.84,0.3,0.0,0.0026999999999999,0.0,7.54,0.7,3.75,0.52,-1.67,0.18,28.86,3.35,0.77,0.6700999999999999,2.7700000000000005,1.87,0.4929,1.27,0.63,0.4660999999999999,39.3,12.6,-1.87,13.89,1.48,0.63,15.85,1.64,4.34,0.88,0.25,19.82,0.8200000000000001,21.56,4.86,0.6525000000000001,14.59,0.02,0.1361,1.4,0.6716,0.6501,1.08,0.74,0.0,0.0,0.0,0.0,4.01,0.15,6.66,0.48,-0.7300000000000001,4.19,23.17,1.2,0.0,0.6501,1.08,0.74,0.65,0.65,0.59,0.7001,2.8,6.36,-4.92,5.07,0.31,0.02,14.43,1.41,2.05,2.0,0.25,15.92,0.29,14.29,1.51,0.7402,12.89,0.0,0.1579,0.07,0.6501,0.4792682926,0.0,12.5960167383547,1.417330088736298,0.0,-0.02,0.9399999999999998,0.03471426232192566
seth curry,CHO,SG,2024,1,1,33.0,1,0.0148,0.4871,3.3200000000000003,1.71,0.3819,3.55,0.5207999999999999,1.4,11.68,1.7000000000000002,0.72,0.12,-2.4,-0.75,8.690000000000001,1.53,0.77,0.4323,6.82,3.04,0.904,0.92,0.8,0.138,53.1,19.65,-1.6,2.18,0.32,0.8600000000000001,11.38,1.39,8.309999999999999,1.54,0.5900000000000001,9.77,0.8300000000000001,5.47,1.85,0.5604,17.86,0.06,0.06,1.63,0.5317,0.6699999999999999,3.58,2.38,0.4086,4.119999999999999,0.5204,1.8000000000000005,17.18,2.4000000000000004,0.8800000000000001,0.32,1.7400000000000002,-0.64,6.68,1.4,-0.04,0.5412,7.7,4.18,0.667,0.92,0.62,0.1256,3.4,24.78,2.38,0.8,0.2,0.22,14.84,1.94,10.78,0.16,0.12,5.58,0.5,3.76,1.6,0.6566000000000001,16.900000000000002,0.08,0.093,0.18,0.6502,0.6475609757,0.0,19.617252732903317,1.23086498408334,0.0,0.020000000000000004,4.140000000000001,0.07471354575419871
alex len,SAC,C,2024,1,1,30.0,1,0.0053,0.6053999999999999,1.93,1.14,0.0572,0.18,0.0624,0.04,12.11,0.89,5.9,0.59,-1.6799999999999995,1.78,22.08,1.83,0.51,0.5752,2.11,1.16,0.6306,0.85,0.54,0.4415,39.6,9.69,-3.4600000000000004,12.61,1.03,0.41,13.81,1.55,2.96,1.16,0.22,23.54,0.7,17.26,2.86,0.6019,13.55,0.05,0.1085,0.92,0.5786,0.778,1.3,1.0,0.0,0.0,0.0,0.0,2.6,0.1,5.3,0.4,-5.0,1.3,25.3,1.9,0.1,0.778,1.3,1.0,0.833,0.9,0.7,0.667,7.0,7.7,-6.3,12.8,1.0,0.0,11.2,2.1,2.7,0.0,0.0,37.6,1.0,18.9,2.9,0.816,13.7,0.0,0.084,0.1,0.778,0.4829268295,0.0,9.668603365769233,1.2598847383859846,0.0,-0.05,-3.3200000000000003,0.12316509149406797
mason plumlee,LAC,C,2024,1,0,33.0,1,0.0148,0.629,4.3100000000000005,2.77,0.0,0.05,0.0207,0.0,13.87,2.15,2.29,0.52,0.26,0.8,26.29,4.76,1.57,0.6167,4.359999999999999,2.77,0.6227,2.76,1.6800000000000002,0.6244000000000001,61.3,20.07,-0.4900000000000001,10.78,2.0,2.79,16.72,2.18,7.19,1.15,0.49,16.53,1.13,18.66,6.76,0.6377999999999999,14.45,0.94,0.1538999999999999,4.3100000000000005,0.6167,0.5712499999999999,3.075,1.7999999999999998,0.0,0.0,0.0,0.0,11.2625,1.1124999999999998,2.575,0.3375,1.3499999999999996,1.6749999999999998,23.0,2.725,0.0625,0.5712499999999999,3.075,1.7999999999999998,0.739,1.8625,1.475,0.605625,5.625,13.7,-0.3250000000000004,14.8875,1.95,0.2249999999999999,17.5375,2.5,5.074999999999999,1.9125,0.4625,9.775,0.4125,18.8875,4.612499999999999,0.6225,14.5375,0.075,0.157375,0.2875,0.5712499999999999,0.7475609755999999,0.0,20.03231092358113,1.2841416987082876,0.0,-0.865,1.0899999999999996,0.058945419123442894
garrett temple,TOR,SG,2024,1,1,37.0,0,0.0148,0.4285,1.3199999999999998,0.5700000000000001,0.3407,1.6700000000000002,0.5552999999999999,0.52,11.27,0.91,1.21,0.16,-3.1500000000000004,-0.0599999999999999,10.13,1.03,0.36,0.3812,2.99,1.14,0.7706,0.6,0.48,0.1955,32.8,11.02,-3.01,4.98,0.51,0.0099999999999999,9.62,0.96,3.29,2.19,0.46,11.63,0.4499999999999999,7.51,1.54,0.5103,14.3,-0.12,0.0516,0.35,0.4763,0.4285,1.3199999999999998,0.5700000000000001,0.3407,1.6700000000000002,0.5552999999999999,0.52,11.27,0.91,1.21,0.16,-3.1500000000000004,-0.0599999999999999,10.13,1.03,0.36,0.3812,2.99,1.14,0.7706,0.6,0.48,0.1955,32.8,11.02,-3.01,4.98,0.51,0.0099999999999999,9.62,0.96,3.29,2.19,0.46,11.63,0.4499999999999999,7.51,1.54,0.5103,14.3,-0.12,0.0516,0.35,0.4763,0.4000000002,0.0,11.0125820275661,1.3122681497709912,0.0,0.0,0.0,0.5
tristan thompson,CLE,C,2024,1,1,32.0,1,0.0148,0.5892857142857143,3.0285714285714285,1.7857142857142858,0.0951428571428571,0.0285714285714285,0.0088571428571428,0.0,10.642857142857142,0.8857142857142858,2.2142857142857144,0.3285714285714285,-1.885714285714286,-5.551115123125783e-17,20.51428571428572,2.3285714285714287,0.8000000000000002,0.5851428571428572,3.0571428571428574,1.7857142857142858,0.356,1.3571428571428572,0.5285714285714286,0.4332857142857143,51.28571428571429,12.485714285714286,-1.9571428571428573,14.985714285714288,1.6714285714285717,0.6857142857142857,14.185714285714289,1.342857142857143,4.071428571428571,1.1285714285714288,0.2571428571428572,15.614285714285714,0.6571428571428571,17.771428571428572,4.0285714285714285,0.5567142857142857,14.857142857142858,-0.0142857142857142,0.1098571428571428,1.4571428571428573,0.5857142857142857,0.4355,1.54,0.6699999999999999,0.0,0.0,0.0,0.0,12.4,0.67,2.9,0.25,-3.770000000000001,0.03,15.63,1.04,0.05,0.4355,1.54,0.6699999999999999,0.31,0.3399999999999999,0.11,0.199,7.8,7.459999999999999,-3.8,11.91,0.79,0.03,9.22,0.67,1.4500000000000002,0.56,0.09,17.4,0.36,13.68,1.83,0.4271,13.2,0.03,0.0308999999999999,0.08,0.4355,0.6254355402857144,0.0,12.494023153439723,1.3101825968049052,0.0,0.0442857142857142,-1.884285714285715,0.08330103016809835
markieff morris,DAL,PF,2024,1,1,34.0,0,0.0148,0.393,1.77,0.78,0.3633,1.86,0.5625,0.7,10.78,0.8500000000000001,1.04,0.1,-3.84,-0.8500000000000001,16.36,1.48,0.28,0.3864999999999999,3.63,1.4800000000000002,0.8943,0.29,0.29,0.0859,26.9,10.68,-2.99,3.58,0.42,-0.12,8.600000000000001,1.05,3.91,1.11,0.27,14.08,0.64,10.06,1.87,0.5088,17.479999999999997,-0.13,0.0215,0.13,0.4897,0.393,1.77,0.78,0.3633,1.86,0.5625,0.7,10.78,0.8500000000000001,1.04,0.1,-3.84,-0.8500000000000001,16.36,1.48,0.28,0.3864999999999999,3.63,1.4800000000000002,0.8943,0.29,0.29,0.0859,26.9,10.68,-2.99,3.58,0.42,-0.12,8.600000000000001,1.05,3.91,1.11,0.27,14.08,0.64,10.06,1.87,0.5088,17.479999999999997,-0.13,0.0215,0.13,0.4897,0.3280487804999999,0.0,10.714633989486105,1.375871902132759,0.0,0.0,0.0,0.5
joe ingles,ORL,SF,2024,1,0,36.0,1,0.0148,0.5097,1.06,0.51,0.4095999999999999,3.5200000000000005,0.758,1.38,20.82,3.19,0.43,0.1,-0.52,0.94,11.87,2.17,1.29,0.4293,4.529999999999999,1.96,0.8237,0.5,0.4,0.1159,56.8,20.39,-1.47,1.56,0.3,1.14,10.509999999999998,1.4900000000000002,5.71,1.5499999999999998,0.61,18.83,1.06,6.75,2.47,0.601,12.22,0.44,0.1049,2.43,0.5839,0.5001249999999999,0.6625,0.3375,0.3662499999999999,2.125,0.6906249999999999,0.9375,21.825,1.8125,0.3749999999999999,0.075,1.7,2.5,14.2875,1.375,0.125,0.403875,2.7875,1.275,0.3125,0.1875,0.0625,0.104375,6.25,12.7375,-0.7375,2.3875,0.2625,0.1,12.1375,0.7749999999999999,3.5499999999999994,1.975,0.475,7.762499999999998,0.4499999999999999,8.1125,1.6375,0.5439999999999999,10.325,0.1,0.142375,0.225,0.53775,0.6926829271,0.0,20.388511658418583,1.1245266392689364,0.0,-0.33999999999999997,2.2199999999999998,0.0643172235036014
spencer dinwiddie,LAL,PG,2024,1,0,30.0,1,0.0148,0.4787,5.13,2.48,0.347,5.24,0.5174,1.83,24.92,5.34,0.81,0.28,-0.6799999999999999,-0.65,10.16,2.78,1.4700000000000002,0.4105999999999999,10.39,4.3100000000000005,0.8009000000000001,3.42,2.7,0.3268,75.1,30.42,-0.01,1.63,0.46,3.04,13.67,2.06,13.18,1.1800000000000002,0.73,10.97,1.46,5.87,3.21,0.552,19.21,0.81,0.0934,4.51,0.5003,0.4699,4.15,1.88,0.3251,3.21,0.4913999999999999,1.1800000000000002,19.82,3.47,1.0,0.25,-0.88,0.6,8.719999999999999,1.9,0.12,0.3912,7.380000000000001,3.03,0.6188,2.99,2.06,0.4135999999999999,7.3,24.8,-1.5299999999999998,1.39,0.27,0.16,10.91,1.7,9.29,1.53,0.75,10.12,1.32,5.1,2.17,0.5039,17.09,0.08,0.0461,0.3,0.4687,0.9158536584,0.0,30.42186997976001,1.476139603443586,0.0,-0.7300000000000001,-0.20000000000000007,0.07342688257782544
kyle lowry,PHI,PG,2024,1,1,37.0,1,0.0148,0.5165,2.79,1.4500000000000002,0.3749,5.0,0.645,1.83,23.53,5.13,1.12,0.38,-0.0399999999999999,0.8500000000000001,11.87,3.14,2.06,0.4252,7.790000000000001,3.3100000000000005,0.8479,1.96,1.64,0.2385,59.1,30.24,-0.94,2.3,0.6399999999999999,1.99,12.23,2.54,10.09,1.6800000000000002,1.02,17.229999999999997,1.81,7.01,3.73,0.5865,15.1,0.8900000000000001,0.1074,4.050000000000001,0.5462,0.4055999999999999,2.4000000000000004,1.03,0.3272,4.22,0.6524,1.33,21.58,4.26,2.16,0.6699999999999999,0.3,1.71,11.41,2.81,0.3899999999999999,0.3577,6.65,2.36,0.8395,2.05,1.69,0.3357,11.9,28.3,-1.41,2.9,0.71,0.1899999999999999,11.28,3.26,7.82,1.92,1.04,13.31,1.24,7.15,3.52,0.5232,14.18,0.2299999999999999,0.0876,0.5800000000000001,0.4637,0.7207317071999999,0.0,30.2227186174964,1.2523113857419077,0.0,-0.6600000000000003,0.33999999999999986,0.1585580478673267
patty mills,MIA,PG,2024,1,0,35.0,1,0.0148,0.4837,1.83,0.86,0.3278,3.77,0.6673,1.3199999999999998,11.84,1.43,0.37,0.07,-3.57,-0.5900000000000001,6.890000000000001,1.0100000000000002,0.5,0.3803999999999999,5.57,2.16,0.9127,0.53,0.4499999999999999,0.1,44.2,16.560000000000002,-2.98,1.81,0.25,0.23,8.86,1.02,6.140000000000001,1.81,0.54,10.46,0.67,4.390000000000001,1.26,0.5123,17.14,-0.1699999999999999,0.0266,0.73,0.4904,0.5477142857142858,1.6571428571428573,0.8571428571428572,0.3487142857142857,3.5857142857142863,0.6944285714285715,1.2285714285714286,6.571428571428571,0.7142857142857143,0.3714285714285715,0.0857142857142857,-1.3285714285714283,-0.3428571428571428,2.085714285714286,0.2857142857142857,-0.0285714285714285,0.413,5.214285714285715,2.085714285714286,0.5357142857142857,0.9285714285714286,0.7142857142857143,0.1678571428571428,3.2857142857142856,17.5,-0.9857142857142857,1.5714285714285716,0.2142857142857142,0.0285714285714285,8.557142857142857,0.8714285714285714,6.085714285714285,0.7142857142857143,0.2142857142857142,5.328571428571429,0.3,1.8142857142857145,0.5,0.5660000000000001,16.371428571428574,0.0,-0.0125714285714285,0.0285714285714285,0.5381428571428571,0.53902439,0.0,16.53106883894753,1.3185517603899397,0.0,0.1699999999999999,2.2414285714285715,0.07283533387717048
taj gibson,DET,PF,2024,1,0,38.0,0,0.0148,0.5206999999999999,1.83,0.99,0.2789,0.54,0.2384,0.1699999999999999,7.31,0.6299999999999999,3.0700000000000003,0.42,-4.01,0.3999999999999999,14.24,1.55,0.49,0.4621,2.37,1.13,0.8758,0.52,0.39,0.1903999999999999,35.1,11.68,-4.33,7.57,0.8500000000000001,0.3999999999999999,8.77,1.83,2.75,1.04,0.27,12.94,0.4,10.94,2.4000000000000004,0.5212,11.09,-0.13,0.0736,0.88,0.4942,0.5206999999999999,1.83,0.99,0.2789,0.54,0.2384,0.1699999999999999,7.31,0.6299999999999999,3.0700000000000003,0.42,-4.01,0.3999999999999999,14.24,1.55,0.49,0.4621,2.37,1.13,0.8758,0.52,0.39,0.1903999999999999,35.1,11.68,-4.33,7.57,0.8500000000000001,0.3999999999999999,8.77,1.83,2.75,1.04,0.27,12.94,0.4,10.94,2.4000000000000004,0.5212,11.09,-0.13,0.0736,0.88,0.4942,0.4280487805,0.0,11.691480768269232,1.0425465185522824,0.0,0.0,0.0,0.5
tyus jones,WAS,PG,2024,1,0,27.0,1,0.0148,0.5144,5.5,2.83,0.3963,3.7399999999999993,0.4039,1.47,31.58,6.09,0.51,0.18,1.17,-0.26,9.52,2.3,1.36,0.4660999999999999,9.239999999999998,4.300000000000001,0.8036,0.8700000000000001,0.69,0.0963,71.6,26.18,1.35,1.22,0.31,3.65,16.35,0.55,10.83,1.85,1.03,8.530000000000001,0.89,5.33,2.58,0.5616,16.78,1.44,0.1304,4.98,0.5462,0.4382,3.48,1.5,0.2548,3.44,0.4988,0.9000000000000001,27.96,4.0200000000000005,0.2799999999999999,0.08,-0.1799999999999997,2.08,14.18,2.66,0.28,0.3412,6.92,2.4000000000000004,0.7734000000000001,0.8200000000000001,0.6599999999999999,0.1106,8.4,20.72,-2.26,2.04,0.42,0.04,11.22,0.76,6.379999999999999,2.92,1.26,15.02,1.2200000000000002,7.68,3.12,0.4256,16.880000000000003,0.12,0.0458,0.2799999999999999,0.4022,0.8731707317,0.0,26.15928360707295,1.5562153638041183,0.0,-1.3199999999999998,-1.3499999999999996,0.08496213881523194
cameron payne,PHI,PG,2024,1,0,29.0,1,0.0148,0.4672,4.33,1.98,0.3726,3.59,0.4717,1.31,26.87,3.63,0.85,0.1699999999999999,-0.91,-0.4299999999999999,9.81,1.7200000000000002,1.16,0.4223,7.939999999999999,3.34,0.8313999999999999,1.14,0.91,0.1422,65.0,18.81,-0.48,1.71,0.32,0.74,13.12,1.7600000000000002,8.95,1.61,0.6,12.84,1.27,5.74,2.01,0.5366,21.91,0.35,0.075,1.91,0.5113,0.3914999999999999,2.28,0.97,0.3775,3.43,0.6099,1.36,19.23,1.99,3.25,0.51,-1.51,-0.03,10.92,1.48,0.02,0.4031,5.71,2.33,0.1666,0.22,0.08,0.0351,7.2,15.25,-1.48,0.2799999999999999,0.04,-0.12,10.12,2.01,6.069999999999999,1.17,0.32,12.87,0.8900000000000001,5.75,1.5,0.5238,20.42,-0.0099999999999999,0.0077999999999999,-0.02,0.5244,0.7926829268,0.0,18.81692522408101,1.2523113857419077,0.0,-0.3599999999999999,-0.6,0.08240459304289093
delon wright,MIA,PG,2024,1,0,31.0,1,0.0148,0.4751999999999999,2.72,1.27,0.3633,1.72,0.3898999999999999,0.61,19.99,2.9,1.25,0.23,1.66,2.66,10.75,1.86,1.23,0.43,4.44,1.96,0.8425,1.02,0.84,0.2281,53.9,19.0,-0.92,3.76,0.6799999999999999,1.4700000000000002,14.45,0.85,5.3500000000000005,3.4800000000000004,1.33,9.45,0.54,7.27,2.56,0.542,12.33,1.08,0.1225,2.68,0.5005000000000001,0.6071428571428572,2.7,1.6428571428571428,0.5385714285714286,2.528571428571429,0.4851428571428572,1.3571428571428572,12.22857142857143,2.085714285714286,0.9857142857142858,0.2714285714285714,4.1571428571428575,3.1428571428571432,11.414285714285716,2.528571428571429,0.1,0.5762857142857143,5.228571428571429,3.0,0.9048571428571428,0.8714285714285714,0.7000000000000001,0.16,4.285714285714287,26.97142857142857,1.0142857142857145,4.214285714285715,0.9857142857142858,0.3,15.614285714285714,1.042857142857143,8.057142857142857,1.8571428571428568,0.942857142857143,3.771428571428572,0.2857142857142857,7.742857142857144,3.5142857142857142,0.7248571428571429,10.514285714285714,0.2,0.15,0.4000000000000001,0.708,0.6573170734,0.0,18.98880765818956,1.3185517603899397,0.0,-0.8800000000000001,2.4971428571428573,0.10142376474843723
taurean prince,LAL,PF,2024,1,0,29.0,1,0.0148,0.5396000000000001,2.88,1.5299999999999998,0.3875,4.04,0.5820000000000001,1.56,8.1,1.43,1.41,0.35,-2.57,-0.28,11.25,2.43,1.39,0.4518999999999999,6.890000000000001,3.11,0.7719,1.11,0.8400000000000001,0.1624,69.0,23.55,-2.28,1.48,0.32,0.44,9.88,1.98,8.64,1.36,0.6399999999999999,11.91,1.0,6.49,2.67,0.5864,15.49,-0.26,0.0550999999999999,1.78,0.5652999999999999,0.4838,2.44,1.18,0.3185,3.52,0.5875999999999999,1.14,6.69,0.78,1.28,0.3,-2.15,-0.15,9.07,1.62,0.05,0.3902,5.959999999999999,2.3200000000000003,0.9048,1.62,1.46,0.2717,5.0,19.7,-1.95,1.88,0.32,0.05,9.32,1.64,7.24,0.98,0.36,7.41,0.56,5.59,1.94,0.5427,17.32,0.0,0.029,0.1,0.4843,0.8414634145,0.0,23.54625802084727,1.476139603443586,0.0,0.26,0.41999999999999993,0.05715280396878354
monte morris,MIN,PG,2024,1,0,28.0,1,0.0148,0.4829,3.97,2.0200000000000005,0.3866,2.88,0.429,1.13,22.2,3.52,1.15,0.25,0.5,0.47,11.15,2.19,0.98,0.4433,6.8500000000000005,3.1500000000000004,0.7651,0.8800000000000001,0.7,0.1288,50.1,21.37,0.0,1.67,0.3,1.96,14.04,0.8,8.11,1.6,0.6499999999999999,6.83,0.6,6.59,2.47,0.5443,15.91,0.7000000000000001,0.1207,2.94,0.5258,0.5171428571428571,2.7142857142857144,1.442857142857143,0.1715714285714286,2.628571428571429,0.4792857142857143,0.7000000000000001,21.77142857142857,2.2571428571428576,1.0,0.0714285714285714,-3.5000000000000004,0.2285714285714286,8.62857142857143,1.0,0.0428571428571428,0.3542857142857143,5.271428571428572,2.1428571428571432,0.9285714285714286,0.8285714285714287,0.6571428571428573,0.115,7.857142857142858,14.2,-3.657142857142857,1.5142857142857145,0.1285714285714286,0.0428571428571428,9.314285714285717,1.3,5.642857142857144,1.685714285714286,0.4857142857142857,3.542857142857144,0.4571428571428572,5.042857142857143,1.1285714285714286,0.4205714285714286,20.114285714285717,-0.0142857142857142,0.0095714285714285,0.0857142857142857,0.3972857142857143,0.6109756095000001,0.0,21.39017763462757,1.7403625984223023,0.0,-0.7142857142857143,-4.0,0.09437542980999601
luke kornet,BOS,C,2024,1,1,28.0,1,0.0148,0.6775,2.59,1.7600000000000002,0.5693,0.12,0.0622999999999999,0.0,9.66,0.91,4.74,0.75,1.9,1.37,15.27,1.85,1.2000000000000002,0.6456999999999999,2.71,1.81,0.8331999999999999,0.71,0.61,0.2461,55.2,12.69,0.5,13.12,1.49,2.42,18.23,1.08,4.19,1.09,0.3,7.79,0.27,14.21,3.3,0.6783,11.49,0.8300000000000001,0.2222,3.62,0.6494,0.724,1.13,0.8300000000000001,0.5,0.05,0.0875,0.05,5.44,0.27,2.59,0.23,4.069999999999999,0.96,19.450000000000003,1.11,0.1,0.746,1.1800000000000002,0.8800000000000001,0.723,0.59,0.49,0.3845,10.7,6.72,3.06,15.189999999999998,0.95,0.26,20.48,0.51,2.29,0.2,0.05,13.15,0.27,17.380000000000003,2.1100000000000003,0.8271,11.81,0.08,0.2437,0.38,0.7899,0.6731707318,0.0,12.677861628120084,1.4486603465641334,0.0,-0.7500000000000001,2.1699999999999995,0.09309262654196314
thomas bryant,MIA,C,2024,1,1,26.0,1,0.0148,0.643,4.02,2.63,0.2804999999999999,0.9200000000000002,0.1788,0.25,7.0200000000000005,0.63,3.29,0.51,-0.22,-0.1899999999999999,24.56,3.24,0.9,0.5793999999999999,4.94,2.9,0.8324,1.53,1.29,0.3137999999999999,42.1,14.55,-0.0499999999999999,9.11,1.2,1.4,18.73,1.4300000000000002,7.27,0.9,0.28,10.02,0.6199999999999999,16.87,4.359999999999999,0.6455,18.85,0.3299999999999999,0.1669999999999999,2.25,0.6054,1.0,2.5,2.5,0.0,1.0,0.286,0.0,12.0,0.5,0.0,0.0,4.4,0.5,20.2,1.5,0.0,0.714,3.5,2.5,0.667,1.5,1.0,0.429,2.0,9.0,3.9,12.6,1.0,0.0,23.4,0.5,6.0,0.0,0.0,19.4,1.0,16.3,2.5,0.721,28.1,0.0,0.107,0.0,0.714,0.5134146341,0.0,14.55921031576172,1.3185517603899397,0.0,-0.3299999999999999,4.62,0.028546280657515993
trendon watford,BRK,PF,2024,1,1,23.0,0,0.0194,0.5788,4.17,2.41,0.3632,1.01,0.1973,0.36,15.02,1.62,1.91,0.3299999999999999,-1.13,0.0,18.83,2.71,0.76,0.5379,5.13,2.7700000000000005,0.764,1.63,1.26,0.3194,59.7,16.150000000000002,-1.15,5.88,0.85,1.12,15.09,1.9,7.19,1.3199999999999998,0.45,14.91,1.01,12.2,3.51,0.611,18.9,0.2,0.096,1.91,0.575,0.5788,4.17,2.41,0.3632,1.01,0.1973,0.36,15.02,1.62,1.91,0.3299999999999999,-1.13,0.0,18.83,2.71,0.76,0.5379,5.13,2.7700000000000005,0.764,1.63,1.26,0.3194,59.7,16.150000000000002,-1.15,5.88,0.85,1.12,15.09,1.9,7.19,1.3199999999999998,0.45,14.91,1.01,12.2,3.51,0.611,18.9,0.2,0.096,1.91,0.575,0.7280487806,0.0,16.137515231500895,1.3147685430926106,0.0,0.0,0.0,0.5
landry shamet,WAS,SG,2024,1,0,26.0,1,0.0096,0.4808,2.44,1.2,0.3557,4.16,0.6232,1.5299999999999998,11.75,1.61,0.8500000000000001,0.15,-2.66,-0.8200000000000001,7.42,1.24,0.61,0.4074,6.65,2.7,0.8455999999999999,1.13,0.93,0.1684,48.8,18.12,-1.86,1.84,0.28,0.42,10.56,1.56,7.819999999999999,1.46,0.54,9.11,0.74,4.619999999999999,1.52,0.5491,18.43,-0.11,0.0493,1.03,0.5183,0.407,1.6800000000000002,0.68,0.3658,2.62,0.6032000000000001,0.98,8.56,1.1800000000000002,0.24,0.06,-3.18,-0.7999999999999999,9.3,1.4,0.0,0.3852,4.3,1.66,0.7356,0.48,0.34,0.1118,10.8,17.439999999999998,-2.38,1.9,0.3,0.0,7.140000000000001,1.22,4.6,0.9400000000000002,0.32,9.58,0.48,5.720000000000001,1.7000000000000002,0.5114000000000001,12.82,-0.06,0.0056,0.0,0.496,0.5951219513999999,0.0,18.11485640036232,1.5562153638041183,0.0,0.05,-0.52,0.1756018974313076
gary trent,TOR,SG,2024,1,0,25.0,1,0.0148,0.4689,6.48,3.0600000000000005,0.3838,6.800000000000001,0.5122,2.6,8.280000000000001,1.73,0.54,0.1699999999999999,-1.2,-0.6399999999999999,8.6,2.29,1.55,0.4256999999999999,13.31,5.66,0.8078000000000001,2.21,1.78,0.1598,69.3,30.680000000000003,-0.5599999999999999,1.37,0.43,1.77,13.44,1.5699999999999998,15.73,2.17,1.37,5.19,0.79,4.82,2.62,0.5512,20.87,0.47,0.0726,3.32,0.5243,0.419,7.2,3.0,0.333,6.5,0.476,2.2,6.4,1.3,1.6,0.5,-1.4,-0.7,6.2,1.5,-0.1,0.378,13.7,5.2,0.895,3.2,2.8,0.232,6.0,33.2,-0.7,0.6,0.2,0.1,12.4,1.8,15.3,1.6,1.0,3.2,0.5,3.1,1.7,0.509,21.8,0.0,0.014,0.1,0.457,0.8451219515999999,0.0,30.660672065866105,1.3122681497709912,0.0,-0.47,-0.19999999999999996,0.0856654814554875
lonnie walker,BRK,SG,2024,1,0,25.0,1,0.0056,0.4895,4.58,2.26,0.3643,4.67,0.5095000000000001,1.7000000000000002,10.53,1.42,1.4300000000000002,0.3,-1.62,-0.91,10.77,1.97,0.97,0.4273,9.25,3.94,0.7957000000000001,1.49,1.2200000000000002,0.1591,59.8,20.26,-0.71,1.2999999999999998,0.25,0.21,12.67,1.27,10.78,1.39,0.5700000000000001,8.3,0.89,5.98,2.19,0.5459,22.98,0.12,0.0462,1.1800000000000002,0.5202,0.615,2.0,1.2,0.382,2.6,0.567,1.0,8.9,0.8,0.5,0.1,1.0,1.2,6.2,0.8,0.2,0.483,4.6,2.2,0.75,0.9,0.7,0.2,13.0,13.8,-0.2,0.6,0.1,0.2,13.1,1.2,6.2,1.9,0.5,5.8,0.3,3.6,0.9,0.613,17.0,0.1,0.11,0.4,0.592,0.7292682926,0.0,20.271772948288177,1.3147685430926106,0.0,-0.01999999999999999,2.62,0.1289767841788478
talen hortontucker,UTA,PG,2024,1,0,23.0,0,0.0148,0.4629,5.82,2.71,0.3046,3.33,0.3624,1.03,23.95,3.43,1.7599999999999998,0.42,-1.7400000000000002,-0.39,11.73,2.3,0.8200000000000001,0.4069,9.17,3.74,0.7885,2.25,1.7599999999999998,0.2456,57.0,21.0,-1.4200000000000002,2.69,0.5,0.0199999999999999,13.01,1.91,10.259999999999998,1.93,0.8300000000000001,12.669999999999998,1.5,7.26,2.8,0.5045,23.61,0.06,0.0348,0.8600000000000001,0.4625,0.4629,5.82,2.71,0.3046,3.33,0.3624,1.03,23.95,3.43,1.7599999999999998,0.42,-1.7400000000000002,-0.39,11.73,2.3,0.8200000000000001,0.4069,9.17,3.74,0.7885,2.25,1.7599999999999998,0.2456,57.0,21.0,-1.4200000000000002,2.69,0.5,0.0199999999999999,13.01,1.91,10.259999999999998,1.93,0.8300000000000001,12.669999999999998,1.5,7.26,2.8,0.5045,23.61,0.06,0.0348,0.8600000000000001,0.4625,0.6951219515,0.0,20.986952760829563,1.1330163871755097,0.0,0.0,0.0,0.5
jordan mclaughlin,MIN,PG,2024,1,0,27.0,1,0.0148,0.5216000000000001,1.36,0.72,0.392,1.62,0.5534,0.66,25.29,2.6,0.87,0.12,1.97,1.95,8.74,1.07,0.93,0.4558,2.96,1.35,0.7609,0.39,0.29,0.1392,53.3,13.24,0.0699999999999999,2.97,0.32,1.17,13.97,0.69,3.62,2.66,0.69,13.84,0.51,5.9,1.37,0.5838000000000001,11.92,0.6799999999999999,0.1493,2.1,0.5665,0.41,1.0499999999999998,0.4700000000000001,0.1142,0.98,0.5104,0.16,16.73,1.13,0.0,0.0,-12.04,-1.84,16.090000000000003,1.13,0.02,0.2522,2.03,0.63,0.15,0.31,0.12,0.158,4.6,7.92,-10.21,0.0,0.0,-0.07,-0.9499999999999996,0.6,1.5900000000000003,0.5599999999999999,0.2,10.32,0.23,8.04,1.13,0.2662,15.1,-0.0399999999999999,-0.1573,-0.0499999999999999,0.2758,0.6499999999,0.0,13.232422284034936,1.7403625984223023,0.0,-0.7199999999999999,-14.01,0.04909152648344481
bol bol,PHO,PF,2024,1,1,24.0,1,0.0148,0.6701999999999999,3.03,2.04,0.3409999999999999,1.14,0.2724,0.39,6.539999999999999,0.5800000000000001,4.44,0.6799999999999999,0.5800000000000001,0.5900000000000001,23.92,2.86,1.03,0.583,4.17,2.43,0.7021999999999999,0.73,0.53,0.1678,45.3,13.06,0.0599999999999999,6.75,0.71,0.5,16.37,0.95,5.8100000000000005,0.92,0.24,13.03,0.74,15.57,3.62,0.6438999999999999,17.310000000000002,0.37,0.1186,1.51,0.6324,0.333,1.0,0.3,0.0,0.0,0.0,0.0,0.0,0.0,0.0,0.0,-6.8,-1.2,37.9,1.3,0.0,0.333,1.0,0.3,0.0,0.0,0.0,0.0,3.0,4.3,-5.6,0.0,0.0,0.0,5.6,0.7,0.7,3.9,0.3,0.0,0.0,18.8,1.3,0.333,10.8,0.0,-0.044,0.0,0.333,0.5524390244999999,0.0,13.060467827641196,1.6796266899963976,0.0,-0.37,-7.38,0.021339314958363522
chuma okeke,ORL,SF,2024,1,0,25.0,1,0.0008,0.5210999999999999,1.27,0.6599999999999999,0.2942,2.87,0.7065,0.89,7.939999999999999,0.96,1.82,0.29,-2.2,0.44,16.73,2.29,0.98,0.3592999999999999,4.19,1.55,0.6833,0.47,0.39,0.1056999999999999,45.6,15.36,-2.64,4.720000000000001,0.6399999999999999,-0.21,8.580000000000002,0.93,4.279999999999999,1.58,0.59,11.27,0.49,10.7,2.93,0.4791,13.62,0.09,0.0448,0.8,0.4633,1.0,0.5,0.5,0.5,1.0,0.667,0.5,18.7,0.5,0.0,0.0,13.4,4.1,0.0,0.0,0.0,0.667,1.5,1.0,1.0,0.5,0.5,0.333,2.0,5.0,9.3,0.0,0.0,0.1,23.9,0.0,3.0,0.0,0.0,0.0,0.0,0.0,0.0,0.872,15.1,0.0,0.362,0.1,0.833,0.5560975613000001,0.0,15.344922605346166,1.1245266392689364,0.0,-0.09,15.600000000000001,0.014076259543703971
lamar stevens,MEM,PF,2024,1,0,26.0,1,0.0027,0.505,4.279999999999999,2.17,0.3022,1.25,0.2358,0.41,6.45,0.6399999999999999,2.6,0.4499999999999999,-2.52,0.0699999999999999,16.61,2.3600000000000003,1.12,0.4572,5.55,2.53,0.741,1.21,0.8900000000000001,0.2188999999999999,50.2,16.0,-2.64,5.99,0.8300000000000001,0.17,12.41,1.33,6.41,1.66,0.52,8.600000000000001,0.56,11.25,3.16,0.524,18.6,-0.1,0.0736,1.29,0.4929,0.0,0.5,0.0,1.0,0.5,0.5,0.5,0.0,0.0,0.0,0.0,13.8,4.1,37.2,1.5,0.0,0.5,1.0,0.5,1.0,1.0,1.0,1.0,2.0,4.5,9.8,0.0,0.0,0.0,23.9,0.0,2.5,0.0,0.0,0.0,0.0,19.4,1.5,0.868,15.0,0.0,0.366,0.1,0.75,0.6121951219,0.0,15.998909920604603,1.2337428264753236,0.0,0.1,16.32,0.01108101452844127
brandon boston,LAC,SF,2024,1,0,22.0,1,0.0042,0.4447,3.8,1.7000000000000002,0.3199,1.63,0.3013,0.49,8.469999999999999,0.67,1.35,0.21,-5.82,-1.64,10.830000000000002,1.16,0.39,0.4044,5.43,2.19,0.7412,1.29,0.98,0.2401999999999999,32.8,11.77,-4.15,4.640000000000001,0.4499999999999999,-0.4,10.61,1.11,5.890000000000001,1.6800000000000002,0.37,10.0,0.67,7.83,1.66,0.4887,25.13,-0.36,-0.0028,-0.0099999999999999,0.451,0.5,1.3,0.7,0.0,0.0,0.0,0.0,18.4,0.3,0.0,0.0,-0.8,-0.1,11.2,0.3,0.0,0.5,1.3,0.7,0.5,0.7,0.3,0.5,3.0,3.3,-0.7,11.6,0.3,0.0,16.0,0.7,1.7,0.0,0.0,0.0,0.0,11.4,0.7,0.512,22.3,0.0,0.121,0.0,0.5,0.3999999999,0.0,11.7611829606367,1.2841416987082876,0.0,0.36,5.0200000000000005,0.025002778086454052
sandro mamukelashvili,SAS,C,2024,1,1,24.0,0,0.0148,0.5609999999999999,2.2,1.26,0.3239999999999999,1.65,0.4259,0.51,13.02,1.07,1.97,0.28,-1.03,-0.79,20.450000000000003,2.13,0.41,0.4613,3.85,1.77,0.7363,0.84,0.6000000000000001,0.2221,44.1,11.47,-0.26,10.57,1.16,0.5800000000000001,14.86,0.9,4.64,0.87,0.23,10.82,0.52,15.47,3.29,0.5579000000000001,17.229999999999997,0.11,0.1009,0.99,0.5303,0.5609999999999999,2.2,1.26,0.3239999999999999,1.65,0.4259,0.51,13.02,1.07,1.97,0.28,-1.03,-0.79,20.450000000000003,2.13,0.41,0.4613,3.85,1.77,0.7363,0.84,0.6000000000000001,0.2221,44.1,11.47,-0.26,10.57,1.16,0.5800000000000001,14.86,0.9,4.64,0.87,0.23,10.82,0.52,15.47,3.29,0.5579000000000001,17.229999999999997,0.11,0.1009,0.99,0.5303,0.5378048782,0.0,11.48932755593985,1.1969429720410818,0.0,0.0,0.0,0.5
braxton key,DEN,SF,2024,1,0,26.0,0,0.0001,0.449,1.7428571428571429,0.9285714285714288,0.3674285714285715,0.7571428571428572,0.2934285714285714,0.2142857142857143,15.971428571428572,0.6428571428571429,2.428571428571429,0.3571428571428572,0.557142857142857,1.3142857142857145,25.32857142857143,1.5428571428571431,0.1571428571428571,0.4251428571428571,2.5000000000000004,1.142857142857143,0.6894285714285715,0.6285714285714287,0.3857142857142857,0.3881428571428571,17.42857142857143,7.257142857142858,-0.7285714285714286,6.014285714285715,0.4857142857142857,0.0428571428571428,15.7,0.9000000000000001,2.8428571428571434,1.9285714285714288,0.3285714285714286,6.828571428571429,0.3571428571428572,15.771428571428572,1.9285714285714288,0.528,16.757142857142856,0.0428571428571428,0.1434285714285714,0.2,0.4792857142857143,0.449,1.7428571428571429,0.9285714285714288,0.3674285714285715,0.7571428571428572,0.2934285714285714,0.2142857142857143,15.971428571428572,0.6428571428571429,2.428571428571429,0.3571428571428572,0.557142857142857,1.3142857142857145,25.32857142857143,1.5428571428571431,0.1571428571428571,0.4251428571428571,2.5000000000000004,1.142857142857143,0.6894285714285715,0.6285714285714287,0.3857142857142857,0.3881428571428571,17.42857142857143,7.257142857142858,-0.7285714285714286,6.014285714285715,0.4857142857142857,0.0428571428571428,15.7,0.9000000000000001,2.8428571428571434,1.9285714285714288,0.3285714285714286,6.828571428571429,0.3571428571428572,15.771428571428572,1.9285714285714288,0.528,16.757142857142856,0.0428571428571428,0.1434285714285714,0.2,0.4792857142857143,0.1597560975,0.0,5.994128787795454,1.417330088736298,0.0,0.0,0.0,0.5
jordan goodwin,MEM,PG,2024,1,0,25.0,0,0.0016,0.4484999999999999,4.05,1.775,0.307,2.275,0.355875,0.6625,20.8625,2.7,1.75,0.3375,-0.3625,0.8374999999999999,16.175,2.7125,1.3624999999999998,0.398625,6.324999999999999,2.5,0.75425,1.0375,0.8374999999999999,0.169375,58.875,18.2375,-1.2,8.0625,1.275,0.2124999999999999,13.425,1.375,6.5375,2.35,0.8374999999999999,12.4,0.9625,12.175,3.9875,0.481,18.3625,0.4875,0.0701249999999999,1.575,0.4528749999999999,0.4484999999999999,4.05,1.775,0.307,2.275,0.355875,0.6625,20.8625,2.7,1.75,0.3375,-0.3625,0.8374999999999999,16.175,2.7125,1.3624999999999998,0.398625,6.324999999999999,2.5,0.75425,1.0375,0.8374999999999999,0.169375,58.875,18.2375,-1.2,8.0625,1.275,0.2124999999999999,13.425,1.375,6.5375,2.35,0.8374999999999999,12.4,0.9625,12.175,3.9875,0.481,18.3625,0.4875,0.0701249999999999,1.575,0.4528749999999999,0.5792682926,0.0,15.203296263209449,1.2337428264753236,0.0,0.0,0.0,0.5
colin castleton,LAL,C,2024,1,0,23.0,0,0.0007,0.563,1.0,0.6,0.0,0.0,0.0,0.0,6.8,0.2,0.0,0.0,-5.2,-1.4,10.8,0.4,0.0,0.563,1.0,0.6,1.0,0.4,0.4,0.375,16.0,3.7,-3.9,11.9,0.4,0.1,13.0,0.7,1.5,1.6,0.1,13.9,0.2,11.3,0.8,0.644,15.8,0.0,0.128,0.2,0.563,0.563,1.0,0.6,0.0,0.0,0.0,0.0,6.8,0.2,0.0,0.0,-5.2,-1.4,10.8,0.4,0.0,0.563,1.0,0.6,1.0,0.4,0.4,0.375,16.0,3.7,-3.9,11.9,0.4,0.1,13.0,0.7,1.5,1.6,0.1,13.9,0.2,11.3,0.8,0.644,15.8,0.0,0.128,0.2,0.563,0.195121951,0.0,3.6925,1.476139603443586,0.0,0.0,0.0,0.5
jay huff,DEN,C,2024,1,0,25.0,0,0.0149,1.0,0.3,0.3,0.333,0.5,0.6,0.2,5.6,0.1,5.2,0.2,1.3,1.6,19.8,0.5,0.1,0.6,0.8,0.5,1.0,0.1,0.1,0.133,20.0,2.5,-0.3,4.7,0.1,0.1,18.5,0.5,1.2,2.0,0.1,5.9,0.1,12.4,0.6,0.724,15.0,0.0,0.212,0.2,0.7,1.0,0.3,0.3,0.333,0.5,0.6,0.2,5.6,0.1,5.2,0.2,1.3,1.6,19.8,0.5,0.1,0.6,0.8,0.5,1.0,0.1,0.1,0.133,20.0,2.5,-0.3,4.7,0.1,0.1,18.5,0.5,1.2,2.0,0.1,5.9,0.1,12.4,0.6,0.724,15.0,0.0,0.212,0.2,0.7,0.1573170733,0.0,6.314196428428572,1.417330088736298,0.0,0.0,0.0,0.5
dominick barlow,SAS,PF,2024,1,0,20.0,0,0.0034999999999999,0.529125,3.0875,1.6,0.208125,0.225,0.067625,0.0625,10.1625,1.025,3.175,0.5125,-2.7875,-0.3374999999999999,16.912499999999998,2.0625,0.325,0.510625,3.2875,1.6625,0.7012499999999999,1.15,0.7875,0.3416249999999999,31.125,13.412499999999998,-2.45,11.65,1.475,0.625,13.775,1.625,4.2125,1.325,0.4,9.025,0.375,14.2,3.475,0.555125,13.05,-0.1124999999999999,0.1095,0.95,0.5187499999999999,0.529125,3.0875,1.6,0.208125,0.225,0.067625,0.0625,10.1625,1.025,3.175,0.5125,-2.7875,-0.3374999999999999,16.912499999999998,2.0625,0.325,0.510625,3.2875,1.6625,0.7012499999999999,1.15,0.7875,0.3416249999999999,31.125,13.412499999999998,-2.45,11.65,1.475,0.625,13.775,1.625,4.2125,1.325,0.4,9.025,0.375,14.2,3.475,0.555125,13.05,-0.1124999999999999,0.1095,0.95,0.5187499999999999,0.3795731706249999,0.0,13.404293154761906,1.1969429720410818,0.0,0.0,0.0,0.5
brandon williams,DAL,PG,2024,1,1,24.0,0,0.0003,0.4314285714285714,3.7285714285714286,1.6,0.2262857142857143,1.9000000000000004,0.306,0.5142857142857143,21.52857142857143,1.8285714285714287,1.0,0.1857142857142857,-5.557142857142858,-2.885714285714286,9.014285714285714,1.0142857142857142,0.1285714285714286,0.3705714285714286,5.657142857142858,2.1142857142857143,0.6624285714285715,1.8571428571428568,1.2285714285714286,0.3232857142857143,19.0,12.342857142857143,-2.671428571428572,3.671428571428572,0.3714285714285715,-0.3428571428571428,9.785714285714286,0.7714285714285716,5.971428571428572,0.8,0.3571428571428572,11.62857142857143,0.9714285714285716,6.328571428571429,1.4571428571428573,0.4495714285714285,25.97142857142857,-0.2428571428571428,-0.042,-0.2142857142857143,0.4062857142857143,0.4314285714285714,3.7285714285714286,1.6,0.2262857142857143,1.9000000000000004,0.306,0.5142857142857143,21.52857142857143,1.8285714285714287,1.0,0.1857142857142857,-5.557142857142858,-2.885714285714286,9.014285714285714,1.0142857142857142,0.1285714285714286,0.3705714285714286,5.657142857142858,2.1142857142857143,0.6624285714285715,1.8571428571428568,1.2285714285714286,0.3232857142857143,19.0,12.342857142857143,-2.671428571428572,3.671428571428572,0.3714285714285715,-0.3428571428571428,9.785714285714286,0.7714285714285716,5.971428571428572,0.8,0.3571428571428572,11.62857142857143,0.9714285714285716,6.328571428571429,1.4571428571428573,0.4495714285714285,25.97142857142857,-0.2428571428571428,-0.042,-0.2142857142857143,0.4062857142857143,0.231707317,0.0,12.35797268907563,1.375871902132759,0.0,0.0,0.0,0.5
cj mccollum,POR,SG,2017,4,1,25.0,1,0.2418,0.4839,10.57,5.17,0.4147999999999999,4.96,0.3277,2.08,17.54,3.29,0.8999999999999999,0.36,1.27,-0.8399999999999999,8.7,2.5,1.43,0.4616,15.55,7.27,0.8439000000000001,2.93,2.55,0.1894,76.4,31.08,2.13,2.06,0.62,4.5600000000000005,17.88,2.2,19.1,1.62,0.95,10.53,2.01,5.35,3.06,0.5625,25.98,2.17,0.1145,5.959999999999999,0.5293,0.4144,12.79,5.23,0.4491,5.26,0.2943,2.38,7.54,1.5699999999999998,0.95,0.44,-0.66,-1.54,11.42,3.66,0.05,0.4234,18.05,7.56,0.864,3.78,3.32,0.209,6.3,36.2,0.8999999999999999,3.45,1.22,0.1099999999999999,13.920000000000002,2.58,20.8,1.36,1.01,11.39,2.68,7.229999999999999,4.88,0.5307,26.36,0.07,0.0121999999999999,0.16,0.4896,0.931707317,0.0,31.0355081328629,1.2668521398298334,0.0,-2.1,-1.9300000000000002,0.08762869960946325
rudy gobert,UTA,C,2017,4,1,24.0,1,0.2218,0.6201000000000001,6.630000000000001,4.13,0.0,0.0,0.002,0.0,6.710000000000001,1.31,6.37,2.42,3.7,2.26,28.5,7.94,5.0,0.619,6.630000000000001,4.13,0.6218,4.99,3.1,0.7484999999999999,75.2,31.72,1.4400000000000002,13.44,3.61,5.930000000000001,21.22,2.73,11.41,1.13,0.6699999999999999,16.64,1.75,21.1,11.6,0.6405000000000001,15.41,3.4800000000000004,0.2142,10.93,0.619,0.635,7.0,4.4,0.0,0.0,0.0,0.0,7.7,1.2,4.3,1.3,4.3,2.4,32.8,7.4,0.4,0.635,7.0,4.4,0.48,5.6,2.7,0.794,9.0,27.3,1.9,10.7,2.4,0.5,21.0,3.3,11.6,1.9,1.0,9.6,1.0,21.7,9.9,0.612,18.2,0.4,0.185,0.9,0.635,0.9170731707,0.3,31.703159038860505,1.1351056796575425,0.0,-3.0800000000000005,0.5999999999999996,0.09338498329940512
giannis antetokounmpo,MIL,SF,2017,4,1,22.0,1,0.2268,0.5448,11.96,6.55,0.2449,1.67,0.1151,0.44,21.92,4.51,3.93,1.5699999999999998,4.28,1.65,21.24,6.46,3.92,0.5105,13.579999999999998,6.959999999999999,0.7504,6.24,4.7,0.4532,80.2,34.67,2.6,5.23,1.56,5.65,21.65,3.13,19.06,1.96,1.34,14.21,2.6500000000000004,13.31,8.05,0.5797,24.76,4.46,0.1647,9.57,0.5257000000000001,0.4981428571428572,15.485714285714286,7.871428571428572,0.2857142857142857,1.2714285714285714,0.0675714285714285,0.5,18.8,3.628571428571429,4.0,1.6428571428571428,4.057142857142857,2.085714285714286,22.871428571428574,7.0,0.4857142857142857,0.4874285714285715,16.728571428571428,8.371428571428572,0.5990000000000001,6.585714285714285,3.8,0.3861428571428571,6.0,38.5,1.9714285714285715,4.942857142857143,1.7857142857142856,0.0142857142857142,18.757142857142856,3.357142857142857,21.0,2.2285714285714286,1.7142857142857144,12.757142857142858,2.8714285714285714,13.242857142857144,8.785714285714286,0.5235714285714286,27.242857142857144,0.3571428571428571,0.0977142857142857,0.5,0.5002857142857143,0.9780487804,0.0,34.64234089589506,1.2344450463656351,0.0,-4.102857142857143,-0.2228571428571433,0.07670509448008889
steven adams,OKC,C,2017,4,1,23.0,1,0.2268,0.5792999999999999,6.83,3.96,0.0,0.0,0.002,0.0,5.09,0.97,3.05,1.07,-0.3,0.1,16.39,4.19,2.68,0.5781999999999999,6.83,3.96,0.5805,2.93,1.72,0.4368,78.0,27.57,-0.4,12.69,3.12,3.29,15.72,2.68,9.59,1.42,0.8,15.59,1.51,14.58,7.359999999999999,0.5906,14.74,0.94,0.1336999999999999,6.02,0.5781999999999999,0.6336249999999999,5.7875,3.675,0.0,0.0375,0.0033749999999999,0.0,5.375,1.1375,4.1875,1.425,0.9875,0.6749999999999999,15.85,4.4125,0.2875,0.6317499999999999,5.824999999999999,3.675,0.4637499999999999,2.9125,1.475,0.492375,9.875,31.1375,0.2499999999999999,11.7,3.3999999999999995,0.7499999999999999,15.925,2.9125,8.7875,1.4875,0.9375,10.7875,0.8374999999999999,13.7625,7.8125,0.6191249999999999,10.974999999999998,0.2499999999999999,0.14,1.0375,0.6317499999999999,0.9512195122,0.0,27.546201784464287,1.4275275697608956,0.0,-0.6900000000000001,1.2875,0.12509762673739994
victor oladipo,OKC,SG,2017,4,1,24.0,1,0.2119,0.4808,9.55,4.58,0.3527,4.5,0.3218999999999999,1.61,15.69,3.29,1.09,0.4499999999999999,0.18,0.16,12.739999999999998,3.83,2.36,0.4396,14.02,6.14,0.7892999999999999,3.05,2.41,0.218,69.5,33.64,0.1,2.05,0.6499999999999999,1.81,14.989999999999998,2.39,16.33,2.05,1.42,11.88,2.09,7.32,4.43,0.5326,22.61,1.31,0.0852,4.17,0.4965,0.417,7.2,3.0,0.24,5.0,0.41,1.2,8.0,2.0,1.6,0.6,-5.2,-0.5,16.4,5.2,0.1,0.344,12.2,4.2,1.0,1.2,1.2,0.098,5.0,36.2,-4.7,1.1,0.4,-0.2,6.9,3.4,10.8,1.9,1.4,8.6,1.2,8.3,5.6,0.424,16.5,-0.1,-0.021,-0.1,0.393,0.8475609755,0.3,33.64736248967662,1.4275275697608956,0.0,-1.4100000000000001,-5.38,0.07185448078190379
gorgui dieng,MIN,PF,2017,4,1,27.0,0,0.1424,0.5195000000000001,7.17,3.76,0.3094,0.33,0.0454,0.13,9.43,1.86,3.5,1.2999999999999998,0.23,0.6,21.04,5.42,2.3,0.5118,7.58,3.84,0.8117,2.56,2.12,0.3503,80.2,30.33,-0.45,8.8,2.34,3.3000000000000003,15.67,2.88,9.97,1.8,1.08,14.8,1.5,14.87,7.74,0.5724,15.01,1.34,0.1112,5.6,0.5195000000000001,0.5195000000000001,7.17,3.76,0.3094,0.33,0.0454,0.13,9.43,1.86,3.5,1.2999999999999998,0.23,0.6,21.04,5.42,2.3,0.5118,7.58,3.84,0.8117,2.56,2.12,0.3503,80.2,30.33,-0.45,8.8,2.34,3.3000000000000003,15.67,2.88,9.97,1.8,1.08,14.8,1.5,14.87,7.74,0.5724,15.01,1.34,0.1112,5.6,0.5195000000000001,0.9780487804,0.2,30.30863826493485,1.1172357689897283,0.0,0.0,0.0,0.5
cody zeller,CHO,C,2017,4,1,24.0,1,0.127,0.5397000000000001,6.49,3.57,0.23,0.03,0.0085,0.0,8.620000000000001,1.4200000000000002,2.89,0.8800000000000001,-0.0499999999999999,1.13,18.58,4.35,2.35,0.5364,6.55,3.57,0.7205,3.08,2.17,0.4683,65.3,25.99,-1.18,8.219999999999999,1.99,3.1,16.0,2.84,9.28,1.62,0.84,11.25,0.97,13.330000000000002,6.27,0.5855999999999999,15.49,0.87,0.1538,5.449999999999999,0.5368999999999999,0.553,5.4,3.0,0.0,0.0,0.0,0.0,2.9,0.3,1.7,0.4,-0.4,0.5,25.1,4.0,0.1,0.553,5.4,3.0,0.81,3.0,2.4,0.553,7.0,19.6,-0.9,7.0,1.3,0.3,16.8,2.9,8.4,0.4,0.1,12.9,1.0,15.4,5.3,0.624,18.9,0.1,0.141,0.4,0.553,0.7963414633000001,0.2,26.000160373773756,1.2764722602848857,0.0,-0.77,-0.35000000000000014,0.07479500879604568
russell westbrook,OKC,PG,2018,5,1,29.0,1,0.35,0.4808,16.3,7.840000000000001,0.3111,5.07,0.2337,1.61,52.01,10.35,0.69,0.3299999999999999,8.04,1.75,25.11,8.0,4.43,0.4427999999999999,21.37,9.45,0.7844,8.11,6.4,0.3772999999999999,80.3,35.46,6.29,5.64,1.82,7.3,27.05,2.44,26.88,2.52,1.78,16.33,4.88,15.260000000000002,9.82,0.539,35.879999999999995,7.2,0.1992,11.78,0.4790999999999999,0.4268999999999999,19.28,8.239999999999998,0.3228,7.6,0.2805,2.41,46.24,9.19,0.3399999999999999,0.14,6.779999999999999,1.05,24.92,8.959999999999999,0.42,0.3964,26.880000000000003,10.65,0.8183,9.11,7.390000000000001,0.3335,8.1,38.72,5.680000000000001,5.29,1.9,0.41,23.84,3.19,31.07,2.53,1.99,14.55,5.26,14.99,10.86,0.5027999999999999,40.46,0.76,0.0984999999999999,0.85,0.4409,0.9792682926,0.0,35.46087067902778,1.4882157871898116,0.0,-6.44,-1.2599999999999998,0.09921703726902599
joel embiid,PHI,C,2018,5,1,23.0,1,0.25,0.515,12.3875,6.3625,0.330125,3.325,0.212375,1.075,17.25,2.7875,5.887499999999999,2.0625,3.75,1.825,28.1625,7.65,2.9375,0.4766249999999999,15.675,7.5,0.77425,7.5875,5.887499999999999,0.489625,51.0,28.4625,1.9625,8.4375,2.1875,1.625,23.35,3.4125,21.8875,1.2624999999999995,0.7124999999999999,16.4625,3.7375,18.5,9.8,0.5771249999999999,34.375,2.1125,0.14075,4.5875,0.51175,0.477,13.6,6.5,0.276,3.6,0.21,1.0,14.8,3.0,4.6,1.8,1.8,0.4,30.4,9.8,0.5,0.435,17.3,7.5,0.705,7.6,5.4,0.442,8.0,34.8,1.4,8.7,2.9,0.0,18.1,3.9,21.4,1.2,0.9,15.0,3.6,19.4,12.6,0.519,29.3,0.3,0.096,0.6,0.464,0.621951219375,0.3749999999999999,28.478383576548893,1.129868719283905,0.0,-1.8124999999999998,-1.95,0.16092601825157699
andrew wiggins,MIN,SF,2018,5,1,22.0,1,0.25,0.4766,13.25,6.34,0.3323,3.56,0.2146,1.23,9.3,2.09,1.25,0.54,-1.97,-2.01,9.54,3.0,1.21,0.4464,16.88,7.489999999999999,0.7017,5.279999999999999,3.81,0.3119,81.8,36.33,-0.01,3.55,1.12,1.92,14.75,2.06,20.07,1.45,1.05,9.34,1.98,6.5200000000000005,4.12,0.5213000000000001,25.84,0.01,0.0501,3.13,0.4819,0.489,9.4,4.6,0.333,4.2,0.309,1.4,10.0,2.0,1.3,0.4,-1.7,-1.0,13.5,4.2,0.0,0.441,13.6,6.0,0.6,4.0,2.4,0.294,5.0,32.8,-0.8,3.4,1.0,0.0,11.7,2.8,15.8,0.6,0.4,10.5,1.8,8.6,5.2,0.514,23.9,0.0,-0.012,0.0,0.493,0.9975609756,0.0,36.33907128551641,1.229780801872988,0.0,-0.01,0.27,0.052299353847861184
gary harris,DEN,SG,2018,4,1,23.0,0,0.1621,0.5525,7.1,3.87,0.3948,5.08,0.4145999999999999,2.0,12.48,2.7,0.4599999999999999,0.17,0.43,-0.41,7.34,2.18,1.2,0.4869,12.18,5.92,0.8103,2.28,1.82,0.1868,65.8,33.010000000000005,0.83,2.28,0.6799999999999999,3.68,15.74,1.76,15.68,2.27,1.52,10.46,1.55,4.8,2.81,0.595,19.22,1.35,0.11,4.93,0.5684,0.5525,7.1,3.87,0.3948,5.08,0.4145999999999999,2.0,12.48,2.7,0.4599999999999999,0.17,0.43,-0.41,7.34,2.18,1.2,0.4869,12.18,5.92,0.8103,2.28,1.82,0.1868,65.8,33.010000000000005,0.83,2.28,0.6799999999999999,3.68,15.74,1.76,15.68,2.27,1.52,10.46,1.55,4.8,2.81,0.595,19.22,1.35,0.11,4.93,0.5684,0.8024390243999999,0.3,32.99606415204242,1.2021894583875754,0.0,0.0,0.0,0.5
tj warren,PHO,SF,2018,4,1,24.0,0,0.1153,0.5236000000000001,12.32,6.43,0.2705,1.45,0.1103,0.39,6.78,1.16,1.44,0.54,-0.63,-1.19,10.62,2.94,0.8500000000000001,0.4977,13.77,6.82,0.751,2.92,2.24,0.2057,61.7,30.36,0.53,6.14,1.7599999999999998,2.54,16.62,2.36,16.32,1.63,1.02,6.460000000000001,1.06,8.35,4.699999999999999,0.542,22.19,0.64,0.0875,3.37,0.5134000000000001,0.5236000000000001,12.32,6.43,0.2705,1.45,0.1103,0.39,6.78,1.16,1.44,0.54,-0.63,-1.19,10.62,2.94,0.8500000000000001,0.4977,13.77,6.82,0.751,2.92,2.24,0.2057,61.7,30.36,0.53,6.14,1.7599999999999998,2.54,16.62,2.36,16.32,1.63,1.02,6.460000000000001,1.06,8.35,4.699999999999999,0.542,22.19,0.64,0.0875,3.37,0.5134000000000001,0.7524390246,0.7,30.33835548041958,1.0944647250562602,0.0,0.0,0.0,0.5
robert covington,PHI,SF,2018,4,1,27.0,1,0.1027,0.4841,3.92,1.91,0.355,6.720000000000001,0.6333,2.35,8.28,1.73,2.3,0.87,0.63,1.29,17.299999999999997,4.94,3.63,0.4032,10.64,4.29,0.8312999999999999,2.15,1.8,0.2027,73.5,31.01,-0.68,3.3600000000000003,0.97,0.78,13.05,3.1,12.73,2.71,1.74,13.38,1.82,10.39,5.91,0.5503,18.66,1.58,0.0892999999999999,4.38,0.5154,0.343,3.5,1.2,0.313,4.8,0.578,1.5,12.7,2.5,2.9,0.9,-0.2,1.1,15.8,4.1,0.4,0.325,8.3,2.7,0.75,1.6,1.2,0.193,10.0,28.1,-1.2,4.5,1.2,0.0,9.6,3.0,8.1,1.9,1.1,10.9,1.1,10.1,5.3,0.45,15.1,0.1,0.073,0.4,0.416,0.8963414635,0.3,30.987921796268655,1.129868719283905,0.0,-1.48,-0.8300000000000001,0.10975554978351595
josh richardson,MIA,SF,2018,4,1,24.0,1,0.092,0.4699,5.62,2.68,0.3802,3.78,0.4072,1.42,12.35,2.51,2.11,0.76,-0.06,1.06,8.96,2.4400000000000004,2.56,0.4341,9.4,4.07,0.7896,1.59,1.24,0.1714,66.8,30.01,-1.12,2.6100000000000003,0.74,1.25,12.29,2.42,10.83,2.06,1.22,11.73,1.35,5.84,3.13,0.5372,16.9,1.12,0.0896,3.86,0.5116,0.4127142857142857,3.885714285714286,1.6,0.3314285714285714,3.6571428571428575,0.487,1.2,14.285714285714286,2.4571428571428573,3.1,0.9714285714285716,0.7714285714285714,2.042857142857143,9.814285714285717,2.4000000000000004,0.2428571428571428,0.3738571428571429,7.542857142857144,2.8285714285714287,0.8161428571428571,1.2857142857142858,1.0571428571428572,0.1698571428571428,7.571428571428573,26.45714285714286,-1.242857142857143,3.2000000000000006,0.7714285714285716,0.0285714285714285,11.657142857142858,3.1714285714285717,7.885714285714286,3.085714285714286,1.685714285714286,10.62857142857143,0.9714285714285716,6.5285714285714285,3.171428571428572,0.4875714285714286,15.12857142857143,0.1,0.065,0.3428571428571428,0.4545714285714286,0.8146341461,0.0,29.997056021430232,1.2741724238846337,0.0,-1.02,0.8314285714285714,0.09084789380714577
norman powell,TOR,SG,2018,4,1,24.0,1,0.092,0.4994,3.25,1.63,0.3205,2.4000000000000004,0.4289,0.75,10.77,1.1800000000000002,1.09,0.2,-1.66,0.19,11.95,1.7,1.2,0.42,5.6,2.35,0.8103,1.15,0.94,0.1924,67.6,15.96,-1.88,1.93,0.25,0.2599999999999999,11.11,1.55,6.39,1.84,0.58,12.7,0.8600000000000001,7.01,1.97,0.5198,19.34,0.06,0.0636,1.4600000000000002,0.4876,0.4306,2.67,1.13,0.2576,2.02,0.4487,0.6900000000000001,7.749999999999999,0.6900000000000001,0.54,0.11,-4.94,-1.65,9.65,1.19,0.15,0.3482999999999999,4.66,1.82,0.7999,1.2400000000000002,0.99,0.2537,9.3,13.19,-3.34,1.25,0.22,-0.05,6.83,1.39,5.27,1.37,0.47,8.45,0.67,5.38,1.38,0.4529999999999999,19.7,0.0,-0.0282,0.08,0.4031,0.8243902441,0.0,15.941138609274976,1.5105792336491983,0.0,-0.06,-3.2800000000000002,0.10208952838927299
lou williams,LAC,SG,2018,3,1,31.0,1,0.0785,0.4788,8.36,4.01,0.3578,5.91,0.42,2.12,22.14,4.05,0.7,0.22,2.58,-1.33,7.89,2.08,0.96,0.4277999999999999,14.2,6.13,0.8700000000000001,6.04,5.3100000000000005,0.4433,77.2,29.48,3.96,1.61,0.44,5.18,20.06,1.3000000000000005,19.61,1.69,1.03,12.25,2.42,4.71,2.5,0.5816999999999999,28.19,2.62,0.1306999999999999,6.12,0.5034000000000001,0.481,7.2,3.5,0.308,3.5,0.331,1.1,8.8,1.3,0.3,0.1,-1.7,-1.8,8.9,2.1,0.2,0.424,10.7,4.5,0.897,2.6,2.4,0.246,11.0,24.7,0.0,2.9,0.6,0.1,12.6,1.5,12.5,1.3,0.6,9.7,1.3,6.0,2.7,0.528,23.4,0.0,0.052,0.3,0.475,0.9414634146,0.5,29.461334531975147,1.196559797362074,0.0,-2.62,-4.28,0.1066512374997841
james harden,HOU,PG,2019,4,1,29.0,1,0.35,0.5293,10.6,5.640000000000001,0.3635,11.46,0.5175000000000001,4.15,43.42,8.629999999999999,1.56,0.6599999999999999,10.21,1.46,17.64,5.74,3.76,0.4437,22.06,9.76,0.8663,10.71,9.3,0.4901,76.8,36.3,8.75,2.49,0.8200000000000001,11.48,29.72,2.78,32.99,2.47,1.84,15.68,4.96,10.02,6.54,0.6163000000000001,37.92,8.56,0.2627,15.22,0.5378000000000001,0.5032,11.35,5.67,0.3203,11.41,0.5007,3.71,35.96,7.04,1.7600000000000002,0.73,7.88,1.59,15.32,5.28,0.74,0.4121,22.74,9.38,0.8602,8.89,7.66,0.3946,12.8,37.6,6.29,2.38,0.76,0.97,24.67,3.4400000000000004,30.08,2.85,2.14,14.54,4.52,8.97,6.0600000000000005,0.5645,36.82,1.21,0.1713,1.69,0.4926,0.9365853656,0.0,36.28056499287749,1.48813577241359,0.0,-7.3500000000000005,-2.330000000000001,0.1472200469851214
john wall,WAS,PG,2019,4,1,28.0,1,0.35,0.4803,12.64,6.08,0.3277,4.58,0.266,1.47,42.33,9.37,2.22,0.9,2.29,-0.83,10.23,3.21,1.4,0.4382,17.22,7.550000000000001,0.7264999999999999,5.88,4.27,0.3402,43.9,34.849999999999994,3.0700000000000003,1.77,0.56,1.77,19.37,2.08,20.79,2.1900000000000004,1.57,16.39,3.89,5.949999999999999,3.75,0.5262,29.25,1.9,0.0829,3.1700000000000004,0.4812,0.4873999999999999,17.38,8.5,0.2516,3.98,0.1858,1.06,48.400000000000006,11.02,2.8200000000000003,1.26,6.3,0.98,13.24,4.4,0.32,0.4454,21.36,9.5,0.8462,7.56,6.42,0.3544,8.8,39.0,5.36,1.54,0.5,0.6000000000000001,23.72,2.42,26.48,2.68,2.06,15.14,4.38,7.42,4.9,0.536,32.58,0.7,0.1294,0.92,0.4698,0.5353658534,0.0,34.83286185290807,1.3206118838900942,0.0,-1.2,4.01,0.18322420139713796
devin booker,PHO,SG,2019,5,1,22.0,0,0.25,0.4954,12.91,6.390000000000001,0.3505,6.42,0.3308,2.24,27.630000000000003,5.49,0.55,0.25,0.39,-2.21,11.12,3.47,0.4499999999999999,0.4477,19.31,8.68,0.8628,6.52,5.609999999999999,0.3362,63.8,34.85,2.58,1.76,0.5700000000000001,2.48,18.450000000000003,3.1,25.19,1.22,0.9000000000000001,14.45,3.75,6.35,4.04,0.5665,31.68,1.29,0.0639,2.87,0.5058,0.4954,12.91,6.390000000000001,0.3505,6.42,0.3308,2.24,27.630000000000003,5.49,0.55,0.25,0.39,-2.21,11.12,3.47,0.4499999999999999,0.4477,19.31,8.68,0.8628,6.52,5.609999999999999,0.3362,63.8,34.85,2.58,1.76,0.5700000000000001,2.48,18.450000000000003,3.1,25.19,1.22,0.9000000000000001,14.45,3.75,6.35,4.04,0.5665,31.68,1.29,0.0639,2.87,0.5058,0.7780487804,0.8,34.880727540237714,1.1891479252765806,0.0,0.0,0.0,0.5
karlanthony towns,MIN,C,2019,5,1,23.0,1,0.25,0.5729,12.43,7.09,0.3997,4.029999999999999,0.2451,1.59,14.48,2.96,3.73,1.48,5.47,0.22,29.48,9.06,3.18,0.5309,16.44,8.7,0.8417999999999999,5.41,4.57,0.3317,79.5,34.629999999999995,5.2700000000000005,10.48,3.29,8.76,25.8,3.53,23.61,1.16,0.8300000000000001,12.26,2.64,19.88,12.35,0.6284000000000001,26.82,5.15,0.2077,11.94,0.58,0.51,9.8,5.0,0.273,2.2,0.183,0.6,10.3,2.2,3.2,1.0,0.8,-0.6,32.2,10.4,0.1,0.467,12.0,5.6,0.739,4.6,3.4,0.383,5.0,34.0,1.3,9.9,3.0,0.1,16.9,2.8,15.2,0.6,0.4,14.6,2.4,21.4,13.4,0.542,22.0,0.1,0.066,0.2,0.492,0.969512195,0.5,34.591113793522325,1.3374847991047325,0.0,-5.050000000000001,-4.67,0.058157734037840164
kevin love,CLE,PF,2019,4,1,30.0,1,0.2652,0.4484,6.74,3.0,0.3796,6.33,0.4852,2.37,11.3,1.99,0.89,0.3,2.21,-1.4300000000000002,34.8,8.67,1.16,0.4153,13.07,5.45,0.8902000000000001,4.93,4.41,0.379,40.7,28.28,3.66,6.83,1.76,2.71,20.69,2.27,17.58,0.92,0.54,10.66,1.7999999999999998,20.58,10.46,0.5793,26.51,1.34,0.1411,3.85,0.5071,0.4227999999999999,7.279999999999999,3.1,0.384,5.48,0.4322,2.14,8.16,1.64,1.58,0.6000000000000001,0.7400000000000002,-1.3199999999999998,30.24,8.18,0.78,0.4095999999999999,12.759999999999998,5.24,0.8892,3.48,3.08,0.2756,19.8,31.68,2.06,8.2,2.18,0.7,17.18,2.72,15.66,1.44,0.8999999999999999,11.48,1.88,19.36,10.36,0.5482,23.3,0.44,0.1149999999999999,1.44,0.4942,0.4963414634,0.0,28.26600914133282,1.327939441832157,0.0,-0.9000000000000001,-1.4699999999999998,0.3527403191884201
myles turner,IND,C,2019,4,1,22.0,1,0.1649,0.5234000000000001,8.030000000000001,4.19,0.3707,2.3,0.2257,0.87,7.42,1.4500000000000002,7.09,2.31,1.41,1.54,20.86,5.52,3.69,0.4894,10.33,5.06,0.7629,3.0500000000000003,2.35,0.2954,72.7,29.04,-0.2,5.680000000000001,1.46,2.47,17.68,2.8100000000000005,13.36,1.3,0.76,10.53,1.41,13.39,6.98,0.5706,19.9,1.84,0.1387999999999999,6.16,0.5317000000000001,0.5597000000000001,6.32,3.53,0.2455999999999999,2.62,0.2995,0.67,5.65,1.09,4.05,1.34,-2.0,0.69,19.18,5.0,0.21,0.4697,8.91,4.12,0.6692,2.86,1.89,0.3275,4.9,30.81,-2.74,3.81,1.07,0.0999999999999999,11.45,3.59,10.78,0.6900000000000001,0.45,10.19,1.1800000000000002,11.14,6.039999999999999,0.5392999999999999,16.880000000000003,0.0099999999999999,0.0749,0.28,0.508,0.8865853657,0.0,29.064976789295702,1.1248951496529858,0.0,-1.83,-3.41,0.06673615725029473
eric bledsoe,MIL,PG,2019,4,1,29.0,1,0.1432,0.5499,8.55,4.62,0.3356,4.8100000000000005,0.3631999999999999,1.63,27.63,5.51,1.24,0.48,3.0200000000000005,0.6699999999999999,12.17,3.55,2.88,0.4707,13.36,6.25,0.7828999999999999,4.17,3.35,0.3064,74.4,30.57,2.38,3.23,0.92,3.93,19.66,2.25,17.48,2.56,1.63,14.54,2.6,7.779999999999999,4.4,0.5756999999999999,24.9,2.85,0.1448999999999999,6.84,0.5318,0.50775,8.024999999999999,4.05,0.26675,4.1625,0.341375,1.0625,21.6,4.075,1.7125,0.5874999999999999,-1.1749999999999998,-0.7874999999999999,9.2125,2.6625,0.5125,0.4218749999999999,12.1875,5.175,0.7037499999999999,3.2125,2.25,0.26175,12.0,29.6625,-0.3874999999999999,3.7,0.9625,-0.0375,13.7125,2.2,13.662499999999998,1.725,1.0625,13.5875,2.1,6.6,3.6625,0.5007499999999999,23.9875,0.125,0.060125,0.475,0.466375,0.907317073,0.2,30.568849401237955,1.2784032826473215,0.0,-2.725,-4.195,0.1353237848232066
lamarcus aldridge,SAS,C,2019,2,1,33.0,1,0.2382,0.5178,15.67,8.11,0.2890999999999999,0.77,0.047,0.2299999999999999,11.17,2.18,3.2,1.25,2.23,-0.3999999999999999,18.410000000000004,5.59,3.2700000000000005,0.5079,16.47,8.34,0.837,4.9,4.12,0.2964,77.4,33.13,2.63,10.09,3.02,6.120000000000001,22.67,2.17,21.04,0.8700000000000001,0.55,7.98,1.63,14.29,8.61,0.5653999999999999,27.08,2.75,0.176,9.36,0.5146,0.4679999999999999,15.17,7.1000000000000005,0.3451,1.28,0.076,0.4,11.95,2.37,2.03,0.8200000000000001,2.52,-0.23,20.73,6.39,0.21,0.458,16.45,7.550000000000001,0.8546,5.550000000000001,4.93,0.3398,8.2,34.79,2.75,8.32,2.67,0.47,21.380000000000003,2.56,20.380000000000003,1.02,0.6499999999999999,6.89,1.4,14.37,9.04,0.5382,26.76,0.24,0.1313,0.6299999999999999,0.4704,0.9439024388,0.0,33.10487611070371,1.3368619796012526,0.0,-2.51,0.29000000000000004,0.10011370256251885
larry nance,CLE,C,2019,4,1,26.0,1,0.1166,0.5725,5.720000000000001,3.26,0.2742,0.93,0.1311999999999999,0.29,13.42,2.26,2.05,0.6,2.04,1.39,22.97,4.970000000000001,1.79,0.5395,6.58,3.53,0.7048,1.89,1.2999999999999998,0.284,65.9,24.43,0.65,10.48,2.35,3.12,18.5,2.71,8.73,2.86,1.4,13.04,1.12,16.54,7.32,0.5864,15.2,1.68,0.1479,4.890000000000001,0.5602,0.695,3.0,2.1,0.0,0.1,0.017,0.0,9.3,0.9,4.2,0.7,3.9,2.2,21.8,2.8,0.5,0.683,3.0,2.1,0.452,1.6,0.7,0.517,20.0,15.4,1.8,13.3,1.8,0.8,20.3,1.8,4.8,2.7,0.8,14.0,0.6,17.4,4.5,0.652,12.9,0.5,0.193,1.2,0.683,0.8036585368,0.0,24.433002198189783,1.327939441832157,0.0,-1.18,1.8599999999999999,0.16058921643411644
spencer dinwiddie,BRK,PG,2019,3,1,25.0,1,0.0972,0.4952,5.5600000000000005,2.81,0.3405,4.66,0.4454,1.56,27.36,4.9,0.82,0.32,0.2799999999999999,-0.53,9.0,2.3200000000000003,1.2999999999999998,0.4259,10.27,4.39,0.8053,4.16,3.33,0.4162,69.8,27.21,0.83,1.6800000000000002,0.45,3.42,15.46,2.49,13.64,1.24,0.71,13.260000000000002,1.8,5.4,2.72,0.5643,21.36,1.1800000000000002,0.1161,4.67,0.5012,0.474,7.6,3.6,0.375,4.8,0.387,1.8,10.3,1.6,0.0,0.0,-3.2,-2.7,7.7,1.8,0.0,0.435,12.4,5.4,0.714,2.8,2.0,0.226,5.0,26.2,-0.4,2.9,0.8,0.0,12.3,2.0,14.6,0.7,0.4,10.5,1.6,5.1,2.6,0.536,23.7,0.0,-0.005,0.0,0.508,0.8512195122999999,0.3,27.242305862337982,1.259113842287644,0.0,-1.1800000000000002,-3.48,0.06452381914022749
justise winslow,MIA,SF,2019,2,1,22.0,1,0.1191,0.4398,7.46,3.26,0.3415,2.9,0.2814,1.04,17.95,3.55,1.12,0.36,-1.39,0.79,16.64,4.33,2.18,0.4148999999999999,10.31,4.23,0.6279,2.02,1.27,0.1972,57.0,29.200000000000003,-2.23,3.79,1.03,-0.02,11.49,2.56,10.82,1.8,1.07,13.59,1.79,10.18,5.36,0.4851,19.25,0.41,0.0542,2.16,0.4649,0.348,4.6,1.6,0.368,3.8,0.452,1.4,16.2,2.6,2.7,0.8,-0.5,0.5,22.4,5.2,0.1,0.357,8.4,3.0,0.706,3.4,2.4,0.405,5.0,25.0,-1.0,5.8,1.4,0.0,12.1,3.4,9.8,1.5,0.8,13.9,1.6,13.9,6.6,0.495,19.8,0.0,0.037,0.1,0.44,0.6951219514,0.2,29.20623648394236,1.362134672962334,0.0,-0.41,0.8899999999999999,0.0698558175924891
ben simmons,PHI,PG,2020,5,1,23.0,1,0.28,0.5715,11.67,6.63,0.143,0.1,0.0095,0.0,34.64,7.95,1.66,0.72,3.78,2.04,19.0,6.14,3.63,0.5679,11.82,6.68,0.6025,5.0600000000000005,3.07,0.4327,68.4,34.7,1.71,6.35,2.02,4.119999999999999,20.2,2.95,16.43,2.55,1.81,19.89,3.48,12.81,8.16,0.587,21.54,3.44,0.1587,7.749999999999999,0.5684,0.5694,10.78,6.039999999999999,0.0,0.04,0.0032,0.0,28.98,6.68,2.3600000000000003,0.92,3.0600000000000005,1.92,18.1,6.18,0.6,0.5678,10.82,6.039999999999999,0.6277999999999999,4.3,2.78,0.3926,11.2,35.82,1.08,5.56,1.78,0.56,17.439999999999998,3.64,14.86,1.94,1.46,20.62,3.3800000000000003,11.920000000000002,7.960000000000001,0.5914,18.86,0.52,0.1348,1.16,0.5678,0.8824186993,0.0,34.69052430936742,1.3541127817482133,0.0,-2.92,-0.7199999999999993,0.14458831772063208
jamal murray,DEN,PG,2020,5,1,22.0,1,0.25,0.5026999999999999,9.42,4.72,0.3586999999999999,5.48,0.3691,1.95,21.45,4.52,0.88,0.3299999999999999,0.72,-0.94,10.84,3.16,1.68,0.4493,14.9,6.67,0.8759,3.0700000000000003,2.71,0.2081,68.2,32.27,1.66,2.9400000000000004,0.8700000000000001,3.1,16.869999999999997,1.87,18.05,1.54,1.02,11.64,2.1500000000000004,6.8500000000000005,4.0,0.5561,24.63,1.45,0.1041,4.779999999999999,0.5159,0.51075,12.162499999999998,6.1625,0.4095,6.7125,0.3558749999999999,2.8125,26.925,5.887499999999999,0.6124999999999999,0.225,4.7375,-0.275,10.3625,3.5,0.2,0.475,18.875,8.975,0.89925,4.2125,3.8125,0.22475,17.125,38.3625,5.0125,3.4624999999999995,1.2125,1.9375,22.0875,2.0125,24.55,1.275,0.9375,9.9875,2.35,6.924999999999999,4.65,0.5914999999999999,27.1875,1.1625,0.15225,2.1375,0.54875,0.8816734414,0.0,32.253085095055866,1.2078113798790544,0.0,-0.28749999999999987,4.0175,0.22988462886590247
pascal siakam,TOR,PF,2020,4,1,25.0,1,0.28,0.5525,9.78,5.3100000000000005,0.3342,4.18,0.2863,1.48,15.28,3.08,2.16,0.76,1.88,0.81,18.12,5.44,3.38,0.4928,13.96,6.720000000000001,0.7557,3.91,3.04,0.268,70.2,31.31,1.07,4.35,1.23,3.03,17.46,2.7,17.979999999999997,1.48,0.93,11.32,1.98,11.4,6.619999999999999,0.5752,23.43,2.12,0.1406,6.43,0.5407,0.5218,10.07,5.13,0.3282,3.77,0.2467,0.87,13.21,2.9,1.59,0.53,-0.24,0.3899999999999999,17.74,5.34,0.77,0.461,13.87,6.0,0.7162,3.58,2.6,0.2922,14.7,33.71,-0.63,4.45,1.34,0.18,13.43,2.88,15.52,1.18,0.8700000000000001,9.55,1.56,10.99,6.6,0.5256000000000001,21.69,0.32,0.0787,1.0,0.4931,0.9069105689,0.0,31.284469241033943,1.3168992669965185,0.0,-1.8,-2.12,0.18397519360504683
jaylen brown,BOS,SG,2020,4,1,23.0,1,0.2147,0.5316000000000001,8.32,4.43,0.3732,4.94,0.3711,1.88,8.86,1.79,1.15,0.4,-0.3299999999999999,-0.16,15.22,4.47,2.66,0.473,13.31,6.3100000000000005,0.6881999999999999,3.62,2.51,0.2715,64.7,30.86,-0.14,3.51,1.0,1.6,15.22,2.72,16.950000000000003,1.63,1.02,11.03,1.85,9.42,5.44,0.5680000000000001,23.26,0.86,0.1043,4.25,0.5425,0.5752,8.23,4.62,0.3626,6.11,0.4306999999999999,2.21,8.5,1.7599999999999998,1.16,0.43,2.1,1.03,16.03,5.359999999999999,0.81,0.483,14.32,6.9,0.7786,3.4,2.6900000000000004,0.2506,14.8,35.35,1.07,3.41,1.09,0.53,15.65,3.03,18.67,1.52,1.12,11.37,2.0,9.93,6.45,0.5928,22.380000000000003,0.61,0.1199,1.34,0.5606,0.8372967481,0.0,30.866647623785816,1.1981651548469856,0.0,-0.25,2.43,0.20762577674137303
draymond green,GSW,PF,2020,4,1,29.0,1,0.2037999999999999,0.5096,4.359999999999999,2.21,0.2852,2.99,0.4041,0.8300000000000001,29.44,6.63,2.66,0.99,0.88,2.14,21.61,6.09,2.29,0.4188,7.33,3.09,0.7421,1.87,1.43,0.2521,55.3,30.130000000000003,-1.26,2.74,0.74,0.7500000000000001,13.34,2.72,8.42,2.21,1.4,23.44,2.51,12.24,6.8100000000000005,0.5135000000000001,15.22,1.35,0.0774,3.06,0.4765,0.5718,6.84,3.96,0.2432,3.08,0.3137999999999999,0.76,29.56,8.34,3.6,1.5,4.16,3.48,23.54,8.42,1.32,0.4716,9.88,4.720000000000001,0.7492,2.84,2.14,0.288,21.6,38.82000000000001,0.6200000000000001,5.78,1.94,0.9000000000000001,16.44,3.78,12.3,2.14,1.7,23.64,3.48,15.02,10.3,0.5482,16.54,1.2799999999999998,0.1284,2.26,0.5104,0.7108062331,0.0,30.12414644256418,1.6110046912222833,0.0,-0.07000000000000028,3.2800000000000002,0.3347752885474155
buddy hield,SAC,SG,2020,4,1,27.0,0,0.2288,0.477,7.199999999999999,3.46,0.4113,8.19,0.5271,3.36,13.88,2.63,0.88,0.28,1.38,-1.22,13.73,3.65,1.53,0.4411,15.37,6.77,0.8642,1.87,1.61,0.1185,76.6,30.03,2.62,3.2299999999999995,0.93,2.25,16.47,2.28,18.51,1.42,0.8800000000000001,11.07,2.01,8.3,4.56,0.5705,25.99,1.96,0.0778,3.83,0.5485,0.477,7.199999999999999,3.46,0.4113,8.19,0.5271,3.36,13.88,2.63,0.88,0.28,1.38,-1.22,13.73,3.65,1.53,0.4411,15.37,6.77,0.8642,1.87,1.61,0.1185,76.6,30.03,2.62,3.2299999999999995,0.93,2.25,16.47,2.28,18.51,1.42,0.8800000000000001,11.07,2.01,8.3,4.56,0.5705,25.99,1.96,0.0778,3.83,0.5485,0.9951219512,0.0,30.016451176273712,0.9787619479567528,0.0212380520432472,0.0,0.0,0.5
eric gordon,HOU,SF,2020,4,1,31.0,1,0.1546,0.4924,4.74,2.38,0.3383,8.600000000000001,0.6444000000000001,2.95,9.11,1.76,1.1,0.4,-2.26,-1.91,6.82,1.84,0.96,0.3928,13.41,5.279999999999999,0.7797000000000001,2.8600000000000003,2.25,0.2137,52.2,29.85,-0.35,0.98,0.32,1.0399999999999998,11.85,1.92,15.66,0.97,0.6,8.52,1.37,3.87,2.16,0.5353,22.79,0.13,0.0506999999999999,1.97,0.502,0.4982999999999999,6.18,3.06,0.3472,7.85,0.563,2.75,10.7,2.21,1.86,0.7,-0.45,-0.8,7.01,2.1500000000000004,0.37,0.4145999999999999,14.03,5.8100000000000005,0.8618,3.12,2.71,0.2248,12.7,34.75,0.35,1.58,0.5,0.15,12.63,2.04,17.07,1.05,0.7,11.55,2.03,4.24,2.62,0.5555000000000001,22.49,0.18,0.0583999999999999,0.5,0.5127999999999999,0.6670731709,0.0,29.878020636999157,1.1868553234377863,0.0,0.04999999999999999,1.8099999999999998,0.22071823135341673
domantas sabonis,IND,PF,2020,4,1,23.0,1,0.1814,0.5649,10.739999999999998,6.08,0.3559,0.7100000000000001,0.0579,0.22,18.85,3.77,1.37,0.45,2.31,0.89,28.630000000000003,7.84,3.13,0.5498000000000001,11.48,6.3,0.726,4.17,3.05,0.3671,68.0,29.74,1.45,10.38,2.69,3.84,20.42,3.1100000000000003,15.8,1.16,0.68,15.32,2.39,19.6,10.53,0.5953999999999999,23.12,2.25,0.1683,6.97,0.5586,0.5184,6.94,3.68,0.2072,1.0,0.128,0.22,19.5,2.68,1.12,0.3,1.72,1.4399999999999995,21.7,4.34,0.2,0.4808,7.94,3.84,0.6970000000000001,3.14,2.18,0.4058,5.2,23.88,0.28,8.66,1.88,0.26,16.84,3.04,10.06,1.08,0.52,11.14,1.1800000000000002,14.62,6.22,0.5392,20.4,0.1,0.141,0.36,0.4942,0.8817750675,0.0,29.75384612166521,1.1820206340480115,0.0,-2.15,-0.5900000000000001,0.057850562032260945
dejounte murray,SAS,PG,2020,4,1,23.0,1,0.1309,0.4732857142857143,7.742857142857144,3.628571428571429,0.3392857142857143,1.3285714285714283,0.1402857142857143,0.4571428571428571,22.27142857142857,3.757142857142857,1.0714285714285716,0.3285714285714285,0.4285714285714286,1.5571428571428574,20.75714285714286,4.657142857142857,2.4000000000000004,0.4565714285714286,9.071428571428571,4.1571428571428575,0.7725714285714287,1.7285714285714286,1.3714285714285714,0.1972857142857143,70.28571428571429,24.42857142857143,-1.1,5.142857142857144,1.1142857142857143,0.4428571428571428,15.885714285714286,2.1142857142857148,10.1,3.0142857142857142,1.5571428571428572,15.742857142857144,1.842857142857143,12.885714285714286,5.771428571428572,0.5128571428571429,20.77142857142857,1.0285714285714287,0.0777142857142857,2.771428571428572,0.4817142857142857,0.4,5.0,2.0,0.667,1.2,0.194,0.8,16.3,1.8,1.8,0.4,3.3,2.7,21.5,3.4,0.1,0.452,6.2,2.8,0.778,1.8,1.4,0.29,5.0,19.2,0.6,4.4,0.8,0.1,16.3,2.2,7.8,2.7,1.0,12.5,1.0,12.4,4.2,0.558,19.0,0.1,0.094,0.2,0.516,0.9369918701428572,0.0,24.40289802429053,1.3757615906175555,0.0,-0.9285714285714287,2.871428571428571,0.05295150614615696
caris levert,BRK,SG,2020,3,1,25.0,1,0.1485,0.4664,9.54,4.41,0.345,4.32,0.3127999999999999,1.5,24.66,4.21,0.78,0.28,-0.25,-0.3,11.15,3.0,1.38,0.4282,13.86,5.91,0.705,3.65,2.56,0.2618,48.7,28.040000000000003,0.0499999999999999,3.6,0.96,0.3399999999999999,15.36,1.91,15.88,1.94,1.17,12.88,2.25,7.430000000000001,3.98,0.5147,26.45,0.55,0.0622,1.72,0.482,0.407875,11.65,4.6125,0.4413749999999999,5.262499999999999,0.3135,2.3375,37.275,7.0625,0.8125,0.3375,3.7625,-0.1,12.7,3.775,0.0,0.4161249999999999,16.912499999999998,6.949999999999999,0.7214999999999999,6.1125,4.387499999999999,0.362625,4.375,32.675,3.8375,4.875,1.7,0.15,19.35,1.725,20.5625,1.6625,1.1875,12.275,2.8125,8.45,5.475,0.5307499999999999,27.975,0.2375,0.0498749999999999,0.15,0.485625,0.6320121952,0.0,27.9974622081338,1.5443511728055708,0.0,-0.31250000000000006,4.0125,0.0947650105332205
royce oneale,UTA,SF,2020,4,1,26.0,1,0.0779,0.5372,1.93,1.03,0.3755,2.67,0.5709,1.01,11.2,1.98,1.2200000000000002,0.38,0.26,2.09,18.53,4.13,2.3600000000000003,0.4436,4.63,2.04,0.7712,0.77,0.6000000000000001,0.1657,73.9,23.91,-1.83,1.7,0.37,1.21,9.61,2.33,5.71,1.47,0.71,14.57,0.8800000000000001,10.3,4.48,0.5737,11.02,1.03,0.0985,3.62,0.5509,0.4558999999999999,2.52,1.3,0.4033,3.43,0.5972999999999999,1.36,9.79,2.1100000000000003,1.19,0.35,-1.14,1.78,16.0,4.4,0.14,0.4431,6.02,2.71,0.6013999999999999,1.03,0.6000000000000001,0.1885,7.2,30.72,-2.92,1.39,0.38,-0.03,7.609999999999999,3.24,7.399999999999999,1.54,0.95,22.91,1.85,8.670000000000002,4.78,0.5728,12.55,0.02,0.0216,0.08,0.5661,0.9613482385,0.0,23.87870818238615,1.2735829026937877,0.0,-1.01,-1.4,0.11125211442091651
dillon brooks,MEM,SG,2020,3,1,24.0,0,0.1045,0.4403,7.12,3.12,0.3626999999999999,4.1,0.3593,1.46,9.39,1.64,1.02,0.3,-4.74,-1.28,8.68,2.06,1.11,0.4121,11.22,4.63,0.7733,2.31,1.7600000000000002,0.2118,58.3,25.68,-3.43,3.13,0.72,-0.27,9.89,3.3,12.55,1.47,0.81,11.1,1.48,5.9,2.78,0.5109,22.57,-0.91,0.0173,0.84,0.4770999999999999,0.4403,7.12,3.12,0.3626999999999999,4.1,0.3593,1.46,9.39,1.64,1.02,0.3,-4.74,-1.28,8.68,2.06,1.11,0.4121,11.22,4.63,0.7733,2.31,1.7600000000000002,0.2118,58.3,25.68,-3.43,3.13,0.72,-0.27,9.89,3.3,12.55,1.47,0.81,11.1,1.48,5.9,2.78,0.5109,22.57,-0.91,0.0173,0.84,0.4770999999999999,0.772798103,0.3,25.69522026247912,1.23002864211105,0.0,0.0,0.0,0.5
dwight powell,DAL,C,2020,3,1,28.0,0,0.1015,0.6989,4.69,3.27,0.2867,1.2,0.2023,0.38,8.76,1.44,2.02,0.56,1.84,0.92,16.85,3.73,1.49,0.6167,5.82,3.63,0.7089000000000001,2.85,2.04,0.4854,58.9,23.97,0.92,8.219999999999999,1.83,3.9,17.83,2.56,9.58,1.54,0.79,10.84,0.8600000000000001,12.5,5.5600000000000005,0.6743,14.56,1.38,0.1837,5.37,0.6458,0.6989,4.69,3.27,0.2867,1.2,0.2023,0.38,8.76,1.44,2.02,0.56,1.84,0.92,16.85,3.73,1.49,0.6167,5.82,3.63,0.7089000000000001,2.85,2.04,0.4854,58.9,23.97,0.92,8.219999999999999,1.83,3.9,17.83,2.56,9.58,1.54,0.79,10.84,0.8600000000000001,12.5,5.5600000000000005,0.6743,14.56,1.38,0.1837,5.37,0.6458,0.7521680218,0.5,23.966404076193903,1.1527891148982958,0.0,0.0,0.0,0.5
cedi osman,CLE,SF,2020,4,1,24.0,1,0.081,0.5124,4.38,2.2,0.3695,4.2,0.49,1.56,11.17,2.12,0.55,0.13,-2.84,-1.13,13.41,3.07,0.44,0.4434,8.629999999999999,3.76,0.6817,1.58,1.15,0.1906,67.5,26.56,-1.69,2.3400000000000003,0.54,0.96,11.0,2.29,10.18,1.38,0.72,12.13,1.25,7.779999999999999,3.61,0.5522,17.020000000000003,-0.41,0.0414999999999999,1.4300000000000002,0.5342,0.455,0.8,0.4,0.143,0.5,0.389,0.1,7.3,0.2,0.0,0.0,-4.6,-1.1,11.8,0.4,0.0,0.333,1.3,0.4,0.25,0.3,0.1,0.222,14.0,4.4,-3.6,1.9,0.1,-0.1,5.6,0.4,1.0,2.5,0.2,0.0,0.0,6.7,0.5,0.354,14.7,0.0,-0.02,0.0,0.361,0.8782181572000001,0.0,26.54705693598892,1.1593117830309694,0.0,0.41,-1.7599999999999998,0.03321829163071614
kyle lowry,TOR,PG,2020,1,1,33.0,1,0.2794999999999999,0.501,5.12,2.56,0.3599,7.62,0.6001,2.74,31.92,7.74,1.08,0.39,3.33,0.78,13.490000000000002,4.45,3.17,0.4166999999999999,12.74,5.35,0.8482999999999999,4.51,3.88,0.3476,64.1,34.74,2.5500000000000003,2.03,0.64,4.58,17.700000000000003,2.93,17.2,1.89,1.34,16.22,2.85,7.869999999999999,5.06,0.5831999999999999,21.77,3.02,0.1674999999999999,7.77,0.525,0.5319,6.2,3.26,0.356,6.31,0.5067,2.27,27.6,6.58,1.29,0.4399999999999999,3.6,1.91,14.93,4.92,0.79,0.4431,12.56,5.529999999999999,0.8032,4.41,3.53,0.3443,14.7,37.22,1.67,1.92,0.66,0.8699999999999999,16.65,3.66,16.83,2.03,1.54,15.11,2.56,8.32,5.58,0.5844,20.450000000000003,0.69,0.1467999999999999,1.6800000000000002,0.5341,0.8308265584999999,0.0,34.739068776136165,1.3168992669965185,0.0,-2.33,0.27,0.19723875689986328
taurean prince,BRK,PF,2020,2,1,25.0,0,0.1122,0.4561,5.19,2.38,0.3635,6.18,0.5443,2.23,10.71,2.05,1.1800000000000002,0.39,-2.27,-0.47,15.8,4.38,1.7599999999999998,0.4054999999999999,11.37,4.609999999999999,0.8135,1.77,1.44,0.1555,64.9,28.96,-1.7999999999999998,2.31,0.64,-0.61,10.68,2.43,12.92,1.57,0.95,14.08,2.0,9.07,5.02,0.5307999999999999,20.47,-0.08,0.0287,1.15,0.5042,0.4561,5.19,2.38,0.3635,6.18,0.5443,2.23,10.71,2.05,1.1800000000000002,0.39,-2.27,-0.47,15.8,4.38,1.7599999999999998,0.4054999999999999,11.37,4.609999999999999,0.8135,1.77,1.44,0.1555,64.9,28.96,-1.7999999999999998,2.31,0.64,-0.61,10.68,2.43,12.92,1.57,0.95,14.08,2.0,9.07,5.02,0.5307999999999999,20.47,-0.08,0.0287,1.15,0.5042,0.8456639565999999,0.0,28.98806127191241,1.5443511728055708,0.0,0.0,0.0,0.5
giannis antetokounmpo,MIL,PF,2021,5,1,26.0,1,0.35,0.6355,14.6,9.31,0.2939,3.77,0.2042,1.11,30.67,5.8100000000000005,3.28,1.2000000000000002,10.03,3.45,30.89,10.18,4.25,0.5660000000000001,18.37,10.42,0.6782,9.65,6.52,0.5264,63.8,32.18,6.58,6.42,1.9,7.0600000000000005,30.35,2.97,28.44,1.66,1.16,13.52,3.55,19.24,12.08,0.6292,33.96,6.26,0.2641,11.31,0.5965,0.6195999999999999,15.56,9.71,0.2559,3.71,0.1961,0.96,28.18,5.24,3.44,1.27,9.97,3.3000000000000003,31.35,10.2,1.26,0.5509999999999999,19.3,10.67,0.5949,9.84,5.88,0.5142,16.2,35.150000000000006,6.69,8.450000000000001,2.78,1.47,28.49,3.1100000000000003,28.21,1.29,0.95,11.96,3.15,19.78,12.98,0.5969,32.9,1.75,0.2266,2.73,0.5774999999999999,0.8617208670000001,0.0,32.176429946584705,1.4720851108667763,0.0,-4.51,-0.05999999999999872,0.21713134801186953
rudy gobert,UTA,C,2021,5,1,28.0,1,0.3144,0.6817,8.27,5.640000000000001,0.0,0.05,0.0035,0.0,6.87,1.5,6.1,2.41,4.61,2.47,32.18,9.88,5.0,0.6792,8.32,5.640000000000001,0.6277,5.7,3.58,0.6868000000000001,72.1,32.05,2.16,12.1,3.48,6.74,23.18,2.69,14.86,1.02,0.7,13.77,1.74,22.51,13.38,0.6876,16.92,3.85,0.2439,11.74,0.6792,0.6885,8.11,5.58,0.0,0.05,0.006,0.0,4.72,1.01,5.79,1.99,1.93,0.79,24.81,7.72,0.22,0.6839999999999999,8.16,5.58,0.6318,5.72,3.55,0.7217,8.6,34.760000000000005,1.14,13.19,3.89,0.87,20.94,3.850000000000001,14.659999999999998,0.8400000000000001,0.55,12.89,1.5,19.19,11.61,0.6924,15.66,0.27,0.1794,1.14,0.6839999999999999,0.9739498643,0.2,32.052568067825284,1.3374481491662085,0.0,-3.58,-2.6800000000000006,0.11454623274876703
paul george,LAC,SF,2021,4,1,30.0,1,0.35,0.491,9.69,4.8,0.4063,8.18,0.4584,3.35,22.17,4.59,1.16,0.4,5.01,0.8000000000000002,18.68,5.82,2.82,0.4528,17.89,8.07,0.8646,4.85,4.23,0.2696,56.8,33.11,4.21,2.7300000000000004,0.83,3.65,21.24,2.4799999999999995,23.700000000000003,2.1,1.41,13.0,2.97,10.83,6.65,0.5923,29.78,3.5200000000000005,0.158,6.470000000000001,0.546,0.5036,10.56,5.33,0.3317,8.43,0.4466,2.79,18.63,4.5600000000000005,1.15,0.44,2.01,0.12,20.79,7.33,0.5900000000000001,0.4271,18.99,8.15,0.8579,7.27,6.140000000000001,0.3777,14.4,39.6,1.89,2.88,1.02,0.6200000000000001,18.09,3.53,25.23,1.56,1.23,13.72,3.52,11.84,8.35,0.5664,29.1,0.6,0.0961,1.21,0.5011,0.7628048781,0.0,33.10857788887385,1.5224702034084665,0.0,-2.9200000000000004,-3.0,0.232666690603569
damian lillard,POR,PG,2021,4,1,30.0,1,0.35,0.5165,9.98,5.19,0.3896,9.91,0.4978,3.88,33.739999999999995,7.53,0.74,0.32,6.68,-0.98,11.12,3.75,1.09,0.4532,19.91,9.05,0.9128,7.220000000000001,6.630000000000001,0.3637,69.3,36.25,7.56,1.64,0.5800000000000001,10.01,25.61,1.64,28.56,1.34,1.0,11.26,2.91,6.35,4.3100000000000005,0.6172,30.65,5.470000000000001,0.213,11.1,0.5503,0.4584999999999999,9.15,4.22,0.4173,10.97,0.5416,4.63,32.19,7.709999999999999,1.05,0.5,8.37,-0.49,10.8,3.95,0.08,0.4369,20.07,8.82,0.9276,8.06,7.48,0.4103,7.4,39.51,8.85,0.72,0.29,1.06,24.91,1.55,29.82,1.23,0.99,11.1,2.91,5.85,4.16,0.6286,29.35,0.68,0.1966,1.16,0.5505,0.9353997293,0.5,36.23228300874831,1.186795153014477,0.0,-4.790000000000001,1.6899999999999995,0.10425177545080246
deaaron fox,SAC,PG,2021,5,1,23.0,0,0.25,0.5264,12.66,6.67,0.3228,4.41,0.2542999999999999,1.4500000000000002,33.58,7.1,1.3,0.52,1.7400000000000002,-0.76,10.28,3.05,1.3199999999999998,0.4740999999999999,17.07,8.1,0.7163999999999999,6.63,4.75,0.3896,60.5,33.43,2.5,1.96,0.61,3.12,20.15,2.79,22.39,2.1900000000000004,1.52,13.18,2.99,6.03,3.65,0.5587,29.34,1.94,0.1056,4.42,0.5148,0.5264,12.66,6.67,0.3228,4.41,0.2542999999999999,1.4500000000000002,33.58,7.1,1.3,0.52,1.7400000000000002,-0.76,10.28,3.05,1.3199999999999998,0.4740999999999999,17.07,8.1,0.7163999999999999,6.63,4.75,0.3896,60.5,33.43,2.5,1.96,0.61,3.12,20.15,2.79,22.39,2.1900000000000004,1.52,13.18,2.99,6.03,3.65,0.5587,29.34,1.94,0.1056,4.42,0.5148,0.8128387534999999,0.5,33.45307636733654,1.2147379787428991,0.0,0.0,0.0,0.5
donovan mitchell,UTA,PG,2021,5,1,24.0,1,0.25,0.4798,12.35,5.93,0.3752,7.76,0.3849,2.93,24.07,4.73,0.6799999999999999,0.29,2.98,-0.26,10.79,3.49,2.5,0.4401,20.1,8.83,0.8426,5.43,4.52,0.2688,62.6,33.730000000000004,3.26,2.83,0.8500000000000001,3.17,19.73,2.39,25.16,1.52,1.08,10.91,2.77,6.95,4.34,0.5593,32.31,2.53,0.1349,5.720000000000001,0.5125,0.4628,12.75,5.88,0.4235,10.2,0.4437,4.35,25.93,4.86,0.58,0.23,5.83,-0.4,12.12,3.9,0.04,0.4464,22.95,10.26,0.8442999999999999,7.61,6.48,0.3312,8.1,36.33,6.23,2.1000000000000005,0.7000000000000001,0.88,24.65,2.08,31.32,1.62,1.1700000000000002,11.65,3.47,7.25,4.6,0.5944,36.79,0.64,0.1394999999999999,0.92,0.5409,0.8433604334,0.2,33.73854018991295,1.3374481491662085,0.0,-1.8899999999999997,2.85,0.122319622274938
jayson tatum,BOS,SF,2021,5,1,22.0,1,0.25,0.4916,11.79,5.78,0.3885,6.71,0.3589,2.62,16.5,3.47,1.7599999999999998,0.66,3.11,0.07,19.44,6.14,3.04,0.4545,18.5,8.45,0.8486,4.64,3.94,0.2495,67.6,34.41,3.0700000000000003,2.73,0.88,3.33,19.79,2.0,23.36,1.7200000000000002,1.24,10.2,2.34,11.1,7.0,0.5674999999999999,28.4,2.94,0.1317,6.32,0.5243,0.4575,12.96,5.9,0.371,6.5,0.3305,2.46,19.79,4.18,3.36,1.32,5.34,1.21,19.05,6.390000000000001,0.46,0.4293,19.46,8.33,0.8517,7.92,6.91,0.4004999999999999,9.4,37.24,4.1,2.51,0.8500000000000001,0.56,20.96,2.68,26.05,1.48,1.12,10.19,2.54,10.77,7.24,0.5633999999999999,29.51,0.6599999999999999,0.1209,0.99,0.4906,0.9121273714,0.0,34.39857013992556,1.2408447956752795,0.0,-2.2800000000000002,2.23,0.1308047464811679
bam adebayo,MIA,C,2021,5,1,23.0,1,0.25,0.5732999999999999,10.580000000000002,6.06,0.2079,0.15,0.0166,0.0,23.55,4.67,3.34,1.05,3.83,2.04,23.57,6.75,3.45,0.5672999999999999,10.73,6.06,0.7538,4.9,3.71,0.4597,70.0,31.49,1.79,8.24,2.22,4.859999999999999,21.02,2.4,15.9,1.7200000000000002,1.11,16.200000000000003,2.4400000000000004,16.07,9.02,0.617,21.37,3.2,0.1831,8.31,0.5687,0.4972499999999999,13.25,6.5,0.0,0.0375,0.0018749999999999,0.0,22.5625,4.3375,1.6749999999999998,0.6125,2.1,0.9875,19.825,6.549999999999999,0.3999999999999999,0.4964999999999999,13.2875,6.5,0.77425,4.35,3.325,0.3386249999999999,9.625,34.825,1.1124999999999998,9.075,3.125,0.5749999999999998,17.112499999999997,2.9125,16.362499999999997,1.65,1.1875,14.8625,2.6875,14.4375,9.675,0.543125,22.75,0.4374999999999999,0.074375,0.975,0.4964999999999999,0.9444444445,0.0,31.474744372217984,1.271806111416529,0.0,-2.7625,-1.73,0.13199128270064003
jrue holiday,MIL,PG,2021,4,1,30.0,1,0.2773,0.541,10.22,5.48,0.3669,5.19,0.3378,1.91,28.24,6.6,1.7799999999999998,0.7,2.84,0.3399999999999999,10.670000000000002,3.48,2.05,0.4824,15.36,7.39,0.7598,2.85,2.15,0.1835999999999999,61.2,33.739999999999995,2.5,3.9,1.21,3.45,18.98,2.01,18.82,2.28,1.6,13.47,2.62,7.33,4.69,0.5681,23.53,2.5200000000000005,0.1305,5.55,0.5444,0.466,10.7,5.0,0.303,6.2,0.365,1.9,31.4,8.7,1.0,0.4,2.4,1.2,12.0,4.3,1.6,0.406,16.9,6.9,0.714,2.4,1.7,0.144,23.0,39.7,1.2,3.7,1.4,0.5,15.2,2.1,17.3,2.1,1.7,11.9,2.4,7.8,5.7,0.482,22.1,1.0,0.111,2.1,0.461,0.8273035228000001,0.7,33.73988762841751,1.4720851108667763,0.0,-1.5200000000000005,-0.43999999999999995,0.3066164134979725
cj mccollum,POR,SG,2021,3,1,29.0,1,0.2746,0.5039,10.86,5.46,0.3897,7.92,0.4225,3.12,19.99,4.2700000000000005,1.2,0.46,2.3,-1.29,10.3,3.35,0.8200000000000001,0.4561,18.78,8.55,0.7987,2.72,2.21,0.1466,58.5,34.730000000000004,3.61,2.15,0.69,3.9,18.9,2.23,22.41,1.17,0.8500000000000001,7.16,1.54,6.19,4.01,0.5614,26.42,2.04,0.1163999999999999,4.699999999999999,0.539,0.488,12.76,6.22,0.3564,7.0600000000000005,0.357,2.51,16.240000000000002,3.85,1.28,0.59,-0.8299999999999998,-2.01,13.12,4.76,0.09,0.4407,19.82,8.71,0.7355,3.12,2.27,0.1556,7.7,39.7,1.2,2.77,0.98,0.19,14.43,3.12,22.25,0.8200000000000001,0.67,9.66,2.28,8.03,5.74,0.5246,25.78,0.1199999999999999,0.0248,0.23,0.5042,0.7887872629999999,0.0,34.76197472021276,1.186795153014477,0.0,-1.9200000000000002,-3.13,0.13078234530321148
lebron james,LAL,PG,2021,2,1,36.0,1,0.3663,0.5811,12.73,7.390000000000001,0.3547,6.220000000000001,0.3306,2.21,43.51,8.62,1.45,0.5700000000000001,8.17,2.03,22.51,7.05,2.9000000000000004,0.5064,18.95,9.6,0.6899,6.08,4.19,0.319,53.6,34.120000000000005,6.21,2.68,0.8,4.3,24.87,1.6800000000000002,25.57,1.62,1.17,14.79,3.74,12.65,7.890000000000001,0.5916999999999999,31.72,4.71,0.1865,7.18,0.565,0.582875,11.5625,6.7875,0.373125,7.137499999999999,0.380125,2.6625,44.0,8.3,1.4249999999999998,0.5249999999999999,9.7625,2.85,23.3125,7.274999999999999,0.6375,0.50625,18.7,9.45,0.650625,5.0375,3.35,0.273625,11.625,36.925,6.9125,3.775,1.2374999999999998,1.1874999999999998,23.8875,1.4625,24.9125,1.95,1.3875,16.425,4.125,13.3125,8.55,0.5951249999999999,29.9625,1.275,0.158375,1.8625,0.577375,0.7258130081999999,0.2,34.124236555983714,1.473902510536925,0.0,-3.435,1.5924999999999994,0.19009607753383514
og anunoby,TOR,SF,2021,4,1,23.0,1,0.143,0.5707,5.07,2.91,0.3824,4.64,0.4724,1.79,8.24,1.7200000000000002,1.99,0.62,0.48,0.8200000000000001,13.72,3.8,2.25,0.4821,9.71,4.67,0.72,1.83,1.35,0.1831,55.6,29.66,-0.3199999999999999,4.22,1.19,1.44,13.62,2.49,12.53,2.08,1.31,11.56,1.34,8.92,4.92,0.5912999999999999,17.04,1.09,0.1061999999999999,3.66,0.5724,0.489,4.3,2.1,0.415,3.7,0.466,1.5,4.7,1.2,3.5,1.2,0.9,1.5,14.0,4.5,0.7,0.455,8.0,3.6,0.643,2.5,1.6,0.318,11.0,35.7,-0.6,7.0,2.4,0.2,11.5,2.5,10.5,1.4,1.0,13.8,1.5,10.4,6.9,0.573,13.1,0.3,0.116,0.9,0.551,0.7495257450999999,0.0,29.683653153627212,1.3692470313358989,0.0,-0.79,0.42000000000000004,0.19233067358345302
derrick white,SAS,SG,2021,4,1,26.0,1,0.135,0.5042,5.57,2.8200000000000003,0.3504,4.779999999999999,0.4377,1.65,18.9,3.58,2.84,0.91,1.2200000000000002,0.29,11.09,2.78,1.16,0.4387,10.35,4.49,0.8358,2.89,2.41,0.286,51.8,27.37,0.93,1.7799999999999998,0.45,1.77,15.38,2.35,13.07,1.37,0.73,10.53,1.3199999999999998,6.42,3.23,0.5639000000000001,20.41,1.13,0.0984,2.93,0.5151,0.621,8.3,5.1,0.294,2.4,0.227,0.7,18.1,3.0,2.1,0.7,2.1,1.0,11.2,2.9,0.1,0.547,10.7,5.9,0.731,3.7,2.7,0.347,7.0,27.3,1.1,0.6,0.1,0.3,18.9,2.4,15.1,1.4,0.7,14.8,2.1,5.9,3.0,0.613,24.7,0.2,0.09,0.4,0.58,0.6967479674,0.0,27.326855382467564,1.1583280740333517,0.0,-0.9299999999999999,0.8799999999999999,0.11877931412560151
luke kennard,LAC,SG,2021,4,1,24.0,1,0.1186999999999999,0.5,4.01,1.97,0.4215,4.61,0.5344,1.92,14.170000000000002,2.44,0.62,0.15,-0.41,-0.79,12.53,2.65,0.9,0.4582,8.620000000000001,3.890000000000001,0.8546,1.26,1.08,0.1266,52.5,24.23,0.4,1.21,0.23,1.54,13.05,1.69,10.83,0.81,0.4,10.02,1.03,6.85,2.93,0.5927,18.11,0.48,0.0995,2.42,0.5709,0.6351428571428572,2.928571428571429,1.5000000000000002,0.4657142857142857,3.5142857142857142,0.6518571428571429,1.657142857142857,5.842857142857143,0.8714285714285714,0.2,0.0857142857142857,0.0285714285714285,-1.2714285714285714,7.357142857142858,1.5714285714285716,-0.0285714285714285,0.4804285714285714,6.442857142857143,3.157142857142857,0.5951428571428572,0.5,0.4428571428571429,0.0587142857142857,11.857142857142858,19.942857142857143,1.3,1.9285714285714288,0.2142857142857142,0.3428571428571429,11.857142857142858,1.1428571428571428,8.285714285714286,0.6714285714285715,0.3,4.771428571428572,0.3714285714285715,4.357142857142858,1.785714285714286,0.6282857142857143,15.2,0.1,0.07,0.3142857142857143,0.6228571428571429,0.7078252033,0.3,24.218228832976195,1.5224702034084665,0.0,-0.38,0.4385714285714285,0.15675106933686064
kyle kuzma,LAL,SF,2021,3,1,25.0,1,0.1156,0.5285,6.6,3.53,0.3359,5.35,0.4507,1.78,9.48,1.84,1.58,0.5,-1.26,-0.5900000000000001,16.38,4.25,2.4,0.4435,11.95,5.3100000000000005,0.7163999999999999,2.17,1.61,0.1796,66.3,28.47,-0.72,4.83,1.25,0.47,12.81,2.01,14.03,0.8800000000000001,0.52,11.5,1.68,10.64,5.5,0.5415000000000001,21.78,0.42,0.0718999999999999,2.87,0.5195000000000001,0.449125,4.35,1.9625,0.2261249999999999,3.875,0.473375,0.8875,7.4375,1.05,1.025,0.2375,-5.0375,-1.0625,15.15,2.825,0.275,0.34375,8.1875,2.825,0.7108749999999999,1.6124999999999998,1.15,0.195125,11.625,22.0625,-4.0125,3.775,0.7749999999999999,-0.175,5.8125,1.7125,7.6875,0.725,0.3,10.1375,1.0,9.275,3.5375,0.4293749999999999,19.8125,-0.1375,-0.031625,0.0999999999999999,0.3967499999999999,0.8971205959999999,0.2,28.48542394578523,1.473902510536925,0.0,-0.5575,-3.7775,0.11962316658339797
monte morris,DEN,PG,2021,3,1,25.0,1,0.0787,0.5217,5.48,2.88,0.3867,2.7299999999999995,0.3288,1.04,19.52,3.37,0.89,0.21,0.09,-0.3399999999999999,8.07,1.73,1.09,0.4768,8.16,3.92,0.8108,1.36,1.06,0.1646,61.8,24.22,0.39,1.36,0.27,2.6900000000000004,14.71,1.04,9.88,1.57,0.77,7.5,0.6799999999999999,4.77,2.05,0.5659000000000001,16.92,0.8,0.1212999999999999,3.83,0.5406,0.4881999999999999,6.31,3.02,0.29,2.81,0.293,0.98,24.880000000000003,4.08,0.5599999999999999,0.15,0.6399999999999999,-0.1,7.359999999999999,1.46,0.05,0.4411,9.12,4.03,0.7475999999999999,2.17,1.62,0.2319999999999999,13.5,23.92,0.74,1.94,0.4499999999999999,0.55,15.5,1.15,10.66,1.54,0.76,5.71,0.58,4.54,1.93,0.5221,19.56,0.2199999999999999,0.0858,0.6,0.4891,0.8305555557,0.0,24.255976431386,1.2732631665750411,0.0,-0.5800000000000002,0.5499999999999999,0.17745626240578202
joe ingles,UTA,SF,2021,1,1,33.0,1,0.1159999999999999,0.5590999999999999,2.77,1.5699999999999998,0.4234,5.7,0.6728,2.41,24.54,5.050000000000001,0.49,0.2,2.24,0.8800000000000001,12.09,3.37,2.5,0.4676,8.47,3.95,0.7995,1.34,1.07,0.1616,71.5,29.12,1.39,1.52,0.4,3.66,14.41,1.97,11.41,1.41,0.86,17.619999999999997,1.93,7.010000000000001,3.77,0.6307,16.33,2.19,0.145,6.140000000000001,0.6106,0.6283,1.87,1.19,0.3671999999999999,5.52,0.7461,2.02,19.86,4.16,0.12,0.03,1.11,0.7200000000000001,12.43,3.33,0.04,0.4339,7.390000000000001,3.16,0.6845,0.87,0.72,0.1158,8.6,29.96,0.44,0.75,0.2,0.53,12.42,2.04,9.11,1.54,0.9200000000000002,10.34,0.9,6.71,3.53,0.5864,12.97,0.2,0.0932,0.52,0.5705,0.965277778,0.0,29.094275428930047,1.3374481491662085,0.0,-1.99,-1.1300000000000001,0.11012182571025107
stephen curry,GSW,PG,2022,4,1,33.0,1,0.3887,0.54275,8.0,4.35,0.3953749999999999,12.075,0.60325,4.8,30.4375,6.1125,0.7374999999999999,0.2875,6.887499999999999,0.4,14.775,4.8125,3.0625,0.453875,20.075,9.15,0.920375,5.299999999999999,4.824999999999999,0.26025,63.625,34.3875,6.4875,1.625,0.5,5.3125,23.2375,1.9625,27.9375,1.825,1.2625,12.825,3.2749999999999995,8.375,5.3125,0.62125,32.3,4.925,0.1835,8.375,0.573125,0.526,9.6,5.0,0.397,10.4,0.52,4.1,28.3,5.9,1.1,0.4,7.7,1.1,14.9,4.7,0.9,0.459,20.0,9.2,0.829,5.9,4.9,0.293,22.0,34.7,6.7,1.7,0.5,2.4,24.4,2.7,27.4,1.9,1.3,10.3,2.6,8.4,5.2,0.606,31.8,1.9,0.203,3.2,0.563,0.6666327913000001,0.0,33.092093625738094,1.7730963758962406,0.0,-3.025,0.8125000000000009,0.2586652619207077
trae young,ATL,PG,2022,5,1,23.0,1,0.3,0.5035000000000001,11.82,5.970000000000001,0.3661,7.79,0.3956,2.89,46.120000000000005,9.53,0.31,0.13,4.49,-1.97,10.25,3.28,1.01,0.4488,19.62,8.83,0.8897999999999999,8.120000000000001,7.21,0.4159,68.9,34.620000000000005,6.38,1.97,0.63,7.33,24.38,1.73,27.71,1.29,0.91,15.35,4.19,6.140000000000001,3.88,0.5972,34.08,3.92,0.1659999999999999,8.34,0.5215000000000001,0.4854999999999999,8.899999999999999,4.35,0.2323749999999999,8.125,0.49475,1.925,33.675,7.3125,0.0,0.0,-2.7000000000000006,-2.75,10.8,3.4,0.2875,0.3561249999999999,17.025,6.275,0.81725,7.274999999999999,5.987499999999999,0.4386249999999999,9.125,37.3875,0.0499999999999993,2.4875,0.775,-0.075,11.2625,2.45,20.425,1.1,0.8624999999999999,21.925,5.375,6.6,4.175,0.49475,30.9625,0.2999999999999999,-0.044125,0.2124999999999999,0.411625,0.8925813006000001,0.0,34.63119141870928,1.3266473926735105,0.0,-3.62,-7.190000000000001,0.12512876325860117
luka doncic,DAL,PG,2022,5,1,22.0,1,0.3,0.5488999999999999,12.4,6.8100000000000005,0.3447,8.670000000000002,0.411,2.98,45.370000000000005,8.69,1.27,0.49,7.82,1.31,24.87,7.930000000000001,3.14,0.4648,21.07,9.79,0.7426,7.72,5.76,0.3688,64.5,34.709999999999994,6.51,2.98,0.95,4.73,25.66,2.29,28.27,1.52,1.1,15.2,4.4,13.93,8.83,0.5786,36.86,5.5600000000000005,0.1698,7.87,0.5357000000000001,0.5438000000000001,14.73,8.040000000000001,0.3676999999999999,9.68,0.3952,3.56,43.42,8.030000000000001,1.35,0.52,9.77,1.99,27.200000000000003,8.579999999999998,0.43,0.4745,24.41,11.6,0.6749,8.83,6.0200000000000005,0.37,10.8,37.59,7.779999999999999,1.93,0.6699999999999999,0.81,27.93,2.7299999999999995,32.76,2.06,1.53,13.41,4.37,14.27,9.23,0.5792999999999999,39.81999999999999,1.2000000000000002,0.1403,1.26,0.5468,0.840785908,0.0,34.693733232930185,1.6020279591509954,0.0,-4.36,1.9499999999999993,0.15350010038691503
kevin durant,BRK,PF,2022,4,1,33.0,1,0.3568,0.571375,13.675,7.799999999999999,0.4081249999999999,5.4625,0.2855,2.2125,28.5,6.1,2.7124999999999995,1.0499999999999998,7.199999999999999,0.7375,20.2375,6.824999999999999,1.7,0.525125,19.1375,10.05,0.8995,7.174999999999999,6.5,0.3774999999999999,47.5,35.662499999999994,6.4,1.4874999999999998,0.4625,5.3875,25.9,2.0625,28.775,1.0625,0.825,13.5,3.4624999999999995,11.175,7.2875,0.6459999999999999,31.2,4.0125,0.2009999999999999,7.125,0.5842499999999999,0.461875,15.95,7.425,0.358875,5.862499999999999,0.26725,2.175,21.5125,5.5875,1.6249999999999998,0.7875,1.9375,-1.2375,18.475,6.6125,0.3124999999999999,0.434,21.8125,9.537499999999998,0.8859999999999999,9.0875,8.049999999999999,0.4205,6.999999999999999,42.65,3.1749999999999994,1.3875,0.4625,0.4499999999999999,18.5875,3.35,29.3,1.4625,1.1875,15.15,4.625,10.037499999999998,7.1125,0.565,32.625,0.5624999999999999,0.0639999999999999,0.7625,0.482375,0.6014989835,0.0,35.6599669987013,1.465786387816464,0.0,-3.45,-5.262499999999999,0.14983547833615116
shai gilgeousalexander,OKC,PG,2022,5,1,23.0,1,0.25,0.5235000000000001,12.32,6.43,0.3448,4.84,0.2806999999999999,1.64,27.95,5.380000000000001,1.95,0.75,3.27,0.39,13.65,4.449999999999999,1.7400000000000002,0.4731,17.130000000000003,8.07,0.8088000000000001,6.57,5.359999999999999,0.3844,52.5,34.400000000000006,2.88,1.9,0.6399999999999999,2.83,20.47,2.19,23.16,1.5500000000000005,1.11,11.72,2.68,7.77,5.09,0.579,28.48,2.33,0.1235999999999999,4.57,0.5221,0.455,7.9,3.6,0.4,5.0,0.389,2.0,16.9,4.1,1.3,0.4,1.8,1.2,12.3,4.9,0.3,0.433,12.9,5.6,0.957,3.3,3.1,0.256,7.0,39.9,0.6,1.2,0.4,0.3,13.1,2.4,16.3,1.2,1.0,13.0,2.1,6.9,5.3,0.569,17.8,0.3,0.1,0.6,0.511,0.6817411922000001,0.0,34.387019640000005,1.3827248118561746,0.0,-2.0300000000000002,-1.47,0.1339375629405841
julius randle,NYK,PF,2022,4,1,27.0,1,0.2114,0.4742,12.3,5.800000000000001,0.3327,5.07,0.2906999999999999,1.7399999999999998,23.87,4.97,1.13,0.4,1.3299999999999998,0.17,25.44,8.28,3.35,0.4343,17.37,7.54,0.7679,5.699999999999999,4.37,0.3285,70.1,35.43,1.21,5.15,1.69,1.05,17.259999999999998,2.92,21.18,1.1,0.78,14.35,3.3200000000000003,15.16,9.95,0.5322,28.66,2.15,0.0839,4.43,0.4827,0.279,12.2,3.4,0.333,6.6,0.351,2.2,19.8,4.0,0.0,0.0,-3.5,-0.7,29.4,9.4,0.3,0.298,18.8,5.6,0.852,5.4,4.6,0.287,5.0,36.0,-2.8,6.1,2.2,-0.7,7.2,3.6,18.0,0.9,0.6,17.8,4.6,17.1,11.6,0.425,31.8,-0.1,-0.109,-0.4,0.356,0.9126355011,0.0,35.434869000136935,1.3366980180404575,0.0,-2.25,-4.83,0.06757662344390747
jaren jackson,MEM,PF,2022,4,1,22.0,1,0.2341,0.5122,7.18,3.66,0.3232,5.5,0.4353,1.75,6.380000000000001,1.16,6.59,1.95,0.06,0.63,16.7,4.1,2.3600000000000003,0.4285,12.71,5.43,0.8108,4.0,3.24,0.3167,53.7,26.4,-0.6,5.640000000000001,1.4,1.23,17.16,3.71,15.95,1.7000000000000002,0.92,9.920000000000002,1.61,11.11,5.5,0.5514,25.27,0.73,0.118,3.61,0.4990999999999999,0.4544999999999999,6.324999999999999,2.8125,0.3416249999999999,5.85,0.483375,2.0375,4.9875,0.9375,7.324999999999999,2.0125,0.2875,0.6,17.825,4.3,0.375,0.396,12.175,4.7875,0.7999999999999999,3.95,3.1125,0.3235,9.375,27.5875,-0.2875,7.387499999999999,2.05,0.2,15.9,4.324999999999999,14.724999999999998,1.4874999999999998,0.875,7.762499999999999,1.175,12.3,6.35,0.5313749999999999,22.625,0.1625,0.097875,0.575,0.478125,0.6797764228000001,0.3,26.369228956330517,1.1364846104577722,0.0,-0.5675,0.22749999999999998,0.15428672415519104
terry rozier,CHO,SG,2022,4,1,27.0,0,0.1737999999999999,0.4988,8.05,4.029999999999999,0.3851,7.88,0.4952,3.0,19.93,4.33,0.91,0.31,1.25,-0.74,11.55,3.58,1.62,0.4416,15.9,7.03,0.8459,2.67,2.29,0.1693,69.8,34.06,2.02,2.31,0.77,3.52,16.89,1.71,19.37,1.7200000000000002,1.2400000000000002,8.87,1.66,6.869999999999999,4.35,0.5661,23.66,1.97,0.1022,5.11,0.5367,0.4988,8.05,4.029999999999999,0.3851,7.88,0.4952,3.0,19.93,4.33,0.91,0.31,1.25,-0.74,11.55,3.58,1.62,0.4416,15.9,7.03,0.8459,2.67,2.29,0.1693,69.8,34.06,2.02,2.31,0.77,3.52,16.89,1.71,19.37,1.7200000000000002,1.2400000000000002,8.87,1.66,6.869999999999999,4.35,0.5661,23.66,1.97,0.1022,5.11,0.5367,0.9076219509,0.0,34.06847539879652,1.2992121977689612,0.0,0.0,0.0,0.5
mikal bridges,PHO,SF,2022,4,1,25.0,1,0.1698,0.6301,5.62,3.54,0.3842,3.76,0.4034999999999999,1.47,8.71,2.14,1.6700000000000002,0.5900000000000001,1.95,1.12,10.81,3.23,3.09,0.5319,9.36,4.98,0.8378,1.83,1.53,0.2007,77.2,32.78,0.85,3.26,0.96,4.720000000000001,14.7,1.82,12.97,1.76,1.21,7.99,0.8400000000000001,7.08,4.19,0.6376,14.51,2.53,0.1467999999999999,7.81,0.61,0.5406249999999999,6.675,3.5375,0.38425,3.175,0.3368749999999999,1.225,9.0375,2.35,2.3125,0.8875,1.5124999999999995,0.9625,11.1875,3.65,0.4999999999999999,0.4802499999999999,9.85,4.762499999999999,0.918,1.925,1.7875,0.1907499999999999,16.375,36.1,0.55,3.05,0.8999999999999999,0.8,13.4625,2.2125,12.475,1.475,1.0625,6.987499999999999,0.7625,7.3375,4.55,0.583625,14.599999999999998,0.5125,0.1037499999999999,1.2374999999999998,0.544125,1.0027777778,0.0,32.78166702660792,1.5639224384863095,0.0,-2.0175,-0.43750000000000044,0.18936072306798088
aaron gordon,DEN,PF,2022,4,1,26.0,1,0.1673,0.5612,7.5,4.16,0.3296,3.56,0.3237,1.2,14.62,2.95,1.88,0.6299999999999999,-0.27,-0.56,16.130000000000003,4.51,1.82,0.4863,11.03,5.359999999999999,0.7016,3.17,2.2,0.2861,64.9,30.66,0.29,5.949999999999999,1.64,2.09,15.02,1.94,14.1,1.05,0.6699999999999999,12.739999999999998,1.79,11.02,6.2,0.5683,20.2,0.8600000000000001,0.0897,3.91,0.5398999999999999,0.4882499999999999,7.725,3.775,0.271625,2.7375,0.26075,0.7124999999999999,11.025,2.375,2.775,0.8624999999999999,-2.3125,-2.05,14.0625,3.4875,0.0,0.4289999999999999,10.4625,4.4875,0.6862499999999999,4.4375,3.1,0.41925,6.875,31.2125,-0.2624999999999999,11.2125,3.0375,0.1875,13.75,2.6125,12.7875,0.675,0.4375,10.9875,1.525,12.5125,6.525,0.514375,19.375,-0.075,0.039,0.125,0.46375,0.8378726284,0.3,30.645716197419357,1.5087196434607788,0.0,-0.935,-2.0425,0.09734349333791578
marcus smart,BOS,PG,2022,4,1,27.0,1,0.1412,0.4805999999999999,4.9,2.34,0.3339,5.64,0.5322,1.88,24.1,5.640000000000001,1.0499999999999998,0.4,0.4399999999999999,1.19,10.06,3.03,2.86,0.4034,10.51,4.220000000000001,0.8007,2.77,2.23,0.2645,61.9,32.42,-0.72,2.23,0.6799999999999999,1.83,13.7,2.47,12.56,2.46,1.64,14.98,2.04,6.23,3.71,0.5353000000000001,18.45,1.28,0.1104,4.69,0.4924,0.4971,5.66,2.7700000000000005,0.3531999999999999,7.27,0.5652999999999999,2.59,24.43,5.67,0.69,0.26,0.44,0.6300000000000001,11.59,3.8,0.64,0.413,12.93,5.36,0.7922,3.42,2.68,0.263,15.4,36.7,-0.17,2.63,0.86,0.38,13.31,3.18,15.94,1.59,1.14,15.32,2.61,7.140000000000001,4.61,0.5522,20.49,0.31,0.0727,1.02,0.5132,0.7995934962,0.0,32.44828864879695,1.5727201594107496,0.0,-0.97,1.1102230246251565e-16,0.21974526998286922
kevin huerter,ATL,SF,2022,4,1,23.0,1,0.1173,0.5086,4.83,2.47,0.3794,5.68,0.5385,2.16,14.99,3.16,1.02,0.39,-1.01,-0.41,10.81,3.02,1.13,0.4392,10.51,4.63,0.8039000000000001,0.8400000000000001,0.69,0.0814,68.9,30.32,-0.57,1.82,0.5,1.67,11.91,2.47,12.06,1.4499999999999995,0.89,10.420000000000002,1.25,6.4,3.51,0.5545,17.33,0.54,0.0636,2.8,0.5413000000000001,0.50675,3.7625,1.9,0.3113749999999999,5.8625,0.6105,1.7999999999999998,17.787499999999998,3.425,2.1875,0.7124999999999999,-0.0500000000000001,1.1749999999999998,11.2,2.95,0.3249999999999999,0.38675,9.625,3.7375,0.7334999999999999,0.8374999999999999,0.6375,0.088375,9.875,30.875,-1.2625,1.325,0.35,-0.05,9.0125,2.8875,9.9125,1.7,1.05,14.95,1.7875,6.199999999999999,3.3,0.4941249999999999,17.3375,0.15,0.0178749999999999,0.2749999999999999,0.4802499999999999,0.8942750675,0.0,30.31737946478933,1.3266473926735105,0.0,-0.39,0.96,0.1273594159081668
dorian finneysmith,DAL,PF,2022,4,1,28.0,1,0.1046,0.6021,3.03,1.82,0.3909,5.0600000000000005,0.6249,2.02,7.7,1.78,1.33,0.47,0.39,0.29,11.79,3.48,2.38,0.4702999999999999,8.17,3.84,0.7087,1.01,0.72,0.1278,72.2,32.13,0.13,5.72,1.63,3.2,12.31,2.34,10.34,1.44,0.94,9.81,0.94,8.74,5.11,0.6036999999999999,13.14,1.43,0.1155,5.6,0.5925,0.5055000000000001,3.26,1.62,0.416,5.59,0.6327999999999999,2.35,8.89,2.22,0.97,0.39,0.47,0.37,12.27,3.82,0.18,0.4457,8.82,3.92,0.754,1.02,0.77,0.1191,12.3,37.07000000000001,0.0999999999999999,6.13,2.02,0.6699999999999999,11.63,3.18,10.98,1.44,1.02,12.28,1.31,9.16,5.87,0.5908,13.17,0.32,0.0698999999999999,0.85,0.5779000000000001,0.9350271001,0.0,32.09587843049296,1.6020279591509954,0.0,-1.1099999999999999,0.07999999999999996,0.16426605162502206
wendell carter,ORL,PF,2022,4,1,22.0,0,0.1144,0.5792999999999999,7.51,4.37,0.2931,2.16,0.2071,0.66,12.260000000000002,2.21,2.4000000000000004,0.75,-0.0699999999999999,0.18,26.85,7.08,2.03,0.5202,9.65,5.05,0.7124999999999999,3.34,2.39,0.3577,55.8,28.44,-0.25,9.329999999999998,2.46,2.1500000000000004,17.31,2.92,13.12,1.07,0.64,13.34,1.71,18.03,9.59,0.5882999999999999,19.52,0.89,0.1253,4.18,0.5524,0.5792999999999999,7.51,4.37,0.2931,2.16,0.2071,0.66,12.260000000000002,2.21,2.4000000000000004,0.75,-0.0699999999999999,0.18,26.85,7.08,2.03,0.5202,9.65,5.05,0.7124999999999999,3.34,2.39,0.3577,55.8,28.44,-0.25,9.329999999999998,2.46,2.1500000000000004,17.31,2.92,13.12,1.07,0.64,13.34,1.71,18.03,9.59,0.5882999999999999,19.52,0.89,0.1253,4.18,0.5524,0.7224932249,0.0,28.413532497636908,1.2436263276816055,0.0,0.0,0.0,0.5
robert williams,BOS,C,2022,4,1,24.0,1,0.0866,0.7324999999999999,5.07,3.72,0.0,0.0,0.0039,0.0,11.13,1.7200000000000002,7.66,1.88,5.57,3.34,22.73,4.74,2.72,0.7297,5.1,3.72,0.6752,1.41,0.98,0.2845999999999999,51.9,23.15,2.23,14.009999999999998,3.01,4.24,23.38,2.06,8.44,1.92,0.8500000000000001,14.64,0.94,18.4,7.75,0.7338,12.97,2.44,0.259,6.94,0.7297,0.6902999999999999,4.12,2.81,0.0,0.07,0.0129,0.0,7.68,0.87,10.75,2.1,5.98,3.66,18.33,2.93,0.46,0.6808000000000001,4.19,2.81,0.6631,1.11,0.88,0.2612,12.0,18.49,2.37,15.54,2.4000000000000004,0.76,22.97,1.97,6.48,1.28,0.48,10.33,0.49,17.009999999999998,5.380000000000001,0.6964999999999999,12.57,0.47,0.2252,1.25,0.6808000000000001,0.6691734416999999,0.0,23.148050949336,1.5727201594107496,0.0,-1.97,0.41000000000000014,0.15588411967415247
landry shamet,PHO,SG,2022,4,1,24.0,1,0.0768,0.4629,2.06,0.95,0.3751,5.17,0.7149,1.95,9.46,1.66,0.6,0.15,-1.7400000000000002,-0.71,7.6,1.6700000000000002,1.15,0.4002,7.23,2.9,0.8448,1.27,1.07,0.1736,63.400000000000006,22.78,-1.08,0.95,0.18,1.21,9.89,1.64,8.8,0.92,0.43,8.12,0.7,4.390000000000001,1.82,0.5644,16.09,0.09,0.0786,2.3600000000000003,0.5344,0.4932000000000001,1.55,0.75,0.3599,2.4000000000000004,0.6036,0.88,8.38,1.09,0.36,0.07,-2.1,0.14,9.9,1.49,0.1,0.4111,3.92,1.61,0.7398,0.52,0.37,0.1334,12.2,16.9,-2.24,1.46,0.24,-0.02,7.6,1.16,4.449999999999999,1.4,0.47,13.17,0.6499999999999999,5.779999999999999,1.73,0.5378000000000001,12.89,-0.03,0.0299,0.11,0.5201,0.8221205963,0.0,22.793163043075705,1.5639224384863095,0.0,-0.12,-0.3599999999999999,0.12492486815573131
ivica zubac,LAC,C,2022,3,1,24.0,1,0.0819,0.633,5.93,3.79,0.075,0.03,0.004,0.0,9.09,1.41,3.65,0.95,1.21,0.7000000000000001,23.85,5.14,2.54,0.6312,5.96,3.79,0.7496,2.68,2.01,0.4458999999999999,74.0,22.57,0.51,13.66,2.77,4.470000000000001,19.67,2.59,9.51,0.83,0.38,14.82,1.24,18.89,7.91,0.6680999999999999,16.21,1.33,0.2035,6.99,0.6318,0.5831999999999999,4.44,2.56,0.0,0.0,0.0,0.0,3.38,0.48,3.54,0.74,-0.38,-0.44,21.48,3.9,0.3,0.5831999999999999,4.44,2.56,0.802,2.86,2.3,0.7056,15.4,20.46,0.12,14.36,2.46,0.76,16.96,2.18,7.42,0.3,0.14,14.66,0.9000000000000001,17.880000000000003,6.36,0.659,14.56,0.1,0.1666,1.06,0.5831999999999999,0.963414634,0.0,22.567276317982454,1.7170932268222818,0.0,-1.23,-1.5899999999999999,0.15871138548827762
gary harris,ORL,SG,2022,2,1,27.0,1,0.1051,0.4750999999999999,4.71,2.21,0.3606,4.34,0.4767,1.5699999999999998,9.62,1.92,0.69,0.2,-2.96,-0.53,6.140000000000001,1.63,0.96,0.421,9.05,3.78,0.8463,1.7200000000000002,1.44,0.1891999999999999,53.4,28.87,-2.4,2.0500000000000003,0.55,0.7100000000000001,10.12,1.86,10.6,1.61,0.99,9.26,0.99,4.07,2.18,0.5426,16.229999999999997,-0.32,0.0503,1.69,0.5079,0.395,2.7,1.1,0.365,3.7,0.578,1.4,8.9,1.7,1.0,0.3,-2.3,1.0,6.5,1.5,0.2,0.378,6.4,2.4,0.773,1.6,1.2,0.244,14.0,27.1,-3.4,2.2,0.5,-0.1,6.8,3.2,7.4,2.2,1.1,17.4,1.5,4.4,2.0,0.522,14.5,0.0,0.003,0.0,0.483,0.6900067752,0.0,28.84913372949018,1.2436263276816055,0.0,0.32,0.6600000000000001,0.19749533850617734
robert covington,LAC,PF,2022,2,1,31.0,1,0.0994999999999999,0.5084,2.46,1.27,0.3697,5.3100000000000005,0.683,1.93,6.62,1.42,3.96,1.27,0.16,1.56,19.43,5.23,2.52,0.4146999999999999,7.75,3.2,0.8219000000000001,1.13,0.89,0.1405,70.5,29.35,-1.4300000000000002,3.09,0.8500000000000001,0.96,12.22,2.81,9.28,2.46,1.49,11.75,1.12,11.11,6.08,0.5637000000000001,13.6,1.13,0.0806,3.45,0.5405,0.4924,2.3,1.16,0.5,4.5,0.653,2.2,5.0,1.24,2.8,1.04,2.78,2.3,17.72,5.5,0.38,0.498,6.76,3.36,0.8828,1.26,1.1,0.1964,8.4,35.44,0.48,3.7,1.18,0.38,13.22,3.5,10.06,2.76,1.9,14.260000000000002,1.1800000000000002,10.66,6.68,0.6890000000000001,10.96,0.3999999999999999,0.1144,0.76,0.6614,0.9190379405,0.0,29.375383666297783,1.7170932268222818,0.0,-0.73,2.6199999999999997,0.1257761829858915
grayson allen,MIL,SG,2022,2,1,26.0,1,0.0722,0.5167999999999999,2.77,1.46,0.4025999999999999,5.34,0.653,2.13,9.25,1.69,0.72,0.2299999999999999,-0.12,-0.31,11.27,2.69,1.14,0.4426,8.11,3.62,0.8663,1.33,1.18,0.1668,55.6,24.99,0.2199999999999999,1.67,0.41,2.01,12.59,1.45,10.47,1.25,0.6799999999999999,8.41,0.83,6.5,3.1,0.6021,16.16,0.75,0.1017,3.1500000000000004,0.5741,0.4555,2.65,1.2375,0.3903749999999999,4.074999999999999,0.6041249999999999,1.6,4.9125,0.8875,1.15,0.2625,-2.0125,-0.0374999999999998,9.9625,2.3125,0.275,0.4183749999999999,6.725,2.8375,0.3975,0.6375,0.375,0.095,9.375,24.575,-2.0125,2.0375,0.475,0.125,8.424999999999999,2.1,7.5875,1.1125,0.5875,6.9625,0.575,6.012499999999999,2.7875,0.53925,13.1875,0.0875,0.05875,0.4,0.53625,0.7163279133,0.0,25.010717416267944,1.6176744444642126,0.0,-0.6625,-1.8925,0.14223095459513344
thaddeus young,TOR,PF,2022,2,1,33.0,1,0.0647,0.5512,6.0600000000000005,3.39,0.3283,1.36,0.1822,0.4499999999999999,19.24,2.65,1.91,0.41,1.85,1.51,16.689999999999998,3.09,1.73,0.5163,7.390000000000001,3.81,0.5395,1.18,0.6399999999999999,0.1653,59.2,20.42,0.3399999999999999,9.56,1.8,1.25,17.25,1.88,8.79,2.77,1.11,15.11,1.42,12.989999999999998,4.84,0.5516,19.33,1.17,0.1187,3.01,0.548,0.727,1.8,1.3,0.143,1.2,0.389,0.2,16.9,1.7,1.3,0.2,1.7,2.3,17.2,1.8,0.0,0.5,3.0,1.5,0.25,0.7,0.2,0.222,6.0,14.5,-0.6,9.0,1.2,0.1,14.3,1.3,3.3,3.0,0.8,13.2,0.5,12.7,3.0,0.506,12.1,0.1,0.067,0.1,0.528,0.7781842815,0.0,20.38691650241799,1.3277720390698668,0.0,-1.0699999999999998,-0.15000000000000013,0.06713667483624823
taurean prince,MIN,PF,2022,2,1,27.0,1,0.0574,0.4886,3.37,1.58,0.3758,4.13,0.5523,1.5099999999999998,9.73,1.43,1.86,0.41,-1.57,-0.2,15.11,2.99,1.2999999999999998,0.4225,7.550000000000001,3.12,0.7941,1.4499999999999995,1.15,0.1986,59.6,20.98,-1.42,2.4,0.51,0.2199999999999999,11.65,1.89,8.92,1.7,0.74,11.8,1.13,8.71,3.5,0.5559000000000001,18.46,0.0699999999999999,0.0634,1.52,0.5255,0.462,2.6,1.2,0.286,2.8,0.519,0.8,15.3,1.2,1.3,0.2,-1.0,-0.3,11.4,1.4,0.0,0.37,5.4,2.0,0.857,1.4,1.2,0.259,5.0,13.0,-0.7,1.8,0.2,0.0,10.4,1.0,6.0,1.4,0.4,11.7,0.8,6.8,1.6,0.499,22.5,0.0,0.0,0.0,0.444,0.7693428185,0.3,20.955360125904917,1.5559158289892718,0.0,-0.0699999999999999,0.5700000000000001,0.04941432620145232
patrick beverley,MIN,PG,2022,1,1,33.0,1,0.0040999999999999,0.4821,2.8,1.36,0.3681999999999999,4.04,0.5906,1.47,19.49,3.65,2.92,0.79,2.0,1.97,13.3,3.09,1.5499999999999998,0.4161,6.86,2.88,0.733,1.69,1.27,0.2415999999999999,50.3,24.71,0.0299999999999999,4.300000000000001,1.01,1.77,13.5,2.99,8.43,1.99,1.06,13.25,1.1800000000000002,8.809999999999999,4.05,0.5555000000000001,15.09,1.31,0.1273,3.4,0.5251,0.5569999999999999,2.86,1.57,0.3510999999999999,3.37,0.5415000000000001,1.19,17.75,3.3,2.97,0.89,1.48,2.04,10.54,2.39,0.23,0.4448999999999999,6.279999999999999,2.76,0.6980999999999999,2.19,1.52,0.3069,9.7,26.01,-0.5900000000000001,3.6000000000000005,0.75,0.31,12.09,3.76,8.23,1.9,1.01,12.97,1.24,7.11,3.14,0.5716000000000001,13.71,0.18,0.102,0.49,0.5396,0.6494918698000001,0.0,24.733187075740364,1.5559158289892718,0.0,-1.1300000000000001,-0.52,0.16873683295323064
josh richardson,SAS,SG,2022,1,1,28.0,1,0.0986,0.4765,5.41,2.6,0.3747,4.15,0.4371,1.55,11.46,2.26,1.52,0.46,-0.8200000000000001,0.2099999999999999,9.08,2.3,1.76,0.4331,9.59,4.17,0.8814000000000001,1.91,1.6800000000000002,0.1971,61.2,27.55,-1.03,2.9,0.71,1.2000000000000002,12.37,2.06,11.47,1.66,0.93,10.84,1.27,6.04,3.03,0.5542,18.44,0.5,0.0849999999999999,2.89,0.5156000000000001,0.4092,4.36,1.66,0.3228,3.64,0.4142,1.24,11.08,1.74,0.52,0.2,-2.86,-0.94,9.6,1.7799999999999998,0.0,0.3786,8.0,2.96,0.9776,2.58,2.5,0.321,5.800000000000001,22.44,-1.96,3.26,0.64,0.04,9.760000000000002,1.8600000000000003,9.66,0.94,0.38,13.920000000000002,1.34,6.32,2.48,0.5287999999999999,19.700000000000003,-0.0199999999999999,0.0005999999999999,0.04,0.446,0.7949525745,0.0,27.562405117221765,0.9042383333036812,0.0957616666963189,-0.5199999999999999,-2.04,0.07166123778501629
bruno fernando,HOU,C,2022,4,1,23.0,1,0.022,0.5797,1.87,1.11,0.277,0.2199999999999999,0.0687,0.02,7.470000000000001,0.37,4.01,0.29,-2.82,-0.2,26.12,1.63,0.27,0.5538000000000001,2.01,1.11,0.6309,0.79,0.5,0.4192,36.1,7.13,-2.67,10.87,0.69,0.09,14.84,0.99,2.76,0.66,0.09,20.41,0.5900000000000001,18.57,2.32,0.5864,18.58,-0.12,0.0753,0.33,0.5607,0.667,0.5,0.3,0.0,0.0,0.0,0.0,0.0,0.0,0.0,0.0,4.0,-1.7,0.0,0.0,0.0,0.667,0.5,0.3,1.0,0.3,0.3,0.667,6.0,2.0,5.7,9.2,0.2,0.1,20.2,0.0,1.0,0.0,0.0,0.0,0.0,4.5,0.2,0.773,14.3,0.0,0.248,0.1,0.667,0.475982385,0.0,7.141683441136363,1.2302429768534169,0.0,0.12,6.82,0.04454458727583864
nikola jokic,DEN,C,2023,5,1,27.0,1,0.35,0.6543,13.43,8.73,0.3702,2.93,0.1755999999999999,1.05,44.16,8.93,1.97,0.76,13.03,4.2,31.520000000000003,9.6,3.93,0.6041,16.310000000000002,9.830000000000002,0.8275999999999999,5.99,4.94,0.3711,71.1,33.82,8.83,9.01,2.6,11.28,31.85,2.5700000000000003,25.66,1.94,1.36,15.8,3.56,20.56,12.2,0.6781999999999999,29.09,9.1,0.303,15.13,0.6364000000000001,0.5846,17.23,10.079999999999998,0.3893,4.04,0.1894,1.6,36.99,7.49,2.53,0.98,11.41,2.64,30.78,9.52,0.7000000000000001,0.5483,21.27,11.68,0.8210999999999999,6.58,5.4,0.3095,13.5,36.91,8.739999999999998,11.13,3.51,2.27,31.450000000000003,3.41,30.26,1.5699999999999998,1.15,13.12,3.67,20.87,13.03,0.6266,33.55,1.86,0.2493,2.97,0.5858,0.8914634147,0.0,33.780068709266885,1.4940850349763457,0.0,-7.239999999999999,-1.6199999999999992,0.17165153173375333
joel embiid,PHI,C,2023,4,1,28.0,1,0.35,0.5604,16.240000000000002,9.1,0.3517,3.21,0.1661,1.14,21.74,3.92,4.25,1.58,8.86,1.99,29.3,8.760000000000002,3.82,0.5263,19.450000000000003,10.24,0.8445,11.53,9.72,0.5931,63.6,33.66,6.82,6.710000000000001,1.92,7.69,31.12,2.84,31.43,1.51,1.03,11.78,3.25,18.21,10.73,0.6395,36.72,5.91,0.2583,11.51,0.5557,0.5195000000000001,13.63,7.07,0.2311,3.28,0.1946,0.81,12.76,2.66,5.34,1.94,2.48,0.76,26.6,8.399999999999999,0.53,0.4633,16.91,7.83,0.8654999999999999,9.3,8.05,0.551,9.7,36.7,1.72,5.82,1.83,0.3399999999999999,21.12,3.12,24.55,0.9000000000000001,0.6699999999999999,14.86,3.67,16.310000000000002,10.21,0.5837000000000001,30.94,0.39,0.1195,0.8700000000000001,0.4864,0.792886179,0.0,33.65113495499109,1.471103481460515,0.0,-5.5200000000000005,-6.379999999999999,0.14258044205984866
zion williamson,NOP,PF,2023,5,1,22.0,0,0.25,0.6191428571428572,15.757142857142856,9.771428571428572,0.3468571428571428,0.6714285714285715,0.0387142857142857,0.2,23.057142857142857,4.342857142857143,1.6571428571428577,0.6,5.800000000000001,0.6285714285714286,16.34285714285714,4.857142857142858,1.3142857142857145,0.6088571428571429,16.42857142857143,9.971428571428572,0.7094285714285715,8.628571428571428,6.071428571428571,0.5235714285714286,38.142857142857146,33.057142857142864,5.171428571428572,7.4714285714285715,2.2,3.671428571428572,25.742857142857144,2.2,26.28571428571429,1.5142857142857145,1.042857142857143,13.742857142857144,3.2,11.942857142857145,7.057142857142857,0.6511428571428572,30.22857142857143,2.5,0.1871428571428571,5.057142857142857,0.6152857142857143,0.6191428571428572,15.757142857142856,9.771428571428572,0.3468571428571428,0.6714285714285715,0.0387142857142857,0.2,23.057142857142857,4.342857142857143,1.6571428571428577,0.6,5.800000000000001,0.6285714285714286,16.34285714285714,4.857142857142858,1.3142857142857145,0.6088571428571429,16.42857142857143,9.971428571428572,0.7094285714285715,8.628571428571428,6.071428571428571,0.5235714285714286,38.142857142857146,33.057142857142864,5.171428571428572,7.4714285714285715,2.2,3.671428571428572,25.742857142857144,2.2,26.28571428571429,1.5142857142857145,1.042857142857143,13.742857142857144,3.2,11.942857142857145,7.057142857142857,0.6511428571428572,30.22857142857143,2.5,0.1871428571428571,5.057142857142857,0.6152857142857143,0.4946767327142857,0.2857142857142857,33.03816616785109,1.4311552464518216,0.0,0.0,0.0,0.5
darius garland,CLE,PG,2023,5,1,23.0,1,0.25,0.4953999999999999,10.36,5.13,0.3989,5.99,0.365,2.3600000000000003,35.2,7.699999999999999,0.3,0.1,1.56,-1.01,7.619999999999999,2.36,2.43,0.4598,16.37,7.54,0.8687,3.88,3.38,0.2365,65.7,35.08,2.62,1.4700000000000002,0.46,3.45,17.939999999999998,1.96,20.79,1.75,1.23,14.81,3.13,4.58,2.82,0.5757,26.77,2.17,0.1181,5.93,0.5327,0.469,9.8,4.6,0.387,6.2,0.388,2.4,24.1,5.0,0.5,0.2,1.2,0.5,5.3,1.8,0.2,0.438,16.0,7.0,0.84,5.0,4.2,0.313,5.0,37.8,0.7,0.0,0.0,0.0,13.3,3.4,20.6,2.2,1.6,16.5,3.6,2.8,1.8,0.566,27.0,0.2,0.056,0.2,0.513,0.8195121954,0.0,35.082773117815194,1.3606472443491973,0.0,-1.97,-0.3600000000000001,0.07578929133403589
ja morant,MEM,PG,2023,5,1,23.0,1,0.25,0.5195000000000001,14.64,7.619999999999999,0.3173,4.5600000000000005,0.2393,1.44,37.48,7.54,0.77,0.31,4.6,-0.1,14.3,4.390000000000001,2.25,0.4707,19.17,9.07,0.7479,7.42,5.56,0.3882,60.2,32.4,4.720000000000001,3.51,1.1,3.4,22.31,1.53,25.14,1.57,1.09,13.14,3.3600000000000003,8.85,5.46,0.5584,33.0,3.23,0.1401,5.65,0.5084,0.4667,15.25,7.13,0.3761,6.02,0.2824,2.27,36.68,8.08,0.61,0.22,6.23,1.31,15.47,5.26,0.28,0.4418999999999999,21.24,9.4,0.7636000000000001,7.109999999999999,5.4,0.3352,6.199999999999999,38.1,4.92,3.89,1.5,0.3399999999999999,20.79,2.28,26.47,2.0,1.58,12.38,3.46,9.26,6.76,0.5423,30.43,0.51,0.1131,0.6,0.495,0.7554878048,0.0,32.42809308815755,1.3181577857749385,0.0,-2.7199999999999998,1.6300000000000008,0.10802579228975168
jimmy butler,MIA,PF,2023,3,1,33.0,1,0.3322,0.5456,12.34,6.720000000000001,0.2939,1.8,0.1278,0.55,28.49,5.72,1.17,0.36,7.779999999999999,2.03,14.12,4.1,2.8600000000000003,0.5129,14.14,7.25,0.8586,8.35,7.15,0.5902000000000001,59.5,33.59,5.779999999999999,6.84,2.0,7.88,26.18,1.38,22.17,2.6900000000000004,1.8,9.37,1.85,10.48,6.1000000000000005,0.6225,26.07,4.96,0.2579,10.77,0.5316000000000001,0.4722,15.3,7.33,0.3343,3.71,0.1969,1.27,25.74,5.73,1.49,0.54,6.5600000000000005,1.7000000000000002,14.35,4.82,0.9000000000000001,0.4452,19.04,8.6,0.8007,7.689999999999999,6.15,0.3999,16.9,38.650000000000006,4.8100000000000005,5.94,2.0700000000000003,1.95,22.91,1.6,24.57,2.31,1.79,7.66,1.86,10.06,6.970000000000001,0.5425,28.0,1.61,0.1694999999999999,2.85,0.4779,0.7432249322,0.0,33.57557181138664,1.4617682261129756,0.0,-3.3499999999999996,-1.2199999999999989,0.24631852446837796
jordan poole,GSW,PG,2023,4,1,23.0,1,0.2018,0.536,6.57,3.52,0.3474,7.26,0.5298,2.52,20.63,3.83,0.8600000000000001,0.28,-0.75,-1.23,9.04,2.4,2.0,0.4357999999999999,13.83,6.01,0.8889,4.06,3.58,0.288,74.0,27.88,0.48,1.58,0.38,1.85,15.15,2.45,18.15,1.23,0.74,13.22,2.5,5.359999999999999,2.7300000000000004,0.5821,27.4,0.6400000000000001,0.0881,3.78,0.5284,0.4957499999999999,5.574999999999999,2.7875,0.3053749999999999,5.175,0.4808749999999999,1.6124999999999998,22.1625,3.6125,1.0499999999999998,0.275,-1.3875000000000002,-0.225,9.025,2.025,0.375,0.403625,10.8125,4.4,0.82125,2.825,2.375,0.2625,16.375,23.9375,-1.1625,1.5875,0.375,0.3999999999999999,13.05,2.6125,12.8125,1.5875,0.8,11.575,1.65,5.324999999999999,2.425,0.5246249999999999,24.125,0.1999999999999999,0.0678749999999999,0.7749999999999999,0.4772499999999999,0.919715447,0.0,27.8753090965422,1.818350442764142,0.0,-0.4400000000000002,-0.6375000000000002,0.15965830773713205
tyler herro,MIA,SG,2023,4,1,23.0,1,0.1985,0.4911999999999999,8.82,4.3100000000000005,0.3807,7.109999999999999,0.4443,2.71,19.82,3.98,0.69,0.19,0.2499999999999999,-0.8700000000000001,16.61,4.75,2.24,0.4414,15.98,7.07,0.888,2.78,2.46,0.1739,64.1,33.29,1.17,1.52,0.45,0.96,15.17,1.43,19.28,1.07,0.73,11.98,2.3600000000000003,8.99,5.2,0.5599000000000001,26.14,1.31,0.071,3.23,0.5262,0.4402,6.36,2.94,0.2638,4.74,0.4322,1.2600000000000002,16.22,2.4,1.42,0.36,-1.48,-0.8200000000000001,15.02,3.24,0.3,0.3718,11.06,4.140000000000001,0.9556,1.8000000000000005,1.7400000000000002,0.1629999999999999,10.6,24.56,-0.6200000000000001,1.66,0.42,-0.22,10.72,1.04,11.28,0.92,0.48,10.1,1.4,8.12,3.66,0.474,23.74,0.06,-0.002,0.0799999999999999,0.4298,0.8000000002000001,0.0,33.26177610370119,1.4617682261129756,0.0,-1.25,-1.73,0.10873497687143022
andrew wiggins,GSW,SF,2023,4,1,27.0,1,0.1789,0.5247,8.59,4.54,0.3919,5.74,0.3996999999999999,2.26,10.67,2.29,2.2,0.81,-0.21,-0.25,11.28,3.43,2.21,0.4717,14.330000000000002,6.77,0.6385000000000001,2.59,1.6800000000000002,0.1823,54.6,32.33,0.0399999999999999,4.82,1.4,1.28,14.85,2.55,17.43,1.64,1.08,8.61,1.46,8.14,4.83,0.5636,22.34,0.87,0.093,3.4599999999999995,0.55,0.544375,9.0375,4.9,0.3105,4.8625,0.3502499999999999,1.5375,8.0125,1.8625,2.9375,1.125,-0.2625,0.3625,13.175,4.25,0.6499999999999999,0.46275,13.9,6.4375,0.667875,3.375,2.275,0.242375,16.375,34.3375,-0.625,6.475,2.0625,0.4875,14.3125,3.125,16.625,1.275,0.875,7.9875,1.3375,9.849999999999998,6.3125,0.54025,20.55,0.2499999999999999,0.093625,1.1374999999999995,0.516625,0.6899051488000001,0.0,32.31812282220618,1.818350442764142,0.0,-0.6200000000000001,-0.05250000000000002,0.24158018306863388
rj barrett,NYK,SG,2023,4,1,22.0,1,0.1755999999999999,0.4715,10.87,5.109999999999999,0.3378,5.25,0.3258,1.79,13.43,2.9,0.6699999999999999,0.22,-2.27,-1.4,14.46,4.529999999999999,2.18,0.4276,16.12,6.9,0.7333999999999999,5.2,3.81,0.3205,71.9,34.28,-0.87,2.8200000000000003,0.8500000000000001,0.46,13.239999999999998,2.37,19.32,0.79,0.52,10.47,2.14,8.61,5.4,0.5258,26.06,-0.1899999999999999,0.0509,2.61,0.4821,0.4855714285714286,8.942857142857143,4.314285714285714,0.316,5.5285714285714285,0.3851428571428572,1.742857142857143,15.45714285714286,2.857142857142857,0.7000000000000001,0.2571428571428572,1.842857142857143,1.0285714285714287,15.871428571428574,4.685714285714286,0.4428571428571429,0.4201428571428571,14.471428571428572,6.128571428571429,0.7778571428571429,5.071428571428571,3.9,0.3468571428571428,9.285714285714286,33.75714285714286,0.7857142857142858,1.7857142857142858,0.5857142857142857,0.2428571428571428,14.485714285714288,2.271428571428572,17.900000000000002,1.2285714285714286,0.8000000000000002,8.957142857142859,1.7571428571428571,8.657142857142858,5.271428571428572,0.5325714285714287,24.27142857142857,0.2714285714285714,0.1047142857142857,0.6571428571428573,0.4808571428571428,0.9012195121,0.0,34.28929673753534,1.3178305284865148,0.0,0.4614285714285713,4.112857142857143,0.1128285142921652
lebron james,LAL,PF,2023,2,1,38.0,1,0.35,0.5942000000000001,14.19,8.45,0.3411999999999999,7.11,0.3338,2.43,34.29,6.82,1.75,0.75,6.98,1.0,21.24,7.08,2.41,0.5098,21.3,10.85,0.7504,5.890000000000001,4.449999999999999,0.2785,53.3,35.59,6.0,3.28,1.05,3.76,24.65,1.7800000000000002,28.54,1.4300000000000002,1.06,12.59,3.39,12.37,8.15,0.5976,32.72,4.29,0.1563999999999999,6.17,0.5667,0.6057142857142858,11.571428571428571,7.000000000000001,0.2957142857142857,7.0,0.3767142857142858,2.1428571428571432,32.48571428571429,6.928571428571429,2.1142857142857143,0.8714285714285716,8.057142857142857,2.2,20.85714285714286,7.642857142857143,0.7285714285714286,0.4911428571428571,18.571428571428573,9.142857142857142,0.7175714285714286,5.2285714285714295,3.8,0.2805714285714286,13.142857142857142,38.3,5.785714285714287,4.257142857142857,1.485714285714286,0.9571428571428572,21.88571428571429,1.6285714285714288,24.15714285714286,1.5285714285714287,1.2142857142857144,12.442857142857145,2.9857142857142858,12.8,9.12857142857143,0.5782857142857143,27.485714285714288,1.2428571428571429,0.1484285714285714,1.685714285714286,0.548,0.6652439022000001,0.0,35.61228978623377,1.4716428692733816,0.0,-3.047142857142857,1.0771428571428565,0.2097102711789013
deandre hunter,ATL,SF,2023,4,1,25.0,1,0.1477,0.5191,7.5,3.9,0.3539,4.08,0.3523,1.43,6.77,1.47,1.03,0.37,-2.58,-1.0299999999999998,12.260000000000002,3.4400000000000004,0.93,0.4599,11.55,5.33,0.8143,3.22,2.66,0.2813,54.0,30.69,-1.5499999999999998,2.25,0.6399999999999999,1.06,12.07,2.89,14.72,1.01,0.62,8.82,1.25,7.26,4.05,0.5662,19.86,-0.49,0.0633,1.92,0.522,0.533,7.699999999999999,4.2,0.3976,5.35,0.406,2.11,3.71,0.8999999999999999,0.92,0.3299999999999999,-1.3200000000000005,-0.5,13.31,3.99,0.07,0.4766,13.1,6.3100000000000005,0.79,2.69,2.09,0.2159999999999999,5.5,35.23,-0.82,2.25,0.8,0.12,11.86,3.29,16.869999999999997,0.87,0.63,10.59,1.69,7.52,4.79,0.5851999999999999,19.57,0.0099999999999999,0.0428,0.1699999999999999,0.5568,0.6663279132,0.0,30.684115260739045,1.262705090776758,0.0,0.4999999999999999,1.2599999999999996,0.10467983954835833
keldon johnson,SAS,SF,2023,4,1,23.0,0,0.147,0.5206999999999999,9.579999999999998,5.01,0.3501,5.359999999999999,0.3529,1.86,11.48,2.44,0.55,0.22,-1.37,-1.75,15.73,4.52,1.19,0.4616,14.94,6.87,0.7493000000000001,4.09,3.09,0.2719,67.8,31.62,0.3799999999999999,3.4800000000000004,1.04,1.54,14.97,2.02,18.66,1.11,0.71,8.879999999999999,1.63,9.420000000000002,5.53,0.5591,24.18,0.36,0.0605,2.78,0.5239,0.5206999999999999,9.579999999999998,5.01,0.3501,5.359999999999999,0.3529,1.86,11.48,2.44,0.55,0.22,-1.37,-1.75,15.73,4.52,1.19,0.4616,14.94,6.87,0.7493000000000001,4.09,3.09,0.2719,67.8,31.62,0.3799999999999999,3.4800000000000004,1.04,1.54,14.97,2.02,18.66,1.11,0.71,8.879999999999999,1.63,9.420000000000002,5.53,0.5591,24.18,0.36,0.0605,2.78,0.5239,0.8502032519,0.0,31.64627762035887,1.1395299987869476,0.0,0.0,0.0,0.5
bogdan bogdanovic,ATL,SG,2023,4,1,30.0,1,0.1375,0.5122,4.949999999999999,2.5700000000000003,0.401,7.0600000000000005,0.5856999999999999,2.8200000000000003,14.87,2.99,0.89,0.27,1.36,-0.35,11.4,2.99,1.08,0.4474,11.99,5.39,0.8502,1.44,1.23,0.1221,54.7,28.68,1.66,1.65,0.45,2.21,15.24,1.89,14.81,1.6,0.95,8.61,1.17,6.5600000000000005,3.47,0.5848,20.64,1.26,0.1008999999999999,3.29,0.5645,0.5948,4.67,2.65,0.3971,6.28,0.5796,2.46,15.64,2.73,1.94,0.55,3.41,1.3,13.56,3.21,0.18,0.4784,10.95,5.08,0.7382,1.53,1.14,0.1397999999999999,7.8,27.78,2.11,2.37,0.57,0.2299999999999999,16.41,2.81,13.760000000000002,1.53,0.91,6.5,0.8500000000000001,7.67,3.78,0.6093,19.46,0.26,0.1169,0.41,0.5938,0.6819783196,0.0,28.704811045406444,1.262705090776758,0.0,-1.0,2.05,0.12135896229585322
harrison barnes,SAC,PF,2023,3,1,30.0,1,0.125,0.5474000000000001,5.85,3.22,0.3834,4.44,0.4324,1.6800000000000002,8.9,2.22,0.38,0.15,-0.4,-1.4,13.86,4.15,1.1,0.4765999999999999,10.260000000000002,4.93,0.8372999999999999,4.94,4.15,0.4827,75.7,33.54,1.0,3.58,1.1,4.85,14.84,1.27,15.64,1.0,0.7,9.39,1.27,8.719999999999999,5.25,0.6281,17.630000000000003,0.99,0.1132,5.949999999999999,0.5592,0.543,5.0,2.7,0.24,3.6,0.417,0.9,3.5,0.7,1.0,0.3,0.0,0.0,7.5,2.0,0.2,0.417,8.6,3.6,0.731,3.7,2.7,0.433,7.0,28.0,0.0,5.1,1.4,0.2,12.0,0.7,10.7,1.9,1.1,4.0,0.4,6.2,3.4,0.525,15.1,0.1,0.091,0.4,0.467,0.9428184282,0.0,33.55973557400031,1.202487161861631,0.0,-0.89,0.4,0.07166419620194385
brandon clarke,MEM,PF,2023,4,1,26.0,1,0.0919,0.6453,6.449999999999999,4.17,0.2036,0.3999999999999999,0.0544,0.09,9.74,1.36,3.66,0.86,2.81,1.4700000000000002,19.44,3.69,1.87,0.6246,6.880000000000001,4.26,0.6957,2.18,1.55,0.3294,59.0,20.4,1.41,9.27,1.75,3.1100000000000003,20.57,2.0,10.18,1.6,0.6799999999999999,8.93,0.77,14.330000000000002,5.46,0.651,17.6,1.51,0.2002,4.98,0.6314,0.5731999999999999,4.9,3.02,0.0,0.06,0.0065999999999999,0.0,7.619999999999999,1.2,6.74,0.6799999999999999,1.84,0.96,15.740000000000002,2.48,0.24,0.569,4.96,3.02,0.4002,2.7,1.7999999999999998,0.3557999999999999,7.999999999999999,16.619999999999997,0.9400000000000002,7.5,1.86,0.6,17.4,1.14,7.78,0.84,0.48,5.7,0.6,11.32,4.34,0.587,14.26,0.3,0.1352,0.84,0.569,0.7394986448,0.0,20.36994153409882,1.3181577857749385,0.0,-1.21,-0.97,0.09947926019033934
clint capela,ATL,C,2023,2,1,28.0,1,0.1516,0.63,8.73,5.5200000000000005,0.0,0.0,0.0015999999999999,0.0,5.15,0.97,4.38,1.39,2.24,-0.08,31.13,7.899999999999999,2.67,0.6292,8.76,5.5200000000000005,0.558,2.41,1.35,0.2714,67.3,27.6,2.32,16.05,4.08,5.11,22.33,2.17,12.37,1.21,0.7,7.66,0.8200000000000001,23.62,11.93,0.6294,16.479999999999997,1.97,0.2004,7.73,0.6292,0.523,5.57,3.12,0.0,0.0,0.0,0.0,2.2,0.43,2.28,0.62,-0.7699999999999999,-0.5,29.26,6.109999999999999,0.25,0.523,5.57,3.12,0.4207,0.94,0.53,0.1364,7.2,24.92,-0.3,10.83,2.53,0.26,13.75,1.2200000000000002,6.7700000000000005,1.54,0.79,10.89,0.7,19.62,8.64,0.5256000000000001,11.19,0.15,0.0872,0.49,0.523,0.8420731707,0.0,27.611398897393,1.262705090776758,0.0,-1.82,-3.0100000000000002,0.08808662558471092
malcolm brogdon,BOS,PG,2023,2,1,30.0,1,0.1654,0.509,8.38,4.24,0.3932,5.1000000000000005,0.3823,2.0,23.96,4.800000000000001,0.87,0.3299999999999999,2.51,-0.03,14.28,3.9,1.48,0.4669999999999999,13.48,6.27,0.8646,3.37,2.94,0.2541,55.5,29.95,2.59,2.91,0.77,3.04,18.08,1.8,17.42,1.25,0.77,10.69,1.8,8.64,4.69,0.5868,23.96,1.84,0.1333,4.55,0.5427,0.45,5.7,2.6,0.379,4.6,0.444,1.7,17.2,2.9,0.9,0.3,-1.6,-1.5,12.4,2.8,0.3,0.418,10.3,4.3,0.829,1.8,1.5,0.179,19.0,24.9,-0.2,3.2,0.7,0.5,13.4,1.5,11.9,0.3,0.2,8.2,1.0,8.0,3.5,0.535,22.0,0.0,0.076,0.7,0.503,0.6957994581,0.0,29.956840407071788,1.5265000202175407,0.0,-1.84,-4.109999999999999,0.2215587791085666
naz reid,MIN,C,2023,3,1,23.0,1,0.0951999999999999,0.6163,5.01,3.14,0.3460999999999999,2.76,0.3525,0.94,9.15,1.02,4.51,0.8900000000000001,0.4599999999999999,0.51,20.8,3.36,1.69,0.5198,7.77,4.06,0.7066,2.0,1.42,0.2611,71.1,17.78,-0.0199999999999999,7.220000000000001,1.1800000000000002,1.38,18.05,2.4800000000000004,10.48,1.52,0.55,12.21,1.23,14.02,4.54,0.6047,23.32,0.8,0.1171,3.1,0.5809,0.4,2.0,0.8,0.429,1.4,0.412,0.6,0.0,0.0,9.5,1.2,-1.9,2.1,23.4,2.4,0.1,0.412,3.4,1.4,1.0,1.4,1.4,0.412,5.0,10.8,-4.0,4.4,0.4,0.0,11.2,2.8,4.8,0.9,0.2,19.9,1.0,14.4,2.8,0.598,19.9,0.0,0.051,0.1,0.5,0.8907859079,0.0,17.78041945931627,1.6052544660547492,0.0,-0.8,-2.36,0.040966257459272716
myles turner,IND,C,2023,2,1,26.0,0,0.1542,0.6388,6.359999999999999,4.07,0.3534,4.2,0.4052,1.5,6.16,1.2,7.55,2.67,1.55,1.17,21.44,5.74,1.86,0.5221,10.56,5.57,0.7735000000000001,3.6,2.8,0.3344,53.0,29.72,0.4099999999999999,5.380000000000001,1.41,2.43,18.28,3.29,15.39,1.04,0.69,11.05,1.52,13.4,7.18,0.6298,19.41,1.46,0.129,4.29,0.5934999999999999,0.6388,6.359999999999999,4.07,0.3534,4.2,0.4052,1.5,6.16,1.2,7.55,2.67,1.55,1.17,21.44,5.74,1.86,0.5221,10.56,5.57,0.7735000000000001,3.6,2.8,0.3344,53.0,29.72,0.4099999999999999,5.380000000000001,1.41,2.43,18.28,3.29,15.39,1.04,0.69,11.05,1.52,13.4,7.18,0.6298,19.41,1.46,0.129,4.29,0.5934999999999999,0.6622628727,0.0,29.731774640557894,1.1861977113743885,0.0,0.0,0.0,0.5
daniel gafford,WAS,C,2023,3,1,24.0,1,0.0911999999999999,0.7113,5.1,3.63,0.0,0.0,0.0006,0.0,7.0,0.92,5.960000000000001,1.35,1.42,0.77,18.42,3.3,1.69,0.7107,5.1,3.63,0.6826,2.23,1.51,0.4441,71.4,19.25,0.65,12.06,2.05,3.84,20.83,2.28,8.719999999999999,1.1,0.42,13.77,0.98,15.34,5.369999999999999,0.7213,15.95,1.15,0.1932,5.55,0.7107,0.846,5.2,4.4,0.0,0.0,0.0,0.0,3.9,0.6,6.9,2.0,6.1,1.9,14.5,3.0,0.1,0.846,5.2,4.4,0.625,4.8,3.0,0.923,5.0,23.4,4.2,12.5,2.8,0.5,25.1,3.4,11.8,2.0,1.0,7.6,0.6,13.5,5.8,0.807,14.1,0.2,0.244,0.6,0.846,0.88902439,0.0,19.23122465448006,1.535732748372488,0.0,-0.95,4.68,0.07844714874786282
bojan bogdanovic,DET,PF,2023,2,1,33.0,1,0.147,0.5241,7.79,4.07,0.3995999999999999,6.32,0.4508,2.53,11.23,2.19,0.22,0.07,0.32,-1.52,11.41,3.28,1.18,0.4683,14.03,6.6,0.8752,4.43,3.85,0.3132,64.6,31.48,1.82,2.33,0.6599999999999999,3.17,16.21,1.78,19.630000000000003,0.89,0.5700000000000001,11.09,2.02,6.87,3.97,0.6108,24.62,1.21,0.103,4.35,0.5578000000000001,0.5398,7.0,3.86,0.3842,6.0600000000000005,0.4662,2.3600000000000003,7.58,1.62,0.0,0.0,-0.0999999999999999,-0.6599999999999999,11.82,3.7,0.0,0.4754,13.1,6.22,0.8264,3.88,3.24,0.2971999999999999,8.0,35.620000000000005,0.56,1.72,0.5,0.36,13.38,3.4,18.04,0.8200000000000001,0.54,12.12,2.04,6.880000000000001,4.24,0.6108,21.7,0.14,0.061,0.38,0.5674,0.812195122,0.0,31.46215538029149,1.1032260078444058,0.0,-1.0699999999999998,-0.41999999999999993,0.12290344730023015
maxi kleber,DAL,PF,2023,3,1,31.0,1,0.0809,0.6013,1.52,0.92,0.3535,3.63,0.7017,1.31,7.02,1.34,3.01,0.84,-1.2200000000000002,0.4599999999999999,16.58,3.67,1.25,0.4318,5.199999999999999,2.23,0.7517,0.97,0.73,0.1946999999999999,46.2,25.29,-1.6800000000000002,4.25,0.94,0.88,9.77,2.26,6.470000000000001,0.78,0.4,11.48,0.71,10.36,4.61,0.5783,11.260000000000002,0.3199999999999999,0.0835,2.13,0.5563,0.5884,1.52,0.9,0.4216,3.7399999999999993,0.7084,1.58,6.98,1.22,1.7999999999999998,0.48,0.64,0.8600000000000001,15.74,3.38,0.18,0.4654,5.26,2.48,0.714,1.12,0.76,0.212,13.6,25.92,-0.2199999999999999,3.48,0.76,0.6799999999999999,11.4,2.7,7.34,0.6200000000000001,0.28,6.38,0.4,9.48,4.2,0.6322000000000001,11.18,0.3,0.1006,0.8,0.6152000000000001,0.5803523033,0.0,25.29980157228309,1.4178239537422668,0.0,-0.019999999999999907,1.8600000000000003,0.23177702822652227
kentavious caldwellpope,DEN,SG,2023,2,1,29.0,1,0.1081,0.487,4.34,2.13,0.4105,4.57,0.5159,1.89,9.47,2.15,1.16,0.42,-1.0499999999999998,0.32,8.920000000000002,2.48,2.19,0.4477,8.91,3.97,0.8522000000000001,1.74,1.52,0.199,74.5,30.39,-1.39,1.77,0.48,1.74,11.67,1.83,11.3,2.01,1.26,10.61,1.14,5.42,2.91,0.587,15.59,0.53,0.0843,3.93,0.5536,0.5978571428571429,3.071428571428572,1.8285714285714287,0.3317142857142857,4.371428571428572,0.5928571428571429,1.5142857142857145,5.828571428571429,1.4285714285714288,1.2142857142857142,0.5,-1.1,1.2428571428571429,8.842857142857143,2.542857142857143,0.7000000000000001,0.4347142857142858,7.442857142857143,3.271428571428572,0.8778571428571429,1.5714285714285716,1.3571428571428572,0.2034285714285714,15.714285714285715,32.34285714285714,-2.3428571428571434,2.2142857142857144,0.6142857142857143,0.5714285714285715,9.75714285714286,2.571428571428571,9.342857142857143,1.942857142857143,1.2142857142857144,7.285714285714286,0.6857142857142858,5.542857142857143,3.157142857142857,0.5691428571428572,12.1,0.1857142857142857,0.0998571428571428,1.2000000000000002,0.5315714285714286,0.9312330622,0.0,30.41653534595469,1.4940850349763457,0.0,-0.3442857142857143,-0.050000000000000266,0.1833296961606953
pat connaughton,MIL,SF,2023,3,1,30.0,1,0.0693,0.5925,1.71,1.01,0.3621999999999999,5.140000000000001,0.7469,1.86,6.69,1.28,0.8300000000000001,0.22,-0.14,0.3399999999999999,15.76,3.73,1.7200000000000002,0.4202,6.85,2.88,0.7344,0.71,0.49,0.1018,63.8,24.21,-0.51,3.65,0.79,1.5499999999999998,11.28,1.22,8.129999999999999,1.41,0.71,6.89,0.5,9.9,4.52,0.5670999999999999,13.42,0.7300000000000001,0.1016,3.27,0.5549999999999999,0.7908999999999999,1.7000000000000002,1.33,0.4341,5.31,0.7612000000000001,2.35,8.17,1.35,1.09,0.3,4.47,1.99,18.05,3.82,0.39,0.5189999999999999,6.98,3.68,0.8442000000000001,0.74,0.62,0.1054,10.2,23.69,2.48,3.87,0.85,0.43,16.55,1.95,10.23,1.4700000000000002,0.7,6.870000000000001,0.53,10.84,4.67,0.6942,14.15,0.27,0.1763,0.8200000000000001,0.6843,0.8014227642,0.0,24.193904302136445,1.5226695887752213,0.0,-0.4600000000000001,4.609999999999999,0.13527775725044172
nassir little,POR,SF,2023,4,1,22.0,1,0.0458999999999999,0.5522,2.85,1.56,0.3528,2.9000000000000004,0.503,1.03,6.85,0.94,2.25,0.53,-2.46,-1.2,15.66,2.71,0.42,0.4524,5.75,2.62,0.7386999999999999,1.29,0.94,0.2192,49.2,19.48,-1.29,4.35,0.8099999999999999,0.64,11.47,1.42,7.16,0.91,0.4,9.79,0.73,9.86,3.52,0.5678000000000001,15.5,-0.11,0.0552,1.08,0.5415000000000001,0.0,0.0,0.0,0.25,1.3,1.0,0.3,0.0,0.0,10.3,0.3,-8.3,-3.7,12.5,0.3,0.0,0.25,1.3,0.3,0.5,1.3,0.7,1.0,3.0,3.0,-4.6,0.0,0.0,0.0,5.5,0.0,1.7,0.0,0.0,14.8,0.3,6.4,0.3,0.434,33.9,0.0,-0.228,0.0,0.375,0.6162601624999999,0.0,19.47982958346561,1.3872377744531157,0.0,0.11,-5.840000000000001,0.009303133295293855
kenrich williams,OKC,PF,2023,4,1,28.0,0,0.0454,0.5784,4.1,2.33,0.377,2.3600000000000003,0.3651,0.8500000000000001,13.72,2.12,1.04,0.27,0.02,0.6300000000000001,14.48,3.03,1.19,0.5034000000000001,6.44,3.26,0.4957,0.88,0.43,0.1393,54.4,22.29,-0.58,7.6,1.61,1.56,13.990000000000002,2.0,7.82,1.86,0.8300000000000001,10.58,0.81,10.95,4.62,0.5719,14.59,0.63,0.11,2.75,0.5717,0.5784,4.1,2.33,0.377,2.3600000000000003,0.3651,0.8500000000000001,13.72,2.12,1.04,0.27,0.02,0.6300000000000001,14.48,3.03,1.19,0.5034000000000001,6.44,3.26,0.4957,0.88,0.43,0.1393,54.4,22.29,-0.58,7.6,1.61,1.56,13.990000000000002,2.0,7.82,1.86,0.8300000000000001,10.58,0.81,10.95,4.62,0.5719,14.59,0.63,0.11,2.75,0.5717,0.6857723577,0.0,22.26379881231841,1.2979879907808014,0.0,0.0,0.0,0.5
steven adams,MEM,C,2023,2,1,29.0,1,0.0926,0.5879,5.66,3.35,0.0,0.02,0.0049,0.0,12.25,2.55,3.1,0.93,0.8400000000000001,0.77,23.33,5.91,2.29,0.5853999999999999,5.74,3.35,0.4337,2.79,1.17,0.488,55.400000000000006,26.93,0.0699999999999999,18.3,4.67,2.25,17.05,2.13,7.89,1.55,0.9000000000000001,19.28,1.66,20.8,10.53,0.5691999999999999,13.239999999999998,1.09,0.1447,4.54,0.5853999999999999,0.429,3.0,1.3,0.0,0.0,0.0,0.0,17.6,2.1,0.9,0.1,-1.1,0.5,29.4,4.3,0.2,0.429,3.0,1.3,0.545,1.6,0.9,0.524,7.0,16.3,-1.6,13.1,2.1,0.2,12.8,1.7,3.4,0.4,0.1,13.4,0.6,20.8,6.4,0.464,10.7,0.0,0.128,0.3,0.429,0.6952574525999999,0.0,26.91343875906793,1.3181577857749385,0.0,-1.09,-1.9400000000000002,0.07104510398985818
terance mann,LAC,SG,2023,2,1,26.0,1,0.0778,0.5677000000000001,4.58,2.58,0.3876,2.26,0.3313,0.89,13.19,2.25,0.92,0.28,-0.32,0.1699999999999999,13.41,3.01,1.73,0.5065,6.84,3.47,0.79,1.63,1.27,0.2377,78.2,23.91,-0.49,4.84,1.05,2.81,13.48,1.94,9.04,1.13,0.54,10.93,0.92,9.22,3.98,0.6016999999999999,15.47,0.76,0.1176,4.54,0.5708,0.672,3.0,2.0,0.462,3.257142857142857,0.5131428571428571,1.5142857142857145,9.928571428571429,1.7714285714285716,0.8,0.2285714285714286,1.0142857142857142,0.5,9.028571428571428,1.8000000000000005,0.0571428571428571,0.5597142857142857,6.285714285714287,3.5142857142857142,0.6804285714285715,1.7142857142857144,1.1714285714285717,0.2718571428571429,9.000000000000002,24.685714285714287,0.5142857142857143,5.585714285714286,1.2571428571428571,0.3714285714285715,13.45714285714286,3.057142857142857,9.742857142857144,1.4714285714285715,0.7142857142857144,14.942857142857145,1.342857142857143,7.2857142857142865,3.057142857142858,0.6890000000000001,14.585714285714287,0.1285714285714286,0.088,0.4285714285714286,0.6788571428571428,0.9763550136,0.0,23.908548249474848,1.6342284662973596,0.0,-0.6314285714285715,1.3342857142857143,0.1062038712786135
larry nance,NOP,C,2023,2,1,30.0,1,0.0762999999999999,0.6169,4.04,2.49,0.3372,1.41,0.2377,0.49,12.15,2.06,2.15,0.52,1.05,1.4500000000000002,19.74,4.08,1.55,0.5558000000000001,5.53,3.03,0.6809999999999999,1.2399999999999998,0.8500000000000001,0.2348,53.3,23.62,-0.3999999999999999,7.65,1.58,1.95,14.96,1.96,7.36,2.16,1.06,12.26,0.8600000000000001,13.6,5.66,0.6129,12.57,0.99,0.1327,3.5,0.5964,0.667,5.0,3.3,0.222,1.5,0.231,0.3,13.2,1.8,1.3,0.3,3.2,0.3,15.5,2.7,0.0,0.564,6.5,3.7,0.818,1.8,1.5,0.282,6.0,21.7,2.9,16.2,3.2,0.4,20.7,2.5,9.2,1.2,0.5,12.0,1.0,15.9,5.8,0.627,16.5,0.2,0.162,0.4,0.59,0.6618563687,0.0,23.64181015572384,1.4311552464518216,0.0,-0.79,2.1500000000000004,0.09372664932267738
al horford,BOS,C,2023,2,1,36.0,1,0.0735,0.5461,4.0,2.19,0.3974,4.82,0.5632,1.94,15.54,3.2,3.19,1.07,3.62,2.0,19.79,5.47,2.67,0.4681,8.84,4.13,0.7732,0.7300000000000001,0.58,0.0843,57.8,29.56,1.62,4.66,1.2799999999999998,3.0700000000000003,15.39,1.86,10.8,1.06,0.64,7.84,0.77,12.34,6.75,0.5952999999999999,14.71,2.43,0.153,5.75,0.5829,0.5911249999999999,2.725,1.6124999999999998,0.3662499999999999,4.55,0.6355,1.625,13.287499999999998,3.1125,4.375,1.5499999999999998,4.0,3.425,21.7125,6.487499999999999,1.125,0.4373749999999999,7.274999999999999,3.275,0.7605,0.725,0.575,0.088875,21.125,32.5875,0.575,5.4375,1.5,1.0124999999999995,14.225,2.55,8.6875,1.575,0.9875,9.325,0.8624999999999999,13.8625,7.9875,0.55925,11.537499999999998,1.0749999999999995,0.1438749999999999,2.1375,0.549375,0.7143631438,0.0,29.54945773091788,1.5265000202175407,0.0,-1.3550000000000006,0.3799999999999999,0.2871994103619444
dean wade,CLE,PF,2023,3,1,26.0,1,0.042,0.5862,1.32,0.75,0.3579,2.97,0.6922,1.04,6.67,0.94,1.58,0.3399999999999999,-0.79,1.42,15.89,2.75,1.21,0.429,4.27,1.84,0.6799,0.55,0.37,0.1314,49.9,19.75,-2.24,3.0600000000000005,0.55,0.75,9.54,1.75,5.140000000000001,1.53,0.6,7.78,0.39,9.48,3.25,0.5648,11.01,0.31,0.0978,1.99,0.5534,0.0,0.0,0.0,0.0,0.5,1.0,0.0,0.0,0.0,0.0,0.0,-1.6,1.6,30.4,1.5,0.0,0.0,0.5,0.0,1.0,1.0,1.0,2.0,2.0,5.5,-3.2,0.0,0.0,0.0,7.8,0.0,1.0,0.0,0.0,0.0,0.0,15.8,1.5,0.532,8.0,0.0,0.129,0.0,0.0,0.629878049,0.0,19.74509977079513,1.3606472443491973,0.0,-0.31,-0.81,0.011038358295075388
nick richards,CHO,C,2023,3,1,25.0,0,0.0368,0.6141000000000001,3.02,1.9,0.5,0.02,0.0237,0.0,4.5600000000000005,0.41,4.17,0.67,-3.09,-0.5800000000000001,19.0,2.43,0.84,0.6033999999999999,3.04,1.9,0.7111000000000001,1.79,1.31,0.6803,51.1,12.24,-2.46,10.57,1.4,1.53,15.02,1.58,5.16,0.56,0.16,15.490000000000002,0.64,14.72,3.83,0.6531,14.72,0.05,0.1252,2.4,0.6044,0.6141000000000001,3.02,1.9,0.5,0.02,0.0237,0.0,4.5600000000000005,0.41,4.17,0.67,-3.09,-0.5800000000000001,19.0,2.43,0.84,0.6033999999999999,3.04,1.9,0.7111000000000001,1.79,1.31,0.6803,51.1,12.24,-2.46,10.57,1.4,1.53,15.02,1.58,5.16,0.56,0.16,15.490000000000002,0.64,14.72,3.83,0.6531,14.72,0.05,0.1252,2.4,0.6044,0.6292682929,0.0,12.26535002825299,1.140560519186446,0.0,0.0,0.0,0.5
jaylen brown,BOS,SF,2024,5,1,27.0,1,0.35,0.5666,12.35,7.0,0.3490999999999999,6.54,0.3448,2.27,16.830000000000002,3.55,1.11,0.43,1.16,-0.09,15.14,4.92,3.3000000000000003,0.4914,18.81,9.27,0.7325999999999999,4.64,3.41,0.2464,68.3,34.24,1.28,3.6,1.12,2.29,18.81,2.58,24.200000000000003,1.67,1.15,11.09,2.6100000000000003,9.53,6.04,0.5791,29.97,1.84,0.1153,5.61,0.5517000000000001,0.5777,11.989999999999998,6.92,0.3443,5.949999999999999,0.3318,2.05,15.61,3.37,1.27,0.5,1.15,0.38,14.51,4.82,0.99,0.5008,17.89,8.969999999999999,0.6893,4.91,3.42,0.2754999999999999,20.3,37.54,0.74,3.86,1.27,0.6900000000000001,17.64,2.88,23.38,1.5699999999999998,1.15,12.79,2.96,9.29,6.01,0.5827,28.05,0.63,0.1048,1.6800000000000002,0.5582,0.8329268296000001,0.0,34.22923512834852,1.4486603465641334,0.0,-1.21,-0.010000000000000009,0.245774601100284
tyrese haliburton,IND,PG,2024,5,1,23.0,1,0.3,0.5725,7.4,4.25,0.3848,7.08,0.484,2.69,43.55,10.21,1.5,0.59,6.130000000000001,-0.16,11.09,3.27,1.47,0.4800999999999999,14.46,6.94,0.8572,3.23,2.75,0.222,66.7,33.18,6.29,1.97,0.5900000000000001,6.76,22.37,1.23,19.32,2.07,1.42,13.4,2.42,6.51,3.86,0.6087,23.24,4.44,0.181,8.18,0.5731999999999999,0.693,5.0,3.5,0.379,9.3,0.651,3.5,32.7,8.2,1.8,0.7,6.2,-0.3,13.2,4.0,0.3,0.488,14.3,7.0,0.85,1.3,1.1,0.093,15.0,34.8,6.4,2.8,0.8,1.6,22.0,0.9,18.7,1.9,1.3,12.2,2.1,8.1,4.8,0.626,22.1,1.1,0.169,1.8,0.612,0.8134146342,0.0,33.19705548948099,1.2588686820417436,0.0,-3.3400000000000003,0.0699999999999994,0.19085183535848335
anthony edwards,MIN,SG,2024,5,1,22.0,1,0.3,0.5152000000000001,11.94,6.16,0.3606,7.220000000000001,0.3798,2.6100000000000003,21.57,4.63,1.5500000000000005,0.58,2.19,0.1699999999999999,14.67,4.74,3.91,0.4564,19.16,8.739999999999998,0.802,5.57,4.5200000000000005,0.2897,77.6,35.209999999999994,1.97,2.19,0.71,1.87,18.37,2.08,24.59,1.93,1.4300000000000002,12.29,3.06,8.6,5.4,0.5687,30.4,2.88,0.101,5.75,0.5248,0.5337,12.57,6.75,0.3855,8.08,0.3942,3.11,25.03,5.41,2.49,1.14,7.17,2.05,14.47,4.970000000000001,0.5,0.4760999999999999,20.65,9.86,0.8255999999999999,6.68,5.52,0.3219,10.7,39.8,5.13,2.58,0.87,0.99,23.06,2.67,28.32,1.92,1.53,10.05,2.63,8.51,5.84,0.6004,29.72,0.94,0.1634,1.4899999999999998,0.5522,0.9463414632,0.0,35.17438865144163,1.7403625984223023,0.0,-1.94,4.98,0.13484451053082877
karlanthony towns,MIN,PF,2024,4,1,28.0,1,0.35,0.5638,10.08,5.63,0.3998,5.34,0.3470999999999999,2.13,17.75,3.66,1.99,0.75,3.15,0.8200000000000001,22.5,6.79,2.7700000000000005,0.5063,15.37,7.779999999999999,0.8631,5.02,4.319999999999999,0.325,54.5,32.95,2.33,6.1,1.78,3.17,19.86,3.51,22.06,1.08,0.76,14.29,2.97,14.48,8.54,0.6259,26.94,2.39,0.1537,6.02,0.5751999999999999,0.5309999999999999,9.35,4.970000000000001,0.3465,4.78,0.3369,1.65,11.54,2.34,1.77,0.74,0.3400000000000001,0.13,26.46,7.9,0.39,0.4677,14.11,6.619999999999999,0.8245,5.49,4.550000000000001,0.3934999999999999,10.7,34.5,0.2100000000000002,6.3,1.82,0.53,16.72,3.8,19.37,1.03,0.72,14.2,2.83,16.36,9.72,0.5848,25.32,0.29,0.0911,0.92,0.525,0.6646341464000001,0.0,32.92614227860686,1.7403625984223023,0.0,-2.1,-2.8099999999999996,0.1705139900920355
devin booker,PHO,PG,2024,4,1,27.0,1,0.35,0.5438000000000001,13.54,7.34,0.3639,6.25,0.316,2.27,28.27,6.0600000000000005,0.97,0.37,3.58,-0.55,11.79,3.84,2.23,0.4874,19.81,9.61,0.8731,6.45,5.66,0.3268,63.5,35.28,4.13,2.58,0.81,5.720000000000001,21.81,2.92,27.25,1.34,0.97,10.34,2.59,7.27,4.6,0.601,30.84,3.14,0.1688,7.92,0.5448000000000001,0.5541,12.77,7.17,0.4135999999999999,5.45,0.3041,2.3,25.82,6.04,1.0,0.47,5.84,0.1899999999999999,9.91,3.37,0.0099999999999999,0.5117,18.22,9.42,0.9127,8.04,7.43,0.4595,7.3,40.58,5.62,1.94,0.68,1.03,23.28,3.77,28.520000000000003,1.84,1.51,11.81,2.91,5.97,4.05,0.6542000000000001,27.78,0.68,0.1576999999999999,1.06,0.5739000000000001,0.774390244,0.0,35.275117369173145,1.6796266899963976,0.0,-2.46,2.26,0.1167878434733654
lamelo ball,CHO,PG,2024,5,1,22.0,0,0.25,0.4774,9.81,4.65,0.3681,9.18,0.4825,3.38,40.3,8.04,0.73,0.27,3.05,-0.47,15.19,4.529999999999999,1.11,0.4256,18.94,8.05,0.8576999999999999,4.01,3.45,0.2125,36.8,33.17,3.52,4.19,1.29,1.16,19.71,3.43,22.96,2.39,1.61,14.85,3.64,9.56,5.81,0.5536000000000001,31.79,1.58,0.0806,2.25,0.5139,0.4774,9.81,4.65,0.3681,9.18,0.4825,3.38,40.3,8.04,0.73,0.27,3.05,-0.47,15.19,4.529999999999999,1.11,0.4256,18.94,8.05,0.8576999999999999,4.01,3.45,0.2125,36.8,33.17,3.52,4.19,1.29,1.16,19.71,3.43,22.96,2.39,1.61,14.85,3.64,9.56,5.81,0.5536000000000001,31.79,1.58,0.0806,2.25,0.5139,0.4487804877,0.0,33.19051489987879,1.23086498408334,0.0,0.0,0.0,0.5
desmond bane,MEM,SG,2024,5,1,25.0,1,0.2419,0.525,9.23,4.859999999999999,0.4001,7.78,0.4569,3.12,23.54,4.61,1.25,0.45,2.99,-0.06,12.91,3.8,1.88,0.4679,17.009999999999998,7.979999999999999,0.8805000000000001,3.35,2.94,0.1971,53.6,32.67,3.04,2.47,0.78,2.85,18.5,2.75,21.94,1.55,1.04,10.86,2.31,7.56,4.58,0.5947,26.7,2.14,0.1268999999999999,4.73,0.5594,0.486,8.96,4.42,0.3876,7.9,0.4798,3.0600000000000005,12.36,2.8,0.8400000000000001,0.32,1.88,0.12,12.38,4.2,0.32,0.4444,16.9,7.439999999999999,0.9014,4.04,3.7,0.238,8.4,37.38,1.82,2.22,0.88,0.42,14.38,2.68,21.62,0.84,0.66,10.38,2.2,6.94,5.119999999999999,0.5868,23.12,0.36,0.0935999999999999,0.7,0.5398,0.6536585365,0.0,32.66527448801314,1.2337428264753236,0.0,-1.7800000000000002,-1.1100000000000003,0.15204657973642005
domantas sabonis,SAC,C,2024,4,1,27.0,1,0.2788,0.6228,11.34,7.02,0.3638,1.28,0.0993,0.44,30.79,7.33,1.33,0.53,5.8100000000000005,1.92,30.95,9.56,3.26,0.5961,12.57,7.46,0.7228,5.279999999999999,3.83,0.4204,77.1,35.13,3.87,10.74,3.4000000000000004,8.24,23.03,3.21,19.21,1.19,0.89,17.52,3.14,20.69,12.96,0.6463,21.95,5.36,0.2011,11.5,0.6136999999999999,0.511,13.4,6.9,0.2,0.7,0.051,0.1,20.8,4.7,2.3,0.9,0.7,0.7,19.9,6.6,0.3,0.495,14.1,7.0,0.571,4.0,2.3,0.283,7.0,34.7,0.1,12.6,4.4,0.0,15.9,4.0,16.4,1.9,1.4,18.9,3.7,16.2,11.0,0.517,22.4,0.2,0.064,0.3,0.5,0.9402439024,0.0,35.131769896742824,1.2598847383859846,0.0,-5.16,-5.11,0.08229928410803873
kawhi leonard,LAC,SF,2024,3,1,32.0,1,0.35,0.5622499999999999,12.025,6.7875,0.4166249999999999,4.8625,0.2882499999999999,2.0625,17.9125,3.7125,1.9625,0.75,5.725,0.7124999999999999,16.424999999999997,5.0875,2.6375,0.520125,16.987499999999997,8.85,0.8797499999999999,4.65,4.074999999999999,0.27375,62.0,34.037499999999994,4.9125,4.0125,1.1625,5.5875,23.4625,1.475,23.7375,2.25,1.525,8.35,1.7624999999999995,10.3625,6.25,0.624875,26.6875,4.0625,0.1877499999999999,8.225,0.5801249999999999,0.5602499999999999,12.3125,6.8125,0.2249999999999999,3.4375,0.215125,1.1249999999999998,17.862499999999997,3.5,1.4375,0.5,6.8,3.325,21.25,5.9375,0.0625,0.490625,15.749999999999998,7.937499999999999,0.747625,4.125,3.4375,0.222875,2.0,33.4375,3.412499999999999,5.225,1.5,0.0875,20.15,1.875,20.4375,3.15,2.0,12.4,2.375,13.15,7.4375,0.5475,25.5125,0.175,0.092,0.15,0.5165,0.7560975609999999,0.0,34.01788814804864,1.2841416987082876,0.0,-3.8875,1.0750000000000002,0.03071605732133015
devin vassell,SAS,SG,2024,5,1,23.0,0,0.2087999999999999,0.5144,8.19,4.25,0.3742999999999999,6.48,0.4445,2.39,16.68,3.51,1.12,0.39,0.0199999999999999,-0.72,12.56,3.55,1.35,0.4530999999999999,14.62,6.64,0.8021,2.56,2.07,0.1714,59.6,31.31,0.74,1.34,0.38,1.47,15.16,1.4,17.759999999999998,1.64,1.1,8.1,1.41,6.88,3.93,0.562,22.85,0.9,0.0702,2.8200000000000003,0.5357000000000001,0.5144,8.19,4.25,0.3742999999999999,6.48,0.4445,2.39,16.68,3.51,1.12,0.39,0.0199999999999999,-0.72,12.56,3.55,1.35,0.4530999999999999,14.62,6.64,0.8021,2.56,2.07,0.1714,59.6,31.31,0.74,1.34,0.38,1.47,15.16,1.4,17.759999999999998,1.64,1.1,8.1,1.41,6.88,3.93,0.562,22.85,0.9,0.0702,2.8200000000000003,0.5357000000000001,0.7268292685,0.0,31.284161706055684,1.1969429720410818,0.0,0.0,0.0,0.5
jrue holiday,BOS,PG,2024,4,1,33.0,1,0.2134,0.535,7.26,3.94,0.4119,5.140000000000001,0.4213,2.12,26.33,5.98,1.58,0.6000000000000001,2.62,0.64,12.38,3.97,2.82,0.4839,12.43,6.01,0.8264,1.82,1.5399999999999998,0.1417,68.0,32.78,1.98,3.95,1.16,3.72,16.92,1.71,15.7,1.64,1.13,14.91,2.31,8.32,5.13,0.5929,20.35,2.62,0.1409,6.539999999999999,0.5712999999999999,0.5281,7.979999999999999,4.029999999999999,0.35,6.14,0.4409,2.04,22.75,5.9,1.32,0.54,1.3,0.5800000000000001,14.13,4.76,0.73,0.4473,14.12,6.07,0.8529,1.9,1.5300000000000002,0.1293,13.4,38.13,0.67,4.3,1.39,0.7,14.57,2.23,15.76,1.55,1.21,12.16,2.03,9.14,6.15,0.548,19.56,0.53,0.1071,1.43,0.5242,0.8292682929999999,0.0,32.76250792894225,1.4486603465641334,0.0,-2.09,-1.32,0.18647640750924643
jaden mcdaniels,MIN,SF,2024,5,1,23.0,1,0.1607,0.5882,5.17,3.04,0.3513,3.49,0.4068,1.24,7.140000000000001,1.49,2.29,0.76,-2.24,0.48,9.93,2.58,2.6100000000000003,0.4916,8.66,4.279999999999999,0.7424,1.29,0.95,0.1489,73.7,28.94,-2.74,3.77,0.98,0.89,10.36,3.16,10.72,1.48,0.8600000000000001,11.86,1.24,6.87,3.56,0.5793999999999999,15.65,-0.08,0.0776,3.5,0.5622,0.571,4.442857142857143,2.5142857142857142,0.4492857142857143,3.442857142857143,0.4537142857142857,1.5571428571428572,5.0,0.9857142857142858,4.342857142857143,1.3000000000000005,2.3142857142857145,2.085714285714286,7.985714285714286,2.071428571428572,0.3857142857142857,0.5182857142857143,7.9142857142857155,4.071428571428571,0.7887142857142857,2.1428571428571432,1.7,0.2794285714285714,13.142857142857142,30.200000000000003,0.2285714285714286,5.714285714285714,1.5142857142857145,0.6285714285714287,13.72857142857143,3.2857142857142856,11.371428571428572,1.2,0.7285714285714286,10.871428571428574,1.0714285714285716,6.871428571428572,3.5142857142857142,0.6515714285714286,14.685714285714289,0.4142857142857143,0.1235714285714285,1.1142857142857143,0.6217142857142857,0.8987804876000001,0.0,28.948217866235176,1.7403625984223023,0.0,0.49428571428571433,4.554285714285715,0.15689599812429547
dejounte murray,ATL,SG,2024,4,1,27.0,1,0.205,0.514,12.41,6.35,0.3500999999999999,5.97,0.3248,2.12,29.27,6.87,0.74,0.3,2.23,0.04,15.66,5.02,2.17,0.4611,18.4,8.469999999999999,0.8054,3.2,2.56,0.1725,74.8,35.730000000000004,2.22,2.48,0.85,3.15,18.41,1.7200000000000002,21.62,2.11,1.5499999999999998,11.07,2.4800000000000004,8.92,5.9,0.5461,26.08,2.8100000000000005,0.097,5.32,0.5182,0.485,13.2,6.4,0.378,7.4,0.359,2.8,26.5,6.8,0.5,0.2,5.1,1.3,16.9,5.4,0.1,0.447,20.6,9.2,1.0,1.8,1.8,0.087,5.0,38.0,3.9,4.7,1.8,0.3,20.5,1.4,23.0,2.5,2.0,8.5,2.0,10.2,7.2,0.538,25.3,0.3,0.1,0.4,0.515,0.9121951218,0.0,35.71973591122661,1.282292469545144,0.0,-2.5100000000000007,2.8699999999999997,0.06637313439092518
josh hart,NYK,SF,2024,4,1,28.0,1,0.1291,0.556,5.33,2.99,0.3352,3.04,0.3593,1.02,16.759999999999998,4.01,0.78,0.28,0.45,1.13,21.84,6.37,2.76,0.4765,8.34,3.94,0.7721,2.17,1.66,0.2601,74.1,33.03,-0.61,5.34,1.59,2.7,13.35,2.39,10.62,1.58,1.03,14.81,1.62,13.51,7.930000000000001,0.5696,14.25,1.5,0.1088,5.529999999999999,0.5367,0.5143749999999999,6.475,3.325,0.3505,3.9,0.373125,1.4,13.7625,3.6375,1.4,0.6124999999999999,0.225,1.3125,23.3625,7.574999999999999,0.35,0.454625,10.375,4.725,0.694125,3.0625,2.175,0.28775,12.25,38.4125,-1.0875,6.925,2.35,0.35,12.8625,3.3125,12.9625,1.2374999999999998,0.925,16.674999999999997,2.3375,14.912499999999998,9.9625,0.55125,16.2,0.2875,0.076125,0.725,0.520125,0.9036585364,0.0,33.028704166016894,1.3885918424360943,0.0,-1.2125,-0.225,0.1612545748785084
grayson allen,PHO,SG,2024,4,1,28.0,1,0.1110999999999999,0.5469999999999999,2.95,1.62,0.432,5.66,0.6598999999999999,2.43,10.84,2.49,1.1800000000000002,0.42,0.76,0.2199999999999999,10.18,2.95,2.04,0.4711,8.58,4.05,0.8835,1.76,1.5299999999999998,0.2017999999999999,72.3,30.43,0.49,2.55,0.6399999999999999,3.75,13.13,1.83,12.09,1.34,0.8600000000000001,10.14,1.09,6.49,3.62,0.6449,14.67,1.52,0.1249,5.82,0.6134,0.2309,1.2799999999999998,0.6000000000000001,0.3241,3.79,0.8291,1.41,7.03,1.3,0.26,0.06,-3.04,-0.6599999999999999,13.15,2.66,0.1,0.3291,5.069999999999999,2.01,0.8843,1.6,1.48,0.4781,4.9,24.77,-2.41,3.35,0.64,0.1,7.609999999999999,1.78,6.890000000000001,1.04,0.51,19.72,1.15,8.18,3.3,0.5716,12.1,0.04,0.0139,0.1499999999999999,0.4536,0.8817073168,0.0,30.44152399128788,1.6796266899963976,0.0,-1.48,-3.8,0.052283000970939866
cj mccollum,NOP,PG,2024,2,1,32.0,1,0.2371,0.4885,9.2,4.49,0.4088,7.880000000000001,0.4658,3.22,23.45,5.029999999999999,1.5699999999999998,0.53,2.17,-0.62,12.11,3.63,2.24,0.4526,17.13,7.709999999999999,0.7806,2.55,1.95,0.1483,67.9,33.86,2.74,2.24,0.69,2.72,17.29,1.95,20.69,1.41,0.94,9.72,1.97,7.180000000000001,4.33,0.5689,25.77,2.39,0.1056,4.96,0.5483,0.5041428571428572,11.585714285714287,5.8,0.2672857142857143,7.642857142857143,0.3965714285714286,2.085714285714286,24.642857142857142,4.8,1.942857142857143,0.8000000000000002,0.3142857142857143,0.4999999999999999,14.128571428571428,4.442857142857143,0.1428571428571428,0.4112857142857142,19.15714285714286,7.914285714285715,0.912,1.585714285714286,1.2142857142857144,0.0787142857142857,4.571428571428571,37.57142857142858,-0.257142857142857,2.4857142857142858,0.8714285714285714,-0.2285714285714286,11.5,3.2142857142857144,19.057142857142857,1.9714285714285715,1.4857142857142858,15.400000000000002,3.571428571428572,7.885714285714286,5.342857142857143,0.4777142857142857,27.185714285714287,0.1285714285714286,-0.0287142857142857,-0.0857142857142857,0.4642857142857143,0.8280487805000001,0.0,33.86883674280156,1.3451328912447342,0.0,-2.2614285714285716,-1.8557142857142856,0.0695125824960148
onyeka okongwu,ATL,C,2024,4,1,23.0,1,0.0996,0.6700999999999999,5.470000000000001,3.63,0.2589,0.71,0.1023,0.23,6.859999999999999,1.17,4.449999999999999,1.2000000000000002,0.2,0.15,19.43,4.15,1.44,0.6349,6.1,3.91,0.7762,2.26,1.7599999999999998,0.3746,61.1,23.82,0.0,11.77,2.59,3.78,18.23,3.0,9.71,1.17,0.58,11.32,0.88,15.52,6.74,0.6832,14.18,0.78,0.1724,5.22,0.6516,0.575,3.68,2.1,0.6,0.12,0.024,0.12,5.18,0.88,4.94,1.1,-1.74,0.3399999999999999,17.66,3.2,0.04,0.5851999999999999,3.8,2.22,0.6200000000000001,1.82,1.12,0.49,5.6,21.72,-2.08,13.48,2.8,0.2,13.48,3.32,5.68,1.18,0.5,18.08,1.04,15.46,5.94,0.622,11.0,0.0,0.1008,0.24,0.5972,0.7451219511,0.0,23.83601180844697,1.282292469545144,0.0,-0.78,-1.94,0.07712706257442768
isaiah stewart,DET,PF,2024,4,1,22.0,0,0.1067,0.5559,4.92,2.74,0.3548,3.25,0.3873,1.1800000000000002,7.12,1.46,2.56,0.8300000000000001,-2.44,-0.8400000000000001,21.09,5.34,1.0300000000000002,0.4780999999999999,8.170000000000002,3.87,0.7415,2.1,1.56,0.2549,52.2,29.06,-1.6,8.02,2.13,1.1,12.38,2.51,10.5,0.6299999999999999,0.38,13.08,1.36,14.37,7.47,0.5780000000000001,15.36,-0.1699999999999999,0.0666,2.13,0.5481,0.5559,4.92,2.74,0.3548,3.25,0.3873,1.1800000000000002,7.12,1.46,2.56,0.8300000000000001,-2.44,-0.8400000000000001,21.09,5.34,1.0300000000000002,0.4780999999999999,8.170000000000002,3.87,0.7415,2.1,1.56,0.2549,52.2,29.06,-1.6,8.02,2.13,1.1,12.38,2.51,10.5,0.6299999999999999,0.38,13.08,1.36,14.37,7.47,0.5780000000000001,15.36,-0.1699999999999999,0.0666,2.13,0.5481,0.6365853662000001,0.0,29.064236814319656,1.0425465185522824,0.0,0.0,0.0,0.5
deni avdija,WAS,SF,2024,4,1,23.0,0,0.1110999999999999,0.544,5.96,3.22,0.3395,3.12,0.3561999999999999,1.07,15.43,3.14,1.39,0.47,-1.48,0.13,21.72,5.57,1.8,0.4705,9.05,4.29,0.7431,2.8,2.09,0.3025,76.7,27.87,-1.61,3.81,0.97,0.97,13.13,2.55,11.79,1.38,0.81,14.57,1.75,12.8,6.5600000000000005,0.5662,18.37,0.29,0.0618,2.77,0.5297000000000001,0.544,5.96,3.22,0.3395,3.12,0.3561999999999999,1.07,15.43,3.14,1.39,0.47,-1.48,0.13,21.72,5.57,1.8,0.4705,9.05,4.29,0.7431,2.8,2.09,0.3025,76.7,27.87,-1.61,3.81,0.97,0.97,13.13,2.55,11.79,1.38,0.81,14.57,1.75,12.8,6.5600000000000005,0.5662,18.37,0.29,0.0618,2.77,0.5297000000000001,0.9353658534,0.0,27.858623504510057,1.5562153638041183,0.0,0.0,0.0,0.5
jarred vanderbilt,LAL,PF,2024,4,1,24.0,1,0.0762,0.5952,3.82,2.3,0.2732,0.8500000000000001,0.1863,0.27,9.12,1.58,1.1,0.31,-0.43,1.33,20.59,4.34,1.73,0.5408000000000001,4.67,2.54,0.672,1.5,1.0,0.3229999999999999,52.7,22.31,-1.79,9.55,1.94,1.58,13.39,1.95,6.35,2.58,1.19,16.58,1.06,15.17,6.33,0.5926,12.11,0.6699999999999999,0.1147,3.3100000000000005,0.5685,0.5212000000000001,3.06,1.54,0.1445999999999999,1.14,0.2898,0.3,5.78,0.76,3.16,0.6,-0.92,1.62,17.240000000000002,3.22,0.32,0.4324,4.2,1.84,0.7,1.46,1.02,0.3478,11.4,18.5,-2.58,9.58,1.58,-0.0199999999999999,10.98,2.34,4.96,2.3200000000000003,0.8999999999999999,15.02,0.8600000000000001,13.580000000000002,4.800000000000001,0.5105999999999999,13.54,0.0,0.0758,0.3,0.4672,0.6426829269000001,0.0,22.33357496034124,1.476139603443586,0.0,-0.6699999999999999,-0.49000000000000005,0.15209460010081946
josh green,DAL,SG,2024,3,1,23.0,1,0.09,0.5934999999999999,3.27,1.94,0.3849,2.73,0.4436,1.06,10.66,1.9,0.58,0.17,-2.27,-0.05,10.45,2.2,1.15,0.5022,5.98,2.95,0.6967000000000001,1.12,0.78,0.185,59.9,24.01,-2.25,3.8,0.78,1.21,10.69,2.0700000000000003,7.789999999999999,1.61,0.75,13.66,1.05,7.140000000000001,2.98,0.6031,13.71,-0.15,0.0823,2.3600000000000003,0.5879,0.5,0.9714285714285714,0.4857142857142857,0.3434285714285714,2.3285714285714287,0.7202857142857143,0.8,8.114285714285714,0.8285714285714286,0.5,0.0714285714285714,0.2857142857142853,1.5857142857142856,10.257142857142858,1.342857142857143,0.3142857142857143,0.3845714285714286,3.3,1.2857142857142858,0.5978571428571429,0.7857142857142858,0.4571428571428571,0.2417142857142857,20.28571428571429,15.1,-1.3000000000000005,4.642857142857142,0.7428571428571429,0.3999999999999999,9.714285714285714,1.2142857142857144,3.971428571428572,2.171428571428572,0.6571428571428573,5.0,0.2142857142857142,7.371428571428572,2.0142857142857142,0.5214285714285715,11.657142857142858,0.2571428571428572,0.0868571428571428,0.7571428571428572,0.5064285714285715,0.7304878048,0.0,23.99681143068866,1.375871902132759,0.0,0.40714285714285714,2.555714285714285,0.1755872472985302
cole anthony,ORL,PG,2024,3,1,23.0,1,0.0917999999999999,0.4814,6.609999999999999,3.22,0.3458,3.92,0.3671999999999999,1.34,22.55,3.76,1.68,0.4599999999999999,0.2,0.38,16.57,3.68,2.2,0.4318999999999999,10.56,4.529999999999999,0.852,2.97,2.51,0.2821,71.5,25.31,-0.21,3.39,0.74,1.06,14.8,2.4000000000000004,12.96,1.4300000000000002,0.72,12.75,1.77,9.98,4.42,0.5473,23.32,0.97,0.0904,3.2300000000000004,0.4956,0.393,4.0,1.6,0.154,1.9,0.317,0.3,14.4,1.3,0.9,0.1,-4.8,1.2,14.7,1.9,0.2,0.317,5.9,1.9,0.889,1.3,1.1,0.22,7.0,14.7,-6.0,2.1,0.3,-0.2,5.9,2.3,5.1,2.0,0.6,10.0,0.7,8.1,2.1,0.4,21.3,-0.1,0.021,0.0,0.341,0.8719512195000001,0.0,25.313383508471038,1.1245266392689364,0.0,-1.07,-5.0,0.053802093000760755
zach collins,SAS,C,2024,2,1,26.0,0,0.1191,0.5561,5.89,3.27,0.3404,2.29,0.2804,0.77,18.11,2.71,3.0,0.8,-1.1,0.24,20.25,3.96,1.19,0.4954,8.16,4.04,0.7648,2.3,1.79,0.293,59.0,21.5,-1.39,8.600000000000001,1.71,0.6799999999999999,15.35,2.94,10.64,1.15,0.53,17.21,1.87,14.31,5.720000000000001,0.581,21.55,0.22,0.0742999999999999,1.8,0.5428999999999999,0.5561,5.89,3.27,0.3404,2.29,0.2804,0.77,18.11,2.71,3.0,0.8,-1.1,0.24,20.25,3.96,1.19,0.4954,8.16,4.04,0.7648,2.3,1.79,0.293,59.0,21.5,-1.39,8.600000000000001,1.71,0.6799999999999999,15.35,2.94,10.64,1.15,0.53,17.21,1.87,14.31,5.720000000000001,0.581,21.55,0.22,0.0742999999999999,1.8,0.5428999999999999,0.7195121954,0.0,21.501986541614908,1.1969429720410818,0.0,0.0,0.0,0.5
aaron nesmith,IND,SF,2024,3,1,24.0,1,0.0782,0.5617,3.5,1.93,0.3732999999999999,4.029999999999999,0.549,1.5499999999999998,6.6,1.22,1.64,0.52,-2.01,-0.17,12.65,2.6,1.16,0.4553,7.53,3.53,0.8035,1.62,1.31,0.2088999999999999,68.3,23.52,-1.82,3.52,0.75,1.59,11.01,2.87,9.89,1.51,0.77,10.05,0.87,8.13,3.38,0.5867,16.48,0.22,0.0722,2.7299999999999995,0.5567,0.5921428571428572,2.685714285714286,1.7,0.2245714285714286,3.4857142857142858,0.584857142857143,0.9571428571428572,8.185714285714287,1.6285714285714288,3.071428571428572,0.4428571428571429,-2.771428571428572,0.342857142857143,16.142857142857142,2.9142857142857146,0.1714285714285714,0.3764285714285714,6.242857142857143,2.657142857142857,0.8707142857142858,1.6571428571428573,1.4857142857142858,0.2542857142857143,16.42857142857143,24.5,-3.1428571428571432,5.5,0.8714285714285716,0.2571428571428572,9.4,2.9,7.728571428571429,1.2571428571428571,0.4571428571428571,10.6,1.0285714285714285,10.914285714285716,3.785714285714286,0.4957142857142856,15.314285714285717,-0.1428571428571428,0.0424285714285714,0.4285714285714285,0.4407142857142857,0.8329268288,0.0,23.523666423686336,1.2588686820417436,0.0,-0.36285714285714277,-0.761428571428572,0.20035680934394473
zeke nnaji,DEN,PF,2024,4,1,23.0,1,0.0632,0.5744,2.37,1.37,0.3017,0.96,0.2626,0.32,5.17,0.47,3.98,0.53,-3.4000000000000004,-0.54,12.28,1.41,0.73,0.503,3.3100000000000005,1.69,0.6582,1.23,0.79,0.3726,53.1,12.46,-2.85,11.06,1.19,0.71,12.65,1.68,4.48,1.2000000000000002,0.32,12.25,0.55,11.68,2.6,0.5758,15.24,-0.19,0.1059,1.44,0.5462,0.6335,0.56,0.41,0.2999,0.28,0.425,0.16,0.0,0.0,3.35,0.15,-1.9,-0.0799999999999999,5.609999999999999,0.12,0.0,0.6835,0.84,0.57,0.25,0.35,0.15,0.3335,3.4,3.97,-1.82,7.9,0.35,0.0,10.83,0.35,1.4500000000000002,1.26,0.06,23.0,0.41,6.959999999999999,0.47,0.8095000000000001,16.22,0.0,0.0127,0.0,0.8210000000000001,0.6475609754,0.0,12.489132411008615,1.417330088736298,0.0,0.19,1.5000000000000004,0.019993364181987307
payton pritchard,BOS,PG,2024,4,1,26.0,1,0.0475999999999999,0.5372,2.48,1.33,0.3841,4.01,0.6211,1.54,18.630000000000003,2.49,0.28,0.07,-0.1599999999999999,-0.4399999999999999,10.86,1.87,1.4,0.4434,6.44,2.89,0.8354999999999999,0.5,0.4499999999999999,0.0747,69.6,17.990000000000002,0.36,4.14,0.7,2.43,13.74,1.07,7.72,1.12,0.42,10.3,0.71,7.59,2.52,0.5749,18.26,0.84,0.1231,3.85,0.5624,0.5602,1.82,0.95,0.3781,2.5,0.5631999999999999,0.92,21.18,1.7000000000000002,0.12,0.02,1.05,0.2,9.8,1.08,0.23,0.4574,4.27,1.87,0.8319000000000001,0.51,0.4599999999999999,0.1369,17.3,13.64,0.8199999999999998,3.1100000000000003,0.43,0.31,13.53,0.89,5.12,0.77,0.19,12.36,0.58,6.529999999999999,1.51,0.5838000000000001,18.43,0.09,0.1175,0.6200000000000001,0.5630999999999999,0.848780488,0.0,17.969592799904884,1.4486603465641334,0.0,-0.75,1.21,0.15857523406062593
jordan clarkson,UTA,SG,2024,2,1,31.0,1,0.1002,0.5085,8.719999999999999,4.45,0.312,6.57,0.4302,2.08,21.47,4.32,0.47,0.15,-2.79,-2.56,9.33,2.64,0.6900000000000001,0.4235,15.29,6.48,0.8509,3.49,2.95,0.2256,61.6,30.5,-0.25,3.5,0.97,0.6200000000000001,13.739999999999998,1.73,17.990000000000002,1.04,0.6100000000000001,13.11,2.5700000000000003,6.51,3.6,0.5343,26.75,-0.32,0.0314,1.31,0.491,0.633,8.2,5.2,0.375,4.0,0.329,1.5,9.5,1.3,0.7,0.2,4.3,0.7,9.5,2.3,0.1,0.548,12.2,6.7,0.889,3.0,2.7,0.247,6.0,28.3,3.6,3.4,0.8,0.4,19.8,2.8,17.5,0.9,0.5,11.0,1.7,6.5,3.2,0.649,25.0,0.3,0.133,0.5,0.61,0.751219512,0.0,30.492454870689883,1.1330163871755097,0.0,0.62,7.09,0.08288587327931271
kelly olynyk,TOR,C,2024,2,1,32.0,0,0.0911,0.5942000000000001,4.45,2.65,0.3789,2.6500000000000004,0.3663999999999999,1.02,23.74,3.87,1.67,0.45,1.34,1.02,18.74,4.07,1.43,0.5168,7.1,3.62,0.8273999999999999,2.61,2.16,0.3682999999999999,67.4,23.700000000000003,0.3299999999999999,6.19,1.34,2.63,16.36,2.97,10.47,1.85,0.8800000000000001,19.56,2.0,12.46,5.390000000000001,0.6356,18.39,1.35,0.1191,4.0600000000000005,0.5863,0.5942000000000001,4.45,2.65,0.3789,2.6500000000000004,0.3663999999999999,1.02,23.74,3.87,1.67,0.45,1.34,1.02,18.74,4.07,1.43,0.5168,7.1,3.62,0.8273999999999999,2.61,2.16,0.3682999999999999,67.4,23.700000000000003,0.3299999999999999,6.19,1.34,2.63,16.36,2.97,10.47,1.85,0.8800000000000001,19.56,2.0,12.46,5.390000000000001,0.6356,18.39,1.35,0.1191,4.0600000000000005,0.5863,0.8219512195,0.0,23.65834652961614,1.3122681497709912,0.0,0.0,0.0,0.5
richaun holmes,WAS,C,2024,2,1,30.0,0,0.09,0.5993999999999999,3.69,2.24,0.434,0.13,0.0404,0.03,5.41,0.5800000000000001,2.95,0.52,-2.62,-0.6900000000000001,20.46,2.76,0.52,0.5964,3.82,2.3200000000000003,0.7538,1.15,0.8900000000000001,0.2839,41.6,14.22,-1.88,11.59,1.53,1.06,14.68,1.87,5.51,0.73,0.26,12.87,0.6299999999999999,16.0,4.27,0.6347,14.62,-0.0499999999999999,0.1199,1.5300000000000002,0.6069,0.5993999999999999,3.69,2.24,0.434,0.13,0.0404,0.03,5.41,0.5800000000000001,2.95,0.52,-2.62,-0.6900000000000001,20.46,2.76,0.52,0.5964,3.82,2.3200000000000003,0.7538,1.15,0.8900000000000001,0.2839,41.6,14.22,-1.88,11.59,1.53,1.06,14.68,1.87,5.51,0.73,0.26,12.87,0.6299999999999999,16.0,4.27,0.6347,14.62,-0.0499999999999999,0.1199,1.5300000000000002,0.6069,0.5073170732,0.0,14.18273505142857,1.5562153638041183,0.0,0.0,0.0,0.5
mike conley,MIN,PG,2024,2,1,36.0,1,0.071,0.4790999999999999,3.76,1.7999999999999998,0.4181,5.369999999999999,0.5916,2.26,28.56,6.02,0.71,0.22,2.59,0.8099999999999999,8.63,2.34,2.53,0.4438999999999999,9.18,4.08,0.8649,1.96,1.64,0.2111,72.5,29.26,1.78,2.06,0.54,4.609999999999999,15.75,1.88,12.010000000000002,1.97,1.19,12.83,1.44,5.43,2.8600000000000003,0.6028,17.07,2.49,0.1604,7.09,0.5676,0.4696,4.56,2.1100000000000003,0.374,4.71,0.507,1.76,26.7,5.73,0.58,0.16,0.7999999999999998,1.0,10.42,2.8200000000000003,0.27,0.4234,9.27,3.89,0.7897000000000001,2.1100000000000003,1.65,0.2277,10.2,32.58,-0.2,1.87,0.53,0.48,13.13,2.5500000000000003,11.239999999999998,1.69,1.04,12.95,1.5100000000000002,6.16,3.37,0.5549,16.7,0.31,0.0887,0.75,0.5194000000000001,0.8841463412999999,0.0,29.22854113621367,1.7403625984223023,0.0,-2.18,-1.79,0.13543652640579443
john konchar,MEM,SF,2024,3,1,27.0,1,0.0438999999999999,0.5694999999999999,1.78,1.02,0.3428,2.21,0.5506,0.73,11.08,1.72,2.8,0.6,0.25,2.08,18.24,3.4000000000000004,1.96,0.4438,3.94,1.75,0.7636000000000001,0.54,0.4,0.1313,63.5,20.47,-1.83,5.98,1.16,1.03,11.740000000000002,1.44,4.64,2.1100000000000003,0.9,13.53,0.63,11.96,4.5600000000000005,0.5541,9.95,0.76,0.1098,2.99,0.5375,0.4,0.84,0.36,0.0668,0.8,0.4844,0.04,11.2,0.72,2.8400000000000003,0.28,-1.72,3.16,20.8,1.52,0.1,0.2424,1.64,0.4,0.4,0.12,0.12,0.0728,6.2,8.68,-4.88,6.74,0.64,-0.06,6.98,1.08,0.92,2.2,0.4,9.12,0.16,13.4,2.16,0.2848,8.86,0.0,0.0472,0.04,0.2603999999999999,0.7743902435,0.0,20.48064940542929,1.2337428264753236,0.0,-0.76,-1.97,0.03975589161540445
miles mcbride,NYK,PG,2024,3,1,23.0,1,0.0335,0.4676,1.99,0.96,0.3447,2.92,0.6058999999999999,1.06,13.0,1.38,0.61,0.08,-1.64,0.8200000000000001,6.8100000000000005,0.88,0.94,0.3926,4.91,2.02,0.7635000000000001,0.62,0.4599999999999999,0.1357,61.2,15.18,-2.3800000000000003,2.09,0.33,1.18,10.29,1.29,5.640000000000001,2.05,0.61,6.7,0.34,4.4,1.21,0.5161,15.36,0.2299999999999999,0.086,2.05,0.4962999999999999,0.32375,2.725,1.375,0.3548749999999999,3.4,0.62375,1.225,9.4875,1.225,2.1875,0.1625,-1.3375,0.5499999999999999,9.0875,1.175,-0.0625,0.365625,6.125,2.6625,0.520625,0.5625,0.5,0.060625,11.125,17.625,-1.8875,1.4375,0.3125,0.25,8.6875,1.475,7.025,0.6875,0.3125,4.875,0.5,5.199999999999999,1.4875,0.4862499999999999,14.4625,0.0,0.047375,0.1875,0.4756249999999999,0.7463414636000001,0.0,15.18750870130331,1.3885918424360943,0.0,-0.2299999999999999,0.3025,0.17427708548384785
