Player,year,MIN_PER_GAME,ATTENDANCE_RATE,MAJOR_INJURY
aj price,2011,15.902933334,0.609756098,0
aaron brooks,2011,21.764943508474577,0.719512195,0
aaron gray,2011,12.946951219512195,0.5,0
acie law,2011,14.232908496078432,0.62195122,0
al harrington,2011,22.80203195890411,0.890243902,0
al horford,2011,35.1130735974026,0.93902439,0
al jefferson,2011,35.85869918292683,1.0,0
al thornton,2011,19.487206577464786,0.865853659,0
alfarouq aminu,2011,17.92388888888889,0.987804878,0
alexis ajinca,2011,9.995294117647058,0.414634146,0
alonzo gee,2011,19.953363089285716,0.682926829,0
amare stoudemire,2011,36.795021371794874,0.951219512,0
amir johnson,2011,25.731273152777778,0.87804878,0
anderson varejao,2011,32.061129032258066,0.37804878,0
andray blatche,2011,33.936432296875,0.780487805,0
andre iguodala,2011,36.84609452238806,0.817073171,1
andre miller,2011,32.71259259259259,0.987804878,0
andrea bargnani,2011,35.652247469696974,0.804878049,0
andrei kirilenko,2011,31.234114578125,0.780487805,0
andres nocioni,2011,17.237376542592592,0.658536585,0
andrew bogut,2011,35.344205123076925,0.792682927,0
andrew bynum,2011,27.777870370370373,0.658536585,0
andris biedrins,2011,23.679491525423728,0.719512195,0
andy rautins,2011,4.82,0.06097561,0
antawn jamison,2011,32.896369053571426,0.682926829,0
anthony carter,2011,14.03929293030303,0.402439024,0
anthony morrow,2011,32.00735632758621,0.707317073,0
anthony parker,2011,29.044166666666666,0.87804878,0
anthony randolph,2011,14.7410416675,0.487804878,0
anthony tolliver,2011,20.96023076923077,0.792682927,0
antoine wright,2011,4.4799999999999995,0.085365854,0
antonio daniels,2011,8.8241666675,0.048780488,0
antonio mcdyess,2011,18.992625575342466,0.890243902,0
armon johnson,2011,7.300964913157895,0.463414634,0
arron afflalo,2011,33.68541062318841,0.841463415,0
austin daye,2011,20.084930555555555,0.87804878,0
avery bradley,2011,5.241612903225807,0.37804878,0
baron davis,2011,28.43600574137931,0.707317073,0
ben gordon,2011,25.98609756097561,1.0,0
ben uzoh,2011,10.418531745238095,0.512195122,0
ben wallace,2011,22.92932098148148,0.658536585,0
beno udrih,2011,34.601434594936705,0.963414634,0
blake griffin,2011,37.94479674390244,1.0,0
bobby simmons,2011,7.759166665,0.024390244,0
boris diaw,2011,33.88140243902439,1.0,0
brad miller,2011,16.923777783333332,0.731707317,0
brandan wright,2011,10.234414413513514,0.451219512,0
brandon bass,2011,26.05519736842105,0.926829268,0
brandon jennings,2011,34.42285714285714,0.768292683,0
brandon roy,2011,27.866170212765958,0.573170732,0
brandon rush,2011,26.177338313432838,0.817073171,0
brendan haywood,2011,18.491180555555555,0.87804878,0
brian cardinal,2011,11.035267857142857,0.682926829,0
brian cook,2011,11.1807083325,0.487804878,0
brian scalabrine,2011,4.887685185,0.219512195,0
brian skinner,2011,2.9416666665,0.024390244,0
brook lopez,2011,35.22871951219512,1.0,0
byron mullens,2011,6.545641025384615,0.158536585,0
cj watson,2011,13.30162601219512,1.0,0
cj miles,2011,25.238696576923076,0.951219512,0
carl landry,2011,26.41967105263158,0.926829268,0
carlos arroyo,2011,18.511796875,0.780487805,0
carlos boozer,2011,31.89426554237288,0.719512195,0
carlos delfino,2011,32.45843536734694,0.597560976,0
carmelo anthony,2011,35.73051948051948,0.93902439,0
caron butler,2011,29.902356320689655,0.353658537,0
cartier martin,2011,10.42669871730769,0.634146341,0
channing frye,2011,33.00164502597403,0.93902439,0
charlie bell,2011,8.996052631578948,0.231707317,0
charlie villanueva,2011,21.916557013157895,0.926829268,0
chase budinger,2011,22.27594016666667,0.951219512,0
chauncey billups,2011,32.08532406944445,0.87804878,0
chris andersen,2011,16.273777777777777,0.548780488,0
chris bosh,2011,36.2956277012987,0.93902439,0
chris douglasroberts,2011,20.0925,0.536585366,0
chris duhon,2011,15.176928103921568,0.62195122,0
chris johnson,2011,9.920238092857144,0.170731707,0
chris kaman,2011,26.173125,0.390243902,0
chris paul,2011,35.9955416625,0.975609756,0
chris quinn,2011,7.123292682926829,0.5,0
chris wilcox,2011,17.450760233333334,0.695121951,0
christian eyenga,2011,21.520113636363636,0.536585366,0
chuck hayes,2011,28.096756756756754,0.902439024,0
cole aldrich,2011,7.859814816666667,0.219512195,0
corey brewer,2011,21.89019323188406,0.841463415,0
corey maggette,2011,20.903034820895524,0.817073171,0
courtney lee,2011,21.266934160493825,0.987804878,0
craig brackins,2011,10.942222223333333,0.036585366,0
craig smith,2011,12.215312500000001,0.585365854,0
dj augustin,2011,33.623109756097556,1.0,0
dj mbenga,2011,8.044715446341463,0.5,0
dj white,2011,14.567127659574467,0.573170732,0
dajuan summers,2011,9.034621213636363,0.268292683,0
daequan cook,2011,13.912906976744186,0.524390244,0
dahntay jones,2011,13.087851851111113,0.548780488,0
damien wilkins,2011,13.008717948076924,0.634146341,0
damion james,2011,16.117533332,0.304878049,0
dan gadzuric,2011,11.01654761904762,0.512195122,0
daniel gibson,2011,27.836293537313434,0.817073171,0
danilo gallinari,2011,33.935967741935485,0.756097561,0
danny granger,2011,34.97466244303798,0.963414634,0
danny green,2011,11.43708333375,0.097560976,0
dante cunningham,2011,20.98632478205128,0.951219512,0
darius songaila,2011,7.057166667,0.12195122,0
darko milicic,2011,24.43874395652174,0.841463415,0
darnell jackson,2011,8.234293784745763,0.719512195,0
darrell arthur,2011,20.1055833375,0.975609756,0
darren collison,2011,29.875126582278483,0.963414634,0
david andersen,2011,9.3130416675,0.487804878,0
david lee,2011,36.08609589041096,0.890243902,0
david west,2011,35.00752381428572,0.853658537,0
deandre jordan,2011,25.5845625,0.975609756,0
dejuan blair,2011,21.401522629629632,0.987804878,0
demar derozan,2011,34.768597560975614,1.0,0
demarcus cousins,2011,28.511440333333336,0.987804878,0
demarre carroll,2011,4.1677777775000004,0.146341463,0
desagana diop,2011,11.31802083125,0.195121951,0
deshawn stevenson,2011,16.088726847222222,0.87804878,0
delonte west,2011,18.880972220833332,0.292682927,0
derek fisher,2011,28.012296743902443,1.0,0
deron williams,2011,37.921717953846155,0.792682927,0
derrick brown,2011,11.74217687142857,0.597560976,0
derrick caracter,2011,5.24398373902439,0.5,0
derrick favors,2011,19.68873932051282,0.951219512,0
derrick rose,2011,37.3560082345679,0.987804878,0
devin ebanks,2011,5.8805,0.243902439,0
devin harris,2011,31.743380281690143,0.865853659,0
dexter pittman,2011,5.616666665,0.024390244,0
dirk nowitzki,2011,34.30050228767123,0.890243902,0
dominic mcguire,2011,14.622852563461539,0.634146341,0
dominique jones,2011,7.506111111111112,0.219512195,0
donte greene,2011,16.334565217391305,0.841463415,0
dorell wright,2011,38.37534552439025,1.0,0
drew gooden,2011,24.56795238,0.426829268,0
dwight howard,2011,37.62713675641026,0.951219512,0
dwyane wade,2011,37.14752193421052,0.926829268,0
earl barron,2011,14.548015871428571,0.256097561,0
earl boykins,2011,15.118742689473684,0.695121951,0
earl clark,2011,11.042619047619048,0.512195122,0
earl watson,2011,19.591874999999998,0.975609756,0
ed davis,2011,24.64235896923077,0.792682927,0
eddie house,2011,17.47083333392857,0.682926829,0
eduardo najera,2011,12.009408603225806,0.37804878,0
ekpe udoh,2011,17.750229879310346,0.707317073,0
elton brand,2011,34.68065843209877,0.987804878,0
emeka okafor,2011,31.760462958333335,0.87804878,0
eric bledsoe,2011,22.722633740740743,0.987804878,0
eric gordon,2011,37.715476196428575,0.682926829,0
eric maynor,2011,14.629695121951219,1.0,0
erick dampier,2011,15.976503268627452,0.62195122,0
ersan ilyasova,2011,25.088083333333334,0.731707317,0
etan thomas,2011,6.313333333076923,0.158536585,0
evan turner,2011,23.043611115384618,0.951219512,0
fabricio oberto,2011,8.939,0.06097561,0
francisco elson,2011,9.837661290322579,0.756097561,0
francisco garcia,2011,23.890114948275862,0.707317073,0
gani lawal,2011,1.933333333,0.012195122,0
garret siler,2011,4.823492061904762,0.256097561,0
garrett temple,2011,9.5913888875,0.292682927,0
gary forbes,2011,12.551878306349206,0.768292683,0
gary neal,2011,21.057020837499998,0.975609756,0
george hill,2011,28.262850881578945,0.926829268,0
gerald henderson,2011,24.43002451470588,0.829268293,0
gerald wallace,2011,37.93004694366197,0.865853659,0
gilbert arenas,2011,25.659904757142858,0.853658537,0
glen davis,2011,29.45867521794872,0.951219512,0
goran dragic,2011,17.626785714285713,0.853658537,0
gordon hayward,2011,16.912083333333335,0.87804878,0
grant hill,2011,30.1114375,0.975609756,0
greg monroe,2011,27.773291662499997,0.975609756,0
greivis vasquez,2011,12.28452381,0.853658537,0
hakim warrick,2011,17.6940208375,0.975609756,0
hamady ndiaye,2011,5.011041666875,0.195121951,0
hamed haddadi,2011,5.431827958064516,0.37804878,0
hasheem thabeet,2011,7.942836878723404,0.573170732,0
hassan whiteside,2011,1.743333333,0.012195122,1
hedo turkoglu,2011,31.3597942345679,0.987804878,0
henry walker,2011,12.850983606557376,0.743902439,0
hilton armstrong,2011,9.222358490566037,0.646341463,0
ian mahinmi,2011,8.712113094642858,0.682926829,0
ike diogu,2011,13.04486111111111,0.43902439,0
ime udoka,2011,6.5003333350000005,0.243902439,0
ish smith,2011,10.270968993023256,0.524390244,0
jj barea,2011,20.604526753086418,0.987804878,0
jj hickson,2011,28.204,0.975609756,0
jj redick,2011,25.642966101694913,0.719512195,0
jr smith,2011,24.90620253164557,0.963414634,0
javale mcgee,2011,27.75392405063291,0.963414634,0
jamaal magloire,2011,8.755462961111112,0.219512195,0
jamal crawford,2011,30.22357456578947,0.926829268,0
jamario moon,2011,17.665480220338985,0.719512195,0
jameer nelson,2011,30.510833328947367,0.926829268,0
james anderson,2011,11.009166665384615,0.317073171,0
james harden,2011,26.689491865853658,1.0,0
james johnson,2011,21.609342105263156,0.463414634,0
james jones,2011,19.124567901234567,0.987804878,0
james posey,2011,17.124251700000002,0.597560976,0
jared dudley,2011,26.09262195121951,1.0,0
jared jeffries,2011,14.310912697619047,0.512195122,0
jarrett jack,2011,20.750080325301205,1.012195122,0
jarron collins,2011,6.477261903571429,0.341463415,0
jason collins,2011,12.109047618367347,0.597560976,0
jason kapono,2011,4.646597220833333,0.292682927,0
jason kidd,2011,33.1605833375,0.975609756,0
jason maxiell,2011,16.31786549649123,0.695121951,0
jason richardson,2011,33.939020837499996,0.975609756,0
jason smith,2011,14.309415584415586,0.93902439,0
jason terry,2011,31.27274390243902,1.0,0
jason thompson,2011,23.30755556,0.914634146,0
jason williams,2011,10.929938270370371,0.329268293,0
jawad williams,2011,15.04275641153846,0.317073171,0
jeff adrien,2011,8.51891304347826,0.280487805,0
jeff foster,2011,16.783273808928573,0.682926829,0
jeff green,2011,32.36826666666666,0.914634146,0
jeff teague,2011,13.750547618571428,0.853658537,0
jeremy evans,2011,9.447142857142858,0.597560976,0
jeremy lin,2011,9.810804596551725,0.353658537,0
jermaine oneal,2011,17.967708333333334,0.292682927,0
jermaine taylor,2011,14.183676470588235,0.414634146,0
jerry stackhouse,2011,7.1061904757142855,0.085365854,0
jerryd bayless,2011,21.06032863380282,0.865853659,0
joakim noah,2011,32.8235069375,0.585365854,0
jodie meeks,2011,27.8654955,0.902439024,0
joe johnson,2011,35.47784722222222,0.87804878,0
joe smith,2011,4.334270833125,0.195121951,0
joel anthony,2011,19.507422226666666,0.914634146,0
joel przybilla,2011,14.437870369444445,0.43902439,0
joey dorsey,2011,12.13906976744186,0.524390244,0
joey graham,2011,15.032051282051283,0.475609756,0
johan petro,2011,11.602770562337662,0.93902439,0
john lucas,2011,5.053333335,0.024390244,0
john salmons,2011,34.98771689041096,0.890243902,0
john wall,2011,37.76891304347826,0.841463415,0
jon brockman,2011,10.753518519047619,0.768292683,0
jonny flynn,2011,18.544528301886793,0.646341463,0
jordan crawford,2011,24.44392857142857,0.512195122,0
jordan farmar,2011,24.602077630136986,0.890243902,0
jordan hill,2011,15.618009263888887,0.87804878,0
jose calderon,2011,30.914754897058824,0.829268293,0
josh childress,2011,16.551296296296297,0.658536585,0
josh howard,2011,22.700925927777778,0.219512195,0
josh mcroberts,2011,22.180393513888887,0.87804878,0
josh powell,2011,12.095277777777778,0.658536585,0
josh smith,2011,34.34844155844156,0.93902439,0
jrue holiday,2011,35.374369914634144,1.0,0
julian wright,2011,14.730032051923077,0.634146341,0
juwan howard,2011,10.3774269,0.695121951,0
keith bogans,2011,17.821138207317073,1.0,0
kendrick perkins,2011,25.586666665517242,0.353658537,0
kenyon martin,2011,25.69125,0.585365854,0
kevin durant,2011,38.943867525641025,0.951219512,0
kevin garnett,2011,31.264178408450707,0.865853659,0
kevin love,2011,35.760867575342466,0.890243902,1
kevin martin,2011,32.5316666625,0.975609756,0
kevin seraphin,2011,10.941867815517242,0.707317073,0
keyon dooling,2011,21.9576875,0.975609756,0
kirk hinrich,2011,29.95358795833333,0.87804878,0
kobe bryant,2011,33.886138207317074,1.0,0
kosta koufos,2011,8.672,0.609756098,0
kris humphries,2011,27.848153148648645,0.902439024,0
kurt thomas,2011,22.656794865384615,0.634146341,0
kwame brown,2011,25.97219696969697,0.804878049,0
kyle korver,2011,20.111260158536584,1.0,0
kyle lowry,2011,34.17577777333333,0.914634146,0
kyle weaver,2011,13.868,0.06097561,0
kyrylo fesenko,2011,8.602641509433962,0.646341463,0
lamarcus aldridge,2011,39.647181074074076,0.987804878,0
lamar odom,2011,32.179451219512195,1.0,0
lance stephenson,2011,9.558055558333333,0.146341463,0
landry fields,2011,30.991808939024388,1.0,0
larry owens,2011,11.894444441666666,0.146341463,0
larry sanders,2011,14.536027778333333,0.731707317,0
lazar hayward,2011,9.986150792857142,0.512195122,0
lebron james,2011,38.771919835443036,0.963414634,0
leandro barbosa,2011,24.045057465517242,0.707317073,0
leon powe,2011,10.92438889,0.365853659,0
lester hudson,2011,6.6666666663636365,0.134146341,0
linas kleiza,2011,26.460555564102567,0.475609756,0
lou amundson,2011,15.024057971739131,0.56097561,0
lou williams,2011,23.2978,0.914634146,1
luc mbah a moute,2011,26.494198316455694,0.963414634,0
luis scola,2011,32.592409905405404,0.902439024,0
luke babbitt,2011,5.720555554166666,0.292682927,0
luke harangody,2011,13.0742517,0.597560976,0
luke ridnour,2011,30.41070422535211,0.865853659,0
luke walton,2011,8.970154320370371,0.658536585,0
luol deng,2011,39.120955280487806,1.0,0
luther head,2011,16.266157408333335,0.43902439,0
malik allen,2011,9.90564815,0.219512195,0
manny harris,2011,17.28419753148148,0.658536585,0
manu ginobili,2011,30.318624999999997,0.975609756,0
marc gasol,2011,31.931563790123455,0.987804878,0
marcin gortat,2011,25.4111458375,0.975609756,0
marco belinelli,2011,24.4645208375,0.975609756,0
marcus banks,2011,7.25,0.036585366,0
marcus camby,2011,26.108050847457626,0.719512195,0
marcus cousin,2011,4.5779166675,0.048780488,0
marcus thornton,2011,24.325890410958905,0.890243902,0
mario chalmers,2011,22.561571428571426,0.853658537,0
mario west,2011,19.326388883333333,0.073170732,0
marquis daniels,2011,19.14908163265306,0.597560976,0
marreese speights,2011,11.4616927078125,0.780487805,0
martell webster,2011,23.79275363043478,0.56097561,0
marvin williams,2011,28.685384615384613,0.792682927,0
matt barnes,2011,19.242610056603773,0.646341463,0
matt bonner,2011,21.692601015151517,0.804878049,0
matt carroll,2011,10.777530864814814,0.658536585,0
maurice ager,2011,7.2495833325,0.048780488,0
maurice evans,2011,21.218013698630138,0.890243902,0
mehmet okur,2011,12.956153846153846,0.158536585,0
melvin ely,2011,12.215833333333334,0.365853659,0
metta world peace,2011,29.387235768292683,1.0,0
michael beasley,2011,32.34874428767123,0.890243902,0
michael redd,2011,13.43183333,0.12195122,0
mickael pietrus,2011,19.419122807017544,0.695121951,0
mike bibby,2011,28.5551875,0.975609756,0
mike conley,2011,35.45347737037037,0.987804878,0
mike dunleavy,2011,27.585464475409836,0.743902439,0
mike harris,2011,3.9208333325,0.048780488,0
mike miller,2011,20.430365853658536,0.5,0
mo williams,2011,30.836982758620692,0.707317073,0
monta ellis,2011,40.3334166625,0.975609756,0
morris peterson,2011,5.7333333325,0.048780488,0
mustafa shakur,2011,7.232651513636363,0.268292683,0
nate robinson,2011,17.173615813559323,0.719512195,0
nazr mohammed,2011,17.061333333333334,0.914634146,0
nenad krstic,2011,22.127699535211267,0.865853659,0
nene,2011,30.54395556,0.914634146,0
nick collison,2011,21.46098591549296,0.865853659,0
nick young,2011,31.77765625,0.780487805,0
nicolas batum,2011,31.523083337499997,0.975609756,0
nikola pekovic,2011,13.652435896923077,0.792682927,0
oj mayo,2011,26.32901408450704,0.865853659,0
omer asik,2011,12.06644308902439,1.0,0
omri casspi,2011,23.974366197183098,0.865853659,0
orien greene,2011,1.7666666666666666,0.036585366,0
othyus jeffers,2011,18.965,0.207317073,0
pape sy,2011,6.994444443333333,0.036585366,0
patrick ewing,2011,2.7361904757142854,0.085365854,0
patrick patterson,2011,16.68339743653846,0.634146341,0
patty mills,2011,12.229765625,0.780487805,0
pau gasol,2011,37.03760162195122,1.0,0
paul george,2011,20.73450819672131,0.743902439,0
paul millsap,2011,34.275635960526316,0.926829268,0
paul pierce,2011,34.675770837499996,0.975609756,0
peja stojakovic,2011,18.684141415151515,0.402439024,0
pooh jeter,2011,13.840107527419356,0.756097561,0
pops mensahbonsu,2011,5.0200000000000005,0.085365854,0
quentin richardson,2011,16.760877192982456,0.695121951,0
quincy pondexter,2011,11.114722222727274,0.804878049,0
quinton ross,2011,9.8125,0.43902439,0
raja bell,2011,30.840147058823533,0.829268293,0
rajon rondo,2011,37.15855392647059,0.829268293,0
ramon sessions,2011,26.32965020987654,0.987804878,0
randy foye,2011,24.623783063492063,0.768292683,0
rashard lewis,2011,32.00885964912281,0.695121951,0
rasual butler,2011,16.378404255319147,0.573170732,0
ray allen,2011,36.1250833375,0.975609756,0
raymond felton,2011,36.49726666666667,0.914634146,0
reggie evans,2011,26.604333333333333,0.365853659,0
reggie williams,2011,20.3283541625,0.975609756,0
renaldo balkman,2011,7.831875,0.097560976,0
richard hamilton,2011,27.2370606,0.670731707,0
richard jefferson,2011,30.352201641975313,0.987804878,0
robin lopez,2011,14.792910447761194,0.817073171,0
rodney carney,2011,12.41882715925926,0.329268293,0
rodney stuckey,2011,31.192023814285715,0.853658537,0
rodrigue beaubois,2011,17.702559525,0.341463415,0
roger mason,2011,12.26974358846154,0.317073171,0
ronald dupree,2011,4.250555556666667,0.036585366,0
ronnie brewer,2011,21.993086419753087,0.987804878,0
ronnie price,2011,12.149180791525424,0.719512195,0
ronny turiaf,2011,17.823333328125,0.780487805,0
roy hibbert,2011,27.703971197530866,0.987804878,0
royal ivey,2011,6.188333332,0.304878049,0
rudy fernandez,2011,23.34271367948718,0.951219512,0
rudy gay,2011,39.84746912962963,0.658536585,1
russell westbrook,2011,34.72414634146342,1.0,0
ryan anderson,2011,22.255755203125,0.780487805,0
ryan gomes,2011,27.568245618421052,0.926829268,0
ryan hollins,2011,16.879738099999997,0.853658537,0
sam young,2011,20.218675217948718,0.951219512,0
samardo samuels,2011,18.957207208108105,0.451219512,0
samuel dalembert,2011,24.2182708375,0.975609756,0
sasha pavlovic,2011,11.677903225806451,0.37804878,0
sasha vujacic,2011,24.58840795522388,0.817073171,0
sean marks,2011,7.188218389655172,0.353658537,0
sebastian telfair,2011,19.204864864864867,0.451219512,0
semih erden,2011,14.509308943902438,0.5,0
serge ibaka,2011,27.020833329268292,1.0,0
shane battier,2011,28.95715447560976,1.0,0
shannon brown,2011,19.125955280487805,1.0,0
shaquille oneal,2011,20.31283783783784,0.451219512,0
shaun livingston,2011,17.27043379452055,0.890243902,0
shawn marion,2011,28.1614166625,0.975609756,0
shawne williams,2011,20.673515625,0.780487805,0
shelden williams,2011,15.429971750847457,0.719512195,0
sherron collins,2011,3.2940833335,0.243902439,0
solomon alabi,2011,4.9174999999999995,0.146341463,0
solomon jones,2011,13.542991453846156,0.475609756,0
sonny weems,2011,23.952344627118645,0.719512195,0
spencer hawes,2011,21.213436209876544,0.987804878,0
stephen curry,2011,33.63504504054054,0.902439024,0
stephen graham,2011,16.24497175084746,0.719512195,0
stephen jackson,2011,35.888084582089554,0.817073171,0
steve blake,2011,20.01571730379747,0.963414634,0
steve nash,2011,33.29037777333333,0.914634146,0
steve novak,2011,7.16788889,0.365853659,0
sundiata gaines,2011,12.524583333333332,0.292682927,0
tj ford,2011,18.856747968292684,0.5,0
taj gibson,2011,21.7780833375,0.975609756,0
tayshaun prince,2011,32.840598294871796,0.951219512,0
terrence williams,2011,13.811190476190477,0.256097561,0
thabo sefolosha,2011,25.939345987341774,0.963414634,0
thaddeus young,2011,26.0345935,1.0,0
theo ratliff,2011,7.050166667000001,0.12195122,0
tiago splitter,2011,12.300749999999999,0.731707317,0
tim duncan,2011,28.371293855263154,0.926829268,0
timofey mozgov,2011,11.646555555555556,0.548780488,0
toney douglas,2011,24.33425925925926,0.987804878,0
tony allen,2011,20.75486111111111,0.87804878,0
tony battie,2011,9.920833334210526,0.463414634,0
tony parker,2011,32.405876064102564,0.951219512,0
tracy mcgrady,2011,23.409768513888892,0.87804878,0
travis outlaw,2011,28.75237804878049,1.0,0
trevor ariza,2011,34.66464444,0.914634146,0
trevor booker,2011,16.355256415384613,0.792682927,0
trey johnson,2011,11.79583333375,0.097560976,0
troy murphy,2011,13.31161904857143,0.426829268,0
ty lawson,2011,26.2825,0.975609756,0
tyler hansbrough,2011,21.93435714285714,0.853658537,0
tyreke evans,2011,36.96590643859649,0.695121951,0
tyrus thomas,2011,21.001747968292683,0.5,0
tyson chandler,2011,27.81772522972973,0.902439024,0
udonis haslem,2011,26.5324359,0.158536585,1
vince carter,2011,28.103584479452053,0.890243902,0
vladimir radmanovic,2011,15.799752256756758,0.902439024,0
von wafer,2011,9.526637931034482,0.707317073,0
wayne ellington,2011,19.052338709677418,0.756097561,0
wesley johnson,2011,26.194556962025317,0.963414634,0
wesley matthews,2011,33.63894308536585,1.0,0
will bynum,2011,18.445847,0.743902439,0
willie green,2011,21.739090909090912,0.93902439,0
willie warren,2011,7.042192984210526,0.231707317,0
wilson chandler,2011,33.339120375,0.87804878,0
xavier henry,2011,13.87978070263158,0.463414634,0
yao ming,2011,18.103666666000002,0.06097561,0
yi jianlian,2011,17.648174603174603,0.768292683,0
zabian dowdell,2011,12.154097220833334,0.292682927,0
zach randolph,2011,36.314111106666665,0.914634146,0
zaza pachulia,2011,15.744071734177215,0.963414634,0
zydrunas ilgauskas,2011,15.907685180555555,0.87804878,0
aj price,2012,12.909772727272726,0.536585366,0
aaron gray,2012,16.584863944897958,0.597560976,0
al harrington,2012,27.515390625,0.780487805,0
al horford,2012,31.634848481818185,0.134146341,1
al jefferson,2012,34.01573770491803,0.743902439,0
alfarouq aminu,2012,22.37944443939394,0.804878049,0
alan anderson,2012,27.101470588235294,0.207317073,0
alec burks,2012,15.913615818644068,0.719512195,0
alonzo gee,2012,29.00074074603175,0.768292683,0
amare stoudemire,2012,32.83446808510639,0.573170732,0
amir johnson,2012,24.263958328125,0.780487805,0
anderson varejao,2012,31.384133332,0.304878049,0
andray blatche,2012,24.077435896153847,0.317073171,0
andre emmett,2012,7.484999999999999,0.073170732,0
andre iguodala,2012,35.630725806451615,0.756097561,0
andre miller,2012,27.407853530303033,0.804878049,0
andrea bargnani,2012,33.28037635483871,0.37804878,0
andres nocioni,2012,5.059090909090909,0.134146341,0
andrew bogut,2012,30.309861108333333,0.146341463,0
andrew bynum,2012,35.19233333333333,0.731707317,0
andrew goudelock,2012,10.4650416675,0.487804878,0
andris biedrins,2012,15.715319148936171,0.573170732,0
antawn jamison,2012,33.09215384615384,0.792682927,0
anthony carter,2012,8.721805554166666,0.292682927,0
anthony morrow,2012,26.392715048387096,0.756097561,0
anthony parker,2012,25.10398692156863,0.62195122,0
anthony randolph,2012,15.192598038235293,0.414634146,0
anthony tolliver,2012,17.284313725490197,0.62195122,0
armon johnson,2012,13.812037033333333,0.109756098,0
arron afflalo,2012,33.651478499999996,0.756097561,0
austin daye,2012,14.710162602439024,0.5,0
avery bradley,2012,21.381145828125,0.780487805,1
baron davis,2012,20.511321837931035,0.353658537,0
ben gordon,2012,26.889391019230768,0.634146341,0
ben uzoh,2012,20.536203705555558,0.219512195,0
ben wallace,2012,15.810645161290322,0.756097561,0
beno udrih,2012,18.304830508474573,0.719512195,0
bismack biyombo,2012,23.09873015873016,0.768292683,0
blake ahearn,2012,7.5945833325,0.048780488,0
blake griffin,2012,36.24065656060606,0.804878049,0
bobby simmons,2012,14.941726189285715,0.341463415,0
boris diaw,2012,24.995467842105263,0.695121951,0
brad miller,2012,9.722222219999999,0.182926829,0
brandan wright,2012,16.15136054489796,0.597560976,0
brandon bass,2012,31.664745762711863,0.719512195,0
brandon jennings,2012,35.32272727272728,0.804878049,0
brandon knight,2012,32.24992424242424,0.804878049,0
brandon rush,2012,26.423282046153847,0.792682927,0
brendan haywood,2012,21.220030870370373,0.658536585,0
brian cardinal,2012,6.289924243181818,0.536585366,0
brian cook,2012,8.6209375,0.390243902,0
brian scalabrine,2012,4.361309525,0.341463415,0
brian skinner,2012,4.366666667,0.012195122,0
brook lopez,2012,27.19533334,0.06097561,1
byron mullens,2012,22.542435892307694,0.792682927,0
cj watson,2012,23.661428571428573,0.597560976,0
cj miles,2012,20.44017857142857,0.682926829,0
carl landry,2012,24.354959348780486,0.5,0
carldell johnson,2012,7.91777778,0.182926829,0
carlos boozer,2012,29.520808075757575,0.804878049,0
carlos delfino,2012,28.470586425925926,0.658536585,0
carmelo anthony,2012,34.11239394545455,0.670731707,0
caron butler,2012,29.693915349206346,0.768292683,0
cartier martin,2012,23.019509805882354,0.207317073,0
chandler parsons,2012,28.640714285714285,0.768292683,0
channing frye,2012,26.084765625,0.780487805,0
charles jenkins,2012,17.50771241764706,0.62195122,0
charlie villanueva,2012,13.816410253846154,0.158536585,0
chase budinger,2012,22.383333327586204,0.707317073,0
chauncey billups,2012,30.330583335,0.243902439,0
chris andersen,2012,15.196510415625,0.390243902,0
chris bosh,2012,35.20897661403509,0.695121951,0
chris duhon,2012,19.46034392063492,0.768292683,0
chris johnson,2012,6.498580248148148,0.329268293,0
chris kaman,2012,29.190886531914895,0.573170732,0
chris paul,2012,36.34133333333333,0.731707317,0
chris singleton,2012,21.67785353030303,0.804878049,0
chris wilcox,2012,17.18726190357143,0.341463415,0
chris wright,2012,7.7429861125,0.292682927,0
christian eyenga,2012,14.644047614285714,0.085365854,0
chuck hayes,2012,19.248827166666665,0.658536585,0
cole aldrich,2012,6.659294873076923,0.317073171,0
corey brewer,2012,21.821299440677965,0.719512195,0
corey maggette,2012,27.519895834375,0.390243902,0
cory higgins,2012,11.12285087631579,0.463414634,0
cory joseph,2012,9.167586206896551,0.353658537,0
courtney fortson,2012,9.5205,0.12195122,0
courtney lee,2012,30.292729879310347,0.707317073,0
craig brackins,2012,6.285714285714286,0.170731707,0
craig smith,2012,9.870283687234043,0.573170732,0
dj augustin,2012,29.340659729166664,0.585365854,0
dj kennedy,2012,29.433333335,0.024390244,0
dj white,2012,18.928160913793104,0.707317073,0
dajuan summers,2012,13.899888886666668,0.182926829,0
daequan cook,2012,17.354239766666666,0.695121951,0
dahntay jones,2012,16.18389743076923,0.792682927,0
damien wilkins,2012,15.370694445,0.731707317,0
damion james,2012,24.35380952857143,0.085365854,0
dan gadzuric,2012,6.583333335,0.024390244,0
daniel gibson,2012,26.158904762857144,0.426829268,0
daniel orton,2012,11.660625,0.195121951,0
danilo gallinari,2012,31.422015511627908,0.524390244,0
danny granger,2012,33.25946237096774,0.756097561,0
danny green,2012,23.06565656060606,0.804878049,0
dante cunningham,2012,17.565963546875,0.780487805,0
darington hobson,2012,7.776000000000001,0.06097561,0
darius morris,2012,8.920526315789473,0.231707317,0
darko milicic,2012,16.27844827586207,0.353658537,0
darren collison,2012,31.30044445,0.731707317,0
darryl watkins,2012,19.511333334,0.06097561,0
david lee,2012,37.210497070175435,0.695121951,0
david west,2012,29.160075757575758,0.804878049,0
deandre jordan,2012,27.2400505,0.804878049,0
deandre liggins,2012,6.768529411764706,0.207317073,0
dejuan blair,2012,21.300572921875,0.780487805,0
demar derozan,2012,35.009709,0.768292683,0
demarcus cousins,2012,30.4709375,0.780487805,0
demarre carroll,2012,14.500069445833333,0.292682927,0
desagana diop,2012,12.044876544444445,0.329268293,0
deshawn stevenson,2012,18.83078431372549,0.62195122,0
delonte west,2012,24.098787886363638,0.536585366,0
dennis horner,2012,2.764375,0.097560976,0
derek fisher,2012,23.93047619047619,0.768292683,0
deron williams,2012,36.34112121818182,0.670731707,0
derrick brown,2012,22.20430769230769,0.792682927,0
derrick byars,2012,18.431666665,0.024390244,0
derrick favors,2012,21.164153846153848,0.792682927,0
derrick rose,2012,35.243119666666665,0.475609756,1
derrick williams,2012,21.480075757575758,0.804878049,0
devin ebanks,2012,16.493472220833333,0.292682927,0
devin harris,2012,27.637037031746033,0.768292683,0
dexter pittman,2012,8.598619048571427,0.426829268,0
dirk nowitzki,2012,33.53475806451613,0.756097561,0
dominic mcguire,2012,17.612890625,0.780487805,0
dominique jones,2012,8.131161615151514,0.402439024,0
donald sloan,2012,20.288989899999997,0.402439024,0
donte greene,2012,14.668333333962263,0.646341463,0
dorell wright,2012,27.049972672131148,0.743902439,0
drew gooden,2012,26.228839285714287,0.682926829,0
dwight howard,2012,38.32688272222222,0.658536585,1
dwyane wade,2012,33.16605442857143,0.597560976,0
etwaun moore,2012,8.710614034210527,0.463414634,0
earl barron,2012,4.3583333335,0.024390244,0
earl boykins,2012,13.8347916625,0.097560976,0
earl clark,2012,12.428740739999999,0.548780488,0
earl watson,2012,20.65003334,0.609756098,0
ed davis,2012,23.240808075757574,0.804878049,0
eddy curry,2012,5.8999999999999995,0.170731707,0
eduardo najera,2012,12.287651513636364,0.268292683,0
edwin ubiles,2012,12.9991666675,0.048780488,0
ekpe udoh,2012,21.14726775409836,0.743902439,0
elliot williams,2012,6.222708333333333,0.292682927,0
elton brand,2012,28.871027783333332,0.731707317,0
emeka okafor,2012,28.942160492592592,0.329268293,0
enes freedom,2012,13.24901515151515,0.804878049,0
eric bledsoe,2012,11.5892083325,0.487804878,0
eric dawson,2012,9.8083333325,0.048780488,0
eric gordon,2012,34.48722222222222,0.109756098,0
eric maynor,2012,15.181666666666665,0.109756098,0
erick dampier,2012,5.552555555333333,0.182926829,0
ersan ilyasova,2012,27.58147221666667,0.731707317,0
evan turner,2012,26.34653846153846,0.792682927,0
francisco elson,2012,3.291333334,0.06097561,0
francisco garcia,2012,16.290272108163265,0.597560976,0
gary forbes,2012,14.856145833333334,0.585365854,0
gary neal,2012,21.532797625,0.682926829,0
george hill,2012,25.4831,0.609756098,0
gerald green,2012,25.206881719354836,0.37804878,0
gerald henderson,2012,33.292303036363634,0.670731707,0
gerald wallace,2012,35.784568965517245,0.707317073,0
gilbert arenas,2012,12.403823529411765,0.207317073,0
glen davis,2012,23.391557377049182,0.743902439,0
goran dragic,2012,26.544242424242427,0.804878049,0
gordon hayward,2012,30.525277772727275,0.804878049,0
grant hill,2012,28.11625851020408,0.597560976,0
greg monroe,2012,31.54361110606061,0.804878049,0
greg smith,2012,8.63645833375,0.097560976,0
greg stiemsma,2012,13.93460606,0.670731707,0
greivis vasquez,2012,25.84128787878788,0.804878049,0
gustavo ayon,2012,20.153919759259256,0.658536585,0
hakim warrick,2012,14.372190477142858,0.426829268,0
hamady ndiaye,2012,0.9766666666666667,0.036585366,0
hamed haddadi,2012,5.884476191428571,0.426829268,0
hasheem thabeet,2012,6.932250000000001,0.243902439,0
hassan whiteside,2012,6.048611111111111,0.219512195,0
hedo turkoglu,2012,31.19179245283019,0.646341463,0
henry walker,2012,19.384583334375,0.390243902,0
ian mahinmi,2012,18.67464480327869,0.743902439,0
ike diogu,2012,7.1,0.024390244,0
iman shumpert,2012,28.906214694915253,0.719512195,0
isaiah thomas,2012,25.468307692307693,0.792682927,0
ish smith,2012,9.007435896153847,0.317073171,0
ivan johnson,2012,16.684315476785716,0.682926829,0
jj barea,2012,25.171219512195123,0.5,0
jj hickson,2012,23.0421605,0.658536585,0
jj redick,2012,27.146051276923075,0.792682927,0
jr smith,2012,27.635238094285715,0.426829268,0
jajuan johnson,2012,8.282268519444445,0.43902439,0
javale mcgee,2012,25.16054644262295,0.743902439,0
jamaal magloire,2012,10.991029411764705,0.414634146,0
jamaal tinsley,2012,13.713603602702703,0.451219512,0
jamal crawford,2012,26.87869445,0.731707317,0
jamario moon,2012,15.4347916625,0.097560976,0
jameer nelson,2012,29.93116959649123,0.695121951,0
james anderson,2012,11.823888888235293,0.62195122,0
james harden,2012,31.387956983870968,0.756097561,1
james johnson,2012,25.172150532258065,0.756097561,0
james jones,2012,13.051470588235293,0.62195122,0
james singleton,2012,21.860694441666666,0.146341463,0
jan vesely,2012,18.904532157894735,0.695121951,0
jannero pargo,2012,13.414766666,0.609756098,0
jared dudley,2012,31.0748718,0.792682927,0
jared jeffries,2012,18.69111111025641,0.475609756,0
jarrett jack,2012,34.00577777777778,0.548780488,0
jason collins,2012,10.256,0.365853659,0
jason kapono,2012,9.964753085185187,0.329268293,0
jason kidd,2012,28.729583333333334,0.585365854,0
jason maxiell,2012,22.549717953846155,0.792682927,0
jason richardson,2012,29.46385801851852,0.658536585,0
jason smith,2012,23.67625,0.487804878,0
jason terry,2012,31.745079365079366,0.768292683,0
jason thompson,2012,25.894895828125,0.780487805,0
jeff adrien,2012,7.844375,0.097560976,0
jeff ayres,2012,5.3149999999999995,0.243902439,0
jeff foote,2012,9.7825,0.048780488,0
jeff foster,2012,12.8169697,0.134146341,0
jeff teague,2012,33.0739898939394,0.804878049,0
jeremy evans,2012,7.47091954137931,0.353658537,0
jeremy lin,2012,26.86947619142857,0.426829268,0
jeremy pargo,2012,9.63583333409091,0.536585366,0
jeremy tyler,2012,13.528809523809525,0.512195122,0
jermaine oneal,2012,22.781266667999997,0.304878049,0
jerome dyson,2012,20.020370366666665,0.109756098,0
jerome jordan,2012,5.122222223809524,0.256097561,0
jerry smith,2012,9.189,0.06097561,0
jerry stackhouse,2012,9.086055556666668,0.365853659,0
jerryd bayless,2012,22.73032258064516,0.37804878,0
jimmer fredette,2012,18.600983606557378,0.743902439,0
jimmy butler,2012,8.548373016666668,0.512195122,0
joakim noah,2012,30.388645828125,0.780487805,0
jodie meeks,2012,24.904646469696967,0.804878049,0
joe johnson,2012,35.44230555,0.731707317,0
joel anthony,2012,21.084661453125,0.780487805,0
joel przybilla,2012,16.62382715925926,0.329268293,0
johan petro,2012,15.593983050847458,0.719512195,0
john lucas,2012,14.806394557142857,0.597560976,0
john salmons,2012,27.170724630434783,0.56097561,0
john wall,2012,36.153459590909094,0.804878049,0
jon brockman,2012,6.820761905714286,0.426829268,0
jon leuer,2012,12.05568840652174,0.56097561,0
jonas jerebko,2012,22.940130203125,0.780487805,0
jonny flynn,2012,14.349827586206896,0.353658537,0
jordan crawford,2012,27.386927078125,0.780487805,0
jordan farmar,2012,21.297948717948717,0.475609756,0
jordan hamilton,2012,9.92455128076923,0.317073171,0
jordan hill,2012,14.135982905128204,0.475609756,0
jordan williams,2012,14.763100774418604,0.524390244,0
jose calderon,2012,33.944150943396224,0.646341463,0
josh childress,2012,14.454852941176469,0.414634146,0
josh davis,2012,8.685222220000002,0.182926829,0
josh harrellson,2012,14.586666667567568,0.451219512,0
josh howard,2012,23.034844960465115,0.524390244,0
josh mcroberts,2012,14.359766666,0.609756098,0
josh selby,2012,8.456607142857143,0.341463415,0
josh smith,2012,35.28280303030303,0.804878049,0
jrue holiday,2012,33.78617949230769,0.792682927,0
julyan stone,2012,8.156136363636364,0.268292683,0
justin dentmon,2012,15.118055555,0.073170732,0
justin harper,2012,5.973571428571428,0.170731707,0
juwan howard,2012,6.793511903571429,0.341463415,0
kawhi leonard,2012,23.974947921875,0.780487805,0
keith benson,2012,3.044444444333333,0.036585366,0
keith bogans,2012,18.732,0.06097561,0
kelenna azubuike,2012,5.972777776666667,0.036585366,0
kemba walker,2012,27.152222227272727,0.804878049,0
kendrick perkins,2012,26.82582050769231,0.792682927,0
kenneth faried,2012,22.54920289130435,0.56097561,0
kenyon martin,2012,22.37753968333333,0.512195122,0
kevin durant,2012,38.580429287878786,0.804878049,0
kevin garnett,2012,31.06875,0.731707317,0
kevin love,2012,39.00857576363636,0.670731707,0
kevin martin,2012,31.589416675000002,0.487804878,0
kevin seraphin,2012,20.628830403508772,0.695121951,0
keyon dooling,2012,14.38173913043478,0.56097561,0
kirk hinrich,2012,25.7636805625,0.585365854,0
klay thompson,2012,24.358560606060607,0.804878049,0
kobe bryant,2012,38.48577586206897,0.707317073,0
kosta koufos,2012,16.48993055625,0.585365854,0
kris humphries,2012,34.86747311290323,0.756097561,0
kurt thomas,2012,15.142515722641509,0.646341463,0
kwame brown,2012,20.77592592222222,0.109756098,0
kyle korver,2012,22.607282046153845,0.792682927,0
kyle lowry,2012,32.12719857446809,0.573170732,1
kyrie irving,2012,30.546111117647058,0.62195122,0
kyrylo fesenko,2012,5.66111111,0.036585366,0
lamarcus aldridge,2012,36.261545454545455,0.670731707,1
lamar odom,2012,20.5409,0.609756098,0
lance stephenson,2012,10.521626983333332,0.512195122,0
lance thomas,2012,14.987222221428572,0.512195122,0
landry fields,2012,28.692828287878786,0.804878049,0
larry hughes,2012,12.619444444444445,0.109756098,0
larry owens,2012,10.744047618571429,0.085365854,0
larry sanders,2012,12.357756409615385,0.634146341,0
lavoy allen,2012,15.222439024390244,0.5,0
lazar hayward,2012,5.4168589730769225,0.317073171,0
lebron james,2012,37.51959677419355,0.756097561,0
leandro barbosa,2012,21.588828125,0.780487805,0
lester hudson,2012,20.86125,0.195121951,0
linas kleiza,2012,21.572721081632654,0.597560976,0
lou amundson,2012,12.543194445000001,0.731707317,0
lou williams,2012,26.276953125,0.780487805,0
luc mbah a moute,2012,23.459457372093024,0.524390244,0
luis scola,2012,31.321742424242426,0.804878049,0
luke babbitt,2012,13.4175,0.487804878,0
luke harangody,2012,10.989841271428572,0.256097561,0
luke ridnour,2012,33.01433962264151,0.646341463,0
luke walton,2012,12.120555556666666,0.365853659,0
luol deng,2012,39.42570987037037,0.658536585,0
malcolm lee,2012,12.789473684210526,0.231707317,0
malcolm thomas,2012,5.0277777766666665,0.036585366,0
manny harris,2012,17.523205126923077,0.317073171,0
manu ginobili,2012,23.3025,0.414634146,0
marshon brooks,2012,29.434047625,0.682926829,0
marc gasol,2012,36.466307692307694,0.792682927,0
marcin gortat,2012,32.030530303030304,0.804878049,0
marco belinelli,2012,29.783383833333332,0.804878049,0
marcus camby,2012,22.907824864406777,0.719512195,0
marcus morris,2012,7.387843135294117,0.207317073,0
marcus thornton,2012,34.89663398039216,0.62195122,0
mario chalmers,2012,28.516354171875,0.780487805,0
markieff morris,2012,19.47595238095238,0.768292683,0
marquis daniels,2012,12.724517544736843,0.463414634,0
marreese speights,2012,22.413472216666666,0.731707317,0
martell webster,2012,24.245886531914895,0.573170732,0
marvin williams,2012,26.307105263157897,0.695121951,0
matt barnes,2012,22.859973539682542,0.768292683,0
matt bonner,2012,20.393743584615386,0.792682927,0
matt carroll,2012,11.251352201886792,0.646341463,0
maurice evans,2012,14.286180554166668,0.292682927,0
mehmet okur,2012,26.688529411764705,0.207317073,0
metta world peace,2012,26.876041671875,0.780487805,0
michael beasley,2012,23.13113474468085,0.573170732,0
michael redd,2012,15.100392156862744,0.62195122,0
mickael pietrus,2012,21.93158730238095,0.512195122,0
mickell gladness,2012,9.694166665384616,0.317073171,0
mike bibby,2012,14.278760684615385,0.475609756,0
mike conley,2012,35.065940854838715,0.756097561,0
mike dunleavy,2012,26.267484854545454,0.670731707,0
mike james,2012,10.932272727272727,0.134146341,0
mike miller,2012,19.292735043589744,0.475609756,0
mikki moore,2012,16.818571428571428,0.085365854,0
mo williams,2012,28.30217948076923,0.634146341,0
monta ellis,2012,36.55902298275863,0.707317073,0
morris almond,2012,16.64875,0.048780488,0
mychel thompson,2012,18.947,0.06097561,0
nate robinson,2012,23.378888882352943,0.62195122,0
nazr mohammed,2012,10.987354496825398,0.768292683,0
nene,2012,28.45517094871795,0.475609756,0
nick collison,2012,20.742619047619048,0.768292683,0
nick young,2012,27.889946241935483,0.756097561,0
nicolas batum,2012,30.354237288135593,0.719512195,0
nikola pekovic,2012,26.892198574468082,0.573170732,0
nikola vucevic,2012,15.913202613725488,0.62195122,0
nolan smith,2012,12.297234847727275,0.536585366,0
norris cole,2012,19.391282046153844,0.792682927,0
oj mayo,2012,26.832222227272727,0.804878049,0
omer asik,2012,14.719065656060607,0.804878049,0
omri casspi,2012,20.63643589230769,0.792682927,0
patrick patterson,2012,23.170078125,0.780487805,0
patty mills,2012,16.288125,0.195121951,0
pau gasol,2012,37.384205123076924,0.792682927,0
paul george,2012,29.661691924242426,0.804878049,0
paul millsap,2012,32.804375,0.780487805,0
paul pierce,2012,34.00937159016394,0.743902439,0
quentin richardson,2012,18.042326389583334,0.585365854,0
quincy pondexter,2012,15.656145828125,0.780487805,0
raja bell,2012,23.418431373529412,0.414634146,0
rajon rondo,2012,36.93088050943396,0.646341463,0
ramon sessions,2012,26.669947921875,0.780487805,0
randy foye,2012,25.879153846153844,0.792682927,0
rashard lewis,2012,26.029107142857146,0.341463415,0
rasual butler,2012,13.329656861764706,0.414634146,0
ray allen,2012,34.02130434782609,0.56097561,0
raymond felton,2012,31.758916666666668,0.731707317,0
reggie evans,2012,13.7712202375,0.682926829,0
reggie jackson,2012,11.126962962222223,0.548780488,0
reggie williams,2012,22.62469696969697,0.402439024,0
renaldo balkman,2012,8.24261905,0.170731707,0
richard hamilton,2012,24.87875,0.341463415,0
richard jefferson,2012,27.748941793650793,0.768292683,0
ricky rubio,2012,34.23609756097561,0.5,1
robin lopez,2012,13.979296875,0.780487805,0
rodney stuckey,2012,29.88115150909091,0.670731707,0
rodrigue beaubois,2012,21.710440245283017,0.646341463,0
roger mason,2012,13.394711538461538,0.634146341,0
ronnie brewer,2012,24.77217171212121,0.804878049,0
ronnie price,2012,14.36310185277778,0.43902439,0
ronny turiaf,2012,16.41254901764706,0.207317073,0
roy hibbert,2012,29.79910256923077,0.792682927,0
royal ivey,2012,10.414460785294118,0.414634146,0
rudy fernandez,2012,22.891290322580645,0.37804878,0
rudy gay,2012,37.26325641538462,0.792682927,0
russell westbrook,2012,35.32219696969697,0.804878049,0
ryan anderson,2012,32.19054644262295,0.743902439,0
ryan gomes,2012,13.272916665625,0.390243902,0
ryan hollins,2012,13.390042735897437,0.475609756,0
ryan reid,2012,3.332333334,0.06097561,0
sam young,2012,10.701571428571429,0.426829268,0
samardo samuels,2012,15.281512346296298,0.658536585,0
samuel dalembert,2012,22.25194872307692,0.792682927,0
sasha pavlovic,2012,11.719814815555555,0.548780488,0
sean williams,2012,9.7380303,0.134146341,0
sebastian telfair,2012,14.910833333333333,0.731707317,0
semih erden,2012,11.877976189285715,0.341463415,0
serge ibaka,2012,27.149292924242424,0.804878049,0
shane battier,2012,23.060307692307692,0.792682927,0
shannon brown,2012,23.72717513559322,0.719512195,0
shaun livingston,2012,18.8220115,0.707317073,0
shawn marion,2012,30.464576714285712,0.768292683,0
shawne williams,2012,20.567533331999996,0.304878049,0
shelden williams,2012,22.00445401724138,0.707317073,0
shelvin mack,2012,12.179375,0.780487805,0
solomon alabi,2012,8.726071428571428,0.170731707,0
solomon jones,2012,13.91984127142857,0.256097561,0
spencer hawes,2012,24.86644144054054,0.451219512,0
stephen curry,2012,28.14826923076923,0.317073171,1
stephen jackson,2012,25.777198574468084,0.573170732,0
steve blake,2012,23.339465415094338,0.646341463,0
steve nash,2012,31.63064516129032,0.756097561,0
steve novak,2012,18.89672838888889,0.658536585,0
sundiata gaines,2012,13.912602338596491,0.695121951,0
tj ford,2012,13.610952378571428,0.170731707,0
taj gibson,2012,20.388201063492062,0.768292683,0
tayshaun prince,2012,33.132566142857144,0.768292683,0
terrel harris,2012,14.464469695454545,0.268292683,0
terrence williams,2012,18.331555556666668,0.365853659,0
thabo sefolosha,2012,21.759166666666665,0.512195122,0
thaddeus young,2012,27.861322746031746,0.768292683,0
tiago splitter,2012,18.996779661016948,0.719512195,0
tim duncan,2012,28.173247120689656,0.707317073,0
timofey mozgov,2012,15.616060606818182,0.536585366,0
tobias harris,2012,11.405119047619047,0.512195122,0
toney douglas,2012,17.262324560526316,0.463414634,0
tony allen,2012,26.296695396551726,0.707317073,0
tony battie,2012,10.91882715925926,0.329268293,0
tony parker,2012,32.05244445,0.731707317,0
tracy mcgrady,2012,16.089102563461537,0.634146341,0
travis leslie,2012,4.528333333,0.12195122,0
travis outlaw,2012,12.828034187179487,0.475609756,0
trevor ariza,2012,32.92808943902439,0.5,0
trevor booker,2012,25.228733339999998,0.609756098,0
trey johnson,2012,5.577575757272727,0.134146341,0
trey thompkins,2012,4.959305554166667,0.292682927,0
tristan thompson,2012,23.729222216666667,0.731707317,0
troy murphy,2012,16.196694915254238,0.719512195,0
ty lawson,2012,34.81928962295082,0.743902439,0
tyler hansbrough,2012,21.843257575757576,0.804878049,0
tyler honeycutt,2012,5.867999999999999,0.182926829,0
tyreke evans,2012,34.32343915873016,0.768292683,0
tyrus thomas,2012,18.764197537037038,0.658536585,0
tyson chandler,2012,33.23470430645162,0.756097561,0
udonis haslem,2012,24.824244796875,0.780487805,0
vernon macklin,2012,5.889420291304348,0.280487805,0
vince carter,2012,25.279071032786888,0.743902439,0
vladimir radmanovic,2012,15.409115646938774,0.597560976,0
von wafer,2012,14.211515151515153,0.402439024,0
walker russell,2012,12.758869046428572,0.341463415,0
wayne ellington,2012,19.084509803921566,0.62195122,0
wesley johnson,2012,22.591743584615383,0.792682927,0
wesley matthews,2012,33.75315656060606,0.804878049,0
will bynum,2012,14.270185186111112,0.43902439,0
willie green,2012,17.40066037735849,0.646341463,0
wilson chandler,2012,26.825,0.097560976,0
xavier henry,2012,16.86762962888889,0.548780488,0
xavier silas,2012,19.35,0.024390244,0
yi jianlian,2012,6.770833333333333,0.365853659,0
zach randolph,2012,26.24982142857143,0.341463415,0
zaza pachulia,2012,28.281206896551723,0.707317073,0
aj price,2013,22.420994157894736,0.695121951,0
aaron brooks,2013,18.807515722641508,0.646341463,0
aaron gray,2013,12.222420635714286,0.512195122,0
al harrington,2013,11.88583333,0.12195122,0
al horford,2013,37.24925675675676,0.902439024,0
al jefferson,2013,33.05292734615385,0.951219512,0
alfarouq aminu,2013,27.185570171052632,0.926829268,0
alan anderson,2013,23.00017949230769,0.792682927,0
alec burks,2013,17.759427078125,0.780487805,0
alexey shved,2013,23.88997835064935,0.93902439,0
alonzo gee,2013,30.9820935,1.0,0
amare stoudemire,2013,23.5152298862069,0.353658537,0
amir johnson,2013,28.70135802469136,0.987804878,0
anderson varejao,2013,36.0362,0.304878049,0
andray blatche,2013,18.96558942682927,1.0,0
andre drummond,2013,20.7115,0.731707317,0
andre iguodala,2013,34.7361041625,0.975609756,0
andre miller,2013,26.23522357317073,1.0,0
andrea bargnani,2013,28.643047628571427,0.426829268,0
andrei kirilenko,2013,31.779479171875,0.780487805,0
andrew bogut,2013,24.5534375,0.390243902,0
andrew goudelock,2013,6.2,0.012195122,0
andrew nicholson,2013,16.658777773333334,0.914634146,0
andris biedrins,2013,9.34371069245283,0.646341463,0
antawn jamison,2013,21.520942986842105,0.926829268,0
anthony davis,2013,28.842994796875,0.780487805,0
anthony morrow,2013,9.342560975609757,0.5,0
anthony randolph,2013,8.433418802564102,0.475609756,0
anthony tolliver,2013,15.53483870967742,0.756097561,0
arnett moultrie,2013,11.525709219148938,0.573170732,0
aron baynes,2013,8.8346875,0.195121951,0
arron afflalo,2013,36.04140625,0.780487805,0
austin daye,2013,12.284242423636364,0.670731707,0
austin rivers,2013,23.238524590163934,0.743902439,1
avery bradley,2013,28.6927,0.609756098,0
ben gordon,2013,20.799911106666666,0.914634146,0
ben hansbrough,2013,7.153571428571429,0.341463415,0
beno udrih,2013,22.070404045454545,0.804878049,0
bernard james,2013,9.935326086956522,0.56097561,0
bismack biyombo,2013,27.327520837499996,0.975609756,0
blake griffin,2013,32.4801041625,0.975609756,1
boris diaw,2013,22.783466666666666,0.914634146,0
bradley beal,2013,31.153065482142857,0.682926829,1
brandan wright,2013,17.949348953125,0.780487805,0
brandon bass,2013,27.645,0.987804878,0
brandon jennings,2013,36.2111458375,0.975609756,0
brandon knight,2013,31.538888893333333,0.914634146,0
brandon roy,2013,24.372,0.06097561,0
brandon rush,2013,12.674166665,0.024390244,0
brendan haywood,2013,19.050573770491805,0.743902439,0
brian roberts,2013,16.9717735,0.951219512,0
brook lopez,2013,30.45096847297297,0.902439024,0
byron mullens,2013,26.937075471698112,0.646341463,0
cj watson,2013,19.0160416625,0.975609756,0
cj miles,2013,20.983435892307693,0.792682927,0
carl landry,2013,23.15668724691358,0.987804878,0
carlos boozer,2013,32.230886075949364,0.963414634,0
carlos delfino,2013,25.212885567164182,0.817073171,0
carmelo anthony,2013,37.042587059701496,0.817073171,0
caron butler,2013,24.094444448717947,0.951219512,0
cartier martin,2013,16.923739836585366,0.5,0
chandler parsons,2013,36.294429828947365,0.926829268,0
charles jenkins,2013,7.47370056440678,0.719512195,0
charlie villanueva,2013,15.824106275362318,0.841463415,0
chase budinger,2013,22.069275360869565,0.280487805,0
chauncey billups,2013,19.013636363636365,0.268292683,0
chris andersen,2013,14.868333333333334,0.512195122,0
chris bosh,2013,33.16689189189189,0.902439024,0
chris copeland,2013,15.386101191071429,0.682926829,0
chris douglasroberts,2013,10.513611111666666,0.073170732,0
chris duhon,2013,17.826992754347824,0.56097561,0
chris johnson,2013,9.473833333333333,0.365853659,0
chris johnson,2013,12.7627083375,0.097560976,0
chris kaman,2013,20.65116162121212,0.804878049,0
chris paul,2013,33.35552381428572,0.853658537,0
chris quinn,2013,11.19047619,0.085365854,0
chris singleton,2013,16.209912280701754,0.695121951,0
chris wilcox,2013,13.597923496721313,0.743902439,0
chris wright,2013,1.4583333333333333,0.036585366,0
chuck hayes,2013,16.33603604054054,0.902439024,0
cole aldrich,2013,8.616444444444445,0.548780488,0
corey brewer,2013,24.422662597560976,1.0,0
corey maggette,2013,14.273425927777778,0.219512195,0
cory higgins,2013,5.3725,0.073170732,0
cory joseph,2013,13.852142857142857,0.341463415,0
courtney lee,2013,24.884188038461538,0.951219512,0
dj augustin,2013,16.13666667105263,0.926829268,0
dj white,2013,7.1647222225,0.146341463,0
dajuan summers,2013,3.3275,0.024390244,0
daequan cook,2013,8.994897959183673,0.597560976,0
dahntay jones,2013,13.032820512820512,0.951219512,0
damian lillard,2013,38.620365853658534,1.0,0
damien wilkins,2013,17.952868852459016,0.743902439,0
damion james,2013,0.195,0.024390244,0
daniel gibson,2013,19.985978260869565,0.56097561,0
daniel orton,2013,7.991153846153846,0.158536585,0
danilo gallinari,2013,32.51518778873239,0.865853659,1
danny granger,2013,14.733333334,0.06097561,0
danny green,2013,27.5070625,0.975609756,0
dante cunningham,2013,25.125625,0.975609756,0
darius johnsonodom,2013,1.40291666675,0.048780488,0
darius miller,2013,13.346153846153847,0.634146341,0
darius morris,2013,14.222777777083332,0.585365854,0
darko milicic,2013,4.5,0.012195122,0
darrell arthur,2013,16.440197740677966,0.719512195,0
darren collison,2013,29.28032922222222,0.987804878,0
david lee,2013,36.801898734177215,0.963414634,0
david west,2013,33.361666671232875,0.890243902,0
deandre jordan,2013,24.50841463414634,1.0,0
deandre liggins,2013,7.436025641025641,0.475609756,0
dejuan blair,2013,13.9506284147541,0.743902439,0
demar derozan,2013,36.74447154878049,1.0,0
demarcus cousins,2013,30.524222226666666,0.914634146,0
demarre carroll,2013,16.8304798030303,0.804878049,0
dequan jones,2013,12.74632275079365,0.768292683,0
desagana diop,2013,10.272424240909091,0.268292683,0
deshawn stevenson,2013,20.675327375,0.682926829,0
derek fisher,2013,17.416212121212123,0.402439024,0
deron williams,2013,36.437948717948714,0.951219512,0
derrick favors,2013,23.205995675324672,0.93902439,0
derrick williams,2013,24.561858974358977,0.951219512,0
devin ebanks,2013,10.346842105263159,0.231707317,0
devin harris,2013,24.50568965517241,0.707317073,0
dexter pittman,2013,2.895606060909091,0.134146341,0
diante garrett,2013,7.863421052631579,0.231707317,0
dion waiters,2013,28.79188524590164,0.743902439,0
dirk nowitzki,2013,31.347138358490568,0.646341463,0
dominic mcguire,2013,14.879294873076923,0.317073171,0
dominique jones,2013,11.642586206896551,0.353658537,0
donald sloan,2013,11.441884056521738,0.280487805,0
donatas motiejunas,2013,12.216098484090908,0.536585366,0
dorell wright,2013,22.56681434177215,0.963414634,0
doron lamb,2013,12.293156027659574,0.573170732,0
draymond green,2013,13.429472569620254,0.963414634,0
drew gooden,2013,9.46489583125,0.195121951,0
dwight howard,2013,35.81291667105263,0.926829268,0
dwyane wade,2013,34.645676333333334,0.841463415,0
etwaun moore,2013,22.430600000000002,0.914634146,0
earl barron,2013,13.180138891666667,0.146341463,0
earl clark,2013,23.103022593220338,0.719512195,0
earl watson,2013,17.272013889583334,0.585365854,0
ed davis,2013,20.134279839506174,0.987804878,0
eddy curry,2013,12.375,0.024390244,0
ekpe udoh,2013,17.266403513157893,0.926829268,0
elton brand,2013,21.208310180555557,0.87804878,0
emeka okafor,2013,25.974071734177212,0.963414634,0
enes freedom,2013,15.396380957142856,0.853658537,0
eric bledsoe,2013,20.434320171052633,0.926829268,0
eric gordon,2013,30.09047619047619,0.512195122,0
eric maynor,2013,15.0423958328125,0.780487805,0
ersan ilyasova,2013,27.565388123287672,0.890243902,1
evan fournier,2013,11.270263157894737,0.463414634,0
evan turner,2013,35.26528454878049,1.0,0
fab melo,2013,5.9991666666666665,0.073170732,0
festus ezeli,2013,14.359764961538461,0.951219512,0
francisco garcia,2013,17.74847701724138,0.707317073,0
garrett temple,2013,22.658758176470588,0.62195122,0
gary neal,2013,21.82107842647059,0.829268293,0
george hill,2013,34.468640355263155,0.926829268,0
gerald green,2013,18.007416666666664,0.731707317,0
gerald henderson,2013,31.371642161764704,0.829268293,0
gerald wallace,2013,30.082946855072464,0.841463415,0
glen davis,2013,31.30225491176471,0.414634146,0
goran dragic,2013,33.5219697012987,0.93902439,0
gordon hayward,2013,29.225023152777776,0.87804878,0
grant hill,2013,15.057701148275862,0.353658537,0
greg monroe,2013,33.17604938271605,0.987804878,0
greg smith,2013,15.862023814285713,0.853658537,0
greg stiemsma,2013,15.91241227631579,0.926829268,0
greivis vasquez,2013,34.425790602564106,0.951219512,0
gustavo ayon,2013,13.358212121818182,0.670731707,0
hakim warrick,2013,17.460892857142856,0.341463415,0
hamed haddadi,2013,10.718777776666666,0.365853659,0
harrison barnes,2013,25.40162551851852,0.987804878,0
hasheem thabeet,2013,11.66560606060606,0.804878049,0
hedo turkoglu,2013,17.171818181818182,0.134146341,0
henry sims,2013,2.3916666665,0.024390244,0
ian mahinmi,2013,16.5265833375,0.975609756,0
iman shumpert,2013,22.13937037111111,0.548780488,0
isaiah thomas,2013,26.853818569620252,0.963414634,0
ish smith,2013,9.924647436538462,0.634146341,0
ivan johnson,2013,14.998091782608695,0.841463415,0
jj barea,2013,23.14639639189189,0.902439024,0
jj hickson,2013,29.032062500000002,0.975609756,0
jj redick,2013,30.505918807692307,0.951219512,0
jr smith,2013,33.4742916625,0.975609756,0
javale mcgee,2013,18.14445148101266,0.963414634,0
jae crowder,2013,17.34826923076923,0.951219512,0
jamaal tinsley,2013,18.492979803030305,0.804878049,0
jamal crawford,2013,29.346315789473685,0.926829268,0
jameer nelson,2013,35.30455357142857,0.682926829,0
james anderson,2013,10.288376069230768,0.475609756,0
james harden,2013,38.26305555128205,0.951219512,0
james johnson,2013,16.26728395,0.658536585,0
james jones,2013,5.804561402631579,0.463414634,0
james white,2013,7.638742689473684,0.695121951,0
jan vesely,2013,11.791470588235294,0.62195122,0
jannero pargo,2013,15.857604165625,0.390243902,0
jared cunningham,2013,3.210625,0.097560976,0
jared dudley,2013,27.46801687341772,0.963414634,0
jared jeffries,2013,9.205614034210527,0.463414634,0
jared sullinger,2013,19.811814815555554,0.548780488,0
jarrett jack,2013,29.728818569620252,0.963414634,0
jarvis varnado,2013,4.478205128461538,0.158536585,0
jason collins,2013,10.12192982368421,0.463414634,0
jason kidd,2013,26.876271934210525,0.926829268,0
jason maxiell,2013,24.84460648611111,0.87804878,0
jason richardson,2013,28.378232324242425,0.402439024,0
jason smith,2013,17.169313725490195,0.62195122,0
jason terry,2013,26.881244721518986,0.963414634,0
jason thompson,2013,27.86207317073171,1.0,0
jeff adrien,2013,13.711698717307693,0.634146341,0
jeff ayres,2013,9.976576575675676,0.451219512,0
jeff green,2013,27.795987654320985,0.987804878,0
jeff teague,2013,32.855479162500004,0.975609756,0
jeffery taylor,2013,19.577164506493506,0.93902439,0
jeremy evans,2013,5.812657656756757,0.451219512,0
jeremy lamb,2013,6.373550726086956,0.280487805,0
jeremy lin,2013,32.19457317073171,1.0,0
jeremy pargo,2013,16.79803418717949,0.475609756,0
jeremy tyler,2013,3.2577777776190477,0.256097561,0
jermaine oneal,2013,18.704090909090908,0.670731707,0
jerry stackhouse,2013,14.6940991,0.451219512,0
jerryd bayless,2013,22.0589375,0.975609756,0
jimmer fredette,2013,14.007487923188405,0.841463415,0
jimmy butler,2013,26.019186987804876,1.0,0
joakim noah,2013,36.76154040909091,0.804878049,0
jodie meeks,2013,21.32346153846154,0.951219512,0
joe johnson,2013,36.695300930555554,0.87804878,0
joel anthony,2013,9.131881720967742,0.756097561,0
joel freeland,2013,9.359542484313726,0.62195122,0
joel przybilla,2013,5.673611110833334,0.146341463,0
johan petro,2013,11.345483870967742,0.37804878,0
john henson,2013,13.129338623809524,0.768292683,0
john jenkins,2013,14.78407103770492,0.743902439,0
john lucas,2013,13.129232804761905,0.768292683,0
john salmons,2013,29.97866227631579,0.926829268,0
john wall,2013,32.69642857142857,0.597560976,0
jon leuer,2013,6.6622023821428575,0.341463415,0
jonas jerebko,2013,18.196496597959182,0.597560976,0
jonas valanciunas,2013,23.896747306451612,0.756097561,0
jordan crawford,2013,24.407547614285715,0.853658537,0
jordan hamilton,2013,9.9145,0.487804878,0
jordan hill,2013,15.79218390689655,0.353658537,0
jose calderon,2013,29.580639273972604,0.890243902,0
josh akognon,2013,2.901111111,0.036585366,0
josh childress,2013,7.151309521428572,0.170731707,0
josh harrellson,2013,5.110277778333333,0.073170732,0
josh howard,2013,18.832424245454543,0.134146341,0
josh mcroberts,2013,22.20064676119403,0.817073171,0
josh selby,2013,5.883666667,0.12195122,0
josh smith,2013,35.300723684210524,0.926829268,0
jrue holiday,2013,37.507371794871794,0.951219512,0
julyan stone,2013,6.95,0.048780488,0
justin dentmon,2013,2.1833333335,0.024390244,0
justin holiday,2013,15.778148144444446,0.109756098,0
juwan howard,2013,7.238095238571428,0.085365854,0
kawhi leonard,2013,31.209166672413794,0.707317073,0
keith bogans,2013,19.027027027027028,0.902439024,0
kemba walker,2013,34.86219512195122,1.0,0
kendall marshall,2013,14.632083333333334,0.585365854,0
kendrick perkins,2013,25.05485042307692,0.951219512,0
kenneth faried,2013,28.0947291625,0.975609756,0
kent bazemore,2013,4.374071037704918,0.743902439,0
kenyon martin,2013,23.960185183333333,0.219512195,0
kevin durant,2013,38.503909469135806,0.987804878,0
kevin garnett,2013,29.738676470588235,0.829268293,0
kevin jones,2013,10.438020834375,0.390243902,0
kevin love,2013,34.33120370555556,0.219512195,1
kevin martin,2013,27.743463207792207,0.93902439,0
kevin murphy,2013,3.0816666664705883,0.207317073,0
kevin seraphin,2013,21.782510544303797,0.963414634,0
keyon dooling,2013,11.66952381,0.085365854,0
khris middleton,2013,17.608086418518518,0.329268293,0
kim english,2013,9.916260163414634,0.5,0
kirk hinrich,2013,29.40625,0.731707317,0
klay thompson,2013,35.80418698780488,1.0,0
kobe bryant,2013,38.62324785897436,0.951219512,0
kosta koufos,2013,22.43358024691358,0.987804878,0
kris humphries,2013,18.32589743076923,0.792682927,0
kris joseph,2013,5.390166667,0.12195122,0
kurt thomas,2013,10.06128205128205,0.475609756,0
kwame brown,2013,12.248863636363637,0.268292683,0
kyle korver,2013,30.523445945945948,0.902439024,0
kyle lowry,2013,29.708725485294117,0.829268293,0
kyle oquinn,2013,11.191520468421052,0.695121951,0
kyle singler,2013,27.96247967073171,1.0,0
kyrie irving,2013,34.70968927118644,0.719512195,0
lamarcus aldridge,2013,37.70162162162162,0.902439024,0
lamar odom,2013,19.707032524390243,1.0,0
lance stephenson,2013,29.206431628205127,0.951219512,0
lance thomas,2013,10.951977401694915,0.719512195,0
landry fields,2013,20.327254901960785,0.62195122,0
larry sanders,2013,27.287981225352112,0.865853659,0
lavoy allen,2013,21.122805911392405,0.963414634,0
lazar hayward,2013,7.7683333325,0.048780488,0
lebron james,2013,37.85598684210526,0.926829268,0
leandro barbosa,2013,12.506951219512194,0.5,0
linas kleiza,2013,18.79825,0.243902439,0
lou amundson,2013,9.52448717948718,0.475609756,0
lou williams,2013,28.692905974358975,0.475609756,1
luc mbah a moute,2013,22.865172413793104,0.707317073,0
luis scola,2013,26.63676829268293,1.0,0
luke babbitt,2013,11.78024193548387,0.756097561,0
luke ridnour,2013,30.172235768292683,1.0,0
luke walton,2013,17.1436,0.609756098,0
luke zeller,2013,3.636145833125,0.195121951,0
luol deng,2013,38.70497777333333,0.914634146,0
maalik wayns,2013,7.479814814814815,0.329268293,0
malcolm lee,2013,18.04,0.195121951,0
malcolm thomas,2013,4.7316666666666665,0.146341463,0
manu ginobili,2013,23.220277783333334,0.731707317,0
marshon brooks,2013,12.490159817808218,0.890243902,0
marc gasol,2013,34.950625,0.975609756,0
marcin gortat,2013,30.750027327868853,0.743902439,0
marco belinelli,2013,25.77458904109589,0.890243902,0
marcus camby,2013,10.4348611125,0.292682927,0
marcus morris,2013,19.79103896103896,0.93902439,0
marcus thornton,2013,23.977870375,0.87804878,0
mario chalmers,2013,26.850757571428574,0.93902439,0
markieff morris,2013,22.40221545121951,1.0,0
marquis daniels,2013,18.391299440677965,0.719512195,0
marquis teague,2013,8.165034722916667,0.585365854,0
marreese speights,2013,16.45578059493671,0.963414634,0
martell webster,2013,28.94850877631579,0.926829268,0
marvin williams,2013,23.65961187671233,0.890243902,0
matt barnes,2013,25.723937499999998,0.975609756,0
matt bonner,2013,13.361078430882353,0.829268293,0
matt carroll,2013,5.85,0.012195122,0
maurice harkless,2013,25.968486842105264,0.926829268,0
metta world peace,2013,33.72846666666667,0.914634146,0
meyers leonard,2013,17.481908217391304,0.841463415,0
michael beasley,2013,20.72075556,0.914634146,0
michael kiddgilchrist,2013,25.95850426923077,0.951219512,0
mickael gelabale,2013,17.88763888888889,0.43902439,0
mickael pietrus,2013,20.332631578947368,0.231707317,0
mike conley,2013,34.457187499999996,0.975609756,0
mike dunleavy,2013,25.900666666666666,0.914634146,0
mike james,2013,19.151296295555554,0.548780488,0
mike miller,2013,15.248192089830509,0.719512195,0
mike scott,2013,9.393208332499999,0.487804878,0
miles plumlee,2013,3.9309523807142854,0.170731707,0
mirza teletovic,2013,9.42311320754717,0.646341463,0
mo williams,2013,30.82108695652174,0.56097561,0
monta ellis,2013,37.517113817073174,1.0,0
nando de colo,2013,12.781828704166665,0.87804878,0
nate robinson,2013,25.44217479268293,1.0,0
nazr mohammed,2013,10.998862433333333,0.768292683,0
nene,2013,27.201475409836064,0.743902439,0
nick collison,2013,19.542016456790122,0.987804878,0
nick young,2013,23.920084745762715,0.719512195,0
nicolas batum,2013,38.446073054794525,0.890243902,1
nikola pekovic,2013,31.60287633870968,0.756097561,0
nikola vucevic,2013,33.235497831168836,0.93902439,0
nolan smith,2013,7.191,0.487804878,0
norris cole,2013,19.87725,0.975609756,0
oj mayo,2013,35.52725609756098,1.0,0
omer asik,2013,30.0494308902439,1.0,0
omri casspi,2013,11.689961239534883,0.524390244,0
orlando johnson,2013,12.130522876470588,0.62195122,0
pj tucker,2013,24.182700417721517,0.963414634,0
pablo prigioni,2013,16.193354705128204,0.951219512,0
patrick beverley,2013,17.380284553658537,0.5,0
patrick patterson,2013,24.99887323943662,0.865853659,0
patty mills,2013,11.316954022413793,0.707317073,1
pau gasol,2013,33.77462585714286,0.597560976,0
paul george,2013,37.61890294936709,0.963414634,0
paul millsap,2013,30.445747858974357,0.951219512,0
paul pierce,2013,33.44333333766234,0.93902439,0
perry jones,2013,7.364912281578947,0.463414634,0
quentin richardson,2013,28.91666667,0.012195122,0
quincy acy,2013,11.804712644827587,0.353658537,0
quincy miller,2013,3.6690476185714287,0.085365854,0
quincy pondexter,2013,21.07093220338983,0.719512195,0
rajon rondo,2013,37.44144736842105,0.463414634,1
ramon sessions,2013,27.074754098360653,0.743902439,0
randy foye,2013,27.425691060975613,1.0,0
rashard lewis,2013,14.399666667272728,0.670731707,0
rasheed wallace,2013,14.097142857142858,0.256097561,0
ray allen,2013,25.762679329113926,0.963414634,0
raymond felton,2013,34.01188725,0.829268293,0
reggie evans,2013,24.5902916625,0.975609756,0
reggie jackson,2013,14.180119047142858,0.853658537,0
reggie williams,2013,9.498916667500001,0.487804878,0
richard hamilton,2013,21.75826666,0.609756098,0
richard jefferson,2013,10.1493452375,0.682926829,0
ricky rubio,2013,29.665058473684212,0.695121951,0
robert sacre,2013,6.35765625,0.390243902,0
robin lopez,2013,26.045894304878047,1.0,0
rodney stuckey,2013,28.56701753947368,0.926829268,0
rodrigue beaubois,2013,12.206296295555555,0.548780488,0
roger mason,2013,17.659541057971015,0.841463415,0
ronnie brewer,2013,14.205111111666668,0.731707317,0
ronnie price,2013,13.07286324871795,0.475609756,0
ronny turiaf,2013,10.780000000000001,0.792682927,0
roy hibbert,2013,28.71860759493671,0.963414634,0
royal ivey,2013,13.178207547169812,0.646341463,0
rudy gay,2013,35.826844439999995,0.914634146,0
russell westbrook,2013,34.89,1.0,1
ryan anderson,2013,30.898374481481483,0.987804878,0
ryan hollins,2013,11.054111111666666,0.731707317,0
sam young,2013,12.373482142857142,0.682926829,0
samardo samuels,2013,10.863703705555556,0.219512195,0
samuel dalembert,2013,16.269929078723404,0.573170732,0
sasha pavlovic,2013,13.525811966666666,0.475609756,0
scott machado,2013,3.5416666666666665,0.073170732,0
sebastian telfair,2013,16.611525423728814,0.719512195,0
serge ibaka,2013,31.0791041625,0.975609756,0
shane battier,2013,24.809189819444445,0.87804878,0
shannon brown,2013,23.76259886440678,0.719512195,0
shaun livingston,2013,22.042272727272728,0.804878049,0
shavlik randolph,2013,12.37947916875,0.195121951,0
shawn marion,2013,30.004154223880597,0.817073171,0
shelvin mack,2013,13.419032258064517,0.37804878,0
solomon jones,2013,13.025,0.024390244,0
spencer hawes,2013,27.235609756097563,1.0,0
stephen curry,2013,38.237884615384615,0.951219512,0
stephen jackson,2013,19.547,0.670731707,0
steve blake,2013,26.105851844444448,0.548780488,0
steve nash,2013,32.5359,0.609756098,0
steve novak,2013,20.255452679012347,0.987804878,0
taj gibson,2013,22.451948723076924,0.792682927,0
tayshaun prince,2013,32.092743902439025,1.0,0
terrel harris,2013,6.857583334999999,0.243902439,0
terrence jones,2013,14.510526315789473,0.231707317,0
terrence ross,2013,16.976278534246575,0.890243902,0
terrence williams,2013,13.249930554166667,0.292682927,0
thabo sefolosha,2013,27.51537037037037,0.987804878,0
thaddeus young,2013,34.58603069736842,0.926829268,0
thomas robinson,2013,15.081642857142857,0.853658537,0
tiago splitter,2013,24.654506172839508,0.987804878,0
tim duncan,2013,30.116400971014496,0.841463415,0
tim ohlbrecht,2013,3.9111111100000002,0.036585366,0
timofey mozgov,2013,8.931910568292682,0.5,0
tobias harris,2013,23.610818181818182,0.670731707,0
toney douglas,2013,18.14098591549296,0.865853659,0
tony allen,2013,26.697405063291136,0.963414634,0
tony parker,2013,32.93772727272727,0.804878049,0
tony wroten,2013,7.769904762857142,0.426829268,0
tornike shengelia,2013,4.878508772105263,0.231707317,0
travis outlaw,2013,11.678771928947368,0.463414634,0
trevor ariza,2013,26.262589285714284,0.682926829,0
trevor booker,2013,18.476770833333333,0.585365854,0
tristan thompson,2013,31.270264231707316,1.0,0
troy murphy,2013,18.283333335714286,0.170731707,0
ty lawson,2013,34.42013698630137,0.890243902,0
tyler hansbrough,2013,16.85847737037037,0.987804878,0
tyler honeycutt,2013,3.50037037,0.109756098,0
tyler zeller,2013,26.404913415584417,0.93902439,0
tyreke evans,2013,31.01635896923077,0.792682927,0
tyrus thomas,2013,13.844102565384615,0.317073171,0
tyshawn taylor,2013,5.802719297368421,0.463414634,0
tyson chandler,2013,32.780757575757576,0.804878049,0
udonis haslem,2013,18.851222226666664,0.914634146,0
viacheslav kravtsov,2013,8.948533332,0.304878049,0
victor claver,2013,16.573911565306123,0.597560976,0
vince carter,2013,25.83641975308642,0.987804878,0
vladimir radmanovic,2013,5.744199999999999,0.304878049,0
wayne ellington,2013,21.29275641025641,0.951219512,0
wesley johnson,2013,19.051666666000003,0.609756098,0
wesley matthews,2013,34.8208454057971,0.841463415,0
will barton,2013,12.243424657534247,0.890243902,0
will bynum,2013,18.756384615384615,0.792682927,0
will conroy,2013,5.1091666675,0.048780488,0
willie green,2013,16.496967597222223,0.87804878,0
wilson chandler,2013,25.101434116279066,0.524390244,0
xavier henry,2013,12.502733334,0.609756098,0
zach randolph,2013,34.302521934210525,0.926829268,0
zaza pachulia,2013,21.813685903846153,0.634146341,0
aj price,2014,3.5488690474999998,0.341463415,0
aaron brooks,2014,21.62877315277778,0.87804878,0
aaron gray,2014,9.577702702702704,0.451219512,0
adonis thomas,2014,6.263888888333334,0.073170732,0
al harrington,2014,15.04014705882353,0.414634146,0
al horford,2014,33.0251724137931,0.353658537,1
al jefferson,2014,34.97586757534246,0.890243902,0
alfarouq aminu,2014,25.567833337499998,0.975609756,0
alan anderson,2014,22.72448717948718,0.951219512,0
alec burks,2014,28.1167735,0.951219512,0
alex len,2014,8.62579365,0.512195122,0
alexey shved,2014,10.540582011111113,0.768292683,0
alexis ajinca,2014,16.97461309464286,0.682926829,0
allen crabbe,2014,6.651888888666666,0.182926829,0
alonzo gee,2014,15.688230769230769,0.792682927,0
amare stoudemire,2014,22.556692307692305,0.792682927,0
amir johnson,2014,28.751666662337662,0.93902439,0
anderson varejao,2014,27.695974353846154,0.792682927,0
andray blatche,2014,22.166141547945205,0.890243902,0
andre drummond,2014,32.334300407407405,0.987804878,0
andre iguodala,2014,32.37632274603175,0.768292683,0
andre miller,2014,16.928908046551722,0.707317073,0
andre roberson,2014,9.9760833325,0.487804878,0
andrea bargnani,2014,29.93142857142857,0.512195122,0
andrei kirilenko,2014,19.051296295555556,0.548780488,0
andrew bogut,2014,26.409079597014927,0.817073171,0
andrew bynum,2014,19.827371796153844,0.317073171,0
andrew nicholson,2014,15.441228065789474,0.926829268,0
andris biedrins,2014,7.430555555000001,0.073170732,0
antawn jamison,2014,11.25257575909091,0.268292683,0
anthony bennett,2014,12.743044871153845,0.634146341,0
anthony davis,2014,35.19062189552239,0.817073171,0
anthony morrow,2014,18.75991227631579,0.926829268,0
anthony randolph,2014,12.255891472093024,0.524390244,0
anthony tolliver,2014,20.282838546875,0.780487805,0
archie goodwin,2014,10.247692307692308,0.634146341,0
arinze onuaku,2014,6.029999999999999,0.06097561,0
arnett moultrie,2014,15.588333333333333,0.146341463,0
aron baynes,2014,9.260534590566039,0.646341463,0
arron afflalo,2014,34.96358447945206,0.890243902,0
austin daye,2014,6.737424240909092,0.268292683,0
austin rivers,2014,19.40123188405797,0.841463415,0
avery bradley,2014,30.91825,0.731707317,0
ben gordon,2014,14.671666668421052,0.231707317,0
ben mclemore,2014,26.6695935,1.0,0
beno udrih,2014,15.680894309756097,0.5,0
bernard james,2014,4.866833333333333,0.365853659,0
bismack biyombo,2014,13.928008662337662,0.93902439,0
blake griffin,2014,35.7912708375,0.975609756,0
boris diaw,2014,24.988248949367087,0.963414634,0
bradley beal,2014,34.657785383561645,0.890243902,0
brandan wright,2014,18.575603448275864,0.707317073,0
brandon bass,2014,27.639004060975612,1.0,0
brandon davies,2014,11.275065358823529,0.62195122,0
brandon jennings,2014,34.1014166625,0.975609756,0
brandon knight,2014,33.334490736111114,0.87804878,0
brandon rush,2014,10.999166665789474,0.463414634,0
brian roberts,2014,23.15011573611111,0.87804878,0
brook lopez,2014,31.37705882352941,0.207317073,1
byron mullens,2014,9.209296295555555,0.548780488,0
cj watson,2014,18.940978841269843,0.768292683,0
cj mccollum,2014,12.519473684210526,0.463414634,0
cj miles,2014,19.296535947058825,0.62195122,0
carl landry,2014,12.942592594444443,0.219512195,0
carlos boozer,2014,28.172675434210525,0.926829268,0
carmelo anthony,2014,38.723787883116884,0.93902439,0
caron butler,2014,25.34017857142857,0.682926829,0
carrick felix,2014,5.442857142857143,0.085365854,0
cartier martin,2014,14.742966101694917,0.719512195,0
casper ware,2014,12.862592588888889,0.109756098,0
chandler parsons,2014,37.6024099054054,0.902439024,0
channing frye,2014,28.19884146341463,1.0,0
charlie villanueva,2014,8.983833335,0.243902439,0
chase budinger,2014,18.311869919512194,0.5,0
chauncey billups,2014,16.287894736842105,0.231707317,0
chris andersen,2014,19.389189819444443,0.87804878,0
chris babb,2014,9.452142857142858,0.170731707,0
chris bosh,2014,32.042426164556964,0.963414634,0
chris copeland,2014,6.45390243902439,0.5,0
chris douglasroberts,2014,20.72489795918367,0.597560976,0
chris johnson,2014,19.7287083325,0.487804878,0
chris kaman,2014,18.871153846153845,0.475609756,0
chris paul,2014,35.01586020967742,0.756097561,0
chris singleton,2014,9.998733332,0.304878049,0
chris smith,2014,0.9783333335,0.024390244,0
chris wright,2014,15.6883333375,0.097560976,0
chuck hayes,2014,12.35019125737705,0.743902439,0
cody zeller,2014,17.27660569512195,1.0,0
cole aldrich,2014,7.174275363043478,0.56097561,0
corey brewer,2014,32.21423867901235,0.987804878,0
cory joseph,2014,13.764411764705883,0.829268293,0
courtney lee,2014,24.97421940506329,0.963414634,0
dj augustin,2014,27.30483567605634,0.865853659,0
dj stephens,2014,4.877222223333333,0.036585366,0
dj white,2014,5.091666665,0.024390244,0
damian lillard,2014,35.81237804878049,1.0,0
damion james,2014,10.071,0.06097561,0
daniel orton,2014,11.400151513636363,0.268292683,0
danny granger,2014,20.673130080487805,0.5,0
danny green,2014,24.280882352941177,0.829268293,0
dante cunningham,2014,20.18320987654321,0.987804878,0
darius johnsonodom,2014,5.098333333333334,0.036585366,0
darius miller,2014,16.061407406666667,0.548780488,0
darius morris,2014,11.585740740740741,0.329268293,0
darrell arthur,2014,17.075073529411764,0.829268293,0
darren collison,2014,25.8663333375,0.975609756,0
david lee,2014,33.163816420289855,0.841463415,0
david west,2014,30.9018125,0.975609756,0
deandre jordan,2014,35.00530487804878,1.0,0
deandre liggins,2014,1.4,0.012195122,0
dejuan blair,2014,15.561837602564102,0.951219512,0
demar derozan,2014,38.1851476835443,0.963414634,0
demarcus cousins,2014,32.365375591549295,0.865853659,0
demarre carroll,2014,32.06171232876712,0.890243902,0
dennis schroder,2014,13.089965985714285,0.597560976,0
derek fisher,2014,17.62989712345679,0.987804878,0
deron williams,2014,32.177265625,0.780487805,0
derrick favors,2014,30.153333328767125,0.890243902,0
derrick rose,2014,31.08883333,0.12195122,1
derrick williams,2014,23.33591880769231,0.951219512,0
devin harris,2014,20.4448333325,0.487804878,0
dewayne dedmon,2014,12.594301074193549,0.37804878,0
dexter pittman,2014,1.47,0.024390244,0
diante garrett,2014,14.75453052112676,0.865853659,0
dion waiters,2014,29.600428571428573,0.853658537,0
dionte christmas,2014,6.383010751612904,0.37804878,0
dirk nowitzki,2014,32.8508541625,0.975609756,0
donald sloan,2014,8.170347222916666,0.585365854,0
donatas motiejunas,2014,15.358037633870968,0.756097561,0
dorell wright,2014,14.47779411764706,0.829268293,0
doron lamb,2014,13.109622641509432,0.646341463,0
draymond green,2014,21.91148374390244,1.0,0
drew gooden,2014,17.95916666818182,0.268292683,0
dwight buycks,2014,10.430833335714285,0.170731707,0
dwight howard,2014,33.752277,0.865853659,0
dwyane wade,2014,32.86395061111111,0.658536585,0
etwaun moore,2014,19.059852316455697,0.963414634,0
earl clark,2014,14.230339505555555,0.658536585,0
earl watson,2014,6.6913888875000005,0.292682927,0
ed davis,2014,15.175925925396827,0.768292683,0
ekpe udoh,2014,19.13769841190476,0.512195122,0
elias harris,2014,5.691666665,0.024390244,0
elliot williams,2014,17.271666671641793,0.817073171,0
elton brand,2014,19.365182643835617,0.890243902,0
enes freedom,2014,26.726999999999997,0.975609756,0
eric bledsoe,2014,32.94124030232558,0.524390244,0
eric gordon,2014,32.144947921875,0.780487805,0
eric maynor,2014,10.53795699032258,0.37804878,0
erik murphy,2014,2.5896527779166667,0.292682927,0
ersan ilyasova,2014,26.881909090909094,0.670731707,1
evan fournier,2014,19.78263157894737,0.926829268,0
evan turner,2014,30.332860086419753,0.987804878,0
francisco garcia,2014,19.695454545454545,0.670731707,0
gal mekel,2014,9.409408603225806,0.37804878,0
garrett temple,2014,8.507666666666667,0.914634146,0
gary neal,2014,21.41310898076923,0.634146341,0
george hill,2014,32.022214907894735,0.926829268,0
gerald green,2014,28.413150402439026,1.0,0
gerald henderson,2014,31.95614718181818,0.93902439,0
gerald wallace,2014,24.41758620689655,0.707317073,0
giannis antetokounmpo,2014,24.633874454545452,0.93902439,0
gigi datome,2014,6.986666667647059,0.414634146,0
glen davis,2014,24.439411764705884,0.829268293,0
glen rice,2014,9.875454545454545,0.134146341,0
goran dragic,2014,35.10517543421052,0.926829268,0
gordon hayward,2014,36.35889610389611,0.93902439,0
gorgui dieng,2014,13.630388888333332,0.731707317,0
greg monroe,2014,32.79815040243902,1.0,0
greg oden,2014,9.223695652173914,0.280487805,0
greg smith,2014,9.117727272727272,0.134146341,0
greg stiemsma,2014,18.30012121818182,0.670731707,0
greivis vasquez,2014,22.51770041772152,0.963414634,0
gustavo ayon,2014,16.509615384615383,0.317073171,0
hamady ndiaye,2014,5.303809523571429,0.170731707,0
harrison barnes,2014,28.253290602564103,0.951219512,0
hasheem thabeet,2014,8.3657971,0.280487805,0
hedo turkoglu,2014,10.312763157894736,0.463414634,0
henry sims,2014,19.022463767391304,0.56097561,0
hilton armstrong,2014,6.440333333333333,0.182926829,0
hollis thompson,2014,22.619415584415584,0.93902439,0
ian clark,2014,7.460724639130434,0.280487805,0
ian mahinmi,2014,16.20523809090909,0.93902439,0
iman shumpert,2014,26.51698198648649,0.902439024,0
isaiah canaan,2014,11.46568181818182,0.268292683,0
isaiah thomas,2014,34.68451388888889,0.87804878,0
ish smith,2014,14.378095242857142,0.853658537,0
jj barea,2014,18.62428269620253,0.963414634,0
jj hickson,2014,26.948478260869564,0.841463415,0
jj redick,2014,28.208142857142857,0.426829268,0
jr smith,2014,32.7190990945946,0.902439024,0
javale mcgee,2014,15.898,0.06097561,1
jae crowder,2014,16.07051282051282,0.951219512,0
jamaal franklin,2014,7.691587299999999,0.256097561,0
jamaal tinsley,2014,13.775,0.097560976,0
jamal crawford,2014,30.35219807246377,0.841463415,0
jameer nelson,2014,32.04387254411765,0.829268293,0
james anderson,2014,28.8655625,0.975609756,0
james harden,2014,38.047397260273975,0.890243902,1
james johnson,2014,18.390705128846154,0.634146341,0
james jones,2014,11.786416665,0.243902439,0
james nunnally,2014,12.727051284615385,0.158536585,0
james southerland,2014,7.4833333325,0.048780488,0
jan vesely,2014,14.377376542592593,0.658536585,0
jannero pargo,2014,8.33614942413793,0.353658537,0
jared cunningham,2014,6.165,0.158536585,0
jared dudley,2014,23.36448198648649,0.902439024,0
jared sullinger,2014,27.584211716216217,0.902439024,0
jarrett jack,2014,28.151375,0.975609756,0
jarvis varnado,2014,14.139166666666666,0.292682927,0
jason collins,2014,7.823106059090909,0.268292683,0
jason maxiell,2014,14.366813726470589,0.414634146,0
jason smith,2014,26.777526880645162,0.37804878,0
jason terry,2014,16.29471428571429,0.426829268,0
jason thompson,2014,24.471544719512195,1.0,0
jeff adrien,2014,18.14959119433962,0.646341463,0
jeff ayres,2014,13.04458904109589,0.890243902,0
jeff green,2014,34.2109756097561,1.0,0
jeff teague,2014,32.176223632911395,0.963414634,1
jeff withey,2014,11.800229884482759,0.707317073,0
jeffery taylor,2014,24.200128203846155,0.317073171,0
jeremy evans,2014,18.32434343939394,0.804878049,0
jeremy lamb,2014,19.716089743589745,0.951219512,0
jeremy lin,2014,28.92992957746479,0.865853659,0
jeremy tyler,2014,9.695650407317073,0.5,0
jermaine oneal,2014,20.075530302272725,0.536585366,0
jerryd bayless,2014,23.413101847222222,0.87804878,0
jimmer fredette,2014,10.584795918367346,0.597560976,0
jimmy butler,2014,38.664079597014926,0.817073171,0
joakim noah,2014,35.246187500000005,0.975609756,0
jodie meeks,2014,33.194956714285716,0.93902439,0
joe johnson,2014,32.589957810126585,0.963414634,0
joel anthony,2014,5.640454545454546,0.402439024,0
joel freeland,2014,13.98535256346154,0.634146341,0
john henson,2014,26.519619042857144,0.853658537,0
john jenkins,2014,12.119743592307692,0.158536585,0
john lucas,2014,14.082023809523811,0.512195122,0
john salmons,2014,22.12525641025641,0.951219512,0
john wall,2014,36.33981707317073,1.0,0
jon leuer,2014,13.095034014285714,0.597560976,0
jonas jerebko,2014,11.579453125,0.780487805,0
jonas valanciunas,2014,28.175432098765434,0.987804878,0
jordan crawford,2014,22.957345679012345,0.987804878,0
jordan farmar,2014,22.25162601707317,0.5,0
jordan hamilton,2014,16.994277783333334,0.731707317,0
jordan hill,2014,20.829976847222223,0.87804878,0
jorge gutierrez,2014,16.269111113333334,0.182926829,0
jose calderon,2014,30.472592592592594,0.987804878,0
josh childress,2014,5.9608333325,0.048780488,0
josh harrellson,2014,9.918020834375,0.390243902,0
josh mcroberts,2014,30.257029910256414,0.951219512,0
josh powell,2014,19.36666667,0.012195122,0
josh smith,2014,35.45813853246754,0.93902439,0
jrue holiday,2014,33.62965685294118,0.414634146,1
julyan stone,2014,5.717777776190476,0.256097561,0
justin hamilton,2014,9.01833333375,0.097560976,0
kawhi leonard,2014,29.12992424242424,0.804878049,0
keith bogans,2014,9.202222221666666,0.073170732,0
kelly olynyk,2014,19.999357142857143,0.853658537,0
kemba walker,2014,35.8077397260274,0.890243902,0
kendall marshall,2014,28.960123462962965,0.658536585,0
kendrick perkins,2014,19.46107527419355,0.756097561,0
kenneth faried,2014,27.225916662499998,0.975609756,0
kent bazemore,2014,13.599278607462686,0.817073171,0
kentavious caldwellpope,2014,19.7814166625,0.975609756,0
kenyon martin,2014,19.77984375,0.390243902,0
kevin durant,2014,38.53958848148148,0.987804878,0
kevin garnett,2014,20.528765425925926,0.658536585,0
kevin love,2014,36.31818181818182,0.93902439,0
kevin martin,2014,32.01350489705882,0.829268293,0
kevin seraphin,2014,10.913679245283017,0.646341463,0
khris middleton,2014,30.004715451219514,1.0,0
kirk hinrich,2014,28.991872150684934,0.890243902,0
klay thompson,2014,35.4047942345679,0.987804878,0
kobe bryant,2014,29.54722221666667,0.073170732,0
kosta koufos,2014,16.8670625,0.975609756,0
kris humphries,2014,19.939685985507246,0.841463415,0
kyle korver,2014,33.92187792957746,0.865853659,0
kyle lowry,2014,36.227236291139235,0.963414634,0
kyle oquinn,2014,17.218478260869567,0.841463415,0
kyle singler,2014,28.505060975609755,1.0,0
kyrie irving,2014,35.150281690140844,0.865853659,0
lamarcus aldridge,2014,36.21582126086956,0.841463415,1
lance stephenson,2014,35.2825641025641,0.951219512,0
lance thomas,2014,8.446333334,0.06097561,0
landry fields,2014,10.739833333333333,0.365853659,0
larry sanders,2014,25.410072465217393,0.280487805,0
lavoy allen,2014,16.483974353846154,0.792682927,0
lebron james,2014,37.68662337662337,0.93902439,0
leandro barbosa,2014,18.38025,0.243902439,0
lorenzo brown,2014,8.60576923076923,0.317073171,0
lou amundson,2014,9.719473684210525,0.231707317,0
lou williams,2014,24.077527783333334,0.731707317,0
luc mbah a moute,2014,15.672239578125,0.780487805,0
luis scola,2014,17.0625,1.0,0
luke babbitt,2014,17.532962962962962,0.329268293,0
luke ridnour,2014,18.69707650819672,0.743902439,0
luol deng,2014,35.12169312698413,0.768292683,0
maalik wayns,2014,4.6866666665,0.024390244,0
malcolm thomas,2014,7.840625,0.097560976,0
manny harris,2014,19.967222222222222,0.109756098,0
manu ginobili,2014,22.80075980882353,0.829268293,0
marshon brooks,2014,9.046000000000001,0.426829268,0
marc gasol,2014,33.393757067796614,0.719512195,0
marcin gortat,2014,32.77746913580247,0.987804878,0
marco belinelli,2014,25.1978125,0.975609756,0
marcus morris,2014,21.94977642682927,1.0,0
marcus thornton,2014,24.176018513888888,0.87804878,0
mario chalmers,2014,29.837488589041097,0.890243902,0
markieff morris,2014,26.58148148148148,0.987804878,0
marquis teague,2014,11.060375,0.487804878,0
marreese speights,2014,12.433291139240506,0.963414634,0
martell webster,2014,27.65532051282051,0.951219512,0
marvin williams,2014,25.357297984848483,0.804878049,0
mason plumlee,2014,18.21088095714286,0.853658537,0
matt barnes,2014,27.543439158730155,0.768292683,0
matt bonner,2014,11.312185791803278,0.743902439,0
matthew dellavedova,2014,17.65375,0.87804878,0
maurice harkless,2014,24.3700833375,0.975609756,0
melvin ely,2014,13.625,0.024390244,0
metta world peace,2014,13.386321837931034,0.353658537,0
meyers leonard,2014,8.8802916675,0.487804878,0
michael beasley,2014,15.116757576363636,0.670731707,0
michael carterwilliams,2014,34.484476185714286,0.853658537,0
michael kiddgilchrist,2014,24.22690859677419,0.756097561,0
mike conley,2014,33.50518264383562,0.890243902,0
mike dunleavy,2014,31.508719512195125,1.0,0
mike harris,2014,11.239333335000001,0.243902439,0
mike james,2014,7.009696969999999,0.134146341,0
mike miller,2014,20.810731707317075,1.0,0
mike muscala,2014,10.7485,0.243902439,0
mike scott,2014,18.5226875,0.975609756,0
miles plumlee,2014,24.5464791625,0.975609756,0
miroslav raduljica,2014,9.67805555625,0.585365854,0
mirza teletovic,2014,19.383171291666667,0.87804878,0
mo williams,2014,24.773468472972972,0.902439024,0
monta ellis,2014,36.86042682926829,1.0,0
mustafa shakur,2014,3.8277777766666667,0.036585366,0
nando de colo,2014,10.518510638297872,0.573170732,0
nate robinson,2014,19.68359848409091,0.536585366,0
nate wolters,2014,22.57514367241379,0.707317073,0
nazr mohammed,2014,7.030479166249999,0.975609756,0
nemanja nedovic,2014,5.931527779166667,0.292682927,0
nene,2014,29.441226415094338,0.646341463,0
nick calathes,2014,16.515140845070423,0.865853659,0
nick collison,2014,16.705884777777776,0.987804878,0
nick young,2014,28.273229171875,0.780487805,0
nicolas batum,2014,36.048516256097564,1.0,0
nikola pekovic,2014,30.804382722222222,0.658536585,0
nikola vucevic,2014,31.794122807017544,0.695121951,0
norris cole,2014,24.56512195121951,1.0,0
oj mayo,2014,25.886730769230766,0.634146341,0
ognjen kuzmic,2014,4.403174603333333,0.256097561,0
omer asik,2014,20.16850694375,0.585365854,0
omri casspi,2014,18.068075112676055,0.865853659,0
orlando johnson,2014,8.719444444444445,0.548780488,0
othyus jeffers,2014,7.783611111666667,0.073170732,0
otto porter,2014,8.62036035945946,0.451219512,0
pj tucker,2014,30.742304530864196,0.987804878,0
pablo prigioni,2014,19.432171712121214,0.804878049,0
patrick beverley,2014,31.2625,0.682926829,0
patrick patterson,2014,23.576307692307694,0.792682927,0
patty mills,2014,18.857572012345678,0.987804878,0
pau gasol,2014,31.40369445,0.731707317,0
paul george,2014,36.2288541625,0.975609756,0
paul millsap,2014,33.53605855405406,0.902439024,0
paul pierce,2014,27.97384444,0.914634146,0
pero antic,2014,18.496166666,0.609756098,0
perry jones,2014,12.330430108064515,0.756097561,0
peyton siva,2014,9.3475,0.292682927,0
phil pressey,2014,15.088622226666667,0.914634146,0
quincy acy,2014,13.455476190476192,0.768292683,0
quincy miller,2014,15.175032051923077,0.634146341,0
quincy pondexter,2014,18.020555553333335,0.182926829,0
rajon rondo,2014,33.27438889,0.365853659,0
ramon sessions,2014,26.675140566265057,1.012195122,0
randy foye,2014,30.678662555555555,0.987804878,0
rashard lewis,2014,16.183416666666666,0.731707317,0
rasual butler,2014,7.564566665999999,0.609756098,0
ray allen,2014,26.51732876712329,0.890243902,0
ray mccallum,2014,19.92677777777778,0.548780488,0
raymond felton,2014,31.03553846153846,0.792682927,0
reggie bullock,2014,9.199379844186046,0.524390244,0
reggie evans,2014,16.647808642592594,0.658536585,0
reggie jackson,2014,28.468374999999998,0.975609756,0
reggie williams,2014,5.56111111,0.036585366,0
richard jefferson,2014,26.98272357317073,1.0,0
ricky ledo,2014,3.016363636363636,0.134146341,0
ricky rubio,2014,32.1694308902439,1.0,0
robbie hummel,2014,12.361383647169811,0.646341463,0
robert covington,2014,4.832857142857143,0.085365854,0
robert sacre,2014,16.75076923076923,0.792682927,0
robin lopez,2014,31.75142276829268,1.0,0
rodney stuckey,2014,26.717579904109588,0.890243902,0
roger mason,2014,10.399533332,0.304878049,0
ronnie brewer,2014,6.678680554166667,0.292682927,0
ronnie price,2014,12.158333332258064,0.37804878,0
ronny turiaf,2014,19.536935483870966,0.37804878,0
roy hibbert,2014,29.74026749382716,0.987804878,0
royal ivey,2014,2.4,0.024390244,0
royce white,2014,2.968888889,0.036585366,0
rudy gay,2014,34.66748858904109,0.890243902,0
rudy gobert,2014,9.637592593333332,0.548780488,0
russell westbrook,2014,30.689202891304348,0.56097561,0
ryan anderson,2014,36.12515151363636,0.268292683,0
ryan gomes,2014,6.85,0.06097561,0
ryan hollins,2014,7.898224044262295,0.743902439,0
ryan kelly,2014,22.23502825423729,0.719512195,0
samuel dalembert,2014,20.171,0.975609756,0
sasha vujacic,2014,5.193333335,0.024390244,0
scotty hopson,2014,3.3833333335,0.024390244,0
serge ibaka,2014,32.912757197530865,0.987804878,0
sergey karasev,2014,7.082878786363636,0.268292683,0
seth curry,2014,6.458333335,0.024390244,0
shabazz muhammad,2014,7.836441440540541,0.451219512,0
shane battier,2014,20.103881273972604,0.890243902,0
shane edwards,2014,5.883333335,0.024390244,0
shane larkin,2014,10.19663194375,0.585365854,0
shannon brown,2014,8.665057472413794,0.353658537,0
shaun livingston,2014,25.97557017105263,0.926829268,0
shavlik randolph,2014,6.782023809285714,0.170731707,0
shawn marion,2014,31.69333332894737,0.926829268,0
shawne williams,2014,20.854675925,0.43902439,0
shelvin mack,2014,20.416461191780822,0.890243902,0
solomon hill,2014,8.056785714285715,0.341463415,0
solomon jones,2014,7.74530303,0.134146341,0
spencer hawes,2014,30.8697916625,0.975609756,0
stephen curry,2014,36.485363243589745,0.951219512,0
stephen jackson,2014,11.865,0.109756098,0
steve blake,2014,27.23942423636364,0.670731707,0
steve nash,2014,20.841222220000002,0.182926829,0
steve novak,2014,10.006944444444445,0.658536585,0
steven adams,2014,14.781769543209878,0.987804878,0
taj gibson,2014,28.672073170731707,1.0,0
tayshaun prince,2014,25.636513157894736,0.926829268,0
terrence jones,2014,27.342894736842105,0.926829268,0
terrence ross,2014,26.65545267901235,0.987804878,0
thabo sefolosha,2014,25.96877049180328,0.743902439,0
thaddeus young,2014,34.400147683544304,0.963414634,0
thomas robinson,2014,12.47107142857143,0.853658537,0
tiago splitter,2014,21.545169491525424,0.719512195,0
tim duncan,2014,29.164301797297295,0.902439024,0
tim hardaway,2014,23.15405349382716,0.987804878,0
timofey mozgov,2014,21.585853658536585,1.0,0
tobias harris,2014,30.320409836065576,0.743902439,0
toney douglas,2014,13.229248366666667,0.62195122,0
tony allen,2014,23.240090909090906,0.670731707,0
tony mitchell,2014,3.768015872857143,0.256097561,0
tony mitchell,2014,3.25,0.036585366,0
tony parker,2014,29.366593132352943,0.829268293,0
tony snell,2014,15.983203467532466,0.93902439,0
tony wroten,2014,24.509282402777778,0.87804878,0
tornike shengelia,2014,5.954102565384615,0.317073171,0
toure murry,2014,7.3027777784313725,0.62195122,0
travis outlaw,2014,16.905396825396824,0.768292683,0
trevor ariza,2014,35.35766233766234,0.93902439,0
trevor booker,2014,21.575300930555557,0.87804878,0
trey burke,2014,32.32042857142857,0.853658537,0
tristan thompson,2014,31.629410573170734,1.0,0
troy daniels,2014,14.959999999999999,0.06097561,0
ty lawson,2014,35.83069891935484,0.756097561,0
tyler hansbrough,2014,15.28171875,0.780487805,0
tyler zeller,2014,14.991547614285716,0.853658537,0
tyreke evans,2014,28.16446759722222,0.87804878,0
tyshawn taylor,2014,11.747463769565217,0.280487805,0
tyson chandler,2014,30.216606054545455,0.670731707,0
udonis haslem,2014,14.192826086956522,0.56097561,0
vander blue,2014,4.88888889,0.036585366,0
viacheslav kravtsov,2014,2.9733333335000003,0.243902439,0
victor claver,2014,8.749444442857143,0.256097561,0
victor oladipo,2014,31.0811666625,0.975609756,0
vince carter,2014,24.357489716049383,0.987804878,0
vitor faverani,2014,13.178783783783784,0.451219512,0
wayne ellington,2014,8.732222222222221,0.548780488,0
wesley johnson,2014,28.354451481012656,0.963414634,0
wesley matthews,2014,33.90560975609756,1.0,0
will barton,2014,9.430162602439024,0.5,0
will bynum,2014,18.824077375,0.682926829,0
willie green,2014,15.804545454545455,0.670731707,0
wilson chandler,2014,31.076129032258066,0.756097561,0
xavier henry,2014,21.12038759767442,0.524390244,0
zach randolph,2014,34.24056962025317,0.963414634,0
zaza pachulia,2014,24.991981132075473,0.646341463,0
aj price,2015,12.441923076923077,0.317073171,0
aaron brooks,2015,22.983089426829267,1.0,0
aaron gordon,2015,16.955851063829787,0.573170732,0
adreian payne,2015,23.113697915625,0.390243902,0
al horford,2015,30.502192986842104,0.926829268,0
al jefferson,2015,30.642666661538463,0.792682927,0
alfarouq aminu,2015,18.456599094594594,0.902439024,0
alan anderson,2015,23.571599094594593,0.902439024,0
alec burks,2015,33.29895061851852,0.329268293,1
alex kirk,2015,2.7969999999999997,0.06097561,0
alex len,2015,22.0,0.841463415,1
alexey shved,2015,18.267619047619046,0.512195122,0
alexis ajinca,2015,14.066715686764706,0.829268293,0
allen crabbe,2015,13.39212418235294,0.62195122,0
alonzo gee,2015,12.249753087037037,0.658536585,0
amare stoudemire,2015,21.091101694915253,0.719512195,0
amir johnson,2015,26.383333333333333,0.914634146,0
anderson varejao,2015,24.44621795,0.317073171,0
andre dawkins,2015,5.4195833325,0.048780488,0
andre drummond,2015,30.510467475609758,1.0,0
andre iguodala,2015,26.864848480519477,0.93902439,0
andre miller,2015,15.472489716049383,0.987804878,0
andre roberson,2015,19.195721388059702,0.817073171,0
andrea bargnani,2015,27.080747127586207,0.353658537,0
andrei kirilenko,2015,5.1995238100000005,0.085365854,0
andrew bogut,2015,23.619900492537315,0.817073171,0
andrew nicholson,2015,12.302416667500001,0.487804878,0
andrew wiggins,2015,36.204837402439026,1.0,0
anthony bennett,2015,15.681140350877193,0.695121951,0
anthony davis,2015,36.098455882352944,0.829268293,0
anthony morrow,2015,24.400180175675676,0.902439024,0
anthony tolliver,2015,18.852434210526315,0.926829268,0
archie goodwin,2015,13.044674797560976,0.5,0
arinze onuaku,2015,11.376388888333333,0.073170732,0
aron baynes,2015,16.03342857142857,0.853658537,0
arron afflalo,2015,32.071132474358976,0.951219512,0
austin daye,2015,10.117450979411766,0.414634146,0
austin rivers,2015,20.56565789473684,0.926829268,0
avery bradley,2015,31.526580090909093,0.93902439,0
ben gordon,2015,14.1137797625,0.682926829,0
ben mclemore,2015,32.562256097560976,1.0,0
beno udrih,2015,18.91729958227848,0.963414634,0
bernard james,2015,9.85333333125,0.195121951,0
bismack biyombo,2015,19.423463546875,0.780487805,0
blake griffin,2015,35.16101989552239,0.817073171,0
bojan bogdanovic,2015,23.767414525641023,0.951219512,0
boris diaw,2015,24.49753086419753,0.987804878,0
bradley beal,2015,33.451375666666664,0.768292683,0
brandan wright,2015,19.31431110666667,0.914634146,0
brandon bass,2015,23.520365853658536,1.0,0
brandon davies,2015,15.660925925925927,0.329268293,0
brandon jennings,2015,28.605040658536588,0.5,0
brandon knight,2015,32.30462963492064,0.768292683,0
brandon rush,2015,8.214040403030303,0.402439024,0
brendan haywood,2015,5.410454545454545,0.268292683,0
brian roberts,2015,18.471342597222222,0.87804878,0
brook lopez,2015,29.170486111111114,0.87804878,0
bruno caboclo,2015,2.92708333375,0.097560976,0
bryce cotton,2015,10.62577778,0.182926829,0
cj watson,2015,24.94652047368421,0.695121951,0
cj wilcox,2015,4.788888890476191,0.256097561,0
cj mccollum,2015,15.695134408064517,0.756097561,0
cj miles,2015,26.300880957142855,0.853658537,0
cameron bairstow,2015,3.529537037222222,0.219512195,0
carl landry,2015,17.024476185714285,0.853658537,0
carlos boozer,2015,23.826901408450706,0.865853659,0
carmelo anthony,2015,35.690625,0.487804878,1
caron butler,2015,20.813568371794872,0.951219512,0
cartier martin,2015,8.617681160869566,0.280487805,0
chandler parsons,2015,33.12386363636364,0.804878049,0
channing frye,2015,24.929555559999997,0.914634146,0
charlie villanueva,2015,10.5953125,0.780487805,0
chase budinger,2015,19.192238805970153,0.817073171,0
chris andersen,2015,18.861833333333333,0.731707317,0
chris bosh,2015,35.362840909090906,0.536585366,0
chris copeland,2015,16.5497,0.609756098,0
chris douglasroberts,2015,8.544861108333334,0.146341463,0
chris johnson,2015,18.164310344827587,0.353658537,0
chris kaman,2015,18.894211716216216,0.902439024,0
chris paul,2015,34.8444308902439,1.0,0
chuck hayes,2015,8.805229886206897,0.353658537,0
cleanthony early,2015,16.590897435897435,0.475609756,0
clint capela,2015,7.469861110833333,0.146341463,0
cody zeller,2015,23.978790322580643,0.756097561,1
cole aldrich,2015,16.004890709836065,0.743902439,0
corey brewer,2015,26.092312500000002,0.975609756,0
cory jefferson,2015,10.623166666,0.609756098,0
cory joseph,2015,18.274535860759496,0.963414634,0
courtney lee,2015,30.576969701298705,0.93902439,0
dj augustin,2015,23.94859756097561,1.0,0
dahntay jones,2015,3.7372727272727273,0.402439024,0
damian lillard,2015,35.66542682926829,1.0,0
damjan rudez,2015,15.402867647058823,0.829268293,0
danilo gallinari,2015,24.166638423728813,0.719512195,0
danny granger,2015,20.424722223333333,0.365853659,0
danny green,2015,28.536892999999996,0.987804878,0
dante cunningham,2015,25.03310606060606,0.804878049,0
dante exum,2015,22.159146341463416,1.0,0
darius miller,2015,8.673333334,0.06097561,0
darius morris,2015,7.87442982368421,0.463414634,0
darrell arthur,2015,17.03198275862069,0.707317073,0
darren collison,2015,34.77162962222222,0.548780488,0
david lee,2015,18.45659863877551,0.597560976,0
david stockton,2015,11.027777776666667,0.036585366,0
david wear,2015,3.4833333335,0.024390244,0
david west,2015,28.71681818181818,0.804878049,0
deandre jordan,2015,34.39075203658537,1.0,0
dejuan blair,2015,6.2195977,0.353658537,0
demar derozan,2015,35.00452778333333,0.731707317,0
demarcus cousins,2015,34.121723169491524,0.719512195,1
demarre carroll,2015,31.26497618571429,0.853658537,0
dennis schroder,2015,19.689047623376624,0.93902439,0
deron williams,2015,31.08877451470588,0.829268293,0
derrick favors,2015,30.80554054054054,0.902439024,0
derrick rose,2015,29.99767974509804,0.62195122,0
derrick williams,2015,19.752297297297297,0.902439024,0
devin harris,2015,22.173026315789475,0.926829268,0
devyn marble,2015,13.01010416875,0.195121951,0
dewayne dedmon,2015,14.32307909661017,0.719512195,0
dion waiters,2015,27.600625,0.975609756,0
dirk nowitzki,2015,29.631493506493506,0.93902439,0
donald sloan,2015,20.881886792452832,0.646341463,0
donatas motiejunas,2015,28.689694830985918,0.865853659,0
dorell wright,2015,12.343472222916667,0.585365854,0
doug mcdermott,2015,8.91203703611111,0.43902439,0
draymond green,2015,31.518881860759492,0.963414634,0
drew gooden,2015,16.935882352941178,0.62195122,0
drew gordon,2015,7.9094444444444445,0.109756098,0
dwight buycks,2015,20.454722216666667,0.073170732,0
dwight howard,2015,29.823739829268295,0.5,0
dwight powell,2015,8.150057472413794,0.353658537,0
dwyane wade,2015,31.788333338709677,0.756097561,0
etwaun moore,2015,9.00514880892857,0.682926829,0
earl barron,2015,8.92739583125,0.195121951,0
earl clark,2015,9.311666667,0.12195122,0
ed davis,2015,23.29156117721519,0.963414634,0
ekpe udoh,2015,3.892424242424242,0.402439024,0
elfrid payton,2015,30.3495935,1.0,0
elijah millsap,2015,19.651028368085107,0.573170732,0
elliot williams,2015,9.135,0.158536585,0
elton brand,2015,13.490925925,0.43902439,0
enes freedom,2015,28.475199999999997,0.914634146,0
eric bledsoe,2015,34.562633740740736,0.987804878,0
eric gordon,2015,33.08379781967213,0.743902439,0
eric moreland,2015,0.6927777776666666,0.036585366,0
erick green,2015,9.532286820930233,0.524390244,0
ersan ilyasova,2015,22.74149425862069,0.707317073,0
evan fournier,2015,28.640689655172416,0.707317073,1
evan turner,2015,27.557520329268293,1.0,0
festus ezeli,2015,10.94836956521739,0.56097561,0
francisco garcia,2015,14.314404764285714,0.170731707,0
furkan aldemir,2015,13.182764226829269,0.5,0
gal mekel,2015,10.8704166675,0.048780488,0
garrett temple,2015,14.143846153846154,0.634146341,0
gary harris,2015,13.071909090909092,0.670731707,0
gary neal,2015,22.080123462962963,0.658536585,0
george hill,2015,29.468100767441864,0.524390244,0
gerald green,2015,19.543018013513514,0.902439024,0
gerald henderson,2015,28.938187499999998,0.975609756,0
gerald wallace,2015,8.942135415625,0.390243902,0
giannis antetokounmpo,2015,31.36530864197531,0.987804878,0
gigi datome,2015,9.962777776190476,0.256097561,0
glen davis,2015,12.216734233783784,0.902439024,0
glen rice,2015,8.520666666,0.06097561,0
glenn robinson,2015,7.450619048571429,0.426829268,0
goran dragic,2015,33.84645298717949,0.951219512,0
gordon hayward,2015,34.44092105263158,0.926829268,1
gorgui dieng,2015,30.041484013698632,0.890243902,1
grant jerrett,2015,6.36645833375,0.097560976,0
greg monroe,2015,30.973864739130438,0.841463415,0
greg smith,2015,8.638214285714286,0.512195122,0
greg stiemsma,2015,3.858921568823529,0.207317073,0
greivis vasquez,2015,24.276158536585367,1.0,0
harrison barnes,2015,28.272337402439025,1.0,0
hassan whiteside,2015,23.795972229166665,0.585365854,1
hedo turkoglu,2015,11.364650537096775,0.756097561,0
henry sims,2015,19.159063931506847,0.890243902,0
henry walker,2015,26.14784722083333,0.292682927,0
hollis thompson,2015,25.013661971830988,0.865853659,0
ian clark,2015,6.406388890000001,0.365853659,0
ian mahinmi,2015,18.78445355737705,0.743902439,0
iman shumpert,2015,24.913387096774194,0.756097561,0
isaiah canaan,2015,19.95648936170213,0.573170732,0
isaiah thomas,2015,25.762014925373137,0.817073171,0
ish smith,2015,15.117393940000001,0.670731707,0
jj barea,2015,17.68422077922078,0.93902439,0
jj hickson,2015,19.332511410958904,0.890243902,0
jj redick,2015,30.885619653846152,0.951219512,0
jr smith,2015,29.706523814285713,0.853658537,0
jakarr sampson,2015,15.286261256756756,0.902439024,0
jamychal green,2015,6.830416666666667,0.292682927,0
javale mcgee,2015,11.13137681304348,0.280487805,0
jabari brown,2015,29.913771931578946,0.231707317,0
jabari parker,2015,29.537399999999998,0.304878049,1
jack cooley,2015,5.4465625,0.195121951,0
jae crowder,2015,20.080833329268295,1.0,0
jamaal franklin,2015,4.392777776666667,0.036585366,0
jamal crawford,2015,26.609947921875,0.780487805,0
jameer nelson,2015,22.317698412698416,0.768292683,0
james ennis,2015,16.958225806451615,0.756097561,0
james harden,2015,36.8008024691358,0.987804878,0
james johnson,2015,19.570761899999997,0.853658537,0
james jones,2015,11.74336257368421,0.695121951,0
james michael mcadoo,2015,9.144666666666666,0.182926829,0
james young,2015,10.712096774193547,0.37804878,0
jannero pargo,2015,8.131666666666668,0.109756098,0
jared cunningham,2015,4.684385964736842,0.231707317,0
jared dudley,2015,23.843796291666667,0.87804878,0
jared sullinger,2015,27.006005741379308,0.707317073,0
jarnell stokes,2015,6.639035089473684,0.231707317,0
jarrett jack,2015,28.0109791625,0.975609756,0
jason maxiell,2015,14.39185792295082,0.743902439,0
jason richardson,2015,21.919035089473685,0.231707317,0
jason smith,2015,21.76666667073171,1.0,0
jason terry,2015,21.315064935064935,0.93902439,0
jason thompson,2015,24.580185185185183,0.987804878,0
jeff adrien,2015,12.666568629411765,0.207317073,0
jeff ayres,2015,7.5052941176470584,0.62195122,0
jeff green,2015,31.47145298717949,0.951219512,0
jeff teague,2015,30.51865297260274,0.890243902,0
jeff withey,2015,6.988783783783783,0.451219512,0
jeffery taylor,2015,14.841666665517241,0.353658537,0
jerami grant,2015,21.17766666153846,0.792682927,0
jerel mcneal,2015,6.055555555000001,0.073170732,0
jeremy evans,2015,6.995087718421053,0.463414634,0
jeremy lamb,2015,13.460921985106383,0.573170732,0
jeremy lin,2015,25.766531527027027,0.902439024,0
jerome jordan,2015,8.704696970454545,0.536585366,0
jerrelle benimon,2015,1.3616666665,0.024390244,0
jerryd bayless,2015,22.303614714285715,0.93902439,0
jimmer fredette,2015,10.179266666,0.609756098,0
jimmy butler,2015,38.66882050769231,0.792682927,0
joakim noah,2015,30.57679104477612,0.817073171,0
jodie meeks,2015,24.372861116666666,0.731707317,0
joe harris,2015,9.666470588235294,0.62195122,0
joe ingles,2015,21.172194088607593,0.963414634,0
joe johnson,2015,34.8859166625,0.975609756,0
joel anthony,2015,8.29469387755102,0.597560976,0
joel freeland,2015,12.846979166666666,0.585365854,0
joey dorsey,2015,12.381594202898551,0.841463415,0
joffrey lauvergne,2015,11.164722220833333,0.292682927,0
john henson,2015,18.335298507462685,0.817073171,0
john jenkins,2015,12.380138887500001,0.292682927,0
john lucas,2015,12.939761904761905,0.256097561,0
john salmons,2015,12.842619047619047,0.256097561,0
john wall,2015,35.9054852278481,0.963414634,0
johnny obryant,2015,10.812549020588236,0.414634146,0
jon leuer,2015,13.079576719047619,0.768292683,0
jonas jerebko,2015,16.402133333333335,0.914634146,0
jonas valanciunas,2015,26.1989166625,0.975609756,0
jordan adams,2015,8.28061111,0.365853659,0
jordan clarkson,2015,25.01395479661017,0.719512195,0
jordan farmar,2015,14.706666666666669,0.43902439,0
jordan hamilton,2015,8.719285714285714,0.170731707,0
jordan hill,2015,26.77557142857143,0.853658537,0
jorge gutierrez,2015,8.72025,0.243902439,0
jose calderon,2015,30.24353173809524,0.512195122,0
josh mcroberts,2015,17.405490194117647,0.207317073,0
josh smith,2015,27.71712851807229,1.012195122,0
jrue holiday,2015,32.575083325,0.487804878,0
julius randle,2015,13.56666667,0.012195122,1
justin hamilton,2015,17.379430895121953,0.5,0
justin holiday,2015,11.143276835593221,0.719512195,0
jusuf nurkic,2015,17.794489241935484,0.756097561,0
kj mcdaniels,2015,21.80475806451613,0.756097561,0
kalin lucas,2015,5.53,0.012195122,0
kawhi leonard,2015,31.7640625,0.780487805,0
kelly olynyk,2015,22.241354171875,0.780487805,0
kemba walker,2015,34.1710215,0.756097561,1
kendall marshall,2015,14.908928571428572,0.341463415,0
kendrick perkins,2015,16.886666661764707,0.829268293,0
kenneth faried,2015,27.81206666666667,0.914634146,0
kent bazemore,2015,17.646533333333334,0.914634146,0
kentavious caldwellpope,2015,31.546402439024387,1.0,0
kenyon martin,2015,9.460454545454546,0.134146341,0
kevin durant,2015,33.800555555555555,0.329268293,1
kevin garnett,2015,20.26514184468085,0.573170732,0
kevin love,2015,33.75686666666667,0.914634146,1
kevin martin,2015,33.3965812051282,0.475609756,0
kevin seraphin,2015,15.63464135443038,0.963414634,0
khris middleton,2015,30.10276370886076,0.963414634,0
kirk hinrich,2015,24.393434348484845,0.804878049,0
klay thompson,2015,31.87779220779221,0.93902439,0
kobe bryant,2015,34.48195237142857,0.426829268,0
kosta koufos,2015,16.64502058024691,0.987804878,0
kostas papanikolaou,2015,18.498372093023253,0.524390244,0
kris humphries,2015,21.014947921875,0.780487805,0
kyle anderson,2015,10.85090909090909,0.402439024,0
kyle korver,2015,32.237088893333336,0.914634146,0
kyle lowry,2015,34.49142857142857,0.853658537,0
kyle oquinn,2015,16.155032680392157,0.62195122,0
kyle singler,2015,21.7954791625,0.975609756,0
kyrie irving,2015,36.39817777333333,0.914634146,1
lamarcus aldridge,2015,35.37448356338028,0.865853659,0
lance stephenson,2015,25.790792344262297,0.743902439,0
lance thomas,2015,24.04266129032258,0.756097561,0
landry fields,2015,8.325897434615385,0.317073171,0
langston galloway,2015,32.38674073333333,0.548780488,0
larry drew,2015,18.25888889166667,0.146341463,0
larry sanders,2015,21.687469137037038,0.329268293,0
lavoy allen,2015,16.984894174603173,0.768292683,0
lebron james,2015,36.13654589855073,0.841463415,0
leandro barbosa,2015,14.881161616666667,0.804878049,0
lester hudson,2015,11.110666666,0.06097561,0
lorenzo brown,2015,18.917701148275864,0.353658537,0
lou amundson,2015,17.683993711320756,0.646341463,0
lou williams,2015,25.1939375,0.975609756,0
luc mbah a moute,2015,28.602636820895523,0.817073171,0
lucas nogueira,2015,3.841666666666667,0.073170732,0
luis scola,2015,20.482263370370372,0.987804878,0
luke babbitt,2015,13.167830687301587,0.768292683,0
luke ridnour,2015,14.530319148936169,0.573170732,0
luol deng,2015,33.61884259722222,0.87804878,0
malcolm lee,2015,2.016666667,0.012195122,0
malcolm thomas,2015,11.428235294117647,0.207317073,0
manu ginobili,2015,22.66954761428571,0.853658537,0
marc gasol,2015,33.17320987654321,0.987804878,0
marcin gortat,2015,29.91117886585366,1.0,0
marco belinelli,2015,22.392634403225806,0.756097561,0
marcus morris,2015,25.246954728395064,0.987804878,0
marcus smart,2015,26.98845771641791,0.817073171,0
marcus thornton,2015,15.012326389583334,0.585365854,0
mario chalmers,2015,29.604479162500002,0.975609756,0
markel brown,2015,16.625886525531914,0.573170732,0
markieff morris,2015,31.471808939024392,1.0,0
marreese speights,2015,15.880964907894736,0.926829268,0
martell webster,2015,10.988385415625,0.390243902,0
marvin williams,2015,26.085790602564103,0.951219512,0
mason plumlee,2015,21.251463414634145,1.0,0
matt barnes,2015,29.884517539473684,0.926829268,0
matt bonner,2015,12.992569444444445,0.87804878,0
matthew dellavedova,2015,20.600497507462684,0.817073171,0
maurice harkless,2015,14.98274074,0.548780488,0
meyers leonard,2015,15.392454545454546,0.670731707,0
michael beasley,2015,21.033541666666668,0.292682927,0
michael carterwilliams,2015,32.57489898484849,0.804878049,0
michael kiddgilchrist,2015,28.861272727272727,0.670731707,0
mike conley,2015,31.785500000000003,0.853658537,0
mike dunleavy,2015,29.171375666666666,0.768292683,0
mike miller,2015,13.484230769230768,0.634146341,0
mike muscala,2015,12.5535,0.487804878,0
mike scott,2015,16.515539220588238,0.829268293,0
miles plumlee,2015,16.359406397260273,0.890243902,0
miroslav raduljica,2015,4.55,0.06097561,0
mirza teletovic,2015,22.3092083325,0.487804878,0
mitch mcgary,2015,15.15421875,0.390243902,0
mo williams,2015,29.120098044117647,0.829268293,0
monta ellis,2015,33.740562499999996,0.975609756,0
nate robinson,2015,14.069841269047618,0.512195122,0
nate wolters,2015,11.7465873,0.256097561,0
nazr mohammed,2015,5.567101447826087,0.280487805,0
nene,2015,25.2757213880597,0.817073171,0
nerlens noel,2015,30.816488893333336,0.914634146,1
nick calathes,2015,14.44718390862069,0.707317073,0
nick collison,2015,16.67777777272727,0.804878049,0
nick johnson,2015,9.369583332142856,0.341463415,0
nick young,2015,23.81380952380952,0.512195122,0
nicolas batum,2015,33.522441309859154,0.865853659,0
nik stauskas,2015,15.431780821917808,0.890243902,0
nikola mirotic,2015,20.17221545121951,1.0,0
nikola pekovic,2015,26.29231182903226,0.37804878,0
nikola vucevic,2015,34.17112612162162,0.902439024,0
noah vonleh,2015,10.340666667999999,0.304878049,0
norris cole,2015,24.41477777333333,0.914634146,0
oj mayo,2015,23.90654929577465,0.865853659,0
ognjen kuzmic,2015,4.483541666875,0.195121951,0
omer asik,2015,26.076425434210524,0.926829268,0
omri casspi,2015,21.140024880597018,0.817073171,0
otto porter,2015,19.352094594594597,0.902439024,0
pj tucker,2015,30.55705128205128,0.951219512,0
pj hairston,2015,15.27274074,0.548780488,0
pablo prigioni,2015,17.86012437313433,0.817073171,0
patrick beverley,2015,30.833541660714285,0.682926829,1
patrick christopher,2015,7.1833333325,0.048780488,0
patrick patterson,2015,26.620864197530864,0.987804878,0
patty mills,2015,15.712352941176471,0.62195122,0
pau gasol,2015,34.36850426923077,0.951219512,0
paul george,2015,15.152777778333332,0.073170732,0
paul millsap,2015,32.733333328767124,0.890243902,0
paul pierce,2015,26.21458904109589,0.890243902,0
pero antic,2015,16.463703698412697,0.768292683,0
perry jones,2015,14.678178295348836,0.524390244,0
phil pressey,2015,12.002966665999999,0.609756098,0
quincy acy,2015,18.92767157352941,0.829268293,0
quincy miller,2015,11.973166670000001,0.12195122,0
quincy pondexter,2015,23.913022226666666,0.914634146,0
rajon rondo,2015,29.688553926470586,0.829268293,1
ramon sessions,2015,18.563645828125,0.780487805,0
randy foye,2015,21.7296,0.609756098,0
rasual butler,2015,20.06175556,0.914634146,0
ray mccallum,2015,21.114583338235292,0.829268293,0
raymond felton,2015,9.703103448275861,0.353658537,0
reggie bullock,2015,9.385601852777777,0.43902439,0
reggie evans,2015,16.25195035531915,0.573170732,0
reggie jackson,2015,29.457705623376622,0.93902439,0
reggie williams,2015,5.2532499999999995,0.243902439,0
richard jefferson,2015,16.812815310810812,0.902439024,0
ricky ledo,2015,14.35539215882353,0.207317073,0
ricky rubio,2015,31.46030303181818,0.268292683,1
robbie hummel,2015,16.484222222222222,0.548780488,0
robert covington,2015,27.941738100000002,0.853658537,0
robert sacre,2015,16.915198999999998,0.817073171,0
robin lopez,2015,27.760310728813558,0.719512195,0
rodney hood,2015,21.2876,0.609756098,0
rodney stuckey,2015,26.387370887323947,0.865853659,0
ronnie price,2015,22.838914727906975,0.524390244,0
ronny turiaf,2015,9.683333335,0.024390244,0
roy hibbert,2015,25.347697368421052,0.926829268,0
rudy gay,2015,35.41541666176471,0.829268293,1
rudy gobert,2015,26.322256097560977,1.0,0
russ smith,2015,5.4222222225,0.146341463,0
russell westbrook,2015,34.355572134328355,0.817073171,0
ryan anderson,2015,27.45344262295082,0.743902439,0
ryan hollins,2015,9.588659419565218,0.56097561,0
ryan kelly,2015,23.71608975,0.634146341,0
samuel dalembert,2015,16.986979165625,0.390243902,0
sean kilpatrick,2015,17.87875,0.048780488,0
sebastian telfair,2015,20.44270833125,0.195121951,0
serge ibaka,2015,33.059140625,0.780487805,1
sergey karasev,2015,16.824949493939396,0.402439024,0
seth curry,2015,3.9,0.024390244,0
shabazz muhammad,2015,22.77956140263158,0.463414634,0
shabazz napier,2015,19.834901960784315,0.62195122,0
shane larkin,2015,24.53388157894737,0.926829268,0
shannon brown,2015,17.752000000000002,0.06097561,0
shaun livingston,2015,18.823440166666668,0.951219512,0
shavlik randolph,2015,6.011746033333334,0.256097561,0
shawn marion,2015,19.312953210526313,0.695121951,0
shawne williams,2015,17.249153444444442,0.768292683,0
shayne whittington,2015,5.408083335,0.243902439,0
shelvin mack,2015,15.141242423636363,0.670731707,0
sim bhullar,2015,0.895,0.036585366,0
solomon hill,2015,29.036138207317077,1.0,0
spencer dinwiddie,2015,13.390049020588235,0.414634146,1
spencer hawes,2015,17.452328767123287,0.890243902,0
stephen curry,2015,32.665,0.975609756,0
steve blake,2015,18.878786012345678,0.987804878,0
steve novak,2015,5.632714285714286,0.426829268,0
steven adams,2015,25.29357142857143,0.853658537,0
tj warren,2015,15.35325,0.487804878,0
taj gibson,2015,27.28876343548387,0.756097561,1
tarik black,2015,18.97322750793651,0.768292683,0
tayshaun prince,2015,24.081752879310343,0.707317073,0
terrence jones,2015,26.95368686969697,0.402439024,0
terrence ross,2015,25.509369914634146,1.0,0
thabo sefolosha,2015,18.76262820576923,0.634146341,0
thaddeus young,2015,32.02607456578947,0.926829268,0
thomas robinson,2015,14.77234567962963,0.658536585,0
tiago splitter,2015,19.804134615384616,0.634146341,0
tim duncan,2015,28.919502168831173,0.93902439,0
tim frazier,2015,21.772575754545457,0.134146341,0
tim hardaway,2015,24.018047614285717,0.853658537,0
timofey mozgov,2015,25.253456790123458,0.987804878,0
tobias harris,2015,34.84024510294118,0.829268293,0
toney douglas,2015,14.713888891666668,0.146341463,0
tony allen,2015,26.153941793650795,0.768292683,0
tony parker,2015,28.714926470588235,0.829268293,0
tony snell,2015,19.61331018055556,0.87804878,0
tony wroten,2015,29.819000000000003,0.365853659,0
toure murry,2015,3.625,0.06097561,0
travis wear,2015,13.176339868627451,0.62195122,0
trevor ariza,2015,35.73317073170732,1.0,0
trevor booker,2015,19.79535864556962,0.963414634,0
trey burke,2015,30.103179828947372,0.926829268,0
tristan thompson,2015,26.755345524390243,1.0,0
troy daniels,2015,8.455248227659576,0.573170732,0
ty lawson,2015,35.53882222666667,0.914634146,0
tyler ennis,2015,12.467373736363637,0.402439024,0
tyler hansbrough,2015,14.29189189189189,0.902439024,0
tyler johnson,2015,18.843645834375,0.390243902,0
tyler zeller,2015,21.107012195121953,1.0,0
tyreke evans,2015,34.04831224050633,0.963414634,0
tyrus thomas,2015,3.2583333335,0.024390244,0
tyson chandler,2015,30.477866666666667,0.914634146,0
udonis haslem,2015,16.045349462903225,0.756097561,0
vander blue,2015,36.858333335,0.024390244,0
victor claver,2015,7.598333332999999,0.12195122,0
victor oladipo,2015,35.733171291666665,0.87804878,0
vince carter,2015,16.533989893939392,0.804878049,0
wayne ellington,2015,25.763666661538462,0.792682927,0
wesley johnson,2015,29.533728065789475,0.926829268,0
wesley matthews,2015,33.73619445,0.731707317,0
will barton,2015,16.963160918965517,0.707317073,0
will bynum,2015,9.526666667142857,0.085365854,0
will cherry,2015,8.67770833375,0.097560976,0
willie green,2015,18.292243590384615,0.634146341,0
wilson chandler,2015,31.68143162820513,0.951219512,0
xavier henry,2015,9.507407407777778,0.109756098,0
zach lavine,2015,24.697683987012987,0.93902439,0
zach randolph,2015,32.44492957746479,0.865853659,0
zaza pachulia,2015,23.69406393150685,0.890243902,0
zoran dragic,2015,4.701458333125,0.195121951,0
aaron brooks,2016,16.05376811594203,0.841463415,0
aaron gordon,2016,23.886153846153846,0.951219512,0
aaron harrison,2016,4.442857142857143,0.256097561,0
adreian payne,2016,9.33826923076923,0.634146341,0
al horford,2016,32.08758130487805,1.0,0
al jefferson,2016,23.328475170212766,0.573170732,0
alfarouq aminu,2016,28.547418695121948,1.0,0
alan anderson,2016,14.78333333076923,0.158536585,0
alan williams,2016,6.815,0.12195122,0
alec burks,2016,25.718494622580646,0.37804878,1
alex len,2016,23.343525641025643,0.951219512,0
alex stepheson,2016,9.01895833375,0.097560976,0
alexis ajinca,2016,14.588389830508476,0.719512195,0
allen crabbe,2016,25.987139913580247,0.987804878,0
alonzo gee,2016,22.356187219178082,0.890243902,0
amare stoudemire,2016,14.659647436538462,0.634146341,0
amir johnson,2016,22.78643459493671,0.963414634,0
anderson varejao,2016,9.351069183018868,0.646341463,0
andre drummond,2016,32.90699588888889,0.987804878,0
andre iguodala,2016,26.64064103076923,0.792682927,0
andre miller,2016,11.825384615384616,0.475609756,0
andre roberson,2016,22.189880957142858,0.853658537,0
andrea bargnani,2016,13.775217391304347,0.56097561,0
andrew bogut,2016,20.732285714285712,0.853658537,0
andrew goudelock,2016,6.21354166625,0.097560976,0
andrew nicholson,2016,14.692351191071428,0.682926829,0
andrew wiggins,2016,35.1183950617284,0.987804878,0
anthony bennett,2016,4.4340350878947365,0.231707317,0
anthony brown,2016,20.643678162068962,0.353658537,0
anthony davis,2016,35.479672131147545,0.743902439,1
anthony morrow,2016,13.623995098529413,0.829268293,0
anthony tolliver,2016,18.61958333333333,0.87804878,0
archie goodwin,2016,19.539970754385966,0.695121951,0
aron baynes,2016,15.221563790123456,0.987804878,0
arron afflalo,2016,33.393286380281694,0.865853659,0
austin rivers,2016,21.847388059701494,0.817073171,0
avery bradley,2016,33.370043855263155,0.926829268,1
axel toupane,2016,14.54404761904762,0.256097561,0
ben mclemore,2016,21.217401955882355,0.829268293,0
beno udrih,2016,16.08303030227273,0.536585366,0
bismack biyombo,2016,22.046869914634147,1.0,0
blake griffin,2016,33.436619057142856,0.426829268,1
boban marjanovic,2016,9.403796296296296,0.658536585,0
bobby portis,2016,17.77548387096774,0.756097561,0
bojan bogdanovic,2016,26.76744725316456,0.963414634,0
boris diaw,2016,18.23065789473684,0.926829268,0
bradley beal,2016,31.058999999999997,0.670731707,1
brandan wright,2016,17.676944441666667,0.146341463,0
branden dawson,2016,4.810833333333333,0.073170732,0
brandon bass,2016,20.339570712121212,0.804878049,0
brandon jennings,2016,18.073020833333334,0.585365854,0
brandon knight,2016,35.96897436538462,0.634146341,0
brandon rush,2016,14.649189819444445,0.87804878,0
brian roberts,2016,9.218562092156864,0.62195122,0
briante weber,2016,24.09357142857143,0.085365854,0
brook lopez,2016,33.651347027397264,0.890243902,1
bruno caboclo,2016,7.113888888333334,0.073170732,0
bryce cotton,2016,4.84479166625,0.097560976,0
bryce dejeanjones,2016,19.896904764285715,0.170731707,0
cj watson,2016,19.86979797878788,0.402439024,0
cj wilcox,2016,7.252971013043479,0.280487805,0
cj mccollum,2016,34.7470208375,0.975609756,0
cj miles,2016,22.868854171875,0.780487805,0
cameron bairstow,2016,5.699999999999999,0.219512195,0
cameron payne,2016,12.23883040877193,0.695121951,0
carl landry,2016,15.816388888888888,0.43902439,0
carmelo anthony,2016,35.13611111111111,0.87804878,0
caron butler,2016,10.333431370588235,0.207317073,0
chandler parsons,2016,29.498196721311476,0.743902439,0
channing frye,2016,17.134380957142856,0.853658537,0
charlie villanueva,2016,10.72639785,0.756097561,0
chase budinger,2016,14.086616162121212,0.804878049,0
chris andersen,2016,14.908580248148148,0.329268293,0
chris bosh,2016,33.5456289245283,0.646341463,0
chris copeland,2016,6.497083333333333,0.292682927,0
chris johnson,2016,12.240785714285714,0.853658537,0
chris kaman,2016,6.98541666875,0.195121951,0
chris mccullough,2016,15.099375,0.292682927,0
chris paul,2016,32.705923418918914,0.902439024,1
christian wood,2016,8.517549017647058,0.207317073,0
chuck hayes,2016,11.916666665,0.024390244,0
cleanthony early,2016,9.048431370588235,0.207317073,0
cliff alexander,2016,4.49479166625,0.097560976,0
clint capela,2016,19.10012987012987,0.93902439,0
cody zeller,2016,24.29769406849315,0.890243902,0
cole aldrich,2016,13.327277778333332,0.731707317,0
corey brewer,2016,20.352235768292683,1.0,0
cory jefferson,2016,6.25791666625,0.097560976,0
cory joseph,2016,25.5800208375,0.975609756,0
coty clarke,2016,1.933888889,0.036585366,0
courtney lee,2016,29.55029535443038,0.963414634,0
cristiano felicio,2016,10.345268816129032,0.37804878,0
dangelo russell,2016,28.2385,0.975609756,0
dj augustin,2016,18.99392472580645,0.756097561,0
dahntay jones,2016,42.35,0.012195122,0
damian lillard,2016,35.67682222666667,0.914634146,0
damien inglis,2016,7.817583335,0.243902439,0
damjan rudez,2016,8.40257575757576,0.402439024,0
danilo gallinari,2016,34.692578622641506,0.646341463,1
danny green,2016,26.09525316455696,0.963414634,0
dante cunningham,2016,24.6368541625,0.975609756,0
darrell arthur,2016,21.657023814285715,0.853658537,0
darren collison,2016,29.984414418918917,0.902439024,0
darrun hilliard,2016,10.079385965789474,0.463414634,0
david lee,2016,16.41690909090909,0.670731707,0
david west,2016,18.002927346153847,0.951219512,0
deandre jordan,2016,33.73612554545454,0.93902439,0
dejuan blair,2016,7.519655172413793,0.353658537,0
demar derozan,2016,35.946089743589745,0.951219512,0
demarcus cousins,2016,34.551307692307695,0.792682927,0
demarre carroll,2016,30.247756411538465,0.317073171,0
delon wright,2016,8.491666666666667,0.329268293,0
dennis schroder,2016,20.2619791625,0.975609756,0
deron williams,2016,32.400333338461536,0.792682927,0
derrick favors,2016,31.987123661290322,0.756097561,1
derrick rose,2016,31.77914140909091,0.804878049,0
derrick williams,2016,17.9358125,0.975609756,0
devin booker,2016,27.732434210526314,0.926829268,0
devin harris,2016,20.00703125,0.780487805,0
devyn marble,2016,8.883809525,0.341463415,0
dewayne dedmon,2016,12.15301724137931,0.707317073,0
dion waiters,2016,27.584914525641025,0.951219512,0
dirk nowitzki,2016,31.51342222666667,0.914634146,0
donald sloan,2016,21.603333327868853,0.743902439,0
donatas motiejunas,2016,14.775495494594594,0.451219512,0
doug mcdermott,2016,22.969876543209875,0.987804878,0
draymond green,2016,34.66664608641975,0.987804878,0
drew gooden,2016,10.17261111,0.365853659,0
duje dukan,2016,24.23333333,0.012195122,0
dwight howard,2016,32.107934267605636,0.865853659,0
dwight powell,2016,14.371425120289855,0.841463415,0
dwyane wade,2016,30.513445945945943,0.902439024,0
etwaun moore,2016,21.408474576271185,0.719512195,1
ed davis,2016,20.79242798765432,0.987804878,0
edy tavares,2016,6.604545454545455,0.134146341,0
elfrid payton,2016,29.382465753424658,0.890243902,0
elijah millsap,2016,8.63875,0.243902439,0
elliot williams,2016,9.027666666,0.06097561,0
elton brand,2016,13.21735294117647,0.207317073,0
emmanuel mudiay,2016,30.41009804411765,0.829268293,0
enes freedom,2016,20.9838821097561,1.0,0
eric bledsoe,2016,34.153924741935484,0.37804878,1
eric gordon,2016,32.918925933333334,0.548780488,1
eric moreland,2016,5.94791666625,0.097560976,0
erick green,2016,4.681481481111111,0.109756098,0
ersan ilyasova,2016,25.410630635135135,0.902439024,0
evan fournier,2016,32.48213079746836,0.963414634,1
evan turner,2016,28.033312753086417,0.987804878,0
festus ezeli,2016,16.74322463695652,0.56097561,0
frank kaminsky,2016,21.08115225925926,0.987804878,0
garrett temple,2016,24.3899375,0.975609756,0
gary harris,2016,32.08732456578948,0.926829268,0
gary neal,2016,20.1857083325,0.487804878,0
george hill,2016,34.11369368918919,0.902439024,0
gerald green,2016,22.56838163768116,0.841463415,0
gerald henderson,2016,19.875925930555557,0.87804878,0
giannis antetokounmpo,2016,35.2926666625,0.975609756,0
glenn robinson,2016,11.293296295555555,0.548780488,0
goran dragic,2016,32.814166666666665,0.87804878,0
gordon hayward,2016,36.161958337499996,0.975609756,0
gorgui dieng,2016,27.07400406097561,1.0,0
greg monroe,2016,29.293481012658226,0.963414634,0
greg smith,2016,10.663333333333334,0.219512195,0
greivis vasquez,2016,19.99615942173913,0.280487805,0
harrison barnes,2016,30.932979803030303,0.804878049,0
hassan whiteside,2016,29.11447489041096,0.890243902,1
henry sims,2016,18.77654762142857,0.170731707,0
hollis thompson,2016,27.972077922077922,0.93902439,0
ian clark,2016,8.76030303030303,0.804878049,0
ian mahinmi,2016,25.574131450704225,0.865853659,0
iman shumpert,2016,24.37648148148148,0.658536585,0
isaiah canaan,2016,25.53049783116883,0.93902439,0
isaiah thomas,2016,32.24882113414635,1.0,0
ish smith,2016,29.075454545454544,0.93902439,0
jj barea,2016,22.525788283783786,0.902439024,0
jj hickson,2016,12.472761905714286,0.426829268,0
jj obrien,2016,3.1333333335,0.024390244,0
jj redick,2016,27.95775556,0.914634146,0
jr smith,2016,30.675173155844153,0.93902439,0
jakarr sampson,2016,15.886735164383563,0.890243902,0
jamychal green,2016,18.54,0.951219512,0
javale mcgee,2016,10.87598039117647,0.414634146,0
jabari parker,2016,31.683837723684206,0.926829268,0
jae crowder,2016,31.619041095890413,0.890243902,0
jahlil okafor,2016,30.01066037735849,0.646341463,1
jamal crawford,2016,26.913291139240506,0.963414634,0
jameer nelson,2016,26.55525641025641,0.475609756,0
james anderson,2016,14.13692810392157,0.62195122,0
james ennis,2016,14.9325,0.268292683,0
james harden,2016,38.105304878048784,1.0,0
james johnson,2016,16.240906433333333,0.695121951,0
james jones,2016,9.654583333333333,0.585365854,0
james michael mcadoo,2016,6.378658536585365,0.5,0
james young,2016,6.858678162068966,0.353658537,0
jared cunningham,2016,9.326931818181817,0.536585366,0
jared dudley,2016,25.897181074074076,0.987804878,0
jared sullinger,2016,23.63728395061728,0.987804878,0
jarell eddie,2016,5.644871796153846,0.317073171,0
jarell martin,2016,14.057037037037038,0.329268293,0
jarnell stokes,2016,2.654761904285714,0.085365854,0
jarrett jack,2016,32.08291665625,0.390243902,0
jason smith,2016,15.537653513157894,0.926829268,0
jason terry,2016,17.468078708333334,0.87804878,0
jason thompson,2016,10.029751772340425,0.573170732,0
jeff ayres,2016,6.271666664705883,0.207317073,0
jeff green,2016,28.1655625,0.975609756,0
jeff teague,2016,28.540527430379743,0.963414634,0
jeff withey,2016,12.899705882352942,0.62195122,0
jerami grant,2016,26.83549783116883,0.93902439,0
jeremy evans,2016,8.380277776666667,0.365853659,0
jeremy lamb,2016,18.59477272727273,0.804878049,0
jeremy lin,2016,26.25070512820513,0.951219512,0
jerian grant,2016,16.64175438157895,0.926829268,0
jerryd bayless,2016,28.938814096153845,0.634146341,0
jimmer fredette,2016,2.9263888883333333,0.073170732,0
jimmy butler,2016,36.91977611940298,0.817073171,0
joakim noah,2016,21.91114942413793,0.353658537,0
jodie meeks,2016,14.495555556666666,0.036585366,0
joe harris,2016,3.020666666,0.06097561,0
joe ingles,2016,15.322181074074074,0.987804878,0
joe johnson,2016,33.37407407407407,0.987804878,0
joe young,2016,9.35398373902439,0.5,0
joel anthony,2016,5.037017543684211,0.231707317,0
joffrey lauvergne,2016,17.648192084745762,0.719512195,0
john henson,2016,16.83286549649123,0.695121951,0
john jenkins,2016,11.169844960465117,0.524390244,0
john wall,2016,36.15603896103896,0.93902439,0
johnny obryant,2016,12.986136363636364,0.804878049,0
jon leuer,2016,18.736094522388058,0.817073171,0
jonas jerebko,2016,15.083290602564102,0.951219512,0
jonas valanciunas,2016,25.94869445,0.731707317,0
jonathon simmons,2016,14.778727272727274,0.670731707,0
jordan adams,2016,7.333333335,0.024390244,0
jordan clarkson,2016,32.30930379746835,0.963414634,0
jordan farmar,2016,24.274444441666663,0.146341463,0
jordan hamilton,2016,27.606818181818184,0.134146341,0
jordan hill,2016,20.721461191780822,0.890243902,0
jordan mcrae,2016,8.906893940909091,0.268292683,0
jordan mickey,2016,3.573645833125,0.195121951,0
jorge gutierrez,2016,5.2749999999999995,0.146341463,0
jose calderon,2016,28.10886573611111,0.87804878,0
josh huestis,2016,10.996666666,0.06097561,0
josh mcroberts,2016,14.159365078571428,0.512195122,0
josh richardson,2016,21.2875,0.634146341,0
josh smith,2016,15.999515150909092,0.670731707,0
jrue holiday,2016,28.167410261538464,0.792682927,1
julius randle,2016,28.224650209876547,0.987804878,0
justin anderson,2016,11.76139394,0.670731707,0
justin harper,2016,7.016666666000001,0.06097561,0
justin holiday,2016,14.577106918867925,0.646341463,0
justise winslow,2016,28.61711538461539,0.951219512,0
jusuf nurkic,2016,17.09609375,0.390243902,0
kj mcdaniels,2016,6.360090089189189,0.451219512,0
karlanthony towns,2016,32.03030487804878,1.0,0
kawhi leonard,2016,33.04949073611111,0.87804878,0
keith appling,2016,5.37,0.06097561,0
kelly olynyk,2016,20.21516908695652,0.841463415,0
kelly oubre jr,2016,10.656851852380951,0.768292683,0
kemba walker,2016,35.61913580246914,0.987804878,1
kendall marshall,2016,13.321555556666668,0.365853659,0
kendrick perkins,2016,14.649774775675674,0.451219512,0
kenneth faried,2016,25.2903233880597,0.817073171,0
kent bazemore,2016,27.770622226666667,0.914634146,0
kentavious caldwellpope,2016,36.69383772368421,0.926829268,0
kevin durant,2016,35.80027777777778,0.87804878,0
kevin garnett,2016,14.623026315789472,0.463414634,0
kevin love,2016,31.48564935064935,0.93902439,0
kevin martin,2016,19.908727272727273,0.670731707,0
kevin seraphin,2016,10.96850694375,0.585365854,0
kevon looney,2016,4.119666666,0.06097561,1
khris middleton,2016,36.10126582278481,0.963414634,0
kirk hinrich,2016,13.717355071739131,0.56097561,0
klay thompson,2016,33.3301875,0.975609756,0
kobe bryant,2016,28.232171712121215,0.804878049,0
kosta koufos,2016,19.005128205128205,0.951219512,0
kostas papanikolaou,2016,11.30826923076923,0.317073171,0
kris humphries,2016,15.749308175471699,0.646341463,0
kristaps porzingis,2016,28.423078708333335,0.87804878,0
kyle anderson,2016,15.962329064102564,0.951219512,0
kyle korver,2016,30.0083125,0.975609756,0
kyle lowry,2016,37.02798701298702,0.93902439,0
kyle oquinn,2016,11.75828205076923,0.792682927,0
kyle singler,2016,14.369387254411764,0.829268293,0
kyrie irving,2016,31.45987420754717,0.646341463,0
lamarcus aldridge,2016,30.552162162162166,0.902439024,0
lamar patterson,2016,11.282857142857143,0.426829268,0
lance stephenson,2016,19.888502420289857,0.841463415,0
lance thomas,2016,22.260847457627122,0.719512195,0
langston galloway,2016,24.79632113414634,1.0,0
larry nance,2016,20.090714285714284,0.768292683,0
lavoy allen,2016,20.23805907594937,0.963414634,0
lebron james,2016,35.63918859210526,0.926829268,0
leandro barbosa,2016,15.870661764705881,0.829268293,0
lorenzo brown,2016,7.59166666625,0.097560976,0
lou amundson,2016,7.04948275862069,0.353658537,0
lou williams,2016,28.45838308955224,0.817073171,0
luc mbah a moute,2016,16.984466666666666,0.914634146,0
lucas nogueira,2016,7.7493103448275855,0.353658537,0
luis montero,2016,3.5030555558333334,0.146341463,0
luis scola,2016,21.528881578947367,0.926829268,0
luke babbitt,2016,17.980496453191492,0.573170732,0
luol deng,2016,32.350247743243244,0.902439024,0
manu ginobili,2016,19.553477017241377,0.707317073,0
marc gasol,2016,34.44317307692308,0.634146341,1
marcelo huertas,2016,16.392767296226417,0.646341463,0
marcin gortat,2016,30.078888893333332,0.914634146,0
marco belinelli,2016,24.58355392647059,0.829268293,0
marcus morris,2016,35.7056458375,0.975609756,0
marcus smart,2016,27.32467213114754,0.743902439,0
marcus thornton,2016,18.165218573770492,0.743902439,0
mario chalmers,2016,22.504371590163935,0.743902439,0
mario hezonja,2016,17.88421940506329,0.963414634,0
markel brown,2016,15.844381720967743,0.756097561,0
markieff morris,2016,25.451171875,0.780487805,1
marreese speights,2016,11.561342593055555,0.87804878,0
marvin williams,2016,28.866234567901234,0.987804878,0
mason plumlee,2016,25.408699182926828,1.0,0
matt barnes,2016,28.817807013157896,0.926829268,0
matt bonner,2016,6.863722223333334,0.365853659,0
matthew dellavedova,2016,24.570175434210526,0.926829268,0
maurice harkless,2016,18.680064102564103,0.951219512,0
metta world peace,2016,16.853619048571428,0.426829268,0
meyers leonard,2016,21.845792344262296,0.743902439,0
michael beasley,2016,18.129333335000002,0.243902439,0
michael carterwilliams,2016,30.542654314814815,0.658536585,1
michael kiddgilchrist,2016,29.248809528571428,0.085365854,0
mike conley,2016,31.437708339285713,0.682926829,0
mike dunleavy,2016,22.66569892580645,0.37804878,0
mike miller,2016,7.93531914893617,0.573170732,0
mike muscala,2016,9.414861111666665,0.731707317,0
mike scott,2016,15.282977773333332,0.914634146,0
miles plumlee,2016,14.260601093442622,0.743902439,0
mirza teletovic,2016,21.335147683544303,0.963414634,0
mitch mcgary,2016,3.6225,0.243902439,0
mo williams,2016,18.238495934146343,0.5,0
monta ellis,2016,33.7526954691358,0.987804878,0
montrezl harrell,2016,9.707991453846153,0.475609756,0
myles turner,2016,22.786416666666664,0.731707317,0
nate robinson,2016,11.648333335,0.024390244,0
nazr mohammed,2016,3.891666666,0.06097561,0
nemanja bjelica,2016,17.913388883333333,0.731707317,0
nene,2016,19.19140350877193,0.695121951,0
nerlens noel,2016,29.332014925373134,0.817073171,0
nick collison,2016,11.852175140677966,0.719512195,0
nick young,2016,19.137222222222224,0.658536585,0
nicolas batum,2016,34.96514285714286,0.853658537,0
nik stauskas,2016,24.78150684931507,0.890243902,0
nikola jokic,2016,21.6568958375,0.975609756,0
nikola mirotic,2016,24.941060606060603,0.804878049,0
nikola pekovic,2016,13.02625,0.146341463,0
nikola vucevic,2016,31.335717953846153,0.792682927,0
noah vonleh,2016,15.044786320512818,0.951219512,0
norman powell,2016,14.800544218367348,0.597560976,0
norris cole,2016,26.629185177777778,0.548780488,0
oj mayo,2016,26.57747968292683,0.5,0
omer asik,2016,17.326078426470588,0.829268293,0
omri casspi,2016,27.252246376811595,0.841463415,0
orlando johnson,2016,14.53,0.085365854,0
otto porter,2016,30.344977773333333,0.914634146,0
pj tucker,2016,30.97071137804878,1.0,0
pj hairston,2016,19.895757575757575,0.804878049,0
pablo prigioni,2016,13.942994350847457,0.719512195,0
pat connaughton,2016,4.219607844117647,0.414634146,0
patrick beverley,2016,28.741525816901408,0.865853659,0
patrick patterson,2016,25.56402953164557,0.963414634,0
patty mills,2016,20.519259259259258,0.987804878,0
pau gasol,2016,31.824421291666667,0.87804878,0
paul george,2016,34.80164608641975,0.987804878,0
paul millsap,2016,32.677983543209876,0.987804878,0
paul pierce,2016,18.097254897058825,0.829268293,0
phil pressey,2016,12.323623186956523,0.280487805,0
quincy acy,2016,14.845649716949152,0.719512195,0
rj hunter,2016,8.738009258333333,0.43902439,0
rajon rondo,2016,35.23178240277778,0.87804878,0
rakeem christmas,2016,6.1,0.012195122,0
ramon sessions,2016,20.32969512195122,1.0,0
randy foye,2016,20.265493827160494,0.987804878,0
rashad vaughn,2016,14.295619042857144,0.853658537,0
rasual butler,2016,9.380688406521738,0.56097561,0
raul neto,2016,18.501255148148147,0.987804878,0
ray mccallum,2016,11.570284553658537,0.5,0
raymond felton,2016,27.3999375,0.975609756,0
reggie bullock,2016,11.590405405405406,0.451219512,0
reggie jackson,2016,30.686223632911393,0.963414634,0
richard jefferson,2016,17.91385135135135,0.902439024,0
richaun holmes,2016,13.764738562745098,0.62195122,1
ricky rubio,2016,30.56078947368421,0.926829268,0
robert covington,2016,28.40378108955224,0.817073171,0
robert sacre,2016,12.8036,0.304878049,0
robin lopez,2016,27.060243902439026,1.0,0
rodney hood,2016,32.164767936708856,0.963414634,0
rodney stuckey,2016,21.990747120689655,0.707317073,0
rondae hollisjefferson,2016,21.222643679310345,0.353658537,0
ronnie price,2016,19.535215048387094,0.756097561,0
roy hibbert,2016,23.18358024691358,0.987804878,0
rudy gay,2016,33.98157142857143,0.853658537,1
rudy gobert,2016,31.673333327868853,0.743902439,1
russ smith,2016,4.412333333333334,0.182926829,0
russell westbrook,2016,34.3683541625,0.975609756,0
ryan anderson,2016,30.426212121212124,0.804878049,0
ryan hollins,2016,12.423603602702704,0.451219512,0
ryan kelly,2016,13.050185186111111,0.43902439,0
salah mejri,2016,11.683235294117647,0.414634146,0
sam dekker,2016,2.0494444443333335,0.036585366,1
sasha kaun,2016,3.8158,0.304878049,0
sasha vujacic,2016,14.891666667213114,0.743902439,0
sean kilpatrick,2016,19.876612903225805,0.37804878,0
serge ibaka,2016,32.05504273076923,0.951219512,0
sergey karasev,2016,9.985583332500001,0.487804878,0
seth curry,2016,15.721439393181818,0.536585366,0
shabazz muhammad,2016,20.51201219512195,1.0,0
shabazz napier,2016,10.906636363636364,0.670731707,0
shane larkin,2016,22.444252141025643,0.951219512,0
shaun livingston,2016,19.48119657692308,0.951219512,0
shayne whittington,2016,5.816666667142857,0.085365854,0
shelvin mack,2016,20.344935903846153,0.634146341,0
solomon hill,2016,14.680790961016948,0.719512195,0
sonny weems,2016,11.589651162790698,0.524390244,0
spencer dinwiddie,2016,13.269166666666665,0.146341463,0
spencer hawes,2016,18.15795321052632,0.695121951,0
stanley johnson,2016,23.110570780821917,0.890243902,0
stephen curry,2016,34.176898734177215,0.963414634,0
steve blake,2016,17.006896551724136,0.707317073,0
steve novak,2016,4.428833333,0.12195122,0
steven adams,2016,25.1798541625,0.975609756,0
tj mcconnell,2016,19.826440333333334,0.987804878,0
tj warren,2016,22.77,0.573170732,1
taj gibson,2016,26.514497712328765,0.890243902,1
tarik black,2016,12.707435897435897,0.475609756,0
tayshaun prince,2016,18.98132035064935,0.93902439,0
terrence jones,2016,20.8847,0.609756098,0
terrence ross,2016,23.936666671232878,0.890243902,0
terry rozier,2016,7.982692307692307,0.475609756,0
thabo sefolosha,2016,23.435533333333332,0.914634146,0
thaddeus young,2016,32.97833332876712,0.890243902,0
thanasis antetokounmpo,2016,3.125,0.024390244,0
thomas robinson,2016,12.907723004225351,0.865853659,0
tiago splitter,2016,16.096481480555557,0.43902439,0
tibor pleiss,2016,6.795000000000001,0.146341463,0
tim duncan,2016,25.187322409836064,0.743902439,0
tim frazier,2016,14.534411764705883,0.62195122,0
tim hardaway,2016,16.943333333333335,0.62195122,0
timofey mozgov,2016,17.441951749999998,0.926829268,0
tobias harris,2016,33.07098684210526,0.926829268,0
toney douglas,2016,20.693251360655736,0.743902439,0
tony allen,2016,25.309713546875,0.780487805,0
tony parker,2016,27.50613426388889,0.87804878,0
tony snell,2016,20.328333328125,0.780487805,0
tony wroten,2016,18.0375,0.097560976,0
trevor ariza,2016,35.29779835802469,0.987804878,0
trevor booker,2016,20.658649784810127,0.963414634,0
trey burke,2016,21.340494796875,0.780487805,0
trey lyles,2016,17.2799166625,0.975609756,0
tristan thompson,2016,27.673983743902436,1.0,0
troy daniels,2016,11.075736434883721,0.524390244,0
ty lawson,2016,21.381691924242425,0.804878049,0
tyler ennis,2016,14.227789854347828,0.56097561,0
tyler hansbrough,2016,7.787689393181818,0.536585366,0
tyler johnson,2016,23.959907408333336,0.43902439,0
tyler zeller,2016,11.832305555,0.731707317,0
tyreke evans,2016,30.613400000000002,0.304878049,0
tyson chandler,2016,24.513838378787877,0.804878049,0
tyus jones,2016,15.47891891891892,0.451219512,0
udonis haslem,2016,7.014549548648648,0.451219512,0
victor oladipo,2016,33.04625,0.87804878,1
vince carter,2016,16.755888883333334,0.731707317,0
wayne ellington,2016,21.249692986842103,0.926829268,0
wesley johnson,2016,20.822645837499998,0.975609756,0
wesley matthews,2016,33.901303423076925,0.951219512,0
will barton,2016,28.699654475609755,1.0,0
willie cauleystein,2016,21.387045454545454,0.804878049,0
willie reed,2016,10.913675212820513,0.475609756,0
xavier munford,2016,17.449523807142857,0.170731707,0
zach lavine,2016,27.96930893902439,1.0,0
zach randolph,2016,29.653014705882352,0.829268293,0
zaza pachulia,2016,26.369824565789475,0.926829268,0
aj hammons,2017,7.419621213636364,0.268292683,0
aaron brooks,2017,13.749717949230769,0.792682927,0
aaron gordon,2017,28.7245625,0.975609756,0
aaron harrison,2017,3.313333334,0.06097561,0
adreian payne,2017,7.515092594444444,0.219512195,0
al horford,2017,32.25384804411765,0.829268293,0
al jefferson,2017,14.100530303030302,0.804878049,0
alfarouq aminu,2017,29.064234967213117,0.743902439,0
alan anderson,2017,10.278944443333334,0.365853659,0
alan williams,2017,15.057730495744682,0.573170732,0
alec burks,2017,15.548571428571428,0.512195122,1
alex abrines,2017,15.517598044117646,0.829268293,0
alex len,2017,20.25450216883117,0.93902439,0
alex poythress,2017,26.138888883333333,0.073170732,0
alexis ajinca,2017,14.98294871794872,0.475609756,0
allen crabbe,2017,28.533016873417722,0.963414634,0
alonzo gee,2017,6.878205128461539,0.158536585,0
amir johnson,2017,20.0998125,0.975609756,0
anderson varejao,2017,6.561547619285714,0.170731707,0
andre drummond,2017,29.74594650617284,0.987804878,0
andre iguodala,2017,26.283442986842104,0.926829268,0
andre roberson,2017,30.073881860759496,0.963414634,0
andrew bogut,2017,21.599382714814812,0.329268293,0
andrew harrison,2017,20.470462958333332,0.87804878,0
andrew nicholson,2017,8.999780702631579,0.463414634,0
andrew wiggins,2017,37.17522357317073,1.0,0
anthony bennett,2017,11.484782608695651,0.280487805,0
anthony brown,2017,14.456818181818182,0.134146341,0
anthony davis,2017,36.10215556,0.914634146,1
anthony morrow,2017,14.572925169387753,0.597560976,0
anthony tolliver,2017,22.71884615384615,0.792682927,0
archie goodwin,2017,14.276,0.182926829,0
arinze onuaku,2017,3.54166666625,0.097560976,0
aron baynes,2017,15.5006,0.914634146,0
arron afflalo,2017,25.89860655737705,0.743902439,0
austin rivers,2017,27.752680175675675,0.902439024,0
avery bradley,2017,33.35436363636364,0.670731707,0
axel toupane,2017,11.8658333325,0.048780488,0
ben bentil,2017,3.2888888890000003,0.036585366,0
ben mclemore,2017,19.28259562295082,0.743902439,0
beno udrih,2017,14.363589743589742,0.475609756,0
bismack biyombo,2017,22.140925925925927,0.987804878,0
blake griffin,2017,34.03568306557377,0.743902439,1
boban marjanovic,2017,8.379142857142856,0.426829268,0
bobby brown,2017,4.9212,0.304878049,0
bobby portis,2017,15.632057296875,0.780487805,0
bojan bogdanovic,2017,25.714259259259258,0.987804878,0
boris diaw,2017,17.571141547945203,0.890243902,0
bradley beal,2017,34.85731601298701,0.93902439,0
brandan wright,2017,15.959821428571429,0.341463415,0
brandon bass,2017,11.093557692307693,0.634146341,0
brandon ingram,2017,28.851413506329116,0.963414634,0
brandon jennings,2017,22.240493827160495,0.987804878,0
brandon knight,2017,21.107191351851853,0.658536585,0
brandon rush,2017,21.91287234042553,0.573170732,0
brian roberts,2017,10.152967480487806,0.5,0
briante weber,2017,10.248583335,0.243902439,0
brice johnson,2017,3.0722222223333335,0.036585366,0
brook lopez,2017,29.627088893333337,0.914634146,0
bruno caboclo,2017,4.477592592222222,0.109756098,0
bryn forbes,2017,7.913749999999999,0.43902439,0
buddy hield,2017,23.02662601219512,1.0,0
cj watson,2017,16.330645161290324,0.756097561,0
cj wilcox,2017,4.896818181818182,0.268292683,0
cj mccollum,2017,34.94475,0.975609756,0
cj miles,2017,23.37304825,0.926829268,0
cameron payne,2017,14.90516129032258,0.37804878,0
caris levert,2017,21.699415210526315,0.695121951,0
carmelo anthony,2017,34.29837837837838,0.902439024,0
chandler parsons,2017,19.843382352941177,0.414634146,0
channing frye,2017,18.88961712162162,0.902439024,0
chasson randle,2017,11.501602565384616,0.317073171,0
cheick diallo,2017,11.685588235294118,0.207317073,0
chinanu onuaku,2017,10.32,0.06097561,0
chris andersen,2017,9.482777775,0.146341463,0
chris mccullough,2017,5.028333333125,0.195121951,0
chris paul,2017,31.488907098360656,0.743902439,0
christian wood,2017,8.229358976923077,0.158536585,0
clint capela,2017,23.86617949230769,0.792682927,0
cody zeller,2017,27.830188177419355,0.756097561,0
cole aldrich,2017,8.56524193548387,0.756097561,0
corey brewer,2017,15.6245935,1.0,0
cory joseph,2017,25.034041662499998,0.975609756,0
courtney lee,2017,31.940432896103896,0.93902439,0
cristiano felicio,2017,15.758686863636365,0.804878049,0
dangelo russell,2017,28.73933861904762,0.768292683,0
dj augustin,2017,19.72121794871795,0.951219512,0
dahntay jones,2017,12.0,0.012195122,0
damian jones,2017,8.508333333,0.12195122,0
damian lillard,2017,35.907666666666664,0.914634146,0
damjan rudez,2017,6.968,0.548780488,0
daniel ochefu,2017,3.942280701578947,0.231707317,0
danilo gallinari,2017,33.8731216984127,0.768292683,0
danny green,2017,26.57095588235294,0.829268293,0
dante cunningham,2017,24.97845959090909,0.804878049,0
dante exum,2017,18.6024495,0.804878049,0
danuel house,2017,0.826666667,0.012195122,0
dario saric,2017,26.284238679012347,0.987804878,1
darrell arthur,2017,15.574146341463413,0.5,0
darren collison,2017,30.34294117647059,0.829268293,0
darrun hilliard,2017,9.7691453,0.475609756,0
david lee,2017,18.695675101265824,0.963414634,0
david nwaba,2017,19.862083335,0.243902439,0
david west,2017,12.56,0.829268293,0
davis bertans,2017,12.053109452238806,0.817073171,0
deandre jordan,2017,31.73216049382716,0.987804878,0
deandre liggins,2017,12.525215053225805,0.756097561,0
deandre bembry,2017,9.756315789473684,0.463414634,0
demar derozan,2017,35.40867117567567,0.902439024,1
demarcus cousins,2017,34.24115740277777,0.87804878,1
demarre carroll,2017,26.130324069444445,0.87804878,0
dejounte murray,2017,8.460043860526316,0.463414634,0
delon wright,2017,16.53506172962963,0.329268293,0
demetrius jackson,2017,3.4026666659999996,0.06097561,0
dennis schroder,2017,31.453459911392404,0.963414634,0
denzel valentine,2017,17.132076022807016,0.695121951,0
deron williams,2017,25.895729171875,0.780487805,0
derrick favors,2017,23.712233339999997,0.609756098,0
derrick jones,2017,17.04375,0.390243902,0
derrick rose,2017,32.528515625,0.780487805,1
derrick williams,2017,16.0863,0.609756098,0
devin booker,2017,35.00709401282051,0.951219512,0
devin harris,2017,16.725538461538463,0.792682927,0
dewayne dedmon,2017,17.495899118421054,0.926829268,0
deyonta davis,2017,6.612500000000001,0.43902439,0
diamond stone,2017,3.465,0.085365854,0
dion waiters,2017,30.091847826086955,0.56097561,0
dirk nowitzki,2017,26.37472222222222,0.658536585,0
domantas sabonis,2017,20.14183127160494,0.987804878,0
donatas motiejunas,2017,14.078970588235293,0.414634146,0
dorian finneysmith,2017,20.26965020987654,0.987804878,0
doug mcdermott,2017,22.84434343939394,0.804878049,0
dragan bender,2017,13.34054263488372,0.524390244,0
draymond green,2017,32.51166667105264,0.926829268,0
dwight howard,2017,29.71243243243243,0.902439024,0
dwight powell,2017,17.317575753246754,0.93902439,0
dwyane wade,2017,29.86994445,0.731707317,0
etwaun moore,2017,24.92716894520548,0.890243902,1
ed davis,2017,17.152065217391304,0.56097561,0
edy tavares,2017,13.8,0.024390244,0
elfrid payton,2017,29.416727646341464,1.0,0
elijah millsap,2017,11.566666665,0.024390244,0
emmanuel mudiay,2017,25.555666672727273,0.670731707,0
enes freedom,2017,21.289375,0.87804878,0
eric bledsoe,2017,32.973459590909094,0.804878049,1
eric gordon,2017,30.979533333333336,0.914634146,0
ersan ilyasova,2017,26.126808939024393,1.0,0
evan fournier,2017,32.84796569117647,0.829268293,0
evan turner,2017,25.51630769230769,0.792682927,0
frank kaminsky,2017,26.053533333333334,0.914634146,0
fred vanvleet,2017,7.940810810810811,0.451219512,0
garrett temple,2017,26.590487184615387,0.792682927,0
gary harris,2017,31.26821636842105,0.695121951,1
gary neal,2017,9.166666665,0.024390244,0
gary payton,2017,16.538888888333332,0.073170732,0
george hill,2017,31.510034020408163,0.597560976,1
georges niang,2017,4.031811594347826,0.280487805,0
georgios papagiannis,2017,16.137121213636362,0.268292683,0
gerald green,2017,11.444326240425532,0.573170732,0
gerald henderson,2017,23.15449073611111,0.87804878,0
giannis antetokounmpo,2017,35.5629583375,0.975609756,0
glenn robinson,2017,20.676908217391304,0.841463415,0
goran dragic,2017,33.69093606849315,0.890243902,0
gordon hayward,2017,34.45938356164383,0.890243902,0
gorgui dieng,2017,32.35628048780488,1.0,0
greg monroe,2017,22.502386827160493,0.987804878,0
greivis vasquez,2017,12.855555556666665,0.036585366,0
harrison barnes,2017,35.48746835443038,0.963414634,1
hassan whiteside,2017,32.64125541558442,0.93902439,0
henry ellenson,2017,7.697017542105263,0.231707317,0
hollis thompson,2017,18.8045833325,0.487804878,0
ian clark,2017,14.760064935064936,0.93902439,0
ian mahinmi,2017,17.896827958064517,0.37804878,0
iman shumpert,2017,25.490021934210528,0.926829268,0
isaiah canaan,2017,15.182222223076923,0.475609756,0
isaiah taylor,2017,13.0,0.048780488,0
isaiah thomas,2017,33.80857456578947,0.926829268,0
isaiah whitehead,2017,22.513310506849315,0.890243902,0
ish smith,2017,24.138456790123456,0.987804878,0
ivica zubac,2017,16.013552631578946,0.463414634,1
jj barea,2017,22.022142857142857,0.426829268,0
jj redick,2017,28.18117521794872,0.951219512,0
jr smith,2017,28.956626024390246,0.5,0
jamychal green,2017,27.287056272727273,0.93902439,0
javale mcgee,2017,9.598679653246753,0.93902439,0
jabari parker,2017,33.88003268627451,0.62195122,1
jae crowder,2017,32.435810180555556,0.87804878,0
jahlil okafor,2017,22.67966666,0.609756098,1
jake layman,2017,7.107904762857142,0.426829268,0
jakob poeltl,2017,11.600555555555555,0.658536585,0
jamal crawford,2017,26.305711378048784,1.0,0
jamal murray,2017,21.520040646341464,1.0,0
jameer nelson,2017,27.26415556,0.914634146,0
james ennis,2017,23.446223953125,0.780487805,0
james harden,2017,36.37925925925926,0.987804878,0
james johnson,2017,27.433114039473683,0.926829268,0
james jones,2017,7.929270833333334,0.585365854,0
james michael mcadoo,2017,8.79701923076923,0.634146341,0
james young,2017,7.5897701137931035,0.353658537,0
jared dudley,2017,21.288125,0.780487805,0
jared sullinger,2017,10.703333336363636,0.134146341,0
jarell eddie,2017,12.468333334,0.06097561,0
jarell martin,2017,13.295753969047619,0.512195122,0
jarnell stokes,2017,3.2716666665,0.024390244,0
jarrett jack,2017,16.541666665,0.024390244,0
jarrod uthoff,2017,12.749629633333335,0.109756098,0
jason smith,2017,14.428963959459457,0.902439024,0
jason terry,2017,18.447072067567568,0.902439024,0
jaylen brown,2017,17.196495730769232,0.951219512,0
jeff green,2017,22.2281884057971,0.841463415,0
jeff teague,2017,32.40274390243903,1.0,0
jeff withey,2017,8.4774183,0.62195122,0
jerami grant,2017,19.1375208375,0.975609756,0
jeremy lamb,2017,18.428145161290324,0.756097561,0
jeremy lin,2017,24.516342591666668,0.43902439,0
jerian grant,2017,16.324285714285715,0.768292683,0
jerryd bayless,2017,23.83,0.036585366,0
jimmy butler,2017,36.95995614473684,0.926829268,0
joakim noah,2017,22.056123195652173,0.56097561,0
jodie meeks,2017,20.489490741666668,0.43902439,0
joe harris,2017,21.891826923076923,0.634146341,1
joe ingles,2017,24.05071137804878,1.0,0
joe johnson,2017,23.62728632051282,0.951219512,0
joe young,2017,4.095858584848485,0.402439024,0
joel anthony,2017,6.41921052631579,0.231707317,0
joel bolomboy,2017,4.3777777774999995,0.146341463,0
joel embiid,2017,25.356774193548386,0.37804878,1
joffrey lauvergne,2017,14.0015,0.853658537,0
john henson,2017,19.35390805172414,0.707317073,0
john jenkins,2017,3.2333333325,0.048780488,0
john lucas,2017,2.136,0.06097561,0
john wall,2017,36.35235042307693,0.951219512,0
johnny obryant,2017,7.331969697272727,0.134146341,0
jon leuer,2017,25.91651110666667,0.914634146,0
jonas jerebko,2017,15.791837602564105,0.951219512,0
jonas valanciunas,2017,25.818437499999998,0.975609756,0
jonathan gibson,2017,13.600588235294119,0.207317073,0
jonathon simmons,2017,17.852136756410257,0.951219512,0
jordan clarkson,2017,29.226280487804875,1.0,0
jordan crawford,2017,23.27912280526316,0.231707317,0
jordan farmar,2017,17.69,0.024390244,0
jordan hill,2017,6.6523809528571425,0.085365854,0
jordan mcrae,2017,10.365045045945946,0.451219512,0
jordan mickey,2017,5.641266667999999,0.304878049,0
jose calderon,2017,13.141422763414633,0.5,0
josh huestis,2017,15.441666665,0.024390244,0
josh mcroberts,2017,17.327878786363637,0.268292683,0
josh richardson,2017,30.45952830188679,0.646341463,0
jrue holiday,2017,32.68512437313433,0.817073171,0
juan hernangomez,2017,13.57905914032258,0.756097561,0
julius randle,2017,28.812252256756757,0.902439024,0
justin anderson,2017,16.363111106666665,0.914634146,0
justin hamilton,2017,18.383020828125,0.780487805,0
justin harper,2017,10.43888889,0.036585366,0
justin holiday,2017,19.98930893902439,1.0,0
justise winslow,2017,34.73861111111111,0.219512195,1
jusuf nurkic,2017,21.39969230769231,0.792682927,0
kj mcdaniels,2017,10.316530612244899,0.597560976,0
karlanthony towns,2017,36.95524390243902,1.0,0
kawhi leonard,2017,33.43891891891892,0.902439024,1
kay felder,2017,9.18452380952381,0.512195122,0
kelly olynyk,2017,20.511066666666665,0.914634146,0
kelly oubre jr,2017,20.3196835443038,0.963414634,0
kemba walker,2017,34.67478902531646,0.963414634,1
kenneth faried,2017,21.243879786885245,0.743902439,0
kent bazemore,2017,26.88742009589041,0.890243902,0
kentavious caldwellpope,2017,33.26964911842105,0.926829268,0
kevin durant,2017,33.39290322580646,0.756097561,0
kevin love,2017,31.41075,0.731707317,0
kevin seraphin,2017,11.414591836734695,0.597560976,0
kevon looney,2017,8.433899371698113,0.646341463,1
khris middleton,2017,30.656781610344826,0.353658537,0
klay thompson,2017,33.962051282051284,0.951219512,0
kosta koufos,2017,19.991150239436617,0.865853659,0
kris dunn,2017,17.08974358974359,0.951219512,0
kris humphries,2017,12.297291666071429,0.682926829,0
kristaps porzingis,2017,32.79414140909091,0.804878049,0
kyle anderson,2017,14.167939819444445,0.87804878,0
kyle korver,2017,26.16517413432836,0.817073171,0
kyle lowry,2017,37.400416666666665,0.731707317,0
kyle oquinn,2017,15.55909282278481,0.963414634,0
kyle singler,2017,12.038958334375,0.390243902,0
kyle wiltjer,2017,3.134523809285714,0.170731707,0
kyrie irving,2017,35.064305555555556,0.87804878,0
lamarcus aldridge,2017,32.43071759722223,0.87804878,0
lamar patterson,2017,8.073333334,0.06097561,0
lance stephenson,2017,20.089814816666667,0.219512195,0
lance thomas,2017,21.035833332608696,0.56097561,0
langston galloway,2017,20.194481986486487,0.902439024,0
larry nance,2017,22.886349206349205,0.768292683,0
larry sanders,2017,2.538666666,0.06097561,0
lavoy allen,2017,14.283961749180328,0.743902439,0
lebron james,2017,37.76452702702702,0.902439024,0
leandro barbosa,2017,14.379079601492537,0.817073171,0
lou williams,2017,24.61004114814815,0.987804878,0
luc mbah a moute,2017,22.3398125,0.975609756,0
lucas nogueira,2017,19.092105263157894,0.695121951,0
luis scola,2017,12.803009258333333,0.43902439,0
luke babbitt,2017,15.660857838235295,0.829268293,0
luol deng,2017,26.533452375,0.682926829,0
malachi richardson,2017,9.005378786363636,0.268292683,0
malcolm brogdon,2017,26.431866666666668,0.914634146,0
malcolm delaney,2017,17.08972602739726,0.890243902,0
malik beasley,2017,7.4952272727272735,0.268292683,0
manny harris,2017,6.1875,0.048780488,0
manu ginobili,2017,18.71666666666667,0.841463415,0
marc gasol,2017,34.203153148648646,0.902439024,0
marcelo huertas,2017,10.28528985652174,0.280487805,0
marcin gortat,2017,31.164369914634147,1.0,0
marco belinelli,2017,24.021126121621624,0.902439024,0
marcus georges hunt,2017,9.503333334,0.06097561,0
marcus morris,2017,32.46949367088608,0.963414634,0
marcus smart,2017,30.370738392405062,0.963414634,0
marcus thornton,2017,17.414292930303027,0.402439024,0
mario hezonja,2017,14.773589743076922,0.792682927,0
markieff morris,2017,31.241228065789475,0.926829268,0
marquese chriss,2017,21.260487804878046,1.0,0
marreese speights,2017,15.681239841463414,1.0,0
marshall plumlee,2017,8.103809523809524,0.256097561,0
marvin williams,2017,30.191359644736842,0.926829268,0
mason plumlee,2017,26.513333333333332,0.987804878,0
matt barnes,2017,23.998828824324324,0.902439024,0
matthew dellavedova,2017,26.131600881578947,0.926829268,0
maurice harkless,2017,28.87095237662338,0.93902439,0
maurice ndour,2017,10.35796875,0.390243902,0
metta world peace,2017,6.413200000000001,0.304878049,0
meyers leonard,2017,16.5122072027027,0.902439024,0
michael beasley,2017,16.6875,0.682926829,0
michael carterwilliams,2017,18.81003703777778,0.548780488,0
michael gbinije,2017,3.5055555555555555,0.109756098,0
michael kiddgilchrist,2017,29.005041148148145,0.987804878,0
mike conley,2017,33.215410623188404,0.841463415,0
mike dunleavy,2017,15.866761005660376,0.646341463,0
mike miller,2017,7.527166665,0.243902439,0
mike muscala,2017,17.669452385714283,0.853658537,0
mike scott,2017,10.830925927777777,0.219512195,0
mike tobey,2017,12.591666665,0.024390244,0
miles plumlee,2017,10.769111111111112,0.548780488,0
mindaugas kuzminskas,2017,14.945710779411764,0.829268293,0
mirza teletovic,2017,16.190833328571426,0.853658537,0
monta ellis,2017,26.996058554054056,0.902439024,0
montrezl harrell,2017,18.337212637931035,0.707317073,0
myles turner,2017,31.370432098765434,0.987804878,0
nemanja bjelica,2017,18.302230769230768,0.792682927,1
nene,2017,17.876567164179104,0.817073171,0
nerlens noel,2017,20.525947705882356,0.62195122,0
nick collison,2017,6.388666665000001,0.243902439,0
nick young,2017,25.937777783333335,0.731707317,0
nicolas batum,2017,33.99023809090909,0.93902439,0
nicolas brussino,2017,9.65515432037037,0.658536585,0
nicolas laprovittola,2017,9.664074072222222,0.219512195,0
nik stauskas,2017,27.3463958375,0.975609756,0
nikola jokic,2017,27.91408675342466,0.890243902,0
nikola mirotic,2017,23.984452385714288,0.853658537,0
nikola vucevic,2017,28.83646666666667,0.914634146,0
noah vonleh,2017,17.09966216216216,0.902439024,0
norman powell,2017,17.995416671052634,0.926829268,0
norris cole,2017,9.609743592307693,0.158536585,0
okaro white,2017,13.462142857142858,0.426829268,0
omer asik,2017,15.552365590322582,0.37804878,0
omri casspi,2017,17.83763888888889,0.43902439,0
otto porter,2017,32.5633958375,0.975609756,0
pj tucker,2017,27.60364197530864,0.987804878,0
pascal siakam,2017,15.619757576363638,0.670731707,0
pat connaughton,2017,8.101196582051282,0.475609756,0
patricio garino,2017,8.623333334,0.06097561,0
patrick beverley,2017,30.715870641791046,0.817073171,0
patrick mccaw,2017,15.126690140845069,0.865853659,0
patrick patterson,2017,24.592794876923076,0.792682927,0
patty mills,2017,21.9301666625,0.975609756,0
pau gasol,2017,25.417734375,0.780487805,0
paul george,2017,35.85795556,0.914634146,0
paul millsap,2017,33.95405797101449,0.841463415,0
paul pierce,2017,11.083933331999999,0.304878049,0
paul zipser,2017,19.167727272727273,0.536585366,0
pierre jackson,2017,9.377962963333333,0.109756098,0
quincy acy,2017,14.677192981578948,0.463414634,0
quinn cook,2017,13.39,0.170731707,0
rj hunter,2017,3.0500000000000003,0.036585366,0
rajon rondo,2017,26.705821260869566,0.841463415,1
rakeem christmas,2017,7.56511494137931,0.353658537,0
ramon sessions,2017,16.213533334,0.609756098,0
randy foye,2017,18.612729463768115,0.841463415,0
rashad vaughn,2017,11.18382113902439,0.5,0
raul neto,2017,8.6475416675,0.487804878,0
raymond felton,2017,21.247854162499998,0.975609756,0
reggie bullock,2017,15.057849461290322,0.37804878,0
reggie jackson,2017,27.392211538461538,0.634146341,0
reggie williams,2017,13.242222221666667,0.073170732,0
richard jefferson,2017,20.42544303797468,0.963414634,0
richaun holmes,2017,20.924561403508772,0.695121951,0
ricky rubio,2017,32.92146666666667,0.914634146,1
robert covington,2017,31.620447761194033,0.817073171,1
robin lopez,2017,28.034032925925928,0.987804878,0
rodney hood,2017,27.004632762711864,0.719512195,0
rodney mcgruder,2017,25.203675217948717,0.951219512,0
rodney stuckey,2017,17.85076923076923,0.475609756,0
ron baker,2017,16.48141025576923,0.634146341,0
rondae hollisjefferson,2017,22.582158115384615,0.951219512,0
ronnie price,2017,9.585357142857143,0.170731707,0
roy hibbert,2017,14.214791666666665,0.585365854,0
rudy gay,2017,33.763055566666665,0.365853659,1
rudy gobert,2017,33.873415641975306,0.987804878,0
russell westbrook,2017,34.589485592592595,0.987804878,0
ryan anderson,2017,29.394328708333333,0.87804878,0
ryan kelly,2017,6.88333333125,0.195121951,0
salah mejri,2017,12.398401826027397,0.890243902,0
sam dekker,2017,18.429415584415587,0.93902439,0
sasha vujacic,2017,9.71972222142857,0.512195122,0
sean kilpatrick,2017,25.05080952857143,0.853658537,0
semaj christon,2017,15.1975260421875,0.780487805,0
serge ibaka,2017,30.659240506329112,0.963414634,0
sergio rodriguez,2017,22.314877455882353,0.829268293,0
seth curry,2017,28.986142857142855,0.853658537,1
shabazz muhammad,2017,19.42976496153846,0.951219512,0
shabazz napier,2017,9.6656918245283,0.646341463,0
shaun livingston,2017,17.694035092105263,0.926829268,0
shawn long,2017,12.978611111111112,0.219512195,0
sheldon mac,2017,9.558777776666666,0.365853659,0
shelvin mack,2017,21.911393945454545,0.670731707,0
skal labissiere,2017,18.53449494848485,0.402439024,0
solomon hill,2017,29.678770837500004,0.975609756,0
spencer dinwiddie,2017,22.605790966101694,0.719512195,0
spencer hawes,2017,14.761635801851853,0.658536585,0
stanley johnson,2017,17.800324675324674,0.93902439,0
stephen curry,2017,33.39943037974683,0.963414634,0
stephen zimmerman,2017,5.671578947368421,0.231707317,0
steve novak,2017,2.73958333375,0.097560976,0
steven adams,2017,29.867062499999996,0.975609756,0
tj mcconnell,2017,26.33823045679012,0.987804878,0
tj warren,2017,31.03075757575758,0.804878049,0
taj gibson,2017,25.4943376025641,0.951219512,0
tarik black,2017,16.28206467164179,0.817073171,0
taurean prince,2017,16.634604520338982,0.719512195,0
terrence jones,2017,23.534382722222222,0.658536585,0
terrence ross,2017,25.063675217948717,0.951219512,0
terry rozier,2017,17.068085581081082,0.902439024,0
thabo sefolosha,2017,25.73491935483871,0.756097561,0
thaddeus young,2017,30.224211716216217,0.902439024,0
thomas robinson,2017,11.675173610416666,0.585365854,0
thon maker,2017,9.862953215789473,0.695121951,0
tiago splitter,2017,9.49583333375,0.097560976,0
tim frazier,2017,23.456179492307694,0.792682927,0
tim hardaway,2017,27.259177215189872,0.963414634,0
tim quarterman,2017,5.002604166875,0.195121951,0
timofey mozgov,2017,20.44185185185185,0.658536585,0
timothe luwawucabarrot,2017,17.245072463768118,0.841463415,0
tobias harris,2017,31.29808942682927,1.0,0
tomas satoransky,2017,12.617690057894738,0.695121951,0
toney douglas,2017,16.408472220833335,0.292682927,0
tony allen,2017,26.954061028169015,0.865853659,0
tony parker,2017,25.190899476190477,0.768292683,0
tony snell,2017,29.195687500000002,0.975609756,0
treveon graham,2017,6.996419751851852,0.329268293,0
trevor ariza,2017,34.657625,0.975609756,0
trevor booker,2017,24.70866197183099,0.865853659,0
trey burke,2017,12.329649122807018,0.695121951,0
trey lyles,2017,16.314788732394366,0.865853659,0
tristan thompson,2017,29.953611115384618,0.951219512,0
troy daniels,2017,17.66121891044776,0.817073171,0
troy williams,2017,18.552888890000002,0.365853659,0
ty lawson,2017,25.103236710144927,0.841463415,0
tyler ennis,2017,11.097106918867924,0.646341463,0
tyler johnson,2017,29.82853880821918,0.890243902,0
tyler ulis,2017,18.405409836065573,0.743902439,0
tyler zeller,2017,10.28735294117647,0.62195122,0
tyreke evans,2017,19.701625,0.487804878,0
tyson chandler,2017,27.60872340425532,0.573170732,0
tyus jones,2017,12.906472221666666,0.731707317,0
udonis haslem,2017,8.13604166875,0.195121951,0
victor oladipo,2017,33.17370646268657,0.817073171,0
vince carter,2017,24.65150684931507,0.890243902,0
wade baldwin,2017,12.271363636363636,0.402439024,0
wayne ellington,2017,24.188978499999997,0.756097561,0
wayne selden,2017,16.85738095,0.170731707,0
wesley johnson,2017,11.913504901470588,0.829268293,0
wesley matthews,2017,34.17541095890411,0.890243902,0
will barton,2017,28.417611116666667,0.731707317,0
willie cauleystein,2017,18.943866666666665,0.914634146,0
willie reed,2017,14.517136154929576,0.865853659,0
willy hernangomez,2017,18.394583333333333,0.87804878,0
wilson chandler,2017,30.939201873239437,0.865853659,0
yogi ferrell,2017,26.021992760869566,0.56097561,0
zach lavine,2017,37.20858155319149,0.573170732,1
zach randolph,2017,24.468972602739726,0.890243902,0
zaza pachulia,2017,18.119047614285716,0.853658537,0
aaron brooks,2018,5.919166665625,0.390243902,0
aaron gordon,2018,32.91514367241379,0.707317073,0
aaron harrison,2018,25.916851855555553,0.109756098,0
aaron jackson,2018,34.5,0.012195122,0
abdel nader,2018,10.865138889583333,0.585365854,0
adreian payne,2018,8.509666666,0.06097561,0
al horford,2018,31.625347222222224,0.87804878,0
al jefferson,2018,13.432222222222222,0.43902439,0
alfarouq aminu,2018,30.031473434782608,0.841463415,0
alan williams,2018,14.066999999999998,0.06097561,0
alec burks,2018,16.5415625,0.780487805,0
alec peters,2018,11.24275,0.243902439,0
alex abrines,2018,15.122488893333333,0.914634146,0
alex caruso,2018,15.186756756756756,0.451219512,0
alex len,2018,20.222415463768115,0.841463415,0
alex poythress,2018,4.165,0.304878049,0
alfonzo mckinnie,2018,3.8170238092857143,0.170731707,0
allen crabbe,2018,29.295999999999996,0.914634146,0
amir johnson,2018,15.814887391891892,0.902439024,0
andre drummond,2018,33.6519017051282,0.951219512,1
andre iguodala,2018,25.351223953125,0.780487805,0
andre ingram,2018,32.066666665,0.024390244,0
andre roberson,2018,26.58149571794872,0.475609756,0
andrew bogut,2018,9.016458333333334,0.292682927,0
andrew harrison,2018,23.683422625,0.682926829,0
andrew white,2018,13.940444446666667,0.182926829,0
andrew wiggins,2018,36.325650402439024,1.0,0
ante zizic,2018,6.695,0.390243902,0
anthony brown,2018,3.733333333,0.012195122,0
anthony davis,2018,36.36315556,0.914634146,0
anthony tolliver,2018,22.24120253164557,0.963414634,0
antonio blakeney,2018,16.521052631578947,0.231707317,0
antonius cleveland,2018,7.20764705882353,0.207317073,0
aron baynes,2018,18.327078185185183,0.987804878,0
arron afflalo,2018,12.85990566037736,0.646341463,0
austin rivers,2018,33.71461749180328,0.743902439,1
avery bradley,2018,31.153695652173912,0.56097561,1
bam adebayo,2018,19.82876811594203,0.841463415,0
ben mclemore,2018,19.475357142857142,0.682926829,0
ben moore,2018,4.6416666665,0.024390244,0
ben simmons,2018,33.72288065432099,0.987804878,0
bismack biyombo,2018,18.230365853658537,1.0,0
blake griffin,2018,33.962442534482754,0.707317073,1
boban marjanovic,2018,8.663333333333334,0.475609756,0
bobby brown,2018,5.746666665,0.243902439,0
bobby portis,2018,22.500273972602738,0.890243902,0
bogdan bogdanovic,2018,27.886602564102567,0.951219512,0
bojan bogdanovic,2018,30.8057708375,0.975609756,0
bradley beal,2018,36.30123984146341,1.0,0
brandan wright,2018,13.602678571428571,0.341463415,0
brandon ingram,2018,33.46714689830508,0.719512195,1
brandon jennings,2018,14.653095235714286,0.170731707,0
brandon paul,2018,8.9975,0.780487805,0
briante weber,2018,13.139074072222222,0.219512195,0
brice johnson,2018,5.442592592777777,0.219512195,0
brook lopez,2018,23.44522522972973,0.902439024,0
bruno caboclo,2018,8.858194441666667,0.146341463,0
bryn forbes,2018,18.961145837500002,0.975609756,0
buddy hield,2018,25.3028958375,0.975609756,0
cj williams,2018,18.59214912368421,0.463414634,0
cj mccollum,2018,36.09469135802469,0.987804878,0
cj miles,2018,19.09285714285714,0.853658537,0
caleb swanigan,2018,7.012839507407407,0.329268293,0
cameron payne,2018,23.260933332,0.304878049,0
caris levert,2018,26.249061028169013,0.865853659,0
carmelo anthony,2018,32.06589743589743,0.951219512,0
cedi osman,2018,11.024480873770493,0.743902439,0
chandler parsons,2018,19.205092591666666,0.43902439,0
channing frye,2018,13.110534590566038,0.646341463,0
charles cooke,2018,2.9311538461538458,0.158536585,0
cheick diallo,2018,11.172115384615385,0.634146341,0
chinanu onuaku,2018,21.56666667,0.012195122,0
chris boucher,2018,1.316666667,0.012195122,0
chris mccullough,2018,4.724561403684211,0.231707317,0
chris paul,2018,31.837183913793105,0.707317073,1
clint capela,2018,27.487950445945945,0.902439024,0
cody zeller,2018,19.005555554545452,0.402439024,1
cole aldrich,2018,2.3189682538095235,0.256097561,0
corey brewer,2018,16.78497684722222,0.87804878,0
cory joseph,2018,26.95022357317073,1.0,0
courtney lee,2018,30.39445175,0.926829268,0
cristiano felicio,2018,17.771818181818183,0.670731707,0
dangelo russell,2018,25.70239583333333,0.585365854,0
dj augustin,2018,23.467311106666667,0.914634146,0
dj wilson,2018,3.231742424090909,0.268292683,0
dakari johnson,2018,5.2054838709677425,0.37804878,0
damian jones,2018,5.914111111333333,0.182926829,0
damian lillard,2018,36.57383561643835,0.890243902,0
damien wilkins,2018,8.021315789473684,0.231707317,0
damion lee,2018,26.96077778,0.182926829,0
damyean dotson,2018,10.774128788636363,0.536585366,0
daniel hamilton,2018,4.621388888333334,0.073170732,0
daniel theis,2018,14.851269841269842,0.768292683,1
danilo gallinari,2018,31.955,0.256097561,1
danny green,2018,25.586952385714287,0.853658537,0
dante cunningham,2018,21.39568493150685,0.890243902,0
dante exum,2018,16.75130952142857,0.170731707,1
danuel house,2018,17.505434782608695,0.280487805,0
dario saric,2018,29.616282051282052,0.951219512,0
darius miller,2018,23.71268292682927,1.0,0
darrell arthur,2018,7.409035089473684,0.231707317,0
darren collison,2018,29.25159420289855,0.841463415,0
darrun hilliard,2018,6.799642857142857,0.170731707,0
david nwaba,2018,23.51361904285714,0.853658537,0
david stockton,2018,3.111111111,0.036585366,0
david west,2018,13.680776256164384,0.890243902,0
davis bertans,2018,14.106601727272729,0.93902439,0
davon reed,2018,11.531349204761906,0.256097561,0
deaaron fox,2018,27.746986301369862,0.890243902,0
deandre jordan,2018,31.473203467532468,0.93902439,0
deandre liggins,2018,12.475143677586207,0.707317073,0
deandre bembry,2018,17.508333334615386,0.317073171,0
demar derozan,2018,33.8965208375,0.975609756,0
demarcus cousins,2018,36.18895833333333,0.585365854,1
demarre carroll,2018,29.859132424657535,0.890243902,0
dejounte murray,2018,21.517592592592592,0.987804878,0
delon wright,2018,20.764106275362316,0.841463415,0
demetrius jackson,2018,5.33,0.182926829,0
dennis schroder,2018,31.0137562238806,0.817073171,0
dennis smith,2018,29.69717391304348,0.841463415,1
denzel valentine,2018,27.209632038961036,0.93902439,1
derrick favors,2018,27.966255415584417,0.93902439,0
derrick jones,2018,12.258583335,0.243902439,0
derrick rose,2018,16.7696,0.304878049,0
derrick walton,2018,9.20083333125,0.195121951,0
derrick white,2018,8.160490194117648,0.207317073,0
derrick williams,2018,4.2625,0.024390244,0
devin booker,2018,34.54253087037037,0.658536585,1
devin harris,2018,18.866502352112676,0.865853659,0
devin robinson,2018,13.21333333,0.012195122,0
dewayne dedmon,2018,24.87537633870968,0.756097561,0
deyonta davis,2018,15.204408601612903,0.756097561,0
dillon brooks,2018,28.656483743902438,1.0,0
dion waiters,2018,30.584333333333333,0.365853659,0
dirk nowitzki,2018,24.67971861038961,0.93902439,0
domantas sabonis,2018,24.46108108108108,0.902439024,0
donovan mitchell,2018,33.393797468354435,0.963414634,0
dorian finneysmith,2018,21.34952380952381,0.256097561,0
doug mcdermott,2018,21.827181074074073,0.987804878,1
dragan bender,2018,25.236341463414636,1.0,0
draymond green,2018,32.669333328571426,0.853658537,0
dwayne bacon,2018,13.452798741509435,0.646341463,1
dwight buycks,2018,14.732298851724138,0.353658537,0
dwight howard,2018,30.41164608641975,0.987804878,0
dwight powell,2018,21.16132911392405,0.963414634,0
dwyane wade,2018,22.92706467164179,0.817073171,0
etwaun moore,2018,31.534857719512196,1.0,0
ed davis,2018,18.857499999999998,0.951219512,0
edmond sumner,2018,2.166666667,0.012195122,0
ekpe udoh,2018,12.851931217460317,0.768292683,0
elfrid payton,2018,28.706507936507936,0.768292683,1
emeka okafor,2018,13.58596153846154,0.317073171,0
emmanuel mudiay,2018,19.440989578125,0.780487805,0
enes freedom,2018,25.770422535211267,0.865853659,0
eric bledsoe,2018,31.373153148648647,0.902439024,0
eric gordon,2018,31.21714975362319,0.841463415,0
eric moreland,2018,12.016641791044776,0.817073171,0
erik mccree,2018,1.88041666675,0.048780488,0
ersan ilyasova,2018,25.067367144927537,0.841463415,0
evan fournier,2018,32.231842105263155,0.695121951,1
evan turner,2018,25.744662443037974,0.963414634,0
frank kaminsky,2018,23.23023206329114,0.963414634,0
frank mason,2018,18.922948717307694,0.634146341,0
frank ntilikina,2018,21.86728632051282,0.951219512,0
fred vanvleet,2018,20.00116227631579,0.926829268,0
furkan korkmaz,2018,5.695238095,0.170731707,0
garrett temple,2018,24.84733333846154,0.792682927,1
gary harris,2018,34.39626865671642,0.817073171,0
gary payton,2018,9.602608695652174,0.280487805,0
george hill,2018,27.04666667164179,0.817073171,0
georges niang,2018,3.52,0.109756098,0
georgios papagiannis,2018,7.153627452941176,0.207317073,0
gerald green,2018,22.66231707317073,0.5,0
gian clavell,2018,9.09047619,0.085365854,0
giannis antetokounmpo,2018,36.74937777333333,0.914634146,0
glenn robinson,2018,14.685942030434784,0.280487805,0
goran dragic,2018,31.7006,0.914634146,1
gordon hayward,2018,5.25,0.012195122,1
gorgui dieng,2018,16.868544303797467,0.963414634,0
greg monroe,2018,20.408790843137254,0.62195122,0
guerschon yabusele,2018,7.122929293939394,0.402439024,0
harrison barnes,2018,34.213896103896104,0.93902439,0
hassan whiteside,2018,25.260555555555555,0.658536585,0
henry ellenson,2018,8.655877192105264,0.463414634,0
ian clark,2018,19.653243243243242,0.902439024,0
ian mahinmi,2018,14.8743722987013,0.93902439,0
ike anigbogu,2018,2.708181818181818,0.134146341,0
iman shumpert,2018,19.728214285714284,0.170731707,0
isaiah canaan,2018,21.084666665,0.243902439,0
isaiah hicks,2018,13.303888888888888,0.219512195,0
isaiah taylor,2018,17.418084582089552,0.817073171,0
isaiah thomas,2018,26.9275,0.390243902,0
isaiah whitehead,2018,11.22864583125,0.195121951,0
ish smith,2018,24.91018292682927,1.0,0
ivan rabb,2018,14.3225,0.43902439,0
ivica zubac,2018,9.530736434883721,0.524390244,0
jj barea,2018,23.235676333333334,0.841463415,0
jj redick,2018,30.226476185714287,0.853658537,0
jr smith,2018,28.0518125,0.975609756,0
jakarr sampson,2018,15.646212122727274,0.268292683,0
jamychal green,2018,28.03296969090909,0.670731707,1
javale mcgee,2018,9.46748718,0.792682927,0
jabari bird,2018,8.81,0.158536585,0
jabari parker,2018,23.959623654838712,0.37804878,0
jack cooley,2018,12.467619047142858,0.085365854,0
jacob pullen,2018,2.0277777776666666,0.036585366,0
jacob wiley,2018,6.651333334,0.06097561,0
jae crowder,2018,26.1193125,0.975609756,0
jahlil okafor,2018,12.60113095357143,0.341463415,0
jake layman,2018,4.580761905714286,0.426829268,0
jakob poeltl,2018,18.579817073170734,1.0,0
jalen jones,2018,11.33572916875,0.195121951,0
jamal crawford,2018,20.6657291625,0.975609756,0
jamal murray,2018,31.663189296296295,0.987804878,0
jameel warney,2018,8.950000000000001,0.036585366,0
jameer nelson,2018,20.2633,0.609756098,0
jamel artis,2018,18.600555553333333,0.182926829,0
james ennis,2018,22.278194444444445,0.87804878,0
james harden,2018,35.427569444444444,0.87804878,0
james johnson,2018,26.620365301369866,0.890243902,0
james michael mcadoo,2018,5.983333333333333,0.036585366,0
james webb,2018,11.993166669999999,0.12195122,0
james young,2018,10.184722221666666,0.073170732,0
jamil wilson,2018,18.250444446666666,0.182926829,0
jared dudley,2018,14.301770833333334,0.585365854,0
jarell eddie,2018,2.8722222223333334,0.036585366,0
jarell martin,2018,22.748310506849315,0.890243902,0
jarrett allen,2018,20.015486111111112,0.87804878,0
jarrett jack,2018,24.960779564516127,0.756097561,0
jason smith,2018,8.628686869696969,0.402439024,0
jason terry,2018,15.953856209803922,0.62195122,0
jawun evans,2018,16.20538194375,0.585365854,0
jaylen brown,2018,30.739214285714283,0.853658537,0
jaylen morris,2018,16.415,0.073170732,0
jayson tatum,2018,30.5363958375,0.975609756,0
jeff green,2018,23.433333333333334,0.951219512,0
jeff teague,2018,33.01802381428572,0.853658537,0
jeff withey,2018,3.9299999999999997,0.12195122,0
jerami grant,2018,20.334711938271603,0.987804878,0
jeremy evans,2018,5.35,0.012195122,0
jeremy lamb,2018,24.592,0.975609756,0
jeremy lin,2018,25.18333333,0.012195122,0
jerian grant,2018,22.788243243243244,0.902439024,0
jerryd bayless,2018,23.71004273589744,0.475609756,0
jimmy butler,2018,36.677909610169486,0.719512195,0
joakim noah,2018,5.735,0.085365854,0
jodie meeks,2018,14.52893938961039,0.93902439,0
joe harris,2018,25.315363243589744,0.951219512,1
joe ingles,2018,31.44510162195122,1.0,0
joe johnson,2018,21.904545454545456,0.670731707,0
joe young,2018,10.530503145283019,0.646341463,0
joel bolomboy,2018,6.276666666666666,0.073170732,0
joel embiid,2018,30.351349206349205,0.768292683,0
joffrey lauvergne,2018,9.707424241818181,0.670731707,0
john collins,2018,24.116486486486487,0.902439024,0
john henson,2018,25.91453947368421,0.926829268,0
john holland,2018,7.268402779166667,0.292682927,0
john wall,2018,34.38609756097561,0.5,0
johnathan motley,2018,15.978636363636362,0.134146341,0
johnny obryant,2018,10.529490741666667,0.43902439,0
jon leuer,2018,17.0583333375,0.097560976,0
jonas jerebko,2018,15.317770270270271,0.902439024,0
jonas valanciunas,2018,22.431688311688312,0.93902439,0
jonathan gibson,2018,9.98375,0.048780488,0
jonathan isaac,2018,19.830061729629627,0.329268293,1
jonathon simmons,2018,29.409371985507246,0.841463415,0
jordan bell,2018,14.191461987719299,0.695121951,0
jordan clarkson,2018,23.30121398765432,0.987804878,0
jordan crawford,2018,10.656666666,0.06097561,0
jordan mickey,2018,12.350362317391305,0.280487805,0
jose calderon,2018,16.04078947368421,0.695121951,0
josh gray,2018,17.286666666,0.06097561,0
josh hart,2018,23.182883603174602,0.768292683,0
josh huestis,2018,14.225338163768116,0.841463415,0
josh jackson,2018,25.444393935064934,0.93902439,1
josh magette,2018,12.009166666666665,0.219512195,0
josh mcroberts,2018,2.875,0.024390244,0
josh richardson,2018,33.20339506172839,0.987804878,0
josh smith,2018,3.940555556666667,0.036585366,0
jrue holiday,2018,36.132510283950616,0.987804878,0
juan hernangomez,2018,11.0832,0.304878049,0
julius randle,2018,26.711991865853662,1.0,0
julyan stone,2018,7.59804347826087,0.280487805,0
justin anderson,2018,13.661842105263156,0.463414634,0
justin holiday,2018,31.45729166666667,0.87804878,0
justin jackson,2018,22.150857838235293,0.829268293,0
justin patton,2018,3.733333333,0.012195122,0
justise winslow,2018,24.712598044117644,0.829268293,0
jusuf nurkic,2018,26.431772151898734,0.963414634,0
kadeem allen,2018,5.954907405555556,0.219512195,0
karlanthony towns,2018,35.58766259756098,1.0,0
kawhi leonard,2018,23.317962966666666,0.109756098,1
kay felder,2018,8.72135416875,0.195121951,0
kelly olynyk,2018,23.403706144736844,0.926829268,0
kelly oubre jr,2018,27.538971197530866,0.987804878,0
kemba walker,2018,34.1984791625,0.975609756,0
kendrick perkins,2018,14.53333333,0.012195122,0
kenneth faried,2018,14.398541665625,0.390243902,0
kent bazemore,2018,27.529871800000002,0.792682927,1
kentavious caldwellpope,2018,33.214932432432434,0.902439024,0
kevin durant,2018,34.19257352941176,0.829268293,0
kevin love,2018,27.983192084745763,0.719512195,0
kevon looney,2018,13.788939393939394,0.804878049,0
khem birch,2018,13.77158730238095,0.512195122,0
khris middleton,2018,36.365426829268294,1.0,0
klay thompson,2018,34.30433790410959,0.890243902,0
kobi simmons,2018,20.096666665625,0.390243902,0
kosta koufos,2018,19.592464788732396,0.865853659,0
kris dunn,2018,29.32371794230769,0.634146341,1
kristaps porzingis,2018,32.35767360416667,0.585365854,0
kyle anderson,2018,26.735000000000003,0.902439024,0
kyle collinsworth,2018,14.986145834375,0.390243902,0
kyle korver,2018,21.559885849315066,0.890243902,0
kyle kuzma,2018,31.18058441558442,0.93902439,1
kyle lowry,2018,32.17444444871795,0.951219512,0
kyle oquinn,2018,18.007727272727273,0.93902439,0
kyle singler,2018,4.90375,0.146341463,0
kyrie irving,2018,32.190416666666664,0.731707317,1
lamarcus aldridge,2018,33.448244439999996,0.914634146,0
lance stephenson,2018,22.56132113414634,1.0,0
lance thomas,2018,18.535045657534244,0.890243902,0
langston galloway,2018,14.886982758620691,0.707317073,0
larry drew,2018,7.004166667,0.12195122,0
larry nance,2018,21.523005045454546,0.804878049,0
lauri markkanen,2018,29.706176470588236,0.829268293,0
lebron james,2018,36.89741869512196,1.0,0
london perrantes,2018,4.680238095,0.170731707,0
lonzo ball,2018,34.23185898076923,0.634146341,1
lorenzo brown,2018,9.896428571428572,0.170731707,0
lou williams,2018,32.773291139240506,0.963414634,1
luc mbah a moute,2018,25.645027327868853,0.743902439,0
lucas nogueira,2018,8.52734693877551,0.597560976,0
luis montero,2018,3.975,0.024390244,0
luke babbitt,2018,14.295066666,0.609756098,0
luke kennard,2018,20.0379908630137,0.890243902,0
luke kornet,2018,16.324416665,0.243902439,0
luol deng,2018,13.13333333,0.012195122,0
malachi richardson,2018,12.435192307692308,0.317073171,0
malcolm brogdon,2018,29.917013895833335,0.585365854,0
malcolm delaney,2018,18.780864203703704,0.658536585,0
malcolm miller,2018,8.383333333333333,0.182926829,0
malik beasley,2018,9.39889785,0.756097561,0
malik monk,2018,13.547698412698413,0.768292683,0
mangok mathiang,2018,4.95,0.048780488,0
manu ginobili,2018,19.98335896923077,0.792682927,0
marshon brooks,2018,27.511904757142855,0.085365854,0
marc gasol,2018,32.990890410958905,0.890243902,1
marcin gortat,2018,25.29871951219512,1.0,0
marco belinelli,2018,24.3341458375,0.975609756,0
marcus georges hunt,2018,5.341944445238095,0.512195122,0
marcus morris,2018,26.704722222222223,0.658536585,0
marcus paige,2018,5.603333334,0.06097561,0
marcus smart,2018,29.881265425925925,0.658536585,0
mario chalmers,2018,21.535631318181817,0.804878049,0
mario hezonja,2018,22.093911106666667,0.914634146,0
markel brown,2018,7.8708333325,0.048780488,0
markelle fultz,2018,18.07011905,0.170731707,0
markieff morris,2018,26.955525109589043,0.890243902,0
marquese chriss,2018,21.206944444444446,0.87804878,0
marquis teague,2018,24.594444443333334,0.036585366,0
marreese speights,2018,12.98141025576923,0.634146341,0
marshall plumlee,2018,6.46916666625,0.097560976,0
marvin williams,2018,25.71604701282051,0.951219512,0
mason plumlee,2018,19.45202702702703,0.902439024,1
matt costello,2018,8.05,0.048780488,0
matt williams,2018,3.8000000000000003,0.036585366,0
matthew dellavedova,2018,18.749868421052632,0.463414634,0
maurice harkless,2018,21.419830508474575,0.719512195,0
maxi kleber,2018,16.751504625,0.87804878,0
meyers leonard,2018,7.685959596969697,0.402439024,0
michael beasley,2018,22.343806310810812,0.902439024,0
michael carterwilliams,2018,16.052756409615384,0.634146341,1
michael kiddgilchrist,2018,25.003896391891892,0.902439024,0
mike conley,2018,31.10319444166667,0.146341463,0
mike james,2018,19.069120369444445,0.43902439,0
mike muscala,2018,20.001635226415097,0.646341463,0
mike scott,2018,18.504144736842107,0.926829268,0
miles plumlee,2018,16.68421212181818,0.670731707,0
milos teodosic,2018,25.201222222222224,0.548780488,0
milton doyle,2018,12.45166667,0.12195122,0
mindaugas kuzminskas,2018,1.85,0.012195122,0
mirza teletovic,2018,15.91633333,0.12195122,0
monte morris,2018,8.428333333333333,0.036585366,0
montrezl harrell,2018,17.01546052631579,0.926829268,0
myke henry,2018,18.903833334999998,0.243902439,0
myles turner,2018,28.248538461538462,0.792682927,0
nate wolters,2018,3.756666666,0.06097561,0
naz mitroulong,2018,0.516666667,0.012195122,0
nemanja bjelica,2018,20.46206467164179,0.817073171,0
nene,2018,14.584743590384615,0.634146341,0
nerlens noel,2018,15.721333333333332,0.365853659,0
nick collison,2018,4.987111111333333,0.182926829,0
nick young,2018,17.4146458375,0.975609756,0
nicolas batum,2018,30.950364578125,0.780487805,0
nicolas brussino,2018,2.4775,0.048780488,0
nigel hayesdavis,2018,13.574629633333334,0.109756098,0
nik stauskas,2018,12.76341463414634,0.5,0
nikola jokic,2018,32.56673333333333,0.914634146,0
nikola mirotic,2018,27.163272727272727,0.670731707,0
nikola vucevic,2018,29.52856724561404,0.695121951,0
noah vonleh,2018,16.215987653703703,0.658536585,0
norman powell,2018,15.16480952857143,0.853658537,0
og anunoby,2018,20.019752256756757,0.902439024,0
okaro white,2018,13.260555555000002,0.073170732,0
omari johnson,2018,18.775,0.048780488,0
omer asik,2018,10.11814815,0.219512195,0
omri casspi,2018,13.992327043396227,0.646341463,0
otto porter,2018,31.57839827272727,0.93902439,0
pj tucker,2018,27.819349597560976,1.0,0
p j dozier,2018,1.5941666665,0.024390244,0
pascal siakam,2018,20.731193419753087,0.987804878,0
pat connaughton,2018,18.144552841463415,1.0,0
patrick beverley,2018,30.322575754545458,0.134146341,1
patrick mccaw,2018,16.86198830350877,0.695121951,0
patrick patterson,2018,15.48680893902439,1.0,0
patty mills,2018,25.69819106097561,1.0,0
pau gasol,2018,23.53145022077922,0.93902439,0
paul george,2018,36.591624468354425,0.963414634,0
paul millsap,2018,30.091491236842103,0.463414634,0
paul zipser,2018,15.25925925925926,0.658536585,0
quincy acy,2018,19.417452385714284,0.853658537,0
quincy pondexter,2018,8.50833333478261,0.280487805,0
quinn cook,2018,22.43949494848485,0.402439024,0
rj hunter,2018,9.015666666,0.06097561,0
rajon rondo,2018,26.23023076923077,0.792682927,0
ramon sessions,2018,14.016130953571428,0.341463415,0
rashad vaughn,2018,7.570297617857143,0.341463415,0
raul neto,2018,12.150162602439025,0.5,0
raymond felton,2018,16.6429065,1.0,0
reggie bullock,2018,27.92838709677419,0.756097561,0
reggie hearn,2018,2.2088888890000002,0.036585366,0
reggie jackson,2018,26.688666666666666,0.548780488,0
richard jefferson,2018,8.168583335,0.243902439,0
richaun holmes,2018,15.540034722916666,0.585365854,0
ricky rubio,2018,29.278463207792207,0.93902439,1
robert covington,2018,31.642062499999998,0.975609756,0
robin lopez,2018,26.402760421875,0.780487805,0
rodney hood,2018,26.924527783333335,0.731707317,0
rodney mcgruder,2018,16.624444444444446,0.219512195,0
rodney purvis,2018,18.09916666875,0.195121951,0
ron baker,2018,13.264597700000001,0.353658537,0
rondae hollisjefferson,2018,28.243578426470588,0.829268293,0
royce oneale,2018,16.66016908695652,0.841463415,0
rudy gay,2018,21.59970759649123,0.695121951,0
rudy gobert,2018,32.42928571428571,0.682926829,0
russell westbrook,2018,36.4207083375,0.975609756,0
ryan anderson,2018,26.141919196969695,0.804878049,0
ryan arcidiacono,2018,12.6717361125,0.292682927,0
salah mejri,2018,11.946830601639345,0.743902439,0
sam dekker,2018,12.092488584931507,0.890243902,0
scotty hopson,2018,8.378333333,0.012195122,0
sean kilpatrick,2018,12.30875,0.634146341,0
semi ojeleye,2018,15.756301369863014,0.890243902,0
serge ibaka,2018,27.542105263157893,0.926829268,0
shabazz muhammad,2018,9.720155039534884,0.524390244,0
shabazz napier,2018,20.749527027027025,0.902439024,0
shane larkin,2018,14.346512346296297,0.658536585,0
shaquille harrison,2018,16.716376813043478,0.280487805,0
shaun livingston,2018,15.905868549295775,0.865853659,0
shelvin mack,2018,19.77876811594203,0.841463415,0
sindarius thornwell,2018,15.833972602739728,0.890243902,0
skal labissiere,2018,20.670861116666668,0.731707317,0
solomon hill,2018,15.593611108333334,0.146341463,0
spencer dinwiddie,2018,28.825312500000003,0.975609756,1
stanley johnson,2018,27.442391304347826,0.841463415,0
stephen curry,2018,31.97640523529412,0.62195122,0
sterling brown,2018,14.378641975925927,0.658536585,0
steven adams,2018,32.72173246052631,0.926829268,0
tj leaf,2018,8.664968552830189,0.646341463,0
tj mcconnell,2018,22.455438592105263,0.926829268,0
tj warren,2018,32.950256415384615,0.792682927,1
taj gibson,2018,33.24841463414634,1.0,0
tarik black,2018,10.519607843137255,0.62195122,0
taurean prince,2018,30.0490243902439,1.0,0
terrance ferguson,2018,12.509781421311475,0.743902439,0
terrence ross,2018,25.015972220833333,0.292682927,0
terry rozier,2018,25.85175,0.975609756,0
thabo sefolosha,2018,21.199078947368424,0.463414634,0
thaddeus young,2018,32.18557613580247,0.987804878,0
thomas bryant,2018,4.819,0.182926829,0
thon maker,2018,16.728175675675676,0.902439024,0
tim frazier,2018,14.201836157627119,0.719512195,0
tim hardaway,2018,33.06938596491228,0.695121951,1
tim quarterman,2018,4.25,0.036585366,0
timofey mozgov,2018,11.596236558064517,0.37804878,0
timothe luwawucabarrot,2018,15.510865384615386,0.634146341,0
tobias harris,2018,33.3497916625,0.975609756,0
tomas satoransky,2018,22.502100452054794,0.890243902,0
tony allen,2018,12.388560604545455,0.268292683,0
tony bradley,2018,3.2333333333333334,0.109756098,0
tony parker,2018,19.470393945454543,0.670731707,0
tony snell,2018,27.377177773333333,0.914634146,0
torrey craig,2018,16.12517094102564,0.475609756,0
travis wear,2018,13.399803923529412,0.207317073,0
treveon graham,2018,16.65933861904762,0.768292683,0
trevor ariza,2018,33.86868159701492,0.817073171,0
trevor booker,2018,17.030735294117648,0.829268293,0
trey burke,2018,21.795972222222222,0.43902439,0
trey lyles,2018,19.050433794520547,0.890243902,0
trey mckinneyjones,2018,1.233333333,0.012195122,0
tristan thompson,2018,20.231037735849053,0.646341463,0
troy daniels,2018,20.535822784810126,0.963414634,0
troy williams,2018,14.628730157142858,0.256097561,0
tyler cavanaugh,2018,13.294358974358975,0.475609756,0
tyler dorsey,2018,17.396607142857142,0.682926829,0
tyler ennis,2018,12.655123457407408,0.658536585,0
tyler johnson,2018,28.50335648611111,0.87804878,0
tyler lydon,2018,2.166666667,0.012195122,0
tyler ulis,2018,23.358615028169016,0.865853659,0
tyler zeller,2018,16.790303030303033,0.804878049,0
tyreke evans,2018,30.906955134615387,0.634146341,0
tyrone wallace,2018,28.372833333333332,0.365853659,0
tyson chandler,2018,25.01507245652174,0.56097561,0
tyus jones,2018,17.88792682926829,1.0,0
udonis haslem,2018,5.118809523571429,0.170731707,0
vander blue,2018,8.983333334,0.06097561,0
victor oladipo,2018,34.027177773333335,0.914634146,0
vince carter,2018,17.68948275862069,0.707317073,0
vincent hunter,2018,1.85166666675,0.048780488,0
wade baldwin,2018,11.497380952857142,0.085365854,0
walt lemon,2018,7.020333334,0.06097561,0
wayne ellington,2018,26.509134194805196,0.93902439,0
wayne selden,2018,19.752285714285716,0.426829268,0
wes iwundu,2018,16.456532258064517,0.756097561,0
wesley johnson,2018,20.08664414864865,0.902439024,0
wesley matthews,2018,33.83227512698413,0.768292683,0
will barton,2018,33.12224280246914,0.987804878,0
willie cauleystein,2018,27.99757990410959,0.890243902,0
willie reed,2018,10.18702380952381,0.512195122,0
willy hernangomez,2018,10.2984375,0.585365854,0
wilson chandler,2018,31.706126121621622,0.902439024,0
xavier munford,2018,3.4588888883333335,0.073170732,0
xavier rathanmayes,2018,23.558,0.06097561,0
xavier silas,2018,3.7491666665,0.024390244,0
yogi ferrell,2018,27.82298780487805,1.0,0
zach collins,2018,15.840151515151517,0.804878049,0
zach lavine,2018,27.345277779166665,0.292682927,1
zach randolph,2018,25.552740118644067,0.719512195,0
zaza pachulia,2018,14.08328502463768,0.841463415,0
zhou qi,2018,6.887037038888889,0.219512195,0
aaron gordon,2019,33.75042734615384,0.951219512,0
aaron holiday,2019,12.9166,0.609756098,0
abdel nader,2019,11.37142076557377,0.743902439,0
al horford,2019,29.01004901470588,0.829268293,0
alfarouq aminu,2019,28.292572012345676,0.987804878,0
alan williams,2019,5.106666666000001,0.06097561,0
alec burks,2019,21.483541671875,0.780487805,0
alex abrines,2019,18.97655913870968,0.37804878,0
alex caruso,2019,21.245066668,0.304878049,0
alex len,2019,20.05292207792208,0.93902439,0
alex poythress,2019,14.519047619047617,0.256097561,0
alfonzo mckinnie,2019,13.935532402777778,0.87804878,0
alize johnson,2019,4.602380952142857,0.170731707,0
allen crabbe,2019,26.350891465116277,0.524390244,0
allonzo trier,2019,22.790052078125,0.780487805,0
amile jefferson,2019,5.6875,0.146341463,0
amir johnson,2019,10.375915033333332,0.62195122,0
andre drummond,2019,33.50493670886076,0.963414634,0
andre iguodala,2019,23.204117647058826,0.829268293,0
andre ingram,2019,3.6566666675,0.048780488,0
andrew bogut,2019,12.214848481818182,0.134146341,0
andrew harrison,2019,10.928529411764705,0.207317073,0
andrew wiggins,2019,34.831689493150684,0.890243902,0
anfernee simons,2019,7.025416665,0.243902439,0
angel delgado,2019,7.383333335,0.024390244,0
ante zizic,2019,18.3384463220339,0.719512195,0
anthony davis,2019,33.03363094642857,0.682926829,1
anthony tolliver,2019,16.605256415384613,0.792682927,0
antonio blakeney,2019,14.544502924561403,0.695121951,0
aron baynes,2019,16.094019607843137,0.62195122,0
austin rivers,2019,26.68061403947368,0.926829268,0
avery bradley,2019,30.245211634920636,0.768292683,1
bj johnson,2019,7.05,0.085365854,0
bam adebayo,2019,23.32439024390244,1.0,0
ben mclemore,2019,8.295964910526317,0.231707317,0
ben simmons,2019,34.180548518987344,0.963414634,0
billy garrett,2019,15.8583333325,0.048780488,0
bismack biyombo,2019,14.489660494444445,0.658536585,0
blake griffin,2019,34.96444444,0.914634146,0
boban marjanovic,2019,11.735488505172414,0.707317073,0
bobby portis,2019,25.963533339999998,0.609756098,0
bogdan bogdanovic,2019,27.816714285714287,0.853658537,0
bojan bogdanovic,2019,31.766152259259258,0.987804878,0
bonzie colson,2019,12.30958333375,0.097560976,0
brad wanamaker,2019,9.516898147222223,0.43902439,0
bradley beal,2019,36.92258130487805,1.0,0
brandon goodwin,2019,3.565833333125,0.195121951,0
brandon ingram,2019,33.85564101923077,0.634146341,1
brandon knight,2019,18.88576923076923,0.475609756,0
brandon sampson,2019,15.307500000000001,0.170731707,0
brook lopez,2019,28.661666666666665,0.987804878,0
bruce brown,2019,19.585360364864865,0.902439024,0
bruno caboclo,2019,23.520637255882352,0.414634146,0
bryn forbes,2019,27.958536585365852,1.0,0
buddy hield,2019,31.888516256097564,1.0,0
cj williams,2019,8.544444446666667,0.182926829,0
cj mccollum,2019,33.9322381,0.853658537,0
cj miles,2019,16.162169811320755,0.646341463,0
caleb swanigan,2019,8.477777776190477,0.256097561,0
cam reynolds,2019,13.655175436842105,0.231707317,0
cameron payne,2019,17.805625,0.487804878,0
caris levert,2019,26.572166675,0.487804878,0
carmelo anthony,2019,29.414166669999997,0.12195122,0
cedi osman,2019,32.156732460526314,0.926829268,0
chandler hutchison,2019,20.33215909090909,0.536585366,1
chandler parsons,2019,19.8308,0.304878049,0
channing frye,2019,9.472083333333334,0.43902439,0
chasson randle,2019,15.161428571428571,0.597560976,0
cheick diallo,2019,13.994453125,0.780487805,0
chimezie metu,2019,5.0151724137931035,0.353658537,0
chris boucher,2019,5.827202382142858,0.341463415,0
chris chiozza,2019,4.6476190471428565,0.085365854,0
chris paul,2019,32.01336206896552,0.707317073,0
christian wood,2019,11.919285714285715,0.256097561,0
clint capela,2019,33.56310944776119,0.817073171,0
cody zeller,2019,25.36659863265306,0.597560976,1
collin sexton,2019,31.76857723170732,1.0,0
corey brewer,2019,15.857043009677419,0.37804878,0
cory joseph,2019,25.16441057317073,1.0,0
courtney lee,2019,12.595,0.414634146,0
cristiano felicio,2019,12.439944445,0.731707317,0
dangelo russell,2019,30.221666666666664,0.987804878,0
dj augustin,2019,28.011872432098766,0.987804878,0
dj wilson,2019,18.375798610416666,0.585365854,0
dj stephens,2019,6.733333333,0.012195122,0
dairis bertans,2019,13.920277775,0.146341463,0
damian jones,2019,17.067430554166666,0.292682927,0
damian lillard,2019,35.4719583375,0.975609756,0
damion lee,2019,11.724635415625,0.390243902,0
damyean dotson,2019,27.449383561643838,0.890243902,0
daniel hamilton,2019,10.745877194736842,0.231707317,0
daniel theis,2019,13.751212121212122,0.804878049,0
danilo gallinari,2019,30.282524514705884,0.829268293,0
danny green,2019,27.6933125,0.975609756,0
dante cunningham,2019,14.5071875,0.780487805,0
dante exum,2019,15.810674602380951,0.512195122,1
danuel house,2019,25.093974358974357,0.475609756,0
dario saric,2019,24.96804527160494,0.987804878,0
darius miller,2019,25.47108695652174,0.841463415,0
darren collison,2019,28.199714907894734,0.926829268,0
daryl macon,2019,11.23083333375,0.097560976,0
david nwaba,2019,19.298627450980394,0.62195122,0
davis bertans,2019,21.469846486842105,0.926829268,0
davon reed,2019,4.691666667,0.12195122,0
deaaron fox,2019,31.43016460493827,0.987804878,0
deanthony melton,2019,19.6778,0.609756098,0
deandre jordan,2019,29.669323666666667,0.841463415,0
deandre bembry,2019,23.55219512195122,1.0,0
demar derozan,2019,34.911125545454546,0.93902439,0
demarcus cousins,2019,25.685944443333334,0.365853659,0
demarre carroll,2019,25.42475123880597,0.817073171,0
devaughn akoonpurcell,2019,3.0923809528571424,0.085365854,0
deandre ayton,2019,30.7420891971831,0.865853659,1
delon wright,2019,22.645822226666667,0.914634146,0
demetrius jackson,2019,6.575277778333334,0.073170732,0
deng adel,2019,10.219473684210525,0.231707317,0
dennis schroder,2019,29.287995784810125,0.963414634,0
dennis smith,2019,28.46179245283019,0.646341463,0
deonte burton,2019,7.496302084375,0.390243902,0
derrick favors,2019,23.24304825,0.926829268,0
derrick jones,2019,19.225611116666666,0.731707317,0
derrick rose,2019,27.297287588235296,0.62195122,1
derrick white,2019,25.79064676119403,0.817073171,0
devin booker,2019,35.033098953125,0.780487805,1
devin harris,2019,15.743970588235292,0.829268293,0
devin robinson,2019,13.502380952857143,0.085365854,0
devonte graham,2019,14.697717391304348,0.56097561,0
dewayne dedmon,2019,25.143854171875,0.780487805,1
deyonta davis,2019,13.159444444444444,0.109756098,0
dillon brooks,2019,18.3275,0.219512195,1
dion waiters,2019,25.861439386363635,0.536585366,0
dirk nowitzki,2019,15.590980392156862,0.62195122,0
domantas sabonis,2019,24.84387387837838,0.902439024,0
donatas motiejunas,2019,4.26111111,0.036585366,0
donovan mitchell,2019,33.74378788311688,0.93902439,1
donte divincenzo,2019,15.232839507407407,0.329268293,1
donte grantham,2019,0.8105555556666667,0.036585366,0
dorian finneysmith,2019,24.509670777777778,0.987804878,0
doug mcdermott,2019,17.398246753246752,0.93902439,0
dragan bender,2019,17.961050723913043,0.56097561,0
draymond green,2019,31.28323231818182,0.804878049,0
drew eubanks,2019,4.9308695652173915,0.280487805,0
duncan robinson,2019,10.729111113333333,0.182926829,0
dusty hannahs,2019,12.958333335,0.024390244,0
dwayne bacon,2019,17.643449611627908,0.524390244,0
dwight howard,2019,25.50407407777778,0.109756098,1
dwight powell,2019,21.59136363636364,0.93902439,0
dwyane wade,2019,26.183703708333333,0.87804878,0
dzanan musa,2019,4.36537037,0.109756098,0
etwaun moore,2019,27.604025150943396,0.646341463,1
ed davis,2019,17.85199588888889,0.987804878,0
edmond sumner,2019,9.123405795652173,0.280487805,0
ekpe udoh,2019,6.274738562745098,0.62195122,0
elfrid payton,2019,29.75650792857143,0.512195122,0
elie okobo,2019,18.079056603773587,0.646341463,0
emanuel terry,2019,7.577222223333333,0.036585366,0
emmanuel mudiay,2019,27.23833333898305,0.719512195,0
enes freedom,2019,24.46833332835821,0.817073171,0
eric bledsoe,2019,29.124423076923076,0.951219512,0
eric gordon,2019,31.73544117647059,0.829268293,0
eric moreland,2019,8.641333333999999,0.06097561,0
ersan ilyasova,2019,18.37781094029851,0.817073171,0
evan fournier,2019,31.521995888888892,0.987804878,0
evan turner,2019,21.99607305479452,0.890243902,0
frank jackson,2019,19.161693983606558,0.743902439,1
frank kaminsky,2019,16.057234042553194,0.573170732,0
frank mason,2019,11.459956139473684,0.463414634,0
frank ntilikina,2019,21.014031006976744,0.524390244,1
fred vanvleet,2019,27.503958328125,0.780487805,0
furkan korkmaz,2019,14.150659722916666,0.585365854,0
garrett temple,2019,27.207888893333333,0.914634146,0
gary clark,2019,12.560915033333334,0.62195122,0
gary harris,2019,28.758654964912278,0.695121951,0
gary payton,2019,5.305555556666667,0.036585366,0
gary trent,2019,7.37,0.182926829,0
george hill,2019,21.705083333333334,0.731707317,0
george king,2019,5.9,0.012195122,0
georges niang,2019,8.751666666101695,0.719512195,0
gerald green,2019,20.17783105479452,0.890243902,0
giannis antetokounmpo,2019,32.753078708333334,0.87804878,0
glenn robinson,2019,12.981099291489361,0.573170732,0
goran dragic,2019,27.51435185277778,0.43902439,0
gordon hayward,2019,25.87969906944444,0.87804878,0
gorgui dieng,2019,13.568706144736842,0.926829268,0
grayson allen,2019,10.955087718421051,0.463414634,0
greg monroe,2019,11.160852713953489,0.524390244,0
guerschon yabusele,2019,6.117154470731707,0.5,0
hamidou diallo,2019,10.319215686274509,0.62195122,1
harrison barnes,2019,32.89082250649351,0.93902439,0
harry giles,2019,14.137758620689656,0.707317073,0
hassan whiteside,2019,23.253148152777776,0.87804878,0
haywood highsmith,2019,7.956666665999999,0.06097561,0
henry ellenson,2019,13.637192984210527,0.231707317,0
ian clark,2019,16.209638888333334,0.731707317,0
ian mahinmi,2019,14.640196079411764,0.414634146,0
ike anigbogu,2019,2.0500000000000003,0.036585366,0
iman shumpert,2019,23.883870967741935,0.756097561,0
isaac bonga,2019,5.4556818181818185,0.268292683,0
isaac humphries,2019,11.286666666,0.06097561,0
isaiah briscoe,2019,14.33923076923077,0.475609756,0
isaiah canaan,2019,20.930777776666666,0.365853659,0
isaiah hartenstein,2019,7.902142857142857,0.341463415,0
isaiah hicks,2019,10.777777776666667,0.036585366,0
isaiah thomas,2019,15.065,0.146341463,0
ish smith,2019,22.33910714285714,0.682926829,0
ivan rabb,2019,14.707789116326532,0.597560976,0
ivica zubac,2019,17.6135593220339,0.719512195,0
jj barea,2019,19.78442982368421,0.463414634,0
jp macura,2019,8.416666665,0.024390244,0
jj redick,2019,31.304166671052627,0.926829268,0
jr smith,2019,20.21227272727273,0.134146341,0
jakarr sampson,2019,31.816666675,0.048780488,0
jamychal green,2019,21.085897430769233,0.792682927,0
javale mcgee,2019,22.275911106666666,0.914634146,0
jabari parker,2019,26.941744796875,0.780487805,1
jacob evans,2019,6.786555556666666,0.365853659,0
jae crowder,2019,27.0716458375,0.975609756,0
jahlil okafor,2019,15.844887005084747,0.719512195,0
jake layman,2019,18.689248830985914,0.865853659,0
jakob poeltl,2019,16.527987012987012,0.93902439,0
jalen brunson,2019,21.798059356164384,0.890243902,0
jalen jones,2019,13.38270833125,0.195121951,0
jamal crawford,2019,18.920494796875,0.780487805,0
jamal murray,2019,32.630822226666666,0.914634146,0
james ennis,2019,21.200660913793104,0.707317073,0
james harden,2019,36.752884615384616,0.951219512,0
james johnson,2019,21.16069696363636,0.670731707,0
james nunnally,2019,6.76622222,0.182926829,0
jared dudley,2019,20.6720056440678,0.719512195,0
jared terrell,2019,7.922976192857143,0.170731707,0
jarell martin,2019,7.806666666666667,0.512195122,0
jaren jackson,2019,26.115316086206896,0.707317073,1
jaron blossomgame,2019,16.265185185185185,0.329268293,0
jarred vanderbilt,2019,4.069803921764706,0.207317073,0
jarrett allen,2019,26.199624999999997,0.975609756,0
jason smith,2019,9.525833335,0.243902439,0
jawun evans,2019,8.04354166625,0.097560976,0
jaylen adams,2019,12.57612745,0.414634146,0
jaylen brown,2019,25.856103608108107,0.902439024,0
jaylen morris,2019,7.1283333325,0.048780488,0
jayson tatum,2019,31.07210970886076,0.963414634,0
jeff green,2019,27.22971861038961,0.93902439,0
jeff teague,2019,30.09607142857143,0.512195122,1
jemerrio jones,2019,23.852777783333334,0.073170732,0
jerami grant,2019,32.65325,0.975609756,0
jeremy lamb,2019,28.48215189873418,0.963414634,0
jeremy lin,2019,19.409639635135136,0.902439024,0
jerian grant,2019,15.646222221666667,0.731707317,0
jerome robinson,2019,9.712727272727273,0.402439024,0
jerryd bayless,2019,19.323431373529413,0.414634146,0
jevon carter,2019,14.782094017948717,0.475609756,0
jimmer fredette,2019,10.794444445000002,0.073170732,0
jimmy butler,2019,33.615025646153846,0.792682927,0
joakim noah,2019,16.487738095238097,0.512195122,0
jodie meeks,2019,13.005,0.097560976,0
joe chealey,2019,7.75,0.012195122,0
joe harris,2019,30.177916671052632,0.926829268,0
joe ingles,2019,31.31178862195122,1.0,0
joel embiid,2019,33.661015625,0.780487805,0
john collins,2019,29.973797819672132,0.743902439,0
john henson,2019,13.457738092857143,0.170731707,0
john holland,2019,0.736666667,0.012195122,0
john jenkins,2019,12.81173076923077,0.317073171,0
john wall,2019,34.493125,0.390243902,0
johnathan motley,2019,7.091742422727273,0.268292683,0
johnathan williams,2019,15.4876388875,0.292682927,0
jon leuer,2019,9.813861787804878,0.5,0
jonah bolden,2019,14.515265152272725,0.536585366,0
jonas jerebko,2019,16.68442921917808,0.890243902,0
jonas valanciunas,2019,22.268843530612244,0.597560976,0
jonathan isaac,2019,26.61577777333333,0.914634146,0
jonathon simmons,2019,19.004732142857144,0.682926829,0
jordan bell,2019,11.5925,0.829268293,0
jordan clarkson,2019,27.339259259259258,0.987804878,0
jordan loyd,2019,4.569444444166667,0.146341463,0
jordan mcrae,2019,12.327530862962963,0.329268293,0
jordan sibert,2019,4.233333333,0.012195122,0
jose calderon,2019,12.89721088367347,0.597560976,0
josh hart,2019,25.594253731343283,0.817073171,1
josh jackson,2019,25.16616034177215,0.963414634,0
josh okogie,2019,23.745540540540542,0.902439024,0
josh richardson,2019,34.78671232876712,0.890243902,1
jrue holiday,2019,35.849676611940296,0.817073171,1
juan hernangomez,2019,19.402238099999998,0.853658537,0
julian washburn,2019,14.104814816666668,0.219512195,0
julius randle,2019,30.570342465753427,0.890243902,0
justin anderson,2019,9.656354166666667,0.585365854,0
justin holiday,2019,31.787947158536586,1.0,0
justin jackson,2019,19.916666666666668,0.987804878,0
justin patton,2019,6.866666666666667,0.036585366,0
justise winslow,2019,29.6894696969697,0.804878049,0
jusuf nurkic,2019,27.410462958333333,0.87804878,0
kadeem allen,2019,21.870964910526318,0.231707317,0
kalin lucas,2019,5.583333333,0.012195122,0
karlanthony towns,2019,33.04753246753246,0.93902439,1
kawhi leonard,2019,34.00305555,0.731707317,0
keita batesdiop,2019,16.77922222333333,0.365853659,0
kelly olynyk,2019,22.939915607594937,0.963414634,0
kelly oubre jr,2019,28.040483086956524,0.841463415,1
kemba walker,2019,34.90981707317073,1.0,0
kenneth faried,2019,19.68045045135135,0.451219512,0
kenrich williams,2019,23.461304347826086,0.56097561,0
kent bazemore,2019,24.528557208955224,0.817073171,0
kentavious caldwellpope,2019,24.818719512195123,1.0,0
kevin durant,2019,34.63502137179488,0.951219512,1
kevin huerter,2019,27.313733333333335,0.914634146,0
kevin knox,2019,28.771911106666668,0.914634146,0
kevin love,2019,27.17780303181818,0.268292683,0
kevon looney,2019,18.5165416625,0.975609756,0
khem birch,2019,12.857233334,0.609756098,0
khris middleton,2019,31.082316012987015,0.93902439,0
khyri thomas,2019,7.51801281923077,0.317073171,0
klay thompson,2019,34.004273500000004,0.951219512,1
kobi simmons,2019,1.8,0.012195122,0
kosta koufos,2019,11.941944445238095,0.512195122,0
kostas antetokounmpo,2019,5.283333335,0.024390244,0
kris dunn,2019,30.203333326086955,0.56097561,1
kyle anderson,2019,29.802945744186047,0.524390244,1
kyle korver,2019,19.05557142857143,0.853658537,0
kyle kuzma,2019,33.05116667142857,0.853658537,1
kyle lowry,2019,34.050666661538465,0.792682927,0
kyle oquinn,2019,8.23814814888889,0.548780488,0
kyrie irving,2019,33.04248756716417,0.817073171,0
lamarcus aldridge,2019,33.16851851851852,0.987804878,0
lance stephenson,2019,16.511299014705884,0.829268293,0
lance thomas,2019,17.029565217391305,0.56097561,0
landry shamet,2019,22.80877636708861,0.963414634,0
langston galloway,2019,21.814645837500002,0.975609756,0
larry nance,2019,26.797661686567164,0.817073171,0
lauri markkanen,2019,32.34862178846154,0.634146341,1
lebron james,2019,35.225484854545456,0.670731707,1
lonnie walker,2019,6.929313723529411,0.207317073,0
lonzo ball,2019,30.26677304255319,0.573170732,1
lorenzo brown,2019,8.161217950000001,0.317073171,0
lou williams,2019,26.56784444,0.914634146,0
luc mbah a moute,2019,15.25,0.048780488,0
luka doncic,2019,32.19083333333333,0.87804878,0
luke kennard,2019,22.803650793650796,0.768292683,0
luke kornet,2019,17.043550723913043,0.56097561,0
luol deng,2019,17.82840909090909,0.268292683,0
malachi richardson,2019,4.701060604545455,0.268292683,0
malcolm brogdon,2019,28.618619796875,0.780487805,0
malcolm miller,2019,6.709999999999999,0.12195122,0
malik beasley,2019,23.194115222222223,0.987804878,0
malik monk,2019,17.234178082191782,0.890243902,0
marshon brooks,2019,13.336321837931035,0.353658537,0
marc gasol,2019,30.835253164556963,0.963414634,0
marcin gortat,2019,15.967695036170213,0.573170732,0
marco belinelli,2019,22.979198316455697,0.963414634,0
marcus derrickson,2019,6.120151515454546,0.134146341,0
marcus morris,2019,27.87342222666667,0.914634146,0
marcus smart,2019,27.497291662499997,0.975609756,0
mario hezonja,2019,20.797758620689656,0.707317073,0
markelle fultz,2019,22.46578947368421,0.231707317,1
markieff morris,2019,21.905632189655172,0.707317073,0
marquese chriss,2019,11.600038760465116,0.524390244,0
marvin bagley,2019,25.282177419354838,0.756097561,0
marvin williams,2019,28.443511106666666,0.914634146,0
mason plumlee,2019,21.10878048780488,1.0,0
matthew dellavedova,2019,16.920694443749998,0.585365854,0
maurice harkless,2019,23.585500000000003,0.731707317,0
maxi kleber,2019,21.15720657746479,0.865853659,1
melvin frazier,2019,4.443333333,0.12195122,0
meyers leonard,2019,14.388169398360656,0.743902439,0
michael beasley,2019,10.672435896153846,0.317073171,0
michael carterwilliams,2019,13.279166667857142,0.341463415,0
michael kiddgilchrist,2019,18.424427078125,0.780487805,0
mikal bridges,2019,29.477012195121947,1.0,0
mike conley,2019,33.45428571428572,0.853658537,0
mike muscala,2019,20.404401046875,0.780487805,0
mike scott,2019,17.668122367088607,0.963414634,0
miles bridges,2019,21.2041666625,0.975609756,0
miles plumlee,2019,9.606759261111112,0.219512195,0
milos teodosic,2019,10.000222220000001,0.182926829,0
mitchell creek,2019,9.43,0.06097561,0
mitchell robinson,2019,20.598611106060606,0.804878049,0
mo bamba,2019,16.301985814893616,0.573170732,1
monte morris,2019,24.026930890243904,1.0,0
montrezl harrell,2019,26.3188821097561,1.0,0
moritz wagner,2019,10.376279069767442,0.524390244,0
myles turner,2019,28.632657662162163,0.902439024,0
naz mitroulong,2019,5.9939285714285715,0.170731707,0
nemanja bjelica,2019,23.21961038961039,0.93902439,0
nene,2019,12.994841269047619,0.512195122,0
nerlens noel,2019,13.709307363636364,0.93902439,0
nick young,2019,9.2833333325,0.048780488,0
nicolas batum,2019,31.386911106666666,0.914634146,0
nik stauskas,2019,14.923480397058823,0.829268293,0
nikola jokic,2019,31.294833337500002,0.975609756,0
nikola mirotic,2019,27.06945652173913,0.56097561,0
nikola vucevic,2019,31.3772083375,0.975609756,0
noah vonleh,2019,25.319044117647056,0.829268293,0
norman powell,2019,18.774416666666664,0.731707317,0
og anunoby,2019,20.183084582089553,0.817073171,0
okaro white,2019,2.092222222333333,0.036585366,0
omari spellman,2019,17.490036232608695,0.56097561,0
omri casspi,2019,14.456527777777776,0.43902439,0
otto porter,2019,30.066994053571428,0.682926829,1
pj tucker,2019,34.17227642682927,1.0,0
p j dozier,2019,8.473888888333333,0.073170732,0
pascal siakam,2019,31.8451666625,0.975609756,0
pat connaughton,2019,20.674972672131148,0.743902439,0
patrick beverley,2019,27.40027778205128,0.951219512,0
patrick mccaw,2019,13.699827586206897,0.353658537,0
patrick patterson,2019,13.661455026984125,0.768292683,0
patty mills,2019,23.264735768292685,1.0,0
pau gasol,2019,12.018166666666668,0.365853659,0
paul george,2019,36.90008658441558,0.93902439,0
paul millsap,2019,27.064547614285715,0.853658537,0
quincy acy,2019,12.293000000000001,0.12195122,0
quincy pondexter,2019,5.5071383641509435,0.646341463,0
quinn cook,2019,14.309481986486487,0.902439024,0
rj hunter,2019,25.68333333,0.012195122,0
rajon rondo,2019,29.751413043478262,0.56097561,0
raul neto,2019,12.799684683783784,0.451219512,0
rawle alkins,2019,12.03533333,0.12195122,0
ray spalding,2019,10.544761907142856,0.170731707,0
raymond felton,2019,11.496060606060606,0.402439024,0
reggie bullock,2019,29.823650793650796,0.768292683,0
reggie jackson,2019,27.91302845121951,1.0,0
richaun holmes,2019,16.90983332857143,0.853658537,1
ricky rubio,2019,27.925735294117647,0.829268293,0
robert covington,2019,34.36004762857143,0.426829268,1
robert williams,2019,8.83875,0.390243902,0
robin lopez,2019,21.698400905405407,0.902439024,0
rodions kurucs,2019,20.535714285714285,0.768292683,0
rodney hood,2019,26.285601847222225,0.87804878,0
rodney mcgruder,2019,23.480530303030303,0.804878049,0
ron baker,2019,10.132333333333333,0.182926829,0
rondae hollisjefferson,2019,20.914632762711864,0.719512195,0
royce oneale,2019,20.379329268292683,1.0,0
rudy gay,2019,26.699903376811594,0.841463415,0
rudy gobert,2019,31.81094650617284,0.987804878,1
russell westbrook,2019,36.019634698630135,0.890243902,0
ryan anderson,2019,12.851666668,0.304878049,0
ryan arcidiacono,2019,24.21358024691358,0.987804878,0
ryan broekhoff,2019,10.79968254047619,0.512195122,0
salah mejri,2019,11.086851852777777,0.43902439,0
sam dekker,2019,16.77882978723404,0.573170732,0
scott machado,2019,4.7916666675,0.048780488,0
semi ojeleye,2019,10.6149702375,0.682926829,0
serge ibaka,2019,27.16722972972973,0.902439024,0
seth curry,2019,18.910698202702704,0.902439024,0
shabazz napier,2019,17.5506547625,0.682926829,0
shai gilgeousalexander,2019,26.51105691463415,1.0,0
shake milton,2019,13.41125,0.243902439,0
shaquille harrison,2019,19.588630136986303,0.890243902,0
shaun livingston,2019,15.1076822921875,0.780487805,0
shelvin mack,2019,21.8709649122807,0.695121951,0
sindarius thornwell,2019,4.8976822921875,0.780487805,0
skal labissiere,2019,8.021363636363636,0.268292683,0
solomon hill,2019,19.96647727272727,0.536585366,0
spencer dinwiddie,2019,28.147107838235296,0.829268293,0
stanley johnson,2019,18.293484848484848,0.804878049,1
stephen curry,2019,33.78502415942029,0.841463415,0
sterling brown,2019,17.833850568965516,0.707317073,0
steven adams,2019,33.3657291625,0.975609756,0
svi mykhailiuk,2019,10.479285714285714,0.512195122,1
tj leaf,2019,8.992528736206896,0.707317073,0
tj mcconnell,2019,19.345855263157897,0.926829268,0
tj warren,2019,31.627868209302324,0.524390244,1
tahjere mccall,2019,7.966666667,0.012195122,0
taj gibson,2019,24.090714285714284,0.853658537,1
taurean prince,2019,28.223484854545454,0.670731707,0
terrance ferguson,2019,26.095653148648648,0.902439024,0
terrence jones,2019,2.55,0.024390244,0
terrence ross,2019,26.543868308641972,0.987804878,0
terry rozier,2019,22.675759493670885,0.963414634,0
thabo sefolosha,2019,12.173133334,0.609756098,0
thaddeus young,2019,30.726399172839507,0.987804878,0
theo pinson,2019,11.742962961111111,0.219512195,0
thomas bryant,2019,20.782546291666666,0.87804878,0
thomas welsh,2019,3.300606060909091,0.134146341,0
thon maker,2019,15.1922135421875,0.780487805,0
tim frazier,2019,18.977344627118644,0.719512195,0
tim hardaway,2019,31.64010256923077,0.792682927,1
timothe luwawucabarrot,2019,13.3858,0.609756098,0
tobias harris,2019,34.729512195121956,1.0,0
tomas satoransky,2019,27.0445833375,0.975609756,0
tony bradley,2019,11.966666666666667,0.036585366,0
tony parker,2019,17.907172624999998,0.682926829,0
tony snell,2019,17.620472972972973,0.902439024,0
torrey craig,2019,20.040200000000002,0.914634146,0
trae young,2019,30.904711938271607,0.987804878,0
treveon graham,2019,20.438904762857142,0.426829268,0
trevon duval,2019,1.8677777776666666,0.036585366,0
trevor ariza,2019,34.04154589855072,0.841463415,1
trey burke,2019,19.389568965517242,0.707317073,0
trey lyles,2019,17.495234375,0.780487805,0
tristan thompson,2019,27.85321704651163,0.524390244,0
troy brown,2019,14.033397436538461,0.634146341,0
troy caupain,2019,3.9083333325,0.048780488,0
troy daniels,2019,14.896666666666667,0.62195122,0
troy williams,2019,14.855793652380953,0.256097561,0
tyler cavanaugh,2019,3.5907575754545458,0.134146341,0
tyler davis,2019,0.911666667,0.012195122,0
tyler dorsey,2019,14.538611110416667,0.585365854,0
tyler johnson,2019,26.825877192982457,0.695121951,1
tyler lydon,2019,3.7414666668,0.304878049,0
tyler ulis,2019,0.828333333,0.012195122,0
tyler zeller,2019,15.474444445000001,0.073170732,0
tyreke evans,2019,20.318599028985506,0.841463415,0
tyrone wallace,2019,10.124489246774194,0.756097561,0
tyson chandler,2019,15.904666667272727,0.670731707,0
tyus jones,2019,22.947401955882352,0.829268293,0
udonis haslem,2019,7.45,0.12195122,0
victor oladipo,2019,31.852037027777776,0.43902439,1
vince carter,2019,17.504692986842105,0.926829268,0
vincent edwards,2019,7.858333335,0.024390244,0
wade baldwin,2019,5.853333333125,0.195121951,0
walt lemon,2019,27.858333333333334,0.073170732,0
wayne ellington,2019,24.46883647169811,0.646341463,0
wayne selden,2019,19.181066666666666,0.914634146,0
wendell carter,2019,25.222727272727273,0.536585366,1
wes iwundu,2019,18.13529411764706,0.829268293,0
wesley johnson,2019,14.051535086842106,0.463414634,0
wesley matthews,2019,30.30468598550725,0.841463415,0
will barton,2019,27.650658906976744,0.524390244,0
willie cauleystein,2019,27.315390950617285,0.987804878,0
willy hernangomez,2019,13.997471263793104,0.707317073,0
wilson chandler,2019,23.065261431372548,0.62195122,0
yante maten,2019,6.516666665,0.024390244,0
yogi ferrell,2019,15.02321595774648,0.865853659,0
yuta watanabe,2019,11.623333333333333,0.182926829,0
zach collins,2019,17.6069697012987,0.93902439,0
zach lavine,2019,34.458015873015874,0.768292683,1
zach lofton,2019,3.75,0.012195122,0
zaza pachulia,2019,12.914191176470588,0.829268293,0
zhaire smith,2019,18.436111116666666,0.073170732,0
zhou qi,2019,0.955,0.012195122,0
aaron gordon,2020,32.53456988709677,0.861111111,0
aaron holiday,2020,24.505025257575756,0.916666667,0
abdel nader,2020,15.762757576363637,0.763888889,0
adam mokoka,2020,10.151515154545454,0.152777778,0
admiral schofield,2020,11.163080809090909,0.458333333,0
al horford,2020,30.231990044776122,0.930555556,0
alfarouq aminu,2020,21.11546296111111,0.25,1
alec burks,2020,26.57957071212121,0.916666667,0
alen smailagic,2020,9.920952378571428,0.194444444,0
alex caruso,2020,18.363671875,0.888888889,0
alex len,2020,17.64587878727273,0.763888889,0
alfonzo mckinnie,2020,14.836458332500001,0.555555556,0
alize johnson,2020,6.92509804117647,0.236111111,0
allen crabbe,2020,17.64891891891892,0.513888889,0
allonzo trier,2020,12.114097220833335,0.333333333,0
amile jefferson,2020,4.129444444444444,0.25,0
amir coffey,2020,8.832777777777778,0.25,0
andre drummond,2020,32.95090643859649,0.791666667,0
andre iguodala,2020,19.912698414285714,0.291666667,0
andre roberson,2020,12.42357142857143,0.097222222,0
andrew wiggins,2020,34.423734574074075,0.75,0
anfernee simons,2020,20.6972381,0.972222222,0
ante zizic,2020,10.028257577272727,0.305555556,0
anthony davis,2020,34.374086016129034,0.861111111,0
anthony tolliver,2020,15.853151514545454,0.763888889,0
antonius cleveland,2020,4.158030302727273,0.152777778,0
anzejs pasecniks,2020,16.181358025925928,0.375,0
aron baynes,2020,22.248492064285717,0.583333333,0
austin rivers,2020,23.44029411764706,0.944444444,0
avery bradley,2020,24.213571428571427,0.680555556,0
bj johnson,2020,8.256666667000001,0.138888889,0
bam adebayo,2020,33.568912041666664,1.0,0
ben mclemore,2020,22.80964788732394,0.986111111,0
ben simmons,2020,35.38356724561404,0.791666667,0
bismack biyombo,2020,19.41588050943396,0.736111111,0
blake griffin,2020,28.459999999999997,0.25,1
boban marjanovic,2020,9.588446970454545,0.611111111,0
bobby portis,2020,21.11373737878788,0.916666667,0
bogdan bogdanovic,2020,28.947978147540983,0.847222222,0
bojan bogdanovic,2020,33.06047619047619,0.875,1
bol bol,2020,12.419761904285716,0.097222222,0
brad wanamaker,2020,19.283333338028168,0.986111111,0
bradley beal,2020,36.01923977192982,0.791666667,0
brandon clarke,2020,22.41413793103448,0.805555556,0
brandon goodwin,2020,12.660784314705882,0.472222222,0
brandon ingram,2020,33.92645161290323,0.861111111,0
brandon knight,2020,18.499933332,0.347222222,0
brian bowen,2020,5.177777778333334,0.083333333,0
brook lopez,2020,26.719656867647057,0.944444444,0
bruce brown,2020,28.17313218965517,0.805555556,1
bruno caboclo,2020,8.140666666666666,0.416666667,0
bruno fernando,2020,12.7237202375,0.777777778,0
bryn forbes,2020,25.06690476190476,0.875,0
buddy hield,2020,30.77863426388889,1.0,0
cj mccollum,2020,36.522738100000005,0.972222222,0
cj miles,2020,16.1035,0.138888889,0
caleb martin,2020,17.597407405555558,0.25,0
caleb swanigan,2020,10.668765433333332,0.375,0
cam reddish,2020,26.736982758620687,0.805555556,0
cameron johnson,2020,22.024649122807016,0.791666667,0
cameron payne,2020,22.8947916625,0.111111111,0
caris levert,2020,29.552,0.625,0
carmelo anthony,2020,32.79390805172414,0.805555556,0
carsen edwards,2020,9.474009008108107,0.513888889,0
cedi osman,2020,29.390282046153846,0.902777778,0
chandler hutchison,2020,18.81398809642857,0.388888889,1
chandler parsons,2020,10.844,0.069444444,0
charlie brown,2020,4.045666667,0.138888889,0
chasson randle,2020,13.46888889,0.041666667,0
cheick diallo,2020,10.181702127659575,0.652777778,0
chimezie metu,2020,5.848888888888889,0.25,0
chris boucher,2020,13.203306451612903,0.861111111,0
chris chiozza,2020,14.320059525000001,0.388888889,0
chris clemons,2020,8.803686869696971,0.458333333,0
chris paul,2020,31.5407619,0.972222222,0
chris silva,2020,7.869810606818183,0.611111111,0
christian wood,2020,21.365215048387096,0.861111111,0
clint capela,2020,32.802649564102566,0.541666667,0
coby white,2020,25.753846153846155,0.902777778,0
cody martin,2020,18.806145833333336,0.666666667,0
cody zeller,2020,23.11393677586207,0.805555556,0
collin sexton,2020,32.96330769230769,0.902777778,0
corey brewer,2020,6.509666665999999,0.069444444,0
cory joseph,2020,24.436064819444443,1.0,0
courtney lee,2020,14.395347220833335,0.333333333,0
cristiano felicio,2020,17.53257575909091,0.305555556,0
dangelo russell,2020,32.269518511111116,0.625,0
dj augustin,2020,24.919561403508773,0.791666667,0
dj wilson,2020,9.809189189189189,0.513888889,0
daquan jeffries,2020,10.854871792307693,0.180555556,0
damian jones,2020,16.12621212181818,0.763888889,0
damian lillard,2020,37.479621212121216,0.916666667,0
damion lee,2020,29.032517000000002,0.680555556,0
damyean dotson,2020,17.417951389583333,0.666666667,0
daniel gafford,2020,14.164031006976744,0.597222222,0
daniel theis,2020,24.094384615384616,0.902777778,0
danilo gallinari,2020,29.579489241935484,0.861111111,0
danny green,2020,24.80470588235294,0.944444444,0
dante exum,2020,13.874857142857143,0.486111111,1
danuel house,2020,30.35955026984127,0.875,0
dario saric,2020,24.72396465151515,0.916666667,0
darius bazley,2020,18.515737704918035,0.847222222,0
darius garland,2020,30.914717508474578,0.819444444,1
daryl macon,2020,3.525,0.055555556,0
david nwaba,2020,13.422999999999998,0.277777778,1
davis bertans,2020,29.31503087037037,0.75,0
deaaron fox,2020,32.046993470588234,0.708333333,0
deandre hunter,2020,32.03071428571428,0.875,0
deanthony melton,2020,19.455777783333335,0.833333333,0
deandre jordan,2020,22.038690482142858,0.777777778,0
deandre bembry,2020,21.287441860465115,0.597222222,0
demar derozan,2020,34.06299019117647,0.944444444,0
demarre carroll,2020,12.077777779166667,0.333333333,0
dean wade,2020,5.951388889166666,0.166666667,0
deandre ayton,2020,32.53513157894737,0.527777778,0
dejounte murray,2020,25.5570201969697,0.916666667,0
delon wright,2020,21.50296804109589,1.013888889,0
dennis schroder,2020,30.752256415384615,0.902777778,0
dennis smith,2020,15.805882352941175,0.472222222,0
denzel valentine,2020,13.552638888888888,0.5,0
deonte burton,2020,9.141709402564103,0.541666667,0
derrick favors,2020,24.361862745098037,0.708333333,0
derrick jones,2020,23.306497169491525,0.819444444,0
derrick rose,2020,25.953200000000002,0.694444444,1
derrick walton,2020,9.550128203846153,0.361111111,0
derrick white,2020,24.657867647058822,0.944444444,0
devin booker,2020,35.88085714285714,0.972222222,0
devon hall,2020,7.339848484545455,0.152777778,0
devontae cacok,2020,8.866666667,0.013888889,0
devonte graham,2020,35.09891534920635,0.875,0
dewan hernandez,2020,4.7058333333333335,0.083333333,0
dewayne dedmon,2020,17.58306818181818,0.611111111,0
dillon brooks,2020,28.93134702739726,1.013888889,0
dion waiters,2020,20.744999999999997,0.138888889,0
domantas sabonis,2020,34.81693548387097,0.861111111,0
donovan mitchell,2020,34.26038647826087,0.958333333,0
donta hall,2020,14.794259255555554,0.125,0
donte divincenzo,2020,23.03646465151515,0.916666667,0
dorian finneysmith,2020,29.852652577464788,0.986111111,0
doug mcdermott,2020,19.889734304347826,0.958333333,0
dragan bender,2020,17.846875,0.222222222,0
draymond green,2020,28.410620162790696,0.597222222,0
drew eubanks,2020,12.373636363636365,0.305555556,0
duncan robinson,2020,29.666164383561647,1.013888889,0
dusty hannahs,2020,6.716666665,0.027777778,0
dwayne bacon,2020,17.62316239230769,0.541666667,0
dwight howard,2020,18.923381637681157,0.958333333,0
dwight powell,2020,26.513458325,0.555555556,1
dzanan musa,2020,12.180375,0.555555556,0
etwaun moore,2020,18.212261910714286,0.777777778,0
ed davis,2020,10.838273810714286,0.388888889,0
edmond sumner,2020,14.412419354838711,0.430555556,0
elfrid payton,2020,27.68629628888889,0.625,0
elie okobo,2020,13.06739394,0.763888889,0
emmanuel mudiay,2020,15.733271605555556,0.75,0
enes freedom,2020,16.954109194827588,0.805555556,0
eric bledsoe,2020,26.988251360655738,0.847222222,0
eric gordon,2020,28.22791666666667,0.5,0
eric mika,2020,19.04166667,0.013888889,0
eric paschall,2020,27.56325,0.833333333,0
ersan ilyasova,2020,15.656878306349206,0.875,0
evan fournier,2020,31.449090909090906,0.916666667,0
evan turner,2020,13.234736842105264,0.263888889,0
frank jackson,2020,13.511101694915254,0.819444444,0
frank kaminsky,2020,19.933931623076923,0.541666667,0
frank mason,2020,13.102777777777778,0.125,0
frank ntilikina,2020,20.81883040350877,0.791666667,0
fred vanvleet,2020,35.7065432037037,0.75,0
furkan korkmaz,2020,21.651574069444443,1.0,0
gabe vincent,2020,9.201296296666666,0.125,0
garrett temple,2020,27.899543016129034,0.861111111,0
garrison mathews,2020,12.63314815,0.25,0
gary clark,2020,13.484920635714285,0.583333333,0
gary harris,2020,31.789285714285715,0.777777778,0
gary payton,2020,14.888965517241378,0.402777778,0
gary trent,2020,21.836010934426227,0.847222222,0
george hill,2020,21.545790966101695,0.819444444,0
georges niang,2020,13.987752525757577,0.916666667,0
giannis antetokounmpo,2020,30.42666666666667,0.875,0
glenn robinson,2020,28.81341398387097,0.861111111,0
goga bitadze,2020,8.727623457407407,0.75,0
goran dragic,2020,28.18418079661017,0.819444444,0
gordon hayward,2020,33.46131409615385,0.722222222,0
gorgui dieng,2020,17.404708999999997,0.875,0
grant williams,2020,15.119178739130433,0.958333333,0
grayson allen,2020,18.907105263157895,0.527777778,0
hamidou diallo,2020,19.46927536304348,0.638888889,0
harrison barnes,2020,34.466874999999995,1.0,0
harry giles,2020,14.500072463043479,0.638888889,0
hassan whiteside,2020,29.97139302985075,0.930555556,0
henry ellenson,2020,3.023333334,0.069444444,0
ian mahinmi,2020,21.258552631578947,0.527777778,0
ignas brazdeikis,2020,5.916666666666667,0.125,0
iman shumpert,2020,18.51102563846154,0.180555556,0
isaac bonga,2020,18.93411616666667,0.916666667,0
isaiah hartenstein,2020,11.566159421739131,0.319444444,0
isaiah roby,2020,3.8000000000000003,0.041666667,1
isaiah thomas,2020,23.1169166675,0.555555556,0
ish smith,2020,26.27823529411765,0.944444444,0
ivica zubac,2020,18.416666666666668,1.0,0
jj barea,2020,15.506264368965518,0.402777778,0
jp macura,2020,0.623333333,0.013888889,0
jj redick,2020,26.34944445,0.833333333,0
jr smith,2020,13.150555554999999,0.083333333,0
ja morant,2020,30.960049746268655,0.930555556,0
jakarr sampson,2020,13.8425,0.472222222,0
jamychal green,2020,20.746693126984127,0.875,0
javale mcgee,2020,16.618995102941174,0.944444444,0
jabari parker,2020,24.152938597368422,0.527777778,0
jacob evans,2020,14.41793103448276,0.402777778,0
jae crowder,2020,28.842025646153846,0.902777778,0
jahlil okafor,2020,15.564722223333332,0.416666667,0
jake layman,2020,21.9642029,0.319444444,0
jakob poeltl,2020,17.744191924242426,0.916666667,0
jalen brunson,2020,17.93111110526316,0.791666667,1
jalen lecque,2020,6.320666666,0.069444444,0
jalen mcdaniels,2020,18.33260416875,0.222222222,0
jamal crawford,2020,5.966666667,0.013888889,0
jamal murray,2020,32.26240113559322,0.819444444,0
james ennis,2020,18.346449275362318,0.958333333,0
james harden,2020,36.50808823529412,0.944444444,0
james johnson,2020,19.361614584375,0.444444444,0
jared dudley,2020,8.079259259999999,0.625,0
jared harper,2020,2.6277777776666666,0.041666667,0
jaren jackson,2020,28.45602338596491,0.791666667,0
jarred vanderbilt,2020,4.230606060909091,0.152777778,0
jarrell brantley,2020,10.67,0.125,0
jarrett allen,2020,26.455190471428573,0.972222222,0
jarrett culver,2020,23.898518523809525,0.875,0
jarrod uthoff,2020,7.5928571428571425,0.097222222,0
javonte green,2020,9.746840277083333,0.666666667,0
jaxson hayes,2020,16.870546875,0.888888889,0
jaylen brown,2020,33.923947368421054,0.791666667,0
jaylen hoard,2020,7.922948715384615,0.180555556,0
jaylen nowell,2020,10.080111113333334,0.208333333,0
jayson tatum,2020,34.3194696969697,0.916666667,0
jeff green,2020,20.00211805625,0.666666667,0
jeff teague,2020,24.81824859322034,0.819444444,0
jerami grant,2020,26.647112676056338,0.986111111,0
jeremiah martin,2020,11.011481481111112,0.125,0
jeremy lamb,2020,28.068550717391304,0.638888889,1
jeremy pargo,2020,14.770000000000001,0.041666667,0
jerian grant,2020,13.391944445,0.083333333,0
jerome robinson,2020,15.544523809523808,0.875,0
jevon carter,2020,16.295660918965517,0.805555556,0
jimmy butler,2020,33.777643672413795,0.805555556,0
joakim noah,2020,10.033333334,0.069444444,0
joe chealey,2020,8.3620833325,0.055555556,0
joe harris,2020,30.76833333333333,0.958333333,0
joe ingles,2020,29.67467593055555,1.0,0
joel embiid,2020,29.52578431372549,0.708333333,0
john collins,2020,33.247845536585366,0.569444444,0
john henson,2020,15.005166667500001,0.555555556,0
john konchar,2020,9.5322807,0.263888889,0
johnathan motley,2020,3.1651282053846157,0.180555556,0
johnathan williams,2020,11.985111113333334,0.208333333,0
jonah bolden,2020,6.721904761428571,0.097222222,0
jonas valanciunas,2020,26.358619042857143,0.972222222,0
jonathan isaac,2020,28.820441176470588,0.472222222,1
jordan bell,2020,8.840919541379309,0.402777778,0
jordan bone,2020,5.303,0.138888889,0
jordan clarkson,2020,24.010258211267605,0.986111111,0
jordan mclaughlin,2020,19.68155555666667,0.416666667,0
jordan mcrae,2020,21.20373873783784,0.513888889,0
jordan poole,2020,22.348947368421054,0.791666667,0
josh gray,2020,11.358333335,0.027777778,0
josh hart,2020,27.00330769230769,0.902777778,0
josh jackson,2020,17.338863636363637,0.305555556,0
josh magette,2020,4.73666666625,0.111111111,0
josh okogie,2020,24.956344080645163,0.861111111,0
josh reaves,2020,7.0795833325,0.055555556,0
josh richardson,2020,30.78518181818182,0.763888889,0
jrue holiday,2020,34.70191257377049,0.847222222,0
juan toscanoanderson,2020,20.931025638461538,0.180555556,0
juan hernangomez,2020,17.36482638958333,0.666666667,0
julius randle,2020,32.50625,0.888888889,0
justin anderson,2020,10.73333333,0.138888889,0
justin holiday,2020,25.00961187671233,1.013888889,0
justin jackson,2020,16.071256415384617,0.902777778,0
justin james,2020,6.454629630555555,0.5,0
justin patton,2020,4.848333334,0.069444444,0
justin robinson,2020,5.40962963,0.125,0
justin wrightforeman,2020,11.2875,0.055555556,0
justise winslow,2020,32.02272727272727,0.152777778,1
jusuf nurkic,2020,31.6422916625,0.111111111,0
juwan morgan,2020,6.402698414285714,0.291666667,0
kz okpala,2020,5.195,0.069444444,0
kadeem allen,2020,11.705,0.138888889,0
karlanthony towns,2020,33.915142857142854,0.486111111,0
kawhi leonard,2020,32.422953210526316,0.791666667,0
keita batesdiop,2020,16.916439393181818,0.611111111,0
kelan martin,2020,15.964408603225808,0.430555556,0
keldon johnson,2020,17.682156864705885,0.236111111,0
kelly olynyk,2020,19.407537313432837,0.930555556,0
kelly oubre jr,2020,34.52449405357142,0.777777778,1
kemba walker,2020,31.114375,0.777777778,0
kendrick nunn,2020,29.290572134328357,0.930555556,0
kenrich williams,2020,21.330299146153845,0.541666667,0
kent bazemore,2020,24.81936275,0.944444444,0
kentavious caldwellpope,2020,25.535676333333335,0.958333333,0
kevin hervey,2020,5.212833333,0.138888889,0
kevin huerter,2020,31.435267857142858,0.777777778,0
kevin knox,2020,17.940512815384615,0.902777778,0
kevin love,2020,31.783392857142854,0.777777778,0
kevin porter,2020,23.2344,0.694444444,1
kevon looney,2020,13.080083335000001,0.277777778,1
khem birch,2020,19.208715277083332,0.666666667,0
khris middleton,2020,29.88180108064516,0.861111111,0
khyri thomas,2020,7.65083333375,0.111111111,0
kostas antetokounmpo,2020,4.021,0.069444444,0
kris dunn,2020,24.87490196078431,0.708333333,1
kristaps porzingis,2020,31.820643280701756,0.791666667,0
ky bowman,2020,22.559703711111112,0.625,0
kyle alexander,2020,6.683333335,0.027777778,0
kyle anderson,2020,19.849054731343283,0.930555556,0
kyle guy,2020,3.1944444443333335,0.041666667,0
kyle korver,2020,16.551379310344828,0.805555556,0
kyle kuzma,2020,25.019426229508195,0.847222222,0
kyle lowry,2020,36.17795977586207,0.805555556,0
kyle oquinn,2020,10.780459768965517,0.402777778,0
kyrie irving,2020,32.898333335000004,0.277777778,1
lamarcus aldridge,2020,33.093176094339626,0.736111111,1
lance thomas,2020,13.96547619,0.097222222,0
landry shamet,2020,27.39490566037736,0.736111111,0
langston galloway,2020,25.791287878787877,0.916666667,0
larry nance,2020,26.287738089285714,0.777777778,0
lauri markkanen,2020,29.83156666,0.694444444,0
lebron james,2020,34.571144283582086,0.930555556,0
lonnie walker,2020,16.201612021311476,0.847222222,0
lonzo ball,2020,32.14626984126984,0.875,0
lou williams,2020,28.672435892307693,0.902777778,0
louis king,2020,6.220000000000001,0.138888889,0
luc mbah a moute,2020,8.200000000000001,0.041666667,0
luguentz dort,2020,22.786944444444444,0.5,0
luka doncic,2020,33.56139344262295,0.847222222,0
luka samanic,2020,16.13888889,0.041666667,0
luke kennard,2020,32.92583333214286,0.388888889,1
luke kornet,2020,15.515092591666665,0.5,1
malcolm brogdon,2020,30.85682098148148,0.75,0
malcolm miller,2020,5.782797617857143,0.388888889,0
malik beasley,2020,21.976575763636365,0.763888889,0
malik monk,2020,21.256424236363635,0.763888889,0
malik newman,2020,3.683333333,0.013888889,0
marc gasol,2020,26.38992425,0.611111111,0
marco belinelli,2020,15.498274854385965,0.791666667,0
marcus morris,2020,31.230215048387098,0.861111111,0
marcus smart,2020,31.987833333333334,0.833333333,0
marial shayok,2020,6.96625,0.055555556,0
mario hezonja,2020,16.441603773584905,0.736111111,0
markelle fultz,2020,27.72145833333333,1.0,0
markieff morris,2020,20.474712637931034,0.805555556,0
marko guduric,2020,10.99125,0.611111111,0
marques bolden,2020,2.816666667,0.013888889,0
marquese chriss,2020,20.27336157627119,0.819444444,0
marvin bagley,2020,25.686666669230767,0.180555556,1
marvin williams,2020,19.46408046551724,0.805555556,0
mason plumlee,2020,17.33275955737705,0.847222222,0
matisse thybulle,2020,19.80664103076923,0.902777778,0
matt mooney,2020,4.6875,0.055555556,0
matt thomas,2020,10.73219512195122,0.569444444,0
matthew dellavedova,2020,14.399532163157895,0.791666667,0
maurice harkless,2020,23.012500000000003,0.861111111,0
max strus,2020,3.1166666665,0.027777778,1
maxi kleber,2020,25.536531527027027,1.027777778,0
melvin frazier,2020,6.627894736842106,0.263888889,0
meyers leonard,2020,20.273169941176473,0.708333333,0
mfiondu kabengele,2020,5.368055555833333,0.166666667,0
michael carterwilliams,2020,18.514296295555557,0.625,0
michael frazier,2020,11.12076923076923,0.180555556,0
michael kiddgilchrist,2020,11.227733332,0.347222222,0
michael porter,2020,16.42339394,0.763888889,0
mikal bridges,2020,27.9743607260274,1.013888889,0
mike conley,2020,29.005815595744682,0.652777778,0
mike muscala,2020,12.165248227659573,0.652777778,0
mike scott,2020,17.75017157352941,0.944444444,0
miles bridges,2020,30.70117949230769,0.902777778,0
mitchell robinson,2020,23.15286885245902,0.847222222,0
miye oni,2020,10.9075,0.138888889,0
mo bamba,2020,14.167231182258066,0.861111111,0
monte morris,2020,22.41851598630137,1.013888889,0
montrezl harrell,2020,27.76391534920635,0.875,0
moritz wagner,2020,18.56292592666667,0.625,0
moses brown,2020,3.649259258888889,0.125,0
mychal mulder,2020,29.09809524285714,0.097222222,0
myles turner,2020,29.448413983870967,0.861111111,0
nassir little,2020,11.926770833333334,0.666666667,0
naz mitroulong,2020,9.370000000000001,0.069444444,0
naz reid,2020,16.515444443333333,0.416666667,0
nemanja bjelica,2020,27.933171291666667,1.0,0
nerlens noel,2020,18.474316934426227,0.847222222,0
nic claxton,2020,12.456666666666667,0.208333333,0
nickeil alexanderwalker,2020,12.570283687234042,0.652777778,0
nicolas batum,2020,22.95371212272727,0.305555556,0
nicolo melli,2020,17.368722216666665,0.833333333,0
nigel williamsgoss,2020,4.9805,0.138888889,0
nikola jokic,2020,31.991849315068496,1.013888889,0
nikola vucevic,2020,32.22868279032258,0.861111111,0
noah vonleh,2020,10.492731480555555,0.5,0
norman powell,2020,28.438942307692308,0.722222222,0
norvel pelle,2020,9.6557638875,0.333333333,0
og anunoby,2020,29.937343000000002,0.958333333,0
omari spellman,2020,18.081326530612245,0.680555556,0
oshae brissett,2020,7.109122805263158,0.263888889,0
otto porter,2020,23.627142857142854,0.194444444,0
pj tucker,2020,34.267129625,1.0,0
pj washington,2020,30.32744253448276,0.805555556,0
p j dozier,2020,14.191781610344828,0.402777778,0
pascal siakam,2020,35.169361116666664,0.833333333,0
pat connaughton,2020,18.55422885074627,0.930555556,0
patrick beverley,2020,26.30787582352941,0.708333333,0
patrick mccaw,2020,24.54436937027027,0.513888889,0
patrick patterson,2020,13.155706215254238,0.819444444,0
patty mills,2020,22.496186863636364,0.916666667,0
paul george,2020,29.559965270833334,0.666666667,0
paul millsap,2020,24.312745098039215,0.708333333,0
paul watson,2020,8.721166667,0.138888889,0
quinn cook,2020,11.544356061363636,0.611111111,0
quinndary weatherspoon,2020,7.067121211818182,0.152777778,0
rj barrett,2020,30.436101196428574,0.777777778,0
rajon rondo,2020,20.505,0.666666667,0
raul neto,2020,12.362962962962964,0.75,0
rayjon tucker,2020,8.072416665,0.277777778,0
reggie bullock,2020,23.59741379310345,0.402777778,0
reggie jackson,2020,23.956774193548387,0.430555556,0
richaun holmes,2020,28.218522727272727,0.611111111,0
ricky rubio,2020,31.02094872307692,0.902777778,0
robert covington,2020,30.525833328571427,0.972222222,0
robert williams,2020,13.371494251724137,0.402777778,0
robin lopez,2020,14.51679292878788,0.916666667,0
rodions kurucs,2020,14.543085106382978,0.652777778,0
rodney hood,2020,29.460555557142854,0.291666667,1
rodney mcgruder,2020,15.553809523214285,0.777777778,0
romeo langford,2020,11.557760415625,0.444444444,0
rondae hollisjefferson,2020,18.698249999999998,0.833333333,0
royce oneale,2020,28.865751169014082,0.986111111,0
rudy gay,2020,21.79975123880597,0.930555556,0
rudy gobert,2020,34.304509808823525,0.944444444,0
rui hachimura,2020,30.0839930625,0.666666667,0
russell westbrook,2020,35.95032163157895,0.791666667,0
ryan anderson,2020,6.983333335,0.027777778,0
ryan arcidiacono,2020,16.034022987931035,0.805555556,1
ryan broekhoff,2020,10.595196076470588,0.236111111,0
sekou doumbouya,2020,19.834912281578948,0.527777778,0
semi ojeleye,2020,14.646304347826087,0.958333333,0
serge ibaka,2020,26.993212127272727,0.763888889,0
seth curry,2020,24.620520828125,0.888888889,0
shabazz napier,2020,24.00880951785714,0.777777778,0
shai gilgeousalexander,2020,34.6905,0.972222222,0
shake milton,2020,20.134125,0.555555556,0
shamorie ponds,2020,2.6458333325,0.055555556,0
shaquille harrison,2020,11.26399224883721,0.597222222,0
sindarius thornwell,2020,17.741666665,0.027777778,0
skal labissiere,2020,17.175454545454546,0.458333333,0
solomon hill,2020,18.446412423728813,0.819444444,0
spencer dinwiddie,2020,31.15859375,0.888888889,0
stanley johnson,2020,5.989066668,0.347222222,0
stanton kidd,2020,3.8208333325,0.055555556,0
stephen curry,2020,27.863333340000004,0.069444444,0
sterling brown,2020,14.743846153846153,0.722222222,0
steven adams,2020,26.674761904761905,0.875,0
svi mykhailiuk,2020,22.58952380357143,0.777777778,0
tj leaf,2020,7.921428571428572,0.388888889,0
tj mcconnell,2020,18.67669014084507,0.986111111,0
tj warren,2020,32.87092040298507,0.930555556,0
tacko fall,2020,4.648095238571429,0.097222222,0
taj gibson,2020,16.534946241935483,0.861111111,0
talen hortontucker,2020,13.525,0.083333333,0
tariq owens,2020,5.133333333333334,0.041666667,0
taurean prince,2020,29.022421875,0.888888889,0
terance mann,2020,8.83219512195122,0.569444444,0
terence davis,2020,16.793935180555554,1.0,0
terrance ferguson,2020,22.454434517857145,0.777777778,0
terrence ross,2020,27.37801931884058,0.958333333,0
terry rozier,2020,34.35650793650794,0.875,0
thabo sefolosha,2020,10.630325202439025,0.569444444,0
thaddeus young,2020,24.854088546875,0.888888889,0
thanasis antetokounmpo,2020,6.4315,0.277777778,0
theo pinson,2020,11.073080809090909,0.458333333,0
thomas bryant,2020,24.93025363043478,0.638888889,0
thon maker,2020,12.934916666666668,0.833333333,0
tim frazier,2020,13.141728396296296,0.375,0
tim hardaway,2020,29.455680746478873,0.986111111,0
timothe luwawucabarrot,2020,18.141843972340425,0.652777778,0
tobias harris,2020,34.29414351388888,1.0,0
tomas satoransky,2020,28.89135896923077,0.902777778,0
tony bradley,2020,11.433850574137931,0.805555556,0
tony snell,2020,27.814858762711864,0.819444444,0
torrey craig,2020,18.481580465517244,0.805555556,0
trae young,2020,35.33680555,0.833333333,0
tremont waters,2020,10.785606063636363,0.152777778,0
treveon graham,2020,16.896939394545456,0.763888889,0
trevor ariza,2020,28.1561320754717,0.736111111,0
trey burke,2020,15.758585857575756,0.458333333,0
trey lyles,2020,20.171798936507937,0.875,0
tristan thompson,2020,30.202192982456143,0.791666667,1
troy brown,2020,25.826352652173913,0.958333333,0
troy daniels,2020,11.3185461,0.652777778,0
ty jerome,2020,10.567419354838709,0.430555556,0
tyler cook,2020,4.159358974615385,0.180555556,0
tyler herro,2020,27.41963636363636,0.763888889,0
tyler johnson,2020,18.187222223076926,0.541666667,0
tyler zeller,2020,1.9375,0.027777778,0
tyrone wallace,2020,11.455595235714286,0.194444444,0
tyson chandler,2020,8.431025642307691,0.361111111,0
tyus jones,2020,18.953487184615383,0.902777778,0
udonis haslem,2020,11.0325,0.055555556,0
vic law,2020,7.73604166625,0.111111111,0
victor oladipo,2020,27.796842105263156,0.263888889,0
vince carter,2020,14.592777778333334,0.833333333,0
vince poirier,2020,5.908712122727272,0.305555556,0
vlatko cancar,2020,3.244285714285714,0.194444444,0
wayne ellington,2020,15.510694444444445,0.5,0
wendell carter,2020,29.204341093023256,0.597222222,0
wenyen gabriel,2020,7.83061111,0.416666667,0
wes iwundu,2020,18.332564101923076,0.722222222,0
wesley matthews,2020,24.40097014925373,0.930555556,0
will barton,2020,33.031695396551726,0.805555556,0
william howard,2020,6.633333335,0.027777778,0
willie cauleystein,2020,20.323086425925926,0.75,0
willy hernangomez,2020,12.103817203225805,0.430555556,0
wilson chandler,2020,20.97457142857143,0.486111111,0
yogi ferrell,2020,10.5952,0.694444444,0
yuta watanabe,2020,5.820462961111111,0.25,0
zach collins,2020,26.35515151818182,0.152777778,0
zach lavine,2020,34.75683333333333,0.833333333,1
zach norvell,2020,8.160333334,0.069444444,0
zhaire smith,2020,4.618809524285714,0.097222222,0
zion williamson,2020,27.8392361125,0.333333333,0
zylan cheatham,2020,12.7608333325,0.055555556,0
aaron gordon,2021,27.6756,0.694444444,1
aaron holiday,2021,17.819494954545455,0.916666667,0
aaron nesmith,2021,14.53764492826087,0.638888889,0
abdel nader,2021,14.802083333333334,0.333333333,0
adam mokoka,2021,4.0127380950000004,0.194444444,0
al horford,2021,27.919821428571428,0.388888889,0
alfarouq aminu,2021,18.875652173913043,0.319444444,0
alec burks,2021,25.60326530612245,0.680555556,0
aleksej pokusevski,2021,24.220333333333333,0.625,0
alen smailagic,2021,5.590333333333334,0.208333333,0
alex caruso,2021,20.967643672413793,0.805555556,0
alex len,2021,15.2927864578125,0.888888889,0
alfonzo mckinnie,2021,6.615598289743589,0.541666667,0
alize johnson,2021,10.482962961111111,0.25,0
amida brimah,2021,5.855666665999999,0.069444444,0
amir coffey,2021,8.967386363636363,0.611111111,0
anderson varejao,2021,7.186666666000001,0.069444444,0
andre drummond,2021,26.991050717391303,0.638888889,0
andre iguodala,2021,21.251798936507935,0.875,0
andre roberson,2021,12.585333334000001,0.069444444,0
andrew wiggins,2021,33.29957746478873,0.986111111,0
anfernee simons,2021,17.257135421875,0.888888889,0
anthony davis,2021,32.27041666666666,0.5,0
anthony edwards,2021,32.141203708333336,1.0,0
anthony gill,2021,8.385192307692307,0.361111111,0
anthony lamb,2021,17.300416666666667,0.333333333,0
anthony tolliver,2021,8.997575757272728,0.152777778,0
anzejs pasecniks,2021,6.316666667,0.013888889,0
armoni brooks,2021,26.018,0.277777778,0
aron baynes,2021,18.495786164150942,0.736111111,0
ashton hagans,2021,2.0333333335,0.027777778,0
austin rivers,2021,23.47134259166667,0.5,0
avery bradley,2021,22.293518518518518,0.375,0
axel toupane,2021,7.65208333375,0.111111111,0
bam adebayo,2021,33.478385421875,0.888888889,0
ben mclemore,2021,17.07188679245283,0.736111111,0
ben simmons,2021,32.36704022413793,0.805555556,1
bismack biyombo,2021,20.436085863636364,0.916666667,0
blake griffin,2021,25.796086956521737,0.638888889,0
boban marjanovic,2021,8.221767675757576,0.458333333,0
bobby portis,2021,20.79055556060606,0.916666667,0
bogdan bogdanovic,2021,29.668219704545457,0.611111111,0
bojan bogdanovic,2021,30.77173611111111,1.0,0
bol bol,2021,4.989270834375,0.444444444,0
brad wanamaker,2021,17.267677590163935,0.847222222,0
bradley beal,2021,35.78330555,0.833333333,1
brandon clarke,2021,23.97906779661017,0.819444444,0
brandon goodwin,2021,13.182801419148937,0.652777778,0
brandon ingram,2021,34.301803278688524,0.847222222,1
brian bowen,2021,2.4775,0.083333333,0
brodric thomas,2021,12.4771875,0.444444444,0
brook lopez,2021,27.168404757142856,0.972222222,0
bruce brown,2021,22.325512815384617,0.902777778,0
bruno caboclo,2021,6.072222221666667,0.083333333,0
bruno fernando,2021,6.846464645454545,0.458333333,0
bryn forbes,2021,19.348,0.972222222,1
buddy hield,2021,34.26561032394366,0.986111111,0
cj elleby,2021,6.412777776666667,0.416666667,0
cj mccollum,2021,34.03741134042553,0.652777778,0
caleb martin,2021,15.443144654716981,0.736111111,0
cam reddish,2021,28.859166665384617,0.361111111,0
cam reynolds,2021,8.096666666,0.069444444,0
cameron johnson,2021,23.957388883333333,0.833333333,0
cameron oliver,2021,21.8458333325,0.055555556,0
cameron payne,2021,17.990583333333333,0.833333333,0
caris levert,2021,31.602978723404252,0.652777778,0
carmelo anthony,2021,24.49483091304348,0.958333333,0
carsen edwards,2021,8.88978494516129,0.430555556,0
cassius stanley,2021,3.88826388875,0.333333333,0
cassius winston,2021,4.46340909090909,0.305555556,0
cedi osman,2021,25.601836152542372,0.819444444,0
chandler hutchison,2021,13.832133332000002,0.347222222,0
charlie brown,2021,16.869629633333332,0.125,0
chasson randle,2021,20.415813007317073,0.569444444,0
chimezie metu,2021,13.557129630555556,0.5,0
chris boucher,2021,24.211305550000002,0.833333333,0
chris chiozza,2021,10.561136363636363,0.305555556,0
chris paul,2021,31.421904757142855,0.972222222,0
chris silva,2021,6.157222222,0.208333333,0
christian wood,2021,32.338983731707316,0.569444444,0
chuma okeke,2021,25.167851844444446,0.625,0
clint capela,2021,30.132962968253967,0.875,0
coby white,2021,31.243768115942032,0.958333333,0
cody martin,2021,16.330608975,0.722222222,0
cody zeller,2021,20.944652770833333,0.666666667,0
cole anthony,2021,27.08177304255319,0.652777778,0
collin sexton,2021,35.25280555,0.833333333,0
cory joseph,2021,22.954417984126987,0.875,0
cristiano felicio,2021,4.641666666666667,0.25,0
dangelo russell,2021,28.4823015952381,0.583333333,0
dj augustin,2021,19.803742684210526,0.791666667,0
dj wilson,2021,12.360857142857142,0.486111111,0
daquan jeffries,2021,15.895913977419355,0.430555556,0
dakota mathias,2021,15.4325,0.111111111,0
damian jones,2021,13.992991453846154,0.541666667,0
damian lillard,2021,35.788009955223885,0.930555556,1
damion lee,2021,18.92982456140351,0.791666667,0
damyean dotson,2021,19.722137680434784,0.638888889,0
daniel gafford,2021,14.655308642592592,0.75,0
daniel oturu,2021,5.363444443333334,0.416666667,0
daniel theis,2021,24.625794876923077,0.902777778,0
danilo gallinari,2021,23.958660137254903,0.708333333,0
danny green,2021,28.034178739130432,0.958333333,0
dante exum,2021,19.35805555,0.083333333,0
danuel house,2021,25.898287036111114,0.5,0
dario saric,2021,17.409666666,0.694444444,0
darius bazley,2021,31.167363636363635,0.763888889,0
darius garland,2021,33.14709875925926,0.75,0
darius miller,2021,10.933055555555555,0.25,0
david nwaba,2021,22.618777776666665,0.416666667,0
davis bertans,2021,25.678508771929824,0.791666667,0
deaaron fox,2021,35.10589081034483,0.805555556,1
deandre hunter,2021,29.469420291304345,0.319444444,0
deanthony melton,2021,20.100256403846153,0.722222222,0
deandre jordan,2021,21.859970754385966,0.791666667,0
deandre bembry,2021,19.056372549019606,0.708333333,0
demar derozan,2021,33.712459016393446,0.847222222,0
demarcus cousins,2021,17.387113821951218,0.569444444,0
dean wade,2021,19.239814809523807,0.875,0
deandre ayton,2021,30.646231884057972,0.958333333,0
deividas sirvydis,2021,6.655666665,0.277777778,0
dejounte murray,2021,31.931567164179103,0.930555556,0
delon wright,2021,27.745211634920636,0.875,0
deni avdija,2021,23.275493833333332,0.75,0
dennis schroder,2021,32.07010929508197,0.847222222,0
dennis smith,2021,18.26166666521739,0.319444444,0
denzel valentine,2021,16.706048387096775,0.861111111,0
derrick favors,2021,15.282426470588234,0.944444444,0
derrick jones,2021,22.72290229310345,0.805555556,0
derrick rose,2021,25.57716666,0.694444444,0
derrick white,2021,29.542731472222222,0.5,0
desmond bane,2021,22.337720588235292,0.944444444,0
devin booker,2021,33.88139302985074,0.930555556,0
devin cannady,2021,9.29375,0.111111111,0
devin vassell,2021,17.03166666129032,0.861111111,0
devon dotson,2021,4.564848484545454,0.152777778,0
devontae cacok,2021,4.8816666665,0.277777778,0
devonte graham,2021,30.156424236363637,0.763888889,0
dewayne dedmon,2021,13.15447916875,0.222222222,0
didi louzada,2021,18.77888889,0.041666667,0
dillon brooks,2021,29.800845776119402,0.930555556,0
domantas sabonis,2021,35.99107527419355,0.861111111,0
donovan mitchell,2021,33.42333333962264,0.736111111,0
donta hall,2021,13.788333330769232,0.180555556,0
donte divincenzo,2021,27.494898984848483,0.916666667,0
dorian finneysmith,2021,32.00897221666666,0.833333333,0
doug mcdermott,2021,24.532297984848487,0.916666667,0
draymond green,2021,31.456534396825397,0.875,0
drew eubanks,2021,13.986635801851852,0.75,0
duncan robinson,2021,31.412847222222222,1.0,0
dwayne bacon,2021,25.733101847222223,1.0,0
dwight howard,2021,17.32659420289855,0.958333333,0
dwight powell,2021,16.647902298275863,0.805555556,0
dylan windler,2021,16.537150538709675,0.430555556,0
etwaun moore,2021,14.398024692592593,0.375,0
ed davis,2021,12.997101447826088,0.319444444,0
edmond sumner,2021,16.249119496226417,0.736111111,0
elfrid payton,2021,23.562063492063494,0.875,0
elijah bryant,2021,31.57,0.013888889,0
elijah hughes,2021,3.539722222222222,0.25,0
enes freedom,2021,24.406064819444442,1.0,0
eric bledsoe,2021,29.739671366197182,0.986111111,0
eric gordon,2021,29.211604937037038,0.375,0
eric paschall,2021,17.375416667499998,0.555555556,0
ersan ilyasova,2021,8.678725488235294,0.236111111,0
evan fournier,2021,29.976269833333337,0.583333333,0
facundo campazzo,2021,21.92202564615385,0.902777778,0
frank jackson,2021,18.4560416675,0.555555556,0
frank kaminsky,2021,15.208652482978724,0.652777778,0
frank mason,2021,19.8208333325,0.055555556,0
frank ntilikina,2021,9.757727272727273,0.458333333,0
fred vanvleet,2021,36.510705134615385,0.722222222,0
freddie gillespie,2021,19.595166665,0.277777778,0
furkan korkmaz,2021,19.301363636363636,0.763888889,0
gabe vincent,2021,13.097233334,0.694444444,0
gabriel deck,2021,21.16066667,0.138888889,0
garrett temple,2021,27.29,0.777777778,0
garrison mathews,2021,16.217994796875,0.888888889,0
gary clark,2021,16.76316239230769,0.541666667,0
gary harris,2021,27.697606846153842,0.541666667,0
gary payton,2021,4.041166667000001,0.138888889,0
gary trent,2021,31.068706896551724,0.805555556,0
george hill,2021,22.3865,0.416666667,0
georges niang,2021,16.033842597222222,1.0,0
giannis antetokounmpo,2021,32.995628409836065,0.847222222,0
glenn robinson,2021,16.058043478260867,0.319444444,0
goga bitadze,2021,12.472814815555555,0.625,0
goran dragic,2021,26.72983334,0.694444444,0
gordon hayward,2021,34.004166659090906,0.611111111,1
gorgui dieng,2021,14.545701755263158,0.527777778,0
grant riller,2021,3.8904761900000002,0.097222222,0
grant williams,2021,18.062010587301586,0.875,0
grayson allen,2021,25.1897,0.694444444,0
greg whittington,2021,3.0041666675,0.055555556,0
hamidou diallo,2021,23.57858975,0.722222222,0
harrison barnes,2021,36.2481609137931,0.805555556,0
harry giles,2021,9.155833334210527,0.527777778,0
hassan whiteside,2021,15.162685186111112,0.5,0
henry ellenson,2021,19.183333335,0.027777778,0
ignas brazdeikis,2021,19.139358976923077,0.180555556,0
iman shumpert,2021,5.491666665,0.027777778,0
immanuel quickley,2021,19.429453125,0.888888889,0
isaac bonga,2021,10.7997083325,0.555555556,0
isaac okoro,2021,32.43634328358209,0.930555556,0
isaiah hartenstein,2021,12.149963767391304,0.638888889,0
isaiah joe,2021,9.337154470731708,0.569444444,0
isaiah roby,2021,23.365191262295085,0.847222222,0
isaiah stewart,2021,21.394534308823527,0.944444444,0
isaiah thomas,2021,16.08888889,0.041666667,0
ish smith,2021,20.991363636363637,0.611111111,0
ivica zubac,2021,22.339861111111112,1.0,0
jj redick,2021,16.44007575681818,0.611111111,0
ja morant,2021,32.58521163492063,0.875,0
jakarr sampson,2021,10.905919541379312,0.402777778,0
jamychal green,2021,19.30747125862069,0.805555556,0
javale mcgee,2021,14.74789855,0.638888889,0
jabari parker,2021,12.727564099999999,0.180555556,0
jaden mcdaniels,2021,23.980687825396828,0.875,0
jae crowder,2021,27.473027783333336,0.833333333,0
jaesean tate,2021,29.18166667142857,0.972222222,0
jahlil okafor,2021,12.860617285185185,0.375,0
jahmius ramsey,2021,7.267307692307692,0.180555556,0
jake layman,2021,13.938777777777778,0.625,0
jakob poeltl,2021,26.74106279710145,0.958333333,0
jalen brunson,2021,24.95894607352941,0.944444444,0
jalen harris,2021,13.238846153846152,0.180555556,0
jalen lecque,2021,3.0333333325,0.055555556,0
jalen mcdaniels,2021,19.225106382978723,0.652777778,0
jalen smith,2021,5.767592592592592,0.375,0
jamal murray,2021,35.49253472916667,0.666666667,0
james ennis,2021,24.05609756097561,0.569444444,0
james harden,2021,36.56446970454545,0.611111111,0
james johnson,2021,20.450294117647058,0.708333333,0
james nunnally,2021,5.309444444444444,0.125,0
james wiseman,2021,21.432820512820513,0.541666667,0
jared dudley,2021,6.720833333333334,0.166666667,0
jared harper,2021,2.03125,0.111111111,0
jaren jackson,2021,23.49409090909091,0.152777778,1
jarred vanderbilt,2021,17.801640625,0.888888889,0
jarrell brantley,2021,4.939761903571429,0.388888889,0
jarrett allen,2021,29.580052904761907,0.875,0
jarrett culver,2021,14.67916666764706,0.472222222,0
javonte green,2021,11.554268292682927,0.569444444,1
jaxson hayes,2021,16.061777778333333,0.833333333,0
jay scrubb,2021,21.0458333325,0.055555556,0
jaylen adams,2021,2.5885714285714285,0.097222222,0
jaylen brown,2021,34.459166672413794,0.805555556,0
jaylen hoard,2021,16.82263157894737,0.263888889,0
jaylen nowell,2021,18.072499999999998,0.583333333,0
jayson tatum,2021,35.776614578125,0.888888889,0
jeff green,2021,26.987720588235295,0.944444444,0
jeff teague,2021,17.274939394545456,0.763888889,0
jerami grant,2021,33.87524690740741,0.75,0
jeremiah martin,2021,8.350000000000001,0.125,0
jeremy lamb,2021,21.259490741666667,0.5,0
jerome robinson,2021,17.938333335294118,0.236111111,0
jevon carter,2021,11.944666666666667,0.833333333,0
jimmy butler,2021,33.550288461538464,0.722222222,0
joe harris,2021,31.0368115942029,0.958333333,0
joe ingles,2021,27.85902985074627,0.930555556,0
joel embiid,2021,31.080490196078433,0.708333333,0
john collins,2021,29.335052904761902,0.875,0
john konchar,2021,13.371240309302326,0.597222222,0
john wall,2021,32.201791674999996,0.555555556,0
jonas valanciunas,2021,28.31174730645161,0.861111111,0
jontay porter,2021,4.908333333636364,0.152777778,0
jordan bell,2021,13.647777778333333,0.083333333,0
jordan bone,2021,13.989761907142858,0.194444444,0
jordan clarkson,2021,26.72965686764706,0.944444444,0
jordan mclaughlin,2021,18.39385620980392,0.708333333,0
jordan nwora,2021,9.119555556666667,0.416666667,0
jordan poole,2021,19.369313725490198,0.708333333,0
josh green,2021,11.400811966666666,0.541666667,0
josh hall,2021,16.0,0.291666667,0
josh hart,2021,28.713404255319148,0.652777778,0
josh jackson,2021,25.154838709677417,0.861111111,0
josh okogie,2021,20.283700559322035,0.819444444,0
josh richardson,2021,30.332853101694916,0.819444444,0
jrue holiday,2021,32.31875706779661,0.819444444,1
juan toscanoanderson,2021,20.895943396226414,0.736111111,0
juan hernangomez,2021,17.308461538461536,0.722222222,0
julius randle,2021,37.559671366197186,0.986111111,0
justin holiday,2021,30.324027777777776,1.0,0
justin jackson,2021,16.967401961764704,0.472222222,0
justin james,2021,8.623240741666667,0.5,0
justin patton,2021,18.981410253846153,0.180555556,0
justin robinson,2021,9.749074074444444,0.125,0
justise winslow,2021,19.50217948846154,0.361111111,1
jusuf nurkic,2021,23.786441440540543,0.513888889,0
juwan morgan,2021,5.072471265517242,0.402777778,0
kj martin,2021,23.72551851111111,0.625,0
kz okpala,2021,12.079774775675675,0.513888889,0
karim mane,2021,8.831666667,0.138888889,0
karlanthony towns,2021,33.77836666,0.694444444,0
kawhi leonard,2021,34.08519230769231,0.722222222,0
keita batesdiop,2021,8.155944443333333,0.416666667,0
kelan martin,2021,9.216190477142856,0.486111111,0
keldon johnson,2021,28.51864734782609,0.958333333,0
keljin blevins,2021,4.4066666664705885,0.236111111,0
kelly olynyk,2021,28.527023814285716,0.972222222,0
kelly oubre jr,2021,30.682727272727274,0.763888889,0
kemba walker,2021,31.84542634883721,0.597222222,0
kendrick nunn,2021,29.467738089285714,0.777777778,0
kenrich williams,2021,21.606994954545453,0.916666667,0
kent bazemore,2021,19.903532343283583,0.930555556,1
kentavious caldwellpope,2021,28.387860701492535,0.930555556,0
kevin durant,2021,33.05061905714285,0.486111111,0
kevin huerter,2021,30.811521739130434,0.958333333,0
kevin knox,2021,11.057142857142857,0.583333333,0
kevin love,2021,24.886,0.347222222,0
kevin porter,2021,32.13416666538462,0.361111111,0
kevon looney,2021,19.02775955737705,0.847222222,0
khem birch,2021,22.824328358208955,0.930555556,0
khris middleton,2021,33.36200980882353,0.944444444,0
khyri thomas,2021,30.58666666,0.069444444,0
killian hayes,2021,25.777371796153847,0.361111111,0
killian tillie,2021,10.098333333333334,0.25,0
kira lewis,2021,16.748950616666665,0.75,0
kostas antetokounmpo,2021,3.7211111113333333,0.208333333,0
kris dunn,2021,11.3525,0.055555556,0
kristaps porzingis,2021,30.850310069767442,0.597222222,0
kyle anderson,2021,27.35268115942029,0.958333333,0
kyle guy,2021,7.586290322580646,0.430555556,0
kyle kuzma,2021,28.738725485294115,0.944444444,0
kyle lowry,2021,34.81521739130435,0.638888889,0
kyrie irving,2021,34.929660500000004,0.75,0
lamarcus aldridge,2021,25.938333334615383,0.361111111,0
lamelo ball,2021,28.79555554901961,0.708333333,0
lamar stevens,2021,12.469125,0.555555556,0
landry shamet,2021,22.994535524590162,0.847222222,0
langston galloway,2021,10.9417916675,0.555555556,0
larry nance,2021,31.18495237142857,0.486111111,0
lauri markkanen,2021,25.832287588235292,0.708333333,0
lebron james,2021,33.415592600000004,0.625,0
lonnie walker,2021,25.36405555,0.833333333,0
lonzo ball,2021,31.76796969090909,0.763888889,0
lou williams,2021,21.559217166666667,0.916666667,0
louis king,2021,14.217222221666667,0.083333333,0
luguentz dort,2021,29.67701923076923,0.722222222,0
luka doncic,2021,34.27873737878788,0.916666667,0
luka samanic,2021,9.33868686969697,0.458333333,0
luke kennard,2021,19.55949734920635,0.875,0
luke kornet,2021,11.20758064516129,0.430555556,0
malachi flynn,2021,19.735,0.652777778,0
malcolm brogdon,2021,34.45613094642857,0.777777778,0
malik beasley,2021,32.81256756756757,0.513888889,0
malik fitts,2021,3.605555556666667,0.041666667,0
malik monk,2021,20.914404761904763,0.583333333,0
mamadi diakite,2021,10.075000000000001,0.194444444,0
marc gasol,2021,19.097596153846155,0.722222222,0
marcus morris,2021,26.34891812280702,0.791666667,0
marcus smart,2021,32.9427430625,0.666666667,0
markelle fultz,2021,26.9,0.111111111,0
markieff morris,2021,19.674153,0.847222222,0
markus howard,2021,5.539144143243243,0.513888889,0
marques bolden,2021,4.7722222216666665,0.083333333,0
marquese chriss,2021,13.358333335,0.027777778,0
marvin bagley,2021,25.856472860465114,0.597222222,0
mason jones,2021,10.452708334375,0.444444444,0
mason plumlee,2021,26.76080357142857,0.777777778,0
matisse thybulle,2021,19.969307692307694,0.902777778,0
matt thomas,2021,7.258444444444445,0.625,0
matthew dellavedova,2021,17.23846153846154,0.180555556,0
maurice harkless,2021,20.861531532432434,0.513888889,0
max strus,2021,12.988034187179487,0.541666667,0
maxi kleber,2021,26.81593334,0.694444444,0
meyers leonard,2021,9.795555556666667,0.041666667,0
mfiondu kabengele,2021,7.179957264102564,0.541666667,0
michael carterwilliams,2021,25.79456989354839,0.430555556,1
michael porter,2021,31.348360655737704,0.847222222,0
mikal bridges,2021,32.60733795833333,1.0,0
mike conley,2021,29.365,0.708333333,0
mike james,2021,18.153076923076924,0.180555556,0
mike muscala,2021,18.441190477142857,0.486111111,0
mike scott,2021,16.699052288235293,0.708333333,0
miles bridges,2021,29.27154040909091,0.916666667,0
mitchell robinson,2021,27.500591396774194,0.430555556,0
miye oni,2021,9.618734568518517,0.75,0
mo bamba,2021,15.751666667391305,0.638888889,1
monte morris,2021,25.450070914893615,0.652777778,0
montrezl harrell,2021,22.903309173913044,0.958333333,0
moritz wagner,2021,16.040703704444446,0.625,0
moses brown,2021,21.399883720930234,0.597222222,0
mychal mulder,2021,12.762083333333333,0.833333333,0
myles turner,2021,30.964255319148936,0.652777778,0
naji marshall,2021,21.865572915625,0.444444444,0
nassir little,2021,13.341041666666667,0.666666667,0
nate darling,2021,3.7309523814285717,0.097222222,0
nate hinton,2021,4.4452380952380945,0.291666667,0
nathan knight,2021,8.447777778787879,0.458333333,0
naz reid,2021,19.23840475714286,0.972222222,0
nemanja bjelica,2021,16.085,0.513888889,0
nerlens noel,2021,24.165755203125,0.888888889,0
nic claxton,2021,18.569895834375,0.444444444,0
nick richards,2021,3.478796296111111,0.25,0
nickeil alexanderwalker,2021,21.88952897826087,0.638888889,0
nico mannion,2021,12.130611109999998,0.416666667,0
nicolas batum,2021,27.384801,0.930555556,0
nicolo melli,2021,12.581074073333333,0.625,0
nikola jokic,2021,34.55252315277778,1.0,0
nikola vucevic,2021,33.545047614285714,0.972222222,0
noah vonleh,2021,2.6916666675,0.055555556,0
norman powell,2021,31.963502420289856,0.958333333,0
norvel pelle,2021,6.407564102307693,0.180555556,0
og anunoby,2021,33.33166667441861,0.597222222,0
obi toppin,2021,11.01741935483871,0.861111111,0
onyeka okongwu,2021,12.024166666000001,0.694444444,0
oshae brissett,2021,24.720555557142855,0.291666667,1
otto porter,2021,21.671071428571427,0.388888889,0
pj tucker,2021,26.069423076923076,0.722222222,0
pj washington,2021,30.526067703125,0.888888889,0
p j dozier,2021,21.769299999999998,0.694444444,0
pascal siakam,2021,35.821875,0.777777778,0
pat connaughton,2021,22.821884057971015,0.958333333,0
patrick beverley,2021,22.499099100000002,0.513888889,0
patrick mccaw,2021,6.674333334000001,0.069444444,0
patrick patterson,2021,15.306622807894735,0.527777778,0
patrick williams,2021,27.934600943661973,0.986111111,0
patty mills,2021,24.776200985294118,0.944444444,0
paul george,2021,33.72114198148148,0.75,0
paul millsap,2021,20.754375,0.777777778,0
paul reed,2021,6.818525642307692,0.361111111,0
paul watson,2021,10.987283951851852,0.375,0
payton pritchard,2021,19.205429287878786,0.916666667,0
precious achiuwa,2021,12.083333332786886,0.847222222,0
quinn cook,2021,6.841521739130434,0.319444444,0
quinndary weatherspoon,2021,6.0545,0.277777778,0
rj hampton,2021,17.41732026078431,0.708333333,0
rj barrett,2021,34.87335648611111,1.0,0
rajon rondo,2021,17.096,0.625,0
raul neto,2021,21.925,0.888888889,0
ray spalding,2021,9.366666665,0.027777778,0
rayjon tucker,2021,4.867857142857143,0.194444444,0
reggie bullock,2021,29.98876923076923,0.902777778,0
reggie jackson,2021,23.04694029850746,0.930555556,0
reggie perry,2021,8.102692307692307,0.361111111,0
richaun holmes,2021,29.20333332786885,0.847222222,1
ricky rubio,2021,26.0525,0.944444444,0
robert covington,2021,32.03969047142857,0.972222222,0
robert franks,2021,14.388095242857144,0.097222222,0
robert williams,2021,18.947115384615383,0.722222222,0
robert woodard,2021,3.490769230769231,0.180555556,0
robin lopez,2021,19.06429577464789,0.986111111,0
rodions kurucs,2021,5.930158728571429,0.291666667,0
rodney hood,2021,17.14030303090909,0.763888889,0
rodney mcgruder,2021,12.10364583125,0.222222222,0
romeo langford,2021,15.708333333333334,0.25,1
rondae hollisjefferson,2021,9.754696972727272,0.152777778,0
royce oneale,2021,31.55605633802817,0.986111111,0
rudy gay,2021,21.550185190476192,0.875,0
rudy gobert,2021,30.798051647887323,0.986111111,0
rui hachimura,2021,31.529590649122806,0.791666667,1
russell westbrook,2021,36.44379487692307,0.902777778,0
ryan arcidiacono,2021,10.236893938636364,0.611111111,0
saben lee,2021,16.262395833333333,0.666666667,0
saddiq bey,2021,27.271666671428573,0.972222222,0
sam merrill,2021,7.753277776666667,0.416666667,0
sean mcdermott,2021,8.760370372222221,0.25,0
sekou doumbouya,2021,15.519375,0.777777778,0
semi ojeleye,2021,16.960892857142856,0.777777778,0
serge ibaka,2021,23.284918700000002,0.569444444,0
seth curry,2021,28.740380122807018,0.791666667,0
shai gilgeousalexander,2021,33.70309522857143,0.486111111,0
shake milton,2021,23.188412698412698,0.875,0
shaquille harrison,2021,9.77642156764706,0.472222222,0
sindarius thornwell,2021,10.32563491904762,0.291666667,0
skylar mays,2021,8.157474748484848,0.458333333,0
solomon hill,2021,21.317277,0.986111111,0
spencer dinwiddie,2021,21.444444443333335,0.041666667,0
stanley johnson,2021,16.48461749180328,0.847222222,0
stephen curry,2021,34.15108465079365,0.875,0
sterling brown,2021,24.092418294117646,0.708333333,0
steven adams,2021,27.663764362068967,0.805555556,0
svi mykhailiuk,2021,20.067398984848484,0.916666667,0
tj leaf,2021,5.05952381,0.097222222,0
tj mcconnell,2021,26.031835753623188,0.958333333,0
tj warren,2021,29.345416675,0.055555556,0
tacko fall,2021,7.134122805263158,0.263888889,0
taj gibson,2021,20.793444444444447,0.625,0
talen hortontucker,2021,20.065564107692307,0.902777778,0
taurean prince,2021,22.081300812195124,0.569444444,1
terance mann,2021,18.85562189552239,0.930555556,0
terence davis,2021,17.607185786885246,0.847222222,0
terrance ferguson,2021,3.793846153846154,0.180555556,0
terrence ross,2021,29.271449282608692,0.638888889,0
terry rozier,2021,34.542101449275364,0.958333333,0
thaddeus young,2021,24.296985294117647,0.944444444,0
thanasis antetokounmpo,2021,9.66736842105263,0.791666667,0
theo maledon,2021,27.349256415384616,0.902777778,0
theo pinson,2021,2.0033333335294117,0.236111111,0
thomas bryant,2021,27.084166670000002,0.138888889,0
thon maker,2021,9.55875,0.111111111,0
tim frazier,2021,12.393333334000001,0.069444444,0
tim hardaway,2021,28.36033332857143,0.972222222,0
timothe luwawucabarrot,2021,18.10787356896552,0.805555556,0
tobias harris,2021,32.48884408064516,0.861111111,0
tomas satoransky,2021,22.526810344827588,0.805555556,0
tony bradley,2021,16.284444445238098,0.583333333,0
tony snell,2021,21.108049644680854,0.652777778,0
torrey craig,2021,16.069300000000002,0.694444444,0
trae young,2021,33.72391534920635,0.875,0
tre jones,2021,7.259639640540541,0.513888889,0
tremont waters,2021,9.14128205,0.361111111,0
trent forrest,2021,10.06711111,0.416666667,0
trevor ariza,2021,28.032277776666668,0.416666667,0
trey burke,2021,14.698951612903226,0.861111111,0
trey lyles,2021,15.55775362173913,0.319444444,1
tristan thompson,2021,23.827283944444442,0.75,0
troy brown,2021,15.39372549117647,0.472222222,0
ty jerome,2021,23.87222222121212,0.458333333,0
tyshon alexander,2021,3.1656666666666666,0.208333333,0
tyler bey,2021,3.941666666666667,0.25,0
tyler cook,2021,13.667083334375,0.444444444,0
tyler herro,2021,30.280771611111113,0.75,0
tyler johnson,2021,17.53568376153846,0.541666667,0
tyrell terry,2021,5.118787879090909,0.152777778,0
tyrese haliburton,2021,30.097873568965518,0.805555556,0
tyrese maxey,2021,15.337295081967214,0.847222222,0
tyus jones,2021,17.464666671428574,0.972222222,1
udoka azubuike,2021,3.8133333333333335,0.208333333,0
udonis haslem,2021,2.671666667,0.013888889,0
vernon carey,2021,6.036842105263158,0.263888889,0
victor oladipo,2021,32.73015151515152,0.458333333,0
vince poirier,2021,3.9133333329999997,0.138888889,0
vlatko cancar,2021,6.857195121951219,0.569444444,0
wayne ellington,2021,21.99688406521739,0.638888889,0
wendell carter,2021,25.468827166666667,0.75,0
wenyen gabriel,2021,11.468650795238094,0.291666667,1
wes iwundu,2021,13.144918700000002,0.569444444,0
wesley matthews,2021,19.481178155172415,0.805555556,0
will barton,2021,30.995892857142856,0.777777778,1
will magnay,2021,3.266666667,0.013888889,0
willie cauleystein,2021,17.09264150943396,0.736111111,0
willy hernangomez,2021,18.003546099999998,0.652777778,0
xavier tillman,2021,18.384322033898304,0.819444444,0
yogi ferrell,2021,13.69816667,0.138888889,0
yuta watanabe,2021,14.456466665999999,0.694444444,0
zach lavine,2021,35.06252874137931,0.805555556,0
zeke nnaji,2021,9.459007935714286,0.583333333,0
zion williamson,2021,33.211311475409836,0.847222222,1
aaron gordon,2022,31.67224444,0.914634146,0
aaron henry,2022,2.830555555,0.073170732,0
aaron holiday,2022,16.202380952380953,0.768292683,0
aaron nesmith,2022,11.03612179423077,0.634146341,0
aaron wiggins,2022,24.175,0.609756098,0
abdel nader,2022,10.374166664285713,0.170731707,0
ade murkey,2022,1.466666667,0.012195122,0
admiral schofield,2022,12.337456139473684,0.463414634,0
ahmad caver,2022,0.843333333,0.012195122,0
al horford,2022,29.054951695652175,0.841463415,0
alec burks,2022,28.613292185185188,0.987804878,0
aleem ford,2022,14.706,0.06097561,0
aleksej pokusevski,2022,20.20827868852459,0.743902439,0
alex caruso,2022,27.97150407317073,0.5,0
alex len,2022,15.902564102564103,0.475609756,0
alfonzo mckinnie,2022,12.136078429411766,0.207317073,0
alize johnson,2022,7.270434782608696,0.280487805,0
alperen sengun,2022,20.684629625,0.87804878,0
amir coffey,2022,22.715458942028985,0.841463415,0
andre drummond,2022,19.681986301369864,0.890243902,0
andre iguodala,2022,19.446182796774195,0.37804878,0
andrew wiggins,2022,31.911141547945203,0.890243902,0
anfernee simons,2022,29.49146198245614,0.695121951,0
anthony davis,2022,35.106208325,0.487804878,0
anthony edwards,2022,34.24990740277778,0.87804878,0
anthony gill,2022,10.531818181818181,0.536585366,0
anthony lamb,2022,3.8416666665,0.024390244,0
armoni brooks,2022,15.625092592592592,0.658536585,0
arnoldas kulboka,2022,2.65,0.024390244,0
austin reaves,2022,23.240683065573773,0.743902439,0
austin rivers,2022,22.08773631343284,0.817073171,0
avery bradley,2022,22.67599462903226,0.756097561,0
ayo dosunmu,2022,27.397943727272725,0.93902439,0
bj johnson,2022,16.14875,0.048780488,0
bam adebayo,2022,32.59395833928571,0.682926829,0
ben mclemore,2022,20.076328125,0.780487805,0
bismack biyombo,2022,14.052685186111113,0.43902439,0
blake griffin,2022,17.108660714285715,0.682926829,0
boban marjanovic,2022,5.562753621739131,0.280487805,0
bobby portis,2022,28.171388888888888,0.87804878,0
bogdan bogdanovic,2022,29.34190476190476,0.768292683,0
bojan bogdanovic,2022,30.888550724637682,0.841463415,0
bol bol,2022,5.774285714285715,0.170731707,0
bones hyland,2022,18.983454101449276,0.841463415,0
brad wanamaker,2022,13.896521739130435,0.280487805,0
bradley beal,2022,35.97375,0.487804878,0
brandon boston,2022,14.906764705882352,0.62195122,0
brandon clarke,2022,19.469166671875,0.780487805,0
brandon goodwin,2022,13.931666666666667,0.43902439,0
brandon ingram,2022,33.98512121818182,0.670731707,0
brandon knight,2022,12.908333334,0.06097561,0
brandon williams,2022,26.654375,0.292682927,0
braxton key,2022,17.922727272727272,0.134146341,0
brodric thomas,2022,4.987916666666666,0.146341463,0
brook lopez,2022,22.95435897692308,0.158536585,0
bruce brown,2022,24.63835648611111,0.87804878,0
bruno fernando,2022,5.086,0.365853659,0
bryn forbes,2022,17.145044440000003,0.914634146,0
buddy hield,2022,30.849320987654323,0.987804878,0
cj elleby,2022,20.24830460344828,0.707317073,0
cj mccollum,2022,34.59806451612903,0.756097561,0
cj miles,2022,1.95,0.012195122,0
cade cunningham,2022,32.625859375,0.780487805,0
caleb martin,2022,22.86947221666667,0.731707317,0
cam reddish,2022,20.658163265306122,0.597560976,0
cam thomas,2022,17.553134328358208,0.817073171,0
cameron johnson,2022,26.211717166666666,0.804878049,0
cameron mcgriff,2022,15.322222223333334,0.036585366,0
cameron oliver,2022,21.65,0.024390244,0
cameron payne,2022,22.02755746551724,0.707317073,0
caris levert,2022,30.69609194827586,0.707317073,0
carlik jones,2022,4.651666666,0.06097561,0
carmelo anthony,2022,25.988260869565217,0.841463415,0
carsen edwards,2022,19.7916666675,0.048780488,0
cassius stanley,2022,17.22222222222222,0.109756098,0
cassius winston,2022,5.570714285714286,0.085365854,0
cat barber,2022,4.283333333333333,0.036585366,0
cedi osman,2022,22.147651515151512,0.804878049,0
chandler hutchison,2022,3.729444445,0.073170732,0
charles bassey,2022,7.298260869565218,0.280487805,0
charlie brown,2022,8.077272727272726,0.268292683,0
chaundee brown,2022,20.73166666,0.06097561,0
cheick diallo,2022,10.21111111,0.036585366,0
chimezie metu,2022,21.31236111666667,0.731707317,0
chris boucher,2022,21.1263958375,0.975609756,0
chris chiozza,2022,10.937745097058823,0.414634146,0
chris duarte,2022,28.01503030909091,0.670731707,0
chris paul,2022,32.90705127692308,0.792682927,0
chris silva,2022,9.116166667,0.12195122,0
christian wood,2022,30.788627455882352,0.829268293,0
chuma okeke,2022,24.983214285714286,0.853658537,0
clint capela,2022,27.588243243243245,0.902439024,0
coby white,2022,27.45781421311475,0.743902439,0
cody martin,2022,26.276314549295773,0.865853659,0
cody zeller,2022,13.130925925925927,0.329268293,0
cole anthony,2022,31.683051276923077,0.792682927,0
collin sexton,2022,28.767424245454546,0.134146341,0
corey kispert,2022,23.39036796103896,0.93902439,0
cory joseph,2022,24.61289743076923,0.792682927,0
craig sword,2022,6.327777776666667,0.036585366,0
dangelo russell,2022,31.9478718,0.792682927,0
dj augustin,2022,16.05869696909091,0.670731707,0
dj wilson,2022,13.51875,0.048780488,0
daquan jeffries,2022,2.9305555556666665,0.036585366,0
daishen nix,2022,10.892916666666666,0.292682927,0
dakota mathias,2022,2.704166666666667,0.073170732,0
dalano banton,2022,10.8701041671875,0.780487805,0
damian jones,2022,18.154374999999998,0.682926829,0
damian lillard,2022,36.420344827586206,0.353658537,0
damion lee,2022,19.944814809523812,0.768292683,0
damyean dotson,2022,10.270833335,0.024390244,0
daniel gafford,2022,20.055671291666666,0.87804878,0
daniel oturu,2022,9.09388889,0.036585366,0
daniel theis,2022,20.796170212765958,0.573170732,0
danilo gallinari,2022,25.334292924242426,0.804878049,0
danny green,2022,21.829112903225806,0.756097561,0
danuel house,2022,17.309126983333336,0.512195122,0
darius bazley,2022,27.88280192753623,0.841463415,0
darius garland,2022,35.73460783823529,0.829268293,0
darren collison,2022,12.388888889999999,0.036585366,0
david duke,2022,15.503333331818181,0.268292683,0
david johnson,2022,0.9925,0.024390244,0
david nwaba,2022,13.237065217391304,0.56097561,0
davion mitchell,2022,27.677666666666664,0.914634146,0
davis bertans,2022,14.398035714285713,0.682926829,0
davon reed,2022,13.913576389583334,0.585365854,0
dayron sharpe,2022,12.2084375,0.390243902,0
deaaron fox,2022,35.31279661016949,0.719512195,0
deandre hunter,2022,29.757735849056605,0.646341463,0
deanthony melton,2022,22.696027397260274,0.890243902,0
deandre jordan,2022,12.966875,0.585365854,0
deandre bembry,2022,18.321964285714284,0.682926829,0
dejon jarreau,2022,0.861666667,0.012195122,0
demar derozan,2022,36.09142543421052,0.926829268,0
demarcus cousins,2022,14.942187500000001,0.585365854,0
dean wade,2022,19.219117647058823,0.62195122,0
deandre ayton,2022,29.528362068965517,0.707317073,0
deividas sirvydis,2022,8.871666666666666,0.036585366,0
dejounte murray,2022,34.79311275,0.829268293,0
delon wright,2022,18.86385281818182,0.93902439,0
deni avdija,2022,24.195752036585365,1.0,0
dennis schroder,2022,28.710677078125,0.780487805,0
dennis smith,2022,17.2577027027027,0.451219512,0
denzel valentine,2022,9.2498611125,0.292682927,0
derrick favors,2022,16.72974358974359,0.475609756,0
derrick jones,2022,17.635490196078432,0.62195122,0
derrick rose,2022,24.456282050000002,0.317073171,0
derrick walton,2022,36.07333333333333,0.036585366,0
derrick white,2022,29.317355560000003,0.914634146,0
desmond bane,2022,29.818749999999998,0.926829268,0
devin booker,2022,34.47931372058823,0.829268293,0
devin cannady,2022,28.906666660000003,0.06097561,0
devin vassell,2022,27.28009390140845,0.865853659,0
devon dotson,2022,7.742727272727273,0.134146341,0
devontae cacok,2022,8.06777778,0.182926829,0
devonte graham,2022,28.441776315789472,0.926829268,0
dewayne dedmon,2022,15.898233835820896,0.817073171,0
didi louzada,2022,14.374074077777777,0.109756098,0
dillon brooks,2022,27.657083334375,0.390243902,0
domantas sabonis,2022,34.4489785,0.756097561,0
donovan mitchell,2022,33.81509950746269,0.817073171,0
donte divincenzo,2022,23.938095238095237,0.512195122,0
dorian finneysmith,2022,33.0453125,0.975609756,0
doug mcdermott,2022,23.985098039215686,0.62195122,0
draymond green,2022,28.890507239130432,0.56097561,0
drew eubanks,2022,17.529694830985914,0.865853659,0
duane washington,2022,20.166458333333335,0.585365854,0
duncan robinson,2022,25.857848101265823,0.963414634,0
dwight howard,2022,16.178722221666668,0.731707317,0
dwight powell,2022,21.929227646341463,1.0,0
dylan windler,2022,9.184733334,0.609756098,0
ed davis,2022,6.495430106451613,0.37804878,0
elfrid payton,2022,10.9822,0.609756098,0
elijah hughes,2022,12.068472222222221,0.43902439,0
emanuel terry,2022,6.07,0.036585366,0
emmanuel mudiay,2022,5.491666665,0.024390244,0
enes freedom,2022,11.753380951428571,0.426829268,0
eric bledsoe,2022,25.196604944444445,0.658536585,0
eric gordon,2022,29.29,0.695121951,0
eric paschall,2022,12.698390805172414,0.707317073,0
eugene omoruyi,2022,4.4541666675,0.048780488,0
evan fournier,2022,29.4745833375,0.975609756,0
evan mobley,2022,33.78314010144927,0.841463415,0
facundo campazzo,2022,18.216153846153844,0.792682927,0
feron hunt,2022,4.1833333335,0.024390244,0
frank jackson,2022,21.961509433962267,0.646341463,0
frank kaminsky,2022,20.104259255555558,0.109756098,0
frank ntilikina,2022,11.804396551724137,0.707317073,0
franz wagner,2022,30.747426164556963,0.963414634,0
fred vanvleet,2022,37.877256415384615,0.792682927,0
freddie gillespie,2022,13.187222222222223,0.109756098,0
furkan korkmaz,2022,21.10121891044776,0.817073171,0
gabe vincent,2022,23.366838235294118,0.829268293,0
gabe york,2022,10.6525,0.024390244,0
gabriel deck,2022,7.9435714285714285,0.085365854,0
gabriel lundberg,2022,11.05,0.048780488,0
garrett temple,2022,18.61709038983051,0.719512195,0
garrison mathews,2022,26.336743584615387,0.792682927,0
gary clark,2022,9.953201755263159,0.463414634,0
gary harris,2022,28.36398906557377,0.743902439,0
gary payton,2022,17.573028169014083,0.865853659,0
gary trent,2022,34.97002381428572,0.853658537,0
george hill,2022,23.20746912962963,0.658536585,0
george king,2022,4.7904166675,0.048780488,0
georges niang,2022,22.84708332894737,0.926829268,0
georgios kalaitzakis,2022,16.421410253846155,0.158536585,0
giannis antetokounmpo,2022,32.89888059701492,0.817073171,0
goga bitadze,2022,14.578266666,0.609756098,0
goran dragic,2022,23.690396823809525,0.256097561,0
gordon hayward,2022,31.91578230612245,0.597560976,0
gorgui dieng,2022,8.435946970454545,0.536585366,0
grant williams,2022,24.35168831168831,0.93902439,0
grayson allen,2022,27.34477272727273,0.804878049,0
greg brown,2022,13.329722222916667,0.585365854,0
greg monroe,2022,13.91345237857143,0.170731707,0
hamidou diallo,2022,21.876235637931032,0.707317073,0
harrison barnes,2022,33.59387445454546,0.93902439,0
hassan whiteside,2022,17.880743584615384,0.792682927,0
hassani gravett,2022,21.386875,0.097560976,0
haywood highsmith,2022,8.59614035263158,0.231707317,0
herbert jones,2022,29.938247858974357,0.951219512,0
ignas brazdeikis,2022,12.752182540476191,0.512195122,0
immanuel quickley,2022,23.108119653846153,0.951219512,0
isaac bonga,2022,4.577111111333334,0.182926829,0
isaac okoro,2022,29.565696522388063,0.817073171,0
isaiah hartenstein,2022,17.87938725,0.829268293,0
isaiah jackson,2022,15.029027777777777,0.43902439,0
isaiah joe,2022,11.081242423636365,0.670731707,0
isaiah livers,2022,20.171403510526314,0.231707317,0
isaiah roby,2022,21.076074073333334,0.548780488,0
isaiah stewart,2022,25.572441309859155,0.865853659,0
isaiah thomas,2022,15.150303031818181,0.268292683,0
isaiah todd,2022,6.1790277775,0.146341463,0
ish smith,2022,17.323384615384615,0.792682927,0
ish wainright,2022,7.9717777777777785,0.548780488,0
ivica zubac,2022,24.36396930263158,0.926829268,0
jt thor,2022,7.935858584848485,0.402439024,0
ja morant,2022,33.13660819298246,0.695121951,0
jamychal green,2022,16.200298507462687,0.817073171,0
jaquori mclaughlin,2022,2.725,0.048780488,0
javale mcgee,2022,15.834436932432432,0.902439024,0
jabari parker,2022,9.37125,0.146341463,0
jaden mcdaniels,2022,25.752380957142858,0.853658537,0
jaden springer,2022,2.8166666665,0.024390244,0
jae crowder,2022,28.147338313432833,0.817073171,0
jaesean tate,2022,26.36467948717949,0.951219512,0
jahmius ramsey,2022,7.0484210526315785,0.231707317,0
jaime echenique,2022,3.066666667,0.012195122,0
jake layman,2022,6.781323529411765,0.414634146,0
jakob poeltl,2022,28.96544117647059,0.829268293,0
jalen brunson,2022,31.949493670886078,0.963414634,0
jalen green,2022,31.90631840298507,0.817073171,0
jalen johnson,2022,5.472272727272728,0.268292683,0
jalen mcdaniels,2022,16.277121212727273,0.670731707,0
jalen smith,2022,18.121209150980395,0.62195122,0
jalen suggs,2022,27.2219444375,0.585365854,0
james bouknight,2022,9.821827958064516,0.37804878,0
james ennis,2022,7.942857142857143,0.085365854,0
james harden,2022,37.22584615384615,0.792682927,0
james johnson,2022,19.2133064516129,0.756097561,0
jamorko pickett,2022,13.574487176923078,0.158536585,0
jared butler,2022,8.566031745238096,0.512195122,0
jared harper,2022,8.576666666,0.06097561,0
jaren jackson,2022,27.259594012820514,0.951219512,0
jarred vanderbilt,2022,25.412387391891894,0.902439024,0
jarrett allen,2022,32.31357142857143,0.682926829,0
jarrett culver,2022,9.140135135135136,0.451219512,0
jarron cumberland,2022,4.105555556666666,0.036585366,0
javin delaurier,2022,2.8,0.012195122,0
javonte green,2022,23.36992307692308,0.792682927,0
javonte smart,2022,11.756274511764707,0.207317073,0
jaxson hayes,2022,19.96485714285714,0.853658537,0
jay huff,2022,5.0625,0.048780488,0
jay scrubb,2022,6.7434259277777775,0.219512195,0
jaylen brown,2022,33.643232318181816,0.804878049,0
jaylen hoard,2022,34.22452381428572,0.085365854,0
jaylen morris,2022,5.344444443333334,0.036585366,0
jaylen nowell,2022,15.7225,0.756097561,0
jaysean paige,2022,6.616666667,0.012195122,0
jayson tatum,2022,35.933837723684206,0.926829268,0
jeff dowtin,2022,12.001851855555556,0.109756098,0
jeff green,2022,24.652866666666664,0.914634146,0
jemerrio jones,2022,7.358333335,0.024390244,0
jerami grant,2022,31.912198574468086,0.573170732,0
jeremiah robinsonearl,2022,22.185884346938774,0.597560976,0
jeremy lamb,2022,16.704434523214285,0.682926829,0
jericho sims,2022,13.537642275609755,0.5,0
jevon carter,2022,13.714823231818182,0.804878049,0
jimmy butler,2022,33.87423977192982,0.695121951,0
jock landale,2022,10.902438272222222,0.658536585,0
joe harris,2022,30.19345237857143,0.170731707,0
joe ingles,2022,24.936333333333334,0.548780488,0
joe johnson,2022,1.95,0.012195122,0
joe wieskamp,2022,7.073850575862069,0.353658537,0
joel ayayi,2022,2.8880952385714282,0.085365854,0
joel embiid,2022,33.770661764705885,0.829268293,0
john collins,2022,30.78895061111111,0.658536585,0
john konchar,2022,17.937893513888888,0.87804878,0
jon teske,2022,2.5805555556666664,0.036585366,0
jonas valanciunas,2022,30.271058554054054,0.902439024,0
jonathan kuminga,2022,16.925,0.853658537,0
jordan bell,2022,2.016666667,0.012195122,0
jordan clarkson,2022,27.099493670886076,0.963414634,0
jordan goodwin,2022,2.9666666665,0.024390244,0
jordan mclaughlin,2022,14.542069891935485,0.756097561,0
jordan nwora,2022,19.117284951612902,0.756097561,0
jordan poole,2022,30.043574565789473,0.926829268,0
jordan schakel,2022,7.5666666675,0.048780488,0
jose alvarado,2022,15.442746912962962,0.658536585,0
josh christopher,2022,18.02353604054054,0.902439024,0
josh giddey,2022,31.48799383333333,0.658536585,0
josh green,2022,15.506815925373132,0.817073171,0
josh hart,2022,33.16648148148148,0.658536585,0
josh jackson,2022,16.273300652941174,0.62195122,0
josh okogie,2022,10.526326530612245,0.597560976,0
josh richardson,2022,24.611025646153845,0.792682927,0
joshua primo,2022,19.3008,0.609756098,0
jrue holiday,2022,32.946865671641795,0.817073171,0
juan toscanoanderson,2022,13.618242009589041,0.890243902,0
juan hernangomez,2022,11.1137916675,0.487804878,0
julius randle,2022,35.33143518055555,0.87804878,0
justin anderson,2022,19.74072916875,0.195121951,0
justin champagnie,2022,7.800879630555556,0.43902439,0
justin holiday,2022,27.794729729729728,0.902439024,0
justin jackson,2022,5.20952381,0.085365854,0
justin robinson,2022,12.149133331999998,0.304878049,0
justise winslow,2022,16.13881944375,0.585365854,0
jusuf nurkic,2022,28.18723214285714,0.682926829,0
juwan morgan,2022,15.4825,0.024390244,0
kj martin,2022,20.96613924050633,0.963414634,0
kz okpala,2022,11.622460319047619,0.256097561,0
kai jones,2022,2.9850000000000003,0.256097561,0
karlanthony towns,2022,33.45211712162162,0.902439024,0
keifer sykes,2022,17.700104165625,0.390243902,0
keita batesdiop,2022,16.212683615254235,0.719512195,0
kelan martin,2022,14.990055556666666,0.365853659,0
keldon johnson,2022,31.889666666666667,0.914634146,0
keljin blevins,2022,11.269462364516128,0.37804878,0
kelly olynyk,2022,19.0929166675,0.487804878,0
kelly oubre jr,2022,26.305,0.926829268,0
kemba walker,2022,25.613243243243243,0.451219512,0
kenrich williams,2022,21.884047612244895,0.597560976,0
kent bazemore,2022,13.964444443589745,0.475609756,0
kentavious caldwellpope,2022,30.243766233766234,0.93902439,0
keon johnson,2022,18.81747747837838,0.451219512,0
kessler edwards,2022,20.5665625,0.585365854,0
kevin durant,2022,37.225575763636364,0.670731707,0
kevin huerter,2022,29.573738743243243,0.902439024,0
kevin knox,2022,7.416333333333333,0.365853659,0
kevin love,2022,22.498175675675675,0.902439024,0
kevin pangos,2022,6.917222220833334,0.292682927,0
kevin porter,2022,31.264808737704918,0.743902439,0
kevon looney,2022,21.126138207317073,1.0,0
khem birch,2022,18.021242423636362,0.670731707,0
khris middleton,2022,32.44378787878788,0.804878049,0
killian hayes,2022,24.954116166666665,0.804878049,0
killian tillie,2022,12.794212963888889,0.43902439,0
kira lewis,2022,14.214166666666666,0.292682927,0
klay thompson,2022,29.401614584375,0.390243902,0
kris dunn,2022,24.024642857142858,0.170731707,0
kristaps porzingis,2022,29.03173201960784,0.62195122,0
kyle anderson,2022,21.502270536231883,0.841463415,0
kyle guy,2022,9.775438594736842,0.231707317,0
kyle kuzma,2022,33.3980303030303,0.804878049,0
kyle lowry,2022,33.85960317460318,0.768292683,0
kyrie irving,2022,37.638103448275864,0.353658537,0
lamarcus aldridge,2022,22.34223404255319,0.573170732,0
lamelo ball,2022,32.29422222666667,0.914634146,0
lamar stevens,2022,16.108888888888888,0.768292683,0
lance stephenson,2022,17.695181158695654,0.56097561,0
landry shamet,2022,20.831642507246375,0.841463415,0
langston galloway,2022,15.242857142857144,0.085365854,0
larry nance,2022,22.61025363043478,0.56097561,0
lauri markkanen,2022,30.780109295081967,0.743902439,0
lebron james,2022,37.22026785714286,0.682926829,0
leandro bolmaro,2022,6.884142857142857,0.426829268,0
lindell wigginton,2022,10.480438594736842,0.231707317,0
lindy waters,2022,18.61,0.304878049,0
lonnie walker,2022,23.033190471428572,0.853658537,0
lonzo ball,2022,34.63842857142857,0.426829268,0
lou williams,2022,14.2656547625,0.682926829,0
louis king,2022,10.36066667,0.12195122,0
luguentz dort,2022,32.65398692156863,0.62195122,0
luka doncic,2022,35.395666661538456,0.792682927,0
luka garza,2022,12.15515625,0.390243902,0
luke kennard,2022,27.41619047142857,0.853658537,0
luke kornet,2022,6.888888886666667,0.182926829,0
mj walker,2022,4.1966666665,0.024390244,0
mac mcclung,2022,12.191666665,0.024390244,0
malachi flynn,2022,12.20583333409091,0.536585366,0
malcolm brogdon,2022,33.506898138888886,0.43902439,0
malcolm hill,2022,11.16263157894737,0.231707317,0
malik beasley,2022,25.015949367088606,0.963414634,0
malik fitts,2022,4.183888888666667,0.182926829,0
malik monk,2022,28.137302631578947,0.926829268,0
malik newman,2022,7.683333333,0.012195122,0
mamadi diakite,2022,14.437179484615383,0.158536585,0
marcus garrett,2022,10.685694441666667,0.146341463,0
marcus morris,2022,28.96814814814815,0.658536585,0
marcus smart,2022,32.335798126760565,0.865853659,0
markelle fultz,2022,19.985092594444446,0.219512195,0
markieff morris,2022,17.549313723529412,0.207317073,0
marko simonovic,2022,3.9094444444444445,0.109756098,0
markus howard,2022,5.6934408612903225,0.37804878,0
marquese chriss,2022,10.167009802941177,0.414634146,0
marvin bagley,2022,23.876284729166667,0.585365854,0
mason jones,2022,12.6458333325,0.048780488,0
mason plumlee,2022,24.55513698630137,0.890243902,0
matisse thybulle,2022,25.534292924242425,0.804878049,0
matt mooney,2022,1.933333333,0.012195122,0
matt ryan,2022,5.25,0.012195122,0
matt thomas,2022,11.4877916675,0.487804878,0
maurice harkless,2022,18.371737589361704,0.573170732,0
max strus,2022,23.339436279411764,0.829268293,0
maxi kleber,2022,24.573926559322032,0.719512195,0
mckinley wright,2022,3.773333334,0.06097561,0
melvin frazier,2022,39.855555566666666,0.036585366,0
micah potter,2022,10.310555556666666,0.036585366,0
michael porter,2022,29.449814811111114,0.109756098,0
mikal bridges,2022,34.80918698780488,1.0,0
mike conley,2022,28.585254624999997,0.87804878,0
mike muscala,2022,13.77953488372093,0.524390244,0
miles bridges,2022,35.4639166625,0.975609756,0
miles mcbride,2022,9.3052916675,0.487804878,0
mitchell robinson,2022,25.671759263888887,0.87804878,0
miye oni,2022,2.761666666875,0.195121951,0
mo bamba,2022,25.686009394366195,0.865853659,0
monte morris,2022,29.85264444,0.914634146,0
montrezl harrell,2022,23.103638492957746,0.865853659,0
moritz wagner,2022,15.230661376190476,0.768292683,0
moses brown,2022,8.608125,0.487804878,0
moses moody,2022,11.675384615384615,0.634146341,0
moses wright,2022,3.6833333325,0.048780488,0
mychal mulder,2022,14.091470588235294,0.207317073,0
myles powell,2022,4.733333333636363,0.134146341,0
myles turner,2022,29.398293642857144,0.512195122,0
naji marshall,2022,13.37418181818182,0.670731707,0
nassir little,2022,25.913531738095237,0.512195122,0
nate hinton,2022,1.2133333335,0.024390244,0
nathan knight,2022,7.224774775675675,0.451219512,0
naz reid,2022,15.782943727272729,0.93902439,0
neemias queta,2022,7.973333333333333,0.182926829,0
nemanja bjelica,2022,16.089671366197184,0.865853659,0
nerlens noel,2022,22.4788,0.304878049,0
nic claxton,2022,20.7253546106383,0.573170732,0
nick richards,2022,7.342866666,0.609756098,0
nickeil alexanderwalker,2022,22.551076923076923,0.792682927,0
nicolas batum,2022,24.789745762711863,0.719512195,0
nik stauskas,2022,4.84854166625,0.097560976,0
nikola jokic,2022,33.45394144594595,0.902439024,0
nikola vucevic,2022,33.11703195890411,0.890243902,0
norman powell,2022,32.404777777777774,0.548780488,0
norvel pelle,2022,6.33888889,0.036585366,0
og anunoby,2022,36.00652777083334,0.585365854,0
obi toppin,2022,17.079907402777778,0.87804878,0
olivier sarr,2022,19.130454545454544,0.268292683,0
omer yurtseven,2022,12.610684523214285,0.682926829,0
onyeka okongwu,2022,20.667986110416667,0.585365854,0
oshae brissett,2022,23.343880597014923,0.817073171,0
otto porter,2022,22.15076719047619,0.768292683,0
pj tucker,2022,27.898004690140844,0.865853659,0
pj washington,2022,27.2011282,0.792682927,0
p j dozier,2022,18.916018516666668,0.219512195,0
paris bass,2022,3.6916666665,0.024390244,0
pascal siakam,2022,37.909607838235296,0.829268293,0
pat connaughton,2022,26.01276923076923,0.792682927,0
patrick beverley,2022,25.443764362068965,0.707317073,0
patrick williams,2022,24.842843135294117,0.207317073,0
patty mills,2022,28.959547320987653,0.987804878,0
paul george,2022,34.75440861290323,0.37804878,0
paul millsap,2022,11.38489899090909,0.402439024,0
paul reed,2022,7.96135965,0.463414634,0
paul watson,2022,17.356481477777777,0.109756098,0
payton pritchard,2022,14.098591549295774,0.865853659,0
petr cornelie,2022,2.9203846153846156,0.158536585,0
precious achiuwa,2022,23.62538812328767,0.890243902,0
quentin grimes,2022,17.09188405869565,0.56097561,0
quinndary weatherspoon,2022,6.673484848181818,0.134146341,0
rj hampton,2022,21.910338546875,0.780487805,0
rj barrett,2022,34.531285714285715,0.853658537,0
rajon rondo,2022,17.895726494871795,0.475609756,0
raul neto,2022,19.59992857142857,0.853658537,0
rayjon tucker,2022,14.163666666000001,0.06097561,0
reggie bullock,2022,27.968357838235292,0.829268293,0
reggie jackson,2022,31.15371110666667,0.914634146,0
reggie perry,2022,18.72666667,0.12195122,0
richaun holmes,2022,23.8684074,0.548780488,0
ricky rubio,2022,28.533823529411762,0.414634146,0
rob edwards,2022,5.425,0.024390244,0
robert covington,2022,27.31661971830986,0.865853659,0
robert williams,2022,29.579234967213115,0.743902439,0
robert woodard,2022,3.5161111108333336,0.146341463,0
robin lopez,2022,16.997314813888888,0.43902439,0
rodney hood,2022,13.642980769230768,0.634146341,0
rodney mcgruder,2022,14.785424837254903,0.62195122,0
romeo langford,2022,16.060555556249998,0.585365854,0
royce oneale,2022,31.24075757142857,0.93902439,0
ruben nembhard,2022,4.480952380714286,0.170731707,0
rudy gay,2022,18.87703030909091,0.670731707,0
rudy gobert,2022,32.127525257575755,0.804878049,0
rui hachimura,2022,22.464880952380952,0.512195122,0
russell westbrook,2022,34.33162393589743,0.951219512,0
ryan arcidiacono,2022,7.625333333,0.12195122,0
saben lee,2022,16.31698198108108,0.451219512,0
saddiq bey,2022,32.97776423170732,1.0,0
sam dekker,2022,0.906666667,0.012195122,0
sam hauser,2022,6.061730769230769,0.317073171,0
sam merrill,2022,9.638888888333334,0.073170732,0
sandro mamukelashvili,2022,9.926869919512194,0.5,0
santi aldama,2022,11.242760415625,0.390243902,0
scottie barnes,2022,35.368761256756756,0.902439024,0
scottie lewis,2022,3.275,0.024390244,0
scotty hopson,2022,17.73333333,0.012195122,0
sekou doumbouya,2022,8.191666665,0.024390244,0
semi ojeleye,2022,13.527888890000002,0.365853659,0
serge ibaka,2022,16.251882716666668,0.658536585,0
seth curry,2022,33.347916671875,0.780487805,0
shai gilgeousalexander,2022,34.675982142857144,0.682926829,0
shake milton,2022,21.44424241818182,0.670731707,0
shaq buchanan,2022,4.9083333335,0.024390244,0
shaquille harrison,2022,11.291666665,0.024390244,0
sharife cooper,2022,2.9682051284615385,0.158536585,0
skylar mays,2022,7.8530952392857145,0.341463415,0
solomon hill,2022,10.724102561538462,0.158536585,0
spencer dinwiddie,2022,29.559577119402984,0.817073171,0
stanley johnson,2022,22.799965270833336,0.585365854,0
stephen curry,2022,34.548203125,0.780487805,0
sterling brown,2022,12.824727891836734,0.597560976,0
steven adams,2022,26.297061407894738,0.926829268,0
svi mykhailiuk,2022,12.787886905357142,0.682926829,0
tj mcconnell,2022,24.151975307407408,0.329268293,0
tacko fall,2022,5.343939393636363,0.134146341,0
taj gibson,2022,18.186987178846156,0.634146341,0
talen hortontucker,2022,25.18380555,0.731707317,0
taurean prince,2022,17.052971014492755,0.841463415,0
terance mann,2022,28.602592592592593,0.987804878,0
terence davis,2022,17.87705555666667,0.365853659,0
terrence ross,2022,22.98695766666667,0.768292683,0
terry rozier,2022,33.66908675342466,0.890243902,0
terry taylor,2022,21.630151515151514,0.402439024,0
thaddeus young,2022,16.254006409615386,0.634146341,0
thanasis antetokounmpo,2022,9.86131944375,0.585365854,0
theo maledon,2022,17.808235294117647,0.62195122,0
theo pinson,2022,7.794561405263157,0.231707317,0
thomas bryant,2022,16.263456788888888,0.329268293,0
tim frazier,2022,17.299861108333335,0.146341463,0
tim hardaway,2022,29.64309523809524,0.512195122,0
timothe luwawucabarrot,2022,13.169455128846154,0.634146341,0
tobias harris,2022,34.8377397260274,0.890243902,0
tomas satoransky,2022,16.472515150909093,0.670731707,0
tony bradley,2022,9.983,0.670731707,0
tony snell,2022,15.518647798113207,0.646341463,0
torrey craig,2022,20.459230769230768,0.951219512,0
trae young,2022,34.893311407894736,0.926829268,0
trayvon palmer,2022,16.77333333,0.012195122,0
tre jones,2022,16.639492753623188,0.841463415,0
tre mann,2022,22.782083333333333,0.731707317,0
tremont waters,2022,16.759444443333333,0.036585366,0
trendon watford,2022,18.111388889583335,0.585365854,0
trent forrest,2022,12.758638888333333,0.731707317,0
trevelin queen,2022,7.443833333000001,0.12195122,0
trevon scott,2022,5.683333335,0.024390244,0
trevor ariza,2022,19.2626388875,0.292682927,0
trey burke,2022,10.504642857142857,0.512195122,0
trey lyles,2022,20.483555560000003,0.914634146,0
trey murphy,2022,13.928951612903226,0.756097561,0
tristan thompson,2022,15.723128654385965,0.695121951,0
troy brown,2022,15.98090909090909,0.804878049,0
ty jerome,2022,16.68940972291667,0.585365854,0
tyler cook,2022,9.980833335,0.243902439,0
tyler hall,2022,1.933333333,0.012195122,0
tyler herro,2022,32.591085863636366,0.804878049,0
tyler johnson,2022,15.229166666666666,0.073170732,0
tyrell terry,2022,1.525,0.024390244,0
tyrese haliburton,2022,34.98872294805195,0.93902439,0
tyrese maxey,2022,35.338088893333335,0.914634146,0
tyrone wallace,2022,12.486944444999999,0.073170732,0
tyus jones,2022,21.225159821917806,0.890243902,0
udoka azubuike,2022,11.463235294117647,0.207317073,0
udonis haslem,2022,6.401282051538461,0.158536585,0
usman garuba,2022,9.965,0.292682927,0
vernon carey,2022,6.306904761428571,0.085365854,0
victor oladipo,2022,21.6395833375,0.097560976,0
vlatko cancar,2022,11.755111113333333,0.182926829,0
vit krejci,2022,22.996666666666666,0.365853659,0
wayne ellington,2022,18.842480620930232,0.524390244,0
wayne selden,2022,6.38,0.036585366,0
wendell carter,2022,29.864032258064515,0.756097561,0
wenyen gabriel,2022,13.799743588461537,0.317073171,0
wes iwundu,2022,27.405555556666666,0.036585366,0
wesley matthews,2022,20.452448979591836,0.597560976,0
will barton,2022,32.062863845070424,0.865853659,0
willie cauleystein,2022,9.140833335,0.243902439,0
willy hernangomez,2022,16.779166666000002,0.609756098,0
xavier moon,2022,13.73683333,0.12195122,0
xavier sneed,2022,4.301851852222223,0.109756098,0
xavier tillman,2022,13.217924528301886,0.646341463,0
yuta watanabe,2022,11.722675439473685,0.463414634,0
yves pons,2022,5.914583333333333,0.146341463,0
zach collins,2022,17.93,0.341463415,0
zach lavine,2022,34.74743780597015,0.817073171,0
zavier simpson,2022,43.520833325,0.048780488,0
zeke nnaji,2022,17.014837397560978,0.5,0
ziaire williams,2022,21.717204306451613,0.756097561,0
zylan cheatham,2022,5.183333333,0.012195122,0
aj lawson,2023,7.217888886666667,0.182926829,0
aj green,2023,9.855714285714285,0.426829268,0
aj griffin,2023,19.464375,0.87804878,0
aaron gordon,2023,30.222156867647058,0.829268293,0
aaron holiday,2023,13.416772487301587,0.768292683,0
aaron nesmith,2023,24.882237438356164,0.890243902,0
aaron wiggins,2023,18.53480952857143,0.853658537,0
admiral schofield,2023,12.196261262162162,0.451219512,0
al horford,2023,30.498015873015873,0.768292683,0
alec burks,2023,22.008692803921566,0.62195122,0
aleksej pokusevski,2023,20.627892155882353,0.414634146,0
alex caruso,2023,23.51308458208955,0.817073171,0
alex len,2023,6.201794873076922,0.317073171,0
alize johnson,2023,7.3791666675,0.048780488,0
alondes williams,2023,5.266666667,0.012195122,0
alperen sengun,2023,28.942088893333334,0.914634146,0
amir coffey,2023,12.505533333999999,0.609756098,0
andre drummond,2023,12.673706467164179,0.817073171,0
andre iguodala,2023,14.0704166625,0.097560976,0
andrew nembhard,2023,27.647088893333336,0.914634146,0
andrew wiggins,2023,32.16972972972973,0.451219512,0
anfernee simons,2023,35.01064516129032,0.756097561,0
anthony davis,2023,34.00910714285714,0.682926829,0
anthony edwards,2023,35.96778481012658,0.963414634,0
anthony gill,2023,10.586327683050849,0.719512195,0
anthony lamb,2023,19.274489241935484,0.756097561,0
austin reaves,2023,28.800416671875,0.780487805,0
austin rivers,2023,19.544807692307693,0.634146341,0
ayo dosunmu,2023,26.220208337499997,0.975609756,0
bam adebayo,2023,34.639911106666666,0.914634146,0
ben simmons,2023,26.309920642857143,0.512195122,0
bennedict mathurin,2023,28.492051282051282,0.951219512,0
bismack biyombo,2023,14.329262295081968,0.743902439,0
blake griffin,2023,13.875243902439024,0.5,0
blake wesley,2023,18.082567567567565,0.451219512,0
boban marjanovic,2023,5.518225806451613,0.37804878,0
bobby portis,2023,25.977595242857145,0.853658537,0
bogdan bogdanovic,2023,27.93719135185185,0.658536585,0
bojan bogdanovic,2023,32.08248588135593,0.719512195,0
bol bol,2023,21.505976185714285,0.853658537,0
bones hyland,2023,19.383720232142856,0.682926829,0
bradley beal,2023,33.45866666,0.609756098,0
brandon boston,2023,11.288409090909092,0.268292683,0
brandon clarke,2023,19.466755946428574,0.682926829,0
brandon ingram,2023,34.17948148888889,0.548780488,0
braxton key,2023,3.033333333333333,0.036585366,0
brook lopez,2023,30.416367525641025,0.951219512,0
bruce brown,2023,28.493562500000003,0.975609756,0
bruno fernando,2023,10.387735043589743,0.475609756,0
bryce mcgowens,2023,17.108623189130434,0.56097561,0
bryn forbes,2023,10.708800000000002,0.304878049,0
buddy boeheim,2023,9.014333333,0.12195122,0
buddy hield,2023,31.0234375,0.975609756,0
cj mccollum,2023,35.32224444,0.914634146,0
cade cunningham,2023,33.34861110833334,0.146341463,0
caleb houstan,2023,15.92529411764706,0.62195122,0
caleb martin,2023,29.263920183098588,0.865853659,0
cam reddish,2023,24.7401666675,0.487804878,0
cam thomas,2023,16.623742689473683,0.695121951,0
cameron johnson,2023,28.56702380952381,0.512195122,0
cameron payne,2023,20.17315972291667,0.585365854,0
caris levert,2023,30.234324324324326,0.902439024,0
carlik jones,2023,7.9957142857142856,0.085365854,0
cedi osman,2023,20.107965363636364,0.93902439,0
chance comanche,2023,20.78333333,0.012195122,0
charles bassey,2023,14.510619048571428,0.426829268,0
chima moneke,2023,3.9658333335,0.024390244,0
chimezie metu,2023,10.439646465151515,0.804878049,0
chris boucher,2023,20.04565789473684,0.926829268,0
chris duarte,2023,19.504927536956522,0.56097561,0
chris paul,2023,32.01076271186441,0.719512195,0
chris silva,2023,3.016666667,0.012195122,0
christian braun,2023,15.541315789473686,0.926829268,0
christian koloko,2023,13.824022987931034,0.707317073,0
christian wood,2023,25.945646761194027,0.817073171,0
chuma okeke,2023,19.184691359259258,0.329268293,0
clint capela,2023,26.616666661538464,0.792682927,0
coby white,2023,23.38146395945946,0.902439024,0
cody martin,2023,19.10166667142857,0.085365854,0
cody zeller,2023,14.44077778,0.182926829,0
cole anthony,2023,25.862666666666666,0.731707317,0
cole swider,2023,5.876904761428571,0.085365854,0
collin sexton,2023,23.857361104166667,0.585365854,0
corey kispert,2023,28.287702702702703,0.902439024,0
cory joseph,2023,19.797311822580646,0.756097561,0
dangelo russell,2023,32.45206573239437,0.865853659,0
daishen nix,2023,16.04181286491228,0.695121951,0
dalano banton,2023,8.98526881612903,0.37804878,0
dalen terry,2023,5.630131578947368,0.463414634,0
damian jones,2023,11.643699187804877,0.5,0
damian lillard,2023,36.320517241379314,0.707317073,0
damion lee,2023,20.35533783783784,0.902439024,0
daniel gafford,2023,20.56692307692308,0.951219512,0
daniel theis,2023,15.548095242857142,0.085365854,0
danny green,2023,12.610757572727273,0.134146341,0
danuel house,2023,14.411160714285714,0.682926829,0
dario saric,2023,14.139532163157895,0.695121951,0
darius bazley,2023,14.32934108604651,0.524390244,0
darius days,2023,6.2458333325,0.048780488,0
darius garland,2023,35.46594202898551,0.841463415,0
david duke,2023,9.914057969565217,0.280487805,0
david roddy,2023,17.978595242857143,0.853658537,0
davion mitchell,2023,18.087875,0.975609756,0
davis bertans,2023,10.92925926,0.548780488,0
davon reed,2023,7.966240309302326,0.524390244,0
dayron sharpe,2023,11.510138889583333,0.585365854,0
deaaron fox,2023,33.35947489041096,0.890243902,0
deandre hunter,2023,31.72582089552239,0.817073171,0
deanthony melton,2023,27.919826844155843,0.93902439,0
deandre jordan,2023,15.021923076923077,0.475609756,0
demar derozan,2023,36.237972972972976,0.902439024,0
dean wade,2023,20.262803029545452,0.536585366,0
deandre ayton,2023,30.378159208955225,0.817073171,0
dejounte murray,2023,36.39722972972973,0.902439024,0
delon wright,2023,24.423433340000003,0.609756098,0
deni avdija,2023,26.583947368421054,0.926829268,0
dennis schroder,2023,30.090075757575757,0.804878049,0
dennis smith,2023,25.7378395,0.658536585,0
deonte burton,2023,3.2491666665,0.024390244,0
dereon seabron,2023,2.32,0.06097561,0
derrick jones,2023,13.9595052078125,0.780487805,0
derrick rose,2023,12.513518518518518,0.329268293,0
derrick white,2023,28.284491865853656,1.0,0
desmond bane,2023,31.749195396551723,0.707317073,0
devin booker,2023,34.63044024528302,0.646341463,0
devin vassell,2023,31.00206139473684,0.463414634,0
devon dotson,2023,8.85,0.073170732,0
devonte graham,2023,18.33486301369863,0.890243902,0
dewayne dedmon,2023,11.216052631578947,0.463414634,0
dillon brooks,2023,30.332374424657534,0.890243902,0
domantas sabonis,2023,34.62727848101266,0.963414634,0
dominick barlow,2023,14.555892857142856,0.341463415,0
donovan mitchell,2023,35.77029411764706,0.829268293,0
donovan williams,2023,2.125,0.024390244,0
donte divincenzo,2023,26.310833333333335,0.87804878,0
dorian finneysmith,2023,30.436742424242425,0.804878049,0
doug mcdermott,2023,20.534401046875,0.780487805,0
draymond green,2023,31.474452054794522,0.890243902,0
drew eubanks,2023,20.303547012820513,0.951219512,0
dru smith,2023,10.56177778,0.182926829,0
duane washington,2023,12.704086022580645,0.37804878,0
duncan robinson,2023,16.43952380952381,0.512195122,0
dwight powell,2023,19.183355263157893,0.926829268,0
dylan windler,2023,3.4611111099999996,0.036585366,0
dyson daniels,2023,17.66313559322034,0.719512195,0
edmond sumner,2023,13.889748428301885,0.646341463,0
eric gordon,2023,28.485628014492754,0.841463415,0
eugene omoruyi,2023,16.1330833325,0.487804878,0
evan fournier,2023,16.988641974074074,0.329268293,0
evan mobley,2023,34.37040084810127,0.963414634,0
facundo campazzo,2023,6.52020833375,0.097560976,0
frank jackson,2023,5.05,0.012195122,0
frank kaminsky,2023,6.523981480555555,0.43902439,0
frank ntilikina,2023,12.927482270212767,0.573170732,0
franz wagner,2023,32.609083337499996,0.975609756,0
fred vanvleet,2023,36.738937202898555,0.841463415,0
furkan korkmaz,2023,9.553783783783784,0.451219512,0
gabe vincent,2023,25.862892161764705,0.829268293,0
gabe york,2023,18.610555556666665,0.036585366,0
garrett temple,2023,6.472933332,0.304878049,0
garrison mathews,2023,12.708487653703704,0.658536585,0
gary harris,2023,24.6739930625,0.585365854,0
gary payton,2023,16.709318181818183,0.268292683,0
gary trent,2023,32.09080807575757,0.804878049,0
george hill,2023,18.115434782608695,0.56097561,0
georges niang,2023,19.382670935897433,0.951219512,0
giannis antetokounmpo,2023,32.120873015873016,0.768292683,0
goga bitadze,2023,12.021096492105263,0.463414634,0
goran dragic,2023,15.000258620689655,0.707317073,0
gordon hayward,2023,31.538033340000002,0.609756098,0
gorgui dieng,2023,11.552043009677421,0.37804878,0
grant williams,2023,25.883059075949365,0.963414634,0
grayson allen,2023,27.390787041666666,0.87804878,0
greg brown,2023,5.818229166875,0.195121951,0
hamidou diallo,2023,17.783303571428572,0.682926829,0
harrison barnes,2023,32.4638821097561,1.0,0
haywood highsmith,2023,17.951851851851853,0.658536585,0
herbert jones,2023,29.55348484848485,0.804878049,0
immanuel quickley,2023,28.939567901234568,0.987804878,0
isaac okoro,2023,21.74429825,0.926829268,0
isaiah hartenstein,2023,19.85630081707317,1.0,0
isaiah jackson,2023,16.544338619047622,0.768292683,0
isaiah joe,2023,19.11433790410959,0.890243902,0
isaiah livers,2023,23.052628211538458,0.634146341,0
isaiah mobley,2023,7.02,0.146341463,0
isaiah roby,2023,11.27686507857143,0.512195122,0
isaiah stewart,2023,28.28116666,0.609756098,0
isaiah todd,2023,10.233333333333333,0.073170732,0
ish smith,2023,9.253682169767442,0.524390244,0
ish wainright,2023,15.252111111666666,0.731707317,0
ivica zubac,2023,28.54486842105263,0.926829268,0
jd davison,2023,5.475555555833334,0.146341463,0
jt thor,2023,14.040217391304347,0.841463415,0
ja morant,2023,31.940136606557374,0.743902439,0
jamychal green,2023,13.977192982456142,0.695121951,0
javale mcgee,2023,8.441428571428572,0.512195122,0
jabari smith,2023,31.01957806329114,0.963414634,0
jabari walker,2023,11.056488094642857,0.682926829,0
jack white,2023,3.884313725294118,0.207317073,0
jacob gilyard,2023,40.78333333,0.012195122,0
jaden hardy,2023,14.758125,0.585365854,0
jaden ivey,2023,31.13941441891892,0.902439024,0
jaden mcdaniels,2023,30.588459911392402,0.963414634,0
jaden springer,2023,5.579166666875,0.195121951,0
jae crowder,2023,18.87268518333333,0.219512195,0
jaesean tate,2023,21.85446236451613,0.37804878,0
jake laravia,2023,11.836761905714287,0.426829268,0
jakob poeltl,2023,26.473958333333332,0.87804878,0
jalen brunson,2023,34.98046569117647,0.829268293,0
jalen duren,2023,24.927537313432836,0.817073171,0
jalen green,2023,34.23888157894737,0.926829268,0
jalen johnson,2023,14.880023814285712,0.853658537,0
jalen mcdaniels,2023,23.9106666625,0.975609756,0
jalen smith,2023,18.806250000000002,0.829268293,0
jalen suggs,2023,23.506886792452832,0.646341463,0
jalen williams,2023,30.34122222666667,0.914634146,0
jamal cain,2023,13.335925927777778,0.219512195,0
jamal murray,2023,32.8213076923077,0.792682927,0
jamaree bouyea,2023,14.107666666,0.06097561,0
james bouknight,2023,15.160784314705882,0.414634146,0
james harden,2023,36.81043103448276,0.707317073,0
james johnson,2023,9.019907405555555,0.219512195,0
james wiseman,2023,19.270814815555557,0.548780488,0
jared butler,2023,12.754722221666666,0.073170732,0
jared rhoden,2023,14.133571428571429,0.170731707,0
jaren jackson,2023,28.373068777777778,0.768292683,0
jarred vanderbilt,2023,24.09925214102564,0.951219512,0
jarrell brantley,2023,9.7375,0.048780488,0
jarrett allen,2023,32.64870098529412,0.829268293,0
jarrett culver,2023,13.6875,0.12195122,0
jason preston,2023,8.840595235714286,0.170731707,0
javonte green,2023,15.008020834375,0.390243902,0
jaxson hayes,2023,12.979929078723405,0.573170732,0
jay huff,2023,13.56190476142857,0.085365854,0
jay scrubb,2023,15.058333335,0.024390244,0
jaylen brown,2023,35.89430347761194,0.817073171,0
jaylen nowell,2023,19.25684615384615,0.792682927,0
jaylin williams,2023,18.65629251632653,0.597560976,0
jayson tatum,2023,36.921576581081084,0.902439024,0
jeff dowtin,2023,10.348066668,0.304878049,0
jeff green,2023,19.484226196428573,0.682926829,0
jerami grant,2023,35.64325396825397,0.768292683,0
jeremiah robinsonearl,2023,18.92344961162791,0.524390244,0
jeremy sochan,2023,26.030357142857145,0.682926829,0
jericho sims,2023,15.623141024999999,0.634146341,0
jevon carter,2023,22.367304530864196,0.987804878,0
jimmy butler,2023,33.406484375,0.780487805,0
jock landale,2023,14.181111111594202,0.841463415,0
joe harris,2023,20.6375,0.902439024,0
joe ingles,2023,22.684746369565218,0.56097561,0
joe wieskamp,2023,5.517222222222222,0.109756098,0
joel embiid,2023,34.607676772727274,0.804878049,0
john butler,2023,11.63692982631579,0.231707317,0
john collins,2023,29.99502347887324,0.865853659,0
john konchar,2023,20.747407402777778,0.87804878,0
john wall,2023,22.19794117647059,0.414634146,0
johnny davis,2023,15.091964285714285,0.341463415,0
johnny juzang,2023,12.902777777777779,0.219512195,0
jonas valanciunas,2023,24.91447256962025,0.963414634,0
jonathan isaac,2023,11.27590909090909,0.134146341,0
jonathan kuminga,2023,20.812313432835822,0.817073171,0
jordan clarkson,2023,32.595136606557375,0.743902439,0
jordan goodwin,2023,17.829408596774194,0.756097561,0
jordan hall,2023,9.184444444444445,0.109756098,0
jordan mclaughlin,2023,15.778837209302326,0.524390244,0
jordan nwora,2023,19.162661290322582,0.756097561,0
jordan poole,2023,29.97674796341463,1.0,0
jordan schakel,2023,3.1166666665,0.024390244,0
jose alvarado,2023,21.475109295081968,0.743902439,0
josh christopher,2023,12.284609375,0.780487805,0
josh giddey,2023,31.148311407894738,0.926829268,0
josh green,2023,25.653833333333335,0.731707317,0
josh hart,2023,32.28980263157895,0.926829268,0
josh minott,2023,6.414888888666667,0.182926829,0
josh okogie,2023,18.75819444444444,0.87804878,0
josh richardson,2023,23.532333338461537,0.792682927,0
joshua primo,2023,23.3404166675,0.048780488,0
jrue holiday,2023,32.575223880597015,0.817073171,0
juan toscanoanderson,2023,13.46266025576923,0.634146341,0
juan hernangomez,2023,14.60702380952381,0.512195122,0
julian champagnie,2023,18.831470588235295,0.207317073,0
julius randle,2023,35.548722948051946,0.93902439,0
justin champagnie,2023,6.856666666,0.06097561,0
justin holiday,2023,15.350289854347826,0.56097561,0
justin jackson,2023,4.670579708695652,0.280487805,0
justin minaya,2023,22.2125,0.048780488,0
justise winslow,2023,26.75143678275862,0.353658537,0
jusuf nurkic,2023,26.75798076923077,0.634146341,0
kj martin,2023,27.95315040243902,1.0,0
kz okpala,2023,7.086428571428572,0.426829268,0
kai jones,2023,11.948405797826087,0.56097561,0
karlanthony towns,2023,33.001724137931035,0.353658537,0
kawhi leonard,2023,33.605544865384616,0.634146341,0
keegan murray,2023,29.770916662500003,0.975609756,0
keita batesdiop,2023,21.680422880597014,0.817073171,0
keldon johnson,2023,32.7512963015873,0.768292683,0
kelly olynyk,2023,28.55284313235294,0.829268293,0
kelly oubre jr,2023,32.23982639583333,0.585365854,0
kemba walker,2023,15.989074077777778,0.109756098,0
kendall brown,2023,6.715833333333333,0.073170732,0
kendrick nunn,2023,13.763285714285713,0.853658537,0
kennedy chandler,2023,7.819675925,0.43902439,0
kenneth lofton,2023,7.331597220833333,0.292682927,0
kenrich williams,2023,22.7543710754717,0.646341463,0
kentavious caldwellpope,2023,31.33166667105263,0.926829268,0
keon ellis,2023,4.428958333125,0.195121951,0
keon johnson,2023,10.409,0.487804878,0
kessler edwards,2023,10.715370369444445,0.43902439,0
kevin durant,2023,35.569290787234046,0.573170732,0
kevin huerter,2023,29.37035556,0.914634146,0
kevin knox,2023,15.106719576190477,0.768292683,0
kevin love,2023,19.991586016129034,0.756097561,0
kevin porter,2023,34.303107338983054,0.719512195,0
kevon harris,2023,13.442598038235294,0.414634146,0
kevon looney,2023,23.873109756097563,1.0,0
khem birch,2023,8.0925,0.243902439,0
khris middleton,2023,24.265858584848484,0.402439024,0
killian hayes,2023,28.336688592105265,0.926829268,0
kira lewis,2023,9.390666668,0.304878049,0
klay thompson,2023,33.027705318840574,0.841463415,0
kobi simmons,2023,5.554333334,0.06097561,0
kris dunn,2023,25.797348486363635,0.268292683,0
kristaps porzingis,2023,32.607871800000005,0.792682927,0
kyle anderson,2023,28.356135260869564,0.841463415,0
kyle kuzma,2023,34.982057296875,0.780487805,0
kyle lowry,2023,31.231363636363636,0.670731707,0
kyrie irving,2023,37.34288888333333,0.731707317,0
lamelo ball,2023,35.21541666666667,0.43902439,0
lamar stevens,2023,18.072311822580645,0.756097561,0
landry shamet,2023,20.17275,0.487804878,0
larry nance,2023,21.243487184615386,0.792682927,0
lauri markkanen,2023,34.43161616666667,0.804878049,0
lebron james,2023,35.52618181818182,0.670731707,0
leandro bolmaro,2023,4.890952380714286,0.170731707,0
lester quinones,2023,4.5291666675,0.048780488,0
lindell wigginton,2023,12.37857142857143,0.085365854,0
lindy waters,2023,12.946951219512195,0.5,0
lonnie walker,2023,23.16136905357143,0.682926829,0
louis king,2023,28.8,0.012195122,0
luguentz dort,2023,30.707522527027027,0.902439024,0
luka doncic,2023,36.21926768181818,0.804878049,0
luka garza,2023,8.693571428571428,0.341463415,0
luka samanic,2023,22.97333332857143,0.085365854,0
luke kennard,2023,22.28957627118644,0.719512195,0
luke kornet,2023,11.653454105797103,0.841463415,0
mac mcclung,2023,20.533333335,0.024390244,0
malachi flynn,2023,13.033742137735848,0.646341463,0
malaki branham,2023,23.47873737878788,0.804878049,0
malcolm brogdon,2023,26.027089552238806,0.817073171,0
malcolm hill,2023,1.83,0.06097561,0
malik beasley,2023,25.840555555555557,0.987804878,0
malik monk,2023,22.327727272727273,0.93902439,0
mamadi diakite,2023,7.994469695454546,0.268292683,0
marjon beauchamp,2023,13.488108975,0.634146341,0
marcus morris,2023,28.078666661538463,0.792682927,0
marcus smart,2023,32.078032786885245,0.743902439,0
mark williams,2023,19.255232558139536,0.524390244,0
markelle fultz,2023,29.63236111666667,0.731707317,0
markieff morris,2023,10.144857142857143,0.426829268,0
marko simonovic,2023,2.79952381,0.085365854,0
marvin bagley,2023,23.582261904761907,0.512195122,0
mason plumlee,2023,25.986645569620254,0.963414634,0
matisse thybulle,2023,16.907582154929578,0.865853659,0
matt ryan,2023,9.122990197058824,0.414634146,0
matthew dellavedova,2023,6.649947915625,0.390243902,0
max christie,2023,12.498170731707315,0.5,0
max strus,2023,28.3997291625,0.975609756,0
maxi kleber,2023,25.128873872972974,0.451219512,0
mckinley wright,2023,12.408518518518518,0.329268293,0
meyers leonard,2023,12.637592588888888,0.109756098,0
mfiondu kabengele,2023,9.1083333325,0.048780488,0
micah potter,2023,7.491428571428571,0.085365854,0
michael carterwilliams,2023,11.1208333325,0.048780488,0
michael foster,2023,1.033333333,0.012195122,0
michael porter,2023,28.998279564516128,0.756097561,0
mikal bridges,2023,35.70092369879518,1.012195122,0
mike conley,2023,30.2694776119403,0.817073171,0
mike muscala,2023,15.001428571428573,0.768292683,0
miles mcbride,2023,11.8788541671875,0.780487805,0
mitchell robinson,2023,26.929293779661016,0.719512195,0
mo bamba,2023,15.682210883673468,0.597560976,0
monte morris,2023,27.35623656451613,0.756097561,0
montrezl harrell,2023,11.948684210526316,0.695121951,0
moritz wagner,2023,19.46432749122807,0.695121951,0
moses brown,2023,8.170694444444443,0.43902439,0
moses moody,2023,12.97058201111111,0.768292683,0
moussa diabate,2023,8.886212122727272,0.268292683,0
myles turner,2023,29.438870967741938,0.756097561,0
naji marshall,2023,23.27320346753247,0.93902439,0
nassir little,2023,18.075123457407408,0.658536585,0
nate williams,2023,25.31333334,0.06097561,0
nathan knight,2023,7.651271928947369,0.463414634,0
naz reid,2023,18.395710779411765,0.829268293,0
neemias queta,2023,5.738,0.06097561,0
nerlens noel,2023,11.451764705882354,0.207317073,0
nic claxton,2023,29.87706140789474,0.926829268,0
nick richards,2023,18.733461538461537,0.792682927,0
nickeil alexanderwalker,2023,14.981101694915255,0.719512195,0
nicolas batum,2023,21.917564102564103,0.951219512,0
nikola jokic,2023,33.666763289855076,0.841463415,0
nikola jovic,2023,13.630333333333335,0.182926829,0
nikola vucevic,2023,33.49213414634146,1.0,0
noah vonleh,2023,7.462391304347825,0.280487805,0
norman powell,2023,26.118916666666667,0.731707317,0
og anunoby,2023,35.606741298507465,0.817073171,0
obi toppin,2023,15.679228850746268,0.817073171,0
ochai agbaji,2023,20.495028254237287,0.719512195,0
olivier sarr,2023,12.626851855555556,0.109756098,0
omer yurtseven,2023,9.247962963333332,0.109756098,0
onyeka okongwu,2023,23.1069375,0.975609756,0
orlando robinson,2023,13.714516129032257,0.37804878,0
oshae brissett,2023,16.664256415384614,0.792682927,0
otto porter,2023,18.2927083375,0.097560976,0
ousmane dieng,2023,14.582307692307694,0.475609756,0
pj tucker,2023,25.600733333333334,0.914634146,0
pj washington,2023,32.59675798630137,0.890243902,0
p j dozier,2023,4.959166666875,0.195121951,0
paolo banchero,2023,33.746157402777776,0.87804878,0
pascal siakam,2023,37.352629112676055,0.865853659,0
pat connaughton,2023,23.65139344262295,0.743902439,0
patrick baldwin,2023,7.285322580645161,0.37804878,0
patrick beverley,2023,27.112338313432836,0.817073171,0
patrick williams,2023,28.327337402439028,1.0,0
patty mills,2023,14.1662083325,0.487804878,0
paul george,2023,34.623065482142856,0.682926829,0
paul reed,2023,10.944396134782608,0.841463415,0
payton pritchard,2023,13.39118055625,0.585365854,0
peyton watson,2023,8.091811595652175,0.280487805,0
precious achiuwa,2023,20.736727272727272,0.670731707,0
quentin grimes,2023,29.871924887323946,0.865853659,0
quenton jackson,2023,14.953703699999998,0.109756098,0
rj hampton,2023,15.94968085106383,0.573170732,0
rj barrett,2023,33.910479452054794,0.890243902,0
raiquan gray,2023,35.08333333,0.012195122,0
raul neto,2023,10.525659722916666,0.585365854,0
reggie bullock,2023,30.313910256410256,0.951219512,0
reggie jackson,2023,24.36549019117647,0.829268293,0
richaun holmes,2023,8.275595238095239,0.512195122,0
ricky rubio,2023,17.15131313030303,0.402439024,0
robert covington,2023,16.221701389583334,0.585365854,0
robert williams,2023,23.529999999999998,0.426829268,0
robin lopez,2023,8.067522521621623,0.451219512,0
rodney mcgruder,2023,16.371927084375,0.390243902,0
romeo langford,2023,19.63492248139535,0.524390244,0
ron harper,2023,5.277777777777778,0.109756098,0
royce oneale,2023,31.70046052631579,0.926829268,0
rudy gay,2023,14.563720237499998,0.682926829,0
rudy gobert,2023,30.692619042857146,0.853658537,0
rui hachimura,2023,23.27031746031746,0.768292683,0
russell westbrook,2023,29.12091324657534,0.890243902,0
ryan arcidiacono,2023,8.617666665,0.243902439,0
ryan rollins,2023,5.1725,0.146341463,0
saben lee,2023,14.941199999999998,0.304878049,0
saddiq bey,2023,27.645389610389614,0.93902439,0
sam hauser,2023,16.123729162500002,0.975609756,0
sam merrill,2023,11.703333334,0.06097561,0
sandro mamukelashvili,2023,15.340775193023255,0.524390244,0
santi aldama,2023,21.84088744155844,0.93902439,0
scottie barnes,2023,34.77337662337663,0.93902439,0
scotty pippen,2023,5.252777778333333,0.073170732,0
serge ibaka,2023,11.58489583125,0.195121951,0
seth curry,2023,19.8477868852459,0.743902439,0
shaedon sharpe,2023,22.2325416625,0.975609756,0
shai gilgeousalexander,2023,35.52919117647059,0.829268293,0
shake milton,2023,20.623070171052632,0.926829268,0
shaquille harrison,2023,23.983333339999998,0.06097561,0
simone fontecchio,2023,14.727147436538463,0.634146341,0
skylar mays,2023,31.461111116666668,0.073170732,0
spencer dinwiddie,2023,34.497911392405065,0.963414634,0
stanley johnson,2023,15.649833333333333,0.365853659,0
stanley umude,2023,2.116666667,0.012195122,0
stephen curry,2023,34.663422625,0.682926829,0
sterling brown,2023,6.0908333325,0.048780488,0
steven adams,2023,26.983134928571427,0.512195122,0
svi mykhailiuk,2023,14.621927084375,0.390243902,0
tj mcconnell,2023,20.352177773333334,0.914634146,0
tj warren,2023,16.350198411904763,0.512195122,0
taj gibson,2023,9.805,0.597560976,0
talen hortontucker,2023,20.203307692307693,0.792682927,0
tari eason,2023,21.551463414634146,1.0,0
taurean prince,2023,22.08422838888889,0.658536585,0
terance mann,2023,23.113292185185184,0.987804878,0
terence davis,2023,13.1402604171875,0.780487805,0
terrence ross,2023,21.11917988888889,0.768292683,0
terry rozier,2023,35.252804238095244,0.768292683,0
terry taylor,2023,8.49795699032258,0.37804878,0
thaddeus young,2023,14.73074074074074,0.658536585,0
thanasis antetokounmpo,2023,5.573153154054054,0.451219512,0
theo maledon,2023,19.401287879545453,0.536585366,0
theo pinson,2023,8.0739166675,0.487804878,0
thomas bryant,2023,18.330282491525423,0.719512195,0
tim hardaway,2023,30.31314553521127,0.865853659,0
tobias harris,2023,32.917274770270275,0.902439024,0
tony bradley,2023,2.780416666666667,0.146341463,0
torrey craig,2023,24.65622363291139,0.963414634,0
trae young,2023,34.80465753424657,0.890243902,0
tre jones,2023,29.172622544117647,0.829268293,0
tre mann,2023,17.662512432835822,0.817073171,0
trendon watford,2023,19.058198919354837,0.756097561,0
trent forrest,2023,12.042391304347827,0.280487805,0
trevelin queen,2023,10.0,0.085365854,0
trevor hudgins,2023,5.666666665999999,0.06097561,0
trevor keels,2023,2.6799999999999997,0.036585366,0
trey lyles,2023,16.854527027027025,0.902439024,0
trey murphy,2023,30.987405063291142,0.963414634,0
troy brown,2023,24.470921052631578,0.926829268,0
ty jerome,2023,18.123962962222222,0.548780488,0
tyty washington,2023,13.958494622580645,0.37804878,0
tyler dorsey,2023,2.75,0.036585366,0
tyler herro,2023,34.856592044776114,0.817073171,0
tyrese haliburton,2023,33.62238094642857,0.682926829,0
tyrese martin,2023,4.09625,0.195121951,0
tyrese maxey,2023,33.59616666666667,0.731707317,0
tyus jones,2023,24.2427916625,0.975609756,0
udoka azubuike,2023,9.959305555555556,0.43902439,0
udonis haslem,2023,10.302619047142857,0.085365854,0
usman garuba,2023,12.935733333333333,0.914634146,0
vernon carey,2023,2.5893939390909093,0.134146341,0
victor oladipo,2023,26.324761904761907,0.512195122,0
vince williams,2023,6.972666666666667,0.182926829,0
vlatko cancar,2023,14.817055555,0.731707317,0
vit krejci,2023,5.704252872413793,0.353658537,0
walker kessler,2023,23.01630631081081,0.902439024,0
wendell carter,2023,29.641052631578948,0.695121951,0
wendell moore,2023,5.26408045862069,0.353658537,0
wenyen gabriel,2023,15.055147058823529,0.829268293,0
wesley matthews,2023,15.777403846153845,0.634146341,0
will barton,2023,17.731428571428573,0.682926829,0
willy hernangomez,2023,12.043728071052632,0.463414634,0
xavier cooks,2023,12.57833333,0.12195122,0
xavier moon,2023,4.8916666675,0.048780488,0
xavier sneed,2023,12.0566666675,0.048780488,0
xavier tillman,2023,19.34603824590164,0.743902439,0
yuta watanabe,2023,15.996321839655172,0.707317073,0
zach collins,2023,22.866613761904762,0.768292683,0
zach lavine,2023,35.94740259740259,0.93902439,0
zeke nnaji,2023,13.732044024528301,0.646341463,0
ziaire williams,2023,15.15554054054054,0.451219512,0
zion williamson,2023,32.968908044827586,0.353658537,0
aj lawson,2024,7.402380952380952,0.512195122,0
aj green,2024,10.969315476785713,0.682926829,0
aj griffin,2024,8.5365,0.243902439,0
aaron gordon,2024,31.463150684931506,0.890243902,0
aaron holiday,2024,16.273034192307694,0.951219512,0
aaron nesmith,2024,27.703541666666666,0.87804878,0
aaron wiggins,2024,15.742799141025642,0.951219512,0
adam flagler,2024,7.008333335,0.024390244,0
adama sanogo,2024,7.306851852222222,0.109756098,0
admiral schofield,2024,3.667753623043478,0.280487805,0
al horford,2024,26.76610256923077,0.792682927,0
alec burks,2024,18.356742424242427,0.804878049,0
aleksej pokusevski,2024,14.477976189285714,0.341463415,0
alex caruso,2024,28.737230042253522,0.865853659,0
alex fudge,2024,6.702777778333334,0.073170732,0
alex len,2024,9.255104166666667,0.585365854,0
alondes williams,2024,2.2278571428571428,0.085365854,0
alperen sengun,2024,32.470396825396826,0.768292683,0
amari bailey,2024,6.463333333,0.12195122,0
amen thompson,2024,22.395672048387095,0.756097561,0
amir coffey,2024,20.86566667142857,0.853658537,0
andre drummond,2024,17.104451481012656,0.963414634,0
andre jackson,2024,10.04084795263158,0.695121951,0
andrew funk,2024,2.68,0.06097561,0
andrew nembhard,2024,24.951249999999998,0.829268293,0
andrew wiggins,2024,27.048568070422537,0.865853659,0
anfernee simons,2024,34.38572463043478,0.56097561,0
anthony black,2024,16.872608695652175,0.841463415,0
anthony davis,2024,35.52951753947368,0.926829268,0
anthony edwards,2024,35.06814345569621,0.963414634,0
anthony gill,2024,9.329933334,0.609756098,0
armoni brooks,2024,10.402333330000001,0.12195122,0
ashton hagans,2024,16.609035089473682,0.231707317,0
ausar thompson,2024,25.12388888888889,0.768292683,0
austin reaves,2024,32.06036585365853,1.0,0
ayo dosunmu,2024,29.111425434210524,0.926829268,0
bam adebayo,2024,34.03483567605634,0.865853659,0
ben sheppard,2024,14.285263157894736,0.695121951,0
ben simmons,2024,23.92777778,0.182926829,0
bennedict mathurin,2024,26.074406779661018,0.719512195,0
bilal coulibaly,2024,27.226190476190474,0.768292683,0
bismack biyombo,2024,19.7865416675,0.487804878,0
blake wesley,2024,14.359426229508196,0.743902439,0
boban marjanovic,2024,5.0649999999999995,0.170731707,0
bobby portis,2024,24.489837402439022,1.0,0
bogdan bogdanovic,2024,30.397573835443037,0.963414634,0
bojan bogdanovic,2024,25.92988303508772,0.695121951,0
bol bol,2024,10.907635658139535,0.524390244,0
bones hyland,2024,14.600270270270272,0.451219512,0
bradley beal,2024,33.33459118867924,0.646341463,0
brandin podziemski,2024,26.598018013513514,0.902439024,0
brandon boston,2024,10.786614584375,0.390243902,0
brandon clarke,2024,22.386388883333336,0.073170732,0
brandon ingram,2024,32.854375,0.780487805,0
brandon miller,2024,32.2022072027027,0.902439024,0
brandon williams,2024,6.639411764705883,0.207317073,0
braxton key,2024,2.9991666665,0.243902439,0
brice sensabaugh,2024,18.261354165625,0.390243902,0
brook lopez,2024,30.52090717721519,0.963414634,0
bruce brown,2024,27.841293537313433,0.817073171,0
bruno fernando,2024,15.162296295555555,0.548780488,0
bryce mcgowens,2024,14.942288135593222,0.719512195,0
buddy boeheim,2024,8.400166667,0.12195122,0
buddy hield,2024,25.712956345238094,1.024390244,0
cj mccollum,2024,32.70510101515151,0.804878049,0
cade cunningham,2024,33.45524193548387,0.756097561,0
caleb houstan,2024,13.819237288135595,0.719512195,0
caleb martin,2024,27.446145828125,0.780487805,0
cam reddish,2024,20.50128472291667,0.585365854,0
cam thomas,2024,31.437121212121212,0.804878049,0
cam whitmore,2024,18.730496453191492,0.573170732,0
cameron johnson,2024,27.569626431034482,0.707317073,0
cameron payne,2024,16.71893162820513,0.951219512,0
caris levert,2024,28.79534313235294,0.829268293,0
cason wallace,2024,20.633191060975612,1.0,0
cedi osman,2024,17.621550930555557,0.87804878,0
charles bassey,2024,10.803947368421053,0.231707317,0
charlie brown,2024,4.66041666625,0.097560976,0
chet holmgren,2024,29.424349597560976,1.0,0
chimezie metu,2024,16.841307190196076,0.62195122,0
chris boucher,2024,14.097666666,0.609756098,0
chris duarte,2024,12.195225988135594,0.719512195,0
chris livingston,2024,4.311111110952381,0.256097561,0
chris paul,2024,26.394655172413795,0.707317073,0
christian braun,2024,20.189817073170733,1.0,0
christian wood,2024,17.438866666,0.609756098,0
chuma okeke,2024,9.185744680851064,0.573170732,0
clint capela,2024,25.79570776712329,0.890243902,0
coby white,2024,36.47286920253165,0.963414634,0
cody martin,2024,26.892559525,0.341463415,0
cody zeller,2024,7.435038760465117,0.524390244,0
colby jones,2024,6.391222223333333,0.365853659,0
cole anthony,2024,22.43594650617284,0.987804878,0
cole swider,2024,4.8221296294444445,0.219512195,0
colin castleton,2024,3.6925,0.195121951,0
collin gillespie,2024,9.390208333333334,0.292682927,0
collin sexton,2024,26.599529910256408,0.951219512,0
corey kispert,2024,25.842937499999998,0.975609756,0
cory joseph,2024,11.38051281923077,0.317073171,0
craig porter,2024,12.732450980392157,0.62195122,0
dangelo russell,2024,32.685899118421055,0.926829268,0
dmoi hodge,2024,5.891904761428571,0.085365854,0
dj carton,2024,8.8833333325,0.048780488,0
dj wilson,2024,7.733333335,0.024390244,0
daquan jeffries,2024,2.7044117647058825,0.207317073,0
daishen nix,2024,3.3188888886666663,0.182926829,0
dalano banton,2024,19.38604938888889,0.658536585,0
dalen terry,2024,11.537457627118645,0.719512195,0
damian jones,2024,6.916196582051282,0.475609756,0
damian lillard,2024,35.32093606849315,0.890243902,0
daniel gafford,2024,24.51831081081081,0.902439024,0
daniel theis,2024,16.914,0.731707317,0
danilo gallinari,2024,12.842653061224489,0.597560976,0
danny green,2024,9.225,0.024390244,0
dante exum,2024,19.774939399999997,0.670731707,0
danuel house,2024,14.972205882352942,0.414634146,0
dario saric,2024,17.152369796875,0.780487805,0
dariq whitehead,2024,11.991666665,0.024390244,0
darius bazley,2024,16.869444444444444,0.109756098,0
darius garland,2024,33.34102338596492,0.695121951,0
david duke,2024,12.8375,0.048780488,0
david roddy,2024,18.107410261538462,0.792682927,0
davion mitchell,2024,15.293055555555554,0.87804878,0
davis bertans,2024,15.676085272093024,0.524390244,0
dayron sharpe,2024,15.091393442622952,0.743902439,0
deaaron fox,2024,35.92923422972973,0.902439024,0
deandre hunter,2024,29.49286549122807,0.695121951,0
deanthony melton,2024,26.929780710526316,0.463414634,0
deandre jordan,2024,10.992129630555556,0.43902439,0
dejon jarreau,2024,16.616296300000002,0.109756098,0
demar derozan,2024,37.82997889873418,0.963414634,0
dean wade,2024,20.52,0.658536585,0
deandre ayton,2024,32.42724241818182,0.670731707,0
dejounte murray,2024,35.683888884615385,0.951219512,0
delon wright,2024,15.778014185106384,0.573170732,0
deni avdija,2024,30.088577773333334,0.914634146,0
dennis schroder,2024,31.0743125,0.975609756,0
dennis smith,2024,18.904613089285714,0.682926829,0
dereck lively,2024,23.532393945454544,0.670731707,0
dereon seabron,2024,9.180555555,0.073170732,0
derrick jones,2024,23.458640355263157,0.926829268,0
derrick rose,2024,16.639027779166668,0.292682927,0
derrick white,2024,32.61623287671233,0.890243902,0
desmond bane,2024,34.353531738095235,0.512195122,0
devin booker,2024,35.98024510294118,0.829268293,0
devin vassell,2024,33.05504901470588,0.829268293,0
devonte graham,2024,13.605362317391306,0.280487805,0
dexter dennis,2024,7.4666666675,0.048780488,0
dillon brooks,2024,30.926921291666662,0.87804878,0
dmytro skapintsev,2024,1.0666666665,0.024390244,0
domantas sabonis,2024,35.70758130487805,1.0,0
dominick barlow,2024,12.713333333333335,0.402439024,0
donovan mitchell,2024,35.32090909090909,0.670731707,0
donte divincenzo,2024,29.140658432098764,0.987804878,0
dorian finneysmith,2024,28.449901955882353,0.829268293,0
doug mcdermott,2024,14.1324739578125,0.780487805,0
draymond green,2024,27.094242418181818,0.670731707,0
drew eubanks,2024,15.582733333333332,0.914634146,0
drew peterson,2024,7.56111111,0.036585366,0
dru smith,2024,14.54388888888889,0.109756098,0
duncan robinson,2024,28.021299014705882,0.829268293,0
duop reath,2024,17.854632352941177,0.829268293,0
dwight powell,2024,13.274656084126983,0.768292683,0
dylan windler,2024,6.377058823529412,0.207317073,0
dyson daniels,2024,22.270901639344263,0.743902439,0
ej liddell,2024,2.88541666625,0.097560976,0
emoni bates,2024,8.854333333333333,0.182926829,0
eric gordon,2024,27.83279411764706,0.829268293,0
eugene omoruyi,2024,9.14666666744186,0.524390244,0
evan fournier,2024,18.114791665625,0.390243902,0
evan mobley,2024,30.647,0.609756098,0
filip petrusev,2024,3.1033333333333335,0.036585366,0
frank ntilikina,2024,8.58,0.06097561,0
franz wagner,2024,32.464120375,0.87804878,0
fred vanvleet,2024,36.77296804109589,0.890243902,0
furkan korkmaz,2024,8.569333334285714,0.426829268,0
gg jackson,2024,25.6909375,0.585365854,0
gabe vincent,2024,19.785,0.134146341,0
garrett temple,2024,10.694567900000001,0.329268293,0
garrison mathews,2024,15.032146465151515,0.804878049,0
gary harris,2024,24.02493827777778,0.658536585,0
gary payton,2024,15.452272727272726,0.536585366,0
gary trent,2024,28.07884976056338,0.865853659,0
georges niang,2024,22.33079268292683,1.0,0
giannis antetokounmpo,2024,35.16771689041096,0.890243902,0
goga bitadze,2024,15.436881720967742,0.756097561,0
gordon hayward,2024,24.416666666666668,0.62195122,0
gradey dick,2024,21.12780555,0.731707317,0
grant williams,2024,28.02052631578947,0.926829268,0
grayson allen,2024,33.51066666666667,0.914634146,0
greg brown,2024,6.623888888333333,0.073170732,0
gui santos,2024,8.351739130434783,0.280487805,0
hamidou diallo,2024,2.375,0.024390244,0
harrison barnes,2024,29.035,1.0,0
harry giles,2024,4.344347826086957,0.280487805,0
haywood highsmith,2024,20.694469696969698,0.804878049,0
henri drell,2024,7.4791666675,0.048780488,0
herbert jones,2024,30.54510964473684,0.926829268,0
hunter tyson,2024,2.6653703705555554,0.219512195,0
ibou badji,2024,10.264469695454546,0.268292683,0
immanuel quickley,2024,29.196127455882355,0.829268293,0
isaac okoro,2024,27.348647347826088,0.841463415,0
isaiah hartenstein,2024,25.284644439999997,0.914634146,0
isaiah jackson,2024,12.848416666666667,0.731707317,0
isaiah joe,2024,18.52393162820513,0.951219512,0
isaiah livers,2024,20.408550726086958,0.280487805,0
isaiah mobley,2024,7.1921666669999995,0.12195122,0
isaiah stewart,2024,30.930797108695653,0.56097561,0
isaiah thomas,2024,3.230555555,0.073170732,0
isaiah wong,2024,4.283333333,0.012195122,0
ish smith,2024,17.22899224883721,0.524390244,0
ish wainright,2024,5.671818181818182,0.134146341,0
ivica zubac,2024,26.38894607352941,0.829268293,0
izaiah brockington,2024,3.383333333,0.012195122,0
jd davison,2024,4.87625,0.097560976,0
jt thor,2024,12.390899471428572,0.768292683,0
ja morant,2024,35.325,0.109756098,0
javale mcgee,2024,7.377427536956522,0.56097561,0
jabari smith,2024,31.89269736842105,0.926829268,0
jabari walker,2024,23.619074069444444,0.87804878,0
jack white,2024,15.9120833325,0.048780488,0
jacob gilyard,2024,17.034268292682928,0.5,0
jacob toppin,2024,4.239074074444444,0.109756098,0
jaden hardy,2024,13.550867579452055,0.890243902,0
jaden ivey,2024,28.798398272727272,0.93902439,0
jaden mcdaniels,2024,29.242407402777776,0.87804878,0
jaden springer,2024,10.346836734693877,0.597560976,0
jae crowder,2024,23.113966660000003,0.609756098,0
jaesean tate,2024,15.868564107692306,0.792682927,0
jahmius ramsey,2024,17.297857142857143,0.085365854,0
jaime jaquez,2024,28.175933333333337,0.914634146,0
jake laravia,2024,23.015714285714285,0.426829268,0
jakob poeltl,2024,26.38216666,0.609756098,0
jalen brunson,2024,35.40653679220779,0.93902439,0
jalen crutcher,2024,2.65,0.012195122,0
jalen duren,2024,29.139043721311477,0.743902439,0
jalen green,2024,31.72416667073171,1.0,0
jalen hoodschifino,2024,5.189682538095238,0.256097561,0
jalen johnson,2024,33.72976191071429,0.682926829,0
jalen mcdaniels,2024,10.760133333999999,0.609756098,0
jalen pickett,2024,4.510679011111112,0.329268293,0
jalen slawson,2024,3.0812500000000003,0.146341463,0
jalen smith,2024,17.1577868852459,0.743902439,0
jalen suggs,2024,26.994533333333333,0.914634146,0
jalen williams,2024,31.318286380281688,0.865853659,0
jalen wilson,2024,15.45434108604651,0.524390244,0
jamal cain,2024,9.965064103846155,0.317073171,0
jamal murray,2024,31.54864406779661,0.719512195,0
jamaree bouyea,2024,10.544444444444444,0.109756098,0
james bouknight,2024,5.778571428571429,0.170731707,0
james harden,2024,34.30094906944444,0.87804878,0
james johnson,2024,5.243888888888889,0.109756098,0
james wiseman,2024,17.318148142857144,0.768292683,0
jarace walker,2024,10.315858584848485,0.402439024,0
jared butler,2024,14.141291667499999,0.487804878,0
jared rhoden,2024,14.4127451,0.207317073,0
jaren jackson,2024,32.18454545454545,0.804878049,0
jarred vanderbilt,2024,20.042643679310345,0.353658537,0
jarrett allen,2024,31.715086584415584,0.93902439,0
jason preston,2024,10.161904761428572,0.085365854,0
javon freemanliberty,2024,18.31992424090909,0.268292683,0
javonte green,2024,25.6,0.109756098,0
javonte smart,2024,0.666666667,0.012195122,0
jaxson hayes,2024,12.53047619,0.853658537,0
jay huff,2024,2.46625,0.243902439,0
jaylen brown,2024,33.46459524285714,0.853658537,0
jaylen nowell,2024,16.44333333076923,0.158536585,0
jaylin williams,2024,12.999227053623189,0.841463415,0
jayson tatum,2024,35.74612612162162,0.902439024,0
jeff dowtin,2024,11.834722225,0.146341463,0
jeff green,2024,16.76074785897436,0.951219512,0
jerami grant,2024,33.892345685185184,0.658536585,0
jeremiah robinsonearl,2024,8.572136751282052,0.475609756,0
jeremy sochan,2024,29.636418918918917,0.902439024,0
jericho sims,2024,12.995185184444445,0.548780488,0
jermaine samuels,2024,4.295119047857143,0.170731707,0
jerome robinson,2024,3.6689393940909087,0.268292683,0
jett howard,2024,3.695370370555556,0.219512195,0
jevon carter,2024,13.938912041666667,0.87804878,0
jimmy butler,2024,34.03430555,0.731707317,0
jock landale,2024,13.633214285714287,0.682926829,0
joe harris,2024,10.62364583125,0.195121951,0
joe ingles,2024,17.191642161764705,0.829268293,0
joel embiid,2024,33.57363248717949,0.475609756,0
john collins,2024,27.956764705882353,0.829268293,0
john konchar,2024,21.337696963636365,0.670731707,0
johnny davis,2024,12.2696,0.609756098,0
johnny juzang,2024,18.590166665,0.243902439,0
jonas valanciunas,2024,23.473556914634145,1.0,0
jonathan isaac,2024,15.769137931034482,0.707317073,0
jonathan kuminga,2024,26.34477477027027,0.902439024,0
jontay porter,2024,13.836089742307694,0.317073171,0
jordan clarkson,2024,30.588030309090907,0.670731707,0
jordan ford,2024,3.6361111116666667,0.073170732,0
jordan goodwin,2024,18.522280701754386,0.695121951,0
jordan hawkins,2024,17.322089552238804,0.817073171,0
jordan mclaughlin,2024,11.180714285714286,0.682926829,0
jordan miller,2024,3.52395833375,0.097560976,0
jordan nwora,2024,13.680641025,0.634146341,0
jordan poole,2024,30.071217948717948,0.951219512,0
jordan walsh,2024,9.274814814444445,0.109756098,0
jose alvarado,2024,18.36375,0.682926829,0
josh giddey,2024,25.144479162499998,0.975609756,0
josh green,2024,26.39859649122807,0.695121951,0
josh hart,2024,33.416934160493824,0.987804878,0
josh minott,2024,2.8571354165625,0.390243902,0
josh okogie,2024,15.99525,0.731707317,0
josh richardson,2024,25.647209302325578,0.524390244,0
joshua primo,2024,5.133333335,0.024390244,0
jrue holiday,2024,32.80113526086957,0.841463415,0
juan toscanoanderson,2024,4.7875757572727276,0.134146341,0
jules bernard,2024,7.856578947368422,0.231707317,0
julian champagnie,2024,19.83614864864865,0.902439024,0
julian phillips,2024,8.06375,0.487804878,0
julian strawther,2024,10.908299999999999,0.609756098,0
julius randle,2024,35.436847826086954,0.56097561,0
justin champagnie,2024,15.655888886666666,0.182926829,0
justin holiday,2024,14.86229885,0.707317073,0
justin jackson,2024,0.35,0.024390244,0
justin minaya,2024,11.205392155882354,0.414634146,0
jusuf nurkic,2024,27.34256578947368,0.926829268,0
kj martin,2024,12.441583333333334,0.731707317,0
kaiser gates,2024,7.433333333,0.012195122,0
karlanthony towns,2024,32.67040322580645,0.756097561,0
kawhi leonard,2024,34.26529411764706,0.829268293,0
keegan murray,2024,33.61774892207792,0.93902439,0
keita batesdiop,2024,12.539433962264152,0.646341463,0
keldon johnson,2024,29.541473434782606,0.841463415,0
kelly olynyk,2024,22.547820512820515,0.951219512,0
kelly oubre jr,2024,30.22529411764706,0.829268293,0
kendall brown,2024,4.167222222,0.182926829,0
kenneth lofton,2024,9.44293650952381,0.256097561,0
kenrich williams,2024,14.913140101449278,0.841463415,0
kentavious caldwellpope,2024,31.602061407894737,0.926829268,0
keon ellis,2024,17.16640350877193,0.695121951,0
keon johnson,2024,12.280333334,0.06097561,0
kessler edwards,2024,5.087808642592592,0.658536585,0
kevin durant,2024,37.20848889333334,0.914634146,0
kevin huerter,2024,24.409791671875,0.780487805,0
kevin knox,2024,18.07204300967742,0.37804878,0
kevin love,2024,16.80478787818182,0.670731707,0
kevon harris,2024,3.025,0.024390244,0
kevon looney,2024,16.14092341891892,0.902439024,0
keyontae johnson,2024,7.355555555555556,0.109756098,0
keyonte george,2024,26.967688893333335,0.914634146,0
khris middleton,2024,27.041272727272727,0.670731707,0
killian hayes,2024,23.99186507142857,0.512195122,0
kira lewis,2024,9.437023810714285,0.341463415,0
klay thompson,2024,29.664523805194808,0.93902439,0
kobe brown,2024,8.954507575000001,0.536585366,0
kobe bufkin,2024,11.529607841176471,0.207317073,0
kobi simmons,2024,16.8583333325,0.048780488,0
kris dunn,2024,18.926919196969695,0.804878049,0
kris murray,2024,21.746317209677418,0.756097561,0
kristaps porzingis,2024,29.648216368421053,0.695121951,0
kyle anderson,2024,22.555464139240506,0.963414634,0
kyle kuzma,2024,32.587738099999996,0.853658537,0
kyle lowry,2024,28.162777783333336,0.731707317,0
kyrie irving,2024,34.99324712068965,0.707317073,0
lamelo ball,2024,32.33409090909091,0.268292683,0
lamar stevens,2024,14.710877192105263,0.463414634,0
landry shamet,2024,15.793405797826086,0.56097561,0
larry nance,2024,19.93669398360656,0.743902439,0
lauri markkanen,2024,33.08630303636363,0.670731707,0
lebron james,2024,35.263145535211265,0.865853659,0
leaky black,2024,10.926217950000002,0.317073171,0
leonard miller,2024,3.0823529411764703,0.207317073,0
lester quinones,2024,10.660945945945945,0.451219512,0
lindell wigginton,2024,2.5433333333333334,0.036585366,0
lindy waters,2024,7.373903507894736,0.463414634,0
lonnie walker,2024,17.43344827586207,0.707317073,0
luguentz dort,2024,28.43002110126582,0.963414634,0
luka doncic,2024,37.486285714285714,0.853658537,0
luka garza,2024,4.8736,0.304878049,0
luka samanic,2024,9.404108527906976,0.524390244,0
luke kennard,2024,25.616581197435895,0.475609756,0
luke kornet,2024,15.608095238095236,0.768292683,0
malachi flynn,2024,12.70900966231884,0.841463415,0
malaki branham,2024,21.257688893333334,0.914634146,0
malcolm brogdon,2024,28.7388888974359,0.475609756,0
malcolm cazalon,2024,2.583333333,0.012195122,0
malik beasley,2024,29.586983126582275,0.963414634,0
malik monk,2024,26.00425926388889,0.87804878,0
malik williams,2024,15.215476185714286,0.085365854,0
mamadi diakite,2024,4.0725,0.073170732,0
maozinha pereira,2024,17.376190471428572,0.085365854,0
marjon beauchamp,2024,12.660173610416665,0.585365854,0
marcus morris,2024,16.672993197959183,0.597560976,0
marcus sasser,2024,19.029718309859152,0.865853659,0
marcus smart,2024,30.242250000000002,0.243902439,0
mark williams,2024,26.757456142105262,0.231707317,0
markelle fultz,2024,21.16135658837209,0.524390244,0
markieff morris,2024,8.322628203846154,0.317073171,0
markquis nowell,2024,3.516666667,0.012195122,0
marques bolden,2024,11.025454545454545,0.134146341,0
marvin bagley,2024,21.06703334,0.609756098,0
mason jones,2024,5.536666666,0.06097561,0
mason plumlee,2024,14.650579710869566,0.56097561,0
matisse thybulle,2024,22.88282050769231,0.792682927,0
matt hurt,2024,14.1547916625,0.097560976,0
matt ryan,2024,13.942321428571429,0.341463415,0
max christie,2024,14.094303482089552,0.817073171,0
max strus,2024,31.98821428571429,0.853658537,0
maxi kleber,2024,20.26538759767442,0.524390244,0
maxwell lewis,2024,3.024264705882353,0.414634146,0
micah potter,2024,11.62875,0.195121951,0
michael porter,2024,31.66179012345679,0.987804878,0
mikal bridges,2024,34.80780487804878,1.0,0
mike conley,2024,28.86129385526316,0.926829268,0
mike muscala,2024,11.324150943396225,0.646341463,0
miles bridges,2024,37.40748792753623,0.841463415,0
miles mcbride,2024,19.52558823529412,0.829268293,0
mitchell robinson,2024,24.77774193548387,0.37804878,0
mo bamba,2024,12.988625731578948,0.695121951,0
monte morris,2024,14.425555554545454,0.402439024,0
moritz wagner,2024,17.6842083375,0.975609756,0
moses brown,2024,9.089924240909092,0.268292683,0
moses moody,2024,17.51340909090909,0.804878049,0
mouhamadou gueye,2024,10.903787881818182,0.134146341,0
mouhamed gueye,2024,12.133333333333333,0.073170732,0
moussa diabate,2024,5.839848484545455,0.134146341,0
myles turner,2024,26.966709961038962,0.93902439,0
naji marshall,2024,19.047323227272727,0.804878049,0
nassir little,2024,10.184074073333333,0.548780488,0
nate hinton,2024,4.970111111333334,0.182926829,0
nate williams,2024,5.881136363636363,0.268292683,0
nathan mensah,2024,12.265666668,0.304878049,0
naz reid,2024,24.2447942345679,0.987804878,0
neemias queta,2024,11.900595239285716,0.341463415,0
nic claxton,2024,29.798075112676056,0.865853659,0
nick richards,2024,26.249800999999998,0.817073171,0
nick smith,2024,14.28843137254902,0.62195122,0
nickeil alexanderwalker,2024,23.425833329268293,1.0,0
nicolas batum,2024,25.493111116666668,0.731707317,0
nikola jokic,2024,34.63966244303797,0.963414634,0
nikola jovic,2024,19.483405797826087,0.56097561,0
nikola vucevic,2024,34.33554825,0.926829268,0
noah clowney,2024,16.0807971,0.280487805,0
norman powell,2024,26.189188592105264,0.926829268,0
og anunoby,2024,34.0407,0.609756098,0
obi toppin,2024,21.10489837804878,1.0,0
ochai agbaji,2024,21.04630342307692,0.951219512,0
olivier sarr,2024,6.546777778,0.182926829,0
oliviermaxence prosper,2024,8.4052916675,0.487804878,0
omer yurtseven,2024,11.356284722916667,0.585365854,0
onuralp bitim,2024,11.651811595652173,0.280487805,0
onyeka okongwu,2024,25.54066667272727,0.670731707,0
orlando robinson,2024,8.435833333333333,0.43902439,0
oscar tshiebwe,2024,5.23958333375,0.097560976,0
oshae brissett,2024,11.457545454545453,0.670731707,0
otto porter,2024,11.604888886666666,0.182926829,0
ousmane dieng,2024,11.059191918181819,0.402439024,0
pj tucker,2024,15.687526880645162,0.37804878,0
pj washington,2024,30.4202511369863,0.890243902,0
paolo banchero,2024,34.983770837499996,0.975609756,0
pascal siakam,2024,33.223604162499996,0.975609756,0
pat connaughton,2024,22.056315789473683,0.926829268,0
pat spencer,2024,4.2749999999999995,0.073170732,0
patrick baldwin,2024,12.987061402631578,0.463414634,0
patrick beverley,2024,20.034406397260273,0.890243902,0
patrick williams,2024,27.304302325581396,0.524390244,0
patty mills,2024,12.97859375,0.390243902,0
paul george,2024,33.80765766216216,0.902439024,0
paul reed,2024,19.38416667073171,1.0,0
payton pritchard,2024,22.26504064634146,1.0,0
pete nance,2024,3.41875,0.097560976,0
peyton watson,2024,18.5979583375,0.975609756,0
precious achiuwa,2024,21.94261260810811,0.902439024,0
quentin grimes,2024,20.096928098039214,0.62195122,0
quenton jackson,2024,3.51111111,0.036585366,0
rj hampton,2024,9.50270833375,0.097560976,0
rj barrett,2024,31.69195401724138,0.707317073,0
raiquan gray,2024,13.01111111,0.036585366,0
rayan rupert,2024,16.236538461538462,0.475609756,0
reggie bullock,2024,9.488030302272726,0.536585366,0
reggie jackson,2024,22.156341463414634,1.0,0
richaun holmes,2024,13.85275,0.487804878,0
ricky council,2024,9.02,0.390243902,0
robert covington,2024,16.84189655172414,0.353658537,0
robert williams,2024,19.791666666666668,0.073170732,0
robin lopez,2024,4.045625,0.195121951,0
ron harper,2024,3.65,0.012195122,0
royce oneale,2024,24.73723629113924,0.963414634,0
rudy gobert,2024,34.11991227631579,0.926829268,0
rui hachimura,2024,26.84549019117647,0.829268293,0
russell westbrook,2024,22.482598044117648,0.829268293,0
ryan arcidiacono,2024,2.25775,0.243902439,0
ryan rollins,2024,5.988461538461538,0.158536585,0
saben lee,2024,7.707152779166666,0.292682927,0
saddiq bey,2024,32.72473544444444,0.768292683,0
sam hauser,2024,22.03272151898734,0.963414634,0
sam merrill,2024,17.52325136065574,0.743902439,0
sandro mamukelashvili,2024,9.80344202826087,0.56097561,0
santi aldama,2024,26.525519131147544,0.743902439,0
sasha vezenkov,2024,12.168412697619047,0.512195122,0
scoot henderson,2024,28.474086016129032,0.756097561,0
scottie barnes,2024,34.90413888333333,0.731707317,0
scotty pippen,2024,25.087063490476194,0.256097561,0
seth curry,2024,13.986666665909091,0.536585366,0
seth lundy,2024,5.775925925555556,0.109756098,0
shaedon sharpe,2024,33.09432290625,0.390243902,0
shai gilgeousalexander,2024,34.03582222666667,0.914634146,0
shake milton,2024,12.1075,0.585365854,0
shaquille harrison,2024,1.988888889,0.036585366,0
sidy cissoko,2024,11.743194441666667,0.146341463,0
simone fontecchio,2024,24.90747474242424,0.804878049,0
skylar mays,2024,11.401885965789475,0.463414634,0
spencer dinwiddie,2024,28.32116227631579,0.926829268,0
stanley umude,2024,12.7967361125,0.292682927,0
stephen curry,2024,32.72349098648649,0.902439024,0
svi mykhailiuk,2024,10.077154470731706,0.5,0
tj mcconnell,2024,18.182769957746476,0.865853659,0
tj warren,2024,11.33393939090909,0.134146341,0
taj gibson,2024,10.225166665,0.243902439,0
talen hortontucker,2024,19.77839868627451,0.62195122,0
tari eason,2024,21.822954545454547,0.268292683,0
taurean prince,2024,27.0207906025641,0.951219512,0
taylor hendricks,2024,21.4107916675,0.487804878,0
taze moore,2024,10.0833333325,0.048780488,0
terance mann,2024,24.971888893333336,0.914634146,0
terquavion smith,2024,5.281041666875,0.195121951,0
terry rozier,2024,33.44887978688525,0.743902439,0
terry taylor,2024,6.0525806451612905,0.37804878,0
thaddeus young,2024,13.318232324242423,0.402439024,0
thanasis antetokounmpo,2024,4.571519608823529,0.414634146,0
theo maledon,2024,12.540980394117648,0.207317073,0
thomas bryant,2024,11.614868421052632,0.463414634,0
tim hardaway,2024,26.83959915189873,0.963414634,0
timmy allen,2024,25.09033334,0.06097561,0
tobias harris,2024,33.825428571428574,0.853658537,0
torrey craig,2024,19.784937113207544,0.646341463,0
tosan evbuomwan,2024,21.563431370588233,0.207317073,0
toumani camara,2024,24.84742857142857,0.853658537,0
trae young,2024,35.95765431481481,0.658536585,0
trayce jacksondavis,2024,16.624289220588235,0.829268293,0
tre jones,2024,27.768571428571427,0.93902439,0
tre mann,2024,24.07556910487805,0.5,0
trendon watford,2024,13.595555555555555,0.768292683,0
trent forrest,2024,10.888464913157895,0.463414634,0
trevelin queen,2024,11.76619047857143,0.170731707,0
trey jemison,2024,22.959400000000002,0.304878049,0
trey lyles,2024,19.969281603448277,0.707317073,0
trey murphy,2024,29.653771929824565,0.695121951,0
tristan thompson,2024,11.202380953061223,0.597560976,0
tristan vukcevic,2024,15.341166670000002,0.12195122,0
troy brown,2024,14.008672316949152,0.719512195,0
ty jerome,2024,7.408333335,0.024390244,0
tyty washington,2024,5.0837878790909095,0.134146341,0
tyler herro,2024,33.5025,0.512195122,0
tyrese haliburton,2024,32.225193231884056,0.841463415,0
tyrese maxey,2024,37.51152381428571,0.853658537,0
tyus jones,2024,29.282828287878786,0.804878049,0
udoka azubuike,2024,7.05177083125,0.195121951,0
usman garuba,2024,2.9638888883333334,0.073170732,0
vasilije micic,2024,19.5955,0.731707317,0
victor wembanyama,2024,29.665281690140848,0.865853659,0
vince williams,2024,27.625576923076924,0.634146341,0
vit krejci,2024,24.60545454545455,0.268292683,0
walker kessler,2024,23.329791671875,0.780487805,0
wendell carter,2024,25.56915150909091,0.670731707,0
wendell moore,2024,3.0052666668,0.304878049,0
wenyen gabriel,2024,16.203333334,0.06097561,0
wesley matthews,2024,11.46861111111111,0.43902439,0
xavier moon,2024,8.517857142857142,0.170731707,0
xavier tillman,2024,18.047314814814815,0.658536585,0
yuta watanabe,2024,13.658039214705882,0.414634146,0
zach collins,2024,22.112004826086956,0.841463415,0
zach lavine,2024,34.874466668,0.304878049,0
zavier simpson,2024,23.0547619,0.085365854,0
zeke nnaji,2024,9.933103448275862,0.707317073,0
ziaire williams,2024,20.346699352941176,0.62195122,0
zion williamson,2024,31.52747618571429,0.853658537,0
aj lawson,2025,18.708076923076923,0.317073171,0
aj green,2025,22.72796804109589,0.890243902,0
aj johnson,2025,22.01333333448276,0.353658537,0
aaron gordon,2025,28.366993470588234,0.62195122,0
aaron holiday,2025,12.778172043548388,0.756097561,0
aaron nesmith,2025,24.924851844444444,0.548780488,0
aaron wiggins,2025,22.946052631578947,0.926829268,0
adam flagler,2025,5.485540540540541,0.451219512,0
adama sanogo,2025,5.3745833325,0.048780488,0
adem bona,2025,15.595689655172412,0.707317073,0
ajay mitchell,2025,16.582083333333333,0.43902439,0
al horford,2025,27.642888883333335,0.731707317,0
alec burks,2025,17.622380953061224,0.597560976,0
alex caruso,2025,19.271018518518517,0.658536585,0
alex ducas,2025,5.968650795238095,0.256097561,0
alex len,2025,8.256304347826088,0.56097561,0
alex reese,2025,14.403111113333333,0.182926829,0
alex sarr,2025,27.07803482089552,0.817073171,0
alondes williams,2025,3.716666667,0.012195122,0
alperen sengun,2025,31.512850881578945,0.926829268,0
amen thompson,2025,32.252391304347825,0.841463415,0
amir coffey,2025,24.27138888888889,0.87804878,0
andre drummond,2025,18.7658333325,0.487804878,0
andre jackson,2025,14.628233831343284,0.817073171,0
andrew nembhard,2025,28.933384615384618,0.792682927,0
andrew wiggins,2025,30.704694449999998,0.731707317,0
anfernee simons,2025,32.74140475714286,0.853658537,0
anthony black,2025,24.192222217948718,0.951219512,0
anthony davis,2025,33.44094770588235,0.62195122,0
anthony edwards,2025,36.3425105443038,0.963414634,0
anthony gill,2025,7.795588235294117,0.62195122,0
anton watson,2025,2.4629629633333336,0.109756098,0
antonio reeves,2025,14.989962120454544,0.536585366,0
ariel hukporti,2025,8.694600000000001,0.304878049,0
armel traore,2025,7.407407407777778,0.109756098,0
ausar thompson,2025,22.50364406779661,0.719512195,0
austin reaves,2025,34.93276256164384,0.890243902,0
ayo dosunmu,2025,30.30181158695652,0.56097561,0
bam adebayo,2025,34.278119653846154,0.951219512,0
baylor scheierman,2025,12.383494622580645,0.37804878,0
ben sheppard,2025,19.516798936507936,0.768292683,0
ben simmons,2025,21.954771235294118,0.62195122,0
bennedict mathurin,2025,29.85164351388889,0.87804878,0
bilal coulibaly,2025,33.00858757627119,0.719512195,0
bismack biyombo,2025,18.838809525,0.341463415,0
blake wesley,2025,11.77770115,0.707317073,0
bobby portis,2025,25.38122448979592,0.597560976,0
bobi klintman,2025,5.29770833375,0.097560976,0
bogdan bogdanovic,2025,24.956635796296297,0.658536585,0
bol bol,2025,12.457870369444445,0.43902439,0
bones hyland,2025,9.94875,0.292682927,0
bradley beal,2025,32.116823905660375,0.646341463,0
branden carlson,2025,7.700104165625,0.390243902,0
brandin podziemski,2025,26.817942703125,0.780487805,0
brandon boston,2025,23.637619047619047,0.512195122,0
brandon clarke,2025,18.857213546875,0.780487805,0
brandon ingram,2025,33.05731481666666,0.219512195,0
brandon miller,2025,34.20611111111111,0.329268293,0
brandon williams,2025,14.761515151515152,0.402439024,0
braxton key,2025,3.608333333333333,0.036585366,0
brice sensabaugh,2025,20.167910802816902,0.865853659,0
bronny james,2025,6.712716048148148,0.329268293,0
brook lopez,2025,31.825875000000003,0.975609756,0
bruce brown,2025,22.476341463414634,0.5,0
bruno fernando,2025,8.622352941176471,0.207317073,0
bryce mcgowens,2025,2.462820513076923,0.158536585,0
bub carrington,2025,29.973048780487805,1.0,0
buddy hield,2025,22.719369914634147,1.0,0
cj mccollum,2025,32.70854166071429,0.682926829,0
cade cunningham,2025,35.02780952857143,0.853658537,0
caleb houstan,2025,13.58603448275862,0.707317073,0
caleb martin,2025,27.067037044444447,0.548780488,0
cam christie,2025,4.511410256153846,0.158536585,0
cam reddish,2025,17.862121212121213,0.402439024,0
cam spencer,2025,10.089733332,0.304878049,0
cam thomas,2025,31.246266667999997,0.304878049,0
cam whitmore,2025,16.207549019607843,0.62195122,0
cameron johnson,2025,31.574795315789476,0.695121951,0
cameron payne,2025,15.138564819444444,0.87804878,0
caris levert,2025,24.939166671875,0.780487805,0
cason wallace,2025,27.592058823529413,0.829268293,0
charles bassey,2025,10.430972222222222,0.43902439,0
chet holmgren,2025,27.391875,0.390243902,0
chris boucher,2025,17.246,0.609756098,0
chris duarte,2025,4.380490195882352,0.207317073,0
chris livingston,2025,5.038571428571428,0.256097561,0
chris paul,2025,27.95321137804878,1.0,0
christian braun,2025,33.86561181012659,0.963414634,0
christian koloko,2025,9.23054054054054,0.451219512,0
chuma okeke,2025,21.853333333333335,0.109756098,0
clint capela,2025,21.389696963636364,0.670731707,0
coby white,2025,33.11157658108108,0.902439024,0
cody martin,2025,22.135974849056602,0.646341463,0
cody williams,2025,21.192233339999998,0.609756098,0
colby jones,2025,13.19611111025641,0.475609756,0
cole anthony,2025,18.419601985074628,0.817073171,0
cole swider,2025,16.95,0.12195122,0
colin castleton,2025,16.615000000000002,0.317073171,0
collin gillespie,2025,13.97631313030303,0.402439024,0
collin sexton,2025,27.90095238095238,0.768292683,0
corey kispert,2025,26.25448086885246,0.743902439,0
cory joseph,2025,12.234666666,0.609756098,0
craig porter,2025,10.064019607843138,0.62195122,0
cui cui,2025,2.063666666,0.06097561,0
dangelo russell,2025,25.524454017241382,0.707317073,0
dj carton,2025,8.3466666675,0.048780488,0
daquan jeffries,2025,22.798014191489365,0.573170732,0
daeqwon plowden,2025,11.924999999999999,0.073170732,0
daishen nix,2025,4.41111111,0.036585366,0
dalano banton,2025,16.715597014925372,0.817073171,0
dalen terry,2025,13.522990867123287,0.890243902,0
dalton knecht,2025,19.15121794871795,0.951219512,0
damian lillard,2025,36.083965517241374,0.707317073,0
damion baugh,2025,24.699222220000003,0.182926829,0
damion lee,2025,5.760733332,0.304878049,0
daniel gafford,2025,21.510438596491227,0.695121951,0
daniel theis,2025,16.348464913157894,0.463414634,0
daniss jenkins,2025,3.2497619042857147,0.085365854,0
dante exum,2025,18.6155,0.243902439,0
dario saric,2025,13.14895833125,0.195121951,0
dariq whitehead,2025,12.303916665,0.243902439,0
darius garland,2025,30.676933333333334,0.914634146,0
david duke,2025,5.619444445,0.073170732,0
david roddy,2025,12.416767675757576,0.402439024,0
davion mitchell,2025,27.396126121621624,0.902439024,0
dayron sharpe,2025,18.149166666,0.609756098,0
deaaron fox,2025,36.1473655967742,0.756097561,0
deandre hunter,2025,27.187734375,0.780487805,0
deanthony melton,2025,20.163888883333332,0.073170732,0
deandre jordan,2025,12.333958333928573,0.682926829,0
demar derozan,2025,35.943051948051945,0.93902439,0
dean wade,2025,21.227994355932204,0.719512195,0
deandre ayton,2025,30.140499999999996,0.487804878,0
dejounte murray,2025,32.64994622580645,0.37804878,0
delon wright,2025,15.8624166675,0.487804878,0
deni avdija,2025,30.015949069444446,0.87804878,0
dennis schroder,2025,28.06371110666667,0.914634146,0
dereck lively,2025,23.131574075,0.43902439,0
derrick jones,2025,24.329718610389612,0.93902439,0
derrick white,2025,33.86335526315789,0.926829268,0
desmond bane,2025,31.95978260869565,0.841463415,0
devin booker,2025,37.26622222666667,0.914634146,0
devin carter,2025,10.998425925,0.43902439,0
devin vassell,2025,30.987265625,0.780487805,0
dillon brooks,2025,31.843488893333337,0.914634146,0
dillon jones,2025,10.212839505555555,0.658536585,0
domantas sabonis,2025,34.6982381,0.853658537,0
dominick barlow,2025,10.714238094285715,0.426829268,0
donovan clingan,2025,19.755870641791045,0.817073171,0
donovan mitchell,2025,31.437089197183095,0.865853659,0
donte divincenzo,2025,25.89892472580645,0.756097561,0
dorian finneysmith,2025,28.86791004761905,0.768292683,0
doug mcdermott,2025,8.134563492857144,0.512195122,0
draymond green,2025,29.166274514705883,0.829268293,0
drew eubanks,2025,12.229672131147542,0.743902439,0
drew peterson,2025,7.445866668,0.304878049,0
drew timme,2025,28.2087037,0.109756098,0
dru smith,2025,19.1575,0.170731707,0
duncan robinson,2025,24.129662162162163,0.902439024,0
duop reath,2025,10.204927536956522,0.56097561,0
dwight powell,2025,10.015636363636364,0.670731707,0
dyson daniels,2025,33.83118421052632,0.926829268,0
ej liddell,2025,4.4047222225,0.146341463,0
elfrid payton,2025,21.283541666666668,0.292682927,0
elijah harkless,2025,13.8,0.12195122,0
emanuel miller,2025,4.122222221666667,0.073170732,0
emoni bates,2025,7.478333333,0.12195122,0
enrique freeman,2025,8.236590909090909,0.268292683,0
eric gordon,2025,19.70491453076923,0.475609756,0
evan mobley,2025,30.514859154929574,0.865853659,0
franz wagner,2025,33.72177778333334,0.731707317,0
fred vanvleet,2025,35.18830555,0.731707317,0
gg jackson,2025,15.814310344827586,0.353658537,0
gabe vincent,2025,21.21201388888889,0.87804878,0
garrett temple,2025,8.098869046428572,0.341463415,0
garrison mathews,2025,17.649113474468084,0.573170732,0
gary harris,2025,14.806458333333333,0.585365854,0
gary payton,2025,14.954462366129032,0.756097561,0
gary trent,2025,25.58641891891892,0.902439024,0
georges niang,2025,21.483966240506327,0.963414634,0
giannis antetokounmpo,2025,34.15865671641791,0.817073171,0
goga bitadze,2025,20.420880957142856,0.853658537,0
gradey dick,2025,29.395802462962962,0.658536585,0
grant williams,2025,29.9390625,0.195121951,0
grayson allen,2025,24.120390625,0.780487805,0
guerschon yabusele,2025,27.06766667142857,0.853658537,0
gui santos,2025,13.598630951785713,0.682926829,0
harrison barnes,2025,27.19589430487805,1.0,0
harrison ingram,2025,6.95,0.06097561,0
haywood highsmith,2025,24.571981986486488,0.902439024,0
herbert jones,2025,32.406583335,0.243902439,0
hunter tyson,2025,7.841862745098039,0.62195122,0
immanuel quickley,2025,27.81070706969697,0.402439024,0
isaac jones,2025,7.596583332500001,0.487804878,0
isaac okoro,2025,19.149151509090906,0.670731707,0
isaiah collier,2025,25.9029108028169,0.865853659,0
isaiah crawford,2025,3.0444444446666665,0.182926829,0
isaiah hartenstein,2025,27.888450298245615,0.695121951,0
isaiah jackson,2025,16.776,0.06097561,0
isaiah joe,2025,21.675360364864865,0.902439024,0
isaiah mobley,2025,17.36666667,0.012195122,0
isaiah stevens,2025,1.8499999999999999,0.036585366,0
isaiah stewart,2025,19.914560180555554,0.87804878,0
isaiah wong,2025,13.275166665,0.243902439,0
ivica zubac,2025,32.802208337500005,0.975609756,0
jd davison,2025,5.8071875,0.195121951,0
jt thor,2025,12.465833335000001,0.243902439,0
ja morant,2025,30.382199999999997,0.609756098,0
jakobe walter,2025,21.21605769230769,0.634146341,0
jabari smith,2025,30.09786549122807,0.695121951,0
jabari walker,2025,12.486083333333333,0.731707317,0
jack mcveigh,2025,4.805555555555555,0.109756098,0
jackson rowe,2025,8.621944445,0.073170732,0
jacob toppin,2025,4.420588235294118,0.207317073,0
jaden hardy,2025,15.919970759649122,0.695121951,0
jaden ivey,2025,29.934444443333334,0.365853659,0
jaden mcdaniels,2025,31.883048780487805,1.0,0
jaden springer,2025,8.492441860465117,0.524390244,0
jae crowder,2025,11.417962966666668,0.109756098,0
jaesean tate,2025,11.309807692307693,0.634146341,0
jahlil okafor,2025,3.366666667,0.012195122,0
jahmir young,2025,4.944444445,0.073170732,0
jaime jaquez,2025,20.733030303030304,0.804878049,0
jake laravia,2025,20.44363636363636,0.804878049,0
jakob poeltl,2025,29.574532157894737,0.695121951,0
jalen bridges,2025,3.79666666625,0.097560976,0
jalen brunson,2025,35.39551281538461,0.792682927,0
jalen duren,2025,26.071132474358972,0.951219512,0
jalen green,2025,32.89158536585366,1.0,0
jalen hoodschifino,2025,20.978444446666668,0.182926829,0
jalen johnson,2025,35.67162036111111,0.43902439,0
jalen mcdaniels,2025,1.83375,0.048780488,0
jalen pickett,2025,13.595714285714287,0.597560976,0
jalen smith,2025,15.0372395828125,0.780487805,0
jalen suggs,2025,28.6415238,0.426829268,0
jalen williams,2025,32.41555555072464,0.841463415,0
jalen wilson,2025,25.713755278481013,0.963414634,0
jamal cain,2025,13.562117116216218,0.451219512,0
jamal murray,2025,36.09472637313433,0.817073171,0
jamal shead,2025,19.557666666666666,0.914634146,0
jamaree bouyea,2025,12.34,0.06097561,0
james harden,2025,35.30426160759494,0.963414634,0
james johnson,2025,3.0513888891666667,0.146341463,0
james wiseman,2025,4.633333333,0.012195122,0
jamison battle,2025,17.655564966101696,0.719512195,0
jarace walker,2025,15.821599999999998,0.914634146,0
jared butler,2025,17.39558333333333,0.731707317,0
jared mccain,2025,25.73007246521739,0.280487805,0
jared rhoden,2025,16.15452380714286,0.170731707,0
jaren jackson,2025,29.823671175675674,0.902439024,0
jarred vanderbilt,2025,16.13495370277778,0.43902439,0
jarrett allen,2025,28.00065040243902,1.0,0
javonte green,2025,18.497549014705882,0.829268293,0
jaxson hayes,2025,19.512202374999998,0.682926829,0
jay huff,2025,11.6879947921875,0.780487805,0
jaylen brown,2025,34.25283068253968,0.768292683,0
jaylen clark,2025,13.0498333325,0.487804878,0
jaylen martin,2025,14.91416666875,0.195121951,0
jaylen nowell,2025,21.009375,0.097560976,0
jaylen sims,2025,18.634722216666667,0.073170732,0
jaylen wells,2025,25.866856544303797,0.963414634,0
jaylin williams,2025,16.682021276595744,0.573170732,0
jaylon tyson,2025,9.637446808510639,0.573170732,0
jayson tatum,2025,36.44189815277778,0.87804878,0
jazian gortman,2025,3.538541666875,0.195121951,0
jeff dowtin,2025,15.140731707317073,0.5,0
jeff green,2025,12.388958334375,0.390243902,0
jerami grant,2025,32.416737595744685,0.573170732,0
jeremiah robinsonearl,2025,18.771212121212123,0.804878049,0
jeremy sochan,2025,25.258672833333335,0.658536585,0
jericho sims,2025,11.910283018867924,0.646341463,0
jesse edwards,2025,2.3333333335,0.024390244,0
jett howard,2025,11.685111111666666,0.731707317,0
jevon carter,2025,8.904814813888889,0.43902439,0
jimmy butler,2025,31.74790909090909,0.670731707,0
jock landale,2025,11.90531745952381,0.512195122,0
joe ingles,2025,6.004561405263158,0.231707317,0
joel embiid,2025,30.231228068421053,0.231707317,0
john collins,2025,30.512291675,0.487804878,0
john konchar,2025,12.135289854347826,0.56097561,0
johnny davis,2025,7.107598038235294,0.414634146,0
johnny furphy,2025,7.5899333339999995,0.609756098,0
johnny juzang,2025,19.84109375,0.780487805,0
jonas valanciunas,2025,18.811893,0.987804878,0
jonathan isaac,2025,15.352323943661974,0.865853659,0
jonathan kuminga,2025,24.342127659574466,0.573170732,0
jonathan mogbo,2025,20.40722222222222,0.768292683,0
jordan clarkson,2025,26.012702702702704,0.451219512,0
jordan goodwin,2025,18.70948275862069,0.353658537,0
jordan hawkins,2025,23.580357142857142,0.682926829,0
jordan mclaughlin,2025,6.832101450000001,0.56097561,0
jordan miller,2025,11.35972972972973,0.451219512,0
jordan poole,2025,29.424803926470588,0.829268293,0
jordan walsh,2025,7.750064101923077,0.634146341,0
jose alvarado,2025,24.39107142857143,0.682926829,0
josh christopher,2025,4.953571428571428,0.170731707,0
josh giddey,2025,30.237738099999998,0.853658537,0
josh green,2025,27.757401955882354,0.829268293,0
josh hart,2025,37.62116883116883,0.93902439,0
josh minott,2025,6.005978260869565,0.56097561,0
josh okogie,2025,15.624458332500001,0.487804878,0
josh richardson,2025,18.68625,0.097560976,0
jrue holiday,2025,30.58174730645161,0.756097561,0
julian champagnie,2025,23.562540646341464,1.0,0
julian phillips,2025,14.213987341772151,0.963414634,0
julian strawther,2025,21.284153846153846,0.792682927,0
julius randle,2025,32.25400966666667,0.841463415,0
justin champagnie,2025,21.621505370967743,0.756097561,0
justin edwards,2025,26.243636363636366,0.536585366,0
justin minaya,2025,5.298596489473684,0.231707317,0
jusuf nurkic,2025,20.839738568627453,0.62195122,0
kj martin,2025,21.197635658139536,0.524390244,0
kj simpson,2025,23.39120370277778,0.43902439,0
kai jones,2025,11.70925,0.487804878,0
karlanthony towns,2025,34.95444444444444,0.87804878,0
karlo matkovic,2025,18.823452380952382,0.512195122,0
kawhi leonard,2025,31.89072072972973,0.451219512,0
keaton wallace,2025,16.166666667741936,0.37804878,0
keegan murray,2025,34.34438596052632,0.926829268,0
keion brooks,2025,23.69869047857143,0.170731707,0
kelel ware,2025,22.226354171875,0.780487805,0
keldon johnson,2025,23.87008658441558,0.93902439,0
kelly olynyk,2025,20.249962120454544,0.536585366,0
kelly oubre jr,2025,34.6365,0.731707317,0
kenrich williams,2025,16.399106275362318,0.841463415,0
kentavious caldwellpope,2025,29.59787879220779,0.93902439,0
keon ellis,2025,24.3523958375,0.975609756,0
keon johnson,2025,24.36964135443038,0.963414634,0
keshad johnson,2025,6.1328125,0.195121951,0
kessler edwards,2025,15.211500000000001,0.487804878,0
kevin durant,2025,36.527177419354835,0.756097561,0
kevin huerter,2025,24.333236710144927,0.841463415,0
kevin knox,2025,5.975476190714287,0.170731707,0
kevin love,2025,10.93275362173913,0.280487805,0
kevin mccullar,2025,7.2916666675,0.048780488,0
kevin porter,2025,19.760266666666666,0.914634146,0
kevon looney,2025,15.028355263157895,0.926829268,0
keyonte george,2025,31.469776119402983,0.817073171,0
khris middleton,2025,22.788693694594595,0.451219512,0
killian hayes,2025,27.055555549999998,0.073170732,0
klay thompson,2025,27.285671291666667,0.87804878,0
kobe brown,2025,6.8055,0.487804878,0
kobe bufkin,2025,12.36366667,0.12195122,0
kris dunn,2025,24.093490986486486,0.902439024,0
kris murray,2025,15.078067637681158,0.841463415,0
kristaps porzingis,2025,28.808650785714285,0.512195122,0
kyle anderson,2025,16.42775955737705,0.743902439,0
kyle filipowski,2025,21.1325,0.87804878,0
kyle kuzma,2025,29.791,0.792682927,0
kyle lowry,2025,18.84138095142857,0.426829268,0
kylor kelley,2025,11.450606063636364,0.134146341,0
kyrie irving,2025,36.07593334,0.609756098,0
kyshawn george,2025,26.50269607352941,0.829268293,0
lamelo ball,2025,32.01010638297872,0.573170732,0
lamar stevens,2025,9.149117647058823,0.207317073,0
landry shamet,2025,15.232000000000001,0.609756098,0
larry nance,2025,19.3011111125,0.292682927,0
lauri markkanen,2025,31.400921978723407,0.573170732,0
lebron james,2025,34.92066667142857,0.853658537,0
leonard miller,2025,2.4303846153846154,0.158536585,0
lester quinones,2025,14.105128207692307,0.158536585,0
liam robbins,2025,4.3820512823076925,0.158536585,0
lindy waters,2025,14.969423076923077,0.634146341,0
lonnie walker,2025,23.835166665,0.243902439,0
lonzo ball,2025,22.200857142857142,0.426829268,0
luguentz dort,2025,29.20140845070423,0.865853659,0
luka doncic,2025,35.371,0.609756098,0
luka garza,2025,5.623333333333333,0.475609756,0
luke kennard,2025,22.64141026153846,0.792682927,0
luke kornet,2025,18.644657534246576,0.890243902,0
luke travers,2025,7.321666666666666,0.146341463,0
mac mcclung,2025,5.116666665,0.024390244,0
malachi flynn,2025,10.92,0.048780488,0
malaki branham,2025,9.07563829787234,0.573170732,0
malcolm brogdon,2025,23.503194445833334,0.292682927,0
malevy leons,2025,3.4944444449999996,0.073170732,0
malik beasley,2025,27.840813012195124,1.0,0
malik monk,2025,31.60169230769231,0.792682927,0
marjon beauchamp,2025,4.4651904771428566,0.426829268,0
marcus bagley,2025,25.3155,0.12195122,0
marcus garrett,2025,19.8458333325,0.048780488,0
marcus sasser,2025,14.224327485964912,0.695121951,0
marcus smart,2025,20.01,0.414634146,0
mark williams,2025,26.614659090909093,0.536585366,0
markelle fultz,2025,8.764682538095238,0.256097561,0
markieff morris,2025,10.96222222,0.182926829,0
marvin bagley,2025,8.555698925806452,0.37804878,0
mason jones,2025,4.539166667,0.12195122,0
mason plumlee,2025,17.568175675675676,0.902439024,0
matas buzelis,2025,18.8911875,0.975609756,0
matisse thybulle,2025,20.81877778,0.182926829,0
matt ryan,2025,3.5695614036842103,0.231707317,0
max christie,2025,27.27104701282051,0.951219512,0
max strus,2025,25.4545,0.609756098,0
maxi kleber,2025,18.731617647058822,0.414634146,0
maxwell lewis,2025,11.703154760714286,0.341463415,0
micah potter,2025,18.556973684210526,0.463414634,0
michael porter,2025,33.67874458441558,0.93902439,0
mikal bridges,2025,37.025325207317074,1.0,0
mike conley,2025,24.730281690140846,0.865853659,0
miles bridges,2025,31.698984375,0.780487805,0
miles mcbride,2025,24.897734375,0.780487805,0
miles norris,2025,11.638888889999999,0.036585366,0
mitchell robinson,2025,17.066078429411764,0.207317073,0
mo bamba,2025,12.92140625,0.390243902,0
monte morris,2025,12.683777777777777,0.548780488,0
moritz wagner,2025,18.80522222333333,0.365853659,0
moses brown,2025,9.121282053846155,0.158536585,0
moses moody,2025,22.285810810810812,0.902439024,0
mouhamed gueye,2025,16.144141415151516,0.402439024,0
moussa diabate,2025,17.473708915492956,0.865853659,0
myles turner,2025,30.18939815277778,0.87804878,0
nfaly dante,2025,12.6541666675,0.048780488,0
naeqwan tomlin,2025,12.68,0.06097561,0
naji marshall,2025,27.81280192753623,0.841463415,0
nate williams,2025,7.331,0.243902439,0
naz reid,2025,27.501458337499997,0.975609756,0
neemias queta,2025,13.920806451612904,0.756097561,0
nic claxton,2025,26.881880957142858,0.853658537,0
nick richards,2025,22.03900584210526,0.695121951,0
nick smith,2025,22.812444449999997,0.731707317,0
nickeil alexanderwalker,2025,25.281727646341462,1.0,0
nicolas batum,2025,17.530427346153846,0.951219512,0
nikola jokic,2025,36.72521428571429,0.853658537,0
nikola jovic,2025,25.123405804347826,0.56097561,0
nikola vucevic,2025,31.208904109589042,0.890243902,0
noah clowney,2025,22.65840580434783,0.56097561,0
norman powell,2025,32.63313888333333,0.731707317,0
og anunoby,2025,36.564549554054054,0.902439024,0
obi toppin,2025,19.554620253164558,0.963414634,0
ochai agbaji,2025,27.16671875,0.780487805,0
oliviermaxence prosper,2025,11.232115384615385,0.634146341,0
onyeka okongwu,2025,27.89090090540541,0.902439024,0
orlando robinson,2025,17.495492425000002,0.536585366,0
oscar tshiebwe,2025,18.226666664285712,0.170731707,0
oshae brissett,2025,23.706944449999998,0.073170732,0
oso ighodaro,2025,17.140081967213117,0.743902439,0
ousmane dieng,2025,10.941666667567569,0.451219512,0
pj tucker,2025,19.289444443333334,0.036585366,0
pj washington,2025,32.19049707017544,0.695121951,0
p j dozier,2025,3.8796296299999997,0.109756098,0
pj hall,2025,3.4833333331578946,0.231707317,0
pacome dadiet,2025,6.176574072222222,0.219512195,0
paolo banchero,2025,34.38108695652174,0.56097561,0
pascal siakam,2025,32.66478632051282,0.951219512,0
pat connaughton,2025,14.703089431707317,0.5,0
pat spencer,2025,6.400299146153846,0.475609756,0
patrick baldwin,2025,4.447847220833333,0.292682927,0
patrick williams,2025,25.021058206349206,0.768292683,0
patty mills,2025,11.05706896551724,0.353658537,0
paul george,2025,32.526666658536584,0.5,0
paul reed,2025,9.723037037777779,0.548780488,0
payton pritchard,2025,28.3859375,0.975609756,0
pelle larsson,2025,14.217212121818182,0.670731707,0
pete nance,2025,10.628205130769231,0.158536585,0
peyton watson,2025,24.34894607352941,0.829268293,0
phillip wheeler,2025,8.879333334,0.06097561,0
precious achiuwa,2025,20.519532157894737,0.695121951,0
quentin grimes,2025,26.8412,0.914634146,0
quenton jackson,2025,13.608511903571427,0.341463415,0
quincy olivari,2025,5.15,0.024390244,0
quinten post,2025,16.327539683333335,0.512195122,0
rj barrett,2025,32.22074712068966,0.707317073,0
rayj dennis,2025,6.398484848181818,0.134146341,0
rayan rupert,2025,8.83733974423077,0.634146341,0
reece beekman,2025,13.036203702777778,0.43902439,0
reed sheppard,2025,12.583685898076924,0.634146341,0
reggie jackson,2025,12.386827958064517,0.37804878,0
richaun holmes,2025,17.23016129032258,0.37804878,0
ricky council,2025,17.123493150684933,0.890243902,0
riley minix,2025,6.75,0.012195122,0
rob dillingham,2025,10.530102040816328,0.597560976,0
robert williams,2025,17.566499999999998,0.243902439,0
ron harper,2025,17.0,0.012195122,0
ronald holland,2025,15.633600827160492,0.987804878,0
royce oneale,2025,24.49164444,0.914634146,0
rudy gobert,2025,33.17254629166667,0.87804878,0
rui hachimura,2025,31.675,0.719512195,0
russell westbrook,2025,27.897222226666667,0.914634146,0
ryan dunn,2025,19.05968468918919,0.902439024,0
ryan rollins,2025,14.634375,0.682926829,0
sam hauser,2025,21.70610328169014,0.865853659,0
sam merrill,2025,19.736361507042254,0.865853659,0
sandro mamukelashvili,2025,11.167349726229508,0.743902439,0
santi aldama,2025,25.53305127692308,0.792682927,0
scoot henderson,2025,26.652601015151514,0.804878049,0
scottie barnes,2025,32.83276923076923,0.792682927,0
scotty pippen,2025,21.30227848101266,0.963414634,0
seth curry,2025,15.617009808823529,0.829268293,0
shaedon sharpe,2025,31.28236111111111,0.87804878,0
shai gilgeousalexander,2025,34.17934210526316,0.926829268,0
shake milton,2025,14.671520468421052,0.695121951,0
sidy cissoko,2025,5.2028787863636365,0.268292683,0
simone fontecchio,2025,16.489088893333335,0.914634146,0
skal labissiere,2025,2.99,0.048780488,0
spencer dinwiddie,2025,27.039050632911394,0.963414634,0
spencer jones,2025,6.23125,0.243902439,0
stanley umude,2025,3.898939394090909,0.268292683,0
stephen curry,2025,32.17785714285714,0.853658537,0
stephon castle,2025,26.691625518518517,0.987804878,0
steven adams,2025,13.690804598275863,0.707317073,0
svi mykhailiuk,2025,20.00807017631579,0.463414634,0
tj mcconnell,2025,17.91687763291139,0.963414634,0
taj gibson,2025,11.05,0.451219512,0
talen hortontucker,2025,12.477500000000001,0.707317073,0
tari eason,2025,24.91567250877193,0.695121951,0
taurean prince,2025,27.07325,0.975609756,0
taylor hendricks,2025,24.838888890000003,0.036585366,0
taze moore,2025,9.925,0.024390244,0
terance mann,2025,21.10820895522388,0.817073171,0
terence davis,2025,7.883333333,0.012195122,0
terrence shannon,2025,10.588385415625,0.390243902,0
terry rozier,2025,25.9096875,0.780487805,0
terry taylor,2025,2.111111111,0.036585366,0
thomas bryant,2025,14.591161616666666,0.804878049,0
tidjane salaun,2025,20.73922221666667,0.731707317,0
tim hardaway,2025,27.958376623376623,0.93902439,0
tobias harris,2025,31.581004561643834,0.890243902,0
tolu smith,2025,22.35,0.012195122,0
tony bradley,2025,8.052738092857142,0.170731707,0
torrey craig,2025,12.074871796153845,0.317073171,0
tosan evbuomwan,2025,23.7475,0.341463415,0
toumani camara,2025,32.66732906410257,0.951219512,0
trae young,2025,36.040263157894735,0.926829268,0
trayce jacksondavis,2025,15.593333333870968,0.756097561,0
tre jones,2025,19.673297102173912,0.56097561,0
tre mann,2025,24.541923076923077,0.158536585,0
trendon watford,2025,20.742651515909092,0.536585366,0
trentyn flowers,2025,4.4191666666666665,0.073170732,0
trevelin queen,2025,13.879999999999999,0.37804878,0
trey alexander,2025,4.8842361125,0.292682927,0
trey jemison,2025,10.316403507894737,0.463414634,0
trey lyles,2025,19.558285028985505,0.841463415,0
trey murphy,2025,34.98547169811321,0.646341463,0
tristan thompson,2025,8.20425,0.487804878,0
tristan vukcevic,2025,14.643142857142857,0.426829268,0
tristan da silva,2025,22.00826577027027,0.902439024,0
tristen newton,2025,2.018125,0.097560976,0
ty jerome,2025,19.891428571428573,0.853658537,0
tyty washington,2025,7.39677083125,0.195121951,0
tyler herro,2025,35.39064935064935,0.93902439,0
tyler kolek,2025,7.22321138292683,0.5,0
tyler smith,2025,5.2857971,0.280487805,0
tyrese haliburton,2025,33.5670091369863,0.890243902,0
tyrese martin,2025,21.922,0.731707317,0
tyrese maxey,2025,37.69605769230769,0.634146341,0
tyson etienne,2025,21.583095242857144,0.085365854,0
tyus jones,2025,26.83353909876543,0.987804878,0
ulrich chomche,2025,4.596428571428571,0.085365854,0
vasilije micic,2025,19.1441056902439,0.5,0
victor wembanyama,2025,33.20115941304348,0.56097561,0
vince williams,2025,18.46469135925926,0.329268293,0
vlatko cancar,2025,10.44833333076923,0.158536585,0
vit krejci,2025,20.22160819298246,0.695121951,0
walker kessler,2025,30.00551724137931,0.707317073,0
wendell carter,2025,25.85688725,0.829268293,0
wendell moore,2025,13.858796297222222,0.43902439,0
xavier tillman,2025,6.997070706060606,0.402439024,0
yuki kawamura,2025,4.212121212272727,0.268292683,0
yuri collins,2025,8.15,0.024390244,0
yves missi,2025,26.791643835616437,0.890243902,0
zaccharie risacher,2025,24.578488893333333,0.914634146,0
zach collins,2025,15.2665625,0.780487805,0
zach edey,2025,21.45098484848485,0.804878049,0
zach lavine,2025,35.16864864864865,0.902439024,0
zeke nnaji,2025,10.666081871929824,0.695121951,0
ziaire williams,2025,24.46671957142857,0.768292683,0
zion williamson,2025,28.575888889999998,0.365853659,0
zyon pullin,2025,0.8672222223333333,0.036585366,0
