Player,year,YRS,is_retained,age,has_playoff_exp,Cap_Pct,2P%_reg,2PA_reg,2P_reg,3P%_reg,3PA_reg,3PAr_reg,3P_reg,AST%_reg,AST_reg,BLK%_reg,BLK_reg,BPM_reg,DBPM_reg,DRB%_reg,DRB_reg,DWS_reg,FG%_reg,FGA_reg,FG_reg,FT%_reg,FTA_reg,FT_reg,FTr_reg,GS_reg,G_reg,MP_reg,OBPM_reg,ORB%_reg,ORB_reg,OWS_reg,PER_reg,PF_reg,PTS_reg,STL%_reg,STL_reg,TOV%_reg,TOV_reg,TRB%_reg,TRB_reg,TS%_reg,USG%_reg,VORP_reg,WS/48_reg,WS_reg,eFG%_reg,2P%_playoff,2PA_playoff,2P_playoff,3P%_playoff,3PA_playoff,3PAr_playoff,3P_playoff,AST%_playoff,AST_playoff,BLK%_playoff,BLK_playoff,BPM_playoff,DBPM_playoff,DRB%_playoff,DRB_playoff,DWS_playoff,FG%_playoff,FGA_playoff,FG_playoff,FT%_playoff,FTA_playoff,FT_playoff,FTr_playoff,GS_playoff,G_playoff,MP_playoff,OBPM_playoff,ORB%_playoff,ORB_playoff,OWS_playoff,PER_playoff,PF_playoff,PTS_playoff,STL%_playoff,STL_playoff,TOV%_playoff,TOV_playoff,TRB%_playoff,TRB_playoff,TS%_playoff,USG%_playoff,VORP_playoff,WS/48_playoff,WS_playoff,eFG%_playoff
stephen curry,2017,5,1,28.0,1,0.35,0.5439,8.59,4.65,0.4303,9.98,0.5361,4.3,33.43,6.85,0.47,0.2,9.0,0.9700000000000001,12.06,3.95,4.0,0.48260000000000003,18.57,8.95,0.9042,4.67,4.21,0.25070000000000003,79.2,79.2,33.5,8.08,2.7,0.81,10.79,27.35,2.15,26.439999999999998,2.8,1.9300000000000002,13.23,3.11,7.629999999999999,4.73,0.6403000000000001,30.61,7.38,0.2675,14.809999999999999,0.5978,0.5264,8.42,4.42,0.4151,10.55,0.5569,4.36,28.77,6.19,0.52,0.21000000000000002,8.71,1.04,13.71,4.66,1.0,0.4646,19.02,8.809999999999999,0.8937999999999999,5.83,5.2299999999999995,0.3087,17.8,18.1,35.79,7.67,3.39,1.09,2.08,25.14,2.2,27.240000000000002,2.46,1.8,14.77,3.74,8.74,5.75,0.6318,30.830000000000002,1.7600000000000002,0.2272,3.05,0.5797
blake griffin,2017,5,1,27.0,0,0.3,0.509,15.399999999999999,7.800000000000001,0.3479,1.18,0.0714,0.38,25.65,4.98,1.02,0.45,4.5,0.62,20.369999999999997,6.359999999999999,2.16,0.4966,16.53,8.25,0.7437,6.380000000000001,4.720000000000001,0.3882,54.4,54.4,34.06,3.88,5.76,1.73,4.68,22.490000000000002,2.6900000000000004,21.6,1.3399999999999999,0.8700000000000001,10.73,2.33,13.23,8.09,0.5579000000000001,28.619999999999997,3.04,0.1729,6.79,0.5089,0.509,15.399999999999999,7.800000000000001,0.3479,1.18,0.0714,0.38,25.65,4.98,1.02,0.45,4.5,0.62,20.369999999999997,6.359999999999999,2.16,0.4966,16.53,8.25,0.7437,6.380000000000001,4.720000000000001,0.3882,54.4,54.4,34.06,3.88,5.76,1.73,4.68,22.490000000000002,2.6900000000000004,21.6,1.3399999999999999,0.8700000000000001,10.73,2.33,13.23,8.09,0.5579000000000001,28.619999999999997,3.04,0.1729,6.79,0.5089
gordon hayward,2017,4,0,26.0,0,0.3,0.49229999999999996,10.32,5.07,0.3765,4.9399999999999995,0.3251,1.86,18.9,3.68,0.72,0.32,4.08,0.41000000000000003,14.55,4.45,3.25,0.45439999999999997,15.260000000000002,6.98,0.8315999999999999,5.97,4.95,0.3896,75.7,75.7,34.99,3.7199999999999998,2.38,0.73,6.359999999999999,20.630000000000003,1.83,20.72,1.7000000000000002,1.14,11.21,2.24,8.54,5.18,0.5786,26.75,4.04,0.1754,9.61,0.5159,0.49229999999999996,10.32,5.07,0.3765,4.9399999999999995,0.3251,1.86,18.9,3.68,0.72,0.32,4.08,0.41000000000000003,14.55,4.45,3.25,0.45439999999999997,15.260000000000002,6.98,0.8315999999999999,5.97,4.95,0.3896,75.7,75.7,34.99,3.7199999999999998,2.38,0.73,6.359999999999999,20.630000000000003,1.83,20.72,1.7000000000000002,1.14,11.21,2.24,8.54,5.18,0.5786,26.75,4.04,0.1754,9.61,0.5159
jrue holiday,2017,5,1,26.0,0,0.2592,0.48619999999999997,9.67,4.74,0.3544,3.98,0.2912,1.4,36.120000000000005,6.83,1.36,0.5599999999999999,1.8399999999999999,-0.01999999999999999,10.25,2.95,1.8800000000000001,0.44789999999999996,13.65,6.09,0.7778999999999999,2.62,2.06,0.19169999999999998,44.8,61.0,31.330000000000002,1.81,2.14,0.63,1.77,18.22,2.25,15.7,2.3200000000000003,1.49,15.31,2.69,6.15,3.5300000000000002,0.5291,25.04,1.79,0.0935,3.6,0.4991,0.48619999999999997,9.67,4.74,0.3544,3.98,0.2912,1.4,36.120000000000005,6.83,1.36,0.5599999999999999,1.8399999999999999,-0.01999999999999999,10.25,2.95,1.8800000000000001,0.44789999999999996,13.65,6.09,0.7778999999999999,2.62,2.06,0.19169999999999998,44.8,61.0,31.330000000000002,1.81,2.14,0.63,1.77,18.22,2.25,15.7,2.3200000000000003,1.49,15.31,2.69,6.15,3.5300000000000002,0.5291,25.04,1.79,0.0935,3.6,0.4991
otto porter,2017,4,0,23.0,0,0.25,0.5469999999999999,5.48,2.9899999999999998,0.39449999999999996,3.51,0.37729999999999997,1.44,7.08,1.4100000000000001,1.32,0.45,1.88,0.81,15.28,4.07,2.67,0.4899,8.94,4.43,0.7889999999999999,1.48,1.15,0.16720000000000002,64.5,77.3,29.27,1.0699999999999998,5.08,1.32,4.3,15.32,2.12,11.379999999999999,2.08,1.29,7.12,0.71,10.17,5.36,0.5878,15.43,2.41,0.1406,6.92,0.5652999999999999,0.5469999999999999,5.48,2.9899999999999998,0.39449999999999996,3.51,0.37729999999999997,1.44,7.08,1.4100000000000001,1.32,0.45,1.88,0.81,15.28,4.07,2.67,0.4899,8.94,4.43,0.7889999999999999,1.48,1.15,0.16720000000000002,64.5,77.3,29.27,1.0699999999999998,5.08,1.32,4.3,15.32,2.12,11.379999999999999,2.08,1.29,7.12,0.71,10.17,5.36,0.5878,15.43,2.41,0.1406,6.92,0.5652999999999999
kyle lowry,2017,3,1,30.0,0,0.2897,0.4887,8.16,3.9799999999999995,0.39,7.15,0.4671,2.8200000000000003,30.4,6.78,0.73,0.31,5.39,0.51,12.31,3.98,2.66,0.4425,15.31,6.75,0.8144,5.869999999999999,4.78,0.38180000000000003,67.1,67.1,36.7,4.949999999999999,2.38,0.77,7.32,21.97,2.81,21.119999999999997,2.33,1.7000000000000002,13.57,2.8200000000000003,7.35,4.75,0.5903,25.36,4.63,0.195,9.95,0.5345,0.4887,8.16,3.9799999999999995,0.39,7.15,0.4671,2.8200000000000003,30.4,6.78,0.73,0.31,5.39,0.51,12.31,3.98,2.66,0.4425,15.31,6.75,0.8144,5.869999999999999,4.78,0.38180000000000003,67.1,67.1,36.7,4.949999999999999,2.38,0.77,7.32,21.97,2.81,21.119999999999997,2.33,1.7000000000000002,13.57,2.8200000000000003,7.35,4.75,0.5903,25.36,4.63,0.195,9.95,0.5345
tim hardaway,2017,4,0,24.0,0,0.1664999999999999,0.5178,4.91,2.55,0.3477,4.51,0.48930000000000007,1.56,12.52,1.81,0.6199999999999999,0.17,-0.58,-0.74,9.73,2.07,1.35,0.4343,9.35,4.109999999999999,0.8110999999999999,2.12,1.71,0.2244,21.3,68.8,23.520000000000003,0.20999999999999996,1.33,0.27,1.7800000000000002,13.53,1.2600000000000002,11.47,1.13,0.53,8.870000000000001,1.04,5.550000000000001,2.35,0.5552999999999999,20.87,0.7,0.0896,3.13,0.5196000000000001,0.5178,4.91,2.55,0.3477,4.51,0.48930000000000007,1.56,12.52,1.81,0.6199999999999999,0.17,-0.58,-0.74,9.73,2.07,1.35,0.4343,9.35,4.109999999999999,0.8110999999999999,2.12,1.71,0.2244,21.3,68.8,23.520000000000003,0.20999999999999996,1.33,0.27,1.7800000000000002,13.53,1.2600000000000002,11.47,1.13,0.53,8.870000000000001,1.04,5.550000000000001,2.35,0.5552999999999999,20.87,0.7,0.0896,3.13,0.5196000000000001
serge ibaka,2017,3,1,27.0,0,0.2025,0.5192,8.66,4.5,0.3685,3.3600000000000003,0.2773,1.28,4.609999999999999,0.8700000000000001,4.609999999999999,1.8499999999999999,0.05000000000000003,-0.06999999999999998,17.98,5.24,2.74,0.4789,11.99,5.75,0.8208,1.62,1.3399999999999999,0.1332,75.7,75.7,31.6,0.12000000000000002,6.2,1.7600000000000002,2.58,15.69,2.7600000000000002,14.040000000000001,0.78,0.5,9.83,1.37,12.1,7.0,0.5527,19.509999999999998,1.1600000000000001,0.10740000000000001,5.319999999999999,0.5304,0.5192,8.66,4.5,0.3685,3.3600000000000003,0.2773,1.28,4.609999999999999,0.8700000000000001,4.609999999999999,1.8499999999999999,0.05000000000000003,-0.06999999999999998,17.98,5.24,2.74,0.4789,11.99,5.75,0.8208,1.62,1.3399999999999999,0.1332,75.7,75.7,31.6,0.12000000000000002,6.2,1.7600000000000002,2.58,15.69,2.7600000000000002,14.040000000000001,0.78,0.5,9.83,1.37,12.1,7.0,0.5527,19.509999999999998,1.1600000000000001,0.10740000000000001,5.319999999999999,0.5304
danilo gallinari,2017,3,0,28.0,0,0.2075,0.4663,6.91,3.21,0.3747,4.92,0.4243,1.84,9.969999999999999,2.08,0.71,0.28,1.99,-0.95,14.49,4.18,0.8200000000000001,0.42669999999999997,11.829999999999998,5.050000000000001,0.8904000000000001,6.1499999999999995,5.46,0.5103,52.8,59.2,32.2,2.94,2.3899999999999997,0.7,5.35,17.759999999999998,1.55,17.43,1.1,0.7,8.1,1.2999999999999998,8.41,4.93,0.5982,21.2,1.9300000000000002,0.1529,6.07,0.5063,0.4663,6.91,3.21,0.3747,4.92,0.4243,1.84,9.969999999999999,2.08,0.71,0.28,1.99,-0.95,14.49,4.18,0.8200000000000001,0.42669999999999997,11.829999999999998,5.050000000000001,0.8904000000000001,6.1499999999999995,5.46,0.5103,52.8,59.2,32.2,2.94,2.3899999999999997,0.7,5.35,17.759999999999998,1.55,17.43,1.1,0.7,8.1,1.2999999999999998,8.41,4.93,0.5982,21.2,1.9300000000000002,0.1529,6.07,0.5063
paul millsap,2017,2,0,31.0,0,0.3105,0.4992,10.350000000000001,5.14,0.3224,3.22,0.2358,1.04,16.95,3.46,2.8599999999999994,1.1400000000000001,2.99,1.8000000000000003,20.2,6.21,4.56,0.4572,13.55,6.18,0.7625,5.37,4.09,0.39580000000000004,72.4,73.4,33.35,1.19,6.550000000000001,1.9000000000000001,3.33,19.34,2.7800000000000002,17.52,2.3200000000000003,1.5500000000000003,12.7,2.33,13.5,8.11,0.5508,24.25,3.09,0.15410000000000001,7.89,0.4956,0.4992,10.350000000000001,5.14,0.3224,3.22,0.2358,1.04,16.95,3.46,2.8599999999999994,1.1400000000000001,2.99,1.8000000000000003,20.2,6.21,4.56,0.4572,13.55,6.18,0.7625,5.37,4.09,0.39580000000000004,72.4,73.4,33.35,1.19,6.550000000000001,1.9000000000000001,3.33,19.34,2.7800000000000002,17.52,2.3200000000000003,1.5500000000000003,12.7,2.33,13.5,8.11,0.5508,24.25,3.09,0.15410000000000001,7.89,0.4956
george hill,2017,3,0,30.0,0,0.2018,0.5101,7.109999999999999,3.67,0.39549999999999996,4.5600000000000005,0.3917,1.78,22.33,4.17,0.63,0.22,3.17,0.85,11.0,3.13,2.1100000000000003,0.4662,11.68,5.45,0.7865,3.26,2.5700000000000003,0.27580000000000005,53.599999999999994,55.3,31.880000000000003,2.35,2.09,0.61,3.7600000000000002,17.91,2.27,15.3,1.69,1.03,10.84,1.5899999999999999,6.609999999999999,3.74,0.5818,21.25,2.12,0.16699999999999998,5.890000000000001,0.5436000000000001,0.5101,7.109999999999999,3.67,0.39549999999999996,4.5600000000000005,0.3917,1.78,22.33,4.17,0.63,0.22,3.17,0.85,11.0,3.13,2.1100000000000003,0.4662,11.68,5.45,0.7865,3.26,2.5700000000000003,0.27580000000000005,53.599999999999994,55.3,31.880000000000003,2.35,2.09,0.61,3.7600000000000002,17.91,2.27,15.3,1.69,1.03,10.84,1.5899999999999999,6.609999999999999,3.74,0.5818,21.25,2.12,0.16699999999999998,5.890000000000001,0.5436000000000001
jeff teague,2017,3,0,28.0,0,0.1917,0.4729,8.56,4.049999999999999,0.3674,3.16,0.2682,1.17,36.099999999999994,7.07,1.03,0.37,2.0700000000000003,-0.05,10.32,2.91,2.66,0.4447,11.739999999999998,5.22,0.857,4.6,3.95,0.3953,78.8,79.3,30.849999999999998,2.1399999999999997,1.5,0.4,4.6899999999999995,19.089999999999996,2.01,15.540000000000001,2.16,1.2999999999999998,16.43,2.7,6.0,3.31,0.5654999999999999,24.090000000000003,2.53,0.1437,7.359999999999999,0.4945,0.4729,8.56,4.049999999999999,0.3674,3.16,0.2682,1.17,36.099999999999994,7.07,1.03,0.37,2.0700000000000003,-0.05,10.32,2.91,2.66,0.4447,11.739999999999998,5.22,0.857,4.6,3.95,0.3953,78.8,79.3,30.849999999999998,2.1399999999999997,1.5,0.4,4.6899999999999995,19.089999999999996,2.01,15.540000000000001,2.16,1.2999999999999998,16.43,2.7,6.0,3.31,0.5654999999999999,24.090000000000003,2.53,0.1437,7.359999999999999,0.4945
joe ingles,2017,4,1,29.0,0,0.1427,0.4934,1.73,0.8300000000000001,0.4075,3.0,0.6403,1.23,15.59,2.17,0.33999999999999997,0.07,0.6200000000000001,1.8499999999999999,12.620000000000001,2.31,2.3,0.43679999999999997,4.73,2.08,0.7341,0.56,0.44,0.1167,20.0,81.1,20.83,-1.23,1.54,0.27,1.31,11.21,1.6800000000000002,5.81,2.45,0.99,18.65,1.13,7.13,2.6100000000000003,0.5802,13.58,1.17,0.1006,3.63,0.5673999999999999,0.4934,1.73,0.8300000000000001,0.4075,3.0,0.6403,1.23,15.59,2.17,0.33999999999999997,0.07,0.6200000000000001,1.8499999999999999,12.620000000000001,2.31,2.3,0.43679999999999997,4.73,2.08,0.7341,0.56,0.44,0.1167,20.0,81.1,20.83,-1.23,1.54,0.27,1.31,11.21,1.6800000000000002,5.81,2.45,0.99,18.65,1.13,7.13,2.6100000000000003,0.5802,13.58,1.17,0.1006,3.63,0.5673999999999999
dion waiters,2017,4,1,25.0,0,0.111,0.4315,8.41,3.66,0.3643,3.9000000000000004,0.31600000000000006,1.4100000000000001,17.28,3.15,0.8600000000000001,0.32,-1.55,-0.48000000000000004,9.33,2.46,1.6300000000000001,0.41090000000000004,12.29,5.07,0.6729,2.44,1.62,0.199,30.6,62.4,28.85,-1.07,1.69,0.45,0.07,12.25,1.9700000000000002,13.200000000000001,1.74,0.97,12.27,1.83,5.539999999999999,2.91,0.4931,22.96,0.08999999999999997,0.0473,1.6500000000000001,0.46900000000000003,0.4315,8.41,3.66,0.3643,3.9000000000000004,0.31600000000000006,1.4100000000000001,17.28,3.15,0.8600000000000001,0.32,-1.55,-0.48000000000000004,9.33,2.46,1.6300000000000001,0.41090000000000004,12.29,5.07,0.6729,2.44,1.62,0.199,30.6,62.4,28.85,-1.07,1.69,0.45,0.07,12.25,1.9700000000000002,13.200000000000001,1.74,0.97,12.27,1.83,5.539999999999999,2.91,0.4931,22.96,0.08999999999999997,0.0473,1.6500000000000001,0.46900000000000003
kevin durant,2017,2,1,28.0,0,0.2523,0.5876999999999999,11.780000000000001,6.91,0.3842,5.6899999999999995,0.3244,2.21,23.25,4.72,3.09,1.34,9.420000000000002,1.86,22.080000000000002,7.279999999999999,3.25,0.522,17.47,9.120000000000001,0.8776999999999999,6.43,5.640000000000001,0.3685,58.0,58.0,34.2,7.59,2.08,0.6,8.059999999999999,27.78,1.8199999999999998,26.09,1.4,1.03,11.65,2.6900000000000004,12.6,7.93,0.6423000000000001,28.9,5.75,0.27040000000000003,11.309999999999999,0.5845,0.5876999999999999,11.780000000000001,6.91,0.3842,5.6899999999999995,0.3244,2.21,23.25,4.72,3.09,1.34,9.420000000000002,1.86,22.080000000000002,7.279999999999999,3.25,0.522,17.47,9.120000000000001,0.8776999999999999,6.43,5.640000000000001,0.3685,58.0,58.0,34.2,7.59,2.08,0.6,8.059999999999999,27.78,1.8199999999999998,26.09,1.4,1.03,11.65,2.6900000000000004,12.6,7.93,0.6423000000000001,28.9,5.75,0.27040000000000003,11.309999999999999,0.5845
kelly olynyk,2017,4,0,25.0,0,0.1211999999999999,0.5574,4.7,2.62,0.36829999999999996,2.74,0.36860000000000004,1.01,13.61,1.79,1.71,0.47000000000000003,0.7999999999999999,0.72,18.509999999999998,3.46,1.97,0.48750000000000004,7.49,3.64,0.7278,1.79,1.3199999999999998,0.2416,8.0,71.0,20.75,0.11000000000000001,5.67,1.08,2.0300000000000002,15.72,2.78,9.56,1.7,0.74,13.4,1.2800000000000002,12.099999999999998,4.57,0.5814,19.990000000000002,1.03,0.1298,3.9999999999999996,0.5554,0.5574,4.7,2.62,0.36829999999999996,2.74,0.36860000000000004,1.01,13.61,1.79,1.71,0.47000000000000003,0.7999999999999999,0.72,18.509999999999998,3.46,1.97,0.48750000000000004,7.49,3.64,0.7278,1.79,1.3199999999999998,0.2416,8.0,71.0,20.75,0.11000000000000001,5.67,1.08,2.0300000000000002,15.72,2.78,9.56,1.7,0.74,13.4,1.2800000000000002,12.099999999999998,4.57,0.5814,19.990000000000002,1.03,0.1298,3.9999999999999996,0.5554
pau gasol,2017,3,1,36.0,0,0.1614999999999999,0.4894,10.65,5.25,0.4658,1.1600000000000001,0.1113,0.5800000000000001,16.740000000000002,2.92,3.96,1.53,4.17,1.56,27.53,7.57,3.5999999999999996,0.4905,11.8,5.76,0.7517,3.59,2.7199999999999998,0.30289999999999995,56.7,69.2,29.119999999999997,2.6900000000000004,7.829999999999999,2.07,3.81,21.15,1.8599999999999999,14.850000000000001,0.77,0.44,11.280000000000001,1.7399999999999998,17.88,9.56,0.5577000000000001,22.97,3.19,0.1771,7.41,0.5183,0.4894,10.65,5.25,0.4658,1.1600000000000001,0.1113,0.5800000000000001,16.740000000000002,2.92,3.96,1.53,4.17,1.56,27.53,7.57,3.5999999999999996,0.4905,11.8,5.76,0.7517,3.59,2.7199999999999998,0.30289999999999995,56.7,69.2,29.119999999999997,2.6900000000000004,7.829999999999999,2.07,3.81,21.15,1.8599999999999999,14.850000000000001,0.77,0.44,11.280000000000001,1.7399999999999998,17.88,9.56,0.5577000000000001,22.97,3.19,0.1771,7.41,0.5183
andre iguodala,2017,3,1,33.0,1,0.1495,0.6071,3.2800000000000002,1.97,0.35609999999999997,2.4299999999999997,0.4243,0.8400000000000001,16.16,3.3200000000000003,1.17,0.4,1.76,1.52,12.43,3.17,2.6399999999999997,0.5006,5.74,2.8600000000000003,0.6564,1.34,0.8700000000000001,0.2368,0.3,72.9,26.509999999999998,0.26,3.0,0.71,3.1999999999999997,13.27,1.3900000000000001,7.46,1.92,1.07,13.27,0.9800000000000001,7.95,3.86,0.5921000000000001,11.89,1.8699999999999999,0.14350000000000002,5.79,0.5761000000000001,0.5992999999999999,3.92,2.3600000000000003,0.2813,2.89,0.42279999999999995,0.83,16.33,3.46,1.18,0.38,1.8499999999999999,1.75,12.3,3.3600000000000003,0.71,0.46509999999999996,6.8100000000000005,3.2199999999999998,0.5398000000000001,2.14,1.1,0.3089,1.5,19.4,28.740000000000002,0.09999999999999998,3.31,0.9099999999999999,0.8099999999999999,12.469999999999999,1.75,8.35,1.77,1.05,10.81,0.94,8.040000000000001,4.27,0.5336000000000001,13.25,0.6,0.1234,1.52,0.5246999999999999
patty mills,2017,4,1,28.0,0,0.1081,0.46349999999999997,3.33,1.57,0.39039999999999997,4.12,0.5513,1.5899999999999999,21.560000000000002,2.9299999999999997,0.18,0.03,1.19,0.27,7.81,1.45,2.06,0.42369999999999997,7.5,3.16,0.8205,0.87,0.7,0.1168,4.9,74.5,20.24,0.94,1.97,0.32,2.23,14.58,1.31,8.68,1.85,0.71,11.66,1.06,4.98,1.8,0.5505,20.08,1.33,0.1286,4.27,0.5311,0.46349999999999997,3.33,1.57,0.39039999999999997,4.12,0.5513,1.5899999999999999,21.560000000000002,2.9299999999999997,0.18,0.03,1.19,0.27,7.81,1.45,2.06,0.42369999999999997,7.5,3.16,0.8205,0.87,0.7,0.1168,4.9,74.5,20.24,0.94,1.97,0.32,2.23,14.58,1.31,8.68,1.85,0.71,11.66,1.06,4.98,1.8,0.5505,20.08,1.33,0.1286,4.27,0.5311
tony snell,2017,4,1,25.0,0,0.0991,0.4868,2.5,1.2200000000000002,0.3855,3.46,0.5713,1.37,6.38,1.08,0.6699999999999999,0.23,-2.33,-0.52,12.02,2.6399999999999997,1.19,0.4249,6.029999999999999,2.59,0.8377000000000001,0.66,0.5700000000000001,0.1122,54.3,73.6,24.61,-1.81,1.53,0.32,1.1400000000000001,8.809999999999999,1.52,7.04,1.02,0.52,10.4,0.73,6.890000000000001,2.96,0.5549,12.98,-0.03999999999999998,0.0567,2.3,0.5356,0.4868,2.5,1.2200000000000002,0.3855,3.46,0.5713,1.37,6.38,1.08,0.6699999999999999,0.23,-2.33,-0.52,12.02,2.6399999999999997,1.19,0.4249,6.029999999999999,2.59,0.8377000000000001,0.66,0.5700000000000001,0.1122,54.3,73.6,24.61,-1.81,1.53,0.32,1.1400000000000001,8.809999999999999,1.52,7.04,1.02,0.52,10.4,0.73,6.890000000000001,2.96,0.5549,12.98,-0.03999999999999998,0.0567,2.3,0.5356
james johnson,2017,3,1,29.0,0,0.1408,0.5646,5.33,2.97,0.30410000000000004,2.2,0.2742,0.7100000000000001,16.15,2.44,3.29,0.93,1.5799999999999998,1.3399999999999999,15.170000000000002,3.1199999999999997,2.22,0.49979999999999997,7.47,3.6799999999999997,0.6571,2.06,1.4100000000000001,0.2753,15.5,69.1,22.479999999999997,0.2400000000000001,3.8200000000000003,0.78,1.54,15.5,2.19,9.48,1.78,0.81,16.259999999999998,1.64,9.5,3.8500000000000005,0.565,19.25,1.61,0.10750000000000001,3.76,0.5432,0.5646,5.33,2.97,0.30410000000000004,2.2,0.2742,0.7100000000000001,16.15,2.44,3.29,0.93,1.5799999999999998,1.3399999999999999,15.170000000000002,3.1199999999999997,2.22,0.49979999999999997,7.47,3.6799999999999997,0.6571,2.06,1.4100000000000001,0.2753,15.5,69.1,22.479999999999997,0.2400000000000001,3.8200000000000003,0.78,1.54,15.5,2.19,9.48,1.78,0.81,16.259999999999998,1.64,9.5,3.8500000000000005,0.565,19.25,1.61,0.10750000000000001,3.76,0.5432
mason plumlee,2017,3,1,26.0,0,0.1417,0.5417000000000001,6.87,3.7199999999999998,0.0,0.05,0.0086,0.0,16.16,2.77,3.24,1.01,1.47,1.24,22.18,5.08,2.4699999999999998,0.5374,6.9399999999999995,3.7199999999999998,0.5815999999999999,3.86,2.21,0.565,65.6,81.5,25.13,0.26,9.780000000000001,2.2199999999999998,3.3200000000000003,17.810000000000002,2.83,9.67,1.6600000000000001,0.8500000000000001,16.07,1.68,15.989999999999998,7.300000000000001,0.5622,18.02,1.85,0.13570000000000002,5.79,0.5374,0.5417000000000001,6.87,3.7199999999999998,0.0,0.05,0.0086,0.0,16.16,2.77,3.24,1.01,1.47,1.24,22.18,5.08,2.4699999999999998,0.5374,6.9399999999999995,3.7199999999999998,0.5815999999999999,3.86,2.21,0.565,65.6,81.5,25.13,0.26,9.780000000000001,2.2199999999999998,3.3200000000000003,17.810000000000002,2.83,9.67,1.6600000000000001,0.8500000000000001,16.07,1.68,15.989999999999998,7.300000000000001,0.5622,18.02,1.85,0.13570000000000002,5.79,0.5374
pj tucker,2017,4,0,31.0,0,0.0766,0.46320000000000006,4.01,1.87,0.3465,2.59,0.3943,0.91,7.54,1.58,0.6699999999999999,0.22,-0.42999999999999994,0.9199999999999999,17.009999999999998,4.46,2.21,0.4174,6.65,2.7800000000000002,0.7562,1.4200000000000002,1.1,0.2177,47.1,80.7,29.22,-1.3399999999999999,5.91,1.6,1.5899999999999999,10.99,2.41,7.57,2.29,1.3699999999999999,12.549999999999999,1.06,11.370000000000001,6.04,0.518,12.19,0.9299999999999999,0.0784,3.83,0.4854,0.46320000000000006,4.01,1.87,0.3465,2.59,0.3943,0.91,7.54,1.58,0.6699999999999999,0.22,-0.42999999999999994,0.9199999999999999,17.009999999999998,4.46,2.21,0.4174,6.65,2.7800000000000002,0.7562,1.4200000000000002,1.1,0.2177,47.1,80.7,29.22,-1.3399999999999999,5.91,1.6,1.5899999999999999,10.99,2.41,7.57,2.29,1.3699999999999999,12.549999999999999,1.06,11.370000000000001,6.04,0.518,12.19,0.9299999999999999,0.0784,3.83,0.4854
andre roberson,2017,3,1,25.0,0,0.0934,0.6093,2.81,1.77,0.2652,1.8599999999999999,0.39590000000000003,0.51,4.98,0.91,2.31,0.76,-0.49,1.43,13.719999999999999,3.2800000000000002,2.35,0.47240000000000004,4.720000000000001,2.2,0.49060000000000004,1.08,0.51,0.2269,73.5,73.9,25.55,-1.94,5.09,1.1099999999999999,1.19,9.68,2.29,5.42,1.88,1.0,11.14,0.59,9.46,4.39,0.5274,9.58,0.6799999999999999,0.0898,3.54,0.525,0.6093,2.81,1.77,0.2652,1.8599999999999999,0.39590000000000003,0.51,4.98,0.91,2.31,0.76,-0.49,1.43,13.719999999999999,3.2800000000000002,2.35,0.47240000000000004,4.720000000000001,2.2,0.49060000000000004,1.08,0.51,0.2269,73.5,73.9,25.55,-1.94,5.09,1.1099999999999999,1.19,9.68,2.29,5.42,1.88,1.0,11.14,0.59,9.46,4.39,0.5274,9.58,0.6799999999999999,0.0898,3.54,0.525
taj gibson,2017,2,0,31.0,0,0.1413,0.5191,8.129999999999999,4.199999999999999,0.1155,0.1,0.010799999999999999,0.0,6.82,1.1199999999999999,2.8100000000000005,0.9700000000000001,-0.8300000000000001,-0.06,16.64,4.09,2.33,0.5157,8.23,4.25,0.7084999999999999,2.2,1.54,0.2719,55.4,73.3,26.16,-0.77,9.86,2.36,2.3,15.43,2.3200000000000003,10.04,1.08,0.55,11.899999999999999,1.2200000000000002,13.25,6.45,0.5473000000000001,17.55,0.5399999999999999,0.1158,4.58,0.5166999999999999,0.5191,8.129999999999999,4.199999999999999,0.1155,0.1,0.010799999999999999,0.0,6.82,1.1199999999999999,2.8100000000000005,0.9700000000000001,-0.8300000000000001,-0.06,16.64,4.09,2.33,0.5157,8.23,4.25,0.7084999999999999,2.2,1.54,0.2719,55.4,73.3,26.16,-0.77,9.86,2.36,2.3,15.43,2.3200000000000003,10.04,1.08,0.55,11.899999999999999,1.2200000000000002,13.25,6.45,0.5473000000000001,17.55,0.5399999999999999,0.1158,4.58,0.5166999999999999
cj miles,2017,3,0,29.0,0,0.0801,0.4695,3.8,1.79,0.38559999999999994,5.78,0.6068,2.2,5.57,0.8200000000000001,1.2999999999999998,0.38,0.5800000000000001,-0.38,11.870000000000001,2.55,1.7299999999999998,0.4193,9.58,3.99,0.8379,1.63,1.38,0.1698,29.7,71.2,23.83,0.94,1.74,0.38,1.9700000000000002,13.920000000000002,2.04,11.59,1.5300000000000002,0.72,7.01,0.78,6.83,2.93,0.5650999999999999,20.82,1.08,0.10400000000000001,3.65,0.5369999999999999,0.4695,3.8,1.79,0.38559999999999994,5.78,0.6068,2.2,5.57,0.8200000000000001,1.2999999999999998,0.38,0.5800000000000001,-0.38,11.870000000000001,2.55,1.7299999999999998,0.4193,9.58,3.99,0.8379,1.63,1.38,0.1698,29.7,71.2,23.83,0.94,1.74,0.38,1.9700000000000002,13.920000000000002,2.04,11.59,1.5300000000000002,0.72,7.01,0.78,6.83,2.93,0.5650999999999999,20.82,1.08,0.10400000000000001,3.65,0.5369999999999999
zach randolph,2017,2,0,35.0,0,0.1242,0.47959999999999997,12.41,5.949999999999999,0.25079999999999997,0.8300000000000001,0.061900000000000004,0.2,12.9,1.92,0.53,0.15000000000000002,-0.07999999999999999,-1.33,25.07,5.859999999999999,2.41,0.46440000000000003,13.21,6.12,0.7573000000000001,3.1,2.34,0.2354,32.6,71.1,27.630000000000003,1.2,10.8,2.67,1.92,18.64,2.08,14.86,1.2000000000000002,0.63,9.71,1.5899999999999999,17.799999999999997,8.54,0.5083,26.84,1.0,0.10369999999999999,4.33,0.4719,0.47959999999999997,12.41,5.949999999999999,0.25079999999999997,0.8300000000000001,0.061900000000000004,0.2,12.9,1.92,0.53,0.15000000000000002,-0.07999999999999999,-1.33,25.07,5.859999999999999,2.41,0.46440000000000003,13.21,6.12,0.7573000000000001,3.1,2.34,0.2354,32.6,71.1,27.630000000000003,1.2,10.8,2.67,1.92,18.64,2.08,14.86,1.2000000000000002,0.63,9.71,1.5899999999999999,17.799999999999997,8.54,0.5083,26.84,1.0,0.10369999999999999,4.33,0.4719
shaun livingston,2017,3,1,31.0,1,0.0776,0.54,4.4799999999999995,2.4299999999999997,0.21660000000000001,0.06,0.015099999999999999,0.0,17.89,2.46,1.19,0.3,-1.32,0.7,9.25,1.6400000000000001,1.6700000000000002,0.5343,4.59,2.4299999999999997,0.7508,1.0,0.76,0.2145,2.8,77.0,18.46,-1.99,2.8200000000000003,0.47000000000000003,1.72,11.77,1.62,5.62,1.56,0.58,16.16,0.9600000000000001,6.24,2.12,0.5641,13.94,0.25,0.1114,3.34,0.5359,0.5428999999999999,4.94,2.62,0.0,0.0,0.004399999999999999,0.0,16.369999999999997,2.05,0.81,0.15000000000000002,-0.8400000000000001,0.67,10.459999999999999,1.84,0.37,0.5408,4.960000000000001,2.62,0.7845,0.94,0.79,0.1887,2.1,18.4,17.85,-1.48,4.25,0.62,0.41000000000000003,12.0,1.75,6.06,1.1300000000000001,0.43000000000000005,14.809999999999999,0.91,7.43,2.49,0.5702,15.170000000000002,0.08,0.11049999999999999,0.79,0.5408
jj redick,2017,1,0,32.0,0,0.2321,0.4792,5.7700000000000005,2.79,0.4444,5.86,0.504,2.63,8.28,1.48,0.37,0.15000000000000002,1.12,-1.25,7.25,1.94,1.35,0.4619,11.61,5.37,0.8921,2.63,2.33,0.22660000000000002,77.1,77.1,28.68,2.37,0.6499999999999999,0.14,4.4,15.89,1.6800000000000002,15.67,1.06,0.63,8.47,1.19,4.0600000000000005,2.09,0.6134999999999999,21.98,1.76,0.1255,5.75,0.5735,0.4792,5.7700000000000005,2.79,0.4444,5.86,0.504,2.63,8.28,1.48,0.37,0.15000000000000002,1.12,-1.25,7.25,1.94,1.35,0.4619,11.61,5.37,0.8921,2.63,2.33,0.22660000000000002,77.1,77.1,28.68,2.37,0.6499999999999999,0.14,4.4,15.89,1.6800000000000002,15.67,1.06,0.63,8.47,1.19,4.0600000000000005,2.09,0.6134999999999999,21.98,1.76,0.1255,5.75,0.5735
kyle korver,2017,3,1,35.0,1,0.0706,0.4916,2.36,1.15,0.4433,5.4,0.6913,2.38,10.09,1.95,1.1300000000000001,0.39,0.25999999999999995,0.010000000000000009,11.43,3.06,2.0,0.4599,7.76,3.6,0.882,0.8300000000000001,0.76,0.1068,50.0,72.5,28.54,0.28,0.6,0.15000000000000002,2.51,11.92,1.78,10.23,1.08,0.63,12.56,1.14,6.109999999999999,3.21,0.6307,14.59,1.23,0.1042,4.58,0.6135999999999999,0.5882000000000001,1.25,0.71,0.3997,5.1,0.8129,2.03,6.02,1.13,1.44,0.49,0.23000000000000004,0.09999999999999998,11.95,3.13,0.36,0.43079999999999996,6.3500000000000005,2.74,0.9626,0.79,0.75,0.1225,5.2,14.8,26.05,0.07999999999999999,0.77,0.16,0.39,11.05,1.67,8.21,1.4300000000000002,0.78,9.209999999999999,0.74,6.58,3.29,0.618,12.72,0.19,0.099,0.7,0.5927
darren collison,2017,2,0,29.0,0,0.1009,0.506,7.95,4.0,0.4034,2.89,0.2651,1.17,24.2,4.709999999999999,0.37,0.14,5.551115123125783e-17,-0.88,7.33,2.08,0.77,0.4784,10.84,5.1899999999999995,0.845,3.0,2.5200000000000005,0.2738,45.5,65.2,31.11,0.88,1.35,0.35,3.5,15.92,1.8900000000000001,14.02,1.7200000000000002,1.1,13.190000000000001,1.8900000000000001,4.42,2.43,0.5772999999999999,19.84,0.98,0.1026,4.2700000000000005,0.5315000000000001,0.506,7.95,4.0,0.4034,2.89,0.2651,1.17,24.2,4.709999999999999,0.37,0.14,5.551115123125783e-17,-0.88,7.33,2.08,0.77,0.4784,10.84,5.1899999999999995,0.845,3.0,2.5200000000000005,0.2738,45.5,65.2,31.11,0.88,1.35,0.35,3.5,15.92,1.8900000000000001,14.02,1.7200000000000002,1.1,13.190000000000001,1.8900000000000001,4.42,2.43,0.5772999999999999,19.84,0.98,0.1026,4.2700000000000005,0.5315000000000001
rudy gay,2017,2,0,30.0,0,0.0848,0.4858,11.530000000000001,5.59,0.361,3.4699999999999998,0.2316,1.27,13.25,2.65,1.92,0.78,1.4,0.020000000000000018,16.259999999999998,4.98,1.3900000000000001,0.45740000000000003,14.95,6.859999999999999,0.8331,4.54,3.79,0.30200000000000005,49.4,49.6,34.18,1.35,4.37,1.33,1.9,17.54,2.54,18.729999999999997,2.0,1.37,12.21,2.39,10.4,6.279999999999999,0.5521,25.020000000000003,1.38,0.09129999999999999,3.26,0.4992,0.4858,11.530000000000001,5.59,0.361,3.4699999999999998,0.2316,1.27,13.25,2.65,1.92,0.78,1.4,0.020000000000000018,16.259999999999998,4.98,1.3900000000000001,0.45740000000000003,14.95,6.859999999999999,0.8331,4.54,3.79,0.30200000000000005,49.4,49.6,34.18,1.35,4.37,1.33,1.9,17.54,2.54,18.729999999999997,2.0,1.37,12.21,2.39,10.4,6.279999999999999,0.5521,25.020000000000003,1.38,0.09129999999999999,3.26,0.4992
patrick patterson,2017,3,0,27.0,0,0.0524,0.48319999999999996,2.37,1.15,0.3688,3.76,0.6135,1.35,7.569999999999999,1.3399999999999999,1.31,0.42000000000000004,0.52,0.09000000000000001,15.850000000000001,3.58,1.74,0.4145,6.13,2.58,0.772,0.77,0.63,0.12869999999999998,4.8,72.4,25.3,0.42999999999999994,4.880000000000001,1.12,2.21,11.5,1.7400000000000002,7.07,1.35,0.6499999999999999,9.379999999999999,0.6799999999999999,10.43,4.6,0.5448,12.74,1.1800000000000002,0.1032,3.9499999999999997,0.5272,0.48319999999999996,2.37,1.15,0.3688,3.76,0.6135,1.35,7.569999999999999,1.3399999999999999,1.31,0.42000000000000004,0.52,0.09000000000000001,15.850000000000001,3.58,1.74,0.4145,6.13,2.58,0.772,0.77,0.63,0.12869999999999998,4.8,72.4,25.3,0.42999999999999994,4.880000000000001,1.12,2.21,11.5,1.7400000000000002,7.07,1.35,0.6499999999999999,9.379999999999999,0.6799999999999999,10.43,4.6,0.5448,12.74,1.1800000000000002,0.1032,3.9499999999999997,0.5272
jamychal green,2017,2,1,26.0,0,0.0861,0.5497000000000001,4.38,2.31,0.2894,1.19,0.1979,0.41,6.26,0.8600000000000001,1.8599999999999999,0.36,-1.4100000000000001,-0.07999999999999999,19.94,3.5700000000000003,1.78,0.5043,5.54,2.6900000000000004,0.7866000000000001,1.7200000000000002,1.3,0.2927,42.2,66.7,20.560000000000002,-1.28,10.21,1.8000000000000003,1.98,14.11,2.52,7.19,1.4,0.52,15.23,1.05,14.95,5.369999999999999,0.5771,16.8,0.24,0.11560000000000001,3.76,0.5363,0.5497000000000001,4.38,2.31,0.2894,1.19,0.1979,0.41,6.26,0.8600000000000001,1.8599999999999999,0.36,-1.4100000000000001,-0.07999999999999999,19.94,3.5700000000000003,1.78,0.5043,5.54,2.6900000000000004,0.7866000000000001,1.7200000000000002,1.3,0.2927,42.2,66.7,20.560000000000002,-1.28,10.21,1.8000000000000003,1.98,14.11,2.52,7.19,1.4,0.52,15.23,1.05,14.95,5.369999999999999,0.5771,16.8,0.24,0.11560000000000001,3.76,0.5363
shelvin mack,2017,2,0,26.0,0,0.0605,0.4963,4.630000000000001,2.32,0.3106,2.2800000000000002,0.3348,0.73,25.1,3.04,0.2,0.08,-1.97,-0.22,10.55,1.87,1.27,0.43489999999999995,6.91,3.0200000000000005,0.7265999999999999,1.18,0.87,0.1663,12.6,54.1,20.06,-1.75,1.6400000000000001,0.31,0.11,12.170000000000002,1.44,7.56,1.77,0.71,16.97,1.52,6.18,2.1799999999999997,0.5089,20.69,0.0,0.06029999999999999,1.35,0.4871,0.4963,4.630000000000001,2.32,0.3106,2.2800000000000002,0.3348,0.73,25.1,3.04,0.2,0.08,-1.97,-0.22,10.55,1.87,1.27,0.43489999999999995,6.91,3.0200000000000005,0.7265999999999999,1.18,0.87,0.1663,12.6,54.1,20.06,-1.75,1.6400000000000001,0.31,0.11,12.170000000000002,1.44,7.56,1.77,0.71,16.97,1.52,6.18,2.1799999999999997,0.5089,20.69,0.0,0.06029999999999999,1.35,0.4871
amir johnson,2017,1,0,29.0,0,0.111,0.6112,4.6,2.79,0.357,0.67,0.1371,0.24,11.8,1.73,3.16,0.8900000000000001,0.6399999999999999,1.1099999999999999,17.84,3.58,2.24,0.5783,5.3,3.1100000000000003,0.6284000000000001,1.44,0.8900000000000001,0.27,75.7,78.7,22.17,-0.47,9.100000000000001,1.8599999999999999,3.05,15.379999999999999,2.71,7.300000000000001,1.44,0.6299999999999999,15.969999999999999,1.1600000000000001,13.48,5.4399999999999995,0.6152,14.02,1.15,0.1467,5.29,0.6032,0.6112,4.6,2.79,0.357,0.67,0.1371,0.24,11.8,1.73,3.16,0.8900000000000001,0.6399999999999999,1.1099999999999999,17.84,3.58,2.24,0.5783,5.3,3.1100000000000003,0.6284000000000001,1.44,0.8900000000000001,0.27,75.7,78.7,22.17,-0.47,9.100000000000001,1.8599999999999999,3.05,15.379999999999999,2.71,7.300000000000001,1.44,0.6299999999999999,15.969999999999999,1.1600000000000001,13.48,5.4399999999999995,0.6152,14.02,1.15,0.1467,5.29,0.6032
ben mclemore,2017,2,0,23.0,0,0.0525,0.4746,4.33,2.0599999999999996,0.3712,3.17,0.4193,1.19,7.500000000000001,1.1,0.55,0.12000000000000001,-3.68,-1.24,9.62,1.9300000000000002,0.62,0.4311,7.4799999999999995,3.25,0.7545,1.6,1.2000000000000002,0.21739999999999998,45.8,67.3,22.53,-2.44,2.01,0.38,0.17000000000000004,9.56,2.07,8.809999999999999,1.4100000000000001,0.67,13.56,1.29,5.85,2.29,0.5387,18.770000000000003,-0.55,0.0195,0.79,0.5083,0.4746,4.33,2.0599999999999996,0.3712,3.17,0.4193,1.19,7.500000000000001,1.1,0.55,0.12000000000000001,-3.68,-1.24,9.62,1.9300000000000002,0.62,0.4311,7.4799999999999995,3.25,0.7545,1.6,1.2000000000000002,0.21739999999999998,45.8,67.3,22.53,-2.44,2.01,0.38,0.17000000000000004,9.56,2.07,8.809999999999999,1.4100000000000001,0.67,13.56,1.29,5.85,2.29,0.5387,18.770000000000003,-0.55,0.0195,0.79,0.5083
thabo sefolosha,2017,2,0,32.0,0,0.053,0.5102,3.85,1.92,0.3375,1.73,0.31389999999999996,0.63,9.83,1.5499999999999998,1.7200000000000002,0.48,0.64,2.3,16.34,3.55,2.6500000000000004,0.4556,5.66,2.55,0.7095,1.21,0.8700000000000001,0.2214,25.7,63.9,23.63,-1.6600000000000001,4.17,0.8600000000000001,0.8500000000000001,12.43,1.51,6.58,2.78,1.28,12.620000000000001,0.8600000000000001,10.39,4.41,0.5341,13.26,1.05,0.10980000000000001,3.5,0.5082,0.5102,3.85,1.92,0.3375,1.73,0.31389999999999996,0.63,9.83,1.5499999999999998,1.7200000000000002,0.48,0.64,2.3,16.34,3.55,2.6500000000000004,0.4556,5.66,2.55,0.7095,1.21,0.8700000000000001,0.2214,25.7,63.9,23.63,-1.6600000000000001,4.17,0.8600000000000001,0.8500000000000001,12.43,1.51,6.58,2.78,1.28,12.620000000000001,0.8600000000000001,10.39,4.41,0.5341,13.26,1.05,0.10980000000000001,3.5,0.5082
mike muscala,2017,2,1,25.0,0,0.0504999999999999,0.5576,2.81,1.6099999999999999,0.3832,1.13,0.2693,0.44999999999999996,10.280000000000001,1.0,3.1799999999999997,0.55,0.30000000000000004,0.9199999999999999,14.629999999999999,1.88,1.21,0.512,3.91,2.01,0.7975,0.78,0.62,0.2053,3.1,61.0,14.19,-0.6200000000000001,8.14,0.99,1.35,14.879999999999999,1.3199999999999998,5.07,1.25,0.34,12.989999999999998,0.65,11.44,2.9000000000000004,0.5924,15.39,0.62,0.1426,2.56,0.5640000000000001,0.5576,2.81,1.6099999999999999,0.3832,1.13,0.2693,0.44999999999999996,10.280000000000001,1.0,3.1799999999999997,0.55,0.30000000000000004,0.9199999999999999,14.629999999999999,1.88,1.21,0.512,3.91,2.01,0.7975,0.78,0.62,0.2053,3.1,61.0,14.19,-0.6200000000000001,8.14,0.99,1.35,14.879999999999999,1.3199999999999998,5.07,1.25,0.34,12.989999999999998,0.65,11.44,2.9000000000000004,0.5924,15.39,0.62,0.1426,2.56,0.5640000000000001
justin holiday,2017,2,0,27.0,0,0.0466,0.4722,2.71,1.33,0.3446,2.61,0.48460000000000003,0.9299999999999999,9.829999999999998,1.09,1.57,0.36,-1.3599999999999999,0.33,11.64,1.8499999999999999,1.07,0.4097,5.39,2.21,0.7958999999999999,0.87,0.67,0.1613,4.3,68.7,16.6,-1.7199999999999998,1.81,0.25,0.6000000000000001,11.59,1.19,6.0600000000000005,2.23,0.72,11.33,0.71,6.76,2.1,0.5208,17.07,0.31,0.0669,1.69,0.49340000000000006,0.4722,2.71,1.33,0.3446,2.61,0.48460000000000003,0.9299999999999999,9.829999999999998,1.09,1.57,0.36,-1.3599999999999999,0.33,11.64,1.8499999999999999,1.07,0.4097,5.39,2.21,0.7958999999999999,0.87,0.67,0.1613,4.3,68.7,16.6,-1.7199999999999998,1.81,0.25,0.6000000000000001,11.59,1.19,6.0600000000000005,2.23,0.72,11.33,0.71,6.76,2.1,0.5208,17.07,0.31,0.0669,1.69,0.49340000000000006
jamal crawford,2017,2,0,36.0,0,0.0437,0.44310000000000005,7.08,3.15,0.3474,4.41,0.3816,1.5299999999999998,14.780000000000001,2.49,0.51,0.2,-1.33,-1.3399999999999999,6.12,1.52,1.39,0.40690000000000004,11.489999999999998,4.68,0.8799,3.05,2.6799999999999997,0.2632,2.8,77.5,26.54,0.010000000000000009,0.99,0.25,1.29,13.52,1.49,13.57,1.42,0.74,10.790000000000001,1.5,3.58,1.7200000000000002,0.5276000000000001,24.339999999999996,0.32999999999999996,0.06470000000000001,2.66,0.4727,0.44310000000000005,7.08,3.15,0.3474,4.41,0.3816,1.5299999999999998,14.780000000000001,2.49,0.51,0.2,-1.33,-1.3399999999999999,6.12,1.52,1.39,0.40690000000000004,11.489999999999998,4.68,0.8799,3.05,2.6799999999999997,0.2632,2.8,77.5,26.54,0.010000000000000009,0.99,0.25,1.29,13.52,1.49,13.57,1.42,0.74,10.790000000000001,1.5,3.58,1.7200000000000002,0.5276000000000001,24.339999999999996,0.32999999999999996,0.06470000000000001,2.66,0.4727
vince carter,2017,1,0,40.0,0,0.0807,0.4123,2.74,1.11,0.35309999999999997,3.59,0.5641,1.25,10.64,1.4100000000000001,1.6199999999999999,0.38,-0.24,0.45000000000000007,12.55,2.19,1.57,0.38,6.300000000000001,2.3600000000000003,0.7902,1.4,1.1,0.219,8.6,67.7,20.64,-0.6900000000000001,2.68,0.48,1.15,11.579999999999998,1.9100000000000001,7.14,1.8399999999999999,0.72,8.59,0.6699999999999999,7.49,2.67,0.516,16.98,0.76,0.08679999999999999,2.74,0.4796,0.4123,2.74,1.11,0.35309999999999997,3.59,0.5641,1.25,10.64,1.4100000000000001,1.6199999999999999,0.38,-0.24,0.45000000000000007,12.55,2.19,1.57,0.38,6.300000000000001,2.3600000000000003,0.7902,1.4,1.1,0.219,8.6,67.7,20.64,-0.6900000000000001,2.68,0.48,1.15,11.579999999999998,1.9100000000000001,7.14,1.8399999999999999,0.72,8.59,0.6699999999999999,7.49,2.67,0.516,16.98,0.76,0.08679999999999999,2.74,0.4796
nick young,2017,1,0,31.0,0,0.0524,0.422,3.7,1.56,0.3733,5.9,0.6182000000000001,2.2199999999999998,5.9,0.88,0.6799999999999999,0.19,-1.4200000000000002,-1.9500000000000002,8.62,1.7799999999999998,0.12000000000000001,0.3899,9.629999999999999,3.76,0.8551,1.87,1.6300000000000001,0.1944,30.6,54.6,23.44,0.53,1.63,0.37,1.75,12.620000000000001,1.8199999999999998,11.469999999999999,1.17,0.52,6.119999999999999,0.6799999999999999,4.99,2.15,0.5428999999999999,20.5,0.24,0.0615,1.87,0.5052,0.422,3.7,1.56,0.3733,5.9,0.6182000000000001,2.2199999999999998,5.9,0.88,0.6799999999999999,0.19,-1.4200000000000002,-1.9500000000000002,8.62,1.7799999999999998,0.12000000000000001,0.3899,9.629999999999999,3.76,0.8551,1.87,1.6300000000000001,0.1944,30.6,54.6,23.44,0.53,1.63,0.37,1.75,12.620000000000001,1.8199999999999998,11.469999999999999,1.17,0.52,6.119999999999999,0.6799999999999999,4.99,2.15,0.5428999999999999,20.5,0.24,0.0615,1.87,0.5052
reggie bullock,2017,2,1,25.0,0,0.0252,0.4516,1.4,0.64,0.3817,1.88,0.5787,0.71,7.800000000000001,0.7,0.55,0.1,-0.2500000000000001,0.86,13.690000000000001,1.53,0.43,0.4113,3.21,1.35,0.7703,0.28,0.26,0.0992,2.9,33.8,12.91,-1.11,2.5300000000000002,0.32,0.4,10.69,0.69,3.62,1.6099999999999999,0.44999999999999996,7.64,0.25,7.99,1.87,0.5371,12.3,0.21999999999999997,0.0945,0.88,0.5208,0.4516,1.4,0.64,0.3817,1.88,0.5787,0.71,7.800000000000001,0.7,0.55,0.1,-0.2500000000000001,0.86,13.690000000000001,1.53,0.43,0.4113,3.21,1.35,0.7703,0.28,0.26,0.0992,2.9,33.8,12.91,-1.11,2.5300000000000002,0.32,0.4,10.69,0.69,3.62,1.6099999999999999,0.44999999999999996,7.64,0.25,7.99,1.87,0.5371,12.3,0.21999999999999997,0.0945,0.88,0.5208
dirk nowitzki,2017,1,1,38.0,0,0.0504999999999999,0.4736,9.48,4.5,0.3754,4.05,0.29800000000000004,1.54,10.41,1.67,1.98,0.64,1.5899999999999999,-0.020000000000000004,24.22,5.87,2.13,0.4447,13.5,5.99,0.8817999999999999,2.92,2.55,0.21250000000000002,64.9,64.9,28.57,1.6600000000000001,2.04,0.53,2.5999999999999996,18.04,2.1,16.05,1.06,0.61,6.52,1.0,12.82,6.38,0.543,25.53,1.79,0.11380000000000001,4.73,0.5003,0.4736,9.48,4.5,0.3754,4.05,0.29800000000000004,1.54,10.41,1.67,1.98,0.64,1.5899999999999999,-0.020000000000000004,24.22,5.87,2.13,0.4447,13.5,5.99,0.8817999999999999,2.92,2.55,0.21250000000000002,64.9,64.9,28.57,1.6600000000000001,2.04,0.53,2.5999999999999996,18.04,2.1,16.05,1.06,0.61,6.52,1.0,12.82,6.38,0.543,25.53,1.79,0.11380000000000001,4.73,0.5003
aron baynes,2017,1,0,30.0,0,0.0437,0.5228999999999999,4.18,2.19,0.05,0.020000000000000004,0.0039000000000000003,0.0,4.91,0.48000000000000004,2.66,0.49,-1.77,0.26,21.69,3.0,1.58,0.5212,4.2,2.19,0.8222,1.55,1.29,0.3611,4.7,75.8,15.51,-2.0300000000000002,10.809999999999999,1.58,1.88,15.07,2.13,5.66,0.76,0.23,13.55,0.77,16.12,4.51,0.5774999999999999,16.16,0.1,0.1421,3.51,0.5214000000000001,0.5228999999999999,4.18,2.19,0.05,0.020000000000000004,0.0039000000000000003,0.0,4.91,0.48000000000000004,2.66,0.49,-1.77,0.26,21.69,3.0,1.58,0.5212,4.2,2.19,0.8222,1.55,1.29,0.3611,4.7,75.8,15.51,-2.0300000000000002,10.809999999999999,1.58,1.88,15.07,2.13,5.66,0.76,0.23,13.55,0.77,16.12,4.51,0.5774999999999999,16.16,0.1,0.1421,3.51,0.5214000000000001
nerlens noel,2017,1,1,22.0,0,0.0423,0.5472,7.35,3.9799999999999995,0.15,0.0,0.0024000000000000002,0.0,9.16,1.3800000000000001,4.17,1.33,1.08,2.0599999999999996,22.009999999999998,4.83,2.63,0.5462,7.43,3.9799999999999995,0.6457999999999999,2.74,1.73,0.366,42.3,60.599999999999994,25.2,-0.98,9.02,2.09,1.1,18.06,2.6799999999999997,9.66,3.0,1.5500000000000003,15.1,1.6,15.31,6.949999999999999,0.5728,17.84,1.07,0.1293,3.7,0.5465,0.5472,7.35,3.9799999999999995,0.15,0.0,0.0024000000000000002,0.0,9.16,1.3800000000000001,4.17,1.33,1.08,2.0599999999999996,22.009999999999998,4.83,2.63,0.5462,7.43,3.9799999999999995,0.6457999999999999,2.74,1.73,0.366,42.3,60.599999999999994,25.2,-0.98,9.02,2.09,1.1,18.06,2.6799999999999997,9.66,3.0,1.5500000000000003,15.1,1.6,15.31,6.949999999999999,0.5728,17.84,1.07,0.1293,3.7,0.5465
tyler zeller,2017,2,0,27.0,0,0.0173,0.5011,4.49,2.26,0.0,0.0,0.003,0.0,10.239999999999998,0.83,2.83,0.44,-2.01,-0.45999999999999996,17.880000000000003,2.1500000000000004,0.97,0.4996,4.49,2.26,0.6910999999999999,1.4,1.03,0.2951,15.200000000000001,59.900000000000006,12.91,-1.53,9.149999999999999,1.06,1.3900000000000001,14.9,1.58,5.62,0.6599999999999999,0.15000000000000002,10.66,0.6200000000000001,13.53,3.24,0.5345,19.07,0.2,0.117,2.31,0.4996,0.5011,4.49,2.26,0.0,0.0,0.003,0.0,10.239999999999998,0.83,2.83,0.44,-2.01,-0.45999999999999996,17.880000000000003,2.1500000000000004,0.97,0.4996,4.49,2.26,0.6910999999999999,1.4,1.03,0.2951,15.200000000000001,59.900000000000006,12.91,-1.53,9.149999999999999,1.06,1.3900000000000001,14.9,1.58,5.62,0.6599999999999999,0.15000000000000002,10.66,0.6200000000000001,13.53,3.24,0.5345,19.07,0.2,0.117,2.31,0.4996
zaza pachulia,2017,1,1,32.0,0,0.0351,0.5009,5.470000000000001,2.6799999999999997,0.0,0.0,0.006500000000000001,0.0,12.95,1.94,1.47,0.4,0.32,0.9900000000000001,22.689999999999998,4.65,2.64,0.49760000000000004,5.5,2.6799999999999997,0.777,2.42,1.88,0.4415,64.7,72.4,21.71,-0.7200000000000001,13.18,2.53,2.4299999999999997,16.03,2.38,7.29,2.06,0.8600000000000001,18.38,1.44,18.06,7.13,0.5602,16.33,0.8700000000000001,0.1557,4.99,0.49760000000000004,0.5009,5.470000000000001,2.6799999999999997,0.0,0.0,0.006500000000000001,0.0,12.95,1.94,1.47,0.4,0.32,0.9900000000000001,22.689999999999998,4.65,2.64,0.49760000000000004,5.5,2.6799999999999997,0.777,2.42,1.88,0.4415,64.7,72.4,21.71,-0.7200000000000001,13.18,2.53,2.4299999999999997,16.03,2.38,7.29,2.06,0.8600000000000001,18.38,1.44,18.06,7.13,0.5602,16.33,0.8700000000000001,0.1557,4.99,0.49760000000000004
shabazz muhammad,2017,2,1,24.0,0,0.0033,0.5194000000000001,6.67,3.46,0.3341,1.7799999999999998,0.2135,0.55,5.33,0.62,0.36,0.12000000000000001,-1.81,-2.92,11.2,1.9300000000000002,0.14,0.4783,8.42,4.04,0.7596,2.86,2.1799999999999997,0.3385,3.1,71.19999999999999,20.41,1.1300000000000001,6.92,1.25,2.45,15.989999999999998,1.1400000000000001,10.8,0.78,0.33999999999999997,7.68,0.8,9.05,3.21,0.5586,22.65,0.009999999999999995,0.0881,2.56,0.5137,0.5194000000000001,6.67,3.46,0.3341,1.7799999999999998,0.2135,0.55,5.33,0.62,0.36,0.12000000000000001,-1.81,-2.92,11.2,1.9300000000000002,0.14,0.4783,8.42,4.04,0.7596,2.86,2.1799999999999997,0.3385,3.1,71.19999999999999,20.41,1.1300000000000001,6.92,1.25,2.45,15.989999999999998,1.1400000000000001,10.8,0.78,0.33999999999999997,7.68,0.8,9.05,3.21,0.5586,22.65,0.009999999999999995,0.0881,2.56,0.5137
rajon rondo,2017,1,0,30.0,0,0.0333,0.4415,7.289999999999999,3.25,0.3603,1.93,0.2102,0.7,40.76,8.44,0.4,0.15000000000000002,-0.11000000000000004,0.56,16.14,4.43,2.5,0.4254,9.219999999999999,3.92,0.5534,1.2000000000000002,0.6599999999999999,0.1263,56.2,69.7,29.85,-0.7200000000000001,3.87,1.1,0.3499999999999999,14.57,2.23,9.25,2.62,1.56,23.38,2.99,10.010000000000002,5.449999999999999,0.4719,18.439999999999998,1.04,0.0635,2.8499999999999996,0.4641,0.4415,7.289999999999999,3.25,0.3603,1.93,0.2102,0.7,40.76,8.44,0.4,0.15000000000000002,-0.11000000000000004,0.56,16.14,4.43,2.5,0.4254,9.219999999999999,3.92,0.5534,1.2000000000000002,0.6599999999999999,0.1263,56.2,69.7,29.85,-0.7200000000000001,3.87,1.1,0.3499999999999999,14.57,2.23,9.25,2.62,1.56,23.38,2.99,10.010000000000002,5.449999999999999,0.4719,18.439999999999998,1.04,0.0635,2.8499999999999996,0.4641
tyreke evans,2017,1,0,27.0,0,0.0332,0.44589999999999996,8.290000000000001,3.72,0.35519999999999996,3.1,0.2798,1.12,29.87,4.85,0.97,0.29000000000000004,0.95,0.18,16.34,3.71,1.07,0.4218,11.370000000000001,4.84,0.7526,3.0,2.27,0.2633,25.700000000000003,43.3,25.85,0.77,2.44,0.59,0.62,16.66,2.0300000000000002,13.030000000000001,2.13,1.1,14.780000000000001,2.24,9.3,4.32,0.5123,25.979999999999997,0.9,0.065,1.69,0.47219999999999995,0.44589999999999996,8.290000000000001,3.72,0.35519999999999996,3.1,0.2798,1.12,29.87,4.85,0.97,0.29000000000000004,0.95,0.18,16.34,3.71,1.07,0.4218,11.370000000000001,4.84,0.7526,3.0,2.27,0.2633,25.700000000000003,43.3,25.85,0.77,2.44,0.59,0.62,16.66,2.0300000000000002,13.030000000000001,2.13,1.1,14.780000000000001,2.24,9.3,4.32,0.5123,25.979999999999997,0.9,0.065,1.69,0.47219999999999995
anthony tolliver,2017,1,0,31.0,0,0.0332,0.5253000000000001,1.47,0.76,0.37670000000000003,3.65,0.7208,1.4,6.79,0.97,1.05,0.25,-0.6599999999999999,-0.41000000000000003,14.93,2.71,0.9700000000000001,0.4188,5.12,2.16,0.7137,1.04,0.71,0.1948,8.2,69.3,20.689999999999998,-0.2,3.67,0.69,1.56,10.829999999999998,1.5699999999999998,6.3999999999999995,1.08,0.43,10.68,0.71,9.24,3.38,0.5742,13.46,0.48000000000000004,0.0859,2.53,0.5539000000000001,0.5253000000000001,1.47,0.76,0.37670000000000003,3.65,0.7208,1.4,6.79,0.97,1.05,0.25,-0.6599999999999999,-0.41000000000000003,14.93,2.71,0.9700000000000001,0.4188,5.12,2.16,0.7137,1.04,0.71,0.1948,8.2,69.3,20.689999999999998,-0.2,3.67,0.69,1.56,10.829999999999998,1.5699999999999998,6.3999999999999995,1.08,0.43,10.68,0.71,9.24,3.38,0.5742,13.46,0.48000000000000004,0.0859,2.53,0.5539000000000001
tarik black,2017,1,0,25.0,0,0.0332,0.5348,3.87,2.05,0.25,0.0,0.0043,0.0,5.33,0.56,2.84,0.58,-3.01,-0.73,22.25,3.09,0.7000000000000001,0.5344,3.87,2.05,0.6128,1.54,0.95,0.4018,15.8,57.8,15.76,-2.28,12.27,1.84,1.28,14.129999999999999,2.4000000000000004,5.07,1.23,0.38,14.36,0.79,17.1,4.91,0.5577000000000001,14.48,-0.21,0.09889999999999999,2.0300000000000002,0.5354,0.5348,3.87,2.05,0.25,0.0,0.0043,0.0,5.33,0.56,2.84,0.58,-3.01,-0.73,22.25,3.09,0.7000000000000001,0.5344,3.87,2.05,0.6128,1.54,0.95,0.4018,15.8,57.8,15.76,-2.28,12.27,1.84,1.28,14.129999999999999,2.4000000000000004,5.07,1.23,0.38,14.36,0.79,17.1,4.91,0.5577000000000001,14.48,-0.21,0.09889999999999999,2.0300000000000002,0.5354
tyler ennis,2017,2,1,22.0,0,0.0154,0.4517,2.88,1.29,0.3487,1.15,0.29100000000000004,0.42000000000000004,22.880000000000003,1.87,0.38,0.04000000000000001,-3.75,-0.77,8.15,0.9,0.33999999999999997,0.4234,4.06,1.71,0.7833,0.5,0.39,0.1244,3.3000000000000003,46.9,12.309999999999999,-2.95,1.8699999999999999,0.23,-0.08000000000000003,10.120000000000001,1.19,4.24,2.06,0.5,18.52,0.9600000000000001,5.039999999999999,1.1,0.49570000000000003,18.8,-0.26,0.0165,0.26,0.4748,0.4517,2.88,1.29,0.3487,1.15,0.29100000000000004,0.42000000000000004,22.880000000000003,1.87,0.38,0.04000000000000001,-3.75,-0.77,8.15,0.9,0.33999999999999997,0.4234,4.06,1.71,0.7833,0.5,0.39,0.1244,3.3000000000000003,46.9,12.309999999999999,-2.95,1.8699999999999999,0.23,-0.08000000000000003,10.120000000000001,1.19,4.24,2.06,0.5,18.52,0.9600000000000001,5.039999999999999,1.1,0.49570000000000003,18.8,-0.26,0.0165,0.26,0.4748
joffrey lauvergne,2017,2,0,25.0,0,0.0154,0.499,3.95,2.01,0.2796,1.1099999999999999,0.22369999999999998,0.33,9.63,0.87,1.19,0.22000000000000003,-2.7,-0.9,21.21,2.8,0.8200000000000001,0.4547,5.0600000000000005,2.34,0.7133,1.1,0.8400000000000001,0.2261,5.2,57.5,14.52,-1.8,8.53,1.11,0.6399999999999999,13.11,1.5299999999999998,5.8500000000000005,1.1300000000000001,0.32,13.64,0.8500000000000001,14.77,3.91,0.5164,19.08,-0.06000000000000001,0.07139999999999999,1.46,0.48819999999999997,0.499,3.95,2.01,0.2796,1.1099999999999999,0.22369999999999998,0.33,9.63,0.87,1.19,0.22000000000000003,-2.7,-0.9,21.21,2.8,0.8200000000000001,0.4547,5.0600000000000005,2.34,0.7133,1.1,0.8400000000000001,0.2261,5.2,57.5,14.52,-1.8,8.53,1.11,0.6399999999999999,13.11,1.5299999999999998,5.8500000000000005,1.1300000000000001,0.32,13.64,0.8500000000000001,14.77,3.91,0.5164,19.08,-0.06000000000000001,0.07139999999999999,1.46,0.48819999999999997
michael carterwilliams,2017,1,0,25.0,0,0.0272,0.42769999999999997,7.81,3.4200000000000004,0.2459,1.46,0.1674,0.33999999999999997,25.44,4.15,1.9500000000000002,0.59,-2.0300000000000002,0.89,16.07,3.59,1.71,0.3978,9.270000000000001,3.73,0.7115,2.63,1.87,0.277,33.2,51.9,25.07,-2.9299999999999997,3.16,0.72,-1.04,11.940000000000001,2.55,9.669999999999998,2.42,1.19,17.93,2.35,9.58,4.29,0.4598,22.18,0.1,0.0204,0.62,0.4185,0.42769999999999997,7.81,3.4200000000000004,0.2459,1.46,0.1674,0.33999999999999997,25.44,4.15,1.9500000000000002,0.59,-2.0300000000000002,0.89,16.07,3.59,1.71,0.3978,9.270000000000001,3.73,0.7115,2.63,1.87,0.277,33.2,51.9,25.07,-2.9299999999999997,3.16,0.72,-1.04,11.940000000000001,2.55,9.669999999999998,2.42,1.19,17.93,2.35,9.58,4.29,0.4598,22.18,0.1,0.0204,0.62,0.4185
nick collison,2017,1,1,36.0,0,0.0148,0.5513,1.6700000000000002,0.87,0.0534,0.23000000000000004,0.0743,0.04000000000000001,11.799999999999999,0.8500000000000001,1.4700000000000002,0.22000000000000003,-1.23,0.8800000000000001,17.17,1.54,0.49999999999999994,0.526,1.9,0.91,0.6599999999999999,0.5800000000000001,0.41000000000000003,0.31629999999999997,1.6,40.9,10.08,-2.11,9.040000000000001,0.8899999999999999,0.38,11.0,1.47,2.3,1.0500000000000003,0.24,17.95,0.48,13.129999999999999,2.4299999999999997,0.5574,10.79,0.05,0.10779999999999999,0.8800000000000001,0.5324,0.5513,1.6700000000000002,0.87,0.0534,0.23000000000000004,0.0743,0.04000000000000001,11.799999999999999,0.8500000000000001,1.4700000000000002,0.22000000000000003,-1.23,0.8800000000000001,17.17,1.54,0.49999999999999994,0.526,1.9,0.91,0.6599999999999999,0.5800000000000001,0.41000000000000003,0.31629999999999997,1.6,40.9,10.08,-2.11,9.040000000000001,0.8899999999999999,0.38,11.0,1.47,2.3,1.0500000000000003,0.24,17.95,0.48,13.129999999999999,2.4299999999999997,0.5574,10.79,0.05,0.10779999999999999,0.8800000000000001,0.5324
jeff green,2017,1,0,30.0,0,0.0148,0.4646,6.67,3.0999999999999996,0.2984,2.95,0.31079999999999997,0.88,8.809999999999999,1.4500000000000002,1.02,0.33,-2.38,-1.01,12.81,2.89,1.44,0.41200000000000003,9.620000000000001,3.98,0.8216,2.7800000000000002,2.3,0.29000000000000004,31.799999999999997,74.1,25.86,-1.3399999999999999,3.0100000000000002,0.73,0.8300000000000001,12.030000000000001,1.76,11.11,1.21,0.6,9.86,1.19,7.79,3.6500000000000004,0.5123,20.59,-0.02999999999999997,0.050699999999999995,2.32,0.45799999999999996,0.4646,6.67,3.0999999999999996,0.2984,2.95,0.31079999999999997,0.88,8.809999999999999,1.4500000000000002,1.02,0.33,-2.38,-1.01,12.81,2.89,1.44,0.41200000000000003,9.620000000000001,3.98,0.8216,2.7800000000000002,2.3,0.29000000000000004,31.799999999999997,74.1,25.86,-1.3399999999999999,3.0100000000000002,0.73,0.8300000000000001,12.030000000000001,1.76,11.11,1.21,0.6,9.86,1.19,7.79,3.6500000000000004,0.5123,20.59,-0.02999999999999997,0.050699999999999995,2.32,0.45799999999999996
arron afflalo,2017,1,0,31.0,0,0.0148,0.46240000000000003,5.99,2.77,0.3909,3.13,0.3448,1.19,8.31,1.5899999999999999,0.28,0.1,-3.17,-1.45,9.440000000000001,2.5300000000000002,0.5700000000000001,0.4377,9.100000000000001,3.96,0.8666,1.79,1.5699999999999998,0.20450000000000002,54.0,67.4,29.39,-1.72,0.9,0.2,1.46,9.86,1.87,10.7,0.66,0.37,8.95,1.01,5.1899999999999995,2.75,0.5454000000000001,16.37,-0.5599999999999999,0.048,2.0300000000000002,0.5052,0.46240000000000003,5.99,2.77,0.3909,3.13,0.3448,1.19,8.31,1.5899999999999999,0.28,0.1,-3.17,-1.45,9.440000000000001,2.5300000000000002,0.5700000000000001,0.4377,9.100000000000001,3.96,0.8666,1.79,1.5699999999999998,0.20450000000000002,54.0,67.4,29.39,-1.72,0.9,0.2,1.46,9.86,1.87,10.7,0.66,0.37,8.95,1.01,5.1899999999999995,2.75,0.5454000000000001,16.37,-0.5599999999999999,0.048,2.0300000000000002,0.5052
ramon sessions,2017,1,0,30.0,0,0.0023,0.426,4.63,2.04,0.3301,1.2,0.21039999999999998,0.38,23.299999999999997,2.73,0.21,0.08,-1.83,-0.53,10.149999999999999,1.6400000000000001,0.8300000000000001,0.4067,5.85,2.42,0.7661,2.79,2.1,0.47150000000000003,4.0,62.4,17.91,-1.3,1.69,0.27,0.9800000000000001,13.190000000000001,1.03,7.33,1.48,0.53,13.95,1.13,5.87,1.96,0.5149999999999999,20.330000000000002,0.11999999999999998,0.069,1.8099999999999998,0.4415,0.426,4.63,2.04,0.3301,1.2,0.21039999999999998,0.38,23.299999999999997,2.73,0.21,0.08,-1.83,-0.53,10.149999999999999,1.6400000000000001,0.8300000000000001,0.4067,5.85,2.42,0.7661,2.79,2.1,0.47150000000000003,4.0,62.4,17.91,-1.3,1.69,0.27,0.9800000000000001,13.190000000000001,1.03,7.33,1.48,0.53,13.95,1.13,5.87,1.96,0.5149999999999999,20.330000000000002,0.11999999999999998,0.069,1.8099999999999998,0.4415
david west,2017,1,1,36.0,0,0.0148,0.5301,5.53,2.84,0.35619999999999996,0.14,0.0266,0.020000000000000004,20.69,2.3200000000000003,3.5,0.7,2.59,2.79,18.92,3.09,2.28,0.5257000000000001,5.640000000000001,2.91,0.7682,1.1800000000000002,0.9000000000000001,0.2117,18.900000000000002,70.6,17.44,-0.19999999999999998,6.33,0.9400000000000001,1.45,16.78,1.77,6.77,1.94,0.6199999999999999,17.43,1.1800000000000002,12.870000000000001,4.0600000000000005,0.5589999999999999,18.549999999999997,1.35,0.1508,3.7800000000000002,0.5302,0.5301,5.53,2.84,0.35619999999999996,0.14,0.0266,0.020000000000000004,20.69,2.3200000000000003,3.5,0.7,2.59,2.79,18.92,3.09,2.28,0.5257000000000001,5.640000000000001,2.91,0.7682,1.1800000000000002,0.9000000000000001,0.2117,18.900000000000002,70.6,17.44,-0.19999999999999998,6.33,0.9400000000000001,1.45,16.78,1.77,6.77,1.94,0.6199999999999999,17.43,1.1800000000000002,12.870000000000001,4.0600000000000005,0.5589999999999999,18.549999999999997,1.35,0.1508,3.7800000000000002,0.5302
udonis haslem,2017,1,1,36.0,0,0.0148,0.4937,1.81,0.87,0.0733,0.2,0.1178,0.0,6.96,0.46,0.7,0.12000000000000001,-4.17,0.47,24.69,2.04,0.42000000000000004,0.4417,1.96,0.87,0.6656,0.77,0.53,0.45820000000000005,5.0,31.5,9.350000000000001,-4.609999999999999,6.460000000000001,0.56,0.08000000000000002,9.25,1.27,2.27,1.67,0.29000000000000004,15.350000000000001,0.42,15.66,2.59,0.4898,13.16,-0.13,0.0718,0.5,0.44489999999999996,0.4937,1.81,0.87,0.0733,0.2,0.1178,0.0,6.96,0.46,0.7,0.12000000000000001,-4.17,0.47,24.69,2.04,0.42000000000000004,0.4417,1.96,0.87,0.6656,0.77,0.53,0.45820000000000005,5.0,31.5,9.350000000000001,-4.609999999999999,6.460000000000001,0.56,0.08000000000000002,9.25,1.27,2.27,1.67,0.29000000000000004,15.350000000000001,0.42,15.66,2.59,0.4898,13.16,-0.13,0.0718,0.5,0.44489999999999996
gerald green,2017,1,0,31.0,0,0.0088,0.4609,3.7699999999999996,1.73,0.3432,3.38,0.4713,1.1400000000000001,8.760000000000002,0.83,0.9400000000000001,0.18,-2.49,-1.57,12.2,1.72,0.8200000000000001,0.4053,7.1000000000000005,2.87,0.8024,1.1600000000000001,0.91,0.1664,5.0,59.0,16.38,-0.89,2.7199999999999998,0.35,0.34,12.059999999999999,1.44,7.8500000000000005,1.0699999999999998,0.4,8.809999999999999,0.74,7.52,2.12,0.5157,22.97,-0.05,0.0536,1.19,0.4867,0.4609,3.7699999999999996,1.73,0.3432,3.38,0.4713,1.1400000000000001,8.760000000000002,0.83,0.9400000000000001,0.18,-2.49,-1.57,12.2,1.72,0.8200000000000001,0.4053,7.1000000000000005,2.87,0.8024,1.1600000000000001,0.91,0.1664,5.0,59.0,16.38,-0.89,2.7199999999999998,0.35,0.34,12.059999999999999,1.44,7.8500000000000005,1.0699999999999998,0.4,8.809999999999999,0.74,7.52,2.12,0.5157,22.97,-0.05,0.0536,1.19,0.4867
raymond felton,2017,1,0,32.0,0,0.0148,0.46699999999999997,4.57,2.13,0.3029,1.9500000000000002,0.2978,0.6,18.619999999999997,2.56,0.97,0.22999999999999998,-1.4100000000000001,0.33999999999999997,11.16,2.15,1.4500000000000002,0.41800000000000004,6.49,2.75,0.8046,1.1600000000000001,0.95,0.1683,15.399999999999999,69.8,20.81,-1.77,1.8000000000000003,0.37,0.4,11.5,1.46,6.94,1.83,0.75,13.52,1.0699999999999998,6.57,2.49,0.4946,17.91,0.21,0.053,1.8,0.4631,0.46699999999999997,4.57,2.13,0.3029,1.9500000000000002,0.2978,0.6,18.619999999999997,2.56,0.97,0.22999999999999998,-1.4100000000000001,0.33999999999999997,11.16,2.15,1.4500000000000002,0.41800000000000004,6.49,2.75,0.8046,1.1600000000000001,0.95,0.1683,15.399999999999999,69.8,20.81,-1.77,1.8000000000000003,0.37,0.4,11.5,1.46,6.94,1.83,0.75,13.52,1.0699999999999998,6.57,2.49,0.4946,17.91,0.21,0.053,1.8,0.4631
jason terry,2017,1,1,39.0,0,0.0148,0.474,1.3,0.6000000000000001,0.3983,3.0700000000000003,0.705,1.21,11.43,1.4500000000000002,1.01,0.22,-0.8300000000000001,0.09999999999999998,6.98,1.15,0.8700000000000001,0.42100000000000004,4.369999999999999,1.8099999999999998,0.822,0.47000000000000003,0.37,0.1075,5.7,74.0,18.71,-0.9299999999999999,1.21,0.2,1.33,9.89,1.34,5.22,1.79,0.69,12.22,0.66,4.12,1.35,0.5778,12.260000000000002,0.43000000000000005,0.0754,2.2199999999999998,0.5610999999999999,0.474,1.3,0.6000000000000001,0.3983,3.0700000000000003,0.705,1.21,11.43,1.4500000000000002,1.01,0.22,-0.8300000000000001,0.09999999999999998,6.98,1.15,0.8700000000000001,0.42100000000000004,4.369999999999999,1.8099999999999998,0.822,0.47000000000000003,0.37,0.1075,5.7,74.0,18.71,-0.9299999999999999,1.21,0.2,1.33,9.89,1.34,5.22,1.79,0.69,12.22,0.66,4.12,1.35,0.5778,12.260000000000002,0.43000000000000005,0.0754,2.2199999999999998,0.5610999999999999
dante cunningham,2017,1,1,29.0,0,0.0232,0.5481,3.25,1.74,0.3108,2.0500000000000003,0.38439999999999996,0.76,4.16,0.76,1.46,0.44,-2.1399999999999997,0.08000000000000002,12.780000000000001,2.87,1.25,0.4692,5.28,2.45,0.6284,0.6399999999999999,0.39,0.125,36.7,70.2,24.88,-2.2,3.69,0.8300000000000001,1.25,9.459999999999999,1.71,6.17,1.23,0.59,7.800000000000001,0.45,8.190000000000001,3.7800000000000002,0.5496,10.83,-0.06,0.069,2.45,0.5392,0.5481,3.25,1.74,0.3108,2.0500000000000003,0.38439999999999996,0.76,4.16,0.76,1.46,0.44,-2.1399999999999997,0.08000000000000002,12.780000000000001,2.87,1.25,0.4692,5.28,2.45,0.6284,0.6399999999999999,0.39,0.125,36.7,70.2,24.88,-2.2,3.69,0.8300000000000001,1.25,9.459999999999999,1.71,6.17,1.23,0.59,7.800000000000001,0.45,8.190000000000001,3.7800000000000002,0.5496,10.83,-0.06,0.069,2.45,0.5392
michael beasley,2017,1,0,28.0,0,0.0148,0.5262,7.67,4.01,0.3564,0.83,0.0982,0.27,9.98,0.95,2.3200000000000003,0.5,-1.03,-0.8200000000000001,19.36,3.04,0.69,0.5094000000000001,8.5,4.33,0.7581,1.92,1.43,0.2258,3.2,38.8,18.009999999999998,-0.18000000000000005,5.720000000000001,0.8999999999999999,0.46,17.770000000000003,1.96,10.3,1.52,0.55,12.07,1.26,12.59,3.91,0.5556999999999999,26.4,0.18,0.08299999999999999,1.18,0.5263,0.5262,7.67,4.01,0.3564,0.83,0.0982,0.27,9.98,0.95,2.3200000000000003,0.5,-1.03,-0.8200000000000001,19.36,3.04,0.69,0.5094000000000001,8.5,4.33,0.7581,1.92,1.43,0.2258,3.2,38.8,18.009999999999998,-0.18000000000000005,5.720000000000001,0.8999999999999999,0.46,17.770000000000003,1.96,10.3,1.52,0.55,12.07,1.26,12.59,3.91,0.5556999999999999,26.4,0.18,0.08299999999999999,1.18,0.5263
marreese speights,2017,1,0,29.0,0,0.0148,0.4913,4.96,2.39,0.3577,2.01,0.2989,0.76,9.4,0.8200000000000001,2.62,0.48,-1.1900000000000002,-0.82,21.73,3.0,1.5699999999999998,0.4505,6.9399999999999995,3.1500000000000004,0.8541,1.79,1.54,0.2552,2.8,77.8,14.51,-0.42,9.149999999999999,1.1600000000000001,1.84,17.78,2.38,8.559999999999999,0.9400000000000001,0.3,10.59,0.8900000000000001,15.649999999999999,4.1,0.5529999999999999,26.53,0.33,0.1397,3.4400000000000004,0.5061,0.4913,4.96,2.39,0.3577,2.01,0.2989,0.76,9.4,0.8200000000000001,2.62,0.48,-1.1900000000000002,-0.82,21.73,3.0,1.5699999999999998,0.4505,6.9399999999999995,3.1500000000000004,0.8541,1.79,1.54,0.2552,2.8,77.8,14.51,-0.42,9.149999999999999,1.1600000000000001,1.84,17.78,2.38,8.559999999999999,0.9400000000000001,0.3,10.59,0.8900000000000001,15.649999999999999,4.1,0.5529999999999999,26.53,0.33,0.1397,3.4400000000000004,0.5061
aaron brooks,2017,1,0,32.0,0,0.0148,0.4294,3.75,1.6300000000000001,0.372,2.5700000000000003,0.4083,0.9500000000000001,22.990000000000002,2.37,0.78,0.12000000000000001,-2.79,-1.21,6.9,1.08,0.76,0.406,6.34,2.6,0.7964,0.99,0.8200000000000001,0.1499,4.2,69.6,16.33,-1.53,2.13,0.32,0.30000000000000004,11.17,1.7299999999999998,6.949999999999999,1.42,0.46,15.84,1.24,4.55,1.4,0.5085,21.47,-0.16,0.0366,1.08,0.4818,0.4294,3.75,1.6300000000000001,0.372,2.5700000000000003,0.4083,0.9500000000000001,22.990000000000002,2.37,0.78,0.12000000000000001,-2.79,-1.21,6.9,1.08,0.76,0.406,6.34,2.6,0.7964,0.99,0.8200000000000001,0.1499,4.2,69.6,16.33,-1.53,2.13,0.32,0.30000000000000004,11.17,1.7299999999999998,6.949999999999999,1.42,0.46,15.84,1.24,4.55,1.4,0.5085,21.47,-0.16,0.0366,1.08,0.4818
javale mcgee,2017,1,1,29.0,0,0.0148,0.6091,3.9,2.4000000000000004,0.0,0.0,0.0066,0.0,2.75,0.15000000000000002,6.54,0.8700000000000001,-0.04999999999999993,0.0,20.939999999999998,2.05,0.96,0.6049,3.9,2.4000000000000004,0.5359,1.31,0.7,0.3383,5.6,53.3,10.29,-0.08000000000000007,14.15,1.29,1.2,21.45,1.38,5.5,0.89,0.15000000000000002,11.81,0.5900000000000001,17.54,3.31,0.6066,22.009999999999998,0.31,0.17049999999999998,2.16,0.6049,0.6091,3.9,2.4000000000000004,0.0,0.0,0.0066,0.0,2.75,0.15000000000000002,6.54,0.8700000000000001,-0.04999999999999993,0.0,20.939999999999998,2.05,0.96,0.6049,3.9,2.4000000000000004,0.5359,1.31,0.7,0.3383,5.6,53.3,10.29,-0.08000000000000007,14.15,1.29,1.2,21.45,1.38,5.5,0.89,0.15000000000000002,11.81,0.5900000000000001,17.54,3.31,0.6066,22.009999999999998,0.31,0.17049999999999998,2.16,0.6049
derrick rose,2017,1,0,28.0,0,0.0029,0.4712,13.450000000000001,6.35,0.2524,2.2,0.1384,0.61,25.189999999999998,4.59,0.66,0.27,-1.37,-2.01,9.030000000000001,2.71,0.8999999999999999,0.4446,15.7,6.960000000000001,0.8374999999999999,3.5500000000000003,3.0100000000000002,0.22560000000000002,62.0,62.0,31.79,0.6400000000000001,2.94,0.85,0.96,15.7,1.28,17.46,1.12,0.7,12.95,2.6,6.0200000000000005,3.56,0.5073000000000001,27.38,0.28,0.044300000000000006,1.8599999999999999,0.4629,0.4712,13.450000000000001,6.35,0.2524,2.2,0.1384,0.61,25.189999999999998,4.59,0.66,0.27,-1.37,-2.01,9.030000000000001,2.71,0.8999999999999999,0.4446,15.7,6.960000000000001,0.8374999999999999,3.5500000000000003,3.0100000000000002,0.22560000000000002,62.0,62.0,31.79,0.6400000000000001,2.94,0.85,0.96,15.7,1.28,17.46,1.12,0.7,12.95,2.6,6.0200000000000005,3.56,0.5073000000000001,27.38,0.28,0.044300000000000006,1.8599999999999999,0.4629
luke babbitt,2017,1,0,27.0,0,0.0148,0.3987,1.88,0.81,0.43079999999999996,2.6,0.6064,1.1,6.14,0.66,0.81,0.17,-1.83,-0.56,14.46,2.05,0.69,0.4234,4.4799999999999995,1.9300000000000002,0.7373000000000001,0.49,0.38,0.0982,35.2,60.7,15.889999999999999,-1.3,1.88,0.29000000000000004,0.8600000000000001,9.850000000000001,1.62,5.32,0.8500000000000001,0.27,8.370000000000001,0.43000000000000005,8.08,2.34,0.5670999999999999,14.23,0.03,0.0781,1.5500000000000003,0.5545,0.3987,1.88,0.81,0.43079999999999996,2.6,0.6064,1.1,6.14,0.66,0.81,0.17,-1.83,-0.56,14.46,2.05,0.69,0.4234,4.4799999999999995,1.9300000000000002,0.7373000000000001,0.49,0.38,0.0982,35.2,60.7,15.889999999999999,-1.3,1.88,0.29000000000000004,0.8600000000000001,9.850000000000001,1.62,5.32,0.8500000000000001,0.27,8.370000000000001,0.43000000000000005,8.08,2.34,0.5670999999999999,14.23,0.03,0.0781,1.5500000000000003,0.5545
mike scott,2017,1,0,28.0,0,0.0148,0.46330000000000005,2.53,1.2,0.2604,1.94,0.43979999999999997,0.54,11.58,0.97,1.05,0.16,-2.88,-0.5700000000000001,14.8,1.81,0.7699999999999999,0.3732,4.49,1.74,0.8341000000000001,0.66,0.5900000000000001,0.1524,0.0,45.1,13.290000000000001,-2.2600000000000002,5.35,0.6499999999999999,0.68,10.170000000000002,1.0099999999999998,4.67,1.05,0.27,9.95,0.5,10.16,2.4400000000000004,0.4611,17.4,0.16,0.055600000000000004,1.45,0.42969999999999997,0.46330000000000005,2.53,1.2,0.2604,1.94,0.43979999999999997,0.54,11.58,0.97,1.05,0.16,-2.88,-0.5700000000000001,14.8,1.81,0.7699999999999999,0.3732,4.49,1.74,0.8341000000000001,0.66,0.5900000000000001,0.1524,0.0,45.1,13.290000000000001,-2.2600000000000002,5.35,0.6499999999999999,0.68,10.170000000000002,1.0099999999999998,4.67,1.05,0.27,9.95,0.5,10.16,2.4400000000000004,0.4611,17.4,0.16,0.055600000000000004,1.45,0.42969999999999997
ian clark,2017,1,0,25.0,0,0.0148,0.5,2.45,1.28,0.3607,1.6400000000000001,0.4218,0.61,12.129999999999999,0.98,1.05,0.13,-1.92,-0.37,8.83,0.97,0.87,0.4448,4.09,1.86,0.8267,0.61,0.48,0.1502,0.3,64.3,11.32,-1.55,2.41,0.22999999999999998,0.59,11.76,0.91,4.859999999999999,1.75,0.4,12.94,0.62,5.75,1.2000000000000002,0.5473,18.8,0.05,0.082,1.46,0.5207,0.5,2.45,1.28,0.3607,1.6400000000000001,0.4218,0.61,12.129999999999999,0.98,1.05,0.13,-1.92,-0.37,8.83,0.97,0.87,0.4448,4.09,1.86,0.8267,0.61,0.48,0.1502,0.3,64.3,11.32,-1.55,2.41,0.22999999999999998,0.59,11.76,0.91,4.859999999999999,1.75,0.4,12.94,0.62,5.75,1.2000000000000002,0.5473,18.8,0.05,0.082,1.46,0.5207
chris paul,2018,4,1,32.0,0,0.35,0.5216000000000001,8.09,4.1899999999999995,0.3875,5.63,0.412,2.17,45.03,8.71,0.47,0.17,7.739999999999999,2.05,15.25,4.43,2.83,0.4652,13.790000000000001,6.38,0.9063000000000001,4.07,3.69,0.2966,62.1,62.1,31.89,5.67,2.23,0.61,7.96,25.299999999999997,2.42,18.630000000000003,2.85,1.87,13.13,2.34,8.79,5.04,0.6012,24.990000000000002,4.86,0.26230000000000003,10.82,0.5449,0.5216000000000001,8.09,4.1899999999999995,0.3875,5.63,0.412,2.17,45.03,8.71,0.47,0.17,7.739999999999999,2.05,15.25,4.43,2.83,0.4652,13.790000000000001,6.38,0.9063000000000001,4.07,3.69,0.2966,62.1,62.1,31.89,5.67,2.23,0.61,7.96,25.299999999999997,2.42,18.630000000000003,2.85,1.87,13.13,2.34,8.79,5.04,0.6012,24.990000000000002,4.86,0.26230000000000003,10.82,0.5449
lebron james,2018,4,0,33.0,1,0.35,0.5993999999999999,14.18,8.51,0.35419999999999996,4.62,0.2445,1.63,41.79,8.52,1.69,0.75,8.43,1.46,21.12,7.140000000000001,3.2,0.5394000000000001,18.83,10.16,0.7139,6.71,4.73,0.3559,78.4,78.4,36.91,6.970000000000001,3.99,1.29,10.36,27.9,1.77,26.73,1.83,1.3399999999999999,15.520000000000001,3.9899999999999998,12.690000000000001,8.36,0.6138,31.080000000000002,7.609999999999999,0.2252,13.59,0.5833999999999999,0.6013,16.7,10.01,0.3623,5.27,0.24070000000000003,1.92,40.66,8.36,2.5700000000000003,1.15,11.49,2.6500000000000004,22.11,7.779999999999999,1.1300000000000001,0.544,21.97,11.96,0.7146,8.73,6.27,0.395,20.6,20.6,41.16,8.84,4.1,1.43,3.7,31.130000000000003,2.44,32.099999999999994,2.18,1.7299999999999998,13.6,4.07,13.170000000000002,9.18,0.6212,33.120000000000005,2.9000000000000004,0.27180000000000004,4.83,0.5879
paul george,2018,4,1,27.0,0,0.3,0.4667,10.25,4.79,0.3926,7.23,0.41559999999999997,2.85,16.14,3.46,1.03,0.45,3.3600000000000003,0.5700000000000001,16.56,5.290000000000001,3.84,0.4369,17.48,7.640000000000001,0.8524,5.4,4.619999999999999,0.3094,78.2,78.2,36.03,2.79,2.72,0.89,4.55,19.589999999999996,2.8200000000000003,22.68,2.6,1.8599999999999999,12.629999999999999,2.88,9.57,6.23,0.5725,27.6,3.8,0.1427,8.42,0.5186999999999999,0.4667,10.25,4.79,0.3926,7.23,0.41559999999999997,2.85,16.14,3.46,1.03,0.45,3.3600000000000003,0.5700000000000001,16.56,5.290000000000001,3.84,0.4369,17.48,7.640000000000001,0.8524,5.4,4.619999999999999,0.3094,78.2,78.2,36.03,2.79,2.72,0.89,4.55,19.589999999999996,2.8200000000000003,22.68,2.6,1.8599999999999999,12.629999999999999,2.88,9.57,6.23,0.5725,27.6,3.8,0.1427,8.42,0.5186999999999999
aaron gordon,2018,4,1,22.0,0,0.2119,0.5131000000000001,7.87,4.05,0.3136,4.3,0.3392,1.4,11.059999999999999,2.04,1.8499999999999999,0.69,0.05000000000000002,-0.49,19.240000000000002,5.18,1.9500000000000002,0.4478,12.170000000000002,5.42,0.6982999999999999,3.26,2.29,0.27190000000000003,57.5,68.6,29.84,0.54,5.89,1.6,1.6900000000000002,16.0,2.01,14.45,1.49,0.9,9.35,1.3900000000000001,12.5,6.78,0.5322,21.84,1.01,0.0869,3.6400000000000006,0.5015000000000001,0.5131000000000001,7.87,4.05,0.3136,4.3,0.3392,1.4,11.059999999999999,2.04,1.8499999999999999,0.69,0.05000000000000002,-0.49,19.240000000000002,5.18,1.9500000000000002,0.4478,12.170000000000002,5.42,0.6982999999999999,3.26,2.29,0.27190000000000003,57.5,68.6,29.84,0.54,5.89,1.6,1.6900000000000002,16.0,2.01,14.45,1.49,0.9,9.35,1.3900000000000001,12.5,6.78,0.5322,21.84,1.01,0.0869,3.6400000000000006,0.5015000000000001
zach lavine,2018,4,1,22.0,0,0.1914,0.4534,8.959999999999999,4.03,0.36440000000000006,5.31,0.3701,1.98,16.8,3.02,0.52,0.2,-1.42,-1.49,12.07,3.15,0.51,0.4196,14.27,5.98,0.8159,3.65,2.95,0.252,32.7,42.5,30.410000000000004,0.08999999999999997,1.3399999999999999,0.38,1.11,14.54,2.29,16.82,1.56,0.93,10.4,1.82,6.6,3.5300000000000002,0.5319,25.96,0.28,0.0479,1.5699999999999998,0.48740000000000006,0.4534,8.959999999999999,4.03,0.36440000000000006,5.31,0.3701,1.98,16.8,3.02,0.52,0.2,-1.42,-1.49,12.07,3.15,0.51,0.4196,14.27,5.98,0.8159,3.65,2.95,0.252,32.7,42.5,30.410000000000004,0.08999999999999997,1.3399999999999999,0.38,1.11,14.54,2.29,16.82,1.56,0.93,10.4,1.82,6.6,3.5300000000000002,0.5319,25.96,0.28,0.0479,1.5699999999999998,0.48740000000000006
kevin durant,2018,2,1,29.0,1,0.2945,0.5787,11.899999999999999,6.87,0.3994,5.89,0.3298,2.34,24.52,5.140000000000001,3.6399999999999997,1.62,8.3,1.28,21.19,7.0,3.3499999999999996,0.5201,17.79,9.26,0.8866,6.19,5.51,0.3499,67.0,67.0,34.28,7.04,1.86,0.55,8.35,26.92,1.95,26.37,1.21,0.88,12.27,2.8600000000000003,12.16,7.529999999999999,0.6421,29.66,6.02,0.2449,11.7,0.5858,0.558,13.98,7.7700000000000005,0.35950000000000004,6.2299999999999995,0.30879999999999996,2.1900000000000004,19.18,4.3,2.65,1.19,7.57,0.9,19.03,6.9,1.08,0.4963,20.240000000000002,9.96,0.8964,7.29,6.52,0.3615,18.6,18.6,37.91,6.67,2.4000000000000004,0.77,2.25,24.86,2.2,28.729999999999997,1.04,0.79,10.21,2.67,11.11,7.6899999999999995,0.6163000000000001,30.21,1.7,0.2285,3.33,0.5522
will barton,2018,4,1,27.0,0,0.1161,0.4951,7.51,3.71,0.365,4.57,0.3776,1.68,17.439999999999998,3.57,1.4500000000000002,0.55,0.77,-0.5800000000000001,14.969999999999999,4.140000000000001,1.52,0.44530000000000003,12.08,5.359999999999999,0.7896000000000001,3.02,2.34,0.2501,25.9,74.9,30.810000000000002,1.4,3.1799999999999997,0.8899999999999999,3.43,15.95,1.9500000000000002,14.84,1.47,0.92,11.54,1.7200000000000002,9.059999999999999,4.949999999999999,0.5521,21.28,1.69,0.101,4.95,0.5142,0.4951,7.51,3.71,0.365,4.57,0.3776,1.68,17.439999999999998,3.57,1.4500000000000002,0.55,0.77,-0.5800000000000001,14.969999999999999,4.140000000000001,1.52,0.44530000000000003,12.08,5.359999999999999,0.7896000000000001,3.02,2.34,0.2501,25.9,74.9,30.810000000000002,1.4,3.1799999999999997,0.8899999999999999,3.43,15.95,1.9500000000000002,14.84,1.47,0.92,11.54,1.7200000000000002,9.059999999999999,4.949999999999999,0.5521,21.28,1.69,0.101,4.95,0.5142
marcus smart,2018,4,1,23.0,0,0.1144999999999999,0.4259,4.98,2.1100000000000003,0.28600000000000003,4.359999999999999,0.4656,1.26,21.61,4.38,1.12,0.38,-1.19,0.9199999999999999,10.34,2.8,2.54,0.3608,9.34,3.37,0.7635000000000001,2.75,2.1,0.29200000000000004,14.7,62.9,29.53,-2.06,3.5700000000000003,0.9400000000000001,-0.04999999999999999,11.26,2.5700000000000003,10.1,2.42,1.4300000000000002,16.22,2.06,6.95,3.76,0.4779,18.82,0.35,0.0638,2.49,0.4276,0.4259,4.98,2.1100000000000003,0.28600000000000003,4.359999999999999,0.4656,1.26,21.61,4.38,1.12,0.38,-1.19,0.9199999999999999,10.34,2.8,2.54,0.3608,9.34,3.37,0.7635000000000001,2.75,2.1,0.29200000000000004,14.7,62.9,29.53,-2.06,3.5700000000000003,0.9400000000000001,-0.04999999999999999,11.26,2.5700000000000003,10.1,2.42,1.4300000000000002,16.22,2.06,6.95,3.76,0.4779,18.82,0.35,0.0638,2.49,0.4276
derrick favors,2018,2,1,26.0,0,0.1659,0.5488999999999999,9.18,4.99,0.201,0.48000000000000004,0.0532,0.13,8.05,1.2800000000000002,3.1900000000000004,1.09,1.38,0.95,19.23,4.67,3.09,0.5306,9.66,5.119999999999999,0.6518,2.88,1.87,0.2939,62.0,65.9,27.509999999999998,0.51,10.059999999999999,2.38,3.16,18.46,2.16,12.280000000000001,1.65,0.86,10.39,1.25,14.73,7.050000000000001,0.5603,20.240000000000002,1.65,0.1568,6.23,0.5365,0.5488999999999999,9.18,4.99,0.201,0.48000000000000004,0.0532,0.13,8.05,1.2800000000000002,3.1900000000000004,1.09,1.38,0.95,19.23,4.67,3.09,0.5306,9.66,5.119999999999999,0.6518,2.88,1.87,0.2939,62.0,65.9,27.509999999999998,0.51,10.059999999999999,2.38,3.16,18.46,2.16,12.280000000000001,1.65,0.86,10.39,1.25,14.73,7.050000000000001,0.5603,20.240000000000002,1.65,0.1568,6.23,0.5365
kyle anderson,2018,4,0,24.0,0,0.0848,0.5142,3.9,2.1,0.3438,0.68,0.1473,0.25,13.809999999999999,2.06,2.24,0.6000000000000001,2.27,3.23,18.380000000000003,3.38,3.0599999999999996,0.49060000000000004,4.58,2.3,0.7421,1.46,1.04,0.3046,39.9,74.2,20.81,-0.96,3.9400000000000004,0.76,1.5499999999999998,14.280000000000001,1.26,5.87,2.7,1.17,15.21,0.9600000000000001,11.239999999999998,4.19,0.5541,13.26,1.72,0.1402,4.61,0.5164,0.5142,3.9,2.1,0.3438,0.68,0.1473,0.25,13.809999999999999,2.06,2.24,0.6000000000000001,2.27,3.23,18.380000000000003,3.38,3.0599999999999996,0.49060000000000004,4.58,2.3,0.7421,1.46,1.04,0.3046,39.9,74.2,20.81,-0.96,3.9400000000000004,0.76,1.5499999999999998,14.280000000000001,1.26,5.87,2.7,1.17,15.21,0.9600000000000001,11.239999999999998,4.19,0.5541,13.26,1.72,0.1402,4.61,0.5164
jerami grant,2018,3,1,23.0,0,0.085,0.5561,4.140000000000001,2.2800000000000002,0.30479999999999996,1.5299999999999998,0.27549999999999997,0.45,5.89,0.89,4.27,1.12,-0.58,0.47,14.64,2.76,1.81,0.4902,5.59,2.73,0.6527000000000001,2.88,1.89,0.505,12.1,79.9,21.240000000000002,-1.05,4.609999999999999,0.9600000000000001,2.18,13.649999999999999,2.08,7.79,1.04,0.46,10.01,0.8099999999999999,9.469999999999999,3.67,0.5715,15.23,0.61,0.1153,3.99,0.5333,0.5561,4.140000000000001,2.2800000000000002,0.30479999999999996,1.5299999999999998,0.27549999999999997,0.45,5.89,0.89,4.27,1.12,-0.58,0.47,14.64,2.76,1.81,0.4902,5.59,2.73,0.6527000000000001,2.88,1.89,0.505,12.1,79.9,21.240000000000002,-1.05,4.609999999999999,0.9600000000000001,2.18,13.649999999999999,2.08,7.79,1.04,0.46,10.01,0.8099999999999999,9.469999999999999,3.67,0.5715,15.23,0.61,0.1153,3.99,0.5333
avery bradley,2018,2,1,27.0,0,0.1177999999999999,0.47019999999999995,8.95,4.199999999999999,0.3737,4.78,0.34940000000000004,1.78,10.46,2.08,0.52,0.22,-2.2,-0.59,9.969999999999999,2.9299999999999997,1.7599999999999998,0.4353,13.71,5.95,0.7593000000000001,1.73,1.3199999999999998,0.1257,53.9,54.7,32.3,-1.58,2.45,0.73,0.030000000000000027,11.760000000000002,2.22,15.08,1.8800000000000001,1.21,11.4,1.86,6.199999999999999,3.6599999999999997,0.52,22.28,0.09999999999999998,0.038799999999999994,1.7899999999999998,0.5009,0.47019999999999995,8.95,4.199999999999999,0.3737,4.78,0.34940000000000004,1.78,10.46,2.08,0.52,0.22,-2.2,-0.59,9.969999999999999,2.9299999999999997,1.7599999999999998,0.4353,13.71,5.95,0.7593000000000001,1.73,1.3199999999999998,0.1257,53.9,54.7,32.3,-1.58,2.45,0.73,0.030000000000000027,11.760000000000002,2.22,15.08,1.8800000000000001,1.21,11.4,1.86,6.199999999999999,3.6599999999999997,0.52,22.28,0.09999999999999998,0.038799999999999994,1.7899999999999998,0.5009
deandre jordan,2018,1,0,29.0,0,0.2248,0.6784,7.2,4.85,0.0,0.0,0.0013,0.0,6.32,1.35,3.5700000000000003,1.42,2.25,0.38,35.72,10.54,4.18,0.6773,7.2,4.85,0.5206,5.21,2.6500000000000004,0.7349,78.2,78.2,32.0,1.9,13.82,3.96,6.36,20.759999999999998,2.62,12.35,0.9,0.57,14.4,1.6,24.95,14.5,0.6515,15.27,2.74,0.2019,10.54,0.6773,0.6784,7.2,4.85,0.0,0.0,0.0013,0.0,6.32,1.35,3.5700000000000003,1.42,2.25,0.38,35.72,10.54,4.18,0.6773,7.2,4.85,0.5206,5.21,2.6500000000000004,0.7349,78.2,78.2,32.0,1.9,13.82,3.96,6.36,20.759999999999998,2.62,12.35,0.9,0.57,14.4,1.6,24.95,14.5,0.6515,15.27,2.74,0.2019,10.54,0.6773
doug mcdermott,2018,3,0,26.0,0,0.072,0.4931,4.08,2.0,0.40900000000000003,2.95,0.41859999999999997,1.19,6.02,0.91,0.53,0.15000000000000002,-2.37,-1.4500000000000002,10.309999999999999,2.12,0.74,0.458,7.0,3.1900000000000004,0.8199000000000001,1.09,0.91,0.1562,4.3,76.5,22.340000000000003,-0.97,2.09,0.44,1.75,10.59,1.4300000000000002,8.48,0.45,0.2,8.07,0.6699999999999999,6.17,2.54,0.5679000000000001,15.879999999999999,-0.16000000000000003,0.07100000000000001,2.4899999999999998,0.5431,0.4931,4.08,2.0,0.40900000000000003,2.95,0.41859999999999997,1.19,6.02,0.91,0.53,0.15000000000000002,-2.37,-1.4500000000000002,10.309999999999999,2.12,0.74,0.458,7.0,3.1900000000000004,0.8199000000000001,1.09,0.91,0.1562,4.3,76.5,22.340000000000003,-0.97,2.09,0.44,1.75,10.59,1.4300000000000002,8.48,0.45,0.2,8.07,0.6699999999999999,6.17,2.54,0.5679000000000001,15.879999999999999,-0.16000000000000003,0.07100000000000001,2.4899999999999998,0.5431
nemanja bjelica,2018,3,0,29.0,0,0.0638,0.5246,2.5999999999999996,1.3499999999999999,0.3791,2.58,0.502,0.9800000000000001,9.51,1.29,1.24,0.27,-0.57,0.2,18.42,3.06,0.9400000000000001,0.45130000000000003,5.18,2.35,0.7668,0.8,0.6,0.15860000000000002,10.8,65.0,19.32,-0.7700000000000001,4.93,0.8300000000000001,1.31,11.84,2.29,6.279999999999999,1.65,0.61,12.93,0.8300000000000001,11.629999999999999,3.8899999999999997,0.5670999999999999,14.629999999999999,0.43999999999999995,0.0836,2.23,0.5464,0.5246,2.5999999999999996,1.3499999999999999,0.3791,2.58,0.502,0.9800000000000001,9.51,1.29,1.24,0.27,-0.57,0.2,18.42,3.06,0.9400000000000001,0.45130000000000003,5.18,2.35,0.7668,0.8,0.6,0.15860000000000002,10.8,65.0,19.32,-0.7700000000000001,4.93,0.8300000000000001,1.31,11.84,2.29,6.279999999999999,1.65,0.61,12.93,0.8300000000000001,11.629999999999999,3.8899999999999997,0.5670999999999999,14.629999999999999,0.43999999999999995,0.0836,2.23,0.5464
jabari parker,2018,1,0,22.0,0,0.1963,0.5149,10.08,5.1899999999999995,0.3524,2.45,0.1955,0.91,12.620000000000001,2.13,1.13,0.35,-0.5900000000000001,-1.5899999999999999,15.82,3.85,0.99,0.4866,12.51,6.1,0.747,2.7399999999999998,2.07,0.2127,30.9,46.0,28.509999999999998,1.0,6.1,1.47,1.56,17.240000000000002,1.86,15.150000000000002,1.6,0.88,10.469999999999999,1.59,11.01,5.35,0.5509,24.33,0.45999999999999996,0.088,2.52,0.5231,0.5149,10.08,5.1899999999999995,0.3524,2.45,0.1955,0.91,12.620000000000001,2.13,1.13,0.35,-0.5900000000000001,-1.5899999999999999,15.82,3.85,0.99,0.4866,12.51,6.1,0.747,2.7399999999999998,2.07,0.2127,30.9,46.0,28.509999999999998,1.0,6.1,1.47,1.56,17.240000000000002,1.86,15.150000000000002,1.6,0.88,10.469999999999999,1.59,11.01,5.35,0.5509,24.33,0.45999999999999996,0.088,2.52,0.5231
julius randle,2018,2,0,23.0,0,0.0848,0.5267999999999999,10.11,5.33,0.2476,0.6000000000000001,0.0582,0.13,15.89,2.74,1.47,0.48,-0.6100000000000001,-0.35,25.54,6.5,2.13,0.5112000000000001,10.68,5.46,0.7189,4.4,3.17,0.4091,58.4,79.4,27.630000000000003,-0.26000000000000006,8.23,2.12,2.54,17.619999999999997,3.27,14.27,1.02,0.6,15.71,2.35,16.74,8.62,0.5623,23.310000000000002,0.74,0.1035,4.67,0.5182,0.5267999999999999,10.11,5.33,0.2476,0.6000000000000001,0.0582,0.13,15.89,2.74,1.47,0.48,-0.6100000000000001,-0.35,25.54,6.5,2.13,0.5112000000000001,10.68,5.46,0.7189,4.4,3.17,0.4091,58.4,79.4,27.630000000000003,-0.26000000000000006,8.23,2.12,2.54,17.619999999999997,3.27,14.27,1.02,0.6,15.71,2.35,16.74,8.62,0.5623,23.310000000000002,0.74,0.1035,4.67,0.5182
trevor ariza,2018,1,0,32.0,0,0.1472,0.5219,3.1799999999999997,1.6800000000000002,0.3614,6.76,0.6797,2.4299999999999997,8.040000000000001,1.9200000000000002,0.5900000000000001,0.25,0.73,0.74,13.54,4.22,2.82,0.41189999999999993,9.969999999999999,4.109999999999999,0.8049999999999999,1.53,1.23,0.1533,73.7,73.7,34.42,-0.009999999999999995,2.0,0.62,2.76,12.17,1.9500000000000002,11.899999999999999,2.3600000000000003,1.69,8.030000000000001,0.9500000000000001,7.77,4.8100000000000005,0.5581,14.57,1.72,0.10569999999999999,5.529999999999999,0.534,0.5219,3.1799999999999997,1.6800000000000002,0.3614,6.76,0.6797,2.4299999999999997,8.040000000000001,1.9200000000000002,0.5900000000000001,0.25,0.73,0.74,13.54,4.22,2.82,0.41189999999999993,9.969999999999999,4.109999999999999,0.8049999999999999,1.53,1.23,0.1533,73.7,73.7,34.42,-0.009999999999999995,2.0,0.62,2.76,12.17,1.9500000000000002,11.899999999999999,2.3600000000000003,1.69,8.030000000000001,0.9500000000000001,7.77,4.8100000000000005,0.5581,14.57,1.72,0.10569999999999999,5.529999999999999,0.534
tyreke evans,2018,1,0,28.0,0,0.1217,0.4597,8.78,4.029999999999999,0.3839,4.33,0.32689999999999997,1.6900000000000002,30.29,4.85,0.98,0.27,2.71,-0.12,16.59,3.96,0.99,0.43410000000000004,13.11,5.72,0.7767,3.43,2.71,0.2629,22.8,43.0,27.48,2.7800000000000002,2.6500000000000004,0.65,1.6500000000000001,18.78,1.87,15.83,1.98,1.08,13.040000000000001,2.1799999999999997,9.46,4.609999999999999,0.5376000000000001,27.15,1.59,0.0939,2.59,0.4973,0.4597,8.78,4.029999999999999,0.3839,4.33,0.32689999999999997,1.6900000000000002,30.29,4.85,0.98,0.27,2.71,-0.12,16.59,3.96,0.99,0.43410000000000004,13.11,5.72,0.7767,3.43,2.71,0.2629,22.8,43.0,27.48,2.7800000000000002,2.6500000000000004,0.65,1.6500000000000001,18.78,1.87,15.83,1.98,1.08,13.040000000000001,2.1799999999999997,9.46,4.609999999999999,0.5376000000000001,27.15,1.59,0.0939,2.59,0.4973
jj redick,2018,1,1,33.0,0,0.1202999999999999,0.4874,5.84,2.85,0.4337,6.22,0.5149,2.7199999999999998,11.61,2.2,0.29000000000000004,0.13,1.11,-1.1300000000000001,7.840000000000001,2.17,1.63,0.4595,12.059999999999999,5.549999999999999,0.8969,2.87,2.57,0.2387,73.4,73.4,29.159999999999997,2.24,0.53,0.1,4.449999999999999,15.89,1.7400000000000002,16.310000000000002,0.9600000000000001,0.58,9.01,1.34,4.29,2.29,0.6131,21.97,1.71,0.1373,6.08,0.5705,0.4874,5.84,2.85,0.4337,6.22,0.5149,2.7199999999999998,11.61,2.2,0.29000000000000004,0.13,1.11,-1.1300000000000001,7.840000000000001,2.17,1.63,0.4595,12.059999999999999,5.549999999999999,0.8969,2.87,2.57,0.2387,73.4,73.4,29.159999999999997,2.24,0.53,0.1,4.449999999999999,15.89,1.7400000000000002,16.310000000000002,0.9600000000000001,0.58,9.01,1.34,4.29,2.29,0.6131,21.97,1.71,0.1373,6.08,0.5705
montrezl harrell,2018,2,1,24.0,0,0.0588999999999999,0.6498,5.75,3.7699999999999996,0.11439999999999999,0.08,0.014700000000000001,0.0,9.370000000000001,0.91,3.1399999999999997,0.62,1.8299999999999998,0.11,15.1,2.27,0.99,0.6419,5.83,3.7699999999999996,0.6058,2.32,1.4100000000000001,0.41000000000000003,5.9,63.2,15.93,1.72,8.38,1.24,3.2199999999999998,21.03,1.85,8.95,1.25,0.4,10.4,0.77,11.76,3.48,0.6491,20.08,1.1099999999999999,0.181,4.16,0.643,0.6498,5.75,3.7699999999999996,0.11439999999999999,0.08,0.014700000000000001,0.0,9.370000000000001,0.91,3.1399999999999997,0.62,1.8299999999999998,0.11,15.1,2.27,0.99,0.6419,5.83,3.7699999999999996,0.6058,2.32,1.4100000000000001,0.41000000000000003,5.9,63.2,15.93,1.72,8.38,1.24,3.2199999999999998,21.03,1.85,8.95,1.25,0.4,10.4,0.77,11.76,3.48,0.6491,20.08,1.1099999999999999,0.181,4.16,0.643
kentavious caldwellpope,2018,1,1,24.0,0,0.1177999999999999,0.4669,6.109999999999999,2.83,0.3583,5.52,0.47809999999999997,1.9500000000000002,9.620000000000001,2.21,0.47,0.2,0.03,0.5800000000000001,11.379999999999999,3.5100000000000002,2.64,0.41669999999999996,11.58,4.83,0.8063,2.62,2.13,0.2288,74.7,75.0,33.93,-0.6000000000000001,2.51,0.79,2.42,12.92,1.92,13.74,1.9900000000000002,1.3399999999999999,9.120000000000001,1.26,6.890000000000001,4.33,0.5404,17.85,1.27,0.0957,5.0600000000000005,0.5031,0.4669,6.109999999999999,2.83,0.3583,5.52,0.47809999999999997,1.9500000000000002,9.620000000000001,2.21,0.47,0.2,0.03,0.5800000000000001,11.379999999999999,3.5100000000000002,2.64,0.41669999999999996,11.58,4.83,0.8063,2.62,2.13,0.2288,74.7,75.0,33.93,-0.6000000000000001,2.51,0.79,2.42,12.92,1.92,13.74,1.9900000000000002,1.3399999999999999,9.120000000000001,1.26,6.890000000000001,4.33,0.5404,17.85,1.27,0.0957,5.0600000000000005,0.5031
marco belinelli,2018,2,0,31.0,0,0.0604,0.4921,4.6499999999999995,2.3200000000000003,0.3577,4.470000000000001,0.49010000000000004,1.63,12.100000000000001,1.93,0.39,0.13,-1.34,-0.89,8.09,1.7800000000000002,1.07,0.4264,9.15,3.9000000000000004,0.8885000000000001,2.09,1.89,0.2318,2.4000000000000004,75.8,24.270000000000003,-0.4000000000000001,0.9600000000000001,0.22999999999999998,1.8399999999999999,12.92,1.17,11.239999999999998,1.3800000000000001,0.68,9.870000000000001,1.1099999999999999,4.5600000000000005,2.01,0.5603,20.049999999999997,0.36,0.0749,2.91,0.5145,0.4921,4.6499999999999995,2.3200000000000003,0.3577,4.470000000000001,0.49010000000000004,1.63,12.100000000000001,1.93,0.39,0.13,-1.34,-0.89,8.09,1.7800000000000002,1.07,0.4264,9.15,3.9000000000000004,0.8885000000000001,2.09,1.89,0.2318,2.4000000000000004,75.8,24.270000000000003,-0.4000000000000001,0.9600000000000001,0.22999999999999998,1.8399999999999999,12.92,1.17,11.239999999999998,1.3800000000000001,0.68,9.870000000000001,1.1099999999999999,4.5600000000000005,2.01,0.5603,20.049999999999997,0.36,0.0749,2.91,0.5145
dwight howard,2018,2,0,32.0,0,0.0524,0.5952,9.77,5.7,0.0715,0.07,0.0069,0.0,7.29,1.35,4.1,1.48,0.39,0.25,32.23,8.940000000000001,3.92,0.5913999999999999,9.79,5.7,0.5447,6.65,3.6399999999999997,0.6851,76.9,76.9,30.53,0.09,12.280000000000001,3.4299999999999997,3.29,20.27,2.9800000000000004,15.09,1.22,0.77,16.2,2.45,22.189999999999998,12.42,0.5973999999999999,21.54,1.41,0.1479,7.210000000000001,0.5919,0.5952,9.77,5.7,0.0715,0.07,0.0069,0.0,7.29,1.35,4.1,1.48,0.39,0.25,32.23,8.940000000000001,3.92,0.5913999999999999,9.79,5.7,0.5447,6.65,3.6399999999999997,0.6851,76.9,76.9,30.53,0.09,12.280000000000001,3.4299999999999997,3.29,20.27,2.9800000000000004,15.09,1.22,0.77,16.2,2.45,22.189999999999998,12.42,0.5973999999999999,21.54,1.41,0.1479,7.210000000000001,0.5919
aron baynes,2018,2,1,31.0,0,0.051,0.499,4.65,2.3499999999999996,0.0715,0.15,0.0245,0.0,7.29,0.79,2.9299999999999997,0.5700000000000001,-2.3,0.5599999999999999,22.03,3.4,2.04,0.4904,4.800000000000001,2.3499999999999996,0.7828,1.29,1.0,0.2746,34.3,79.2,16.84,-2.8600000000000003,10.23,1.59,1.15,13.49,2.29,5.73,0.74,0.27,13.760000000000002,0.87,16.08,4.960000000000001,0.5346,16.33,-0.09,0.117,3.2199999999999998,0.4919,0.499,4.65,2.3499999999999996,0.0715,0.15,0.0245,0.0,7.29,0.79,2.9299999999999997,0.5700000000000001,-2.3,0.5599999999999999,22.03,3.4,2.04,0.4904,4.800000000000001,2.3499999999999996,0.7828,1.29,1.0,0.2746,34.3,79.2,16.84,-2.8600000000000003,10.23,1.59,1.15,13.49,2.29,5.73,0.74,0.27,13.760000000000002,0.87,16.08,4.960000000000001,0.5346,16.33,-0.09,0.117,3.2199999999999998,0.4919
rudy gay,2018,1,1,31.0,0,0.099,0.5019,9.260000000000002,4.609999999999999,0.33740000000000003,2.81,0.2296,0.94,10.73,1.83,2.33,0.76,0.91,0.39,18.18,4.46,1.77,0.4646,11.989999999999998,5.55,0.7985,3.35,2.73,0.279,26.0,51.5,27.74,0.5,5.54,1.31,1.1,17.47,2.15,14.799999999999999,2.01,1.13,11.81,1.8499999999999999,11.870000000000001,5.74,0.5478000000000001,24.52,0.95,0.1027,2.85,0.5036,0.5019,9.260000000000002,4.609999999999999,0.33740000000000003,2.81,0.2296,0.94,10.73,1.83,2.33,0.76,0.91,0.39,18.18,4.46,1.77,0.4646,11.989999999999998,5.55,0.7985,3.35,2.73,0.279,26.0,51.5,27.74,0.5,5.54,1.31,1.1,17.47,2.15,14.799999999999999,2.01,1.13,11.81,1.8499999999999999,11.870000000000001,5.74,0.5478000000000001,24.52,0.95,0.1027,2.85,0.5036
tony parker,2018,2,0,35.0,0,0.0491,0.4849,7.37,3.59,0.3179,0.86,0.1022,0.30000000000000004,28.259999999999998,4.16,0.16000000000000003,0.04000000000000001,-2.3499999999999996,-0.68,8.55,1.75,1.64,0.4679,8.23,3.8400000000000003,0.7222999999999999,1.7499999999999998,1.25,0.2105,43.8,60.8,22.81,-1.5899999999999999,0.76,0.12000000000000001,1.15,13.49,1.22,9.26,1.26,0.56,13.56,1.38,4.67,1.87,0.5124,20.55,0.03,0.0885,2.76,0.48419999999999996,0.4849,7.37,3.59,0.3179,0.86,0.1022,0.30000000000000004,28.259999999999998,4.16,0.16000000000000003,0.04000000000000001,-2.3499999999999996,-0.68,8.55,1.75,1.64,0.4679,8.23,3.8400000000000003,0.7222999999999999,1.7499999999999998,1.25,0.2105,43.8,60.8,22.81,-1.5899999999999999,0.76,0.12000000000000001,1.15,13.49,1.22,9.26,1.26,0.56,13.56,1.38,4.67,1.87,0.5124,20.55,0.03,0.0885,2.76,0.48419999999999996
rajon rondo,2018,1,0,31.0,0,0.0883,0.48419999999999996,6.21,3.0,0.3523,2.1999999999999997,0.26649999999999996,0.79,41.800000000000004,8.45,0.45999999999999996,0.18,-0.09999999999999998,0.09999999999999998,15.12,4.029999999999999,2.12,0.44720000000000004,8.41,3.77,0.5675,0.98,0.56,0.1116,58.5,67.6,28.15,-0.27999999999999997,2.92,0.8,1.29,15.11,2.01,8.870000000000001,2.35,1.37,23.04,2.65,9.18,4.73,0.5005000000000001,17.549999999999997,0.94,0.0859,3.41,0.4937,0.48419999999999996,6.21,3.0,0.3523,2.1999999999999997,0.26649999999999996,0.79,41.800000000000004,8.45,0.45999999999999996,0.18,-0.09999999999999998,0.09999999999999998,15.12,4.029999999999999,2.12,0.44720000000000004,8.41,3.77,0.5675,0.98,0.56,0.1116,58.5,67.6,28.15,-0.27999999999999997,2.92,0.8,1.29,15.11,2.01,8.870000000000001,2.35,1.37,23.04,2.65,9.18,4.73,0.5005000000000001,17.549999999999997,0.94,0.0859,3.41,0.4937
alex len,2018,2,0,24.0,0,0.0426999999999999,0.5201,6.050000000000001,3.1,0.2701,0.08,0.014,0.0,7.51,1.02,3.84,1.0,-1.4,-0.28,26.02,4.9399999999999995,1.52,0.5166999999999999,6.15,3.13,0.7039,3.08,2.16,0.5167999999999999,25.9,73.2,20.85,-1.1199999999999999,11.86,2.31,1.86,16.68,2.6599999999999997,8.45,1.01,0.45,14.969999999999999,1.32,18.78,7.25,0.5683,17.86,0.17,0.1113,3.41,0.5183,0.5201,6.050000000000001,3.1,0.2701,0.08,0.014,0.0,7.51,1.02,3.84,1.0,-1.4,-0.28,26.02,4.9399999999999995,1.52,0.5166999999999999,6.15,3.13,0.7039,3.08,2.16,0.5167999999999999,25.9,73.2,20.85,-1.1199999999999999,11.86,2.31,1.86,16.68,2.6599999999999997,8.45,1.01,0.45,14.969999999999999,1.32,18.78,7.25,0.5683,17.86,0.17,0.1113,3.41,0.5183
wayne ellington,2018,1,1,30.0,0,0.0233999999999999,0.4754,2.3600000000000003,1.11,0.381,6.37,0.7221,2.4299999999999997,6.640000000000001,1.05,0.27,0.1,-0.38999999999999996,-0.8300000000000001,10.08,2.19,1.3699999999999999,0.4061,8.73,3.54,0.8589,0.87,0.77,0.101,13.100000000000001,72.3,24.77,0.43999999999999995,1.3199999999999998,0.3,2.0300000000000002,12.05,1.15,10.29,1.31,0.6499999999999999,6.22,0.62,5.6899999999999995,2.4899999999999998,0.5630999999999999,17.52,0.75,0.089,3.4,0.5443,0.4754,2.3600000000000003,1.11,0.381,6.37,0.7221,2.4299999999999997,6.640000000000001,1.05,0.27,0.1,-0.38999999999999996,-0.8300000000000001,10.08,2.19,1.3699999999999999,0.4061,8.73,3.54,0.8589,0.87,0.77,0.101,13.100000000000001,72.3,24.77,0.43999999999999995,1.3199999999999998,0.3,2.0300000000000002,12.05,1.15,10.29,1.31,0.6499999999999999,6.22,0.62,5.6899999999999995,2.4899999999999998,0.5630999999999999,17.52,0.75,0.089,3.4,0.5443
anthony tolliver,2018,1,0,32.0,0,0.0564,0.5416000000000001,1.43,0.78,0.4073,4.109999999999999,0.7468,1.7,7.18,1.05,1.09,0.28,0.23000000000000004,-0.29,13.690000000000001,2.59,1.25,0.44179999999999997,5.54,2.48,0.7451000000000001,1.38,1.0,0.23959999999999998,10.7,73.4,21.630000000000003,0.5499999999999999,3.37,0.6399999999999999,2.65,12.32,1.65,7.640000000000001,1.01,0.43000000000000005,10.21,0.7,8.45,3.2700000000000005,0.6186,13.96,0.93,0.11549999999999999,3.9,0.5936,0.5416000000000001,1.43,0.78,0.4073,4.109999999999999,0.7468,1.7,7.18,1.05,1.09,0.28,0.23000000000000004,-0.29,13.690000000000001,2.59,1.25,0.44179999999999997,5.54,2.48,0.7451000000000001,1.38,1.0,0.23959999999999998,10.7,73.4,21.630000000000003,0.5499999999999999,3.37,0.6399999999999999,2.65,12.32,1.65,7.640000000000001,1.01,0.43000000000000005,10.21,0.7,8.45,3.2700000000000005,0.6186,13.96,0.93,0.11549999999999999,3.9,0.5936
demarcus cousins,2018,1,0,27.0,0,0.0524,0.5045,13.850000000000001,6.949999999999999,0.3519,5.1899999999999995,0.2775,1.86,22.64,4.74,3.43,1.47,5.050000000000001,1.7600000000000002,29.85,9.84,3.4,0.4608,19.07,8.79,0.7482,8.93,6.67,0.46799999999999997,58.599999999999994,58.599999999999994,35.28,3.29,7.04,2.21,2.4,23.76,3.79,26.08,2.14,1.54,16.16,4.37,18.66,12.05,0.5677,33.980000000000004,3.7,0.1341,5.77,0.5098,0.5045,13.850000000000001,6.949999999999999,0.3519,5.1899999999999995,0.2775,1.86,22.64,4.74,3.43,1.47,5.050000000000001,1.7600000000000002,29.85,9.84,3.4,0.4608,19.07,8.79,0.7482,8.93,6.67,0.46799999999999997,58.599999999999994,58.599999999999994,35.28,3.29,7.04,2.21,2.4,23.76,3.79,26.08,2.14,1.54,16.16,4.37,18.66,12.05,0.5677,33.980000000000004,3.7,0.1341,5.77,0.5098
dirk nowitzki,2018,1,1,39.0,0,0.0491,0.4825,7.42,3.5500000000000003,0.39149999999999996,4.29,0.3765,1.69,10.399999999999999,1.61,2.13,0.6499999999999999,1.89,0.35,25.15,5.6899999999999995,2.19,0.4487,11.64,5.22,0.8901000000000001,2.0700000000000003,1.85,0.1709,69.7,69.7,26.57,1.5699999999999998,1.62,0.41000000000000003,2.3200000000000003,17.25,2.0,13.92,1.1,0.6199999999999999,6.26,0.8400000000000001,13.0,6.1,0.5572,23.09,1.8900000000000001,0.1133,4.51,0.5228,0.4825,7.42,3.5500000000000003,0.39149999999999996,4.29,0.3765,1.69,10.399999999999999,1.61,2.13,0.6499999999999999,1.89,0.35,25.15,5.6899999999999995,2.19,0.4487,11.64,5.22,0.8901000000000001,2.0700000000000003,1.85,0.1709,69.7,69.7,26.57,1.5699999999999998,1.62,0.41000000000000003,2.3200000000000003,17.25,2.0,13.92,1.1,0.6199999999999999,6.26,0.8400000000000001,13.0,6.1,0.5572,23.09,1.8900000000000001,0.1133,4.51,0.5228
ed davis,2018,1,0,28.0,0,0.0437,0.5726,3.62,2.08,0.0,0.0,0.0015,0.0,4.87,0.65,2.77,0.6799999999999999,-1.1499999999999997,0.24000000000000002,25.509999999999998,4.38,1.92,0.5716,3.62,2.08,0.6304000000000001,1.74,1.06,0.482,3.5999999999999996,69.0,18.77,-1.3599999999999999,13.75,2.34,2.43,14.94,2.5999999999999996,5.24,1.1600000000000001,0.43,15.86,0.8,19.64,6.7700000000000005,0.5955999999999999,12.19,0.45000000000000007,0.1516,4.35,0.5716,0.5726,3.62,2.08,0.0,0.0,0.0015,0.0,4.87,0.65,2.77,0.6799999999999999,-1.1499999999999997,0.24000000000000002,25.509999999999998,4.38,1.92,0.5716,3.62,2.08,0.6304000000000001,1.74,1.06,0.482,3.5999999999999996,69.0,18.77,-1.3599999999999999,13.75,2.34,2.43,14.94,2.5999999999999996,5.24,1.1600000000000001,0.43,15.86,0.8,19.64,6.7700000000000005,0.5955999999999999,12.19,0.45000000000000007,0.1516,4.35,0.5716
kyle oquinn,2018,1,0,27.0,0,0.0437,0.5605,4.66,2.6399999999999997,0.19829999999999998,0.22,0.0505,0.07,16.020000000000003,1.72,6.1,1.2000000000000002,2.2,2.09,26.240000000000002,3.87,1.83,0.5429999999999999,4.9,2.66,0.7707,1.31,1.03,0.27,7.6,75.2,16.04,0.06,11.16,1.6400000000000001,2.08,19.65,2.23,6.3999999999999995,1.3599999999999999,0.45999999999999996,17.0,1.13,18.740000000000002,5.49,0.5821000000000001,18.29,1.3599999999999999,0.1489,3.8899999999999997,0.5484,0.5605,4.66,2.6399999999999997,0.19829999999999998,0.22,0.0505,0.07,16.020000000000003,1.72,6.1,1.2000000000000002,2.2,2.09,26.240000000000002,3.87,1.83,0.5429999999999999,4.9,2.66,0.7707,1.31,1.03,0.27,7.6,75.2,16.04,0.06,11.16,1.6400000000000001,2.08,19.65,2.23,6.3999999999999995,1.3599999999999999,0.45999999999999996,17.0,1.13,18.740000000000002,5.49,0.5821000000000001,18.29,1.3599999999999999,0.1489,3.8899999999999997,0.5484
lance stephenson,2018,1,0,27.0,0,0.0437,0.4915,5.720000000000001,2.84,0.3115,1.95,0.2466,0.5700000000000001,19.98,2.82,0.73,0.18,-2.34,-0.39,18.46,3.5500000000000003,1.32,0.4447,7.6899999999999995,3.41,0.6718000000000001,1.28,0.88,0.16870000000000002,6.1,60.2,21.310000000000002,-1.95,2.9,0.5800000000000001,0.020000000000000018,11.780000000000001,2.04,8.3,1.13,0.51,15.469999999999999,1.5,10.67,4.11,0.5025999999999999,20.45,0.05,0.0406,1.37,0.4826,0.4915,5.720000000000001,2.84,0.3115,1.95,0.2466,0.5700000000000001,19.98,2.82,0.73,0.18,-2.34,-0.39,18.46,3.5500000000000003,1.32,0.4447,7.6899999999999995,3.41,0.6718000000000001,1.28,0.88,0.16870000000000002,6.1,60.2,21.310000000000002,-1.95,2.9,0.5800000000000001,0.020000000000000018,11.780000000000001,2.04,8.3,1.13,0.51,15.469999999999999,1.5,10.67,4.11,0.5025999999999999,20.45,0.05,0.0406,1.37,0.4826
raul neto,2018,2,1,25.0,0,0.0210999999999999,0.48619999999999997,2.34,1.12,0.3779,1.19,0.33540000000000003,0.5,19.77,1.59,0.73,0.08,-1.13,1.1800000000000002,8.870000000000001,0.97,0.8,0.45,3.58,1.5899999999999999,0.7867999999999999,0.6900000000000001,0.48,0.1791,10.600000000000001,48.7,12.36,-2.31,1.48,0.17,0.25,11.2,1.11,4.18,2.05,0.4600000000000001,16.880000000000003,0.8300000000000001,5.24,1.1400000000000001,0.5391,17.03,0.11,0.0846,1.02,0.5129,0.48619999999999997,2.34,1.12,0.3779,1.19,0.33540000000000003,0.5,19.77,1.59,0.73,0.08,-1.13,1.1800000000000002,8.870000000000001,0.97,0.8,0.45,3.58,1.5899999999999999,0.7867999999999999,0.6900000000000001,0.48,0.1791,10.600000000000001,48.7,12.36,-2.31,1.48,0.17,0.25,11.2,1.11,4.18,2.05,0.4600000000000001,16.880000000000003,0.8300000000000001,5.24,1.1400000000000001,0.5391,17.03,0.11,0.0846,1.02,0.5129
mike scott,2018,1,0,29.0,0,0.0424,0.5174,3.52,1.91,0.32530000000000003,1.92,0.3769,0.67,10.399999999999999,1.02,0.9299999999999999,0.15000000000000002,-2.52,-0.76,15.24,2.15,0.8600000000000001,0.4435,5.4399999999999995,2.5300000000000002,0.7503,0.78,0.61,0.1469,0.5,58.4,15.55,-1.73,4.75,0.6699999999999999,0.95,11.370000000000001,1.44,6.390000000000001,0.92,0.27,11.47,0.74,10.030000000000001,2.82,0.5225,18.22,0.11,0.06470000000000001,1.86,0.5018,0.5174,3.52,1.91,0.32530000000000003,1.92,0.3769,0.67,10.399999999999999,1.02,0.9299999999999999,0.15000000000000002,-2.52,-0.76,15.24,2.15,0.8600000000000001,0.4435,5.4399999999999995,2.5300000000000002,0.7503,0.78,0.61,0.1469,0.5,58.4,15.55,-1.73,4.75,0.6699999999999999,0.95,11.370000000000001,1.44,6.390000000000001,0.92,0.27,11.47,0.74,10.030000000000001,2.82,0.5225,18.22,0.11,0.06470000000000001,1.86,0.5018
glenn robinson,2018,1,0,24.0,0,0.04,0.4585,2.5300000000000002,1.2,0.3992,1.4500000000000002,0.36,0.5700000000000001,6.35,0.6799999999999999,0.7899999999999999,0.13,-0.66,0.36,11.11,1.6,0.63,0.43810000000000004,4.0,1.77,0.7606999999999999,0.76,0.56,0.1836,9.4,41.2,15.82,-1.07,3.7199999999999998,0.55,0.6300000000000001,11.13,0.6699999999999999,4.64,1.71,0.56,7.32,0.33,7.469999999999999,2.18,0.5353,13.31,0.25,0.08510000000000001,1.21,0.5104,0.4585,2.5300000000000002,1.2,0.3992,1.4500000000000002,0.36,0.5700000000000001,6.35,0.6799999999999999,0.7899999999999999,0.13,-0.66,0.36,11.11,1.6,0.63,0.43810000000000004,4.0,1.77,0.7606999999999999,0.76,0.56,0.1836,9.4,41.2,15.82,-1.07,3.7199999999999998,0.55,0.6300000000000001,11.13,0.6699999999999999,4.64,1.71,0.56,7.32,0.33,7.469999999999999,2.18,0.5353,13.31,0.25,0.08510000000000001,1.21,0.5104
shabazz napier,2018,2,0,26.0,0,0.0191,0.42389999999999994,2.97,1.2799999999999998,0.3644,2.34,0.4598,0.8500000000000001,17.77,1.75,0.45999999999999996,0.1,-0.3700000000000001,0.6499999999999999,10.219999999999999,1.41,1.23,0.3973,5.390000000000001,2.16,0.7999,1.38,1.13,0.2552,5.1,63.9,15.44,-0.99,1.78,0.30000000000000004,0.57,13.1,0.9,6.319999999999999,2.6100000000000003,0.81,15.049999999999999,1.0,6.0,1.71,0.5239,20.049999999999997,0.52,0.0693,1.8,0.4807,0.42389999999999994,2.97,1.2799999999999998,0.3644,2.34,0.4598,0.8500000000000001,17.77,1.75,0.45999999999999996,0.1,-0.3700000000000001,0.6499999999999999,10.219999999999999,1.41,1.23,0.3973,5.390000000000001,2.16,0.7999,1.38,1.13,0.2552,5.1,63.9,15.44,-0.99,1.78,0.30000000000000004,0.57,13.1,0.9,6.319999999999999,2.6100000000000003,0.81,15.049999999999999,1.0,6.0,1.71,0.5239,20.049999999999997,0.52,0.0693,1.8,0.4807
nerlens noel,2018,2,0,23.0,0,0.0173,0.5478000000000001,5.29,2.9,0.1,0.0,0.006500000000000001,0.0,7.68,1.01,4.029999999999999,0.9500000000000001,0.9299999999999999,2.34,25.78,4.33,1.63,0.5447,5.34,2.9,0.7011999999999999,1.79,1.2,0.3186,21.1,43.7,19.86,-1.4100000000000001,10.030000000000001,1.8,0.8899999999999999,17.46,2.33,7.03,3.1599999999999997,1.25,16.54,1.23,17.67,6.16,0.5744,15.940000000000001,0.6900000000000001,0.1366,2.45,0.5448999999999999,0.5478000000000001,5.29,2.9,0.1,0.0,0.006500000000000001,0.0,7.68,1.01,4.029999999999999,0.9500000000000001,0.9299999999999999,2.34,25.78,4.33,1.63,0.5447,5.34,2.9,0.7011999999999999,1.79,1.2,0.3186,21.1,43.7,19.86,-1.4100000000000001,10.030000000000001,1.8,0.8899999999999999,17.46,2.33,7.03,3.1599999999999997,1.25,16.54,1.23,17.67,6.16,0.5744,15.940000000000001,0.6900000000000001,0.1366,2.45,0.5448999999999999
rodney hood,2018,1,1,25.0,0,0.0341,0.4599,6.65,3.08,0.3736,5.5,0.45220000000000005,2.02,10.76,1.82,0.5800000000000001,0.2,-0.18000000000000005,-0.54,10.98,2.74,1.8199999999999998,0.42089999999999994,12.100000000000001,5.12,0.8369,2.17,1.8399999999999999,0.17909999999999998,43.8,63.5,27.990000000000002,0.36,1.52,0.39,1.49,13.690000000000001,2.08,14.059999999999999,1.3900000000000001,0.76,8.59,1.25,6.3100000000000005,3.1,0.538,23.32,0.8600000000000001,0.08630000000000002,3.33,0.5053000000000001,0.4599,6.65,3.08,0.3736,5.5,0.45220000000000005,2.02,10.76,1.82,0.5800000000000001,0.2,-0.18000000000000005,-0.54,10.98,2.74,1.8199999999999998,0.42089999999999994,12.100000000000001,5.12,0.8369,2.17,1.8399999999999999,0.17909999999999998,43.8,63.5,27.990000000000002,0.36,1.52,0.39,1.49,13.690000000000001,2.08,14.059999999999999,1.3900000000000001,0.76,8.59,1.25,6.3100000000000005,3.1,0.538,23.32,0.8600000000000001,0.08630000000000002,3.33,0.5053000000000001
james ennis,2018,2,0,27.0,0,0.0159,0.5401,2.97,1.6099999999999999,0.3677,2.2,0.4297,0.83,7.27,1.0,1.12,0.28,-0.6599999999999999,-0.04000000000000002,11.45,2.15,1.1,0.4691,5.17,2.44,0.7996,1.61,1.2600000000000002,0.31410000000000005,20.4,59.6,21.200000000000003,-0.62,5.46,1.03,1.56,12.54,1.99,7.0,1.71,0.7,12.42,0.8500000000000001,8.39,3.13,0.5925,14.71,0.3,0.1029,2.66,0.5488,0.5401,2.97,1.6099999999999999,0.3677,2.2,0.4297,0.83,7.27,1.0,1.12,0.28,-0.6599999999999999,-0.04000000000000002,11.45,2.15,1.1,0.4691,5.17,2.44,0.7996,1.61,1.2600000000000002,0.31410000000000005,20.4,59.6,21.200000000000003,-0.62,5.46,1.03,1.56,12.54,1.99,7.0,1.71,0.7,12.42,0.8500000000000001,8.39,3.13,0.5925,14.71,0.3,0.1029,2.66,0.5488
brook lopez,2018,1,0,29.0,0,0.0332,0.5383,9.44,5.05,0.30489999999999995,3.8000000000000003,0.3064,1.29,12.4,1.94,4.38,1.5,1.4,-0.18000000000000002,14.129999999999999,3.66,1.83,0.4769,13.19,6.34,0.7519,3.62,2.78,0.26239999999999997,73.1,74.1,27.32,1.6,5.88,1.54,2.7800000000000002,18.71,2.66,16.77,0.88,0.51,11.049999999999999,1.88,10.0,5.18,0.5643,25.97,1.79,0.10819999999999999,4.609999999999999,0.5297000000000001,0.5383,9.44,5.05,0.30489999999999995,3.8000000000000003,0.3064,1.29,12.4,1.94,4.38,1.5,1.4,-0.18000000000000002,14.129999999999999,3.66,1.83,0.4769,13.19,6.34,0.7519,3.62,2.78,0.26239999999999997,73.1,74.1,27.32,1.6,5.88,1.54,2.7800000000000002,18.71,2.66,16.77,0.88,0.51,11.049999999999999,1.88,10.0,5.18,0.5643,25.97,1.79,0.10819999999999999,4.609999999999999,0.5297000000000001
pat connaughton,2018,2,0,25.0,0,0.0161,0.4641,1.56,0.74,0.3781,1.6600000000000001,0.4922,0.5900000000000001,10.14,0.8200000000000001,0.75,0.18,-2.71,-0.7800000000000001,12.170000000000002,1.2,0.73,0.41869999999999996,3.2199999999999998,1.35,0.8539,0.33,0.33,0.1144,2.8,59.5,12.32,-1.9300000000000002,4.0600000000000005,0.35,0.6599999999999999,9.11,0.97,3.67,0.81,0.22999999999999998,13.5,0.43,8.100000000000001,1.57,0.5334000000000001,14.34,0.039999999999999994,0.0518,1.39,0.5118,0.4641,1.56,0.74,0.3781,1.6600000000000001,0.4922,0.5900000000000001,10.14,0.8200000000000001,0.75,0.18,-2.71,-0.7800000000000001,12.170000000000002,1.2,0.73,0.41869999999999996,3.2199999999999998,1.35,0.8539,0.33,0.33,0.1144,2.8,59.5,12.32,-1.9300000000000002,4.0600000000000005,0.35,0.6599999999999999,9.11,0.97,3.67,0.81,0.22999999999999998,13.5,0.43,8.100000000000001,1.57,0.5334000000000001,14.34,0.039999999999999994,0.0518,1.39,0.5118
elfrid payton,2018,1,0,23.0,0,0.0295,0.5029,9.08,4.57,0.3104,1.55,0.1422,0.48,34.72,6.33,1.05,0.36,-0.1,-0.27,12.49,3.23,1.64,0.475,10.629999999999999,5.040000000000001,0.6498999999999999,2.6500000000000004,1.69,0.24730000000000002,62.7,70.7,29.049999999999997,0.15000000000000002,3.8499999999999996,1.05,1.52,16.189999999999998,2.25,12.33,2.06,1.2200000000000002,17.33,2.49,8.05,4.279999999999999,0.5206,21.509999999999998,0.9900000000000001,0.0739,3.16,0.4971,0.5029,9.08,4.57,0.3104,1.55,0.1422,0.48,34.72,6.33,1.05,0.36,-0.1,-0.27,12.49,3.23,1.64,0.475,10.629999999999999,5.040000000000001,0.6498999999999999,2.6500000000000004,1.69,0.24730000000000002,62.7,70.7,29.049999999999997,0.15000000000000002,3.8499999999999996,1.05,1.52,16.189999999999998,2.25,12.33,2.06,1.2200000000000002,17.33,2.49,8.05,4.279999999999999,0.5206,21.509999999999998,0.9900000000000001,0.0739,3.16,0.4971
dante cunningham,2018,1,0,30.0,0,0.0243999999999999,0.5542,2.7600000000000002,1.55,0.3533,2.4,0.4666,0.87,4.23,0.73,1.45,0.4,-1.8900000000000001,-0.11000000000000001,13.79,2.9299999999999997,1.27,0.4612,5.16,2.34,0.6149,0.6699999999999999,0.4,0.1338,32.2,72.3,23.12,-1.7799999999999998,4.45,0.93,1.27,9.78,1.6400000000000001,6.05,1.1800000000000002,0.53,7.73,0.47,9.14,3.91,0.5533,11.21,0.029999999999999985,0.0738,2.5199999999999996,0.5438000000000001,0.5542,2.7600000000000002,1.55,0.3533,2.4,0.4666,0.87,4.23,0.73,1.45,0.4,-1.8900000000000001,-0.11000000000000001,13.79,2.9299999999999997,1.27,0.4612,5.16,2.34,0.6149,0.6699999999999999,0.4,0.1338,32.2,72.3,23.12,-1.7799999999999998,4.45,0.93,1.27,9.78,1.6400000000000001,6.05,1.1800000000000002,0.53,7.73,0.47,9.14,3.91,0.5533,11.21,0.029999999999999985,0.0738,2.5199999999999996,0.5438000000000001
channing frye,2018,1,0,34.0,0,0.0148,0.6078000000000001,1.9700000000000002,1.2,0.36960000000000004,3.13,0.5996,1.18,7.16,0.73,1.81,0.33,0.21000000000000002,-0.01999999999999999,19.21,2.73,0.98,0.47050000000000003,5.1,2.4,0.8742,0.6000000000000001,0.5,0.10779999999999999,11.4,62.7,15.64,0.22999999999999998,2.49,0.35,1.46,13.809999999999999,1.58,6.45,1.25,0.35,9.11,0.53,11.0,3.08,0.6003,16.41,0.64,0.11180000000000001,2.46,0.582,0.6078000000000001,1.9700000000000002,1.2,0.36960000000000004,3.13,0.5996,1.18,7.16,0.73,1.81,0.33,0.21000000000000002,-0.01999999999999999,19.21,2.73,0.98,0.47050000000000003,5.1,2.4,0.8742,0.6000000000000001,0.5,0.10779999999999999,11.4,62.7,15.64,0.22999999999999998,2.49,0.35,1.46,13.809999999999999,1.58,6.45,1.25,0.35,9.11,0.53,11.0,3.08,0.6003,16.41,0.64,0.11180000000000001,2.46,0.582
devin harris,2018,1,0,34.0,0,0.0148,0.48719999999999997,3.0300000000000002,1.47,0.3382,2.91,0.4901,0.9800000000000001,17.35,2.04,0.74,0.17,-1.0,0.36,10.86,1.7200000000000002,1.04,0.4151,5.92,2.45,0.8104,2.24,1.8,0.3752,0.5,67.8,18.46,-1.33,1.1300000000000001,0.22,1.37,13.26,1.96,7.73,2.01,0.74,12.690000000000001,1.02,5.87,1.94,0.558,19.589999999999996,0.31,0.0923,2.41,0.4979,0.48719999999999997,3.0300000000000002,1.47,0.3382,2.91,0.4901,0.9800000000000001,17.35,2.04,0.74,0.17,-1.0,0.36,10.86,1.7200000000000002,1.04,0.4151,5.92,2.45,0.8104,2.24,1.8,0.3752,0.5,67.8,18.46,-1.33,1.1300000000000001,0.22,1.37,13.26,1.96,7.73,2.01,0.74,12.690000000000001,1.02,5.87,1.94,0.558,19.589999999999996,0.31,0.0923,2.41,0.4979
amir johnson,2018,1,1,30.0,0,0.0148,0.5933999999999999,3.6499999999999995,2.19,0.3258,0.54,0.1351,0.16,13.129999999999999,1.6800000000000002,3.2300000000000004,0.76,0.9199999999999999,1.81,18.17,3.15,2.21,0.5588,4.21,2.4000000000000004,0.621,1.2400000000000002,0.77,0.3013,47.3,76.8,18.490000000000002,-0.89,10.450000000000001,1.7599999999999998,2.5200000000000005,15.15,2.62,5.71,1.6600000000000001,0.6199999999999999,15.79,0.89,14.39,4.91,0.5962999999999999,13.200000000000001,1.06,0.1608,4.73,0.5818,0.5933999999999999,3.6499999999999995,2.19,0.3258,0.54,0.1351,0.16,13.129999999999999,1.6800000000000002,3.2300000000000004,0.76,0.9199999999999999,1.81,18.17,3.15,2.21,0.5588,4.21,2.4000000000000004,0.621,1.2400000000000002,0.77,0.3013,47.3,76.8,18.490000000000002,-0.89,10.450000000000001,1.7599999999999998,2.5200000000000005,15.15,2.62,5.71,1.6600000000000001,0.6199999999999999,15.79,0.89,14.39,4.91,0.5962999999999999,13.200000000000001,1.06,0.1608,4.73,0.5818
vince carter,2018,1,0,41.0,0,0.0148,0.45189999999999997,2.39,1.07,0.3557,3.1899999999999995,0.5712999999999999,1.15,10.08,1.32,2.07,0.41000000000000003,-0.56,0.56,14.02,2.2600000000000002,1.24,0.3973,5.6,2.22,0.7746,1.06,0.85,0.185,7.1,62.9,19.59,-1.1199999999999999,2.29,0.4,0.92,11.45,1.85,6.42,1.94,0.71,9.58,0.6299999999999999,7.92,2.71,0.5281,15.52,0.55,0.0766,2.16,0.4992,0.45189999999999997,2.39,1.07,0.3557,3.1899999999999995,0.5712999999999999,1.15,10.08,1.32,2.07,0.41000000000000003,-0.56,0.56,14.02,2.2600000000000002,1.24,0.3973,5.6,2.22,0.7746,1.06,0.85,0.185,7.1,62.9,19.59,-1.1199999999999999,2.29,0.4,0.92,11.45,1.85,6.42,1.94,0.71,9.58,0.6299999999999999,7.92,2.71,0.5281,15.52,0.55,0.0766,2.16,0.4992
raymond felton,2018,1,1,33.0,0,0.0148,0.4565,4.51,2.0500000000000003,0.32809999999999995,2.48,0.3549,0.8400000000000001,20.2,2.69,1.0,0.23,-1.01,0.07999999999999999,11.29,2.05,1.5300000000000002,0.4132,6.970000000000001,2.89,0.8127,0.93,0.76,0.12910000000000002,10.5,81.0,20.17,-1.0899999999999999,2.02,0.37,0.71,12.15,1.3900000000000001,7.36,1.79,0.72,12.58,1.05,6.609999999999999,2.4000000000000004,0.4962,18.83,0.38,0.0673,2.21,0.472,0.4565,4.51,2.0500000000000003,0.32809999999999995,2.48,0.3549,0.8400000000000001,20.2,2.69,1.0,0.23,-1.01,0.07999999999999999,11.29,2.05,1.5300000000000002,0.4132,6.970000000000001,2.89,0.8127,0.93,0.76,0.12910000000000002,10.5,81.0,20.17,-1.0899999999999999,2.02,0.37,0.71,12.15,1.3900000000000001,7.36,1.79,0.72,12.58,1.05,6.609999999999999,2.4000000000000004,0.4962,18.83,0.38,0.0673,2.21,0.472
zaza pachulia,2018,1,0,33.0,0,0.0148,0.5387,4.4399999999999995,2.37,0.0,0.0,0.0053,0.0,13.62,1.71,1.48,0.31,0.13999999999999999,0.85,24.240000000000002,4.11,1.99,0.5354,4.460000000000001,2.37,0.79,1.9100000000000001,1.53,0.4164,63.3,70.7,17.76,-0.74,12.11,1.9100000000000001,2.27,16.57,2.1,6.25,1.9300000000000002,0.7,18.73,1.1800000000000002,18.5,6.0,0.5924,16.33,0.67,0.1629,4.26,0.5354,0.5387,4.4399999999999995,2.37,0.0,0.0,0.0053,0.0,13.62,1.71,1.48,0.31,0.13999999999999999,0.85,24.240000000000002,4.11,1.99,0.5354,4.460000000000001,2.37,0.79,1.9100000000000001,1.53,0.4164,63.3,70.7,17.76,-0.74,12.11,1.9100000000000001,2.27,16.57,2.1,6.25,1.9300000000000002,0.7,18.73,1.1800000000000002,18.5,6.0,0.5924,16.33,0.67,0.1629,4.26,0.5354
jeff green,2018,1,0,31.0,0,0.0148,0.5014000000000001,5.96,2.99,0.3015,2.48,0.2929,0.75,8.43,1.35,1.31,0.36,-2.3400000000000003,-1.29,12.1,2.59,1.0100000000000002,0.4427,8.440000000000001,3.74,0.8418999999999999,2.78,2.35,0.3332,18.5,75.7,24.0,-1.03,3.3800000000000003,0.76,1.75,13.15,1.8199999999999998,10.5,1.17,0.54,9.719999999999999,1.07,7.74,3.37,0.5469999999999999,19.78,-0.10999999999999997,0.0711,2.7800000000000002,0.48660000000000003,0.5014000000000001,5.96,2.99,0.3015,2.48,0.2929,0.75,8.43,1.35,1.31,0.36,-2.3400000000000003,-1.29,12.1,2.59,1.0100000000000002,0.4427,8.440000000000001,3.74,0.8418999999999999,2.78,2.35,0.3332,18.5,75.7,24.0,-1.03,3.3800000000000003,0.76,1.75,13.15,1.8199999999999998,10.5,1.17,0.54,9.719999999999999,1.07,7.74,3.37,0.5469999999999999,19.78,-0.10999999999999997,0.0711,2.7800000000000002,0.48660000000000003
jamal crawford,2018,1,0,37.0,0,0.0148,0.4594,6.21,2.8600000000000003,0.3415,4.0,0.3957,1.37,15.809999999999999,2.3899999999999997,0.48,0.15000000000000002,-2.0599999999999996,-1.94,5.72,1.24,0.87,0.4122,10.21,4.23,0.8894,2.13,1.9,0.2037,1.3,80.4,23.619999999999997,-0.16999999999999998,1.17,0.27,0.96,12.9,1.27,11.68,1.2599999999999998,0.6,10.959999999999999,1.3599999999999999,3.48,1.44,0.5227999999999999,23.64,0.009999999999999995,0.0466,1.88,0.4794,0.4594,6.21,2.8600000000000003,0.3415,4.0,0.3957,1.37,15.809999999999999,2.3899999999999997,0.48,0.15000000000000002,-2.0599999999999996,-1.94,5.72,1.24,0.87,0.4122,10.21,4.23,0.8894,2.13,1.9,0.2037,1.3,80.4,23.619999999999997,-0.16999999999999998,1.17,0.27,0.96,12.9,1.27,11.68,1.2599999999999998,0.6,10.959999999999999,1.3599999999999999,3.48,1.44,0.5227999999999999,23.64,0.009999999999999995,0.0466,1.88,0.4794
udonis haslem,2018,1,1,37.0,0,0.0148,0.3926,0.9199999999999999,0.37999999999999995,0.0847,0.4,0.3351,0.05,8.04,0.4,1.5,0.1,-5.96,-0.51,18.16,1.1500000000000001,0.19,0.3188,1.29,0.42999999999999994,0.5800000000000001,0.4,0.29,0.3145,0.0,19.2,6.38,-5.42,5.26,0.31,-0.05,5.36,0.6599999999999999,1.19,0.8899999999999999,0.14,13.35,0.21999999999999997,11.75,1.44,0.37,11.95,-0.08,0.007099999999999995,0.09000000000000001,0.33690000000000003,0.3926,0.9199999999999999,0.37999999999999995,0.0847,0.4,0.3351,0.05,8.04,0.4,1.5,0.1,-5.96,-0.51,18.16,1.1500000000000001,0.19,0.3188,1.29,0.42999999999999994,0.5800000000000001,0.4,0.29,0.3145,0.0,19.2,6.38,-5.42,5.26,0.31,-0.05,5.36,0.6599999999999999,1.19,0.8899999999999999,0.14,13.35,0.21999999999999997,11.75,1.44,0.37,11.95,-0.08,0.007099999999999995,0.09000000000000001,0.33690000000000003
javale mcgee,2018,1,0,30.0,0,0.0148,0.6322,3.6599999999999997,2.3200000000000003,0.0,0.05,0.017599999999999998,0.0,5.4399999999999995,0.33,6.96,0.8800000000000001,1.05,0.62,20.119999999999997,1.9,1.1,0.6211,3.71,2.3200000000000003,0.617,1.04,0.61,0.2767,11.9,62.4,9.81,0.41000000000000003,13.68,1.1600000000000001,1.5699999999999998,22.689999999999998,1.4,5.25,1.3,0.22999999999999998,10.4,0.47000000000000003,17.07,3.04,0.6279,20.96,0.45,0.2027,2.62,0.6211,0.6322,3.6599999999999997,2.3200000000000003,0.0,0.05,0.017599999999999998,0.0,5.4399999999999995,0.33,6.96,0.8800000000000001,1.05,0.62,20.119999999999997,1.9,1.1,0.6211,3.71,2.3200000000000003,0.617,1.04,0.61,0.2767,11.9,62.4,9.81,0.41000000000000003,13.68,1.1600000000000001,1.5699999999999998,22.689999999999998,1.4,5.25,1.3,0.22999999999999998,10.4,0.47000000000000003,17.07,3.04,0.6279,20.96,0.45,0.2027,2.62,0.6211
dwyane wade,2018,1,1,36.0,0,0.0148,0.46440000000000003,11.379999999999999,5.3,0.2688,1.69,0.1345,0.51,23.92,3.76,2.12,0.6799999999999999,0.6299999999999999,0.14,13.219999999999999,3.1500000000000004,2.0700000000000003,0.4404,13.07,5.779999999999999,0.7538,3.9099999999999997,2.99,0.2953,33.8,66.3,26.52,0.48999999999999994,3.85,0.9,0.55,17.11,1.8399999999999999,14.990000000000002,2.08,1.09,13.74,2.2800000000000002,8.549999999999999,4.07,0.5058,28.3,1.27,0.066,2.55,0.4599,0.46440000000000003,11.379999999999999,5.3,0.2688,1.69,0.1345,0.51,23.92,3.76,2.12,0.6799999999999999,0.6299999999999999,0.14,13.219999999999999,3.1500000000000004,2.0700000000000003,0.4404,13.07,5.779999999999999,0.7538,3.9099999999999997,2.99,0.2953,33.8,66.3,26.52,0.48999999999999994,3.85,0.9,0.55,17.11,1.8399999999999999,14.990000000000002,2.08,1.09,13.74,2.2800000000000002,8.549999999999999,4.07,0.5058,28.3,1.27,0.066,2.55,0.4599
gerald green,2018,1,1,32.0,1,0.0148,0.48009999999999997,3.12,1.48,0.3544,5.13,0.593,1.83,6.209999999999999,0.6699999999999999,1.21,0.29000000000000004,-1.37,-1.1800000000000002,13.209999999999999,2.27,0.8999999999999999,0.40459999999999996,8.219999999999999,3.3099999999999996,0.8230999999999999,1.28,1.01,0.15699999999999997,3.8000000000000003,48.4,19.29,-0.21999999999999997,2.27,0.37,0.59,12.64,1.71,9.51,1.15,0.48,7.39,0.69,7.84,2.62,0.5384,21.97,0.13999999999999999,0.0789,1.57,0.5108,0.4404,1.8599999999999999,0.8,0.38480000000000003,3.39,0.6277,1.34,2.88,0.27999999999999997,1.41,0.25,-1.33,-0.51,15.58,1.98,0.19,0.40399999999999997,5.22,2.14,0.8552,0.49000000000000005,0.44,0.0949,2.1,14.8,14.280000000000001,-0.8200000000000001,2.02,0.30000000000000004,0.04999999999999999,10.379999999999999,1.52,6.0600000000000005,0.97,0.22,7.930000000000001,0.49,8.75,2.1799999999999997,0.5451,19.28,0.06,0.0484,0.24,0.5273
derrick rose,2018,1,1,29.0,0,0.0148,0.4729,10.11,4.82,0.2402,1.33,0.1274,0.35,18.740000000000002,3.0100000000000002,0.71,0.23,-3.5,-2.63,7.450000000000001,1.8299999999999998,0.47,0.4442,11.469999999999999,5.120000000000001,0.8558,2.64,2.29,0.2354,35.9,44.9,24.509999999999998,-0.8700000000000001,3.25,0.69,0.45999999999999996,13.53,0.95,12.879999999999999,0.9500000000000001,0.5,13.5,1.93,5.390000000000001,2.5199999999999996,0.5083,25.869999999999997,-0.11000000000000001,0.013200000000000002,0.88,0.4597,0.4729,10.11,4.82,0.2402,1.33,0.1274,0.35,18.740000000000002,3.0100000000000002,0.71,0.23,-3.5,-2.63,7.450000000000001,1.8299999999999998,0.47,0.4442,11.469999999999999,5.120000000000001,0.8558,2.64,2.29,0.2354,35.9,44.9,24.509999999999998,-0.8700000000000001,3.25,0.69,0.45999999999999996,13.53,0.95,12.879999999999999,0.9500000000000001,0.5,13.5,1.93,5.390000000000001,2.5199999999999996,0.5083,25.869999999999997,-0.11000000000000001,0.013200000000000002,0.88,0.4597
jonas jerebko,2018,1,0,30.0,0,0.0148,0.49660000000000004,2.2199999999999998,1.12,0.39039999999999997,1.84,0.4544,0.75,6.76,0.73,1.1,0.22,-1.07,0.2,19.16,2.6500000000000004,1.4900000000000002,0.44610000000000005,4.0600000000000005,1.8,0.7707999999999999,0.75,0.55,0.1804,11.3,76.0,15.41,-1.2899999999999998,5.680000000000001,0.79,1.32,11.45,1.69,4.92,1.01,0.3,9.940000000000001,0.49,12.440000000000001,3.44,0.5603,13.92,0.27,0.1154,2.8099999999999996,0.5349,0.49660000000000004,2.2199999999999998,1.12,0.39039999999999997,1.84,0.4544,0.75,6.76,0.73,1.1,0.22,-1.07,0.2,19.16,2.6500000000000004,1.4900000000000002,0.44610000000000005,4.0600000000000005,1.8,0.7707999999999999,0.75,0.55,0.1804,11.3,76.0,15.41,-1.2899999999999998,5.680000000000001,0.79,1.32,11.45,1.69,4.92,1.01,0.3,9.940000000000001,0.49,12.440000000000001,3.44,0.5603,13.92,0.27,0.1154,2.8099999999999996,0.5349
greg monroe,2018,1,0,27.0,0,0.0006,0.5477,8.850000000000001,4.83,0.0,0.0,0.002,0.0,17.18,2.25,1.94,0.56,2.06,0.53,24.21,4.92,2.06,0.5468,8.879999999999999,4.83,0.7398,2.83,2.09,0.3181,20.4,65.6,22.81,1.58,11.120000000000001,2.24,2.8,21.29,2.0,11.72,2.1500000000000004,0.96,15.31,1.73,17.689999999999998,7.19,0.583,23.189999999999998,1.54,0.1526,4.88,0.5468,0.5477,8.850000000000001,4.83,0.0,0.0,0.002,0.0,17.18,2.25,1.94,0.56,2.06,0.53,24.21,4.92,2.06,0.5468,8.879999999999999,4.83,0.7398,2.83,2.09,0.3181,20.4,65.6,22.81,1.58,11.120000000000001,2.24,2.8,21.29,2.0,11.72,2.1500000000000004,0.96,15.31,1.73,17.689999999999998,7.19,0.583,23.189999999999998,1.54,0.1526,4.88,0.5468
isaiah thomas,2018,1,0,28.0,0,0.0148,0.4698,9.16,4.380000000000001,0.33199999999999996,6.640000000000001,0.4224,2.21,29.84,5.41,0.32999999999999996,0.13,0.4199999999999995,-2.4,6.85,1.91,1.13,0.41100000000000003,15.799999999999999,6.59,0.8934,5.92,5.35,0.36660000000000004,46.1,55.2,30.029999999999998,2.8699999999999997,2.0300000000000002,0.55,4.66,18.55,1.96,20.71,1.1600000000000001,0.74,13.89,2.88,4.4,2.46,0.5539000000000001,30.520000000000003,2.22,0.1101,5.789999999999999,0.48040000000000005,0.4698,9.16,4.380000000000001,0.33199999999999996,6.640000000000001,0.4224,2.21,29.84,5.41,0.32999999999999996,0.13,0.4199999999999995,-2.4,6.85,1.91,1.13,0.41100000000000003,15.799999999999999,6.59,0.8934,5.92,5.35,0.36660000000000004,46.1,55.2,30.029999999999998,2.8699999999999997,2.0300000000000002,0.55,4.66,18.55,1.96,20.71,1.1600000000000001,0.74,13.89,2.88,4.4,2.46,0.5539000000000001,30.520000000000003,2.22,0.1101,5.789999999999999,0.48040000000000005
shelvin mack,2018,1,0,27.0,0,0.0148,0.4881,4.529999999999999,2.2299999999999995,0.3273,2.14,0.3227,0.72,26.990000000000002,3.51,0.35,0.1,-1.71,-0.12000000000000002,11.239999999999998,2.06,1.19,0.4366,6.67,2.9299999999999997,0.7095,1.3599999999999999,0.98,0.20700000000000002,9.6,61.4,20.53,-1.5899999999999999,1.7799999999999998,0.32999999999999996,0.51,12.64,1.4700000000000002,7.51,1.83,0.78,17.03,1.4900000000000002,6.550000000000001,2.3899999999999997,0.5158,19.34,0.09000000000000001,0.06290000000000001,1.63,0.4897,0.4881,4.529999999999999,2.2299999999999995,0.3273,2.14,0.3227,0.72,26.990000000000002,3.51,0.35,0.1,-1.71,-0.12000000000000002,11.239999999999998,2.06,1.19,0.4366,6.67,2.9299999999999997,0.7095,1.3599999999999999,0.98,0.20700000000000002,9.6,61.4,20.53,-1.5899999999999999,1.7799999999999998,0.32999999999999996,0.51,12.64,1.4700000000000002,7.51,1.83,0.78,17.03,1.4900000000000002,6.550000000000001,2.3899999999999997,0.5158,19.34,0.09000000000000001,0.06290000000000001,1.63,0.4897
michael carterwilliams,2018,1,0,26.0,0,0.0006,0.3972,5.130000000000001,2.14,0.24330000000000002,1.17,0.2115,0.3,21.02,2.89,2.23,0.51,-1.8499999999999999,1.4100000000000001,14.770000000000001,2.66,1.2600000000000002,0.36619999999999997,6.3,2.42,0.7666999999999999,1.96,1.49,0.3285,14.100000000000001,50.3,19.79,-3.28,3.93,0.6799999999999999,-0.48,11.15,2.24,6.58,2.49,0.9400000000000001,16.91,1.5099999999999998,9.309999999999999,3.39,0.4535,18.830000000000002,0.06000000000000001,0.0359,0.75,0.3915,0.3972,5.130000000000001,2.14,0.24330000000000002,1.17,0.2115,0.3,21.02,2.89,2.23,0.51,-1.8499999999999999,1.4100000000000001,14.770000000000001,2.66,1.2600000000000002,0.36619999999999997,6.3,2.42,0.7666999999999999,1.96,1.49,0.3285,14.100000000000001,50.3,19.79,-3.28,3.93,0.6799999999999999,-0.48,11.15,2.24,6.58,2.49,0.9400000000000001,16.91,1.5099999999999998,9.309999999999999,3.39,0.4535,18.830000000000002,0.06000000000000001,0.0359,0.75,0.3915
nik stauskas,2018,1,0,24.0,0,0.0049,0.4095,2.27,0.98,0.37560000000000004,3.45,0.6134999999999999,1.31,11.82,1.6,0.8200000000000001,0.22999999999999998,-2.75,-1.04,11.24,1.9700000000000002,0.67,0.39080000000000004,5.77,2.26,0.7601,1.24,0.94,0.2085,15.1,59.1,19.58,-1.7399999999999998,0.9900000000000001,0.2,0.08,9.04,1.1600000000000001,6.750000000000001,0.9400000000000001,0.4,14.12,1.04,6.0600000000000005,2.1399999999999997,0.5369,16.209999999999997,-0.36000000000000004,0.0272,0.67,0.5061,0.4095,2.27,0.98,0.37560000000000004,3.45,0.6134999999999999,1.31,11.82,1.6,0.8200000000000001,0.22999999999999998,-2.75,-1.04,11.24,1.9700000000000002,0.67,0.39080000000000004,5.77,2.26,0.7601,1.24,0.94,0.2085,15.1,59.1,19.58,-1.7399999999999998,0.9900000000000001,0.2,0.08,9.04,1.1600000000000001,6.750000000000001,0.9400000000000001,0.4,14.12,1.04,6.0600000000000005,2.1399999999999997,0.5369,16.209999999999997,-0.36000000000000004,0.0272,0.67,0.5061
noah vonleh,2018,1,0,22.0,0,0.0148,0.489,3.17,1.59,0.3043,0.8099999999999999,0.19619999999999999,0.25,4.61,0.5,1.6500000000000001,0.32999999999999996,-2.6599999999999997,-0.43000000000000005,25.810000000000002,3.84,1.1800000000000002,0.4505,3.95,1.79,0.6509,1.08,0.69,0.265,31.5,64.8,16.25,-2.23,9.35,1.4300000000000002,0.43,11.36,1.6600000000000001,4.49,1.15,0.38,13.34,0.69,17.52,5.24,0.5062,13.78,-0.19999999999999998,0.0751,1.58,0.4799,0.489,3.17,1.59,0.3043,0.8099999999999999,0.19619999999999999,0.25,4.61,0.5,1.6500000000000001,0.32999999999999996,-2.6599999999999997,-0.43000000000000005,25.810000000000002,3.84,1.1800000000000002,0.4505,3.95,1.79,0.6509,1.08,0.69,0.265,31.5,64.8,16.25,-2.23,9.35,1.4300000000000002,0.43,11.36,1.6600000000000001,4.49,1.15,0.38,13.34,0.69,17.52,5.24,0.5062,13.78,-0.19999999999999998,0.0751,1.58,0.4799
jahlil okafor,2018,1,0,22.0,0,0.0154,0.5399,8.14,4.29,0.1584,0.07,0.0161,0.0,7.29,0.8,3.55,0.8400000000000001,-2.06,-0.54,17.91,3.05,0.66,0.5348,8.21,4.34,0.7005,2.2,1.5299999999999998,0.2551,19.5,39.6,19.11,-1.5699999999999998,7.109999999999999,1.3399999999999999,0.24,15.510000000000002,2.14,10.19,0.6100000000000001,0.25,12.92,1.4,12.47,4.34,0.563,23.19,-0.05,0.0639,0.8999999999999999,0.537,0.5399,8.14,4.29,0.1584,0.07,0.0161,0.0,7.29,0.8,3.55,0.8400000000000001,-2.06,-0.54,17.91,3.05,0.66,0.5348,8.21,4.34,0.7005,2.2,1.5299999999999998,0.2551,19.5,39.6,19.11,-1.5699999999999998,7.109999999999999,1.3399999999999999,0.24,15.510000000000002,2.14,10.19,0.6100000000000001,0.25,12.92,1.4,12.47,4.34,0.563,23.19,-0.05,0.0639,0.8999999999999999,0.537
salah mejri,2018,1,1,31.0,0,0.005,0.6504000000000001,2.1,1.3399999999999999,0.0999,0.0,0.0202,0.0,5.1,0.42,7.449999999999999,1.01,0.18,2.45,25.74,2.6500000000000004,1.3,0.6392,2.13,1.3399999999999999,0.5824,1.07,0.6100000000000001,0.4925,5.0,59.2,12.059999999999999,-2.2199999999999998,12.1,1.33,1.1600000000000001,16.700000000000003,1.9500000000000002,3.3600000000000003,1.49,0.36,19.18,0.59,18.689999999999998,3.98,0.6442000000000001,12.38,0.38,0.1664,2.51,0.6404000000000001,0.6504000000000001,2.1,1.3399999999999999,0.0999,0.0,0.0202,0.0,5.1,0.42,7.449999999999999,1.01,0.18,2.45,25.74,2.6500000000000004,1.3,0.6392,2.13,1.3399999999999999,0.5824,1.07,0.6100000000000001,0.4925,5.0,59.2,12.059999999999999,-2.2199999999999998,12.1,1.33,1.1600000000000001,16.700000000000003,1.9500000000000002,3.3600000000000003,1.49,0.36,19.18,0.59,18.689999999999998,3.98,0.6442000000000001,12.38,0.38,0.1664,2.51,0.6404000000000001
klay thompson,2019,5,1,28.0,1,0.3,0.5187,9.71,5.02,0.4158,7.640000000000001,0.43979999999999997,3.16,10.47,2.37,1.32,0.55,-0.10999999999999996,-1.65,9.98,3.3200000000000003,2.27,0.47350000000000003,17.38,8.23,0.8296999999999999,1.95,1.6600000000000001,0.11300000000000002,76.5,76.5,34.09,1.54,1.69,0.49,3.2199999999999998,16.58,1.84,21.21,1.32,0.9500000000000001,8.05,1.61,6.04,3.78,0.5832999999999999,25.130000000000003,1.2799999999999998,0.1015,5.539999999999999,0.565,0.4626,8.98,4.19,0.42700000000000005,7.24,0.4466,3.09,7.94,2.0100000000000002,1.25,0.5,-0.53,-0.8600000000000001,9.879999999999999,3.47,0.6100000000000001,0.4469000000000001,16.22,7.279999999999999,0.8699,1.83,1.59,0.1121,20.2,20.2,37.86,0.35000000000000003,1.75,0.5700000000000001,0.6,13.280000000000001,2.61,19.229999999999997,1.37,1.05,8.69,1.63,5.970000000000001,4.06,0.5626,21.55,0.32999999999999996,0.0754,1.21,0.542
tobias harris,2019,5,1,26.0,0,0.3,0.5178,9.98,5.140000000000001,0.3912,4.84,0.3247,1.9,11.55,2.46,1.09,0.47,1.69,-0.31,18.23,5.77,2.6100000000000003,0.4777,14.84,7.09,0.8499,3.22,2.72,0.2182,74.6,81.4,33.63,2.0,2.54,0.77,4.3100000000000005,17.11,2.0500000000000003,18.8,1.03,0.71,8.64,1.53,10.46,6.62,0.5791,22.73,2.54,0.1216,6.92,0.5414000000000001,0.5178,9.98,5.140000000000001,0.3912,4.84,0.3247,1.9,11.55,2.46,1.09,0.47,1.69,-0.31,18.23,5.77,2.6100000000000003,0.4777,14.84,7.09,0.8499,3.22,2.72,0.2182,74.6,81.4,33.63,2.0,2.54,0.77,4.3100000000000005,17.11,2.0500000000000003,18.8,1.03,0.71,8.64,1.53,10.46,6.62,0.5791,22.73,2.54,0.1216,6.92,0.5414000000000001
khris middleton,2019,5,1,27.0,0,0.2804,0.4894,9.13,4.470000000000001,0.3833,5.32,0.3649,2.01,18.86,4.029999999999999,0.41999999999999993,0.18,0.34,-0.16999999999999998,15.65,4.84,2.67,0.45030000000000003,14.399999999999999,6.5,0.8597,3.66,3.13,0.2532,67.7,68.9,32.61,0.51,1.99,0.53,2.7699999999999996,16.47,2.63,18.12,1.86,1.23,12.55,2.28,9.040000000000001,5.4,0.5661,24.43,1.38,0.1118,5.4399999999999995,0.5203,0.4894,9.13,4.470000000000001,0.3833,5.32,0.3649,2.01,18.86,4.029999999999999,0.41999999999999993,0.18,0.34,-0.16999999999999998,15.65,4.84,2.67,0.45030000000000003,14.399999999999999,6.5,0.8597,3.66,3.13,0.2532,67.7,68.9,32.61,0.51,1.99,0.53,2.7699999999999996,16.47,2.63,18.12,1.86,1.23,12.55,2.28,9.040000000000001,5.4,0.5661,24.43,1.38,0.1118,5.4399999999999995,0.5203
kevin durant,2019,4,0,30.0,1,0.35,0.5846,12.27,7.16,0.3772,5.33,0.3027,2.03,25.369999999999997,5.53,3.26,1.4100000000000001,6.720000000000001,0.6700000000000002,19.32,6.390000000000001,3.12,0.5226999999999999,17.549999999999997,9.17,0.8842,6.26,5.52,0.3571,71.8,71.8,34.239999999999995,6.05,1.62,0.47000000000000003,8.15,25.42,1.98,25.939999999999998,1.1,0.78,12.100000000000001,2.79,10.98,6.9,0.6377,29.18,5.34,0.22210000000000002,11.27,0.5801,0.5648,13.45,7.6000000000000005,0.4097,6.470000000000001,0.3238,2.6100000000000003,20.91,4.52,2.71,1.12,8.059999999999999,1.0100000000000002,17.07,5.91,0.7200000000000001,0.5143,19.939999999999998,10.21,0.9004,8.24,7.42,0.41400000000000003,15.3,15.3,37.019999999999996,7.049999999999999,1.42,0.45,2.0,26.43,2.72,30.549999999999997,1.24,0.92,11.290000000000001,3.02,9.58,6.37,0.6489,31.34,1.4700000000000002,0.2266,2.72,0.5807
kemba walker,2019,4,0,28.0,0,0.3,0.4829,10.79,5.220000000000001,0.373,8.22,0.4323,3.0700000000000003,28.74,5.73,0.85,0.35,4.12,-0.87,10.68,3.37,1.99,0.43510000000000004,19.009999999999998,8.290000000000001,0.8506,5.24,4.41,0.2755,80.8,80.8,34.650000000000006,4.99,1.67,0.54,5.88,21.29,1.46,24.07,1.65,1.15,10.07,2.38,6.109999999999999,3.91,0.5644,29.81,4.300000000000001,0.1349,7.8999999999999995,0.5157,0.4829,10.79,5.220000000000001,0.373,8.22,0.4323,3.0700000000000003,28.74,5.73,0.85,0.35,4.12,-0.87,10.68,3.37,1.99,0.43510000000000004,19.009999999999998,8.290000000000001,0.8506,5.24,4.41,0.2755,80.8,80.8,34.650000000000006,4.99,1.67,0.54,5.88,21.29,1.46,24.07,1.65,1.15,10.07,2.38,6.109999999999999,3.91,0.5644,29.81,4.300000000000001,0.1349,7.8999999999999995,0.5157
jimmy butler,2019,4,0,29.0,0,0.3,0.4951,11.75,5.82,0.3519,3.18,0.2112,1.1,20.14,4.57,1.18,0.5,5.050000000000001,1.0,11.7,3.8,2.55,0.46420000000000006,14.93,6.92,0.8567,6.74,5.8,0.44830000000000003,65.2,65.4,35.21,4.02,5.24,1.68,6.8500000000000005,22.229999999999997,1.54,20.79,2.68,1.93,8.629999999999999,1.71,8.47,5.48,0.5797,23.92,4.18,0.1931,9.379999999999999,0.5015000000000001,0.4951,11.75,5.82,0.3519,3.18,0.2112,1.1,20.14,4.57,1.18,0.5,5.050000000000001,1.0,11.7,3.8,2.55,0.46420000000000006,14.93,6.92,0.8567,6.74,5.8,0.44830000000000003,65.2,65.4,35.21,4.02,5.24,1.68,6.8500000000000005,22.229999999999997,1.54,20.79,2.68,1.93,8.629999999999999,1.71,8.47,5.48,0.5797,23.92,4.18,0.1931,9.379999999999999,0.5015000000000001
kyrie irving,2019,4,0,26.0,0,0.2908,0.5298,12.11,6.41,0.4031,6.51,0.3494,2.6399999999999997,32.65,6.14,1.0699999999999998,0.4,6.470000000000001,0.56,11.09,3.41,2.56,0.4854,18.62,9.030000000000001,0.8842,4.09,3.59,0.2167,65.9,65.9,33.18,5.859999999999999,2.7299999999999995,0.87,6.470000000000001,24.25,2.29,24.259999999999998,1.9300000000000002,1.32,10.83,2.49,6.97,4.28,0.595,30.259999999999998,4.58,0.1991,9.0,0.5559000000000001,0.5298,12.11,6.41,0.4031,6.51,0.3494,2.6399999999999997,32.65,6.14,1.0699999999999998,0.4,6.470000000000001,0.56,11.09,3.41,2.56,0.4854,18.62,9.030000000000001,0.8842,4.09,3.59,0.2167,65.9,65.9,33.18,5.859999999999999,2.7299999999999995,0.87,6.470000000000001,24.25,2.29,24.259999999999998,1.9300000000000002,1.32,10.83,2.49,6.97,4.28,0.595,30.259999999999998,4.58,0.1991,9.0,0.5559000000000001
dangelo russell,2019,4,0,22.0,0,0.25,0.4735,9.45,4.45,0.35209999999999997,6.859999999999999,0.4223,2.44,36.72,6.02,0.74,0.28,1.18,-1.2,12.12,3.19,1.77,0.4222,16.310000000000002,6.91,0.7684,2.66,2.06,0.1694,63.0,67.5,28.549999999999997,2.38,2.29,0.63,1.1099999999999999,17.32,1.8399999999999999,18.32,1.8299999999999998,1.12,14.96,3.04,7.17,3.8200000000000003,0.5228,30.509999999999998,1.91,0.059300000000000005,2.88,0.4969,0.4735,9.45,4.45,0.35209999999999997,6.859999999999999,0.4223,2.44,36.72,6.02,0.74,0.28,1.18,-1.2,12.12,3.19,1.77,0.4222,16.310000000000002,6.91,0.7684,2.66,2.06,0.1694,63.0,67.5,28.549999999999997,2.38,2.29,0.63,1.1099999999999999,17.32,1.8399999999999999,18.32,1.8299999999999998,1.12,14.96,3.04,7.17,3.8200000000000003,0.5228,30.509999999999998,1.91,0.059300000000000005,2.88,0.4969
al horford,2019,4,0,32.0,0,0.2566,0.5609999999999999,7.63,4.3,0.3797,3.15,0.29090000000000005,1.2000000000000002,22.560000000000002,4.51,3.46,1.2400000000000002,4.55,1.77,18.93,5.35,3.13,0.5088,10.809999999999999,5.5,0.8054,1.6099999999999999,1.2600000000000002,0.14700000000000002,69.2,69.2,30.44,2.83,5.73,1.6,4.17,18.92,1.92,13.469999999999999,1.21,0.79,12.49,1.6300000000000001,12.370000000000001,6.93,0.5856,18.909999999999997,3.5100000000000002,0.1676,7.35,0.5643,0.5609999999999999,7.63,4.3,0.3797,3.15,0.29090000000000005,1.2000000000000002,22.560000000000002,4.51,3.46,1.2400000000000002,4.55,1.77,18.93,5.35,3.13,0.5088,10.809999999999999,5.5,0.8054,1.6099999999999999,1.2600000000000002,0.14700000000000002,69.2,69.2,30.44,2.83,5.73,1.6,4.17,18.92,1.92,13.469999999999999,1.21,0.79,12.49,1.6300000000000001,12.370000000000001,6.93,0.5856,18.909999999999997,3.5100000000000002,0.1676,7.35,0.5643
harrison barnes,2019,4,1,26.0,0,0.2213,0.46130000000000004,9.899999999999999,4.59,0.3748,4.699999999999999,0.3319,1.7999999999999998,7.859999999999999,1.65,0.45,0.2,-1.01,-1.23,14.1,4.24,1.79,0.43710000000000004,14.600000000000001,6.42,0.8323,3.75,3.14,0.2572,77.4,77.4,33.81,0.22,2.87,0.89,2.1,14.4,1.48,17.709999999999997,0.96,0.64,7.74,1.3599999999999999,8.36,5.18,0.5449,23.07,0.66,0.0706,3.8599999999999994,0.4998,0.46130000000000004,9.899999999999999,4.59,0.3748,4.699999999999999,0.3319,1.7999999999999998,7.859999999999999,1.65,0.45,0.2,-1.01,-1.23,14.1,4.24,1.79,0.43710000000000004,14.600000000000001,6.42,0.8323,3.75,3.14,0.2572,77.4,77.4,33.81,0.22,2.87,0.89,2.1,14.4,1.48,17.709999999999997,0.96,0.64,7.74,1.3599999999999999,8.36,5.18,0.5449,23.07,0.66,0.0706,3.8599999999999994,0.4998
malcolm brogdon,2019,4,0,26.0,0,0.1833,0.5276000000000001,7.26,3.8499999999999996,0.4093,3.44,0.3198,1.3900000000000001,17.85,3.4000000000000004,0.6399999999999999,0.23,0.6600000000000001,-0.33,11.01,3.0300000000000002,1.66,0.4894,10.7,5.26,0.9016,2.08,1.8800000000000001,0.19180000000000003,43.6,61.4,28.55,0.97,3.03,0.77,3.22,16.17,1.99,13.739999999999998,1.46,0.8400000000000001,11.09,1.42,7.18,3.8,0.5913999999999999,19.78,1.2,0.1328,4.88,0.5551999999999999,0.5276000000000001,7.26,3.8499999999999996,0.4093,3.44,0.3198,1.3900000000000001,17.85,3.4000000000000004,0.6399999999999999,0.23,0.6600000000000001,-0.33,11.01,3.0300000000000002,1.66,0.4894,10.7,5.26,0.9016,2.08,1.8800000000000001,0.19180000000000003,43.6,61.4,28.55,0.97,3.03,0.77,3.22,16.17,1.99,13.739999999999998,1.46,0.8400000000000001,11.09,1.42,7.18,3.8,0.5913999999999999,19.78,1.2,0.1328,4.88,0.5551999999999999
julius randle,2019,3,0,24.0,0,0.1649,0.5559,11.17,6.23,0.29259999999999997,1.6800000000000002,0.1209,0.52,16.5,3.05,1.59,0.55,0.75,-0.36,22.8,6.3100000000000005,2.0300000000000002,0.527,12.83,6.75,0.7255,5.67,4.12,0.4375,53.8,75.9,29.07,1.11,7.95,2.16,3.7,19.68,3.37,18.17,1.04,0.6399999999999999,15.03,2.6399999999999997,15.379999999999999,8.469999999999999,0.5904,25.770000000000003,1.54,0.125,5.7299999999999995,0.5462,0.5559,11.17,6.23,0.29259999999999997,1.6800000000000002,0.1209,0.52,16.5,3.05,1.59,0.55,0.75,-0.36,22.8,6.3100000000000005,2.0300000000000002,0.527,12.83,6.75,0.7255,5.67,4.12,0.4375,53.8,75.9,29.07,1.11,7.95,2.16,3.7,19.68,3.37,18.17,1.04,0.6399999999999999,15.03,2.6399999999999997,15.379999999999999,8.469999999999999,0.5904,25.770000000000003,1.54,0.125,5.7299999999999995,0.5462
terry rozier,2019,3,0,24.0,0,0.1823,0.41500000000000004,4.220000000000001,1.76,0.3544,4.13,0.4911,1.48,17.14,2.6799999999999997,0.88,0.22999999999999998,0.25,0.63,16.35,3.42,2.45,0.3854,8.32,3.25,0.7787,1.35,1.01,0.158,11.8,78.3,22.54,-0.4,2.6900000000000004,0.54,1.11,13.16,1.28,8.99,1.83,0.87,8.89,0.87,9.52,3.9800000000000004,0.49970000000000003,18.84,1.07,0.0928,3.56,0.47319999999999995,0.41500000000000004,4.220000000000001,1.76,0.3544,4.13,0.4911,1.48,17.14,2.6799999999999997,0.88,0.22999999999999998,0.25,0.63,16.35,3.42,2.45,0.3854,8.32,3.25,0.7787,1.35,1.01,0.158,11.8,78.3,22.54,-0.4,2.6900000000000004,0.54,1.11,13.16,1.28,8.99,1.83,0.87,8.89,0.87,9.52,3.9800000000000004,0.49970000000000003,18.84,1.07,0.0928,3.56,0.47319999999999995
terrence ross,2019,4,1,27.0,0,0.1144999999999999,0.4863,5.0,2.4499999999999997,0.361,5.67,0.5264,2.1,9.16,1.5499999999999998,1.28,0.43000000000000005,-0.45000000000000007,-0.09999999999999999,12.040000000000001,2.81,1.85,0.4208,10.67,4.5,0.8287,1.5499999999999998,1.29,0.14700000000000002,10.8,63.3,25.77,-0.34999999999999987,1.3900000000000001,0.31,1.09,13.350000000000001,1.68,12.36,1.9000000000000001,1.0,9.09,1.09,6.6899999999999995,3.17,0.542,21.0,0.9,0.0722,2.94,0.5162,0.4863,5.0,2.4499999999999997,0.361,5.67,0.5264,2.1,9.16,1.5499999999999998,1.28,0.43000000000000005,-0.45000000000000007,-0.09999999999999999,12.040000000000001,2.81,1.85,0.4208,10.67,4.5,0.8287,1.5499999999999998,1.29,0.14700000000000002,10.8,63.3,25.77,-0.34999999999999987,1.3900000000000001,0.31,1.09,13.350000000000001,1.68,12.36,1.9000000000000001,1.0,9.09,1.09,6.6899999999999995,3.17,0.542,21.0,0.9,0.0722,2.94,0.5162
brook lopez,2019,4,1,30.0,0,0.1108,0.5784,5.69,3.2199999999999998,0.35519999999999996,5.51,0.5145,1.96,9.290000000000001,1.5699999999999998,5.47,1.83,1.83,0.8400000000000001,14.18,3.91,3.08,0.46030000000000004,11.18,5.180000000000001,0.7939,2.41,1.93,0.20640000000000003,77.1,77.7,27.29,0.99,3.29,0.8200000000000001,2.34,16.330000000000002,2.45,14.25,0.9,0.52,9.93,1.3900000000000001,8.969999999999999,4.73,0.5811999999999999,21.240000000000002,2.07,0.12150000000000001,5.470000000000001,0.5525,0.5784,5.69,3.2199999999999998,0.35519999999999996,5.51,0.5145,1.96,9.290000000000001,1.5699999999999998,5.47,1.83,1.83,0.8400000000000001,14.18,3.91,3.08,0.46030000000000004,11.18,5.180000000000001,0.7939,2.41,1.93,0.20640000000000003,77.1,77.7,27.29,0.99,3.29,0.8200000000000001,2.34,16.330000000000002,2.45,14.25,0.9,0.52,9.93,1.3900000000000001,8.969999999999999,4.73,0.5811999999999999,21.240000000000002,2.07,0.12150000000000001,5.470000000000001,0.5525
ricky rubio,2019,3,0,28.0,0,0.1484,0.4509,6.88,3.1,0.32230000000000003,3.42,0.33340000000000003,1.12,32.35,6.46,0.38,0.1,0.29000000000000004,0.8099999999999999,12.77,3.39,2.88,0.4078,10.299999999999999,4.199999999999999,0.8654999999999999,3.45,3.0,0.3357,71.6,72.1,29.32,-0.47,2.25,0.61,1.8,14.98,2.6500000000000004,12.5,2.48,1.4700000000000002,18.35,2.63,7.53,4.0,0.5289,21.7,1.29,0.1049,4.66,0.46140000000000003,0.4509,6.88,3.1,0.32230000000000003,3.42,0.33340000000000003,1.12,32.35,6.46,0.38,0.1,0.29000000000000004,0.8099999999999999,12.77,3.39,2.88,0.4078,10.299999999999999,4.199999999999999,0.8654999999999999,3.45,3.0,0.3357,71.6,72.1,29.32,-0.47,2.25,0.61,1.8,14.98,2.6500000000000004,12.5,2.48,1.4700000000000002,18.35,2.63,7.53,4.0,0.5289,21.7,1.29,0.1049,4.66,0.46140000000000003
thaddeus young,2019,3,0,30.0,0,0.1182,0.5527,8.36,4.609999999999999,0.3467,1.8800000000000001,0.18409999999999999,0.6299999999999999,10.23,2.14,1.23,0.4,0.91,0.8300000000000001,14.57,4.109999999999999,3.45,0.515,10.27,5.29,0.606,1.42,0.88,0.1373,79.6,79.6,31.049999999999997,0.08000000000000002,8.09,2.25,2.59,15.52,2.2199999999999998,12.04,2.48,1.56,11.44,1.4,11.419999999999998,6.359999999999999,0.5553,17.47,1.8,0.11680000000000001,6.02,0.5468,0.5527,8.36,4.609999999999999,0.3467,1.8800000000000001,0.18409999999999999,0.6299999999999999,10.23,2.14,1.23,0.4,0.91,0.8300000000000001,14.57,4.109999999999999,3.45,0.515,10.27,5.29,0.606,1.42,0.88,0.1373,79.6,79.6,31.049999999999997,0.08000000000000002,8.09,2.25,2.59,15.52,2.2199999999999998,12.04,2.48,1.56,11.44,1.4,11.419999999999998,6.359999999999999,0.5553,17.47,1.8,0.11680000000000001,6.02,0.5468
patrick beverley,2019,3,1,30.0,0,0.1131,0.4252,3.63,1.57,0.39490000000000003,4.31,0.5527,1.6800000000000002,17.1,3.61,1.3900000000000001,0.53,0.8200000000000001,1.12,13.48,3.66,1.5699999999999998,0.4084,7.91,3.25,0.7908,1.53,1.21,0.2069,41.2,55.7,28.96,-0.28,4.54,1.23,2.01,12.22,3.29,9.36,2.05,1.26,14.77,1.54,9.100000000000001,4.91,0.5487,14.799999999999999,1.1300000000000001,0.0954,3.58,0.5174000000000001,0.4252,3.63,1.57,0.39490000000000003,4.31,0.5527,1.6800000000000002,17.1,3.61,1.3900000000000001,0.53,0.8200000000000001,1.12,13.48,3.66,1.5699999999999998,0.4084,7.91,3.25,0.7908,1.53,1.21,0.2069,41.2,55.7,28.96,-0.28,4.54,1.23,2.01,12.22,3.29,9.36,2.05,1.26,14.77,1.54,9.100000000000001,4.91,0.5487,14.799999999999999,1.1300000000000001,0.0954,3.58,0.5174000000000001
dewayne dedmon,2019,3,0,29.0,0,0.1222,0.5879,4.7,2.78,0.2975,2.3899999999999997,0.2953,0.89,7.77,1.27,3.48,0.9500000000000001,0.4,0.9500000000000001,27.05,5.8,2.12,0.5276000000000001,7.09,3.62,0.7805,1.56,1.21,0.2333,47.2,65.8,23.52,-0.5499999999999999,7.75,1.62,2.05,15.940000000000001,2.91,9.42,1.67,0.8300000000000001,14.02,1.23,17.380000000000003,7.42,0.6096999999999999,15.91,0.92,0.1315,4.15,0.583,0.5879,4.7,2.78,0.2975,2.3899999999999997,0.2953,0.89,7.77,1.27,3.48,0.9500000000000001,0.4,0.9500000000000001,27.05,5.8,2.12,0.5276000000000001,7.09,3.62,0.7805,1.56,1.21,0.2333,47.2,65.8,23.52,-0.5499999999999999,7.75,1.62,2.05,15.940000000000001,2.91,9.42,1.67,0.8300000000000001,14.02,1.23,17.380000000000003,7.42,0.6096999999999999,15.91,0.92,0.1315,4.15,0.583
deandre jordan,2019,4,0,30.0,0,0.0905,0.6574,6.92,4.51,0.0,0.0,0.0006000000000000001,0.0,9.07,1.8399999999999999,3.08,1.1600000000000001,2.13,0.74,35.8,10.190000000000001,3.49,0.6568,6.92,4.51,0.6229,4.17,2.5700000000000003,0.6053999999999999,73.8,73.8,30.64,1.4100000000000001,13.04,3.6799999999999997,5.24,19.92,2.5,11.64,0.94,0.5700000000000001,18.15,1.9200000000000002,24.54,13.870000000000001,0.666,15.120000000000001,2.38,0.1835,8.73,0.6568,0.6574,6.92,4.51,0.0,0.0,0.0006000000000000001,0.0,9.07,1.8399999999999999,3.08,1.1600000000000001,2.13,0.74,35.8,10.190000000000001,3.49,0.6568,6.92,4.51,0.6229,4.17,2.5700000000000003,0.6053999999999999,73.8,73.8,30.64,1.4100000000000001,13.04,3.6799999999999997,5.24,19.92,2.5,11.64,0.94,0.5700000000000001,18.15,1.9200000000000002,24.54,13.870000000000001,0.666,15.120000000000001,2.38,0.1835,8.73,0.6568
cory joseph,2019,3,0,27.0,0,0.11,0.4595,5.12,2.3600000000000003,0.33809999999999996,2.08,0.2913,0.71,19.18,3.5700000000000003,0.78,0.25,-0.9099999999999999,0.86,11.8,2.7199999999999998,2.3899999999999997,0.4236,7.23,3.07,0.7265,0.8800000000000001,0.71,0.12279999999999999,14.0,81.6,25.7,-1.77,2.23,0.52,0.95,11.44,1.6700000000000002,7.48,1.9800000000000002,1.01,12.39,1.1099999999999999,7.08,3.24,0.4915,14.97,0.62,0.07730000000000001,3.36,0.473,0.4595,5.12,2.3600000000000003,0.33809999999999996,2.08,0.2913,0.71,19.18,3.5700000000000003,0.78,0.25,-0.9099999999999999,0.86,11.8,2.7199999999999998,2.3899999999999997,0.4236,7.23,3.07,0.7265,0.8800000000000001,0.71,0.12279999999999999,14.0,81.6,25.7,-1.77,2.23,0.52,0.95,11.44,1.6700000000000002,7.48,1.9800000000000002,1.01,12.39,1.1099999999999999,7.08,3.24,0.4915,14.97,0.62,0.07730000000000001,3.36,0.473
rudy gay,2019,2,1,32.0,0,0.1329,0.5199,8.469999999999999,4.4,0.36960000000000004,2.74,0.2407,1.01,13.11,2.25,2.04,0.64,1.3199999999999998,0.5800000000000001,21.299999999999997,5.13,1.9300000000000002,0.4843,11.16,5.36,0.8106,2.7199999999999998,2.23,0.2419,33.3,57.599999999999994,26.59,0.74,4.74,1.08,1.56,17.73,2.1799999999999997,14.04,1.71,0.9400000000000001,12.16,1.77,13.04,6.1899999999999995,0.5668,23.59,1.27,0.1115,3.49,0.5292,0.5199,8.469999999999999,4.4,0.36960000000000004,2.74,0.2407,1.01,13.11,2.25,2.04,0.64,1.3199999999999998,0.5800000000000001,21.299999999999997,5.13,1.9300000000000002,0.4843,11.16,5.36,0.8106,2.7199999999999998,2.23,0.2419,33.3,57.599999999999994,26.59,0.74,4.74,1.08,1.56,17.73,2.1799999999999997,14.04,1.71,0.9400000000000001,12.16,1.77,13.04,6.1899999999999995,0.5668,23.59,1.27,0.1115,3.49,0.5292
jeremy lamb,2019,3,0,26.0,0,0.0962,0.49920000000000003,7.38,3.68,0.3412,3.54,0.3194,1.25,12.830000000000002,2.0300000000000002,1.38,0.4,1.18,0.08,18.19,4.13,1.83,0.44910000000000005,10.9,4.91,0.8729,2.85,2.4699999999999998,0.2606,33.9,75.9,25.31,1.0899999999999999,2.9400000000000004,0.68,2.83,17.15,1.73,13.46,1.64,0.8700000000000001,7.49,0.98,10.41,4.84,0.5537000000000001,22.61,1.58,0.11549999999999999,4.66,0.5038,0.49920000000000003,7.38,3.68,0.3412,3.54,0.3194,1.25,12.830000000000002,2.0300000000000002,1.38,0.4,1.18,0.08,18.19,4.13,1.83,0.44910000000000005,10.9,4.91,0.8729,2.85,2.4699999999999998,0.2606,33.9,75.9,25.31,1.0899999999999999,2.9400000000000004,0.68,2.83,17.15,1.73,13.46,1.64,0.8700000000000001,7.49,0.98,10.41,4.84,0.5537000000000001,22.61,1.58,0.11549999999999999,4.66,0.5038
kelly oubre jr,2019,2,1,23.0,0,0.1432,0.5058,5.85,3.01,0.3197,4.3100000000000005,0.42560000000000003,1.42,6.119999999999999,1.08,1.85,0.61,-1.75,-0.48,14.719999999999999,3.49,1.6400000000000001,0.4276,10.16,4.35,0.7850999999999999,2.88,2.25,0.2783,13.8,74.6,26.310000000000002,-1.27,3.76,0.87,0.99,12.989999999999998,2.67,12.399999999999999,1.9500000000000002,1.04,9.52,1.2,9.2,4.359999999999999,0.5389,20.339999999999996,0.16,0.0632,2.6100000000000003,0.496,0.5058,5.85,3.01,0.3197,4.3100000000000005,0.42560000000000003,1.42,6.119999999999999,1.08,1.85,0.61,-1.75,-0.48,14.719999999999999,3.49,1.6400000000000001,0.4276,10.16,4.35,0.7850999999999999,2.88,2.25,0.2783,13.8,74.6,26.310000000000002,-1.27,3.76,0.87,0.99,12.989999999999998,2.67,12.399999999999999,1.9500000000000002,1.04,9.52,1.2,9.2,4.359999999999999,0.5389,20.339999999999996,0.16,0.0632,2.6100000000000003,0.496
alfarouq aminu,2019,3,0,28.0,0,0.0848,0.4756,3.84,1.83,0.3482,3.92,0.5016,1.3599999999999999,6.32,1.33,1.48,0.52,0.24999999999999994,0.71,22.69,6.13,2.76,0.41359999999999997,7.6899999999999995,3.19,0.7961,1.85,1.54,0.2455,65.6,73.4,28.97,-0.44,5.17,1.38,1.75,12.459999999999999,1.8399999999999999,9.23,1.6099999999999999,0.93,11.28,1.08,14.059999999999999,7.51,0.5418000000000001,14.370000000000001,1.22,0.0998,4.54,0.5015000000000001,0.4756,3.84,1.83,0.3482,3.92,0.5016,1.3599999999999999,6.32,1.33,1.48,0.52,0.24999999999999994,0.71,22.69,6.13,2.76,0.41359999999999997,7.6899999999999995,3.19,0.7961,1.85,1.54,0.2455,65.6,73.4,28.97,-0.44,5.17,1.38,1.75,12.459999999999999,1.8399999999999999,9.23,1.6099999999999999,0.93,11.28,1.08,14.059999999999999,7.51,0.5418000000000001,14.370000000000001,1.22,0.0998,4.54,0.5015000000000001
george hill,2019,3,1,32.0,0,0.0837,0.5251,4.75,2.49,0.3621,3.19,0.4003,1.17,16.060000000000002,2.83,0.76,0.21000000000000002,-0.17999999999999994,0.26,8.92,2.11,1.3,0.45940000000000003,7.940000000000001,3.6300000000000003,0.808,2.13,1.7200000000000002,0.2595,34.3,59.9,25.25,-0.4099999999999999,2.74,0.63,2.24,13.9,1.88,10.18,1.8,0.92,11.67,1.18,5.9,2.74,0.5708,17.14,0.7399999999999999,0.1134,3.54,0.5317000000000001,0.5251,4.75,2.49,0.3621,3.19,0.4003,1.17,16.060000000000002,2.83,0.76,0.21000000000000002,-0.17999999999999994,0.26,8.92,2.11,1.3,0.45940000000000003,7.940000000000001,3.6300000000000003,0.808,2.13,1.7200000000000002,0.2595,34.3,59.9,25.25,-0.4099999999999999,2.74,0.63,2.24,13.9,1.88,10.18,1.8,0.92,11.67,1.18,5.9,2.74,0.5708,17.14,0.7399999999999999,0.1134,3.54,0.5317000000000001
delon wright,2019,2,0,26.0,0,0.0868,0.49260000000000004,4.44,2.21,0.3254,1.9800000000000002,0.3085,0.6699999999999999,20.32,2.94,1.7600000000000002,0.43000000000000005,2.1399999999999997,1.6600000000000001,11.530000000000001,2.2,1.95,0.4409,6.45,2.83,0.798,1.9100000000000001,1.54,0.3106,7.7,63.6,20.89,0.44999999999999996,4.1,0.78,1.7999999999999998,15.7,1.28,7.869999999999999,2.62,1.1,12.69,1.01,7.83,2.98,0.5407,17.53,1.42,0.1295,3.7199999999999998,0.49119999999999997,0.49260000000000004,4.44,2.21,0.3254,1.9800000000000002,0.3085,0.6699999999999999,20.32,2.94,1.7600000000000002,0.43000000000000005,2.1399999999999997,1.6600000000000001,11.530000000000001,2.2,1.95,0.4409,6.45,2.83,0.798,1.9100000000000001,1.54,0.3106,7.7,63.6,20.89,0.44999999999999996,4.1,0.78,1.7999999999999998,15.7,1.28,7.869999999999999,2.62,1.1,12.69,1.01,7.83,2.98,0.5407,17.53,1.42,0.1295,3.7199999999999998,0.49119999999999997
jj redick,2019,2,0,34.0,0,0.1235999999999999,0.49460000000000004,5.68,2.8,0.4103,7.18,0.5566,2.96,12.54,2.5300000000000002,0.45999999999999996,0.17,0.51,-1.57,7.67,2.24,1.44,0.44700000000000006,12.81,5.71,0.8964000000000001,3.15,2.8,0.2438,68.1,74.6,30.35,2.08,0.72,0.2,4.4,15.280000000000001,1.71,17.18,0.78,0.49,8.75,1.3599999999999999,4.279999999999999,2.3899999999999997,0.605,21.86,1.44,0.125,5.89,0.5608,0.49460000000000004,5.68,2.8,0.4103,7.18,0.5566,2.96,12.54,2.5300000000000002,0.45999999999999996,0.17,0.51,-1.57,7.67,2.24,1.44,0.44700000000000006,12.81,5.71,0.8964000000000001,3.15,2.8,0.2438,68.1,74.6,30.35,2.08,0.72,0.2,4.4,15.280000000000001,1.71,17.18,0.78,0.49,8.75,1.3599999999999999,4.279999999999999,2.3899999999999997,0.605,21.86,1.44,0.125,5.89,0.5608
tyus jones,2019,3,0,22.0,0,0.0848,0.4757,3.43,1.6,0.33440000000000003,1.67,0.33999999999999997,0.53,26.11,3.76,0.39,0.1,-0.019999999999999962,0.8,8.35,1.42,0.9299999999999999,0.4274,5.1,2.1500000000000004,0.837,0.94,0.8400000000000001,0.1992,14.8,70.6,19.4,-0.81,1.46,0.25,1.94,13.84,1.1,5.68,2.83,1.12,11.9,0.6799999999999999,4.859999999999999,1.7,0.5217,13.579999999999998,0.71,0.0998,2.88,0.485,0.4757,3.43,1.6,0.33440000000000003,1.67,0.33999999999999997,0.53,26.11,3.76,0.39,0.1,-0.019999999999999962,0.8,8.35,1.42,0.9299999999999999,0.4274,5.1,2.1500000000000004,0.837,0.94,0.8400000000000001,0.1992,14.8,70.6,19.4,-0.81,1.46,0.25,1.94,13.84,1.1,5.68,2.83,1.12,11.9,0.6799999999999999,4.859999999999999,1.7,0.5217,13.579999999999998,0.71,0.0998,2.88,0.485
trevor ariza,2019,2,0,33.0,0,0.1118,0.5134000000000001,3.64,1.8900000000000001,0.3462,6.6,0.647,2.2800000000000002,11.200000000000001,2.77,0.62,0.27,-0.24,0.13000000000000006,14.65,4.54,2.08,0.4049,10.26,4.17,0.8003,1.9100000000000001,1.52,0.18420000000000003,70.6,70.6,34.11,-0.37,2.08,0.6399999999999999,1.9899999999999998,12.05,1.89,12.1,2.03,1.46,9.48,1.17,8.29,5.16,0.5467,15.440000000000001,1.07,0.0807,4.04,0.5172,0.5134000000000001,3.64,1.8900000000000001,0.3462,6.6,0.647,2.2800000000000002,11.200000000000001,2.77,0.62,0.27,-0.24,0.13000000000000006,14.65,4.54,2.08,0.4049,10.26,4.17,0.8003,1.9100000000000001,1.52,0.18420000000000003,70.6,70.6,34.11,-0.37,2.08,0.6399999999999999,1.9899999999999998,12.05,1.89,12.1,2.03,1.46,9.48,1.17,8.29,5.16,0.5467,15.440000000000001,1.07,0.0807,4.04,0.5172
ivica zubac,2019,3,1,21.0,0,0.0594,0.5379,5.28,2.88,0.0,0.020000000000000004,0.004999999999999999,0.0,8.809999999999999,0.8900000000000001,3.7800000000000002,0.72,-1.19,-0.31,22.509999999999998,3.2600000000000002,0.9,0.5353000000000001,5.300000000000001,2.88,0.7611,1.67,1.28,0.3326,20.7,50.0,14.850000000000001,-0.88,10.91,1.47,1.22,17.439999999999998,1.8199999999999998,7.0600000000000005,0.79,0.24000000000000002,13.620000000000001,0.94,16.759999999999998,4.76,0.5785,19.490000000000002,0.2,0.1266,2.12,0.5353000000000001,0.5379,5.28,2.88,0.0,0.020000000000000004,0.004999999999999999,0.0,8.809999999999999,0.8900000000000001,3.7800000000000002,0.72,-1.19,-0.31,22.509999999999998,3.2600000000000002,0.9,0.5353000000000001,5.300000000000001,2.88,0.7611,1.67,1.28,0.3326,20.7,50.0,14.850000000000001,-0.88,10.91,1.47,1.22,17.439999999999998,1.8199999999999998,7.0600000000000005,0.79,0.24000000000000002,13.620000000000001,0.94,16.759999999999998,4.76,0.5785,19.490000000000002,0.2,0.1266,2.12,0.5353000000000001
demarre carroll,2019,3,0,32.0,0,0.0046999999999999,0.46220000000000006,4.26,1.9500000000000002,0.35050000000000003,4.8,0.5353000000000001,1.7000000000000002,7.890000000000001,1.4500000000000002,0.79,0.25,-0.69,-0.33999999999999997,16.71,4.21,1.7600000000000002,0.4017,9.059999999999999,3.67,0.7614,3.14,2.37,0.347,40.3,69.8,26.89,-0.38,4.390000000000001,1.1,1.78,12.719999999999999,1.94,11.379999999999999,1.28,0.71,9.58,1.1300000000000001,10.57,5.34,0.544,18.36,0.66,0.0907,3.54,0.4951,0.46220000000000006,4.26,1.9500000000000002,0.35050000000000003,4.8,0.5353000000000001,1.7000000000000002,7.890000000000001,1.4500000000000002,0.79,0.25,-0.69,-0.33999999999999997,16.71,4.21,1.7600000000000002,0.4017,9.059999999999999,3.67,0.7614,3.14,2.37,0.347,40.3,69.8,26.89,-0.38,4.390000000000001,1.1,1.78,12.719999999999999,1.94,11.379999999999999,1.28,0.71,9.58,1.1300000000000001,10.57,5.34,0.544,18.36,0.66,0.0907,3.54,0.4951
taj gibson,2019,2,0,33.0,0,0.0825,0.574,7.959999999999999,4.55,0.2682,0.41000000000000003,0.0492,0.13,6.390000000000001,1.1400000000000001,2.09,0.6699999999999999,-0.5000000000000001,-0.49000000000000005,17.740000000000002,4.33,1.71,0.5590999999999999,8.37,4.65,0.7519,2.34,1.74,0.2849,67.3,75.2,27.110000000000003,-0.040000000000000036,9.55,2.37,3.79,16.52,2.58,11.22,1.28,0.74,10.620000000000001,1.09,13.61,6.62,0.5976,16.869999999999997,0.74,0.12919999999999998,5.51,0.5657,0.574,7.959999999999999,4.55,0.2682,0.41000000000000003,0.0492,0.13,6.390000000000001,1.1400000000000001,2.09,0.6699999999999999,-0.5000000000000001,-0.49000000000000005,17.740000000000002,4.33,1.71,0.5590999999999999,8.37,4.65,0.7519,2.34,1.74,0.2849,67.3,75.2,27.110000000000003,-0.040000000000000036,9.55,2.37,3.79,16.52,2.58,11.22,1.28,0.74,10.620000000000001,1.09,13.61,6.62,0.5976,16.869999999999997,0.74,0.12919999999999998,5.51,0.5657
kentavious caldwellpope,2019,2,1,25.0,0,0.0741,0.5013000000000001,4.8100000000000005,2.3499999999999996,0.3584,5.49,0.5377,1.9300000000000002,8.809999999999999,1.81,0.48,0.2,-0.2,0.21000000000000002,10.67,2.9699999999999998,2.21,0.4226,10.28,4.359999999999999,0.8366,2.21,1.88,0.2172,48.7,78.4,29.020000000000003,-0.39,2.49,0.6799999999999999,2.33,12.969999999999999,1.77,12.48,1.8399999999999999,1.1099999999999999,8.200000000000001,1.0100000000000002,6.58,3.67,0.5561,17.96,1.04,0.09559999999999999,4.49,0.519,0.5013000000000001,4.8100000000000005,2.3499999999999996,0.3584,5.49,0.5377,1.9300000000000002,8.809999999999999,1.81,0.48,0.2,-0.2,0.21000000000000002,10.67,2.9699999999999998,2.21,0.4226,10.28,4.359999999999999,0.8366,2.21,1.88,0.2172,48.7,78.4,29.020000000000003,-0.39,2.49,0.6799999999999999,2.33,12.969999999999999,1.77,12.48,1.8399999999999999,1.1099999999999999,8.200000000000001,1.0100000000000002,6.58,3.67,0.5561,17.96,1.04,0.09559999999999999,4.49,0.519
elfrid payton,2019,2,0,24.0,0,0.0733,0.4958,8.24,4.12,0.3096,2.06,0.2009,0.65,34.36,6.96,1.11,0.39,-0.5999999999999999,-0.43999999999999995,13.620000000000001,3.76,1.27,0.4591,10.3,4.75,0.7046,2.23,1.52,0.2118,51.5,56.3,29.39,-0.15999999999999995,3.9699999999999998,1.12,1.2,15.39,2.08,11.67,1.82,1.11,18.6,2.6,8.75,4.83,0.5164,20.04,0.68,0.0691,2.47,0.4909,0.4958,8.24,4.12,0.3096,2.06,0.2009,0.65,34.36,6.96,1.11,0.39,-0.5999999999999999,-0.43999999999999995,13.620000000000001,3.76,1.27,0.4591,10.3,4.75,0.7046,2.23,1.52,0.2118,51.5,56.3,29.39,-0.15999999999999995,3.9699999999999998,1.12,1.2,15.39,2.08,11.67,1.82,1.11,18.6,2.6,8.75,4.83,0.5164,20.04,0.68,0.0691,2.47,0.4909
wayne ellington,2019,2,0,31.0,0,0.0733,0.516,1.8,0.95,0.3787,7.03,0.7970999999999999,2.6500000000000004,7.34,1.22,0.33,0.1,0.09999999999999999,-0.21,8.86,2.0100000000000002,1.5099999999999998,0.4068,8.83,3.6,0.8277,0.8899999999999999,0.74,0.10219999999999999,22.2,62.0,25.04,0.31000000000000005,1.2000000000000002,0.3,1.85,12.17,1.4300000000000002,10.61,1.63,0.83,6.83,0.71,5.029999999999999,2.26,0.5739,17.369999999999997,0.85,0.101,3.3099999999999996,0.5577000000000001,0.516,1.8,0.95,0.3787,7.03,0.7970999999999999,2.6500000000000004,7.34,1.22,0.33,0.1,0.09999999999999999,-0.21,8.86,2.0100000000000002,1.5099999999999998,0.4068,8.83,3.6,0.8277,0.8899999999999999,0.74,0.10219999999999999,22.2,62.0,25.04,0.31000000000000005,1.2000000000000002,0.3,1.85,12.17,1.4300000000000002,10.61,1.63,0.83,6.83,0.71,5.029999999999999,2.26,0.5739,17.369999999999997,0.85,0.101,3.3099999999999996,0.5577000000000001
marcus morris,2019,1,0,29.0,0,0.1374,0.4873,6.79,3.3,0.3641,4.79,0.4164,1.73,8.09,1.54,0.92,0.27,-0.7,-0.43999999999999995,17.83,4.67,2.39,0.43579999999999997,11.58,5.03,0.8203,2.48,2.0,0.21489999999999998,48.6,69.5,28.46,-0.29000000000000004,3.58,0.94,1.6600000000000001,13.93,2.19,13.830000000000002,1.06,0.6199999999999999,8.64,1.1800000000000002,10.709999999999999,5.59,0.5479,21.41,0.6299999999999999,0.0988,3.99,0.5116,0.4873,6.79,3.3,0.3641,4.79,0.4164,1.73,8.09,1.54,0.92,0.27,-0.7,-0.43999999999999995,17.83,4.67,2.39,0.43579999999999997,11.58,5.03,0.8203,2.48,2.0,0.21489999999999998,48.6,69.5,28.46,-0.29000000000000004,3.58,0.94,1.6600000000000001,13.93,2.19,13.830000000000002,1.06,0.6199999999999999,8.64,1.1800000000000002,10.709999999999999,5.59,0.5479,21.41,0.6299999999999999,0.0988,3.99,0.5116
bobby portis,2019,1,0,23.0,0,0.1374,0.4959,7.659999999999999,3.76,0.3708,3.13,0.2857,1.1800000000000002,9.5,1.31,1.2200000000000002,0.33,-1.26,-1.72,24.15,5.03,1.24,0.4609,10.809999999999999,4.9399999999999995,0.7599,1.76,1.35,0.16599999999999998,17.8,59.7,22.87,0.44000000000000006,9.1,2.0,1.07,16.94,2.29,12.419999999999998,1.26,0.62,9.780000000000001,1.29,16.46,7.01,0.5379,23.92,0.33,0.08310000000000001,2.33,0.5142,0.4959,7.659999999999999,3.76,0.3708,3.13,0.2857,1.1800000000000002,9.5,1.31,1.2200000000000002,0.33,-1.26,-1.72,24.15,5.03,1.24,0.4609,10.809999999999999,4.9399999999999995,0.7599,1.76,1.35,0.16599999999999998,17.8,59.7,22.87,0.44000000000000006,9.1,2.0,1.07,16.94,2.29,12.419999999999998,1.26,0.62,9.780000000000001,1.29,16.46,7.01,0.5379,23.92,0.33,0.08310000000000001,2.33,0.5142
derrick rose,2019,2,0,30.0,0,0.067,0.4941,10.670000000000002,5.35,0.2983,1.99,0.1575,0.68,21.84,3.48,0.73,0.22,-1.12,-2.2399999999999998,7.750000000000001,1.88,0.3,0.4657,12.680000000000001,5.95,0.8638,2.89,2.5300000000000002,0.2319,21.4,45.8,25.189999999999998,1.1700000000000002,2.98,0.6499999999999999,1.72,16.6,0.99,15.120000000000001,1.01,0.53,11.280000000000001,1.68,5.390000000000001,2.5300000000000002,0.5366,26.41,0.58,0.0592,2.04,0.4906,0.4941,10.670000000000002,5.35,0.2983,1.99,0.1575,0.68,21.84,3.48,0.73,0.22,-1.12,-2.2399999999999998,7.750000000000001,1.88,0.3,0.4657,12.680000000000001,5.95,0.8638,2.89,2.5300000000000002,0.2319,21.4,45.8,25.189999999999998,1.1700000000000002,2.98,0.6499999999999999,1.72,16.6,0.99,15.120000000000001,1.01,0.53,11.280000000000001,1.68,5.390000000000001,2.5300000000000002,0.5366,26.41,0.58,0.0592,2.04,0.4906
rodney mcgruder,2019,3,1,27.0,0,0.0441,0.49,3.05,1.46,0.3706,2.83,0.4833,1.02,9.43,1.44,0.76,0.2,-1.95,-0.16,10.43,2.13,1.23,0.43200000000000005,5.91,2.48,0.635,0.8500000000000001,0.5800000000000001,0.14179999999999998,36.1,54.0,21.77,-1.7600000000000002,4.319999999999999,0.87,0.5900000000000001,10.120000000000001,1.5699999999999998,6.609999999999999,1.1800000000000002,0.49,9.29,0.7,7.3999999999999995,3.0,0.5347,13.79,-0.020000000000000004,0.0814,1.77,0.5217,0.49,3.05,1.46,0.3706,2.83,0.4833,1.02,9.43,1.44,0.76,0.2,-1.95,-0.16,10.43,2.13,1.23,0.43200000000000005,5.91,2.48,0.635,0.8500000000000001,0.5800000000000001,0.14179999999999998,36.1,54.0,21.77,-1.7600000000000002,4.319999999999999,0.87,0.5900000000000001,10.120000000000001,1.5699999999999998,6.609999999999999,1.1800000000000002,0.49,9.29,0.7,7.3999999999999995,3.0,0.5347,13.79,-0.020000000000000004,0.0814,1.77,0.5217
kevon looney,2019,3,1,22.0,0,0.0409,0.6077,3.3,2.06,0.15439999999999998,0.12000000000000001,0.0391,0.0,8.95,1.03,3.5700000000000003,0.6499999999999999,-0.15000000000000002,0.6399999999999999,15.96,2.3,1.4500000000000002,0.5911,3.42,2.08,0.5966,1.13,0.66,0.3348,14.0,70.4,15.07,-0.7899999999999999,12.899999999999999,1.75,2.69,15.81,2.02,4.85,1.61,0.51,11.79,0.51,14.5,4.05,0.605,12.83,0.5700000000000001,0.17149999999999999,4.12,0.595,0.6077,3.3,2.06,0.15439999999999998,0.12000000000000001,0.0391,0.0,8.95,1.03,3.5700000000000003,0.6499999999999999,-0.15000000000000002,0.6399999999999999,15.96,2.3,1.4500000000000002,0.5911,3.42,2.08,0.5966,1.13,0.66,0.3348,14.0,70.4,15.07,-0.7899999999999999,12.899999999999999,1.75,2.69,15.81,2.02,4.85,1.61,0.51,11.79,0.51,14.5,4.05,0.605,12.83,0.5700000000000001,0.17149999999999999,4.12,0.595
jabari parker,2019,2,0,23.0,0,0.0596,0.5372,9.28,4.96,0.34440000000000004,2.98,0.247,1.06,13.84,2.33,1.33,0.42000000000000004,-0.85,-1.24,19.17,4.62,1.1300000000000001,0.4891,12.26,6.02,0.7269,2.8200000000000003,2.0300000000000002,0.2255,19.4,51.5,27.43,0.3400000000000001,5.51,1.3199999999999998,0.75,16.7,2.07,15.05,1.46,0.79,12.920000000000002,2.01,12.34,6.01,0.5576000000000001,24.92,0.4,0.0659,1.86,0.5312000000000001,0.5372,9.28,4.96,0.34440000000000004,2.98,0.247,1.06,13.84,2.33,1.33,0.42000000000000004,-0.85,-1.24,19.17,4.62,1.1300000000000001,0.4891,12.26,6.02,0.7269,2.8200000000000003,2.0300000000000002,0.2255,19.4,51.5,27.43,0.3400000000000001,5.51,1.3199999999999998,0.75,16.7,2.07,15.05,1.46,0.79,12.920000000000002,2.01,12.34,6.01,0.5576000000000001,24.92,0.4,0.0659,1.86,0.5312000000000001
dorian finneysmith,2019,3,1,25.0,0,0.0366999999999999,0.5121,2.84,1.42,0.30379999999999996,2.99,0.5215000000000001,0.94,7.17,1.12,1.27,0.32,-2.5999999999999996,0.08000000000000002,13.260000000000002,2.7199999999999998,1.3900000000000001,0.4044,5.8100000000000005,2.36,0.7252000000000001,1.02,0.72,0.1713,23.9,63.0,22.7,-2.6999999999999997,6.08,1.29,0.52,9.32,2.05,6.38,1.5,0.72,12.149999999999999,0.87,9.620000000000001,4.02,0.5068,13.85,0.0,0.052199999999999996,1.96,0.48360000000000003,0.5121,2.84,1.42,0.30379999999999996,2.99,0.5215000000000001,0.94,7.17,1.12,1.27,0.32,-2.5999999999999996,0.08000000000000002,13.260000000000002,2.7199999999999998,1.3900000000000001,0.4044,5.8100000000000005,2.36,0.7252000000000001,1.02,0.72,0.1713,23.9,63.0,22.7,-2.6999999999999997,6.08,1.29,0.52,9.32,2.05,6.38,1.5,0.72,12.149999999999999,0.87,9.620000000000001,4.02,0.5068,13.85,0.0,0.052199999999999996,1.96,0.48360000000000003
rodney hood,2019,2,1,26.0,1,0.0524,0.4671,6.32,2.9799999999999995,0.3665,4.369999999999999,0.4011,1.6099999999999999,9.93,1.7000000000000002,0.55,0.2,-1.21,-0.73,9.54,2.2600000000000002,1.08,0.42779999999999996,10.66,4.59,0.8566,2.14,1.8199999999999998,0.2017,42.4,65.8,26.619999999999997,-0.48,1.42,0.32999999999999996,1.55,12.920000000000002,1.98,12.549999999999999,1.43,0.76,7.510000000000001,0.9800000000000001,5.5,2.62,0.5407,20.92,0.32,0.07239999999999999,2.63,0.5017,0.5252,4.1,2.12,0.27859999999999996,2.92,0.403,0.8500000000000001,7.66,1.0,0.77,0.16,-1.96,-0.42000000000000004,9.73,1.79,0.12000000000000001,0.4316,6.970000000000001,3.02,0.7562,1.93,1.5,0.2712,0.3,15.3,21.28,-1.59,2.31,0.44,0.22000000000000003,10.46,1.98,8.350000000000001,0.88,0.39,7.71,0.6200000000000001,5.9799999999999995,2.23,0.5302,18.1,0.010000000000000009,0.0416,0.37,0.49160000000000004
jake layman,2019,3,0,24.0,0,0.0327999999999999,0.5024,2.16,1.27,0.274,1.73,0.45589999999999997,0.51,6.86,0.5,1.7000000000000002,0.25,-2.8200000000000003,-0.27,10.329999999999998,1.3399999999999999,0.6799999999999999,0.4023,3.89,1.76,0.7051000000000001,0.63,0.45999999999999996,0.14090000000000003,17.0,53.0,12.149999999999999,-2.53,3.6799999999999997,0.47000000000000003,0.7799999999999999,9.2,1.04,4.54,1.48,0.32,9.459999999999999,0.39,7.06,1.84,0.4834,16.13,0.16,0.038400000000000004,1.46,0.46449999999999997,0.5024,2.16,1.27,0.274,1.73,0.45589999999999997,0.51,6.86,0.5,1.7000000000000002,0.25,-2.8200000000000003,-0.27,10.329999999999998,1.3399999999999999,0.6799999999999999,0.4023,3.89,1.76,0.7051000000000001,0.63,0.45999999999999996,0.14090000000000003,17.0,53.0,12.149999999999999,-2.53,3.6799999999999997,0.47000000000000003,0.7799999999999999,9.2,1.04,4.54,1.48,0.32,9.459999999999999,0.39,7.06,1.84,0.4834,16.13,0.16,0.038400000000000004,1.46,0.46449999999999997
trey lyles,2019,2,0,23.0,0,0.0504,0.5134,4.31,2.24,0.3056,3.0300000000000002,0.41380000000000006,0.91,10.58,1.26,1.7799999999999998,0.41000000000000003,-1.25,-0.5599999999999999,20.47,3.3200000000000003,1.38,0.42869999999999997,7.34,3.1500000000000004,0.7051999999999999,1.7200000000000002,1.23,0.23099999999999998,2.4,68.1,17.740000000000002,-0.7400000000000001,4.43,0.73,0.53,13.7,1.48,8.46,1.2200000000000002,0.45,10.66,0.9700000000000001,12.49,4.0,0.5201,22.369999999999997,0.26,0.07139999999999999,1.9300000000000002,0.492,0.5134,4.31,2.24,0.3056,3.0300000000000002,0.41380000000000006,0.91,10.58,1.26,1.7799999999999998,0.41000000000000003,-1.25,-0.5599999999999999,20.47,3.3200000000000003,1.38,0.42869999999999997,7.34,3.1500000000000004,0.7051999999999999,1.7200000000000002,1.23,0.23099999999999998,2.4,68.1,17.740000000000002,-0.7400000000000001,4.43,0.73,0.53,13.7,1.48,8.46,1.2200000000000002,0.45,10.66,0.9700000000000001,12.49,4.0,0.5201,22.369999999999997,0.26,0.07139999999999999,1.9300000000000002,0.492
mike scott,2019,2,1,30.0,0,0.0437,0.4553,2.85,1.38,0.3516,2.5300000000000002,0.4849,0.9600000000000001,8.43,0.91,0.79,0.17,-2.8600000000000003,-0.82,16.34,2.5300000000000002,0.94,0.4157,5.38,2.31,0.7059,0.5800000000000001,0.44000000000000006,0.11019999999999999,1.8,65.9,16.56,-2.0700000000000003,4.04,0.58,0.56,9.559999999999999,1.71,6.04,0.89,0.28,10.58,0.6799999999999999,10.3,3.16,0.5157,16.36,-0.11000000000000001,0.0492,1.53,0.5014000000000001,0.4553,2.85,1.38,0.3516,2.5300000000000002,0.4849,0.9600000000000001,8.43,0.91,0.79,0.17,-2.8600000000000003,-0.82,16.34,2.5300000000000002,0.94,0.4157,5.38,2.31,0.7059,0.5800000000000001,0.44000000000000006,0.11019999999999999,1.8,65.9,16.56,-2.0700000000000003,4.04,0.58,0.56,9.559999999999999,1.71,6.04,0.89,0.28,10.58,0.6799999999999999,10.3,3.16,0.5157,16.36,-0.11000000000000001,0.0492,1.53,0.5014000000000001
robin lopez,2019,2,0,30.0,0,0.0437,0.5541,8.27,4.529999999999999,0.19879999999999998,0.26,0.0362,0.08,9.21,1.37,3.76,1.07,-2.05,-1.25,10.73,2.4,1.04,0.5416,8.549999999999999,4.58,0.733,1.5299999999999998,1.1099999999999999,0.18380000000000002,53.4,72.4,24.369999999999997,-0.8500000000000001,9.46,2.1799999999999997,1.72,15.239999999999998,1.74,10.370000000000001,0.35,0.15000000000000002,13.05,1.38,10.07,4.58,0.5668,18.92,-0.05,0.07500000000000001,2.7800000000000002,0.546,0.5541,8.27,4.529999999999999,0.19879999999999998,0.26,0.0362,0.08,9.21,1.37,3.76,1.07,-2.05,-1.25,10.73,2.4,1.04,0.5416,8.549999999999999,4.58,0.733,1.5299999999999998,1.1099999999999999,0.18380000000000002,53.4,72.4,24.369999999999997,-0.8500000000000001,9.46,2.1799999999999997,1.72,15.239999999999998,1.74,10.370000000000001,0.35,0.15000000000000002,13.05,1.38,10.07,4.58,0.5668,18.92,-0.05,0.07500000000000001,2.7800000000000002,0.546
richaun holmes,2019,2,0,25.0,0,0.0437,0.6124,5.1,3.1300000000000003,0.1089,0.45999999999999996,0.0761,0.13,9.3,1.04,4.5,0.93,0.8300000000000001,0.77,20.689999999999998,3.27,1.2600000000000002,0.5836,5.540000000000001,3.24,0.7036,1.97,1.4,0.3591,6.0,60.8,17.279999999999998,0.06000000000000001,9.62,1.48,2.47,19.29,2.48,8.01,1.58,0.56,9.969999999999999,0.7,15.19,4.77,0.6212,17.65,0.76,0.17159999999999997,3.75,0.5926,0.6124,5.1,3.1300000000000003,0.1089,0.45999999999999996,0.0761,0.13,9.3,1.04,4.5,0.93,0.8300000000000001,0.77,20.689999999999998,3.27,1.2600000000000002,0.5836,5.540000000000001,3.24,0.7036,1.97,1.4,0.3591,6.0,60.8,17.279999999999998,0.06000000000000001,9.62,1.48,2.47,19.29,2.48,8.01,1.58,0.56,9.969999999999999,0.7,15.19,4.77,0.6212,17.65,0.76,0.17159999999999997,3.75,0.5926
jamychal green,2019,2,1,28.0,0,0.0437,0.5245,5.199999999999999,2.6899999999999995,0.379,2.42,0.321,0.93,6.65,1.04,1.9,0.48,-1.7,-0.6099999999999999,23.689999999999998,5.07,1.8599999999999999,0.4786,7.619999999999999,3.62,0.7727,1.84,1.3900000000000001,0.2409,34.2,64.4,24.410000000000004,-1.07,9.15,2.05,1.4800000000000002,14.25,2.98,9.57,1.34,0.6499999999999999,13.690000000000001,1.31,16.38,7.09,0.5727,17.92,0.14,0.10060000000000001,3.3899999999999997,0.5403,0.5245,5.199999999999999,2.6899999999999995,0.379,2.42,0.321,0.93,6.65,1.04,1.9,0.48,-1.7,-0.6099999999999999,23.689999999999998,5.07,1.8599999999999999,0.4786,7.619999999999999,3.62,0.7727,1.84,1.3900000000000001,0.2409,34.2,64.4,24.410000000000004,-1.07,9.15,2.05,1.4800000000000002,14.25,2.98,9.57,1.34,0.6499999999999999,13.690000000000001,1.31,16.38,7.09,0.5727,17.92,0.14,0.10060000000000001,3.3899999999999997,0.5403
ed davis,2019,2,0,29.0,0,0.0437,0.5908,3.58,2.13,0.0,0.0,0.0044,0.0,5.09,0.67,2.21,0.51,-1.0,0.36999999999999994,30.12,5.09,2.14,0.5882000000000001,3.58,2.13,0.632,1.78,1.09,0.496,2.9000000000000004,73.1,18.06,-1.3,14.69,2.46,2.5999999999999996,15.6,2.7199999999999998,5.35,1.1099999999999999,0.38,15.599999999999998,0.8,22.41,7.58,0.6107,12.379999999999999,0.41999999999999993,0.1655,4.69,0.5882000000000001,0.5908,3.58,2.13,0.0,0.0,0.0044,0.0,5.09,0.67,2.21,0.51,-1.0,0.36999999999999994,30.12,5.09,2.14,0.5882000000000001,3.58,2.13,0.632,1.78,1.09,0.496,2.9000000000000004,73.1,18.06,-1.3,14.69,2.46,2.5999999999999996,15.6,2.7199999999999998,5.35,1.1099999999999999,0.38,15.599999999999998,0.8,22.41,7.58,0.6107,12.379999999999999,0.41999999999999993,0.1655,4.69,0.5882000000000001
avery bradley,2019,2,0,28.0,0,0.0437,0.4546,7.48,3.42,0.36419999999999997,4.2700000000000005,0.3704,1.58,11.22,2.24,0.6,0.25,-3.17,-0.8500000000000001,9.08,2.63,1.26,0.42079999999999995,11.75,4.93,0.8066,1.2800000000000002,1.0099999999999998,0.1043,56.3,56.3,31.14,-2.3,2.56,0.74,-0.49999999999999994,9.559999999999999,2.47,12.5,1.4000000000000001,0.92,12.129999999999999,1.6800000000000002,5.82,3.37,0.5064,19.53,-0.47000000000000003,0.018600000000000002,0.7100000000000001,0.4883,0.4546,7.48,3.42,0.36419999999999997,4.2700000000000005,0.3704,1.58,11.22,2.24,0.6,0.25,-3.17,-0.8500000000000001,9.08,2.63,1.26,0.42079999999999995,11.75,4.93,0.8066,1.2800000000000002,1.0099999999999998,0.1043,56.3,56.3,31.14,-2.3,2.56,0.74,-0.49999999999999994,9.559999999999999,2.47,12.5,1.4000000000000001,0.92,12.129999999999999,1.6800000000000002,5.82,3.37,0.5064,19.53,-0.47000000000000003,0.018600000000000002,0.7100000000000001,0.4883
reggie bullock,2019,2,0,27.0,0,0.0366999999999999,0.4969,3.25,1.6,0.39880000000000004,4.93,0.5994999999999999,1.93,9.33,1.63,0.56,0.18,-0.28,0.06,9.370000000000001,2.12,1.22,0.4371,8.16,3.58,0.8111,0.93,0.82,0.10949999999999999,46.6,56.3,26.29,-0.33999999999999997,1.69,0.35,1.72,11.67,1.3199999999999998,9.940000000000001,1.3,0.6599999999999999,8.35,0.8,5.42,2.52,0.5736,15.290000000000001,0.62,0.0943,3.01,0.5556000000000001,0.4969,3.25,1.6,0.39880000000000004,4.93,0.5994999999999999,1.93,9.33,1.63,0.56,0.18,-0.28,0.06,9.370000000000001,2.12,1.22,0.4371,8.16,3.58,0.8111,0.93,0.82,0.10949999999999999,46.6,56.3,26.29,-0.33999999999999997,1.69,0.35,1.72,11.67,1.3199999999999998,9.940000000000001,1.3,0.6599999999999999,8.35,0.8,5.42,2.52,0.5736,15.290000000000001,0.62,0.0943,3.01,0.5556000000000001
javale mcgee,2019,2,1,31.0,0,0.0366999999999999,0.64,6.01,3.82,0.0415,0.13,0.0194,0.0,5.5600000000000005,0.54,7.26,1.4500000000000002,1.39,1.0,20.88,3.3400000000000003,2.08,0.6287,6.09,3.82,0.6363000000000001,1.52,0.97,0.2592,38.1,72.4,15.92,0.44000000000000006,12.780000000000001,1.83,2.41,22.630000000000003,2.0999999999999996,8.66,1.37,0.43,11.559999999999999,0.9199999999999999,16.990000000000002,5.17,0.6376999999999999,20.619999999999997,0.97,0.1941,4.460000000000001,0.6292,0.64,6.01,3.82,0.0415,0.13,0.0194,0.0,5.5600000000000005,0.54,7.26,1.4500000000000002,1.39,1.0,20.88,3.3400000000000003,2.08,0.6287,6.09,3.82,0.6363000000000001,1.52,0.97,0.2592,38.1,72.4,15.92,0.44000000000000006,12.780000000000001,1.83,2.41,22.630000000000003,2.0999999999999996,8.66,1.37,0.43,11.559999999999999,0.9199999999999999,16.990000000000002,5.17,0.6376999999999999,20.619999999999997,0.97,0.1941,4.460000000000001,0.6292
patrick mccaw,2019,2,1,23.0,0,0.0366999999999999,0.5005,1.69,0.8700000000000001,0.2985,1.26,0.4292,0.36,9.579999999999998,1.1400000000000001,0.66,0.15000000000000002,-3.21,1.0,9.13,1.28,0.73,0.41579999999999995,2.97,1.23,0.8198,0.53,0.43000000000000005,0.1945,7.5,45.8,14.94,-4.17,2.06,0.25,0.010000000000000009,7.69,1.19,3.3,2.34,0.74,16.6,0.61,5.71,1.5499999999999998,0.5171,10.920000000000002,-0.21999999999999997,0.0566,0.77,0.48050000000000004,0.5005,1.69,0.8700000000000001,0.2985,1.26,0.4292,0.36,9.579999999999998,1.1400000000000001,0.66,0.15000000000000002,-3.21,1.0,9.13,1.28,0.73,0.41579999999999995,2.97,1.23,0.8198,0.53,0.43000000000000005,0.1945,7.5,45.8,14.94,-4.17,2.06,0.25,0.010000000000000009,7.69,1.19,3.3,2.34,0.74,16.6,0.61,5.71,1.5499999999999998,0.5171,10.920000000000002,-0.21999999999999997,0.0566,0.77,0.48050000000000004
stanley johnson,2019,2,0,22.0,0,0.0332,0.4533,3.65,1.7000000000000002,0.2882,3.07,0.4543,0.87,9.95,1.4100000000000001,1.01,0.22,-2.5700000000000003,1.06,14.889999999999999,2.76,1.8800000000000001,0.3776,6.72,2.54,0.7579,1.27,0.98,0.1792,18.7,69.1,20.93,-3.63,2.63,0.5,-1.01,8.94,1.8900000000000001,6.94,2.37,1.01,13.75,1.1099999999999999,8.54,3.26,0.4737,17.58,-0.18,0.0267,0.8700000000000001,0.44300000000000006,0.4533,3.65,1.7000000000000002,0.2882,3.07,0.4543,0.87,9.95,1.4100000000000001,1.01,0.22,-2.5700000000000003,1.06,14.889999999999999,2.76,1.8800000000000001,0.3776,6.72,2.54,0.7579,1.27,0.98,0.1792,18.7,69.1,20.93,-3.63,2.63,0.5,-1.01,8.94,1.8900000000000001,6.94,2.37,1.01,13.75,1.1099999999999999,8.54,3.26,0.4737,17.58,-0.18,0.0267,0.8700000000000001,0.44300000000000006
tj mcconnell,2019,2,0,26.0,0,0.0321,0.5244,5.029999999999999,2.63,0.337,0.6799999999999999,0.1155,0.24000000000000002,27.2,4.22,0.71,0.18,-0.65,1.22,10.75,2.2199999999999998,2.08,0.5044,5.66,2.87,0.7927,0.62,0.5,0.1071,12.000000000000002,77.0,21.630000000000003,-1.87,2.17,0.45,1.27,13.190000000000001,1.52,6.470000000000001,2.6500000000000004,1.2,19.25,1.45,6.58,2.67,0.5418000000000001,14.52,0.5700000000000001,0.09620000000000001,3.3499999999999996,0.5246999999999999,0.5244,5.029999999999999,2.63,0.337,0.6799999999999999,0.1155,0.24000000000000002,27.2,4.22,0.71,0.18,-0.65,1.22,10.75,2.2199999999999998,2.08,0.5044,5.66,2.87,0.7927,0.62,0.5,0.1071,12.000000000000002,77.0,21.630000000000003,-1.87,2.17,0.45,1.27,13.190000000000001,1.52,6.470000000000001,2.6500000000000004,1.2,19.25,1.45,6.58,2.67,0.5418000000000001,14.52,0.5700000000000001,0.09620000000000001,3.3499999999999996,0.5246999999999999
markieff morris,2019,2,0,29.0,0,0.016,0.4973,6.199999999999999,3.08,0.35,3.11,0.3438,1.08,9.26,1.6099999999999999,1.56,0.47000000000000003,-2.04,-0.29,18.15,4.15,1.68,0.44589999999999996,9.31,4.16,0.7994,1.9000000000000001,1.5,0.1992,45.1,66.1,25.29,-1.72,4.81,1.13,0.98,12.549999999999999,3.06,10.95,1.4100000000000001,0.76,11.35,1.3,11.43,5.279999999999999,0.5383,19.5,0.07999999999999999,0.0711,2.61,0.5062,0.4973,6.199999999999999,3.08,0.35,3.11,0.3438,1.08,9.26,1.6099999999999999,1.56,0.47000000000000003,-2.04,-0.29,18.15,4.15,1.68,0.44589999999999996,9.31,4.16,0.7994,1.9000000000000001,1.5,0.1992,45.1,66.1,25.29,-1.72,4.81,1.13,0.98,12.549999999999999,3.06,10.95,1.4100000000000001,0.76,11.35,1.3,11.43,5.279999999999999,0.5383,19.5,0.07999999999999999,0.0711,2.61,0.5062
quinn cook,2019,2,0,25.0,0,0.0275,0.5217,3.53,1.8599999999999999,0.4197,2.69,0.43069999999999997,1.1300000000000001,17.14,1.99,0.13,0.0,-2.1500000000000004,-1.55,10.28,1.6400000000000001,0.54,0.4777,6.17,2.99,0.7285,0.52,0.38,0.0744,10.399999999999999,49.7,16.55,-0.6000000000000001,1.75,0.26,0.8500000000000001,12.75,1.32,7.42,0.91,0.32999999999999996,11.440000000000001,0.83,6.21,1.9,0.5761999999999999,19.27,0.009999999999999995,0.0807,1.42,0.5676,0.5217,3.53,1.8599999999999999,0.4197,2.69,0.43069999999999997,1.1300000000000001,17.14,1.99,0.13,0.0,-2.1500000000000004,-1.55,10.28,1.6400000000000001,0.54,0.4777,6.17,2.99,0.7285,0.52,0.38,0.0744,10.399999999999999,49.7,16.55,-0.6000000000000001,1.75,0.26,0.8500000000000001,12.75,1.32,7.42,0.91,0.32999999999999996,11.440000000000001,0.83,6.21,1.9,0.5761999999999999,19.27,0.009999999999999995,0.0807,1.42,0.5676
wesley matthews,2019,2,0,32.0,0,0.0235,0.43720000000000003,4.5600000000000005,2.02,0.3729,6.140000000000001,0.5748,2.3,11.96,2.54,0.6599999999999999,0.23,-1.33,-0.22,8.67,2.47,1.65,0.40040000000000003,10.7,4.27,0.8148,2.1799999999999997,1.74,0.2027,67.5,68.0,32.13,-1.16,1.4300000000000002,0.41000000000000003,1.05,10.950000000000001,2.25,12.61,1.5100000000000002,0.9800000000000001,10.309999999999999,1.3199999999999998,4.960000000000001,2.88,0.5419,18.060000000000002,0.39,0.0607,2.75,0.5075000000000001,0.43720000000000003,4.5600000000000005,2.02,0.3729,6.140000000000001,0.5748,2.3,11.96,2.54,0.6599999999999999,0.23,-1.33,-0.22,8.67,2.47,1.65,0.40040000000000003,10.7,4.27,0.8148,2.1799999999999997,1.74,0.2027,67.5,68.0,32.13,-1.16,1.4300000000000002,0.41000000000000003,1.05,10.950000000000001,2.25,12.61,1.5100000000000002,0.9800000000000001,10.309999999999999,1.3199999999999998,4.960000000000001,2.88,0.5419,18.060000000000002,0.39,0.0607,2.75,0.5075000000000001
rajon rondo,2019,2,1,32.0,0,0.0235,0.4554,5.98,2.71,0.3546,2.62,0.30310000000000004,0.93,37.81,7.8,0.45,0.2,-0.94,0.18000000000000002,15.33,4.15,1.8,0.4245,8.6,3.64,0.6024,0.75,0.45,0.0872,41.8,56.3,28.1,-1.17,2.74,0.72,0.3899999999999999,13.36,2.06,8.65,2.09,1.21,22.36,2.57,9.2,4.869999999999999,0.48529999999999995,17.33,0.44999999999999996,0.0658,2.19,0.47800000000000004,0.4554,5.98,2.71,0.3546,2.62,0.30310000000000004,0.93,37.81,7.8,0.45,0.2,-0.94,0.18000000000000002,15.33,4.15,1.8,0.4245,8.6,3.64,0.6024,0.75,0.45,0.0872,41.8,56.3,28.1,-1.17,2.74,0.72,0.3899999999999999,13.36,2.06,8.65,2.09,1.21,22.36,2.57,9.2,4.869999999999999,0.48529999999999995,17.33,0.44999999999999996,0.0658,2.19,0.47800000000000004
frank kaminsky,2019,1,0,25.0,0,0.0437,0.5052000000000001,4.58,2.27,0.3596,3.49,0.43610000000000004,1.2400000000000002,12.45,1.57,1.27,0.31,-0.15,-0.91,16.560000000000002,2.9699999999999998,1.02,0.44,8.02,3.4799999999999995,0.7599,2.32,1.77,0.2998,4.4,62.2,20.23,0.7799999999999999,4.2,0.74,1.42,15.32,1.44,9.969999999999999,0.9400000000000001,0.42000000000000004,9.18,0.89,10.3,3.73,0.5574,21.560000000000002,0.52,0.09640000000000001,2.44,0.518,0.5052000000000001,4.58,2.27,0.3596,3.49,0.43610000000000004,1.2400000000000002,12.45,1.57,1.27,0.31,-0.15,-0.91,16.560000000000002,2.9699999999999998,1.02,0.44,8.02,3.4799999999999995,0.7599,2.32,1.77,0.2998,4.4,62.2,20.23,0.7799999999999999,4.2,0.74,1.42,15.32,1.44,9.969999999999999,0.9400000000000001,0.42000000000000004,9.18,0.89,10.3,3.73,0.5574,21.560000000000002,0.52,0.09640000000000001,2.44,0.518
garrett temple,2019,1,0,32.0,0,0.0437,0.4853,3.3499999999999996,1.6300000000000001,0.3627,3.48,0.5124,1.2799999999999998,9.97,1.7899999999999998,1.48,0.4,-2.31,0.32000000000000006,10.0,2.31,1.53,0.4212,6.81,2.8899999999999997,0.7615000000000001,1.28,1.0,0.19190000000000002,42.0,70.0,26.36,-2.61,1.6400000000000001,0.39,0.42000000000000004,9.58,2.42,7.98,1.94,1.03,12.65,1.05,5.76,2.7,0.5413000000000001,14.36,-0.16,0.0487,1.9000000000000001,0.5139,0.4853,3.3499999999999996,1.6300000000000001,0.3627,3.48,0.5124,1.2799999999999998,9.97,1.7899999999999998,1.48,0.4,-2.31,0.32000000000000006,10.0,2.31,1.53,0.4212,6.81,2.8899999999999997,0.7615000000000001,1.28,1.0,0.19190000000000002,42.0,70.0,26.36,-2.61,1.6400000000000001,0.39,0.42000000000000004,9.58,2.42,7.98,1.94,1.03,12.65,1.05,5.76,2.7,0.5413000000000001,14.36,-0.16,0.0487,1.9000000000000001,0.5139
justin holiday,2019,1,0,29.0,0,0.0437,0.4397,3.92,1.73,0.35269999999999996,5.37,0.5726,1.9,8.919999999999998,1.77,1.26,0.4,-1.5299999999999998,0.2,12.41,3.26,1.97,0.3909,9.34,3.61,0.8599,1.54,1.33,0.1608,60.9,79.0,29.35,-1.73,1.73,0.48,0.09000000000000002,10.780000000000001,1.83,10.45,2.06,1.24,10.6,1.2000000000000002,6.949999999999999,3.69,0.5237,16.689999999999998,0.19,0.044399999999999995,2.06,0.4918,0.4397,3.92,1.73,0.35269999999999996,5.37,0.5726,1.9,8.919999999999998,1.77,1.26,0.4,-1.5299999999999998,0.2,12.41,3.26,1.97,0.3909,9.34,3.61,0.8599,1.54,1.33,0.1608,60.9,79.0,29.35,-1.73,1.73,0.48,0.09000000000000002,10.780000000000001,1.83,10.45,2.06,1.24,10.6,1.2000000000000002,6.949999999999999,3.69,0.5237,16.689999999999998,0.19,0.044399999999999995,2.06,0.4918
austin rivers,2019,2,1,26.0,0,0.0199,0.49750000000000005,4.949999999999999,2.45,0.3466,4.720000000000001,0.5019,1.6600000000000001,14.0,2.86,0.76,0.26,-2.95,-0.97,7.109999999999999,1.85,0.9600000000000001,0.41859999999999997,9.69,4.11,0.5938,1.9500000000000002,1.2200000000000002,0.1946,31.0,71.1,29.020000000000003,-1.98,1.3199999999999998,0.32999999999999996,0.8599999999999999,9.91,2.6,10.98,1.3,0.78,10.81,1.31,4.25,2.21,0.5183,17.490000000000002,-0.45000000000000007,0.0426,1.8199999999999998,0.5045,0.49750000000000005,4.949999999999999,2.45,0.3466,4.720000000000001,0.5019,1.6600000000000001,14.0,2.86,0.76,0.26,-2.95,-0.97,7.109999999999999,1.85,0.9600000000000001,0.41859999999999997,9.69,4.11,0.5938,1.9500000000000002,1.2200000000000002,0.1946,31.0,71.1,29.020000000000003,-1.98,1.3199999999999998,0.32999999999999996,0.8599999999999999,9.91,2.6,10.98,1.3,0.78,10.81,1.31,4.25,2.21,0.5183,17.490000000000002,-0.45000000000000007,0.0426,1.8199999999999998,0.5045
willie cauleystein,2019,2,0,25.0,0,0.02,0.5362,8.95,4.82,0.325,0.06,0.0071,0.0,12.14,2.1399999999999997,2.4899999999999998,0.69,0.37,0.68,22.53,5.29,2.41,0.5346,9.01,4.82,0.595,2.9699999999999998,1.74,0.33030000000000004,61.8,77.4,25.83,-0.26,7.6,1.86,2.69,17.54,2.55,11.41,1.95,1.0699999999999998,10.04,1.13,14.92,7.2,0.5533,19.23,1.26,0.1206,5.1,0.5357000000000001,0.5362,8.95,4.82,0.325,0.06,0.0071,0.0,12.14,2.1399999999999997,2.4899999999999998,0.69,0.37,0.68,22.53,5.29,2.41,0.5346,9.01,4.82,0.595,2.9699999999999998,1.74,0.33030000000000004,61.8,77.4,25.83,-0.26,7.6,1.86,2.69,17.54,2.55,11.41,1.95,1.0699999999999998,10.04,1.13,14.92,7.2,0.5533,19.23,1.26,0.1206,5.1,0.5357000000000001
mike muscala,2019,2,0,27.0,0,0.0186,0.5434000000000001,2.25,1.26,0.3689,3.2800000000000002,0.5802,1.2,8.42,1.18,2.37,0.5700000000000001,-0.24,0.12000000000000002,15.72,2.8999999999999995,1.19,0.43920000000000003,5.529999999999999,2.44,0.8409,1.19,1.02,0.2152,7.7,61.9,19.74,-0.33,5.5,1.0,1.4100000000000001,12.600000000000001,1.73,7.02,1.06,0.41000000000000003,11.32,0.8,10.67,3.8699999999999997,0.5803,14.82,0.53,0.1046,2.65,0.5445,0.5434000000000001,2.25,1.26,0.3689,3.2800000000000002,0.5802,1.2,8.42,1.18,2.37,0.5700000000000001,-0.24,0.12000000000000002,15.72,2.8999999999999995,1.19,0.43920000000000003,5.529999999999999,2.44,0.8409,1.19,1.02,0.2152,7.7,61.9,19.74,-0.33,5.5,1.0,1.4100000000000001,12.600000000000001,1.73,7.02,1.06,0.41000000000000003,11.32,0.8,10.67,3.8699999999999997,0.5803,14.82,0.53,0.1046,2.65,0.5445
james ennis,2019,2,1,28.0,0,0.0173,0.5738,2.74,1.54,0.3508,2.4000000000000004,0.47030000000000005,0.8200000000000001,5.63,0.85,1.34,0.35,-1.35,0.009999999999999981,11.73,2.2800000000000002,1.17,0.4677,5.14,2.41,0.7652,1.52,1.15,0.2972,25.7,63.4,21.990000000000002,-1.41,5.199999999999999,1.02,1.68,11.1,2.3899999999999997,6.82,1.57,0.7,10.83,0.72,8.43,3.2800000000000002,0.5875999999999999,13.059999999999999,0.2,0.0993,2.85,0.5503,0.5738,2.74,1.54,0.3508,2.4000000000000004,0.47030000000000005,0.8200000000000001,5.63,0.85,1.34,0.35,-1.35,0.009999999999999981,11.73,2.2800000000000002,1.17,0.4677,5.14,2.41,0.7652,1.52,1.15,0.2972,25.7,63.4,21.990000000000002,-1.41,5.199999999999999,1.02,1.68,11.1,2.3899999999999997,6.82,1.57,0.7,10.83,0.72,8.43,3.2800000000000002,0.5875999999999999,13.059999999999999,0.2,0.0993,2.85,0.5503
wilson chandler,2019,1,0,31.0,0,0.0148,0.4947,4.43,2.2300000000000004,0.3613,3.46,0.4759,1.26,9.33,1.83,1.3399999999999999,0.43000000000000005,-2.23,-0.8800000000000001,15.09,3.85,1.08,0.4347,7.89,3.46,0.737,1.24,0.96,0.1417,44.400000000000006,61.9,27.240000000000002,-1.3499999999999999,4.71,1.17,1.3599999999999999,10.5,2.3099999999999996,9.14,0.99,0.57,12.52,1.1300000000000001,10.049999999999999,5.02,0.5401,14.590000000000002,-0.03,0.0665,2.44,0.5215000000000001,0.4947,4.43,2.2300000000000004,0.3613,3.46,0.4759,1.26,9.33,1.83,1.3399999999999999,0.43000000000000005,-2.23,-0.8800000000000001,15.09,3.85,1.08,0.4347,7.89,3.46,0.737,1.24,0.96,0.1417,44.400000000000006,61.9,27.240000000000002,-1.3499999999999999,4.71,1.17,1.3599999999999999,10.5,2.3099999999999996,9.14,0.99,0.57,12.52,1.1300000000000001,10.049999999999999,5.02,0.5401,14.590000000000002,-0.03,0.0665,2.44,0.5215000000000001
jared dudley,2019,1,0,33.0,0,0.0148,0.5199,1.46,0.78,0.36019999999999996,2.45,0.6302000000000001,0.87,11.78,1.56,1.07,0.27,-1.85,0.72,12.46,2.1900000000000004,0.86,0.4202,3.88,1.65,0.7117,0.81,0.57,0.2197,13.9,56.7,18.9,-2.57,2.29,0.45999999999999996,0.6699999999999999,8.66,2.12,4.7700000000000005,1.51,0.59,15.43,0.75,7.34,2.6,0.5587,11.02,0.08,0.06520000000000001,1.5,0.5330999999999999,0.5199,1.46,0.78,0.36019999999999996,2.45,0.6302000000000001,0.87,11.78,1.56,1.07,0.27,-1.85,0.72,12.46,2.1900000000000004,0.86,0.4202,3.88,1.65,0.7117,0.81,0.57,0.2197,13.9,56.7,18.9,-2.57,2.29,0.45999999999999996,0.6699999999999999,8.66,2.12,4.7700000000000005,1.51,0.59,15.43,0.75,7.34,2.6,0.5587,11.02,0.08,0.06520000000000001,1.5,0.5330999999999999
kyle korver,2019,1,0,37.0,0,0.0148,0.49340000000000006,1.8599999999999999,0.91,0.4195,5.140000000000001,0.7324999999999999,2.14,8.73,1.28,0.9999999999999999,0.28,-0.19,-0.61,11.670000000000002,2.27,1.09,0.4385,6.97,3.0700000000000003,0.8587,0.9199999999999999,0.8400000000000001,0.1366,5.6000000000000005,70.3,21.270000000000003,0.44999999999999996,0.6599999999999999,0.1,1.7999999999999998,12.04,1.61,9.079999999999998,0.95,0.42000000000000004,10.33,0.8400000000000001,6.2299999999999995,2.4,0.6135999999999999,17.09,0.7000000000000001,0.0922,2.91,0.5921000000000001,0.49340000000000006,1.8599999999999999,0.91,0.4195,5.140000000000001,0.7324999999999999,2.14,8.73,1.28,0.9999999999999999,0.28,-0.19,-0.61,11.670000000000002,2.27,1.09,0.4385,6.97,3.0700000000000003,0.8587,0.9199999999999999,0.8400000000000001,0.1366,5.6000000000000005,70.3,21.270000000000003,0.44999999999999996,0.6599999999999999,0.1,1.7999999999999998,12.04,1.61,9.079999999999998,0.95,0.42000000000000004,10.33,0.8400000000000001,6.2299999999999995,2.4,0.6135999999999999,17.09,0.7000000000000001,0.0922,2.91,0.5921000000000001
thabo sefolosha,2019,1,0,34.0,0,0.0148,0.5226,2.8099999999999996,1.46,0.4007,1.84,0.4273,0.73,6.92,0.8600000000000001,1.08,0.24,1.6400000000000001,2.8,18.509999999999998,2.9,1.62,0.47429999999999994,4.67,2.1899999999999995,0.7091000000000001,0.8599999999999999,0.6900000000000001,0.1795,11.2,48.8,17.6,-1.1600000000000001,2.6899999999999995,0.52,0.52,13.170000000000002,1.2000000000000002,5.799999999999999,3.26,1.17,12.239999999999998,0.67,10.7,3.39,0.5806,14.03,0.72,0.12390000000000001,2.19,0.5613,0.5226,2.8099999999999996,1.46,0.4007,1.84,0.4273,0.73,6.92,0.8600000000000001,1.08,0.24,1.6400000000000001,2.8,18.509999999999998,2.9,1.62,0.47429999999999994,4.67,2.1899999999999995,0.7091000000000001,0.8599999999999999,0.6900000000000001,0.1795,11.2,48.8,17.6,-1.1600000000000001,2.6899999999999995,0.52,0.52,13.170000000000002,1.2000000000000002,5.799999999999999,3.26,1.17,12.239999999999998,0.67,10.7,3.39,0.5806,14.03,0.72,0.12390000000000001,2.19,0.5613
anthony tolliver,2019,1,0,33.0,0,0.0017,0.48019999999999996,1.15,0.59,0.3975,3.73,0.7779,1.48,6.54,0.92,1.42,0.3,-1.13,-0.6,14.67,2.55,0.86,0.41859999999999997,4.88,2.07,0.7794000000000001,1.22,0.92,0.2474,6.0,69.2,19.5,-0.51,2.48,0.44000000000000006,1.74,10.690000000000001,1.58,6.59,0.91,0.37,11.09,0.69,8.540000000000001,3.0,0.6033999999999999,13.41,0.42000000000000004,0.0848,2.65,0.5730999999999999,0.48019999999999996,1.15,0.59,0.3975,3.73,0.7779,1.48,6.54,0.92,1.42,0.3,-1.13,-0.6,14.67,2.55,0.86,0.41859999999999997,4.88,2.07,0.7794000000000001,1.22,0.92,0.2474,6.0,69.2,19.5,-0.51,2.48,0.44000000000000006,1.74,10.690000000000001,1.58,6.59,0.91,0.37,11.09,0.69,8.540000000000001,3.0,0.6033999999999999,13.41,0.42000000000000004,0.0848,2.65,0.5730999999999999
jeff green,2019,1,0,32.0,0,0.004,0.5466,5.17,2.8099999999999996,0.3221,3.3200000000000003,0.38470000000000004,1.0699999999999998,8.62,1.53,1.42,0.41000000000000003,-1.9600000000000002,-1.39,12.57,2.87,0.8200000000000001,0.4594,8.440000000000001,3.88,0.877,2.73,2.4000000000000004,0.32389999999999997,28.4,75.7,25.060000000000002,-0.57,3.1,0.71,2.29,13.34,1.92,11.23,1.07,0.55,10.69,1.17,7.8,3.58,0.5811,18.75,0.06,0.07680000000000001,3.11,0.5219,0.5466,5.17,2.8099999999999996,0.3221,3.3200000000000003,0.38470000000000004,1.0699999999999998,8.62,1.53,1.42,0.41000000000000003,-1.9600000000000002,-1.39,12.57,2.87,0.8200000000000001,0.4594,8.440000000000001,3.88,0.877,2.73,2.4000000000000004,0.32389999999999997,28.4,75.7,25.060000000000002,-0.57,3.1,0.71,2.29,13.34,1.92,11.23,1.07,0.55,10.69,1.17,7.8,3.58,0.5811,18.75,0.06,0.07680000000000001,3.11,0.5219
vince carter,2019,1,1,42.0,0,0.0148,0.4685,2.14,1.02,0.3736,3.76,0.6332,1.4000000000000001,9.86,1.27,2.0,0.42000000000000004,-0.5499999999999999,0.28,13.629999999999999,2.2300000000000004,1.04,0.4092,5.91,2.42,0.7361,0.95,0.69,0.1568,8.7,70.0,18.98,-0.8299999999999998,2.21,0.39,1.0699999999999998,11.48,1.9,6.92,1.72,0.6699999999999999,9.31,0.6199999999999999,7.75,2.7,0.5478000000000001,15.739999999999998,0.5700000000000001,0.07300000000000001,2.1100000000000003,0.5278,0.4685,2.14,1.02,0.3736,3.76,0.6332,1.4000000000000001,9.86,1.27,2.0,0.42000000000000004,-0.5499999999999999,0.28,13.629999999999999,2.2300000000000004,1.04,0.4092,5.91,2.42,0.7361,0.95,0.69,0.1568,8.7,70.0,18.98,-0.8299999999999998,2.21,0.39,1.0699999999999998,11.48,1.9,6.92,1.72,0.6699999999999999,9.31,0.6199999999999999,7.75,2.7,0.5478000000000001,15.739999999999998,0.5700000000000001,0.07300000000000001,2.1100000000000003,0.5278
udonis haslem,2019,1,1,38.0,0,0.0148,0.4578,1.46,0.72,0.0375,0.82,0.3679,0.03,6.04,0.30000000000000004,0.84,0.05,-8.82,-1.56,25.34,1.71,0.12000000000000001,0.32210000000000005,2.26,0.75,0.645,0.41000000000000003,0.3,0.2308,0.5,12.4,6.85,-7.19,4.9,0.31,-0.13,4.1000000000000005,0.79,1.81,0.45999999999999996,0.08000000000000002,11.57,0.28,15.1,2.02,0.3604,16.84,-0.15000000000000002,-0.04039999999999999,-0.039999999999999994,0.332,0.4578,1.46,0.72,0.0375,0.82,0.3679,0.03,6.04,0.30000000000000004,0.84,0.05,-8.82,-1.56,25.34,1.71,0.12000000000000001,0.32210000000000005,2.26,0.75,0.645,0.41000000000000003,0.3,0.2308,0.5,12.4,6.85,-7.19,4.9,0.31,-0.13,4.1000000000000005,0.79,1.81,0.45999999999999996,0.08000000000000002,11.57,0.28,15.1,2.02,0.3604,16.84,-0.15000000000000002,-0.04039999999999999,-0.039999999999999994,0.332
tyson chandler,2019,1,0,36.0,0,0.0148,0.6393,3.11,1.99,0.0,0.0,0.005,0.0,5.289999999999999,0.83,1.9700000000000002,0.48000000000000004,-1.4100000000000001,0.16000000000000003,27.33,5.45,1.1,0.6363000000000001,3.11,1.99,0.627,1.9200000000000002,1.22,0.6974,26.0,50.7,20.97,-1.55,11.71,2.38,1.5599999999999998,13.18,2.23,5.18,1.0,0.43,21.62,1.0699999999999998,19.490000000000002,7.83,0.653,9.67,0.22000000000000003,0.1205,2.6799999999999997,0.6363000000000001,0.6393,3.11,1.99,0.0,0.0,0.005,0.0,5.289999999999999,0.83,1.9700000000000002,0.48000000000000004,-1.4100000000000001,0.16000000000000003,27.33,5.45,1.1,0.6363000000000001,3.11,1.99,0.627,1.9200000000000002,1.22,0.6974,26.0,50.7,20.97,-1.55,11.71,2.38,1.5599999999999998,13.18,2.23,5.18,1.0,0.43,21.62,1.0699999999999998,19.490000000000002,7.83,0.653,9.67,0.22000000000000003,0.1205,2.6799999999999997,0.6363000000000001
rondae hollisjefferson,2019,1,0,24.0,0,0.0229,0.4579,7.890000000000001,3.6,0.2091,0.8200000000000001,0.0978,0.2,12.79,1.95,1.7999999999999998,0.58,-1.53,0.5,19.82,4.41,1.8900000000000001,0.43389999999999995,8.71,3.8,0.7091000000000001,3.5700000000000003,2.59,0.4122,38.2,65.5,23.43,-2.0300000000000002,6.359999999999999,1.39,0.45999999999999996,14.059999999999999,1.9899999999999998,10.36,1.77,0.87,12.059999999999999,1.44,13.129999999999999,5.85,0.4998,21.2,0.26,0.06839999999999999,2.3499999999999996,0.4437,0.4579,7.890000000000001,3.6,0.2091,0.8200000000000001,0.0978,0.2,12.79,1.95,1.7999999999999998,0.58,-1.53,0.5,19.82,4.41,1.8900000000000001,0.43389999999999995,8.71,3.8,0.7091000000000001,3.5700000000000003,2.59,0.4122,38.2,65.5,23.43,-2.0300000000000002,6.359999999999999,1.39,0.45999999999999996,14.059999999999999,1.9899999999999998,10.36,1.77,0.87,12.059999999999999,1.44,13.129999999999999,5.85,0.4998,21.2,0.26,0.06839999999999999,2.3499999999999996,0.4437
patrick patterson,2019,1,0,29.0,0,0.0148,0.4374,1.4100000000000001,0.63,0.3582,2.5100000000000002,0.6376999999999999,0.87,5.449999999999999,0.7,1.37,0.27,-1.29,0.12,14.14,2.17,1.19,0.3866,3.89,1.52,0.7209,0.61,0.43999999999999995,0.1516,5.0,69.1,16.42,-1.3599999999999999,4.140000000000001,0.6699999999999999,0.7999999999999999,9.21,1.04,4.33,1.28,0.44999999999999996,9.14,0.39,9.0,2.77,0.5214000000000001,11.74,0.29000000000000004,0.0814,1.99,0.501,0.4374,1.4100000000000001,0.63,0.3582,2.5100000000000002,0.6376999999999999,0.87,5.449999999999999,0.7,1.37,0.27,-1.29,0.12,14.14,2.17,1.19,0.3866,3.89,1.52,0.7209,0.61,0.43999999999999995,0.1516,5.0,69.1,16.42,-1.3599999999999999,4.140000000000001,0.6699999999999999,0.7999999999999999,9.21,1.04,4.33,1.28,0.44999999999999996,9.14,0.39,9.0,2.77,0.5214000000000001,11.74,0.29000000000000004,0.0814,1.99,0.501
alec burks,2019,1,0,27.0,0,0.0148,0.4356,4.51,1.93,0.3466,2.3200000000000003,0.3411,0.83,11.35,1.44,0.95,0.2,-1.33,-0.22999999999999998,17.56,2.91,1.06,0.4056,6.83,2.79,0.8241999999999999,2.05,1.69,0.3015,12.3,59.6,18.8,-1.1300000000000001,2.4,0.42000000000000004,0.38999999999999996,12.6,1.2999999999999998,8.05,1.52,0.56,11.02,0.93,9.91,3.33,0.5198,20.79,0.24,0.0624,1.48,0.4646,0.4356,4.51,1.93,0.3466,2.3200000000000003,0.3411,0.83,11.35,1.44,0.95,0.2,-1.33,-0.22999999999999998,17.56,2.91,1.06,0.4056,6.83,2.79,0.8241999999999999,2.05,1.69,0.3015,12.3,59.6,18.8,-1.1300000000000001,2.4,0.42000000000000004,0.38999999999999996,12.6,1.2999999999999998,8.05,1.52,0.56,11.02,0.93,9.91,3.33,0.5198,20.79,0.24,0.0624,1.48,0.4646
troy daniels,2019,1,0,27.0,0,0.0034999999999999,0.4334,1.67,0.72,0.3883,4.699999999999999,0.735,1.8599999999999999,5.17,0.57,0.37,0.1,-2.99,-2.01,8.32,1.29,0.21000000000000002,0.4012,6.37,2.5300000000000002,0.8132,0.65,0.53,0.09709999999999999,5.6,62.6,17.14,-0.96,1.6099999999999999,0.27,0.62,9.92,1.52,7.41,1.2200000000000002,0.4,8.5,0.6,4.869999999999999,1.48,0.5601,18.3,-0.24,0.0328,0.83,0.544,0.4334,1.67,0.72,0.3883,4.699999999999999,0.735,1.8599999999999999,5.17,0.57,0.37,0.1,-2.99,-2.01,8.32,1.29,0.21000000000000002,0.4012,6.37,2.5300000000000002,0.8132,0.65,0.53,0.09709999999999999,5.6,62.6,17.14,-0.96,1.6099999999999999,0.27,0.62,9.92,1.52,7.41,1.2200000000000002,0.4,8.5,0.6,4.869999999999999,1.48,0.5601,18.3,-0.24,0.0328,0.83,0.544
michael carterwilliams,2019,1,1,27.0,0,0.0148,0.4017,3.57,1.4500000000000002,0.2494,1.31,0.2737,0.35,23.07,2.41,2.83,0.47,-0.6900000000000001,1.9000000000000001,14.81,2.05,0.8900000000000001,0.3598,4.880000000000001,1.75,0.6985999999999999,1.8,1.23,0.3826,4.9,38.6,15.24,-2.59,4.71,0.6599999999999999,-0.16,12.57,1.88,5.1,2.54,0.75,14.12,0.9500000000000001,9.68,2.74,0.45020000000000004,18.86,0.12,0.06709999999999999,0.7100000000000001,0.3943,0.4017,3.57,1.4500000000000002,0.2494,1.31,0.2737,0.35,23.07,2.41,2.83,0.47,-0.6900000000000001,1.9000000000000001,14.81,2.05,0.8900000000000001,0.3598,4.880000000000001,1.75,0.6985999999999999,1.8,1.23,0.3826,4.9,38.6,15.24,-2.59,4.71,0.6599999999999999,-0.16,12.57,1.88,5.1,2.54,0.75,14.12,0.9500000000000001,9.68,2.74,0.45020000000000004,18.86,0.12,0.06709999999999999,0.7100000000000001,0.3943
kyle oquinn,2019,1,0,28.0,0,0.0148,0.5613,3.84,2.16,0.1356,0.25,0.0654,0.03,19.2,1.53,6.21,0.95,1.51,2.62,26.5,3.07,1.3900000000000001,0.5326,4.04,2.16,0.7908000000000001,0.95,0.75,0.21650000000000003,6.1,61.4,12.62,-1.09,10.100000000000001,1.18,1.33,18.5,1.94,5.14,1.29,0.35,17.25,0.9400000000000001,18.380000000000003,4.25,0.5664,19.200000000000003,0.88,0.14250000000000002,2.7199999999999998,0.5367999999999999,0.5613,3.84,2.16,0.1356,0.25,0.0654,0.03,19.2,1.53,6.21,0.95,1.51,2.62,26.5,3.07,1.3900000000000001,0.5326,4.04,2.16,0.7908000000000001,0.95,0.75,0.21650000000000003,6.1,61.4,12.62,-1.09,10.100000000000001,1.18,1.33,18.5,1.94,5.14,1.29,0.35,17.25,0.9400000000000001,18.380000000000003,4.25,0.5664,19.200000000000003,0.88,0.14250000000000002,2.7199999999999998,0.5367999999999999
glenn robinson,2019,1,0,25.0,0,0.0148,0.4772,2.4800000000000004,1.2200000000000002,0.347,1.46,0.37,0.52,5.529999999999999,0.55,0.88,0.16,-1.77,0.11,10.52,1.4200000000000002,0.6299999999999999,0.4306,3.9400000000000004,1.74,0.7876,0.8200000000000001,0.63,0.1972,14.7,44.2,15.049999999999999,-1.8599999999999999,3.46,0.51,0.43,9.89,0.86,4.55,1.4,0.44999999999999996,7.66,0.36,7.0,1.9500000000000002,0.527,13.81,0.04999999999999999,0.07039999999999999,1.0299999999999998,0.4958,0.4772,2.4800000000000004,1.2200000000000002,0.347,1.46,0.37,0.52,5.529999999999999,0.55,0.88,0.16,-1.77,0.11,10.52,1.4200000000000002,0.6299999999999999,0.4306,3.9400000000000004,1.74,0.7876,0.8200000000000001,0.63,0.1972,14.7,44.2,15.049999999999999,-1.8599999999999999,3.46,0.51,0.43,9.89,0.86,4.55,1.4,0.44999999999999996,7.66,0.36,7.0,1.9500000000000002,0.527,13.81,0.04999999999999999,0.07039999999999999,1.0299999999999998,0.4958
emmanuel mudiay,2019,1,0,22.0,0,0.0148,0.4521,7.63,3.5100000000000002,0.32289999999999996,3.13,0.2909,1.01,23.810000000000002,3.69,0.88,0.25,-2.81,-1.7600000000000002,11.16,2.54,0.6599999999999999,0.41480000000000006,10.709999999999999,4.52,0.7718,2.8000000000000003,2.13,0.2596,33.400000000000006,59.7,24.57,-1.05,2.2,0.52,-0.27,12.93,1.58,12.18,1.4100000000000001,0.6699999999999999,15.46,2.18,6.640000000000001,3.01,0.5043,24.64,-0.26,0.0121,0.44000000000000006,0.46199999999999997,0.4521,7.63,3.5100000000000002,0.32289999999999996,3.13,0.2909,1.01,23.810000000000002,3.69,0.88,0.25,-2.81,-1.7600000000000002,11.16,2.54,0.6599999999999999,0.41480000000000006,10.709999999999999,4.52,0.7718,2.8000000000000003,2.13,0.2596,33.400000000000006,59.7,24.57,-1.05,2.2,0.52,-0.27,12.93,1.58,12.18,1.4100000000000001,0.6699999999999999,15.46,2.18,6.640000000000001,3.01,0.5043,24.64,-0.26,0.0121,0.44000000000000006,0.46199999999999997
raul neto,2019,1,0,26.0,0,0.0148,0.5152,2.4000000000000004,1.27,0.35230000000000006,1.29,0.348,0.45999999999999996,24.27,1.9700000000000002,0.7999999999999999,0.1,-0.59,1.1400000000000001,10.83,1.19,0.6,0.45730000000000004,3.7700000000000005,1.71,0.8247,0.76,0.62,0.1919,0.5,38.8,11.77,-1.7300000000000002,1.46,0.18,0.38,12.46,1.1600000000000001,4.5,1.7300000000000002,0.39,16.36,0.8,6.2299999999999995,1.37,0.5494000000000001,17.950000000000003,0.17,0.1038,0.9600000000000001,0.518,0.5152,2.4000000000000004,1.27,0.35230000000000006,1.29,0.348,0.45999999999999996,24.27,1.9700000000000002,0.7999999999999999,0.1,-0.59,1.1400000000000001,10.83,1.19,0.6,0.45730000000000004,3.7700000000000005,1.71,0.8247,0.76,0.62,0.1919,0.5,38.8,11.77,-1.7300000000000002,1.46,0.18,0.38,12.46,1.1600000000000001,4.5,1.7300000000000002,0.39,16.36,0.8,6.2299999999999995,1.37,0.5494000000000001,17.950000000000003,0.17,0.1038,0.9600000000000001,0.518
cheick diallo,2019,1,0,22.0,0,0.0154,0.5812999999999999,4.02,2.3200000000000003,0.125,0.05,0.0075,0.0,4.6,0.41000000000000003,2.95,0.45,-1.55,-0.3,28.87,3.54,0.8999999999999999,0.5788,4.02,2.3200000000000003,0.7432,1.13,0.88,0.2912,0.5,51.0,12.7,-1.3,9.55,1.15,1.0699999999999998,17.21,1.58,5.49,1.22,0.35,12.12,0.63,19.39,4.6899999999999995,0.6097,17.32,0.11,0.1393,1.97,0.5798,0.5812999999999999,4.02,2.3200000000000003,0.125,0.05,0.0075,0.0,4.6,0.41000000000000003,2.95,0.45,-1.55,-0.3,28.87,3.54,0.8999999999999999,0.5788,4.02,2.3200000000000003,0.7432,1.13,0.88,0.2912,0.5,51.0,12.7,-1.3,9.55,1.15,1.0699999999999998,17.21,1.58,5.49,1.22,0.35,12.12,0.63,19.39,4.6899999999999995,0.6097,17.32,0.11,0.1393,1.97,0.5798
anthony davis,2020,5,1,26.0,0,0.3,0.5487,15.27,8.37,0.33230000000000004,2.97,0.164,1.01,15.41,3.23,5.92,2.3899999999999997,8.16,2.27,24.26,7.89,4.11,0.5134000000000001,18.240000000000002,9.379999999999999,0.8268,8.16,6.75,0.44789999999999996,62.8,62.8,34.379999999999995,5.890000000000001,8.21,2.58,7.03,28.57,2.39,26.44,2.06,1.53,9.440000000000001,2.29,16.34,10.47,0.6065,29.5,5.470000000000001,0.2473,11.14,0.5404,0.5487,15.27,8.37,0.33230000000000004,2.97,0.164,1.01,15.41,3.23,5.92,2.3899999999999997,8.16,2.27,24.26,7.89,4.11,0.5134000000000001,18.240000000000002,9.379999999999999,0.8268,8.16,6.75,0.44789999999999996,62.8,62.8,34.379999999999995,5.890000000000001,8.21,2.58,7.03,28.57,2.39,26.44,2.06,1.53,9.440000000000001,2.29,16.34,10.47,0.6065,29.5,5.470000000000001,0.2473,11.14,0.5404
brandon ingram,2020,5,1,22.0,0,0.25,0.5034000000000001,11.629999999999999,5.9,0.37250000000000005,4.0,0.2413,1.52,17.060000000000002,3.7800000000000002,1.53,0.6199999999999999,0.21000000000000008,-0.47000000000000003,14.96,4.82,1.6800000000000002,0.4746,15.629999999999999,7.42,0.7642,5.59,4.3,0.361,58.4,58.4,33.79,0.6799999999999999,2.67,0.8400000000000001,2.03,16.18,2.88,20.61,1.08,0.81,13.36,2.75,8.84,5.64,0.5672,25.450000000000003,1.1800000000000002,0.08760000000000001,3.71,0.5203,0.5034000000000001,11.629999999999999,5.9,0.37250000000000005,4.0,0.2413,1.52,17.060000000000002,3.7800000000000002,1.53,0.6199999999999999,0.21000000000000008,-0.47000000000000003,14.96,4.82,1.6800000000000002,0.4746,15.629999999999999,7.42,0.7642,5.59,4.3,0.361,58.4,58.4,33.79,0.6799999999999999,2.67,0.8400000000000001,2.03,16.18,2.88,20.61,1.08,0.81,13.36,2.75,8.84,5.64,0.5672,25.450000000000003,1.1800000000000002,0.08760000000000001,3.71,0.5203
fred vanvleet,2020,4,1,25.0,0,0.1946999999999999,0.4367,5.880000000000001,2.5500000000000003,0.3912,5.51,0.4857,2.17,25.58,5.38,0.92,0.3,1.98,0.9299999999999999,9.86,2.8099999999999996,2.52,0.41469999999999996,11.41,4.71,0.8432999999999999,2.6500000000000004,2.2199999999999998,0.2226,35.4,61.4,30.1,1.05,1.27,0.3,2.66,15.44,2.05,13.82,2.17,1.4,11.75,1.6900000000000002,5.6899999999999995,3.16,0.5494000000000001,20.04,1.8199999999999998,0.1374,5.13,0.5094000000000001,0.4367,5.880000000000001,2.5500000000000003,0.3912,5.51,0.4857,2.17,25.58,5.38,0.92,0.3,1.98,0.9299999999999999,9.86,2.8099999999999996,2.52,0.41469999999999996,11.41,4.71,0.8432999999999999,2.6500000000000004,2.2199999999999998,0.2226,35.4,61.4,30.1,1.05,1.27,0.3,2.66,15.44,2.05,13.82,2.17,1.4,11.75,1.6900000000000002,5.6899999999999995,3.16,0.5494000000000001,20.04,1.8199999999999998,0.1374,5.13,0.5094000000000001
joe harris,2020,4,1,28.0,0,0.1473,0.5527,4.87,2.65,0.43799999999999994,5.4,0.529,2.35,10.809999999999999,2.09,0.69,0.22,0.06999999999999998,-0.51,11.129999999999999,3.17,1.59,0.49119999999999997,10.24,5.0,0.7729999999999999,1.4500000000000002,1.09,0.1438,60.1,72.9,29.52,0.5800000000000001,2.8600000000000003,0.8,2.99,13.36,2.27,13.52,0.8700000000000001,0.53,11.9,1.47,7.0600000000000005,3.9499999999999997,0.6233,17.57,1.12,0.1027,4.6,0.607,0.5527,4.87,2.65,0.43799999999999994,5.4,0.529,2.35,10.809999999999999,2.09,0.69,0.22,0.06999999999999998,-0.51,11.129999999999999,3.17,1.59,0.49119999999999997,10.24,5.0,0.7729999999999999,1.4500000000000002,1.09,0.1438,60.1,72.9,29.52,0.5800000000000001,2.8600000000000003,0.8,2.99,13.36,2.27,13.52,0.8700000000000001,0.53,11.9,1.47,7.0600000000000005,3.9499999999999997,0.6233,17.57,1.12,0.1027,4.6,0.607
marcus morris,2020,4,1,30.0,0,0.1364,0.47630000000000006,6.98,3.29,0.3901,5.22,0.4299,2.04,7.289999999999999,1.41,1.17,0.38,-0.34,-0.58,16.53,4.5,1.94,0.43889999999999996,12.2,5.33,0.8257,3.02,2.4799999999999995,0.2479,51.099999999999994,64.3,29.31,0.21999999999999997,3.43,0.96,1.9000000000000001,14.31,2.55,15.24,1.1400000000000001,0.7,9.32,1.4,9.96,5.41,0.5635999999999999,21.82,0.77,0.0968,3.79,0.5227,0.47630000000000006,6.98,3.29,0.3901,5.22,0.4299,2.04,7.289999999999999,1.41,1.17,0.38,-0.34,-0.58,16.53,4.5,1.94,0.43889999999999996,12.2,5.33,0.8257,3.02,2.4799999999999995,0.2479,51.099999999999994,64.3,29.31,0.21999999999999997,3.43,0.96,1.9000000000000001,14.31,2.55,15.24,1.1400000000000001,0.7,9.32,1.4,9.96,5.41,0.5635999999999999,21.82,0.77,0.0968,3.79,0.5227
danilo gallinari,2020,3,0,31.0,0,0.1787,0.4742,6.68,3.1500000000000004,0.3972,6.26,0.48160000000000003,2.51,10.89,2.13,0.61,0.24,2.84,-0.78,16.810000000000002,4.77,1.57,0.4375,12.94,5.68,0.9039,5.02,4.550000000000001,0.3882,55.599999999999994,55.599999999999994,30.29,3.5999999999999996,2.2199999999999998,0.5700000000000001,4.33,18.810000000000002,1.4499999999999997,18.35,1.06,0.6799999999999999,7.87,1.29,9.719999999999999,5.390000000000001,0.6049,23.560000000000002,2.25,0.15789999999999998,5.85,0.5335000000000001,0.4742,6.68,3.1500000000000004,0.3972,6.26,0.48160000000000003,2.51,10.89,2.13,0.61,0.24,2.84,-0.78,16.810000000000002,4.77,1.57,0.4375,12.94,5.68,0.9039,5.02,4.550000000000001,0.3882,55.599999999999994,55.599999999999994,30.29,3.5999999999999996,2.2199999999999998,0.5700000000000001,4.33,18.810000000000002,1.4499999999999997,18.35,1.06,0.6799999999999999,7.87,1.29,9.719999999999999,5.390000000000001,0.6049,23.560000000000002,2.25,0.15789999999999998,5.85,0.5335000000000001
jerami grant,2020,3,0,25.0,0,0.1745,0.5576000000000001,5.54,3.08,0.3703,3.14,0.35350000000000004,1.2,5.58,1.04,3.2,0.9900000000000001,-0.13,-0.06,12.79,3.13,2.17,0.4951,8.66,4.279999999999999,0.723,2.84,2.05,0.34040000000000004,35.3,75.7,27.17,-0.06999999999999999,3.9299999999999997,0.9800000000000001,3.3,14.58,2.29,11.76,1.1600000000000001,0.6699999999999999,7.800000000000001,0.8300000000000001,8.25,4.09,0.5945,16.82,0.9999999999999999,0.1269,5.470000000000001,0.5616,0.5576000000000001,5.54,3.08,0.3703,3.14,0.35350000000000004,1.2,5.58,1.04,3.2,0.9900000000000001,-0.13,-0.06,12.79,3.13,2.17,0.4951,8.66,4.279999999999999,0.723,2.84,2.05,0.34040000000000004,35.3,75.7,27.17,-0.06999999999999999,3.9299999999999997,0.9800000000000001,3.3,14.58,2.29,11.76,1.1600000000000001,0.6699999999999999,7.800000000000001,0.8300000000000001,8.25,4.09,0.5945,16.82,0.9999999999999999,0.1269,5.470000000000001,0.5616
malik beasley,2020,4,1,23.0,0,0.123,0.4943000000000001,3.88,1.9300000000000002,0.38280000000000003,4.26,0.5157,1.65,8.43,1.16,0.6499999999999999,0.1,-1.78,-1.19,11.0,1.98,0.9400000000000001,0.4367,8.16,3.5799999999999996,0.7968,0.94,0.79,0.126,12.399999999999999,64.2,19.84,-0.59,1.9400000000000002,0.31,1.09,12.41,1.24,9.629999999999999,1.48,0.6,8.83,0.79,6.470000000000001,2.3200000000000003,0.5545,19.75,0.24,0.0646,2.01,0.5355000000000001,0.4943000000000001,3.88,1.9300000000000002,0.38280000000000003,4.26,0.5157,1.65,8.43,1.16,0.6499999999999999,0.1,-1.78,-1.19,11.0,1.98,0.9400000000000001,0.4367,8.16,3.5799999999999996,0.7968,0.94,0.79,0.126,12.399999999999999,64.2,19.84,-0.59,1.9400000000000002,0.31,1.09,12.41,1.24,9.629999999999999,1.48,0.6,8.83,0.79,6.470000000000001,2.3200000000000003,0.5545,19.75,0.24,0.0646,2.01,0.5355000000000001
jordan clarkson,2020,4,1,27.0,0,0.1054,0.5237,7.510000000000001,3.92,0.3516,5.33,0.41769999999999996,1.87,15.139999999999999,2.21,0.61,0.18,0.42000000000000004,-1.71,9.14,2.04,0.71,0.4516,12.84,5.76,0.8311999999999999,2.33,1.93,0.1837,1.4,76.0,24.85,2.13,3.48,0.7899999999999999,2.15,16.97,1.43,15.42,1.34,0.6499999999999999,9.760000000000002,1.53,6.33,2.83,0.5570999999999999,26.73,1.09,0.0751,2.84,0.5255000000000001,0.5237,7.510000000000001,3.92,0.3516,5.33,0.41769999999999996,1.87,15.139999999999999,2.21,0.61,0.18,0.42000000000000004,-1.71,9.14,2.04,0.71,0.4516,12.84,5.76,0.8311999999999999,2.33,1.93,0.1837,1.4,76.0,24.85,2.13,3.48,0.7899999999999999,2.15,16.97,1.43,15.42,1.34,0.6499999999999999,9.760000000000002,1.53,6.33,2.83,0.5570999999999999,26.73,1.09,0.0751,2.84,0.5255000000000001
kentavious caldwellpope,2020,3,1,26.0,0,0.1106,0.5277000000000001,4.16,2.16,0.3732,4.46,0.512,1.61,8.379999999999999,1.6300000000000001,0.6,0.2,-0.49,0.29000000000000004,8.84,2.3200000000000003,2.0300000000000002,0.4477,8.57,3.8200000000000003,0.8054000000000001,1.8399999999999999,1.48,0.2118,34.7,73.9,26.83,-0.77,2.4699999999999998,0.64,2.16,12.01,1.8599999999999999,10.75,1.6800000000000002,0.9500000000000001,9.219999999999999,0.95,5.68,2.96,0.5746,16.16,0.77,0.1001,4.109999999999999,0.5432,0.5277000000000001,4.16,2.16,0.3732,4.46,0.512,1.61,8.379999999999999,1.6300000000000001,0.6,0.2,-0.49,0.29000000000000004,8.84,2.3200000000000003,2.0300000000000002,0.4477,8.57,3.8200000000000003,0.8054000000000001,1.8399999999999999,1.48,0.2118,34.7,73.9,26.83,-0.77,2.4699999999999998,0.64,2.16,12.01,1.8599999999999999,10.75,1.6800000000000002,0.9500000000000001,9.219999999999999,0.95,5.68,2.96,0.5746,16.16,0.77,0.1001,4.109999999999999,0.5432
jae crowder,2020,3,0,29.0,0,0.0848,0.5246999999999999,3.1399999999999997,1.6400000000000001,0.33540000000000003,5.859999999999999,0.6481,1.99,9.8,2.0,1.1099999999999999,0.38,-0.46,0.26,16.32,4.319999999999999,2.35,0.401,9.03,3.63,0.7679,2.08,1.59,0.2293,39.2,72.5,27.75,-0.72,3.0700000000000003,0.78,1.3900000000000001,11.96,2.19,10.76,1.62,0.9500000000000001,9.46,1.06,9.86,5.07,0.5429,16.94,0.75,0.0901,3.74,0.5101,0.5246999999999999,3.1399999999999997,1.6400000000000001,0.33540000000000003,5.859999999999999,0.6481,1.99,9.8,2.0,1.1099999999999999,0.38,-0.46,0.26,16.32,4.319999999999999,2.35,0.401,9.03,3.63,0.7679,2.08,1.59,0.2293,39.2,72.5,27.75,-0.72,3.0700000000000003,0.78,1.3900000000000001,11.96,2.19,10.76,1.62,0.9500000000000001,9.46,1.06,9.86,5.07,0.5429,16.94,0.75,0.0901,3.74,0.5101
derrick favors,2020,3,0,28.0,0,0.0848,0.6247,7.04,4.41,0.18130000000000002,0.51,0.0663,0.1,8.559999999999999,1.42,3.63,1.09,1.79,0.74,24.54,5.6,2.55,0.5969,7.55,4.51,0.6142,2.16,1.3599999999999999,0.2761,60.9,63.7,24.759999999999998,1.07,12.940000000000001,2.93,3.5200000000000005,19.55,2.1,10.5,1.26,0.6499999999999999,11.58,1.1,18.779999999999998,8.56,0.6158,16.52,1.55,0.18130000000000002,6.07,0.6035999999999999,0.6247,7.04,4.41,0.18130000000000002,0.51,0.0663,0.1,8.559999999999999,1.42,3.63,1.09,1.79,0.74,24.54,5.6,2.55,0.5969,7.55,4.51,0.6142,2.16,1.3599999999999999,0.2761,60.9,63.7,24.759999999999998,1.07,12.940000000000001,2.93,3.5200000000000005,19.55,2.1,10.5,1.26,0.6499999999999999,11.58,1.1,18.779999999999998,8.56,0.6158,16.52,1.55,0.18130000000000002,6.07,0.6035999999999999
jakob poeltl,2020,3,1,24.0,0,0.0742,0.6375,4.08,2.59,0.1,0.0,0.001,0.0,10.879999999999999,1.4,5.9399999999999995,1.21,1.93,1.4300000000000002,20.439999999999998,3.31,1.76,0.6373,4.08,2.59,0.5112,1.25,0.6199999999999999,0.30920000000000003,16.2,72.5,17.520000000000003,0.5,13.15,2.09,2.87,18.87,1.95,5.83,1.34,0.52,14.68,0.78,16.810000000000002,5.4,0.6304000000000001,13.49,1.2200000000000002,0.1744,4.6499999999999995,0.6375,0.6375,4.08,2.59,0.1,0.0,0.001,0.0,10.879999999999999,1.4,5.9399999999999995,1.21,1.93,1.4300000000000002,20.439999999999998,3.31,1.76,0.6373,4.08,2.59,0.5112,1.25,0.6199999999999999,0.30920000000000003,16.2,72.5,17.520000000000003,0.5,13.15,2.09,2.87,18.87,1.95,5.83,1.34,0.52,14.68,0.78,16.810000000000002,5.4,0.6304000000000001,13.49,1.2200000000000002,0.1744,4.6499999999999995,0.6375
mason plumlee,2020,3,0,29.0,0,0.0733,0.6134999999999999,4.89,3.01,0.06,0.08,0.016,0.0,19.18,2.53,3.76,0.79,1.73,1.9100000000000001,22.53,3.84,1.93,0.6055999999999999,4.970000000000001,3.01,0.5274000000000001,2.45,1.3399999999999999,0.5006,10.8,69.9,18.86,-0.19999999999999998,10.370000000000001,1.76,2.23,18.119999999999997,2.58,7.359999999999999,1.66,0.63,18.85,1.38,16.439999999999998,5.6,0.6043,17.18,1.27,0.14850000000000002,4.16,0.6062,0.6134999999999999,4.89,3.01,0.06,0.08,0.016,0.0,19.18,2.53,3.76,0.79,1.73,1.9100000000000001,22.53,3.84,1.93,0.6055999999999999,4.970000000000001,3.01,0.5274000000000001,2.45,1.3399999999999999,0.5006,10.8,69.9,18.86,-0.19999999999999998,10.370000000000001,1.76,2.23,18.119999999999997,2.58,7.359999999999999,1.66,0.63,18.85,1.38,16.439999999999998,5.6,0.6043,17.18,1.27,0.14850000000000002,4.16,0.6062
dj augustin,2020,3,0,32.0,0,0.0611,0.46929999999999994,4.369999999999999,2.0300000000000002,0.3841,3.61,0.4565,1.38,26.35,4.6499999999999995,0.08,0.0,-0.6900000000000001,-1.1,7.879999999999999,1.8399999999999999,1.18,0.4309,8.01,3.43,0.8784000000000001,2.88,2.5,0.35919999999999996,38.0,67.8,25.55,0.38,1.75,0.43000000000000005,3.16,14.79,1.33,10.8,1.23,0.6199999999999999,14.44,1.55,4.74,2.2199999999999998,0.5848,18.43,0.68,0.1148,4.34,0.5186999999999999,0.46929999999999994,4.369999999999999,2.0300000000000002,0.3841,3.61,0.4565,1.38,26.35,4.6499999999999995,0.08,0.0,-0.6900000000000001,-1.1,7.879999999999999,1.8399999999999999,1.18,0.4309,8.01,3.43,0.8784000000000001,2.88,2.5,0.35919999999999996,38.0,67.8,25.55,0.38,1.75,0.43000000000000005,3.16,14.79,1.33,10.8,1.23,0.6199999999999999,14.44,1.55,4.74,2.2199999999999998,0.5848,18.43,0.68,0.1148,4.34,0.5186999999999999
rodney hood,2020,2,1,27.0,0,0.0921,0.4943,5.6,2.7800000000000002,0.4295,3.8099999999999996,0.40069999999999995,1.63,8.44,1.61,0.5700000000000001,0.2,-1.07,-0.67,9.55,2.52,0.55,0.4693,9.39,4.359999999999999,0.8262,1.75,1.45,0.1822,29.8,44.099999999999994,28.02,-0.39999999999999997,1.5899999999999999,0.42000000000000004,1.32,12.65,2.06,11.8,1.38,0.8,8.370000000000001,0.9299999999999999,5.59,2.92,0.5852,17.240000000000002,0.26,0.0777,1.87,0.556,0.4943,5.6,2.7800000000000002,0.4295,3.8099999999999996,0.40069999999999995,1.63,8.44,1.61,0.5700000000000001,0.2,-1.07,-0.67,9.55,2.52,0.55,0.4693,9.39,4.359999999999999,0.8262,1.75,1.45,0.1822,29.8,44.099999999999994,28.02,-0.39999999999999997,1.5899999999999999,0.42000000000000004,1.32,12.65,2.06,11.8,1.38,0.8,8.370000000000001,0.9299999999999999,5.59,2.92,0.5852,17.240000000000002,0.26,0.0777,1.87,0.556
tristan thompson,2020,2,0,28.0,0,0.0848,0.5301,8.27,4.36,0.1955,0.2,0.0205,0.1,9.469999999999999,1.77,1.87,0.63,-1.48,-1.6,23.82,5.82,0.8400000000000001,0.5271,8.47,4.46,0.6089,2.45,1.49,0.29390000000000005,41.9,52.0,27.509999999999998,0.11999999999999997,14.55,3.6799999999999997,1.99,16.64,2.1100000000000003,10.43,0.95,0.5700000000000001,12.99,1.46,19.07,9.43,0.5491,16.98,0.18,0.0966,2.83,0.5311,0.5301,8.27,4.36,0.1955,0.2,0.0205,0.1,9.469999999999999,1.77,1.87,0.63,-1.48,-1.6,23.82,5.82,0.8400000000000001,0.5271,8.47,4.46,0.6089,2.45,1.49,0.29390000000000005,41.9,52.0,27.509999999999998,0.11999999999999997,14.55,3.6799999999999997,1.99,16.64,2.1100000000000003,10.43,0.95,0.5700000000000001,12.99,1.46,19.07,9.43,0.5491,16.98,0.18,0.0966,2.83,0.5311
serge ibaka,2020,2,0,30.0,1,0.0848,0.5670999999999999,8.61,4.9,0.3515,3.12,0.26970000000000005,1.1400000000000001,7.49,1.25,3.55,1.08,0.09,0.03,22.91,5.91,2.94,0.5113000000000001,11.73,5.99,0.7473,2.19,1.58,0.18330000000000002,44.0,64.9,27.16,0.09,7.59,1.8800000000000001,1.8599999999999999,17.2,2.83,14.719999999999999,0.8,0.45,11.7,1.69,15.440000000000001,7.789999999999999,0.5809,22.75,0.9600000000000001,0.1302,4.8,0.5595,0.5556,5.86,3.2700000000000005,0.4016,3.01,0.3302,1.35,8.16,1.09,5.13,1.21,3.29,1.58,26.54,5.369999999999999,0.55,0.5129999999999999,8.84,4.59,0.8922,1.6300000000000001,1.4,0.1901,1.8,14.7,22.840000000000003,1.78,7.0600000000000005,1.46,0.46,19.31,2.66,11.96,0.5700000000000001,0.27,11.16,1.1700000000000002,16.67,6.83,0.6172,21.12,0.36,0.1617,1.03,0.5843
derrick jones,2020,2,0,22.0,0,0.0848,0.6113999999999999,3.38,2.09,0.26580000000000004,1.73,0.3413,0.49,5.779999999999999,0.8300000000000001,3.22,0.6499999999999999,-0.3400000000000001,0.89,12.100000000000001,2.3,1.4500000000000002,0.4909,5.11,2.58,0.7015,1.8900000000000001,1.32,0.3797,13.8,51.5,19.87,-1.1799999999999997,7.36,1.25,1.6800000000000002,13.670000000000002,1.9700000000000002,6.970000000000001,1.78,0.78,8.49,0.54,9.82,3.5300000000000002,0.5737000000000001,14.21,0.62,0.1278,3.1500000000000004,0.5361,0.6113999999999999,3.38,2.09,0.26580000000000004,1.73,0.3413,0.49,5.779999999999999,0.8300000000000001,3.22,0.6499999999999999,-0.3400000000000001,0.89,12.100000000000001,2.3,1.4500000000000002,0.4909,5.11,2.58,0.7015,1.8900000000000001,1.32,0.3797,13.8,51.5,19.87,-1.1799999999999997,7.36,1.25,1.6800000000000002,13.670000000000002,1.9700000000000002,6.970000000000001,1.78,0.78,8.49,0.54,9.82,3.5300000000000002,0.5737000000000001,14.21,0.62,0.1278,3.1500000000000004,0.5361
montrezl harrell,2020,2,0,26.0,0,0.0848,0.6115999999999999,10.899999999999999,6.6499999999999995,0.0814,0.22999999999999998,0.019299999999999998,0.0,10.92,1.65,3.6799999999999997,1.08,3.0999999999999996,0.5,16.560000000000002,4.08,2.29,0.6014999999999999,11.13,6.68,0.6471,4.88,3.17,0.4368,3.1,71.3,25.189999999999998,2.6500000000000004,9.52,2.24,4.890000000000001,23.560000000000002,2.46,16.48,1.31,0.6699999999999999,10.25,1.51,13.129999999999999,6.3,0.6237,24.66,2.31,0.19440000000000002,7.21,0.6023000000000001,0.6115999999999999,10.899999999999999,6.6499999999999995,0.0814,0.22999999999999998,0.019299999999999998,0.0,10.92,1.65,3.6799999999999997,1.08,3.0999999999999996,0.5,16.560000000000002,4.08,2.29,0.6014999999999999,11.13,6.68,0.6471,4.88,3.17,0.4368,3.1,71.3,25.189999999999998,2.6500000000000004,9.52,2.24,4.890000000000001,23.560000000000002,2.46,16.48,1.31,0.6699999999999999,10.25,1.51,13.129999999999999,6.3,0.6237,24.66,2.31,0.19440000000000002,7.21,0.6023000000000001
justin holiday,2020,3,1,30.0,0,0.0524,0.4485,3.1099999999999994,1.37,0.37870000000000004,5.2,0.6347,1.94,7.799999999999999,1.61,1.7000000000000002,0.5,-0.27,0.99,12.23,3.14,2.37,0.404,8.38,3.31,0.8289,1.3,1.0899999999999999,0.15180000000000002,40.5,75.5,28.34,-1.26,1.7999999999999998,0.46,0.7000000000000001,11.21,1.93,9.74,2.1799999999999997,1.27,9.27,0.95,6.97,3.62,0.5510999999999999,15.05,0.78,0.0746,3.0700000000000003,0.5247999999999999,0.4485,3.1099999999999994,1.37,0.37870000000000004,5.2,0.6347,1.94,7.799999999999999,1.61,1.7000000000000002,0.5,-0.27,0.99,12.23,3.14,2.37,0.404,8.38,3.31,0.8289,1.3,1.0899999999999999,0.15180000000000002,40.5,75.5,28.34,-1.26,1.7999999999999998,0.46,0.7000000000000001,11.21,1.93,9.74,2.1799999999999997,1.27,9.27,0.95,6.97,3.62,0.5510999999999999,15.05,0.78,0.0746,3.0700000000000003,0.5247999999999999
pat connaughton,2020,3,1,27.0,0,0.0452,0.5988,2.19,1.2999999999999998,0.3349,2.76,0.5544,0.91,10.969999999999999,1.62,1.85,0.43,0.29999999999999993,0.97,14.72,2.91,1.98,0.4519,4.92,2.21,0.7732000000000001,0.61,0.5,0.1233,3.6,68.2,19.130000000000003,-0.7,4.65,0.8300000000000001,1.3900000000000001,11.690000000000001,1.19,5.85,0.97,0.41000000000000003,11.36,0.65,9.950000000000001,3.7600000000000002,0.5621999999999999,12.82,0.72,0.1257,3.37,0.5451,0.5988,2.19,1.2999999999999998,0.3349,2.76,0.5544,0.91,10.969999999999999,1.62,1.85,0.43,0.29999999999999993,0.97,14.72,2.91,1.98,0.4519,4.92,2.21,0.7732000000000001,0.61,0.5,0.1233,3.6,68.2,19.130000000000003,-0.7,4.65,0.8300000000000001,1.3900000000000001,11.690000000000001,1.19,5.85,0.97,0.41000000000000003,11.36,0.65,9.950000000000001,3.7600000000000002,0.5621999999999999,12.82,0.72,0.1257,3.37,0.5451
rajon rondo,2020,2,0,33.0,0,0.0756,0.47009999999999996,5.050000000000001,2.37,0.33830000000000005,2.69,0.35,0.9400000000000001,35.540000000000006,6.54,0.32,0.1,-1.21,-0.07000000000000002,14.04,3.32,1.44,0.42410000000000003,7.74,3.3099999999999996,0.6298,0.8300000000000001,0.53,0.10600000000000001,22.8,50.8,24.43,-1.1099999999999999,2.4800000000000004,0.56,0.37,12.89,1.62,7.97,1.92,0.9800000000000001,21.57,2.25,8.39,3.8899999999999997,0.4933,17.95,0.3,0.0683,1.81,0.4828,0.47009999999999996,5.050000000000001,2.37,0.33830000000000005,2.69,0.35,0.9400000000000001,35.540000000000006,6.54,0.32,0.1,-1.21,-0.07000000000000002,14.04,3.32,1.44,0.42410000000000003,7.74,3.3099999999999996,0.6298,0.8300000000000001,0.53,0.10600000000000001,22.8,50.8,24.43,-1.1099999999999999,2.4800000000000004,0.56,0.37,12.89,1.62,7.97,1.92,0.9800000000000001,21.57,2.25,8.39,3.8899999999999997,0.4933,17.95,0.3,0.0683,1.81,0.4828
jamychal green,2020,2,0,29.0,0,0.066,0.5178,3.6,1.8299999999999998,0.38220000000000004,3.17,0.501,1.24,5.9,0.92,1.79,0.45,-1.22,-0.07000000000000006,24.22,5.02,1.83,0.4508,6.77,3.0700000000000003,0.7568,1.28,0.96,0.177,13.100000000000001,62.0,22.28,-1.15,7.800000000000001,1.62,1.08,12.759999999999998,2.86,8.28,1.18,0.58,13.07,1.1199999999999999,16.099999999999998,6.67,0.5701,16.229999999999997,0.26,0.1036,2.9400000000000004,0.5476000000000001,0.5178,3.6,1.8299999999999998,0.38220000000000004,3.17,0.501,1.24,5.9,0.92,1.79,0.45,-1.22,-0.07000000000000006,24.22,5.02,1.83,0.4508,6.77,3.0700000000000003,0.7568,1.28,0.96,0.177,13.100000000000001,62.0,22.28,-1.15,7.800000000000001,1.62,1.08,12.759999999999998,2.86,8.28,1.18,0.58,13.07,1.1199999999999999,16.099999999999998,6.67,0.5701,16.229999999999997,0.26,0.1036,2.9400000000000004,0.5476000000000001
aron baynes,2020,2,0,33.0,0,0.0641,0.5441,4.55,2.5,0.30729999999999996,2.42,0.31210000000000004,0.82,10.16,1.35,2.74,0.58,-1.5299999999999998,-0.17000000000000004,20.36,3.66,1.23,0.4755,6.97,3.35,0.7812,1.46,1.0899999999999999,0.2169,32.8,52.5,19.59,-1.3600000000000003,9.51,1.6800000000000002,1.1400000000000001,14.2,2.95,8.629999999999999,0.6,0.22,12.4,1.04,14.93,5.29,0.5609999999999999,18.47,0.07,0.11460000000000001,2.37,0.5292,0.5441,4.55,2.5,0.30729999999999996,2.42,0.31210000000000004,0.82,10.16,1.35,2.74,0.58,-1.5299999999999998,-0.17000000000000004,20.36,3.66,1.23,0.4755,6.97,3.35,0.7812,1.46,1.0899999999999999,0.2169,32.8,52.5,19.59,-1.3600000000000003,9.51,1.6800000000000002,1.1400000000000001,14.2,2.95,8.629999999999999,0.6,0.22,12.4,1.04,14.93,5.29,0.5609999999999999,18.47,0.07,0.11460000000000001,2.37,0.5292
kris dunn,2020,2,0,25.0,0,0.0437,0.4912,6.96,3.3099999999999996,0.2999,2.25,0.26070000000000004,0.6699999999999999,25.36,4.7,1.36,0.4,-1.37,1.83,14.32,3.47,1.74,0.4353,9.21,4.01,0.757,1.44,1.08,0.15400000000000003,37.8,49.7,27.369999999999997,-3.2199999999999998,1.72,0.47,-0.19999999999999998,12.67,3.29,9.72,3.28,1.85,16.17,1.92,7.8,3.8899999999999997,0.4978,18.27,0.2,0.05450000000000001,1.5099999999999998,0.4733,0.4912,6.96,3.3099999999999996,0.2999,2.25,0.26070000000000004,0.6699999999999999,25.36,4.7,1.36,0.4,-1.37,1.83,14.32,3.47,1.74,0.4353,9.21,4.01,0.757,1.44,1.08,0.15400000000000003,37.8,49.7,27.369999999999997,-3.2199999999999998,1.72,0.47,-0.19999999999999998,12.67,3.29,9.72,3.28,1.85,16.17,1.92,7.8,3.8899999999999997,0.4978,18.27,0.2,0.05450000000000001,1.5099999999999998,0.4733
paul millsap,2020,1,1,34.0,0,0.0916,0.5078,6.960000000000001,3.55,0.396,2.49,0.2652,0.99,10.76,1.96,2.49,0.78,0.6400000000000001,0.19999999999999998,18.380000000000003,4.34,1.79,0.479,9.43,4.49,0.7652999999999999,3.3200000000000003,2.51,0.34719999999999995,50.9,54.1,26.300000000000004,0.44000000000000006,8.34,1.95,2.29,17.22,2.75,12.5,1.9,1.01,11.940000000000001,1.5,13.34,6.290000000000001,0.5763,20.28,1.03,0.13590000000000002,4.08,0.5317000000000001,0.5078,6.960000000000001,3.55,0.396,2.49,0.2652,0.99,10.76,1.96,2.49,0.78,0.6400000000000001,0.19999999999999998,18.380000000000003,4.34,1.79,0.479,9.43,4.49,0.7652999999999999,3.3200000000000003,2.51,0.34719999999999995,50.9,54.1,26.300000000000004,0.44000000000000006,8.34,1.95,2.29,17.22,2.75,12.5,1.9,1.01,11.940000000000001,1.5,13.34,6.290000000000001,0.5763,20.28,1.03,0.13590000000000002,4.08,0.5317000000000001
austin rivers,2020,3,0,27.0,0,0.0017,0.4978,4.12,2.04,0.349,4.47,0.5305,1.56,11.95,2.31,0.6699999999999999,0.2,-2.78,-0.6799999999999999,8.39,2.02,1.04,0.4171,8.59,3.5999999999999996,0.6376999999999999,1.71,1.1,0.20040000000000002,18.3,69.0,26.45,-2.0999999999999996,1.59,0.37,1.0,10.030000000000001,2.26,9.85,1.37,0.77,9.370000000000001,0.9800000000000001,5.0,2.41,0.5271,16.27,-0.35,0.0556,2.04,0.5092,0.4978,4.12,2.04,0.349,4.47,0.5305,1.56,11.95,2.31,0.6699999999999999,0.2,-2.78,-0.6799999999999999,8.39,2.02,1.04,0.4171,8.59,3.5999999999999996,0.6376999999999999,1.71,1.1,0.20040000000000002,18.3,69.0,26.45,-2.0999999999999996,1.59,0.37,1.0,10.030000000000001,2.26,9.85,1.37,0.77,9.370000000000001,0.9800000000000001,5.0,2.41,0.5271,16.27,-0.35,0.0556,2.04,0.5092
josh jackson,2020,2,0,22.0,0,0.0437,0.4963,6.2,2.96,0.3093,3.05,0.35350000000000004,0.91,12.8,1.79,2.02,0.51,-2.17,-0.08999999999999986,15.059999999999999,2.99,0.8200000000000001,0.4273,9.2,3.94,0.6780999999999999,2.68,1.8,0.29269999999999996,15.7,50.1,21.29,-2.05,3.6500000000000004,0.73,-1.19,12.59,2.2399999999999998,10.57,2.04,0.8700000000000001,13.82,1.69,9.379999999999999,3.74,0.5156000000000001,23.77,-0.5100000000000001,0.018900000000000004,-0.4,0.4829,0.4963,6.2,2.96,0.3093,3.05,0.35350000000000004,0.91,12.8,1.79,2.02,0.51,-2.17,-0.08999999999999986,15.059999999999999,2.99,0.8200000000000001,0.4273,9.2,3.94,0.6780999999999999,2.68,1.8,0.29269999999999996,15.7,50.1,21.29,-2.05,3.6500000000000004,0.73,-1.19,12.59,2.2399999999999998,10.57,2.04,0.8700000000000001,13.82,1.69,9.379999999999999,3.74,0.5156000000000001,23.77,-0.5100000000000001,0.018900000000000004,-0.4,0.4829
trey burke,2020,3,1,27.0,0,0.0275,0.48160000000000003,5.619999999999999,2.74,0.39149999999999996,2.54,0.3211,1.02,26.36,3.0,0.38,0.1,0.43000000000000005,-1.2,7.1499999999999995,1.1800000000000002,0.41000000000000003,0.45489999999999997,8.11,3.7099999999999995,0.7756000000000001,1.4000000000000001,1.0899999999999999,0.1669,4.7,41.099999999999994,18.08,1.63,2.84,0.48,1.32,16.95,1.04,9.530000000000001,1.47,0.57,8.5,0.78,4.98,1.6600000000000001,0.5438000000000001,22.46,0.45999999999999996,0.1148,1.6999999999999997,0.518,0.48160000000000003,5.619999999999999,2.74,0.39149999999999996,2.54,0.3211,1.02,26.36,3.0,0.38,0.1,0.43000000000000005,-1.2,7.1499999999999995,1.1800000000000002,0.41000000000000003,0.45489999999999997,8.11,3.7099999999999995,0.7756000000000001,1.4000000000000001,1.0899999999999999,0.1669,4.7,41.099999999999994,18.08,1.63,2.84,0.48,1.32,16.95,1.04,9.530000000000001,1.47,0.57,8.5,0.78,4.98,1.6600000000000001,0.5438000000000001,22.46,0.45999999999999996,0.1148,1.6999999999999997,0.518
willie cauleystein,2020,2,1,26.0,0,0.0375999999999999,0.5585,7.61,4.1899999999999995,0.2,0.04000000000000001,0.005600000000000001,0.0,11.379999999999999,1.85,3.72,0.91,0.59,1.24,23.16,5.02,2.06,0.5567,7.6499999999999995,4.1899999999999995,0.5921000000000001,2.21,1.28,0.2764,55.2,65.9,23.939999999999998,-0.62,7.859999999999999,1.82,2.23,17.42,2.44,9.73,2.0300000000000002,1.03,10.3,0.9500000000000001,15.33,6.82,0.5700999999999999,16.81,1.0899999999999999,0.1262,4.24,0.5574,0.5585,7.61,4.1899999999999995,0.2,0.04000000000000001,0.005600000000000001,0.0,11.379999999999999,1.85,3.72,0.91,0.59,1.24,23.16,5.02,2.06,0.5567,7.6499999999999995,4.1899999999999995,0.5921000000000001,2.21,1.28,0.2764,55.2,65.9,23.939999999999998,-0.62,7.859999999999999,1.82,2.23,17.42,2.44,9.73,2.0300000000000002,1.03,10.3,0.9500000000000001,15.33,6.82,0.5700999999999999,16.81,1.0899999999999999,0.1262,4.24,0.5574
bobby portis,2020,2,0,24.0,0,0.0332,0.4894,7.28,3.55,0.3687,3.16,0.30469999999999997,1.17,10.83,1.51,1.25,0.32999999999999996,-1.1099999999999999,-1.5,22.27,4.64,1.1300000000000001,0.4524,10.45,4.72,0.7735000000000001,1.69,1.32,0.16360000000000002,11.700000000000001,62.6,22.85,0.38000000000000006,7.699999999999999,1.7000000000000002,1.0,16.07,2.08,11.95,1.2400000000000002,0.6,10.27,1.28,14.73,6.34,0.5333000000000001,23.28,0.36,0.0702,2.13,0.5086999999999999,0.4894,7.28,3.55,0.3687,3.16,0.30469999999999997,1.17,10.83,1.51,1.25,0.32999999999999996,-1.1099999999999999,-1.5,22.27,4.64,1.1300000000000001,0.4524,10.45,4.72,0.7735000000000001,1.69,1.32,0.16360000000000002,11.700000000000001,62.6,22.85,0.38000000000000006,7.699999999999999,1.7000000000000002,1.0,16.07,2.08,11.95,1.2400000000000002,0.6,10.27,1.28,14.73,6.34,0.5333000000000001,23.28,0.36,0.0702,2.13,0.5086999999999999
robin lopez,2020,1,0,31.0,0,0.0669,0.5724,5.470000000000001,3.11,0.2915,0.9600000000000001,0.19729999999999998,0.3,8.25,1.0899999999999999,3.8699999999999997,0.8400000000000001,-2.31,-0.4799999999999999,10.16,1.8800000000000001,1.15,0.5224,6.43,3.39,0.6324,1.19,0.78,0.1855,26.1,68.0,19.04,-1.8599999999999999,7.5600000000000005,1.3900000000000001,0.7899999999999999,12.809999999999999,1.6,7.910000000000001,0.42000000000000004,0.17,15.1,1.23,8.9,3.2699999999999996,0.5668,17.96,-0.12000000000000001,0.0738,1.94,0.5541,0.5724,5.470000000000001,3.11,0.2915,0.9600000000000001,0.19729999999999998,0.3,8.25,1.0899999999999999,3.8699999999999997,0.8400000000000001,-2.31,-0.4799999999999999,10.16,1.8800000000000001,1.15,0.5224,6.43,3.39,0.6324,1.19,0.78,0.1855,26.1,68.0,19.04,-1.8599999999999999,7.5600000000000005,1.3900000000000001,0.7899999999999999,12.809999999999999,1.6,7.910000000000001,0.42000000000000004,0.17,15.1,1.23,8.9,3.2699999999999996,0.5668,17.96,-0.12000000000000001,0.0738,1.94,0.5541
michael carterwilliams,2020,2,1,28.0,0,0.0302,0.4407,3.61,1.63,0.2728,1.49,0.2883,0.43,21.38,2.3899999999999997,2.6799999999999997,0.48,-0.01000000000000005,1.82,13.91,2.02,1.0,0.3921,5.1,2.0300000000000002,0.7612,1.96,1.51,0.3896,0.7,41.3,16.46,-1.83,5.46,0.85,0.37,14.219999999999999,1.8399999999999999,5.96,2.75,0.92,14.19,1.01,9.56,2.94,0.4941,18.29,0.36,0.0952,1.37,0.4314,0.4407,3.61,1.63,0.2728,1.49,0.2883,0.43,21.38,2.3899999999999997,2.6799999999999997,0.48,-0.01000000000000005,1.82,13.91,2.02,1.0,0.3921,5.1,2.0300000000000002,0.7612,1.96,1.51,0.3896,0.7,41.3,16.46,-1.83,5.46,0.85,0.37,14.219999999999999,1.8399999999999999,5.96,2.75,0.92,14.19,1.01,9.56,2.94,0.4941,18.29,0.36,0.0952,1.37,0.4314
alec burks,2020,1,0,28.0,0,0.055,0.4383,5.85,2.5300000000000002,0.36760000000000004,3.52,0.3708,1.3399999999999999,14.709999999999999,2.25,0.96,0.26,-0.29000000000000004,-0.48,16.23,3.25,1.1600000000000001,0.41269999999999996,9.32,3.89,0.863,3.04,2.68,0.3216,16.9,65.0,23.05,0.15999999999999998,2.5599999999999996,0.5599999999999999,1.5,14.78,1.6099999999999999,11.68,1.63,0.75,10.170000000000002,1.18,9.23,3.8600000000000003,0.5428000000000001,22.1,0.7000000000000001,0.0829,2.68,0.4806,0.4383,5.85,2.5300000000000002,0.36760000000000004,3.52,0.3708,1.3399999999999999,14.709999999999999,2.25,0.96,0.26,-0.29000000000000004,-0.48,16.23,3.25,1.1600000000000001,0.41269999999999996,9.32,3.89,0.863,3.04,2.68,0.3216,16.9,65.0,23.05,0.15999999999999998,2.5599999999999996,0.5599999999999999,1.5,14.78,1.6099999999999999,11.68,1.63,0.75,10.170000000000002,1.18,9.23,3.8600000000000003,0.5428000000000001,22.1,0.7000000000000001,0.0829,2.68,0.4806
avery bradley,2020,1,0,29.0,0,0.0516,0.476,5.73,2.68,0.3611,3.8,0.41190000000000004,1.3900000000000001,9.22,1.77,0.51,0.18,-3.16,-0.22000000000000003,8.1,2.0300000000000002,1.24,0.4272,9.53,4.04,0.8281000000000001,0.8500000000000001,0.69,0.0823,50.1,52.6,27.4,-2.94,1.94,0.51,-0.36,8.649999999999999,2.31,10.129999999999999,1.51,0.8800000000000001,11.73,1.36,5.02,2.4899999999999998,0.5165,17.409999999999997,-0.48,0.0323,0.8,0.5015000000000001,0.476,5.73,2.68,0.3611,3.8,0.41190000000000004,1.3900000000000001,9.22,1.77,0.51,0.18,-3.16,-0.22000000000000003,8.1,2.0300000000000002,1.24,0.4272,9.53,4.04,0.8281000000000001,0.8500000000000001,0.69,0.0823,50.1,52.6,27.4,-2.94,1.94,0.51,-0.36,8.649999999999999,2.31,10.129999999999999,1.51,0.8800000000000001,11.73,1.36,5.02,2.4899999999999998,0.5165,17.409999999999997,-0.48,0.0323,0.8,0.5015000000000001
marc gasol,2020,2,0,35.0,0,0.0235,0.4738,5.74,2.71,0.36960000000000004,3.63,0.4212,1.34,19.65,3.81,3.34,1.06,2.19,2.21,23.439999999999998,6.22,2.8200000000000003,0.43189999999999995,9.29,4.0,0.762,2.4299999999999997,1.88,0.2405,57.7,60.3,29.04,-0.019999999999999907,3.2700000000000005,0.87,1.3,14.39,2.71,11.27,1.43,0.87,15.1,1.79,13.379999999999999,7.140000000000001,0.5457000000000001,17.93,2.02,0.1134,4.1,0.5105999999999999,0.4738,5.74,2.71,0.36960000000000004,3.63,0.4212,1.34,19.65,3.81,3.34,1.06,2.19,2.21,23.439999999999998,6.22,2.8200000000000003,0.43189999999999995,9.29,4.0,0.762,2.4299999999999997,1.88,0.2405,57.7,60.3,29.04,-0.019999999999999907,3.2700000000000005,0.87,1.3,14.39,2.71,11.27,1.43,0.87,15.1,1.79,13.379999999999999,7.140000000000001,0.5457000000000001,17.93,2.02,0.1134,4.1,0.5105999999999999
nerlens noel,2020,1,0,25.0,0,0.0458,0.6258999999999999,3.9800000000000004,2.49,0.1665,0.0,0.0075,0.0,6.83,0.77,6.58,1.25,2.2800000000000002,3.2299999999999995,21.81,3.2800000000000002,2.0999999999999996,0.6229,3.9800000000000004,2.49,0.7327000000000001,1.33,1.0,0.3362,5.300000000000001,59.599999999999994,16.5,-0.9500000000000001,10.41,1.55,1.95,19.23,2.41,6.050000000000001,2.7800000000000002,0.97,16.29,0.91,16.08,4.83,0.6495,14.350000000000001,1.1400000000000001,0.19090000000000001,4.0,0.6239,0.6258999999999999,3.9800000000000004,2.49,0.1665,0.0,0.0075,0.0,6.83,0.77,6.58,1.25,2.2800000000000002,3.2299999999999995,21.81,3.2800000000000002,2.0999999999999996,0.6229,3.9800000000000004,2.49,0.7327000000000001,1.33,1.0,0.3362,5.300000000000001,59.599999999999994,16.5,-0.9500000000000001,10.41,1.55,1.95,19.23,2.41,6.050000000000001,2.7800000000000002,0.97,16.29,0.91,16.08,4.83,0.6495,14.350000000000001,1.1400000000000001,0.19090000000000001,4.0,0.6239
bryn forbes,2020,2,0,26.0,0,0.0214,0.4709,3.66,1.74,0.39980000000000004,5.08,0.5764,2.0,9.49,1.6800000000000002,0.05,0.0,-2.33,-1.44,8.46,1.9500000000000002,0.8,0.4295,8.719999999999999,3.74,0.8154,1.18,0.96,0.1362,57.7,72.1,24.75,-0.8899999999999999,0.8500000000000001,0.2,1.56,10.969999999999999,1.75,10.52,0.98,0.48,8.14,0.8500000000000001,4.66,2.15,0.5658,17.81,-0.08000000000000002,0.0606,2.31,0.5444,0.4709,3.66,1.74,0.39980000000000004,5.08,0.5764,2.0,9.49,1.6800000000000002,0.05,0.0,-2.33,-1.44,8.46,1.9500000000000002,0.8,0.4295,8.719999999999999,3.74,0.8154,1.18,0.96,0.1362,57.7,72.1,24.75,-0.8899999999999999,0.8500000000000001,0.2,1.56,10.969999999999999,1.75,10.52,0.98,0.48,8.14,0.8500000000000001,4.66,2.15,0.5658,17.81,-0.08000000000000002,0.0606,2.31,0.5444
garrett temple,2020,1,0,33.0,0,0.0437,0.4794,3.29,1.57,0.34520000000000006,4.85,0.5849,1.64,10.88,2.05,1.44,0.45,-1.89,0.24,10.53,2.65,1.63,0.3992,8.19,3.26,0.7807,1.3599999999999999,1.06,0.1719,41.0,66.5,27.07,-2.13,1.65,0.43,0.5,9.86,2.08,9.17,1.5500000000000003,0.88,10.629999999999999,1.01,6.07,3.08,0.5266,15.54,0.04000000000000001,0.055600000000000004,2.1,0.4993,0.4794,3.29,1.57,0.34520000000000006,4.85,0.5849,1.64,10.88,2.05,1.44,0.45,-1.89,0.24,10.53,2.65,1.63,0.3992,8.19,3.26,0.7807,1.3599999999999999,1.06,0.1719,41.0,66.5,27.07,-2.13,1.65,0.43,0.5,9.86,2.08,9.17,1.5500000000000003,0.88,10.629999999999999,1.01,6.07,3.08,0.5266,15.54,0.04000000000000001,0.055600000000000004,2.1,0.4993
elfrid payton,2020,1,1,25.0,0,0.0437,0.4878,8.11,3.99,0.2609,1.8,0.18259999999999998,0.49,36.33,7.12,1.1800000000000002,0.38,-0.45999999999999996,-0.07,13.81,3.6899999999999995,1.15,0.44830000000000003,9.96,4.48,0.6376999999999999,2.0300000000000002,1.28,0.2019,43.2,47.7,28.53,-0.39,4.14,1.1600000000000001,0.71,15.5,2.03,10.719999999999999,2.27,1.36,18.08,2.4000000000000004,8.92,4.77,0.49319999999999997,19.62,0.52,0.0649,1.8599999999999999,0.4732,0.4878,8.11,3.99,0.2609,1.8,0.18259999999999998,0.49,36.33,7.12,1.1800000000000002,0.38,-0.45999999999999996,-0.07,13.81,3.6899999999999995,1.15,0.44830000000000003,9.96,4.48,0.6376999999999999,2.0300000000000002,1.28,0.2019,43.2,47.7,28.53,-0.39,4.14,1.1600000000000001,0.71,15.5,2.03,10.719999999999999,2.27,1.36,18.08,2.4000000000000004,8.92,4.77,0.49319999999999997,19.62,0.52,0.0649,1.8599999999999999,0.4732
jahlil okafor,2020,2,0,24.0,0,0.0173,0.6052,5.4399999999999995,3.27,0.2765,0.1,0.0195,0.0,9.07,0.89,3.7800000000000002,0.6799999999999999,-0.89,-0.12000000000000002,19.299999999999997,2.75,0.5,0.5989,5.51,3.34,0.6662,1.7,1.11,0.3073,11.7,38.3,15.059999999999999,-0.79,9.469999999999999,1.3800000000000001,0.9299999999999999,17.58,1.9400000000000002,7.77,0.64,0.21000000000000002,14.239999999999998,1.08,14.38,4.109999999999999,0.6187,20.119999999999997,0.13,0.11760000000000001,1.4300000000000002,0.602,0.6052,5.4399999999999995,3.27,0.2765,0.1,0.0195,0.0,9.07,0.89,3.7800000000000002,0.6799999999999999,-0.89,-0.12000000000000002,19.299999999999997,2.75,0.5,0.5989,5.51,3.34,0.6662,1.7,1.11,0.3073,11.7,38.3,15.059999999999999,-0.79,9.469999999999999,1.3800000000000001,0.9299999999999999,17.58,1.9400000000000002,7.77,0.64,0.21000000000000002,14.239999999999998,1.08,14.38,4.109999999999999,0.6187,20.119999999999997,0.13,0.11760000000000001,1.4300000000000002,0.602
damian jones,2020,2,0,24.0,0,0.0022,0.6668,2.7800000000000002,1.9000000000000001,0.111,0.1,0.0255,0.0,5.99,0.6799999999999999,3.9699999999999998,0.69,-1.8399999999999999,0.19999999999999996,13.52,1.8599999999999999,0.47,0.6548,2.83,1.9000000000000001,0.6837,1.26,0.89,0.4314,20.1,37.7,14.360000000000001,-2.04,8.33,1.1,1.4000000000000001,13.75,2.31,4.76,1.22,0.42,13.12,0.52,10.95,2.96,0.6754,11.809999999999999,0.12,0.1341,1.8699999999999999,0.6573,0.6668,2.7800000000000002,1.9000000000000001,0.111,0.1,0.0255,0.0,5.99,0.6799999999999999,3.9699999999999998,0.69,-1.8399999999999999,0.19999999999999996,13.52,1.8599999999999999,0.47,0.6548,2.83,1.9000000000000001,0.6837,1.26,0.89,0.4314,20.1,37.7,14.360000000000001,-2.04,8.33,1.1,1.4000000000000001,13.75,2.31,4.76,1.22,0.42,13.12,0.52,10.95,2.96,0.6754,11.809999999999999,0.12,0.1341,1.8699999999999999,0.6573
deandre bembry,2020,2,0,25.0,0,0.0159,0.5112000000000001,4.279999999999999,2.18,0.2756,1.62,0.27359999999999995,0.41000000000000003,13.74,2.08,1.85,0.45,-2.91,0.8500000000000001,15.259999999999998,2.96,1.01,0.4446,5.88,2.62,0.5782,1.32,0.77,0.2234,7.1,51.3,21.200000000000003,-3.76,3.2199999999999998,0.67,-0.7000000000000001,9.559999999999999,1.99,6.46,2.61,1.2000000000000002,19.88,1.57,9.120000000000001,3.63,0.4978,15.799999999999999,-0.16999999999999998,0.004599999999999999,0.29000000000000004,0.482,0.5112000000000001,4.279999999999999,2.18,0.2756,1.62,0.27359999999999995,0.41000000000000003,13.74,2.08,1.85,0.45,-2.91,0.8500000000000001,15.259999999999998,2.96,1.01,0.4446,5.88,2.62,0.5782,1.32,0.77,0.2234,7.1,51.3,21.200000000000003,-3.76,3.2199999999999998,0.67,-0.7000000000000001,9.559999999999999,1.99,6.46,2.61,1.2000000000000002,19.88,1.57,9.120000000000001,3.63,0.4978,15.799999999999999,-0.16999999999999998,0.004599999999999999,0.29000000000000004,0.482
maurice harkless,2020,1,0,26.0,0,0.0332,0.576,3.45,1.9700000000000002,0.33899999999999997,1.8,0.34509999999999996,0.5900000000000001,6.53,1.09,2.51,0.66,0.14,1.8,12.86,2.86,1.8599999999999999,0.4961,5.25,2.61,0.6392,1.11,0.6799999999999999,0.2127,47.3,60.8,22.86,-1.6800000000000002,4.62,1.0,1.17,11.379999999999999,2.35,6.51,2.0199999999999996,0.9400000000000001,12.36,0.8300000000000001,8.83,3.84,0.5692999999999999,12.04,0.77,0.1038,3.0100000000000002,0.5554,0.576,3.45,1.9700000000000002,0.33899999999999997,1.8,0.34509999999999996,0.5900000000000001,6.53,1.09,2.51,0.66,0.14,1.8,12.86,2.86,1.8599999999999999,0.4961,5.25,2.61,0.6392,1.11,0.6799999999999999,0.2127,47.3,60.8,22.86,-1.6800000000000002,4.62,1.0,1.17,11.379999999999999,2.35,6.51,2.0199999999999996,0.9400000000000001,12.36,0.8300000000000001,8.83,3.84,0.5692999999999999,12.04,0.77,0.1038,3.0100000000000002,0.5554
wesley matthews,2020,1,0,33.0,0,0.0332,0.4553,3.1799999999999997,1.44,0.3698,5.220000000000001,0.6405,1.9400000000000002,9.34,1.93,0.6,0.16999999999999998,-1.62,0.21999999999999997,8.07,2.1900000000000004,1.97,0.3992,8.4,3.35,0.7899,1.54,1.23,0.1797,66.5,66.8,28.049999999999997,-1.92,1.49,0.38,0.93,9.420000000000002,1.88,9.899999999999999,1.3,0.78,9.549999999999999,0.95,4.86,2.62,0.5455000000000001,15.11,0.2,0.0769,2.93,0.5173,0.4553,3.1799999999999997,1.44,0.3698,5.220000000000001,0.6405,1.9400000000000002,9.34,1.93,0.6,0.16999999999999998,-1.62,0.21999999999999997,8.07,2.1900000000000004,1.97,0.3992,8.4,3.35,0.7899,1.54,1.23,0.1797,66.5,66.8,28.049999999999997,-1.92,1.49,0.38,0.93,9.420000000000002,1.88,9.899999999999999,1.3,0.78,9.549999999999999,0.95,4.86,2.62,0.5455000000000001,15.11,0.2,0.0769,2.93,0.5173
dwayne bacon,2020,2,0,24.0,0,0.0154,0.4165,4.01,1.69,0.3243,1.6099999999999999,0.28400000000000003,0.56,10.11,1.12,0.37,0.08,-5.45,-0.9099999999999999,14.21,2.13,0.41000000000000003,0.39149999999999996,5.67,2.2199999999999998,0.7117,1.13,0.77,0.18819999999999998,10.6,43.0,16.810000000000002,-4.54,1.5999999999999999,0.28,-0.47,7.72,1.34,5.7,1.31,0.44999999999999996,9.969999999999999,0.65,7.720000000000001,2.3899999999999997,0.4667,17.53,-0.5900000000000001,-0.006000000000000002,-0.06000000000000005,0.43900000000000006,0.4165,4.01,1.69,0.3243,1.6099999999999999,0.28400000000000003,0.56,10.11,1.12,0.37,0.08,-5.45,-0.9099999999999999,14.21,2.13,0.41000000000000003,0.39149999999999996,5.67,2.2199999999999998,0.7117,1.13,0.77,0.18819999999999998,10.6,43.0,16.810000000000002,-4.54,1.5999999999999999,0.28,-0.47,7.72,1.34,5.7,1.31,0.44999999999999996,9.969999999999999,0.65,7.720000000000001,2.3899999999999997,0.4667,17.53,-0.5900000000000001,-0.006000000000000002,-0.06000000000000005,0.43900000000000006
bismack biyombo,2020,1,1,27.0,0,0.0321,0.5469999999999999,4.33,2.32,0.0,0.0,0.0006000000000000001,0.0,6.970000000000001,0.79,4.6,0.9299999999999999,-2.48,-0.30999999999999994,22.14,3.48,1.05,0.5468,4.33,2.32,0.6226,2.29,1.42,0.5356000000000001,29.1,59.1,17.689999999999998,-2.14,11.55,1.96,1.33,15.190000000000001,2.05,6.16,0.6,0.22,13.86,0.8300000000000001,16.689999999999998,5.42,0.5768,15.190000000000001,-0.12000000000000001,0.11280000000000001,2.38,0.5468,0.5469999999999999,4.33,2.32,0.0,0.0,0.0006000000000000001,0.0,6.970000000000001,0.79,4.6,0.9299999999999999,-2.48,-0.30999999999999994,22.14,3.48,1.05,0.5468,4.33,2.32,0.6226,2.29,1.42,0.5356000000000001,29.1,59.1,17.689999999999998,-2.14,11.55,1.96,1.33,15.190000000000001,2.05,6.16,0.6,0.22,13.86,0.8300000000000001,16.689999999999998,5.42,0.5768,15.190000000000001,-0.12000000000000001,0.11280000000000001,2.38,0.5468
james ennis,2020,1,1,29.0,0,0.0302,0.5702,2.76,1.53,0.33499999999999996,2.4299999999999997,0.4744,0.81,6.23,0.8600000000000001,1.43,0.32999999999999996,-1.99,-0.28,13.120000000000001,2.3,1.22,0.4585,5.1899999999999995,2.37,0.785,1.44,1.11,0.2797,21.5,66.3,19.97,-1.7400000000000002,5.66,1.0,1.38,11.37,2.16,6.7299999999999995,1.4300000000000002,0.6,11.370000000000001,0.74,9.329999999999998,3.35,0.5771,14.399999999999999,-0.010000000000000009,0.0943,2.6,0.5379,0.5702,2.76,1.53,0.33499999999999996,2.4299999999999997,0.4744,0.81,6.23,0.8600000000000001,1.43,0.32999999999999996,-1.99,-0.28,13.120000000000001,2.3,1.22,0.4585,5.1899999999999995,2.37,0.785,1.44,1.11,0.2797,21.5,66.3,19.97,-1.7400000000000002,5.66,1.0,1.38,11.37,2.16,6.7299999999999995,1.4300000000000002,0.6,11.370000000000001,0.74,9.329999999999998,3.35,0.5771,14.399999999999999,-0.010000000000000009,0.0943,2.6,0.5379
patrick patterson,2020,1,1,30.0,0,0.0282,0.4454,1.13,0.53,0.373,2.5300000000000002,0.6854,0.92,6.199999999999999,0.6399999999999999,0.8600000000000001,0.16999999999999998,-0.64,-0.16999999999999998,14.370000000000001,1.9100000000000001,0.9500000000000001,0.3958,3.64,1.4500000000000002,0.7708999999999999,0.62,0.49,0.16820000000000002,11.1,64.8,13.809999999999999,-0.43999999999999995,4.41,0.5900000000000001,0.8500000000000001,10.18,0.8800000000000001,4.3100000000000005,0.8500000000000001,0.26,8.52,0.37,9.370000000000001,2.4699999999999998,0.5488999999999999,13.11,0.33999999999999997,0.0978,1.8,0.5243,0.4454,1.13,0.53,0.373,2.5300000000000002,0.6854,0.92,6.199999999999999,0.6399999999999999,0.8600000000000001,0.16999999999999998,-0.64,-0.16999999999999998,14.370000000000001,1.9100000000000001,0.9500000000000001,0.3958,3.64,1.4500000000000002,0.7708999999999999,0.62,0.49,0.16820000000000002,11.1,64.8,13.809999999999999,-0.43999999999999995,4.41,0.5900000000000001,0.8500000000000001,10.18,0.8800000000000001,4.3100000000000005,0.8500000000000001,0.26,8.52,0.37,9.370000000000001,2.4699999999999998,0.5488999999999999,13.11,0.33999999999999997,0.0978,1.8,0.5243
nicolas batum,2020,1,0,31.0,0,0.0148,0.46930000000000005,2.9800000000000004,1.4000000000000001,0.32689999999999997,3.16,0.5459,1.03,18.740000000000002,3.59,1.43,0.46,-0.96,0.55,15.63,3.7699999999999996,1.07,0.391,6.140000000000001,2.5100000000000002,0.8757,1.01,0.8400000000000001,0.1489,35.9,46.3,27.12,-1.5099999999999998,4.18,1.0,1.04,11.05,1.74,6.909999999999999,1.62,0.8700000000000001,18.259999999999998,1.38,9.75,4.77,0.5104,12.32,0.54,0.06709999999999999,2.11,0.47909999999999997,0.46930000000000005,2.9800000000000004,1.4000000000000001,0.32689999999999997,3.16,0.5459,1.03,18.740000000000002,3.59,1.43,0.46,-0.96,0.55,15.63,3.7699999999999996,1.07,0.391,6.140000000000001,2.5100000000000002,0.8757,1.01,0.8400000000000001,0.1489,35.9,46.3,27.12,-1.5099999999999998,4.18,1.0,1.04,11.05,1.74,6.909999999999999,1.62,0.8700000000000001,18.259999999999998,1.38,9.75,4.77,0.5104,12.32,0.54,0.06709999999999999,2.11,0.47909999999999997
jeff teague,2020,1,0,31.0,0,0.0046999999999999,0.4598,6.99,3.25,0.3575,2.41,0.2525,0.83,32.75,6.459999999999999,1.09,0.32999999999999996,-0.79,-1.15,8.469999999999999,2.0999999999999996,0.73,0.4341,9.38,4.08,0.8467,3.41,2.9,0.3721,34.8,56.1,28.03,0.36,1.58,0.43,2.1399999999999997,15.2,2.01,11.92,1.62,0.9500000000000001,16.689999999999998,2.19,4.99,2.55,0.5475000000000001,19.66,0.5299999999999999,0.0867,2.89,0.4793,0.4598,6.99,3.25,0.3575,2.41,0.2525,0.83,32.75,6.459999999999999,1.09,0.32999999999999996,-0.79,-1.15,8.469999999999999,2.0999999999999996,0.73,0.4341,9.38,4.08,0.8467,3.41,2.9,0.3721,34.8,56.1,28.03,0.36,1.58,0.43,2.1399999999999997,15.2,2.01,11.92,1.62,0.9500000000000001,16.689999999999998,2.19,4.99,2.55,0.5475000000000001,19.66,0.5299999999999999,0.0867,2.89,0.4793
wayne ellington,2020,1,0,32.0,0,0.0148,0.4356,1.25,0.5800000000000001,0.3647,5.6,0.8206,2.0599999999999996,9.17,1.22,0.53,0.1,-1.3699999999999999,-0.53,10.51,1.8900000000000001,0.9,0.3778,6.799999999999999,2.64,0.8336,0.67,0.54,0.09179999999999999,12.3,49.3,20.4,-0.84,0.9400000000000001,0.2,1.01,10.29,1.3,7.88,1.4100000000000001,0.6399999999999999,8.18,0.63,5.65,2.06,0.5428,16.119999999999997,0.39999999999999997,0.06760000000000001,1.8800000000000001,0.527,0.4356,1.25,0.5800000000000001,0.3647,5.6,0.8206,2.0599999999999996,9.17,1.22,0.53,0.1,-1.3699999999999999,-0.53,10.51,1.8900000000000001,0.9,0.3778,6.799999999999999,2.64,0.8336,0.67,0.54,0.09179999999999999,12.3,49.3,20.4,-0.84,0.9400000000000001,0.2,1.01,10.29,1.3,7.88,1.4100000000000001,0.6399999999999999,8.18,0.63,5.65,2.06,0.5428,16.119999999999997,0.39999999999999997,0.06760000000000001,1.8800000000000001,0.527
jared dudley,2020,1,1,34.0,0,0.0148,0.4204,0.8300000000000001,0.37,0.39239999999999997,1.57,0.6708,0.5900000000000001,10.629999999999999,1.04,0.91,0.18,-1.3900000000000001,1.4300000000000002,12.69,1.49,0.69,0.40549999999999997,2.38,0.96,0.863,0.38,0.27,0.1315,8.0,49.8,13.120000000000001,-2.8200000000000003,2.01,0.27,0.43000000000000005,8.0,1.47,2.8600000000000003,1.76,0.43000000000000005,13.44,0.42999999999999994,7.369999999999999,1.7800000000000002,0.5558000000000001,9.16,0.06,0.08360000000000001,1.1,0.5373000000000001,0.4204,0.8300000000000001,0.37,0.39239999999999997,1.57,0.6708,0.5900000000000001,10.629999999999999,1.04,0.91,0.18,-1.3900000000000001,1.4300000000000002,12.69,1.49,0.69,0.40549999999999997,2.38,0.96,0.863,0.38,0.27,0.1315,8.0,49.8,13.120000000000001,-2.8200000000000003,2.01,0.27,0.43000000000000005,8.0,1.47,2.8600000000000003,1.76,0.43000000000000005,13.44,0.42999999999999994,7.369999999999999,1.7800000000000002,0.5558000000000001,9.16,0.06,0.08360000000000001,1.1,0.5373000000000001
carmelo anthony,2020,1,1,35.0,0,0.0148,0.4587,8.29,3.77,0.3623,5.09,0.38439999999999996,1.82,5.28,1.1600000000000001,1.56,0.58,-2.99,-1.58,16.78,4.88,1.01,0.4173,13.379999999999999,5.59,0.7805,2.56,1.98,0.1906,45.2,47.6,31.639999999999997,-1.4100000000000001,3.5199999999999996,1.05,0.47000000000000003,12.010000000000002,2.91,14.96,0.99,0.64,8.45,1.35,10.11,5.93,0.517,21.39,-0.43000000000000005,0.0451,1.48,0.48529999999999995,0.4587,8.29,3.77,0.3623,5.09,0.38439999999999996,1.82,5.28,1.1600000000000001,1.56,0.58,-2.99,-1.58,16.78,4.88,1.01,0.4173,13.379999999999999,5.59,0.7805,2.56,1.98,0.1906,45.2,47.6,31.639999999999997,-1.4100000000000001,3.5199999999999996,1.05,0.47000000000000003,12.010000000000002,2.91,14.96,0.99,0.64,8.45,1.35,10.11,5.93,0.517,21.39,-0.43000000000000005,0.0451,1.48,0.48529999999999995
jeff green,2020,1,0,33.0,0,0.0148,0.5848,4.28,2.46,0.33599999999999997,3.6,0.46080000000000004,1.21,8.309999999999999,1.3,1.65,0.43000000000000005,-0.8300000000000001,-0.77,12.23,2.6199999999999997,0.8500000000000001,0.4689,7.85,3.67,0.841,2.3600000000000003,1.99,0.2983,18.0,62.7,22.84,-0.06,2.96,0.62,2.06,13.89,1.96,10.55,1.17,0.53,10.280000000000001,1.04,7.67,3.24,0.5948,18.7,0.36,0.0975,2.91,0.5465,0.5848,4.28,2.46,0.33599999999999997,3.6,0.46080000000000004,1.21,8.309999999999999,1.3,1.65,0.43000000000000005,-0.8300000000000001,-0.77,12.23,2.6199999999999997,0.8500000000000001,0.4689,7.85,3.67,0.841,2.3600000000000003,1.99,0.2983,18.0,62.7,22.84,-0.06,2.96,0.62,2.06,13.89,1.96,10.55,1.17,0.53,10.280000000000001,1.04,7.67,3.24,0.5948,18.7,0.36,0.0975,2.91,0.5465
reggie jackson,2020,1,1,29.0,0,0.0148,0.4467,6.82,3.0999999999999996,0.3688,4.82,0.4161,1.77,27.07,4.37,0.44999999999999996,0.15000000000000002,-0.16000000000000003,-1.15,9.75,2.25,1.0,0.417,11.65,4.87,0.8429,2.3200000000000003,2.0,0.19690000000000002,41.599999999999994,49.099999999999994,25.71,0.9900000000000001,2.4,0.52,1.45,14.59,2.08,13.49,0.9800000000000001,0.53,12.469999999999999,1.7800000000000002,6.050000000000001,2.84,0.5318,24.32,0.67,0.08360000000000001,2.45,0.4944,0.4467,6.82,3.0999999999999996,0.3688,4.82,0.4161,1.77,27.07,4.37,0.44999999999999996,0.15000000000000002,-0.16000000000000003,-1.15,9.75,2.25,1.0,0.417,11.65,4.87,0.8429,2.3200000000000003,2.0,0.19690000000000002,41.599999999999994,49.099999999999994,25.71,0.9900000000000001,2.4,0.52,1.45,14.59,2.08,13.49,0.9800000000000001,0.53,12.469999999999999,1.7800000000000002,6.050000000000001,2.84,0.5318,24.32,0.67,0.08360000000000001,2.45,0.4944
markieff morris,2020,1,1,30.0,0,0.0148,0.501,4.76,2.39,0.3669,3.5599999999999996,0.43489999999999995,1.31,9.89,1.4500000000000002,1.3900000000000001,0.37,-2.0700000000000003,-0.61,17.64,3.52,1.25,0.4438,8.32,3.7,0.7836000000000001,1.59,1.19,0.1872,27.900000000000002,61.0,22.22,-1.44,4.26,0.88,0.6699999999999999,12.4,2.65,9.969999999999999,1.3199999999999998,0.5900000000000001,12.36,1.2600000000000002,10.84,4.4,0.5519999999999999,20.08,0.020000000000000018,0.0633,1.84,0.5243,0.501,4.76,2.39,0.3669,3.5599999999999996,0.43489999999999995,1.31,9.89,1.4500000000000002,1.3900000000000001,0.37,-2.0700000000000003,-0.61,17.64,3.52,1.25,0.4438,8.32,3.7,0.7836000000000001,1.59,1.19,0.1872,27.900000000000002,61.0,22.22,-1.44,4.26,0.88,0.6699999999999999,12.4,2.65,9.969999999999999,1.3199999999999998,0.5900000000000001,12.36,1.2600000000000002,10.84,4.4,0.5519999999999999,20.08,0.020000000000000018,0.0633,1.84,0.5243
hassan whiteside,2020,1,0,30.0,0,0.0148,0.5929,10.100000000000001,5.960000000000001,0.523,0.11,0.012799999999999999,0.05,6.01,1.04,7.57,2.36,2.81,0.93,34.65,8.829999999999998,3.3,0.5898,10.21,6.03,0.6183000000000001,3.5,2.13,0.34009999999999996,57.2,65.9,27.05,1.8800000000000001,14.55,3.67,3.9499999999999997,24.37,2.74,14.24,0.97,0.52,12.21,1.63,24.65,12.42,0.6058,21.520000000000003,2.16,0.19340000000000002,7.2,0.592,0.5929,10.100000000000001,5.960000000000001,0.523,0.11,0.012799999999999999,0.05,6.01,1.04,7.57,2.36,2.81,0.93,34.65,8.829999999999998,3.3,0.5898,10.21,6.03,0.6183000000000001,3.5,2.13,0.34009999999999996,57.2,65.9,27.05,1.8800000000000001,14.55,3.67,3.9499999999999997,24.37,2.74,14.24,0.97,0.52,12.21,1.63,24.65,12.42,0.6058,21.520000000000003,2.16,0.19340000000000002,7.2,0.592
kent bazemore,2020,1,0,30.0,0,0.0148,0.42710000000000004,5.130000000000001,2.2,0.3468,3.99,0.4397,1.3599999999999999,11.77,2.09,2.1500000000000004,0.6199999999999999,-2.07,0.41000000000000003,15.71,3.62,1.57,0.3921,9.120000000000001,3.5599999999999996,0.7615000000000001,2.5,1.92,0.27280000000000004,34.0,67.1,25.25,-2.5300000000000002,1.8599999999999999,0.46,-0.62,11.120000000000001,2.66,10.46,2.34,1.2400000000000002,14.08,1.67,8.73,4.08,0.511,19.85,-0.04000000000000001,0.0266,0.95,0.46809999999999996,0.42710000000000004,5.130000000000001,2.2,0.3468,3.99,0.4397,1.3599999999999999,11.77,2.09,2.1500000000000004,0.6199999999999999,-2.07,0.41000000000000003,15.71,3.62,1.57,0.3921,9.120000000000001,3.5599999999999996,0.7615000000000001,2.5,1.92,0.27280000000000004,34.0,67.1,25.25,-2.5300000000000002,1.8599999999999999,0.46,-0.62,11.120000000000001,2.66,10.46,2.34,1.2400000000000002,14.08,1.67,8.73,4.08,0.511,19.85,-0.04000000000000001,0.0266,0.95,0.46809999999999996
alex len,2020,1,0,26.0,0,0.0116,0.5892999999999999,5.17,3.0300000000000002,0.311,1.33,0.1886,0.44999999999999996,8.35,1.02,4.02,0.9000000000000001,-0.6499999999999999,-0.6,23.490000000000002,4.05,1.06,0.5388999999999999,6.52,3.4800000000000004,0.6552,2.45,1.6,0.38660000000000005,17.9,64.4,18.87,-0.13,11.34,2.03,2.0500000000000003,17.89,2.3899999999999997,9.03,0.9700000000000001,0.4,12.8,1.11,17.28,6.05,0.5949,19.080000000000002,0.4,0.12179999999999999,3.11,0.5687,0.5892999999999999,5.17,3.0300000000000002,0.311,1.33,0.1886,0.44999999999999996,8.35,1.02,4.02,0.9000000000000001,-0.6499999999999999,-0.6,23.490000000000002,4.05,1.06,0.5388999999999999,6.52,3.4800000000000004,0.6552,2.45,1.6,0.38660000000000005,17.9,64.4,18.87,-0.13,11.34,2.03,2.0500000000000003,17.89,2.3899999999999997,9.03,0.9700000000000001,0.4,12.8,1.11,17.28,6.05,0.5949,19.080000000000002,0.4,0.12179999999999999,3.11,0.5687
solomon hill,2020,1,0,28.0,0,0.0148,0.42989999999999995,1.7800000000000002,0.76,0.3171,2.5,0.58,0.8200000000000001,11.36,1.65,0.8500000000000001,0.18,-2.89,0.13,12.969999999999999,2.3,0.7100000000000001,0.3662,4.23,1.58,0.6861999999999999,0.76,0.5599999999999999,0.1802,6.7,45.1,18.32,-2.99,3.76,0.65,0.19,7.9,1.6,4.52,1.67,0.62,14.84,0.8200000000000001,8.469999999999999,2.9,0.483,12.36,-0.06,0.0379,0.83,0.45949999999999996,0.42989999999999995,1.7800000000000002,0.76,0.3171,2.5,0.58,0.8200000000000001,11.36,1.65,0.8500000000000001,0.18,-2.89,0.13,12.969999999999999,2.3,0.7100000000000001,0.3662,4.23,1.58,0.6861999999999999,0.76,0.5599999999999999,0.1802,6.7,45.1,18.32,-2.99,3.76,0.65,0.19,7.9,1.6,4.52,1.67,0.62,14.84,0.8200000000000001,8.469999999999999,2.9,0.483,12.36,-0.06,0.0379,0.83,0.45949999999999996
matthew dellavedova,2020,1,1,29.0,0,0.0148,0.4588,1.8199999999999998,0.82,0.2913,2.0300000000000002,0.5237,0.6300000000000001,29.549999999999997,3.5,0.16,0.0,-4.800000000000001,-2.04,8.51,1.21,0.09000000000000001,0.3709,3.8499999999999996,1.43,0.8601000000000001,0.77,0.71,0.2056,2.6,50.5,16.009999999999998,-2.79,1.9,0.26,0.26,9.1,1.54,4.18,1.04,0.37,22.52,1.18,5.17,1.4700000000000002,0.4911,14.57,-0.58,0.0203,0.35,0.4472,0.4588,1.8199999999999998,0.82,0.2913,2.0300000000000002,0.5237,0.6300000000000001,29.549999999999997,3.5,0.16,0.0,-4.800000000000001,-2.04,8.51,1.21,0.09000000000000001,0.3709,3.8499999999999996,1.43,0.8601000000000001,0.77,0.71,0.2056,2.6,50.5,16.009999999999998,-2.79,1.9,0.26,0.26,9.1,1.54,4.18,1.04,0.37,22.52,1.18,5.17,1.4700000000000002,0.4911,14.57,-0.58,0.0203,0.35,0.4472
langston galloway,2020,1,0,28.0,0,0.0148,0.4648,2.8000000000000003,1.34,0.3748,4.7,0.6278,1.77,8.61,1.28,0.47,0.15000000000000002,-0.83,-0.59,8.33,1.63,0.92,0.4081,7.47,3.1100000000000003,0.8437,1.15,0.97,0.15189999999999998,4.6,68.6,22.42,-0.31000000000000005,2.3200000000000003,0.47,1.93,11.8,1.4,8.91,1.4,0.62,5.32,0.44999999999999996,5.300000000000001,2.1,0.5528,16.64,0.41000000000000003,0.0875,2.85,0.5256000000000001,0.4648,2.8000000000000003,1.34,0.3748,4.7,0.6278,1.77,8.61,1.28,0.47,0.15000000000000002,-0.83,-0.59,8.33,1.63,0.92,0.4081,7.47,3.1100000000000003,0.8437,1.15,0.97,0.15189999999999998,4.6,68.6,22.42,-0.31000000000000005,2.3200000000000003,0.47,1.93,11.8,1.4,8.91,1.4,0.62,5.32,0.44999999999999996,5.300000000000001,2.1,0.5528,16.64,0.41000000000000003,0.0875,2.85,0.5256000000000001
tyler johnson,2020,1,1,27.0,0,0.0148,0.4663,4.19,1.9300000000000002,0.3367,3.83,0.4774,1.32,14.65,2.2800000000000002,1.31,0.35,-1.63,-0.32,9.73,2.0700000000000003,1.13,0.4049,7.94,3.25,0.8088,1.67,1.36,0.2085,17.9,51.0,22.839999999999996,-1.31,2.45,0.53,0.8,11.370000000000001,1.6800000000000002,9.11,1.36,0.6300000000000001,10.21,0.99,6.09,2.5300000000000002,0.5214,18.27,0.26,0.06570000000000001,1.88,0.485,0.4663,4.19,1.9300000000000002,0.3367,3.83,0.4774,1.32,14.65,2.2800000000000002,1.31,0.35,-1.63,-0.32,9.73,2.0700000000000003,1.13,0.4049,7.94,3.25,0.8088,1.67,1.36,0.2085,17.9,51.0,22.839999999999996,-1.31,2.45,0.53,0.8,11.370000000000001,1.6800000000000002,9.11,1.36,0.6300000000000001,10.21,0.99,6.09,2.5300000000000002,0.5214,18.27,0.26,0.06570000000000001,1.88,0.485
frank kaminsky,2020,1,0,26.0,0,0.0148,0.5227,4.49,2.34,0.34950000000000003,3.2,0.4184,1.1400000000000001,13.22,1.6600000000000001,1.15,0.28,-0.2,-0.6900000000000001,18.53,3.2,0.76,0.4497,7.66,3.4,0.7202,2.34,1.71,0.3084,7.3,49.4,19.419999999999998,0.49000000000000005,4.640000000000001,0.81,1.2,15.02,1.6099999999999999,9.649999999999999,0.89,0.39,9.5,0.8800000000000001,11.51,4.02,0.5576000000000001,21.23,0.43000000000000005,0.0965,1.9600000000000002,0.5223,0.5227,4.49,2.34,0.34950000000000003,3.2,0.4184,1.1400000000000001,13.22,1.6600000000000001,1.15,0.28,-0.2,-0.6900000000000001,18.53,3.2,0.76,0.4497,7.66,3.4,0.7202,2.34,1.71,0.3084,7.3,49.4,19.419999999999998,0.49000000000000005,4.640000000000001,0.81,1.2,15.02,1.6099999999999999,9.649999999999999,0.89,0.39,9.5,0.8800000000000001,11.51,4.02,0.5576000000000001,21.23,0.43000000000000005,0.0965,1.9600000000000002,0.5223
raul neto,2020,1,0,27.0,0,0.0148,0.5067,2.56,1.29,0.37370000000000003,1.5,0.3721,0.55,23.36,2.0100000000000002,0.75,0.1,-1.27,-0.019999999999999962,9.83,1.0999999999999999,0.6,0.45690000000000003,4.109999999999999,1.89,0.818,0.9000000000000001,0.71,0.21389999999999998,1.8,46.3,12.46,-1.25,1.6400000000000001,0.2,0.45999999999999996,12.78,1.02,5.039999999999999,1.5299999999999998,0.38,16.64,0.9000000000000001,5.75,1.3,0.5609,18.71,0.08,0.0935,1.1099999999999999,0.5266,0.5067,2.56,1.29,0.37370000000000003,1.5,0.3721,0.55,23.36,2.0100000000000002,0.75,0.1,-1.27,-0.019999999999999962,9.83,1.0999999999999999,0.6,0.45690000000000003,4.109999999999999,1.89,0.818,0.9000000000000001,0.71,0.21389999999999998,1.8,46.3,12.46,-1.25,1.6400000000000001,0.2,0.45999999999999996,12.78,1.02,5.039999999999999,1.5299999999999998,0.38,16.64,0.9000000000000001,5.75,1.3,0.5609,18.71,0.08,0.0935,1.1099999999999999,0.5266
torrey craig,2020,1,0,29.0,0,0.0148,0.5861999999999999,2.2399999999999998,1.33,0.3188,2.25,0.4968,0.72,5.92,0.8200000000000001,2.76,0.56,-2.3,-0.22999999999999998,13.48,2.23,1.04,0.4537,4.4399999999999995,2.0,0.6413,0.75,0.53,0.1759,25.6,59.3,18.47,-2.04,6.66,1.11,1.07,10.48,2.16,5.25,1.09,0.41000000000000003,9.399999999999999,0.48000000000000004,10.080000000000002,3.36,0.5476000000000001,12.399999999999999,-0.07,0.0881,2.08,0.5333000000000001,0.5861999999999999,2.2399999999999998,1.33,0.3188,2.25,0.4968,0.72,5.92,0.8200000000000001,2.76,0.56,-2.3,-0.22999999999999998,13.48,2.23,1.04,0.4537,4.4399999999999995,2.0,0.6413,0.75,0.53,0.1759,25.6,59.3,18.47,-2.04,6.66,1.11,1.07,10.48,2.16,5.25,1.09,0.41000000000000003,9.399999999999999,0.48000000000000004,10.080000000000002,3.36,0.5476000000000001,12.399999999999999,-0.07,0.0881,2.08,0.5333000000000001
kawhi leonard,2021,4,1,29.0,1,0.35,0.5387,13.32,7.16,0.3866,5.16,0.2795,1.99,23.65,4.73,1.23,0.46,7.76,1.5899999999999999,18.15,5.73,2.87,0.4962,18.48,9.100000000000001,0.8791,6.4,5.58,0.34440000000000004,55.099999999999994,55.099999999999994,33.57,6.17,3.5700000000000003,1.08,6.04,26.229999999999997,1.7000000000000002,25.85,2.4299999999999997,1.7000000000000002,9.34,2.18,11.059999999999999,6.84,0.6089,30.26,4.57,0.2316,8.91,0.5504,0.5944,14.32,8.469999999999999,0.371,5.63,0.28300000000000003,2.1,21.479999999999997,4.63,1.99,0.78,10.19,2.6500000000000004,18.58,6.460000000000001,0.8300000000000001,0.5312,20.02,10.6,0.8754,7.359999999999999,6.46,0.36829999999999996,14.200000000000001,14.200000000000001,39.26,7.49,5.84,2.0,2.1,29.22,2.42,29.759999999999998,2.69,2.08,9.55,2.47,12.219999999999999,8.46,0.6412,29.78,1.7299999999999998,0.25570000000000004,2.9299999999999997,0.5837
john collins,2021,5,1,23.0,0,0.2046,0.6219,10.010000000000002,6.25,0.3894,3.25,0.2459,1.25,7.930000000000001,1.45,3.09,1.1,2.26,-0.66,21.770000000000003,6.18,1.51,0.5649,13.26,7.5,0.8090999999999999,3.5900000000000003,2.88,0.27090000000000003,55.6,56.0,30.61,2.92,8.71,2.51,4.539999999999999,21.71,3.2300000000000004,19.18,0.9,0.5700000000000001,9.719999999999999,1.59,15.24,8.690000000000001,0.6456000000000001,22.65,1.77,0.1708,6.02,0.6132,0.6219,10.010000000000002,6.25,0.3894,3.25,0.2459,1.25,7.930000000000001,1.45,3.09,1.1,2.26,-0.66,21.770000000000003,6.18,1.51,0.5649,13.26,7.5,0.8090999999999999,3.5900000000000003,2.88,0.27090000000000003,55.6,56.0,30.61,2.92,8.71,2.51,4.539999999999999,21.71,3.2300000000000004,19.18,0.9,0.5700000000000001,9.719999999999999,1.59,15.24,8.690000000000001,0.6456000000000001,22.65,1.77,0.1708,6.02,0.6132
chris paul,2021,4,1,35.0,0,0.2739999999999999,0.5335000000000001,8.2,4.38,0.3786,4.359999999999999,0.34850000000000003,1.67,38.51,8.1,0.68,0.27,4.4,1.19,14.74,4.21,2.69,0.48,12.59,6.05,0.9115,3.2,2.88,0.2539,67.6,67.6,31.549999999999997,3.19,1.46,0.44,5.9,21.15,2.3899999999999997,16.6,2.42,1.58,14.3,2.31,8.19,4.67,0.5945,22.79,3.41,0.1928,8.59,0.5457000000000001,0.5335000000000001,8.2,4.38,0.3786,4.359999999999999,0.34850000000000003,1.67,38.51,8.1,0.68,0.27,4.4,1.19,14.74,4.21,2.69,0.48,12.59,6.05,0.9115,3.2,2.88,0.2539,67.6,67.6,31.549999999999997,3.19,1.46,0.44,5.9,21.15,2.3899999999999997,16.6,2.42,1.58,14.3,2.31,8.19,4.67,0.5945,22.79,3.41,0.1928,8.59,0.5457000000000001
jarrett allen,2021,5,1,22.0,0,0.1779,0.6387,6.93,4.41,0.18460000000000001,0.3,0.0392,0.07,8.6,1.6099999999999999,4.3100000000000005,1.3900000000000001,1.56,0.48,25.42,6.6000000000000005,2.58,0.6216999999999999,7.25,4.48,0.6832,4.17,2.8200000000000003,0.5730999999999999,57.7,68.5,27.990000000000002,1.1099999999999999,11.41,2.96,4.59,19.96,1.9,11.91,0.9,0.53,13.16,1.3900000000000001,18.419999999999998,9.56,0.6561,15.950000000000001,1.68,0.18159999999999998,7.18,0.6256999999999999,0.6387,6.93,4.41,0.18460000000000001,0.3,0.0392,0.07,8.6,1.6099999999999999,4.3100000000000005,1.3900000000000001,1.56,0.48,25.42,6.6000000000000005,2.58,0.6216999999999999,7.25,4.48,0.6832,4.17,2.8200000000000003,0.5730999999999999,57.7,68.5,27.990000000000002,1.1099999999999999,11.41,2.96,4.59,19.96,1.9,11.91,0.9,0.53,13.16,1.3900000000000001,18.419999999999998,9.56,0.6561,15.950000000000001,1.68,0.18159999999999998,7.18,0.6256999999999999
norman powell,2021,5,1,27.0,0,0.138,0.5471,6.3,3.45,0.4052,5.15,0.4486,2.1,9.829999999999998,1.79,1.02,0.31,0.6599999999999999,-0.06999999999999995,10.120000000000001,2.63,1.62,0.4836,11.440000000000001,5.5,0.8537999999999999,3.08,2.65,0.2619,37.4,62.1,28.28,0.73,1.8900000000000001,0.51,2.59,15.8,2.1,15.82,1.81,1.1,10.89,1.52,6.029999999999999,3.12,0.6154,21.55,1.1800000000000002,0.1169,4.21,0.5744,0.5471,6.3,3.45,0.4052,5.15,0.4486,2.1,9.829999999999998,1.79,1.02,0.31,0.6599999999999999,-0.06999999999999995,10.120000000000001,2.63,1.62,0.4836,11.440000000000001,5.5,0.8537999999999999,3.08,2.65,0.2619,37.4,62.1,28.28,0.73,1.8900000000000001,0.51,2.59,15.8,2.1,15.82,1.81,1.1,10.89,1.52,6.029999999999999,3.12,0.6154,21.55,1.1800000000000002,0.1169,4.21,0.5744
duncan robinson,2021,5,1,26.0,0,0.1392,0.6541,1.17,0.76,0.395,7.2,0.8443,3.0,7.16,1.38,0.72,0.24,-1.05,-0.6799999999999999,11.59,2.82,1.42,0.4387,8.44,3.7600000000000002,0.8262,0.88,0.78,0.11,56.599999999999994,60.9,26.75,-0.3700000000000001,0.6100000000000001,0.1,2.06,10.95,2.17,11.26,0.99,0.51,9.04,0.91,6.209999999999999,2.9699999999999998,0.6220000000000001,15.9,0.6699999999999999,0.0851,3.48,0.6071,0.6541,1.17,0.76,0.395,7.2,0.8443,3.0,7.16,1.38,0.72,0.24,-1.05,-0.6799999999999999,11.59,2.82,1.42,0.4387,8.44,3.7600000000000002,0.8262,0.88,0.78,0.11,56.599999999999994,60.9,26.75,-0.3700000000000001,0.6100000000000001,0.1,2.06,10.95,2.17,11.26,0.99,0.51,9.04,0.91,6.209999999999999,2.9699999999999998,0.6220000000000001,15.9,0.6699999999999999,0.0851,3.48,0.6071
kyle lowry,2021,3,0,34.0,0,0.24,0.4975,5.52,2.73,0.373,7.4,0.5741,2.7199999999999998,32.04,7.640000000000001,1.05,0.37,2.2199999999999998,0.21999999999999997,13.969999999999999,4.49,2.2399999999999998,0.425,12.92,5.53,0.8606,4.12,3.53,0.3147,53.4,53.4,35.06,2.0,2.05,0.7,3.4299999999999997,16.86,3.0599999999999996,17.259999999999998,1.67,1.2,16.28,2.84,7.96,5.16,0.5859,21.55,2.07,0.1421,5.62,0.532,0.4975,5.52,2.73,0.373,7.4,0.5741,2.7199999999999998,32.04,7.640000000000001,1.05,0.37,2.2199999999999998,0.21999999999999997,13.969999999999999,4.49,2.2399999999999998,0.425,12.92,5.53,0.8606,4.12,3.53,0.3147,53.4,53.4,35.06,2.0,2.05,0.7,3.4299999999999997,16.86,3.0599999999999996,17.259999999999998,1.67,1.2,16.28,2.84,7.96,5.16,0.5859,21.55,2.07,0.1421,5.62,0.532
demar derozan,2021,3,0,31.0,0,0.2312999999999999,0.5179,14.719999999999999,7.6,0.2368,0.87,0.0567,0.2,29.35,6.37,0.76,0.29000000000000004,2.34,-0.15,13.7,4.33,1.6600000000000001,0.503,15.59,7.85,0.8594999999999999,6.720000000000001,5.789999999999999,0.43520000000000003,66.3,66.3,34.06,2.49,2.04,0.6699999999999999,5.44,21.4,2.29,21.67,1.3900000000000001,0.97,10.67,2.24,7.84,4.95,0.5848,26.52,2.4299999999999997,0.1537,7.15,0.5096,0.5179,14.719999999999999,7.6,0.2368,0.87,0.0567,0.2,29.35,6.37,0.76,0.29000000000000004,2.34,-0.15,13.7,4.33,1.6600000000000001,0.503,15.59,7.85,0.8594999999999999,6.720000000000001,5.789999999999999,0.43520000000000003,66.3,66.3,34.06,2.49,2.04,0.6699999999999999,5.44,21.4,2.29,21.67,1.3900000000000001,0.97,10.67,2.24,7.84,4.95,0.5848,26.52,2.4299999999999997,0.1537,7.15,0.5096
lonzo ball,2021,4,0,23.0,0,0.1655,0.47,4.609999999999999,2.1100000000000003,0.3673,7.0200000000000005,0.5974999999999999,2.56,26.19,6.03,1.5499999999999998,0.56,0.97,0.59,14.87,4.4399999999999995,1.79,0.4091,11.559999999999999,4.75,0.6436999999999999,1.1600000000000001,0.74,0.0998,52.7,55.8,31.590000000000003,0.4099999999999999,2.96,0.8500000000000001,0.83,13.87,2.0300000000000002,12.82,2.21,1.47,17.14,2.47,8.92,5.289999999999999,0.528,19.18,1.31,0.0723,2.64,0.5194000000000001,0.47,4.609999999999999,2.1100000000000003,0.3673,7.0200000000000005,0.5974999999999999,2.56,26.19,6.03,1.5499999999999998,0.56,0.97,0.59,14.87,4.4399999999999995,1.79,0.4091,11.559999999999999,4.75,0.6436999999999999,1.1600000000000001,0.74,0.0998,52.7,55.8,31.590000000000003,0.4099999999999999,2.96,0.8500000000000001,0.83,13.87,2.0300000000000002,12.82,2.21,1.47,17.14,2.47,8.92,5.289999999999999,0.528,19.18,1.31,0.0723,2.64,0.5194000000000001
tim hardaway,2021,4,1,28.0,0,0.1895,0.4959,5.890000000000001,2.9000000000000004,0.3829,7.42,0.5605,2.87,10.370000000000001,1.9499999999999997,0.37,0.15000000000000002,-0.23000000000000004,-1.67,10.77,2.95,1.1099999999999999,0.4323,13.31,5.720000000000001,0.8219,2.87,2.35,0.2129,45.5,69.3,29.369999999999997,1.3399999999999999,1.28,0.37,2.8200000000000003,14.92,1.7800000000000002,16.660000000000004,0.93,0.54,6.779999999999999,1.07,6.08,3.32,0.5742,23.11,0.8999999999999999,0.0917,3.83,0.5398000000000001,0.4959,5.890000000000001,2.9000000000000004,0.3829,7.42,0.5605,2.87,10.370000000000001,1.9499999999999997,0.37,0.15000000000000002,-0.23000000000000004,-1.67,10.77,2.95,1.1099999999999999,0.4323,13.31,5.720000000000001,0.8219,2.87,2.35,0.2129,45.5,69.3,29.369999999999997,1.3399999999999999,1.28,0.37,2.8200000000000003,14.92,1.7800000000000002,16.660000000000004,0.93,0.54,6.779999999999999,1.07,6.08,3.32,0.5742,23.11,0.8999999999999999,0.0917,3.83,0.5398000000000001
evan fournier,2021,4,0,28.0,0,0.1525,0.5119,6.82,3.5300000000000002,0.3942,6.449999999999999,0.4858,2.56,17.8,3.38,0.99,0.33,0.37000000000000005,-0.44,9.44,2.63,1.51,0.45620000000000005,13.32,6.09,0.8006,3.0599999999999996,2.45,0.2294,54.0,57.0,30.75,0.8099999999999999,0.9900000000000001,0.29000000000000004,1.9300000000000002,15.729999999999999,2.4299999999999997,17.12,1.69,1.06,11.05,1.7999999999999998,5.1000000000000005,2.92,0.5847,23.14,0.9199999999999999,0.0975,3.42,0.5523,0.5119,6.82,3.5300000000000002,0.3942,6.449999999999999,0.4858,2.56,17.8,3.38,0.99,0.33,0.37000000000000005,-0.44,9.44,2.63,1.51,0.45620000000000005,13.32,6.09,0.8006,3.0599999999999996,2.45,0.2294,54.0,57.0,30.75,0.8099999999999999,0.9900000000000001,0.29000000000000004,1.9300000000000002,15.729999999999999,2.4299999999999997,17.12,1.69,1.06,11.05,1.7999999999999998,5.1000000000000005,2.92,0.5847,23.14,0.9199999999999999,0.0975,3.42,0.5523
mike conley,2021,3,1,33.0,0,0.1868,0.4672,6.96,3.2800000000000002,0.3913,6.14,0.4728,2.39,28.91,5.6000000000000005,0.52,0.19,3.4800000000000004,0.55,9.5,2.71,1.84,0.4323,13.08,5.67,0.8431,3.4599999999999995,2.9000000000000004,0.2571,51.8,53.6,30.099999999999998,2.9299999999999997,2.5700000000000003,0.6799999999999999,3.56,18.11,1.97,16.64,1.94,1.2,11.86,1.93,6.119999999999999,3.39,0.5693999999999999,23.94,2.3200000000000003,0.158,5.4,0.5256000000000001,0.4672,6.96,3.2800000000000002,0.3913,6.14,0.4728,2.39,28.91,5.6000000000000005,0.52,0.19,3.4800000000000004,0.55,9.5,2.71,1.84,0.4323,13.08,5.67,0.8431,3.4599999999999995,2.9000000000000004,0.2571,51.8,53.6,30.099999999999998,2.9299999999999997,2.5700000000000003,0.6799999999999999,3.56,18.11,1.97,16.64,1.94,1.2,11.86,1.93,6.119999999999999,3.39,0.5693999999999999,23.94,2.3200000000000003,0.158,5.4,0.5256000000000001
lauri markkanen,2021,4,0,23.0,0,0.1396,0.5422,5.630000000000001,3.0,0.3764,6.07,0.5284,2.27,6.22,1.18,1.29,0.42000000000000004,-0.16999999999999998,-0.99,20.79,5.35,1.4300000000000002,0.4535,11.7,5.2700000000000005,0.8346,2.59,2.16,0.2152,38.2,50.9,28.299999999999997,0.84,3.7,0.9899999999999999,1.4100000000000001,15.31,1.7799999999999998,14.95,1.1400000000000001,0.63,9.31,1.3,12.17,6.34,0.5881000000000001,21.450000000000003,0.6399999999999999,0.0953,2.8200000000000003,0.5532999999999999,0.5422,5.630000000000001,3.0,0.3764,6.07,0.5284,2.27,6.22,1.18,1.29,0.42000000000000004,-0.16999999999999998,-0.99,20.79,5.35,1.4300000000000002,0.4535,11.7,5.2700000000000005,0.8346,2.59,2.16,0.2152,38.2,50.9,28.299999999999997,0.84,3.7,0.9899999999999999,1.4100000000000001,15.31,1.7799999999999998,14.95,1.1400000000000001,0.63,9.31,1.3,12.17,6.34,0.5881000000000001,21.450000000000003,0.6399999999999999,0.0953,2.8200000000000003,0.5532999999999999
gary trent,2021,3,1,22.0,0,0.1442999999999999,0.4391,4.27,1.9100000000000001,0.3655,5.300000000000001,0.5394,2.0,6.43,1.06,0.83,0.21000000000000002,-3.4,-1.9300000000000002,7.470000000000001,1.6,0.45999999999999996,0.4012,9.57,3.9299999999999997,0.7239,1.21,0.9199999999999999,0.1261,21.6,50.3,23.57,-1.4200000000000002,1.6,0.39,1.1,10.64,1.31,10.86,1.34,0.76,5.17,0.5,4.529999999999999,1.92,0.5185,19.38,0.08999999999999998,0.030799999999999998,1.56,0.5018,0.4391,4.27,1.9100000000000001,0.3655,5.300000000000001,0.5394,2.0,6.43,1.06,0.83,0.21000000000000002,-3.4,-1.9300000000000002,7.470000000000001,1.6,0.45999999999999996,0.4012,9.57,3.9299999999999997,0.7239,1.21,0.9199999999999999,0.1261,21.6,50.3,23.57,-1.4200000000000002,1.6,0.39,1.1,10.64,1.31,10.86,1.34,0.76,5.17,0.5,4.529999999999999,1.92,0.5185,19.38,0.08999999999999998,0.030799999999999998,1.56,0.5018
devonte graham,2021,4,0,25.0,0,0.0978999999999999,0.3933,3.9699999999999998,1.55,0.3556,7.66,0.6506000000000001,2.84,28.7,5.470000000000001,0.44,0.11,-0.30000000000000004,-1.44,8.530000000000001,2.2,0.78,0.37170000000000003,11.629999999999999,4.359999999999999,0.8191999999999999,2.76,2.26,0.2332,38.5,55.6,28.57,1.13,1.62,0.45,2.01,14.100000000000001,1.44,13.8,1.46,0.8500000000000001,11.709999999999999,1.76,4.96,2.6500000000000004,0.5289,21.54,0.91,0.0784,2.8200000000000003,0.4877,0.3933,3.9699999999999998,1.55,0.3556,7.66,0.6506000000000001,2.84,28.7,5.470000000000001,0.44,0.11,-0.30000000000000004,-1.44,8.530000000000001,2.2,0.78,0.37170000000000003,11.629999999999999,4.359999999999999,0.8191999999999999,2.76,2.26,0.2332,38.5,55.6,28.57,1.13,1.62,0.45,2.01,14.100000000000001,1.44,13.8,1.46,0.8500000000000001,11.709999999999999,1.76,4.96,2.6500000000000004,0.5289,21.54,0.91,0.0784,2.8200000000000003,0.4877
richaun holmes,2021,4,1,27.0,0,0.0924,0.6385000000000001,7.9799999999999995,5.17,0.091,0.1,0.0095,0.0,7.26,1.33,4.709999999999999,1.4100000000000001,0.72,0.31,21.9,5.16,1.3699999999999999,0.6345000000000001,8.08,5.17,0.7796000000000001,2.71,2.09,0.3467,42.7,57.7,26.439999999999998,0.41,9.88,2.3899999999999997,3.99,20.15,3.4499999999999997,12.43,1.37,0.69,10.73,1.1,15.809999999999999,7.52,0.6682,17.009999999999998,1.03,0.17409999999999998,5.38,0.635,0.6385000000000001,7.9799999999999995,5.17,0.091,0.1,0.0095,0.0,7.26,1.33,4.709999999999999,1.4100000000000001,0.72,0.31,21.9,5.16,1.3699999999999999,0.6345000000000001,8.08,5.17,0.7796000000000001,2.71,2.09,0.3467,42.7,57.7,26.439999999999998,0.41,9.88,2.3899999999999997,3.99,20.15,3.4499999999999997,12.43,1.37,0.69,10.73,1.1,15.809999999999999,7.52,0.6682,17.009999999999998,1.03,0.17409999999999998,5.38,0.635
derrick rose,2021,3,1,32.0,0,0.1196,0.5083,10.809999999999999,5.52,0.3598,2.75,0.20279999999999998,0.99,31.43,4.640000000000001,1.14,0.33,1.89,-0.7000000000000001,8.8,2.09,1.07,0.4784,13.59,6.49,0.8654999999999999,2.71,2.3600000000000003,0.2019,8.6,50.2,26.060000000000002,2.6100000000000003,2.04,0.47000000000000003,1.86,19.35,1.07,16.380000000000003,1.6199999999999999,0.86,11.09,1.87,5.42,2.56,0.5529000000000001,27.840000000000003,1.31,0.107,2.9000000000000004,0.5151,0.5083,10.809999999999999,5.52,0.3598,2.75,0.20279999999999998,0.99,31.43,4.640000000000001,1.14,0.33,1.89,-0.7000000000000001,8.8,2.09,1.07,0.4784,13.59,6.49,0.8654999999999999,2.71,2.3600000000000003,0.2019,8.6,50.2,26.060000000000002,2.6100000000000003,2.04,0.47000000000000003,1.86,19.35,1.07,16.380000000000003,1.6199999999999999,0.86,11.09,1.87,5.42,2.56,0.5529000000000001,27.840000000000003,1.31,0.107,2.9000000000000004,0.5151
doug mcdermott,2021,3,0,29.0,0,0.1223,0.599,4.52,2.77,0.4061,3.9799999999999995,0.4737,1.6400000000000001,7.84,1.1600000000000001,0.33999999999999997,0.1,-0.58,-1.57,10.36,2.07,0.9,0.5106,8.52,4.41,0.8233999999999999,1.19,0.99,0.1427,14.7,69.1,21.7,1.02,2.91,0.61,2.6,14.440000000000001,1.69,11.350000000000001,0.56,0.25,7.220000000000001,0.68,6.7,2.6799999999999997,0.6269,19.14,0.55,0.1117,3.4699999999999998,0.6074999999999999,0.599,4.52,2.77,0.4061,3.9799999999999995,0.4737,1.6400000000000001,7.84,1.1600000000000001,0.33999999999999997,0.1,-0.58,-1.57,10.36,2.07,0.9,0.5106,8.52,4.41,0.8233999999999999,1.19,0.99,0.1427,14.7,69.1,21.7,1.02,2.91,0.61,2.6,14.440000000000001,1.69,11.350000000000001,0.56,0.25,7.220000000000001,0.68,6.7,2.6799999999999997,0.6269,19.14,0.55,0.1117,3.4699999999999998,0.6074999999999999
josh hart,2021,3,1,25.0,0,0.1067,0.5689,2.97,1.71,0.3328,4.49,0.5982000000000001,1.5,9.16,1.94,1.1099999999999999,0.39,-0.87,0.47,22.200000000000003,5.7700000000000005,1.57,0.42779999999999996,7.49,3.21,0.7467999999999999,1.73,1.3,0.22870000000000001,11.2,56.4,27.57,-1.34,3.7,0.92,1.13,11.53,2.3899999999999997,9.19,1.55,0.9,11.15,1.04,12.94,6.6899999999999995,0.5570999999999999,14.04,0.44,0.0858,2.7,0.5278,0.5689,2.97,1.71,0.3328,4.49,0.5982000000000001,1.5,9.16,1.94,1.1099999999999999,0.39,-0.87,0.47,22.200000000000003,5.7700000000000005,1.57,0.42779999999999996,7.49,3.21,0.7467999999999999,1.73,1.3,0.22870000000000001,11.2,56.4,27.57,-1.34,3.7,0.92,1.13,11.53,2.3899999999999997,9.19,1.55,0.9,11.15,1.04,12.94,6.6899999999999995,0.5570999999999999,14.04,0.44,0.0858,2.7,0.5278
kelly olynyk,2021,3,0,29.0,0,0.1085,0.6042000000000001,3.6900000000000004,2.27,0.36360000000000003,4.5,0.5536,1.6,14.27,2.3200000000000003,1.9500000000000002,0.49,1.04,0.9299999999999999,21.29,4.78,2.34,0.4732,8.19,3.87,0.8369,2.16,1.82,0.26639999999999997,40.9,70.9,24.65,0.10999999999999999,4.41,0.99,2.28,15.459999999999999,2.74,11.209999999999999,1.74,0.9,14.14,1.51,12.93,5.82,0.6133,18.67,1.34,0.1262,4.6,0.5741999999999999,0.6042000000000001,3.6900000000000004,2.27,0.36360000000000003,4.5,0.5536,1.6,14.27,2.3200000000000003,1.9500000000000002,0.49,1.04,0.9299999999999999,21.29,4.78,2.34,0.4732,8.19,3.87,0.8369,2.16,1.82,0.26639999999999997,40.9,70.9,24.65,0.10999999999999999,4.41,0.99,2.28,15.459999999999999,2.74,11.209999999999999,1.74,0.9,14.14,1.51,12.93,5.82,0.6133,18.67,1.34,0.1262,4.6,0.5741999999999999
alex caruso,2021,4,0,26.0,0,0.0765,0.4586,3.24,1.46,0.39640000000000003,2.17,0.4059,0.8300000000000001,17.07,2.59,1.25,0.32,-0.1,2.11,11.14,2.09,1.71,0.4306,5.38,2.34,0.7021,1.62,1.13,0.2954,4.4,53.2,20.259999999999998,-2.23,2.73,0.5,0.4,11.57,1.8399999999999999,6.6899999999999995,2.56,1.08,16.75,1.23,6.96,2.5599999999999996,0.5448,15.34,0.49,0.0946,2.09,0.5101,0.4586,3.24,1.46,0.39640000000000003,2.17,0.4059,0.8300000000000001,17.07,2.59,1.25,0.32,-0.1,2.11,11.14,2.09,1.71,0.4306,5.38,2.34,0.7021,1.62,1.13,0.2954,4.4,53.2,20.259999999999998,-2.23,2.73,0.5,0.4,11.57,1.8399999999999999,6.6899999999999995,2.56,1.08,16.75,1.23,6.96,2.5599999999999996,0.5448,15.34,0.49,0.0946,2.09,0.5101
daniel theis,2021,4,0,28.0,0,0.0737,0.6335,4.529999999999999,2.87,0.3385,1.7999999999999998,0.28090000000000004,0.63,9.879999999999999,1.56,3.9699999999999998,0.96,0.72,1.07,18.18,3.74,1.94,0.5501,6.38,3.5,0.7128,1.63,1.1,0.2556,45.099999999999994,65.2,22.29,-0.33,8.2,1.62,2.86,16.27,2.8,8.7,1.15,0.54,10.74,0.84,13.219999999999999,5.41,0.6186,15.280000000000001,1.01,0.1619,4.8,0.597,0.6335,4.529999999999999,2.87,0.3385,1.7999999999999998,0.28090000000000004,0.63,9.879999999999999,1.56,3.9699999999999998,0.96,0.72,1.07,18.18,3.74,1.94,0.5501,6.38,3.5,0.7128,1.63,1.1,0.2556,45.099999999999994,65.2,22.29,-0.33,8.2,1.62,2.86,16.27,2.8,8.7,1.15,0.54,10.74,0.84,13.219999999999999,5.41,0.6186,15.280000000000001,1.01,0.1619,4.8,0.597
tj mcconnell,2021,4,1,28.0,0,0.0667,0.5597000000000001,5.85,3.31,0.3113,0.53,0.08130000000000001,0.17,33.37,5.48,0.89,0.25,0.6699999999999999,1.15,11.809999999999999,2.46,1.9500000000000002,0.5393000000000001,6.39,3.48,0.7506999999999999,0.63,0.48,0.0972,3.0,71.0,22.47,-0.43000000000000005,3.03,0.63,2.05,16.08,1.38,7.53,2.8,1.39,19.58,1.66,7.449999999999999,3.12,0.5645,15.9,1.07,0.1191,3.9699999999999998,0.552,0.5597000000000001,5.85,3.31,0.3113,0.53,0.08130000000000001,0.17,33.37,5.48,0.89,0.25,0.6699999999999999,1.15,11.809999999999999,2.46,1.9500000000000002,0.5393000000000001,6.39,3.48,0.7506999999999999,0.63,0.48,0.0972,3.0,71.0,22.47,-0.43000000000000005,3.03,0.63,2.05,16.08,1.38,7.53,2.8,1.39,19.58,1.66,7.449999999999999,3.12,0.5645,15.9,1.07,0.1191,3.9699999999999998,0.552
reggie bullock,2021,3,0,29.0,0,0.0848,0.4978,3.06,1.4900000000000002,0.38029999999999997,5.43,0.6356999999999999,2.1,8.36,1.57,0.47,0.17,-1.17,0.23,10.100000000000001,2.65,1.52,0.42400000000000004,8.49,3.61,0.8693,0.87,0.8200000000000001,0.1058,49.7,53.8,28.04,-1.43,1.29,0.28,1.53,10.440000000000001,2.01,10.14,1.3900000000000001,0.79,7.66,0.76,5.67,2.9299999999999997,0.5662,15.04,0.47000000000000003,0.0834,3.07,0.5461,0.4978,3.06,1.4900000000000002,0.38029999999999997,5.43,0.6356999999999999,2.1,8.36,1.57,0.47,0.17,-1.17,0.23,10.100000000000001,2.65,1.52,0.42400000000000004,8.49,3.61,0.8693,0.87,0.8200000000000001,0.1058,49.7,53.8,28.04,-1.43,1.29,0.28,1.53,10.440000000000001,2.01,10.14,1.3900000000000001,0.79,7.66,0.76,5.67,2.9299999999999997,0.5662,15.04,0.47000000000000003,0.0834,3.07,0.5461
alec burks,2021,3,1,29.0,0,0.0848,0.42979999999999996,5.6899999999999995,2.43,0.39559999999999995,4.4,0.4344,1.79,14.5,2.37,1.08,0.3,0.66,-0.04999999999999999,16.67,3.79,1.42,0.4164,10.059999999999999,4.220000000000001,0.8587,2.84,2.49,0.2809,13.0,57.1,25.080000000000002,0.69,2.23,0.51,1.6400000000000001,14.95,1.9,12.61,1.3900000000000001,0.69,9.05,1.12,9.39,4.33,0.5549,21.59,0.9400000000000001,0.1037,3.06,0.5027,0.42979999999999996,5.6899999999999995,2.43,0.39559999999999995,4.4,0.4344,1.79,14.5,2.37,1.08,0.3,0.66,-0.04999999999999999,16.67,3.79,1.42,0.4164,10.059999999999999,4.220000000000001,0.8587,2.84,2.49,0.2809,13.0,57.1,25.080000000000002,0.69,2.23,0.51,1.6400000000000001,14.95,1.9,12.61,1.3900000000000001,0.69,9.05,1.12,9.39,4.33,0.5549,21.59,0.9400000000000001,0.1037,3.06,0.5027
nerlens noel,2021,3,1,26.0,0,0.0783,0.6353,3.74,2.37,0.0999,0.0,0.0098,0.0,5.51,0.74,7.959999999999999,1.79,2.05,3.58,19.169999999999998,3.64,2.99,0.6295999999999999,3.79,2.37,0.7202999999999999,1.26,0.93,0.33240000000000003,23.0,65.7,20.39,-1.5299999999999998,10.23,1.87,1.9600000000000002,17.380000000000003,2.65,5.75,2.48,1.03,18.07,0.95,14.74,5.51,0.6538999999999999,11.83,1.3199999999999998,0.18330000000000002,4.93,0.6302000000000001,0.6353,3.74,2.37,0.0999,0.0,0.0098,0.0,5.51,0.74,7.959999999999999,1.79,2.05,3.58,19.169999999999998,3.64,2.99,0.6295999999999999,3.79,2.37,0.7202999999999999,1.26,0.93,0.33240000000000003,23.0,65.7,20.39,-1.5299999999999998,10.23,1.87,1.9600000000000002,17.380000000000003,2.65,5.75,2.48,1.03,18.07,0.95,14.74,5.51,0.6538999999999999,11.83,1.3199999999999998,0.18330000000000002,4.93,0.6302000000000001
kelly oubre jr,2021,2,0,25.0,0,0.1067,0.5187999999999999,8.25,4.24,0.3276,5.23,0.38880000000000003,1.69,6.59,1.3399999999999999,2.14,0.79,-1.3399999999999999,-0.52,15.75,4.58,1.9900000000000002,0.44410000000000005,13.48,5.99,0.7364999999999999,3.62,2.66,0.2694,45.3,58.1,31.299999999999997,-0.85,4.54,1.31,0.6900000000000001,14.16,2.64,16.349999999999998,1.73,1.13,8.42,1.4,10.16,5.859999999999999,0.5427,22.41,0.29000000000000004,0.0697,2.68,0.5076,0.5187999999999999,8.25,4.24,0.3276,5.23,0.38880000000000003,1.69,6.59,1.3399999999999999,2.14,0.79,-1.3399999999999999,-0.52,15.75,4.58,1.9900000000000002,0.44410000000000005,13.48,5.99,0.7364999999999999,3.62,2.66,0.2694,45.3,58.1,31.299999999999997,-0.85,4.54,1.31,0.6900000000000001,14.16,2.64,16.349999999999998,1.73,1.13,8.42,1.4,10.16,5.859999999999999,0.5427,22.41,0.29000000000000004,0.0697,2.68,0.5076
reggie jackson,2021,2,1,30.0,0,0.0924,0.4528,5.390000000000001,2.46,0.4082,4.65,0.4645,1.86,22.3,3.62,0.44,0.13,0.16000000000000003,-0.64,10.89,2.39,1.23,0.4325,10.06,4.32,0.8311999999999999,1.69,1.45,0.1648,42.7,59.2,24.28,0.8,2.07,0.45,1.95,14.25,2.0199999999999996,12.0,1.13,0.56,11.39,1.3900000000000001,6.55,2.87,0.5561,21.78,0.8200000000000001,0.1004,3.18,0.5272,0.4528,5.390000000000001,2.46,0.4082,4.65,0.4645,1.86,22.3,3.62,0.44,0.13,0.16000000000000003,-0.64,10.89,2.39,1.23,0.4325,10.06,4.32,0.8311999999999999,1.69,1.45,0.1648,42.7,59.2,24.28,0.8,2.07,0.45,1.95,14.25,2.0199999999999996,12.0,1.13,0.56,11.39,1.3900000000000001,6.55,2.87,0.5561,21.78,0.8200000000000001,0.1004,3.18,0.5272
khem birch,2021,3,1,28.0,0,0.0565,0.5441,3.95,2.1100000000000003,0.125,0.4,0.07200000000000001,0.1,8.14,1.11,3.0,0.62,-0.98,0.31,16.09,2.85,1.17,0.5221,4.35,2.21,0.6881999999999999,1.92,1.3599999999999999,0.49129999999999996,18.4,57.9,19.740000000000002,-1.23,11.49,2.19,1.8699999999999999,14.899999999999999,1.6999999999999997,5.880000000000001,1.3599999999999999,0.55,10.78,0.61,13.73,5.039999999999999,0.5738,12.68,0.27,0.135,3.12,0.5306,0.5441,3.95,2.1100000000000003,0.125,0.4,0.07200000000000001,0.1,8.14,1.11,3.0,0.62,-0.98,0.31,16.09,2.85,1.17,0.5221,4.35,2.21,0.6881999999999999,1.92,1.3599999999999999,0.49129999999999996,18.4,57.9,19.740000000000002,-1.23,11.49,2.19,1.8699999999999999,14.899999999999999,1.6999999999999997,5.880000000000001,1.3599999999999999,0.55,10.78,0.61,13.73,5.039999999999999,0.5738,12.68,0.27,0.135,3.12,0.5306
danny green,2021,2,1,33.0,0,0.089,0.4736,1.9400000000000002,0.92,0.4036,5.67,0.742,2.29,7.82,1.56,2.21,0.69,1.5,1.3599999999999999,11.55,2.92,2.88,0.42379999999999995,7.630000000000001,3.21,0.7621,0.6299999999999999,0.45,0.08130000000000001,70.9,70.9,26.98,0.09000000000000002,3.19,0.8,1.6400000000000001,11.89,1.92,9.21,2.19,1.2200000000000002,10.82,0.9500000000000001,7.43,3.69,0.583,13.99,1.72,0.1119,4.5,0.5735,0.4736,1.9400000000000002,0.92,0.4036,5.67,0.742,2.29,7.82,1.56,2.21,0.69,1.5,1.3599999999999999,11.55,2.92,2.88,0.42379999999999995,7.630000000000001,3.21,0.7621,0.6299999999999999,0.45,0.08130000000000001,70.9,70.9,26.98,0.09000000000000002,3.19,0.8,1.6400000000000001,11.89,1.92,9.21,2.19,1.2200000000000002,10.82,0.9500000000000001,7.43,3.69,0.583,13.99,1.72,0.1119,4.5,0.5735
rudy gay,2021,3,0,34.0,0,0.0524,0.48619999999999997,6.1,3.0,0.37170000000000003,3.73,0.3816,1.4,11.18,1.73,2.17,0.55,-0.010000000000000023,-0.15000000000000002,21.89,4.58,1.62,0.4446,9.83,4.380000000000001,0.8298000000000001,1.82,1.5300000000000002,0.18880000000000002,12.200000000000001,65.4,22.68,0.11000000000000003,3.71,0.8,0.7100000000000001,15.47,1.81,11.68,1.4100000000000001,0.66,10.4,1.23,12.75,5.380000000000001,0.5485,22.82,0.74,0.0729,2.3600000000000003,0.5157,0.48619999999999997,6.1,3.0,0.37170000000000003,3.73,0.3816,1.4,11.18,1.73,2.17,0.55,-0.010000000000000023,-0.15000000000000002,21.89,4.58,1.62,0.4446,9.83,4.380000000000001,0.8298000000000001,1.82,1.5300000000000002,0.18880000000000002,12.200000000000001,65.4,22.68,0.11000000000000003,3.71,0.8,0.7100000000000001,15.47,1.81,11.68,1.4100000000000001,0.66,10.4,1.23,12.75,5.380000000000001,0.5485,22.82,0.74,0.0729,2.3600000000000003,0.5157
kemba walker,2021,2,0,30.0,0,0.0776999999999999,0.4846,8.29,4.040000000000001,0.3655,8.4,0.5074000000000001,3.1,25.04,5.07,1.0499999999999998,0.38,3.2699999999999996,-0.64,11.98,3.52,1.53,0.4243,16.72,7.12,0.8775,4.14,3.58,0.245,54.7,54.7,32.21,3.9099999999999997,1.69,0.5,3.3200000000000003,19.189999999999998,1.5,20.89,1.58,1.06,10.469999999999999,2.15,6.82,4.05,0.5636000000000001,27.51,2.45,0.1307,4.9,0.517,0.4846,8.29,4.040000000000001,0.3655,8.4,0.5074000000000001,3.1,25.04,5.07,1.0499999999999998,0.38,3.2699999999999996,-0.64,11.98,3.52,1.53,0.4243,16.72,7.12,0.8775,4.14,3.58,0.245,54.7,54.7,32.21,3.9099999999999997,1.69,0.5,3.3200000000000003,19.189999999999998,1.5,20.89,1.58,1.06,10.469999999999999,2.15,6.82,4.05,0.5636000000000001,27.51,2.45,0.1307,4.9,0.517
jamychal green,2021,2,1,30.0,0,0.0729,0.5284,2.96,1.55,0.3962,3.38,0.5413,1.3699999999999999,5.86,0.8500000000000001,1.89,0.42000000000000004,-1.24,-0.37,21.79,4.0600000000000005,1.58,0.4568,6.34,2.92,0.7868999999999999,1.06,0.8200000000000001,0.1592,4.0,60.9,20.08,-0.87,7.85,1.4300000000000002,1.21,13.07,2.69,7.97,1.1700000000000002,0.49,12.49,0.98,14.9,5.52,0.5851999999999999,16.79,0.21999999999999997,0.1097,2.8099999999999996,0.5636,0.5284,2.96,1.55,0.3962,3.38,0.5413,1.3699999999999999,5.86,0.8500000000000001,1.89,0.42000000000000004,-1.24,-0.37,21.79,4.0600000000000005,1.58,0.4568,6.34,2.92,0.7868999999999999,1.06,0.8200000000000001,0.1592,4.0,60.9,20.08,-0.87,7.85,1.4300000000000002,1.21,13.07,2.69,7.97,1.1700000000000002,0.49,12.49,0.98,14.9,5.52,0.5851999999999999,16.79,0.21999999999999997,0.1097,2.8099999999999996,0.5636
garrett temple,2021,3,0,34.0,0,0.0437,0.4964,3.18,1.57,0.33440000000000003,4.36,0.5669,1.44,10.57,2.13,1.5499999999999998,0.48,-2.3899999999999997,0.33999999999999997,10.07,2.55,1.6099999999999999,0.4053,7.57,3.04,0.7911,1.15,0.9,0.1533,34.0,61.599999999999994,27.46,-2.73,1.8900000000000001,0.48,0.37,8.95,2.2,8.45,1.45,0.8400000000000001,11.3,0.98,6.01,3.08,0.525,14.170000000000002,-0.16000000000000003,0.0552,1.9600000000000002,0.4999,0.4964,3.18,1.57,0.33440000000000003,4.36,0.5669,1.44,10.57,2.13,1.5499999999999998,0.48,-2.3899999999999997,0.33999999999999997,10.07,2.55,1.6099999999999999,0.4053,7.57,3.04,0.7911,1.15,0.9,0.1533,34.0,61.599999999999994,27.46,-2.73,1.8900000000000001,0.48,0.37,8.95,2.2,8.45,1.45,0.8400000000000001,11.3,0.98,6.01,3.08,0.525,14.170000000000002,-0.16000000000000003,0.0552,1.9600000000000002,0.4999
david nwaba,2021,3,1,28.0,0,0.0414,0.5703,4.0,2.29,0.3277,1.77,0.31989999999999996,0.5800000000000001,6.36,0.8400000000000001,2.81,0.59,-0.49000000000000005,0.8400000000000001,13.48,2.3499999999999996,0.48,0.4955,5.75,2.82,0.6819999999999999,1.91,1.29,0.3348,7.300000000000001,31.200000000000003,19.18,-1.3599999999999999,4.84,0.93,0.69,13.9,1.9,7.46,1.98,0.82,7.6000000000000005,0.54,9.1,3.2800000000000002,0.5782,15.48,0.16,0.1022,1.17,0.5497000000000001,0.5703,4.0,2.29,0.3277,1.77,0.31989999999999996,0.5800000000000001,6.36,0.8400000000000001,2.81,0.59,-0.49000000000000005,0.8400000000000001,13.48,2.3499999999999996,0.48,0.4955,5.75,2.82,0.6819999999999999,1.91,1.29,0.3348,7.300000000000001,31.200000000000003,19.18,-1.3599999999999999,4.84,0.93,0.69,13.9,1.9,7.46,1.98,0.82,7.6000000000000005,0.54,9.1,3.2800000000000002,0.5782,15.48,0.16,0.1022,1.17,0.5497000000000001
pj tucker,2021,2,0,35.0,1,0.0623,0.47909999999999997,1.4300000000000002,0.69,0.3508,3.35,0.6946,1.21,5.57,1.3199999999999998,1.25,0.45,-2.7399999999999998,0.63,13.71,3.8600000000000003,1.77,0.3902,4.75,1.9,0.7579,0.6,0.45,0.1355,54.5,64.0,30.18,-3.34,4.3,1.28,0.93,7.08,2.7800000000000002,5.38,1.5799999999999998,1.0500000000000003,14.93,0.8600000000000001,8.93,5.09,0.5321,8.11,-0.11999999999999997,0.0576,2.7,0.5123,0.4767,1.9500000000000002,0.9,0.3641,4.02,0.6589,1.5099999999999998,5.46,1.34,0.75,0.27999999999999997,-0.30999999999999994,1.6,13.66,4.08,0.8,0.40440000000000004,5.9399999999999995,2.44,0.5402,0.52,0.39,0.0727,15.3,17.3,32.89,-1.88,6.51,1.96,0.44000000000000006,8.84,3.46,6.800000000000001,1.69,1.17,9.649999999999999,0.6399999999999999,9.99,6.0600000000000005,0.5348999999999999,8.91,0.16999999999999998,0.10930000000000001,1.21,0.5248999999999999
jarred vanderbilt,2021,3,1,21.0,0,0.036,0.6216999999999999,2.2,1.35,0.1,0.1,0.0586,0.0,7.6000000000000005,0.7,2.61,0.39999999999999997,-2.78,1.0499999999999998,21.740000000000002,2.28,0.8,0.5852999999999999,2.2800000000000002,1.35,0.6995,0.98,0.5900000000000001,0.3962,15.0,38.7,10.98,-3.7800000000000002,9.77,1.07,0.75,12.86,1.2,3.31,3.17,0.67,26.28,0.68,15.620000000000001,3.42,0.6113999999999999,14.5,0.22,0.0656,1.57,0.5863,0.6216999999999999,2.2,1.35,0.1,0.1,0.0586,0.0,7.6000000000000005,0.7,2.61,0.39999999999999997,-2.78,1.0499999999999998,21.740000000000002,2.28,0.8,0.5852999999999999,2.2800000000000002,1.35,0.6995,0.98,0.5900000000000001,0.3962,15.0,38.7,10.98,-3.7800000000000002,9.77,1.07,0.75,12.86,1.2,3.31,3.17,0.67,26.28,0.68,15.620000000000001,3.42,0.6113999999999999,14.5,0.22,0.0656,1.57,0.5863
patty mills,2021,2,0,32.0,0,0.0524,0.5049,2.89,1.4300000000000002,0.3809,5.96,0.675,2.2699999999999996,13.690000000000001,2.34,0.30000000000000004,0.05,-0.6599999999999999,-1.12,6.79,1.47,0.79,0.4203,8.85,3.7,0.8855999999999999,1.32,1.17,0.1511,1.0,70.2,23.810000000000002,0.44,1.31,0.3,1.7799999999999998,12.98,1.4,10.86,1.37,0.6599999999999999,9.280000000000001,0.96,4.0600000000000005,1.77,0.577,19.02,0.6000000000000001,0.07569999999999999,2.64,0.549,0.5049,2.89,1.4300000000000002,0.3809,5.96,0.675,2.2699999999999996,13.690000000000001,2.34,0.30000000000000004,0.05,-0.6599999999999999,-1.12,6.79,1.47,0.79,0.4203,8.85,3.7,0.8855999999999999,1.32,1.17,0.1511,1.0,70.2,23.810000000000002,0.44,1.31,0.3,1.7799999999999998,12.98,1.4,10.86,1.37,0.6599999999999999,9.280000000000001,0.96,4.0600000000000005,1.77,0.577,19.02,0.6000000000000001,0.07569999999999999,2.64,0.549
hamidou diallo,2021,2,1,22.0,0,0.0463,0.4988,5.87,2.9299999999999997,0.2882,1.26,0.1739,0.36,9.3,1.25,1.44,0.35,-3.0599999999999996,0.18,16.21,3.0999999999999996,1.12,0.4633,7.0600000000000005,3.32,0.6229,2.5599999999999996,1.63,0.34850000000000003,6.0,50.0,19.71,-3.24,5.67,0.99,-0.04000000000000001,11.96,2.2600000000000002,8.61,1.78,0.72,12.22,1.1800000000000002,10.940000000000001,4.0600000000000005,0.5172,19.939999999999998,-0.18,0.0519,1.08,0.4883,0.4988,5.87,2.9299999999999997,0.2882,1.26,0.1739,0.36,9.3,1.25,1.44,0.35,-3.0599999999999996,0.18,16.21,3.0999999999999996,1.12,0.4633,7.0600000000000005,3.32,0.6229,2.5599999999999996,1.63,0.34850000000000003,6.0,50.0,19.71,-3.24,5.67,0.99,-0.04000000000000001,11.96,2.2600000000000002,8.61,1.78,0.72,12.22,1.1800000000000002,10.940000000000001,4.0600000000000005,0.5172,19.939999999999998,-0.18,0.0519,1.08,0.4883
taj gibson,2021,2,1,35.0,0,0.0437,0.6318,4.36,2.67,0.25060000000000004,0.31,0.0748,0.12000000000000001,6.4399999999999995,0.88,3.74,0.8200000000000001,0.3,0.88,17.32,3.2699999999999996,1.37,0.6019,4.67,2.77,0.7344999999999999,1.37,1.04,0.29879999999999995,29.700000000000003,55.099999999999994,20.17,-0.53,11.32,2.14,2.33,16.39,2.24,6.69,1.54,0.63,11.45,0.69,14.32,5.39,0.6359,12.73,0.6200000000000001,0.1623,3.7,0.6105,0.6318,4.36,2.67,0.25060000000000004,0.31,0.0748,0.12000000000000001,6.4399999999999995,0.88,3.74,0.8200000000000001,0.3,0.88,17.32,3.2699999999999996,1.37,0.6019,4.67,2.77,0.7344999999999999,1.37,1.04,0.29879999999999995,29.700000000000003,55.099999999999994,20.17,-0.53,11.32,2.14,2.33,16.39,2.24,6.69,1.54,0.63,11.45,0.69,14.32,5.39,0.6359,12.73,0.6200000000000001,0.1623,3.7,0.6105
cory joseph,2021,2,1,29.0,0,0.0437,0.4908,4.32,2.15,0.3405,2.13,0.3332,0.73,20.57,3.5300000000000002,1.06,0.3,-1.58,0.37,10.19,2.1799999999999997,1.31,0.44139999999999996,6.449999999999999,2.88,0.8057,1.1,0.8700000000000001,0.1701,16.1,69.5,23.86,-1.9500000000000002,2.58,0.5800000000000001,1.1099999999999999,11.48,1.9600000000000002,7.319999999999999,1.8900000000000001,0.93,14.32,1.1800000000000002,6.35,2.71,0.5279,14.760000000000002,0.23000000000000004,0.0693,2.4400000000000004,0.49850000000000005,0.4908,4.32,2.15,0.3405,2.13,0.3332,0.73,20.57,3.5300000000000002,1.06,0.3,-1.58,0.37,10.19,2.1799999999999997,1.31,0.44139999999999996,6.449999999999999,2.88,0.8057,1.1,0.8700000000000001,0.1701,16.1,69.5,23.86,-1.9500000000000002,2.58,0.5800000000000001,1.1099999999999999,11.48,1.9600000000000002,7.319999999999999,1.8900000000000001,0.93,14.32,1.1800000000000002,6.35,2.71,0.5279,14.760000000000002,0.23000000000000004,0.0693,2.4400000000000004,0.49850000000000005
torrey craig,2021,2,0,30.0,1,0.0434,0.5841999999999999,2.3499999999999996,1.38,0.3466,2.27,0.4912000000000001,0.8,6.98,0.94,2.92,0.55,-0.8699999999999999,0.3,16.03,2.52,1.1600000000000001,0.4667,4.59,2.1500000000000004,0.7098,0.56,0.41000000000000003,0.12730000000000002,19.5,57.4,17.6,-1.15,7.31,1.12,1.1600000000000001,12.42,2.0,5.51,1.42,0.52,9.25,0.49,11.719999999999999,3.6399999999999997,0.5648,13.41,0.22,0.113,2.3000000000000003,0.5517000000000001,0.5038,1.9,0.9800000000000001,0.3755,2.0300000000000002,0.5123,0.77,4.76,0.5900000000000001,2.1799999999999997,0.4,-2.26,-0.28,16.619999999999997,2.5,0.30000000000000004,0.43599999999999994,3.91,1.74,0.6276999999999999,0.73,0.47000000000000003,0.183,3.1,19.5,16.68,-1.98,6.78,0.96,0.2,9.66,1.98,4.67,0.62,0.22,9.87,0.48,11.84,3.46,0.5447,13.41,0.010000000000000009,0.07300000000000001,0.45,0.5319
maurice harkless,2021,2,1,27.0,0,0.0387,0.5755999999999999,2.9,1.63,0.29610000000000003,2.03,0.42010000000000003,0.5700000000000001,6.99,1.17,2.38,0.5800000000000001,-1.9200000000000002,0.96,12.36,2.59,1.15,0.45699999999999996,4.93,2.2800000000000002,0.6950000000000001,1.17,0.79,0.23800000000000002,36.5,49.099999999999994,22.07,-2.88,3.3600000000000003,0.73,0.64,9.629999999999999,2.41,5.880000000000001,1.9799999999999998,0.8900000000000001,11.639999999999999,0.73,7.86,3.2699999999999996,0.5445,11.74,0.19999999999999998,0.0688,1.7900000000000003,0.5186,0.5755999999999999,2.9,1.63,0.29610000000000003,2.03,0.42010000000000003,0.5700000000000001,6.99,1.17,2.38,0.5800000000000001,-1.9200000000000002,0.96,12.36,2.59,1.15,0.45699999999999996,4.93,2.2800000000000002,0.6950000000000001,1.17,0.79,0.23800000000000002,36.5,49.099999999999994,22.07,-2.88,3.3600000000000003,0.73,0.64,9.629999999999999,2.41,5.880000000000001,1.9799999999999998,0.8900000000000001,11.639999999999999,0.73,7.86,3.2699999999999996,0.5445,11.74,0.19999999999999998,0.0688,1.7900000000000003,0.5186
jeff green,2021,2,0,34.0,0,0.04,0.5797999999999999,4.029999999999999,2.3099999999999996,0.3771,3.83,0.4888,1.42,8.11,1.46,1.48,0.42000000000000004,-0.71,-0.76,12.809999999999999,3.05,1.03,0.4796,7.84,3.73,0.8062,2.3099999999999996,1.83,0.2915,29.0,63.8,24.94,0.0,2.49,0.54,2.37,13.33,1.8900000000000001,10.780000000000001,1.04,0.52,9.370000000000001,0.93,7.800000000000001,3.59,0.6106,17.060000000000002,0.45999999999999996,0.1013,3.4,0.5716,0.5797999999999999,4.029999999999999,2.3099999999999996,0.3771,3.83,0.4888,1.42,8.11,1.46,1.48,0.42000000000000004,-0.71,-0.76,12.809999999999999,3.05,1.03,0.4796,7.84,3.73,0.8062,2.3099999999999996,1.83,0.2915,29.0,63.8,24.94,0.0,2.49,0.54,2.37,13.33,1.8900000000000001,10.780000000000001,1.04,0.52,9.370000000000001,0.93,7.800000000000001,3.59,0.6106,17.060000000000002,0.45999999999999996,0.1013,3.4,0.5716
bobby portis,2021,2,1,25.0,0,0.0387,0.5123,6.92,3.5199999999999996,0.4215,2.8,0.2874,1.1500000000000001,8.79,1.28,1.47,0.37,-0.06000000000000005,-0.99,23.75,4.95,1.52,0.4853,9.739999999999998,4.67,0.7577,1.35,1.0300000000000002,0.1392,10.600000000000001,62.8,21.93,0.86,8.55,1.75,1.77,17.55,1.94,11.57,1.4900000000000002,0.69,9.2,1.0300000000000002,16.18,6.699999999999999,0.5638000000000001,21.79,0.6699999999999999,0.1147,3.29,0.5454,0.5123,6.92,3.5199999999999996,0.4215,2.8,0.2874,1.1500000000000001,8.79,1.28,1.47,0.37,-0.06000000000000005,-0.99,23.75,4.95,1.52,0.4853,9.739999999999998,4.67,0.7577,1.35,1.0300000000000002,0.1392,10.600000000000001,62.8,21.93,0.86,8.55,1.75,1.77,17.55,1.94,11.57,1.4900000000000002,0.69,9.2,1.0300000000000002,16.18,6.699999999999999,0.5638000000000001,21.79,0.6699999999999999,0.1147,3.29,0.5454
justise winslow,2021,2,0,24.0,0,0.0347,0.42669999999999997,7.29,3.15,0.2341,2.58,0.2596,0.6500000000000001,16.64,3.01,1.65,0.45999999999999996,-4.2,0.19,18.98,4.34,0.94,0.379,9.82,3.73,0.6112,1.8199999999999998,1.1400000000000001,0.18280000000000002,12.4,29.5,25.29,-4.41,4.12,0.9999999999999999,-0.73,8.21,2.49,9.31,1.3599999999999999,0.7,14.41,1.8,11.55,5.31,0.43210000000000004,21.29,-0.14,-0.0208,0.20999999999999996,0.4107,0.42669999999999997,7.29,3.15,0.2341,2.58,0.2596,0.6500000000000001,16.64,3.01,1.65,0.45999999999999996,-4.2,0.19,18.98,4.34,0.94,0.379,9.82,3.73,0.6112,1.8199999999999998,1.1400000000000001,0.18280000000000002,12.4,29.5,25.29,-4.41,4.12,0.9999999999999999,-0.73,8.21,2.49,9.31,1.3599999999999999,0.7,14.41,1.8,11.55,5.31,0.43210000000000004,21.29,-0.14,-0.0208,0.20999999999999996,0.4107
george hill,2021,2,0,34.0,1,0.0356,0.5524,3.71,2.02,0.39480000000000004,2.77,0.4248,1.08,16.5,2.59,0.54,0.15000000000000002,-0.009999999999999898,0.39,8.05,1.77,1.19,0.48619999999999997,6.4799999999999995,3.15,0.8174,1.6400000000000001,1.31,0.2529,11.7,44.7,21.99,-0.4,3.17,0.63,1.8,14.04,1.26,8.69,1.69,0.8200000000000001,11.969999999999999,0.98,5.7,2.4,0.6065,15.620000000000001,0.5700000000000001,0.1336,2.91,0.5709,0.521,3.11,1.69,0.401,2.2800000000000002,0.42779999999999996,0.91,13.71,2.2399999999999998,0.78,0.21,0.010000000000000009,1.36,7.02,1.5199999999999998,0.32999999999999996,0.47119999999999995,5.39,2.6,0.7905,1.7700000000000002,1.3900000000000001,0.3234,0.3,12.0,21.85,-1.37,2.8,0.55,0.39999999999999997,11.43,1.72,7.5,1.58,0.69,14.43,0.9600000000000001,4.93,2.07,0.5999,13.73,0.13999999999999999,0.1142,0.73,0.5569
alex len,2021,2,0,27.0,0,0.0332,0.6185,4.57,2.7600000000000002,0.31389999999999996,1.05,0.16349999999999998,0.34,7.59,0.8900000000000001,4.869999999999999,0.9500000000000001,-0.49999999999999994,0.15000000000000002,21.11,3.3,1.15,0.5728,5.57,3.1500000000000004,0.6385000000000001,2.03,1.27,0.3738,30.8,63.9,16.950000000000003,-0.75,9.68,1.56,1.6400000000000001,16.95,2.21,7.92,0.9400000000000001,0.35,13.38,1.01,15.329999999999998,4.89,0.6165,18.0,0.4,0.12310000000000001,2.74,0.5987,0.6185,4.57,2.7600000000000002,0.31389999999999996,1.05,0.16349999999999998,0.34,7.59,0.8900000000000001,4.869999999999999,0.9500000000000001,-0.49999999999999994,0.15000000000000002,21.11,3.3,1.15,0.5728,5.57,3.1500000000000004,0.6385000000000001,2.03,1.27,0.3738,30.8,63.9,16.950000000000003,-0.75,9.68,1.56,1.6400000000000001,16.95,2.21,7.92,0.9400000000000001,0.35,13.38,1.01,15.329999999999998,4.89,0.6165,18.0,0.4,0.12310000000000001,2.74,0.5987
mike muscala,2021,2,1,29.0,0,0.0311,0.5636,1.82,1.08,0.368,4.35,0.7134,1.56,8.07,0.91,1.75,0.36,-0.3,-0.62,17.33,2.7800000000000002,0.62,0.4255,6.119999999999999,2.6399999999999997,0.8687,0.91,0.79,0.1493,2.6,44.4,16.939999999999998,0.31999999999999995,3.4,0.52,0.8999999999999999,13.26,1.51,7.6899999999999995,0.7,0.22,7.98,0.5800000000000001,10.379999999999999,3.3499999999999996,0.583,17.84,0.3,0.0983,1.54,0.5565,0.5636,1.82,1.08,0.368,4.35,0.7134,1.56,8.07,0.91,1.75,0.36,-0.3,-0.62,17.33,2.7800000000000002,0.62,0.4255,6.119999999999999,2.6399999999999997,0.8687,0.91,0.79,0.1493,2.6,44.4,16.939999999999998,0.31999999999999995,3.4,0.52,0.8999999999999999,13.26,1.51,7.6899999999999995,0.7,0.22,7.98,0.5800000000000001,10.379999999999999,3.3499999999999996,0.583,17.84,0.3,0.0983,1.54,0.5565
georges niang,2021,2,0,27.0,0,0.0294,0.5055000000000001,1.51,0.73,0.4145,3.4299999999999997,0.6861999999999999,1.41,7.77,0.73,0.6000000000000001,0.1,-0.18,-0.059999999999999984,13.51,1.82,1.08,0.44489999999999996,4.89,2.18,0.895,0.35,0.3,0.0776,5.3,67.6,13.940000000000001,-0.12000000000000002,2.4,0.30000000000000004,1.04,11.809999999999999,1.33,6.0200000000000005,1.0,0.28,10.080000000000002,0.58,8.149999999999999,2.07,0.6003000000000001,17.419999999999998,0.43,0.10619999999999999,2.1,0.5871999999999999,0.5055000000000001,1.51,0.73,0.4145,3.4299999999999997,0.6861999999999999,1.41,7.77,0.73,0.6000000000000001,0.1,-0.18,-0.059999999999999984,13.51,1.82,1.08,0.44489999999999996,4.89,2.18,0.895,0.35,0.3,0.0776,5.3,67.6,13.940000000000001,-0.12000000000000002,2.4,0.30000000000000004,1.04,11.809999999999999,1.33,6.0200000000000005,1.0,0.28,10.080000000000002,0.58,8.149999999999999,2.07,0.6003000000000001,17.419999999999998,0.43,0.10619999999999999,2.1,0.5871999999999999
nicolas batum,2021,2,1,32.0,0,0.0282,0.5246999999999999,2.2,1.1400000000000001,0.36560000000000004,3.51,0.6174999999999999,1.28,13.64,2.66,1.67,0.54,0.42000000000000015,1.1,15.969999999999999,3.88,1.6099999999999999,0.4258,5.66,2.52,0.857,0.8400000000000001,0.6699999999999999,0.139,34.3,55.1,26.88,-0.6799999999999999,3.8000000000000003,0.86,1.81,11.59,1.7,6.99,1.76,0.92,14.81,1.02,9.870000000000001,4.74,0.5636,11.36,1.15,0.09770000000000001,3.42,0.5387,0.5246999999999999,2.2,1.1400000000000001,0.36560000000000004,3.51,0.6174999999999999,1.28,13.64,2.66,1.67,0.54,0.42000000000000015,1.1,15.969999999999999,3.88,1.6099999999999999,0.4258,5.66,2.52,0.857,0.8400000000000001,0.6699999999999999,0.139,34.3,55.1,26.88,-0.6799999999999999,3.8000000000000003,0.86,1.81,11.59,1.7,6.99,1.76,0.92,14.81,1.02,9.870000000000001,4.74,0.5636,11.36,1.15,0.09770000000000001,3.42,0.5387
frank jackson,2021,2,1,22.0,0,0.0266999999999999,0.4959,3.6799999999999997,1.81,0.3641,3.1799999999999997,0.4621,1.17,8.79,0.97,0.19,0.03,-3.42,-1.8,9.73,1.56,0.37,0.43679999999999997,6.789999999999999,3.0300000000000002,0.7786,1.58,1.2000000000000002,0.22870000000000001,6.800000000000001,49.9,17.14,-1.6199999999999999,2.41,0.4,0.31,11.21,1.34,8.41,1.0,0.37,10.09,0.8500000000000001,6.08,1.9600000000000002,0.5554,20.71,-0.32,0.0446,0.74,0.5219,0.4959,3.6799999999999997,1.81,0.3641,3.1799999999999997,0.4621,1.17,8.79,0.97,0.19,0.03,-3.42,-1.8,9.73,1.56,0.37,0.43679999999999997,6.789999999999999,3.0300000000000002,0.7786,1.58,1.2000000000000002,0.22870000000000001,6.800000000000001,49.9,17.14,-1.6199999999999999,2.41,0.4,0.31,11.21,1.34,8.41,1.0,0.37,10.09,0.8500000000000001,6.08,1.9600000000000002,0.5554,20.71,-0.32,0.0446,0.74,0.5219
sterling brown,2021,2,0,25.0,0,0.0266999999999999,0.48510000000000003,2.45,1.2200000000000002,0.3809,3.38,0.5745,1.32,8.92,1.2799999999999998,0.8300000000000001,0.15000000000000002,-1.7000000000000002,0.36,16.83,3.21,1.13,0.4283,5.85,2.49,0.781,0.6799999999999999,0.53,0.1203,8.7,52.7,20.05,-2.06,3.49,0.63,0.52,10.58,1.55,6.91,1.48,0.61,11.68,0.8,10.19,3.8900000000000006,0.5569,14.89,0.07,0.0761,1.65,0.5391,0.48510000000000003,2.45,1.2200000000000002,0.3809,3.38,0.5745,1.32,8.92,1.2799999999999998,0.8300000000000001,0.15000000000000002,-1.7000000000000002,0.36,16.83,3.21,1.13,0.4283,5.85,2.49,0.781,0.6799999999999999,0.53,0.1203,8.7,52.7,20.05,-2.06,3.49,0.63,0.52,10.58,1.55,6.91,1.48,0.61,11.68,0.8,10.19,3.8900000000000006,0.5569,14.89,0.07,0.0761,1.65,0.5391
trey lyles,2021,2,0,25.0,0,0.0222,0.5467,2.86,1.5499999999999998,0.34209999999999996,2.2800000000000002,0.4498,0.76,7.07,0.9099999999999999,1.03,0.2,-1.74,-0.6,22.950000000000003,3.67,0.73,0.45640000000000003,5.11,2.31,0.6855,1.07,0.76,0.2141,20.799999999999997,43.2,17.36,-1.1600000000000001,3.9399999999999995,0.6699999999999999,0.47,12.02,1.08,6.12,0.9900000000000001,0.37,7.98,0.55,13.370000000000001,4.32,0.5541,15.21,0.06999999999999999,0.0774,1.2,0.5343,0.5467,2.86,1.5499999999999998,0.34209999999999996,2.2800000000000002,0.4498,0.76,7.07,0.9099999999999999,1.03,0.2,-1.74,-0.6,22.950000000000003,3.67,0.73,0.45640000000000003,5.11,2.31,0.6855,1.07,0.76,0.2141,20.799999999999997,43.2,17.36,-1.1600000000000001,3.9399999999999995,0.6699999999999999,0.47,12.02,1.08,6.12,0.9900000000000001,0.37,7.98,0.55,13.370000000000001,4.32,0.5541,15.21,0.06999999999999999,0.0774,1.2,0.5343
javale mcgee,2021,1,0,33.0,0,0.0445,0.5883,5.8,3.4,0.2706,0.32,0.0523,0.05,7.1899999999999995,0.69,7.359999999999999,1.42,-0.52,1.27,25.77,3.9,1.8499999999999999,0.5714,6.1,3.4800000000000004,0.6487,1.51,1.0,0.2468,33.8,58.4,16.79,-1.77,12.42,1.9100000000000001,1.2100000000000002,18.68,2.55,8.03,1.41,0.47000000000000003,14.91,1.17,19.07,5.8100000000000005,0.5929,20.43,0.5299999999999999,0.1276,3.09,0.5776,0.5883,5.8,3.4,0.2706,0.32,0.0523,0.05,7.1899999999999995,0.69,7.359999999999999,1.42,-0.52,1.27,25.77,3.9,1.8499999999999999,0.5714,6.1,3.4800000000000004,0.6487,1.51,1.0,0.2468,33.8,58.4,16.79,-1.77,12.42,1.9100000000000001,1.2100000000000002,18.68,2.55,8.03,1.41,0.47000000000000003,14.91,1.17,19.07,5.8100000000000005,0.5929,20.43,0.5299999999999999,0.1276,3.09,0.5776
robin lopez,2021,1,0,32.0,0,0.0445,0.6154,5.08,3.16,0.2841,0.7100000000000001,0.1379,0.21999999999999997,6.6000000000000005,0.85,3.42,0.73,-1.6600000000000001,-0.76,10.16,1.78,1.07,0.5777,5.79,3.38,0.6647000000000001,1.53,1.06,0.2601,13.2,70.1,18.240000000000002,-0.92,9.29,1.62,1.77,14.59,1.54,8.02,0.45999999999999996,0.18,14.419999999999998,1.11,9.73,3.4,0.6163000000000001,17.25,0.14,0.1048,2.84,0.5995,0.6154,5.08,3.16,0.2841,0.7100000000000001,0.1379,0.21999999999999997,6.6000000000000005,0.85,3.42,0.73,-1.6600000000000001,-0.76,10.16,1.78,1.07,0.5777,5.79,3.38,0.6647000000000001,1.53,1.06,0.2601,13.2,70.1,18.240000000000002,-0.92,9.29,1.62,1.77,14.59,1.54,8.02,0.45999999999999996,0.18,14.419999999999998,1.11,9.73,3.4,0.6163000000000001,17.25,0.14,0.1048,2.84,0.5995
bruce brown,2021,1,1,24.0,0,0.0421,0.5319,5.2299999999999995,2.82,0.29879999999999995,1.22,0.1932,0.39,12.78,2.24,1.72,0.45,-1.07,0.54,15.24,3.3400000000000003,1.49,0.49050000000000005,6.4,3.16,0.7392000000000001,1.69,1.22,0.2565,42.6,64.7,23.53,-1.68,6.41,1.3,1.5899999999999999,13.0,2.42,7.93,1.7999999999999998,0.8800000000000001,12.49,1.03,10.9,4.61,0.5512,15.05,0.33999999999999997,0.1002,3.1300000000000003,0.5192,0.5319,5.2299999999999995,2.82,0.29879999999999995,1.22,0.1932,0.39,12.78,2.24,1.72,0.45,-1.07,0.54,15.24,3.3400000000000003,1.49,0.49050000000000005,6.4,3.16,0.7392000000000001,1.69,1.22,0.2565,42.6,64.7,23.53,-1.68,6.41,1.3,1.5899999999999999,13.0,2.42,7.93,1.7999999999999998,0.8800000000000001,12.49,1.03,10.9,4.61,0.5512,15.05,0.33999999999999997,0.1002,3.1300000000000003,0.5192
bryn forbes,2021,1,0,27.0,0,0.04,0.49429999999999996,3.23,1.6099999999999999,0.4276,5.25,0.6237,2.21,7.220000000000001,1.23,0.07,0.0,-1.7000000000000002,-1.6600000000000001,8.219999999999999,1.78,0.7,0.4528,8.48,3.8200000000000003,0.8119000000000001,1.07,0.87,0.1238,39.8,70.3,22.78,-0.03999999999999998,0.8700000000000001,0.2,1.8900000000000001,12.13,1.4700000000000002,10.72,0.9,0.4,7.93,0.77,4.58,1.98,0.6037,18.28,0.11000000000000001,0.0779,2.56,0.5858,0.49429999999999996,3.23,1.6099999999999999,0.4276,5.25,0.6237,2.21,7.220000000000001,1.23,0.07,0.0,-1.7000000000000002,-1.6600000000000001,8.219999999999999,1.78,0.7,0.4528,8.48,3.8200000000000003,0.8119000000000001,1.07,0.87,0.1238,39.8,70.3,22.78,-0.03999999999999998,0.8700000000000001,0.2,1.8900000000000001,12.13,1.4700000000000002,10.72,0.9,0.4,7.93,0.77,4.58,1.98,0.6037,18.28,0.11000000000000001,0.0779,2.56,0.5858
gorgui dieng,2021,1,0,31.0,0,0.0356,0.5599000000000001,3.06,1.6800000000000002,0.38880000000000003,1.76,0.3697,0.73,10.969999999999999,1.19,3.33,0.5700000000000001,2.27,1.4700000000000002,22.310000000000002,3.16,1.17,0.49750000000000005,4.890000000000001,2.38,0.8306,1.6600000000000001,1.35,0.3448,6.0,53.1,15.19,0.78,8.01,1.19,1.34,18.35,1.71,6.9,2.25,0.71,13.370000000000001,0.8600000000000001,15.07,4.35,0.6197999999999999,17.9,0.7899999999999999,0.15760000000000002,2.48,0.5709,0.5599000000000001,3.06,1.6800000000000002,0.38880000000000003,1.76,0.3697,0.73,10.969999999999999,1.19,3.33,0.5700000000000001,2.27,1.4700000000000002,22.310000000000002,3.16,1.17,0.49750000000000005,4.890000000000001,2.38,0.8306,1.6600000000000001,1.35,0.3448,6.0,53.1,15.19,0.78,8.01,1.19,1.34,18.35,1.71,6.9,2.25,0.71,13.370000000000001,0.8600000000000001,15.07,4.35,0.6197999999999999,17.9,0.7899999999999999,0.15760000000000002,2.48,0.5709
frank ntilikina,2021,2,0,22.0,0,0.0159,0.3044,2.25,0.83,0.3932,2.01,0.5089,0.75,14.010000000000002,1.76,1.25,0.2,-3.0100000000000002,1.21,8.66,1.25,0.5700000000000001,0.3688,4.26,1.5799999999999998,0.6345999999999999,0.69,0.47,0.1883,13.0,42.199999999999996,15.340000000000002,-4.220000000000001,1.88,0.28,-0.23,7.99,1.93,4.380000000000001,2.38,0.66,13.73,0.77,5.220000000000001,1.48,0.4885,14.74,-0.30000000000000004,0.0371,0.36,0.4732,0.3044,2.25,0.83,0.3932,2.01,0.5089,0.75,14.010000000000002,1.76,1.25,0.2,-3.0100000000000002,1.21,8.66,1.25,0.5700000000000001,0.3688,4.26,1.5799999999999998,0.6345999999999999,0.69,0.47,0.1883,13.0,42.199999999999996,15.340000000000002,-4.220000000000001,1.88,0.28,-0.23,7.99,1.93,4.380000000000001,2.38,0.66,13.73,0.77,5.220000000000001,1.48,0.4885,14.74,-0.30000000000000004,0.0371,0.36,0.4732
keita batesdiop,2021,2,1,25.0,0,0.0154,0.5056,2.35,1.17,0.29600000000000004,1.33,0.3322,0.42000000000000004,5.96,0.53,2.14,0.35,-2.05,-0.03999999999999998,16.259999999999998,1.7799999999999998,0.41000000000000003,0.4367,3.63,1.5899999999999999,0.6781,1.04,0.73,0.2922,0.6000000000000001,34.2,12.53,-2.01,3.63,0.43000000000000005,0.22999999999999998,11.64,0.7,4.25,1.8,0.44,7.66,0.32,9.79,2.23,0.5185,14.96,-0.010000000000000009,0.0638,0.57,0.4861,0.5056,2.35,1.17,0.29600000000000004,1.33,0.3322,0.42000000000000004,5.96,0.53,2.14,0.35,-2.05,-0.03999999999999998,16.259999999999998,1.7799999999999998,0.41000000000000003,0.4367,3.63,1.5899999999999999,0.6781,1.04,0.73,0.2922,0.6000000000000001,34.2,12.53,-2.01,3.63,0.43000000000000005,0.22999999999999998,11.64,0.7,4.25,1.8,0.44,7.66,0.32,9.79,2.23,0.5185,14.96,-0.010000000000000009,0.0638,0.57,0.4861
moritz wagner,2021,2,1,23.0,0,0.0154,0.5622,3.2199999999999998,1.83,0.3216,1.9000000000000001,0.3788,0.63,9.27,1.03,2.18,0.38,-2.8499999999999996,-0.07,18.589999999999996,2.7,0.68,0.47350000000000003,5.12,2.45,0.8165,1.8199999999999998,1.51,0.3591,14.5,44.6,15.66,-2.73,4.8500000000000005,0.74,0.52,12.799999999999999,2.48,7.02,1.5499999999999998,0.54,15.599999999999998,1.13,11.6,3.47,0.588,18.97,-0.14,0.0747,1.15,0.5346,0.5622,3.2199999999999998,1.83,0.3216,1.9000000000000001,0.3788,0.63,9.27,1.03,2.18,0.38,-2.8499999999999996,-0.07,18.589999999999996,2.7,0.68,0.47350000000000003,5.12,2.45,0.8165,1.8199999999999998,1.51,0.3591,14.5,44.6,15.66,-2.73,4.8500000000000005,0.74,0.52,12.799999999999999,2.48,7.02,1.5499999999999998,0.54,15.599999999999998,1.13,11.6,3.47,0.588,18.97,-0.14,0.0747,1.15,0.5346
will barton,2021,2,1,30.0,0,0.139,0.46830000000000005,6.709999999999999,3.16,0.3714,4.72,0.41369999999999996,1.79,14.77,3.29,1.3900000000000001,0.45,-0.98,-0.6200000000000001,14.229999999999999,3.93,1.51,0.4284,11.399999999999999,4.869999999999999,0.7766,2.13,1.65,0.1857,51.0,54.0,30.94,-0.36000000000000004,3.2299999999999995,0.88,1.0899999999999999,12.780000000000001,1.8599999999999999,13.18,1.3199999999999998,0.8600000000000001,11.66,1.6,8.73,4.81,0.5339,19.53,0.49999999999999994,0.0721,2.6,0.5054000000000001,0.46830000000000005,6.709999999999999,3.16,0.3714,4.72,0.41369999999999996,1.79,14.77,3.29,1.3900000000000001,0.45,-0.98,-0.6200000000000001,14.229999999999999,3.93,1.51,0.4284,11.399999999999999,4.869999999999999,0.7766,2.13,1.65,0.1857,51.0,54.0,30.94,-0.36000000000000004,3.2299999999999995,0.88,1.0899999999999999,12.780000000000001,1.8599999999999999,13.18,1.3199999999999998,0.8600000000000001,11.66,1.6,8.73,4.81,0.5339,19.53,0.49999999999999994,0.0721,2.6,0.5054000000000001
deandre jordan,2021,1,0,32.0,0,0.0033,0.7110000000000001,5.03,3.4899999999999998,0.0,0.0,0.002,0.0,11.149999999999999,1.8299999999999998,3.95,1.04,1.8199999999999998,1.3,30.44,6.91,2.0300000000000002,0.7095,5.03,3.4899999999999998,0.595,2.2199999999999998,1.3900000000000001,0.4304,37.1,59.1,23.49,0.5700000000000001,11.42,2.46,2.9,18.32,2.08,8.440000000000001,0.76,0.36,20.97,1.58,21.2,9.370000000000001,0.7074,13.78,1.32,0.1694,4.93,0.7095,0.7110000000000001,5.03,3.4899999999999998,0.0,0.0,0.002,0.0,11.149999999999999,1.8299999999999998,3.95,1.04,1.8199999999999998,1.3,30.44,6.91,2.0300000000000002,0.7095,5.03,3.4899999999999998,0.595,2.2199999999999998,1.3900000000000001,0.4304,37.1,59.1,23.49,0.5700000000000001,11.42,2.46,2.9,18.32,2.08,8.440000000000001,0.76,0.36,20.97,1.58,21.2,9.370000000000001,0.7074,13.78,1.32,0.1694,4.93,0.7095
avery bradley,2021,1,0,30.0,0,0.0148,0.4637,3.75,1.7300000000000002,0.3429,3.68,0.5117,1.27,9.920000000000002,1.72,0.51,0.14,-4.19,-0.28,8.68,1.92,0.8200000000000001,0.4018,7.43,3.0300000000000002,0.8219000000000001,0.6100000000000001,0.46,0.0793,28.8,40.8,24.450000000000003,-3.91,1.71,0.41000000000000003,-0.31,7.34,2.2,7.76,1.56,0.81,12.489999999999998,1.08,5.17,2.3,0.5038,15.4,-0.47000000000000003,0.016399999999999998,0.46,0.4891,0.4637,3.75,1.7300000000000002,0.3429,3.68,0.5117,1.27,9.920000000000002,1.72,0.51,0.14,-4.19,-0.28,8.68,1.92,0.8200000000000001,0.4018,7.43,3.0300000000000002,0.8219000000000001,0.6100000000000001,0.46,0.0793,28.8,40.8,24.450000000000003,-3.91,1.71,0.41000000000000003,-0.31,7.34,2.2,7.76,1.56,0.81,12.489999999999998,1.08,5.17,2.3,0.5038,15.4,-0.47000000000000003,0.016399999999999998,0.46,0.4891
rajon rondo,2021,1,0,34.0,0,0.0148,0.4615,3.92,1.79,0.37220000000000003,2.4000000000000004,0.3871,0.8900000000000001,34.62,5.300000000000001,0.39,0.09000000000000001,-0.82,0.16,13.48,2.65,1.09,0.4274,6.32,2.6799999999999997,0.796,0.6300000000000001,0.48000000000000004,0.09359999999999999,8.200000000000001,46.1,20.66,-0.95,2.6500000000000004,0.49,0.24,12.739999999999998,1.4,6.67,2.15,0.88,23.759999999999998,2.03,8.16,3.16,0.5148,17.689999999999998,0.30000000000000004,0.0703,1.33,0.4998,0.4615,3.92,1.79,0.37220000000000003,2.4000000000000004,0.3871,0.8900000000000001,34.62,5.300000000000001,0.39,0.09000000000000001,-0.82,0.16,13.48,2.65,1.09,0.4274,6.32,2.6799999999999997,0.796,0.6300000000000001,0.48000000000000004,0.09359999999999999,8.200000000000001,46.1,20.66,-0.95,2.6500000000000004,0.49,0.24,12.739999999999998,1.4,6.67,2.15,0.88,23.759999999999998,2.03,8.16,3.16,0.5148,17.689999999999998,0.30000000000000004,0.0703,1.33,0.4998
paul millsap,2021,1,0,35.0,0,0.0148,0.5294000000000001,5.6,2.94,0.375,2.48,0.3112,0.9400000000000001,10.8,1.78,2.66,0.64,0.87,0.49,18.37,3.7899999999999996,1.8,0.47939999999999994,8.08,3.8499999999999996,0.7522,2.46,1.8599999999999999,0.2934,45.4,57.3,23.11,0.38,8.11,1.71,2.12,16.849999999999998,2.39,10.5,2.08,0.96,11.02,1.15,13.24,5.5,0.5738,19.22,1.02,0.1383,3.87,0.537,0.5294000000000001,5.6,2.94,0.375,2.48,0.3112,0.9400000000000001,10.8,1.78,2.66,0.64,0.87,0.49,18.37,3.7899999999999996,1.8,0.47939999999999994,8.08,3.8499999999999996,0.7522,2.46,1.8599999999999999,0.2934,45.4,57.3,23.11,0.38,8.11,1.71,2.12,16.849999999999998,2.39,10.5,2.08,0.96,11.02,1.15,13.24,5.5,0.5738,19.22,1.02,0.1383,3.87,0.537
carmelo anthony,2021,1,0,36.0,0,0.0148,0.4471,7.319999999999999,3.2499999999999996,0.38559999999999994,4.800000000000001,0.40149999999999997,1.8199999999999998,7.039999999999999,1.2999999999999998,1.76,0.59,-2.17,-1.4700000000000002,14.190000000000001,3.7299999999999995,0.7100000000000001,0.4205,12.120000000000001,5.07,0.8349,2.38,1.99,0.1972,19.299999999999997,53.9,27.97,-0.7000000000000001,2.83,0.79,0.99,13.2,2.5600000000000005,14.0,1.15,0.6699999999999999,7.66,1.12,8.47,4.52,0.5336000000000001,22.01,-0.06,0.056,1.75,0.4969,0.4471,7.319999999999999,3.2499999999999996,0.38559999999999994,4.800000000000001,0.40149999999999997,1.8199999999999998,7.039999999999999,1.2999999999999998,1.76,0.59,-2.17,-1.4700000000000002,14.190000000000001,3.7299999999999995,0.7100000000000001,0.4205,12.120000000000001,5.07,0.8349,2.38,1.99,0.1972,19.299999999999997,53.9,27.97,-0.7000000000000001,2.83,0.79,0.99,13.2,2.5600000000000005,14.0,1.15,0.6699999999999999,7.66,1.12,8.47,4.52,0.5336000000000001,22.01,-0.06,0.056,1.75,0.4969
markieff morris,2021,1,0,31.0,0,0.0148,0.5073,3.56,1.76,0.33830000000000005,3.5700000000000003,0.5097,1.24,9.09,1.27,1.3599999999999999,0.32,-2.4400000000000004,-0.24000000000000002,18.78,3.4299999999999997,1.42,0.4196,7.130000000000001,3.0,0.7472,1.17,0.8700000000000001,0.1598,21.8,59.5,20.38,-2.2,4.39,0.8300000000000001,0.17,10.74,2.14,8.14,1.1,0.47000000000000003,11.8,1.02,11.56,4.26,0.5282,18.29,-0.14,0.0606,1.54,0.5056,0.5073,3.56,1.76,0.33830000000000005,3.5700000000000003,0.5097,1.24,9.09,1.27,1.3599999999999999,0.32,-2.4400000000000004,-0.24000000000000002,18.78,3.4299999999999997,1.42,0.4196,7.130000000000001,3.0,0.7472,1.17,0.8700000000000001,0.1598,21.8,59.5,20.38,-2.2,4.39,0.8300000000000001,0.17,10.74,2.14,8.14,1.1,0.47000000000000003,11.8,1.02,11.56,4.26,0.5282,18.29,-0.14,0.0606,1.54,0.5056
wayne ellington,2021,1,0,33.0,0,0.0148,0.4767,1.29,0.62,0.3902,5.6,0.8164,2.19,10.059999999999999,1.39,0.6900000000000001,0.15000000000000002,-0.97,-0.89,9.23,1.6700000000000002,0.59,0.4064,6.8100000000000005,2.81,0.813,0.7000000000000001,0.53,0.0959,23.4,44.4,20.55,-0.07999999999999985,1.08,0.24,0.97,11.01,1.32,8.39,1.18,0.52,8.52,0.66,5.109999999999999,1.84,0.579,16.29,0.36,0.0739,1.5899999999999999,0.565,0.4767,1.29,0.62,0.3902,5.6,0.8164,2.19,10.059999999999999,1.39,0.6900000000000001,0.15000000000000002,-0.97,-0.89,9.23,1.6700000000000002,0.59,0.4064,6.8100000000000005,2.81,0.813,0.7000000000000001,0.53,0.0959,23.4,44.4,20.55,-0.07999999999999985,1.08,0.24,0.97,11.01,1.32,8.39,1.18,0.52,8.52,0.66,5.109999999999999,1.84,0.579,16.29,0.36,0.0739,1.5899999999999999,0.565
blake griffin,2021,1,1,31.0,0,0.0148,0.48919999999999997,6.74,3.31,0.31579999999999997,5.51,0.4605,1.7,19.32,3.57,1.06,0.35,-0.6699999999999998,-0.74,17.22,4.4,1.22,0.4095,12.2,5.029999999999999,0.7554000000000001,4.33,3.3100000000000005,0.34209999999999996,35.4,43.4,28.42,0.07000000000000006,3.6100000000000003,0.93,1.35,14.219999999999999,2.19,15.05,1.06,0.61,12.26,1.9900000000000002,10.4,5.36,0.532,24.21,1.0,0.0663,2.5700000000000003,0.4827,0.48919999999999997,6.74,3.31,0.31579999999999997,5.51,0.4605,1.7,19.32,3.57,1.06,0.35,-0.6699999999999998,-0.74,17.22,4.4,1.22,0.4095,12.2,5.029999999999999,0.7554000000000001,4.33,3.3100000000000005,0.34209999999999996,35.4,43.4,28.42,0.07000000000000006,3.6100000000000003,0.93,1.35,14.219999999999999,2.19,15.05,1.06,0.61,12.26,1.9900000000000002,10.4,5.36,0.532,24.21,1.0,0.0663,2.5700000000000003,0.4827
lamarcus aldridge,2021,1,1,35.0,0,0.0148,0.5138,10.91,5.62,0.3583,2.55,0.2008,0.98,11.24,2.15,3.85,1.29,0.63,-0.37,17.200000000000003,4.77,1.3,0.4882,13.46,6.6000000000000005,0.8534999999999999,3.0,2.5599999999999996,0.2142,43.599999999999994,45.099999999999994,29.52,0.92,5.45,1.54,2.43,18.339999999999996,2.06,16.68,0.8600000000000001,0.51,8.05,1.28,11.32,6.3100000000000005,0.5645,23.5,1.1199999999999999,0.11000000000000001,3.76,0.5265,0.5138,10.91,5.62,0.3583,2.55,0.2008,0.98,11.24,2.15,3.85,1.29,0.63,-0.37,17.200000000000003,4.77,1.3,0.4882,13.46,6.6000000000000005,0.8534999999999999,3.0,2.5599999999999996,0.2142,43.599999999999994,45.099999999999994,29.52,0.92,5.45,1.54,2.43,18.339999999999996,2.06,16.68,0.8600000000000001,0.51,8.05,1.28,11.32,6.3100000000000005,0.5645,23.5,1.1199999999999999,0.11000000000000001,3.76,0.5265
kent bazemore,2021,1,0,31.0,0,0.0148,0.456,4.0,1.8,0.3712,3.33,0.4584,1.19,10.469999999999999,1.68,2.17,0.55,-1.96,0.98,16.05,3.33,1.78,0.4174,7.38,2.99,0.7219,1.7800000000000002,1.29,0.2326,22.3,67.3,22.29,-2.9699999999999998,2.02,0.44,-0.51,10.469999999999999,2.5700000000000003,8.56,2.33,1.09,14.73,1.35,9.030000000000001,3.7699999999999996,0.5330999999999999,17.8,-0.06999999999999998,0.041800000000000004,1.22,0.5028,0.456,4.0,1.8,0.3712,3.33,0.4584,1.19,10.469999999999999,1.68,2.17,0.55,-1.96,0.98,16.05,3.33,1.78,0.4174,7.38,2.99,0.7219,1.7800000000000002,1.29,0.2326,22.3,67.3,22.29,-2.9699999999999998,2.02,0.44,-0.51,10.469999999999999,2.5700000000000003,8.56,2.33,1.09,14.73,1.35,9.030000000000001,3.7699999999999996,0.5330999999999999,17.8,-0.06999999999999998,0.041800000000000004,1.22,0.5028
andre drummond,2021,1,0,27.0,0,0.0148,0.5249,12.64,6.61,0.0693,0.38,0.0277,0.05,12.120000000000001,2.09,3.89,1.37,0.09000000000000008,0.74,35.790000000000006,9.48,3.5100000000000002,0.513,13.0,6.66,0.5905,4.85,2.87,0.3699,55.6,55.9,30.1,-0.62,15.23,4.2,0.7,20.979999999999997,3.33,16.22,2.59,1.6099999999999999,15.84,2.87,25.33,13.68,0.5364,26.15,1.1099999999999999,0.1071,4.26,0.5145,0.5249,12.64,6.61,0.0693,0.38,0.0277,0.05,12.120000000000001,2.09,3.89,1.37,0.09000000000000008,0.74,35.790000000000006,9.48,3.5100000000000002,0.513,13.0,6.66,0.5905,4.85,2.87,0.3699,55.6,55.9,30.1,-0.62,15.23,4.2,0.7,20.979999999999997,3.33,16.22,2.59,1.6099999999999999,15.84,2.87,25.33,13.68,0.5364,26.15,1.1099999999999999,0.1071,4.26,0.5145
austin rivers,2021,1,1,28.0,1,0.0148,0.5088,3.0100000000000002,1.55,0.3549,4.109999999999999,0.5801000000000001,1.45,11.9,2.1,0.44999999999999996,0.14,-2.5599999999999996,-0.17,9.239999999999998,2.0700000000000003,0.97,0.4195,7.12,3.0,0.6711,1.19,0.77,0.1633,7.7,53.6,24.11,-2.39,1.35,0.28,0.64,9.61,2.01,8.21,1.54,0.73,10.59,0.89,5.32,2.35,0.5387,15.280000000000001,-0.28,0.06319999999999999,1.6099999999999999,0.523,0.43589999999999995,2.35,1.01,0.375,3.87,0.6187,1.51,9.27,1.6400000000000001,0.68,0.2,-4.04,-0.39,9.82,1.8699999999999999,0.08,0.39780000000000004,6.220000000000001,2.52,0.7706,1.25,0.97,0.1993,4.5,10.6,24.83,-3.67,0.67,0.15000000000000002,0.08,7.050000000000001,2.7600000000000002,7.52,0.87,0.38,10.71,0.8200000000000001,5.0200000000000005,2.02,0.5449999999999999,13.82,-0.13,0.0245,0.11,0.5145
victor oladipo,2021,1,1,28.0,0,0.0148,0.46230000000000004,9.41,4.4,0.3267,6.45,0.40779999999999994,2.13,21.060000000000002,4.21,0.99,0.32,-1.2599999999999998,-0.49000000000000005,15.05,4.3,1.06,0.4068,15.88,6.46,0.7672,3.81,2.93,0.24,28.5,29.4,31.07,-0.75,1.5899999999999999,0.47000000000000003,-0.39999999999999997,14.06,2.2199999999999998,18.009999999999998,2.0,1.31,12.399999999999999,2.46,8.3,4.6899999999999995,0.5116,27.78,0.26999999999999996,0.0285,0.6599999999999999,0.47350000000000003,0.46230000000000004,9.41,4.4,0.3267,6.45,0.40779999999999994,2.13,21.060000000000002,4.21,0.99,0.32,-1.2599999999999998,-0.49000000000000005,15.05,4.3,1.06,0.4068,15.88,6.46,0.7672,3.81,2.93,0.24,28.5,29.4,31.07,-0.75,1.5899999999999999,0.47000000000000003,-0.39999999999999997,14.06,2.2199999999999998,18.009999999999998,2.0,1.31,12.399999999999999,2.46,8.3,4.6899999999999995,0.5116,27.78,0.26999999999999996,0.0285,0.6599999999999999,0.47350000000000003
tony snell,2021,1,0,29.0,0,0.0148,0.47319999999999995,1.73,0.8800000000000001,0.4845,2.9999999999999996,0.631,1.38,8.56,1.4900000000000002,0.98,0.23,-0.93,-0.16999999999999998,9.11,1.85,0.7200000000000001,0.48140000000000005,4.73,2.26,0.9762,0.37,0.35,0.0804,31.0,56.0,22.41,-0.76,1.66,0.34,1.75,9.8,1.55,6.25,0.78,0.38,8.68,0.41000000000000003,5.46,2.19,0.6504,10.3,0.31000000000000005,0.09570000000000001,2.42,0.6345,0.47319999999999995,1.73,0.8800000000000001,0.4845,2.9999999999999996,0.631,1.38,8.56,1.4900000000000002,0.98,0.23,-0.93,-0.16999999999999998,9.11,1.85,0.7200000000000001,0.48140000000000005,4.73,2.26,0.9762,0.37,0.35,0.0804,31.0,56.0,22.41,-0.76,1.66,0.34,1.75,9.8,1.55,6.25,0.78,0.38,8.68,0.41000000000000003,5.46,2.19,0.6504,10.3,0.31000000000000005,0.09570000000000001,2.42,0.6345
otto porter,2021,1,0,27.0,0,0.0148,0.4869,5.26,2.5600000000000005,0.38480000000000003,4.09,0.4415,1.5899999999999999,12.14,1.96,1.1300000000000001,0.29,0.48,0.08,18.29,3.87,0.77,0.44189999999999996,9.350000000000001,4.13,0.8023,1.66,1.35,0.1802,14.299999999999999,29.400000000000002,23.900000000000002,0.4,4.51,0.97,0.78,15.17,1.79,11.2,1.77,0.9300000000000002,8.379999999999999,0.9299999999999999,11.32,4.84,0.5548,19.770000000000003,0.48,0.1027,1.5300000000000002,0.5269,0.4869,5.26,2.5600000000000005,0.38480000000000003,4.09,0.4415,1.5899999999999999,12.14,1.96,1.1300000000000001,0.29,0.48,0.08,18.29,3.87,0.77,0.44189999999999996,9.350000000000001,4.13,0.8023,1.66,1.35,0.1802,14.299999999999999,29.400000000000002,23.900000000000002,0.4,4.51,0.97,0.78,15.17,1.79,11.2,1.77,0.9300000000000002,8.379999999999999,0.9299999999999999,11.32,4.84,0.5548,19.770000000000003,0.48,0.1027,1.5300000000000002,0.5269
ben mclemore,2021,1,0,27.0,0,0.0148,0.4899,1.4300000000000002,0.7,0.376,5.01,0.7604,1.83,5.44,0.63,1.01,0.2,-2.8,-1.06,9.8,1.51,0.7,0.3964,6.44,2.5300000000000002,0.7252000000000001,0.89,0.64,0.147,9.399999999999999,51.6,17.05,-1.7400000000000002,1.62,0.28,0.43000000000000005,9.89,1.75,7.66,1.35,0.44,8.64,0.67,5.63,1.79,0.5563,18.88,-0.040000000000000036,0.0472,1.13,0.5391,0.4899,1.4300000000000002,0.7,0.376,5.01,0.7604,1.83,5.44,0.63,1.01,0.2,-2.8,-1.06,9.8,1.51,0.7,0.3964,6.44,2.5300000000000002,0.7252000000000001,0.89,0.64,0.147,9.399999999999999,51.6,17.05,-1.7400000000000002,1.62,0.28,0.43000000000000005,9.89,1.75,7.66,1.35,0.44,8.64,0.67,5.63,1.79,0.5563,18.88,-0.040000000000000036,0.0472,1.13,0.5391
dewayne dedmon,2021,1,1,31.0,0,0.0148,0.6513,3.88,2.5,0.2382,1.5499999999999998,0.24710000000000001,0.46,7.62,0.83,3.7,0.6900000000000001,-0.7899999999999999,0.41000000000000003,28.78,4.27,0.8799999999999999,0.5724,5.43,2.94,0.7831999999999999,1.4500000000000002,1.1400000000000001,0.2928,15.8,34.0,16.85,-1.2000000000000002,11.64,1.6400000000000001,0.47000000000000003,18.27,2.71,7.45,1.9,0.7,15.01,1.05,20.18,5.91,0.6297999999999999,18.42,0.09000000000000002,0.1533,1.3800000000000001,0.6046,0.6513,3.88,2.5,0.2382,1.5499999999999998,0.24710000000000001,0.46,7.62,0.83,3.7,0.6900000000000001,-0.7899999999999999,0.41000000000000003,28.78,4.27,0.8799999999999999,0.5724,5.43,2.94,0.7831999999999999,1.4500000000000002,1.1400000000000001,0.2928,15.8,34.0,16.85,-1.2000000000000002,11.64,1.6400000000000001,0.47000000000000003,18.27,2.71,7.45,1.9,0.7,15.01,1.05,20.18,5.91,0.6297999999999999,18.42,0.09000000000000002,0.1533,1.3800000000000001,0.6046
rodney hood,2021,1,0,28.0,0,0.0148,0.45409999999999995,3.99,1.8800000000000001,0.36960000000000004,2.7300000000000004,0.41179999999999994,1.05,7.85,1.31,0.63,0.15000000000000002,-3.87,-1.01,9.4,2.01,0.31,0.4198,6.67,2.9,0.8387,1.08,0.8799999999999999,0.1473,18.6,48.2,22.66,-2.81,2.09,0.41000000000000003,0.3400000000000001,8.92,1.71,7.789999999999999,1.29,0.6000000000000001,10.05,0.78,5.7,2.41,0.5225,14.84,-0.44,0.028699999999999996,0.6500000000000001,0.49549999999999994,0.45409999999999995,3.99,1.8800000000000001,0.36960000000000004,2.7300000000000004,0.41179999999999994,1.05,7.85,1.31,0.63,0.15000000000000002,-3.87,-1.01,9.4,2.01,0.31,0.4198,6.67,2.9,0.8387,1.08,0.8799999999999999,0.1473,18.6,48.2,22.66,-2.81,2.09,0.41000000000000003,0.3400000000000001,8.92,1.71,7.789999999999999,1.29,0.6000000000000001,10.05,0.78,5.7,2.41,0.5225,14.84,-0.44,0.028699999999999996,0.6500000000000001,0.49549999999999994
elfrid payton,2021,1,0,26.0,0,0.0148,0.4698,8.07,3.8,0.2667,1.75,0.17709999999999998,0.45,29.080000000000002,5.28,0.9100000000000001,0.25,-1.78,-0.06999999999999999,12.53,3.0999999999999996,1.49,0.4345,9.850000000000001,4.3,0.6606000000000001,1.7799999999999998,1.19,0.1805,50.7,53.4,26.07,-1.71,4.46,1.1,-0.18,13.45,1.88,10.17,1.9300000000000002,1.0299999999999998,15.680000000000001,1.97,8.5,4.15,0.4804,21.11,0.01999999999999999,0.0471,1.31,0.459,0.4698,8.07,3.8,0.2667,1.75,0.17709999999999998,0.45,29.080000000000002,5.28,0.9100000000000001,0.25,-1.78,-0.06999999999999999,12.53,3.0999999999999996,1.49,0.4345,9.850000000000001,4.3,0.6606000000000001,1.7799999999999998,1.19,0.1805,50.7,53.4,26.07,-1.71,4.46,1.1,-0.18,13.45,1.88,10.17,1.9300000000000002,1.0299999999999998,15.680000000000001,1.97,8.5,4.15,0.4804,21.11,0.01999999999999999,0.0471,1.31,0.459
nemanja bjelica,2021,1,0,32.0,0,0.0148,0.5496000000000001,3.76,2.08,0.3649,3.13,0.4506,1.18,14.729999999999999,2.17,1.5099999999999998,0.36999999999999994,-0.38,-0.15000000000000002,18.98,3.5599999999999996,1.0999999999999999,0.46709999999999996,6.92,3.26,0.7609999999999999,1.2999999999999998,0.98,0.1997,35.599999999999994,55.5,21.06,-0.25999999999999995,5.93,1.17,1.81,14.24,2.32,8.62,1.33,0.6100000000000001,12.600000000000001,1.09,12.350000000000001,4.78,0.5746,17.6,0.83,0.098,2.94,0.5496,0.5496000000000001,3.76,2.08,0.3649,3.13,0.4506,1.18,14.729999999999999,2.17,1.5099999999999998,0.36999999999999994,-0.38,-0.15000000000000002,18.98,3.5599999999999996,1.0999999999999999,0.46709999999999996,6.92,3.26,0.7609999999999999,1.2999999999999998,0.98,0.1997,35.599999999999994,55.5,21.06,-0.25999999999999995,5.93,1.17,1.81,14.24,2.32,8.62,1.33,0.6100000000000001,12.600000000000001,1.09,12.350000000000001,4.78,0.5746,17.6,0.83,0.098,2.94,0.5496
stanley johnson,2021,1,0,24.0,0,0.0079,0.4545,1.9000000000000001,0.87,0.30920000000000003,2.06,0.5139,0.62,13.94,1.25,1.88,0.25,-2.44,1.2,16.61,1.92,0.9600000000000001,0.38070000000000004,3.96,1.54,0.7251,0.8300000000000001,0.63,0.2283,7.9,51.2,13.71,-3.69,3.6500000000000004,0.44,-0.36000000000000004,9.290000000000001,1.47,4.300000000000001,2.3,0.6900000000000001,17.189999999999998,0.87,10.04,2.36,0.4927,17.51,-0.05,0.0324,0.6,0.4609,0.4545,1.9000000000000001,0.87,0.30920000000000003,2.06,0.5139,0.62,13.94,1.25,1.88,0.25,-2.44,1.2,16.61,1.92,0.9600000000000001,0.38070000000000004,3.96,1.54,0.7251,0.8300000000000001,0.63,0.2283,7.9,51.2,13.71,-3.69,3.6500000000000004,0.44,-0.36000000000000004,9.290000000000001,1.47,4.300000000000001,2.3,0.6900000000000001,17.189999999999998,0.87,10.04,2.36,0.4927,17.51,-0.05,0.0324,0.6,0.4609
raul neto,2021,1,1,28.0,0,0.0148,0.513,3.49,1.81,0.3774,2.1,0.3769,0.78,18.83,2.19,0.5800000000000001,0.1,-0.9000000000000001,0.43000000000000005,9.809999999999999,1.57,0.95,0.4625,5.609999999999999,2.62,0.8595999999999999,1.1,0.97,0.1996,12.1,55.6,17.23,-1.28,1.87,0.30000000000000004,1.0,13.01,1.38,6.9399999999999995,1.99,0.75,13.129999999999999,0.8500000000000001,5.87,1.87,0.5691999999999999,17.310000000000002,0.29000000000000004,0.0966,1.98,0.5335000000000001,0.513,3.49,1.81,0.3774,2.1,0.3769,0.78,18.83,2.19,0.5800000000000001,0.1,-0.9000000000000001,0.43000000000000005,9.809999999999999,1.57,0.95,0.4625,5.609999999999999,2.62,0.8595999999999999,1.1,0.97,0.1996,12.1,55.6,17.23,-1.28,1.87,0.30000000000000004,1.0,13.01,1.38,6.9399999999999995,1.99,0.75,13.129999999999999,0.8500000000000001,5.87,1.87,0.5691999999999999,17.310000000000002,0.29000000000000004,0.0966,1.98,0.5335000000000001
malik monk,2021,1,0,22.0,0,0.0148,0.4903,4.51,2.21,0.3517,4.51,0.5035000000000001,1.6300000000000001,15.690000000000001,2.0,0.9,0.2,-2.19,-1.73,11.350000000000001,2.1100000000000003,0.57,0.4246,9.02,3.84,0.8319,1.67,1.39,0.1863,0.3,52.1,20.28,-0.4900000000000001,1.83,0.33999999999999997,0.19999999999999998,12.940000000000001,1.2400000000000002,10.72,1.1600000000000001,0.5,11.83,1.31,6.470000000000001,2.45,0.5470999999999999,23.689999999999998,-0.09,0.0378,0.77,0.5142,0.4903,4.51,2.21,0.3517,4.51,0.5035000000000001,1.6300000000000001,15.690000000000001,2.0,0.9,0.2,-2.19,-1.73,11.350000000000001,2.1100000000000003,0.57,0.4246,9.02,3.84,0.8319,1.67,1.39,0.1863,0.3,52.1,20.28,-0.4900000000000001,1.83,0.33999999999999997,0.19999999999999998,12.940000000000001,1.2400000000000002,10.72,1.1600000000000001,0.5,11.83,1.31,6.470000000000001,2.45,0.5470999999999999,23.689999999999998,-0.09,0.0378,0.77,0.5142
ryan arcidiacono,2021,1,0,26.0,0,0.0049,0.47709999999999997,1.47,0.69,0.3784,2.01,0.5784,0.77,16.22,1.8199999999999998,0.13,0.03,-2.37,0.14,13.07,1.66,0.5900000000000001,0.4216,3.53,1.49,0.7129000000000001,0.72,0.52,0.1862,7.6000000000000005,55.599999999999994,14.74,-2.51,1.5899999999999999,0.2,1.02,9.92,1.48,4.24,1.24,0.41000000000000003,10.15,0.44000000000000006,7.32,1.8599999999999999,0.5534,12.64,-0.039999999999999994,0.08579999999999999,1.61,0.5314,0.47709999999999997,1.47,0.69,0.3784,2.01,0.5784,0.77,16.22,1.8199999999999998,0.13,0.03,-2.37,0.14,13.07,1.66,0.5900000000000001,0.4216,3.53,1.49,0.7129000000000001,0.72,0.52,0.1862,7.6000000000000005,55.599999999999994,14.74,-2.51,1.5899999999999999,0.2,1.02,9.92,1.48,4.24,1.24,0.41000000000000003,10.15,0.44000000000000006,7.32,1.8599999999999999,0.5534,12.64,-0.039999999999999994,0.08579999999999999,1.61,0.5314
luke kornet,2021,1,1,25.0,0,0.005,0.621,1.76,1.03,0.2857,2.69,0.6017999999999999,0.8200000000000001,9.4,0.91,6.470000000000001,0.89,0.44000000000000006,0.88,15.29,1.8199999999999998,0.57,0.4253,4.45,1.8499999999999999,0.6294,0.54,0.39,0.1071,8.8,35.5,13.65,-0.39000000000000007,4.15,0.55,0.37,13.42,0.9299999999999999,4.9,0.9100000000000001,0.26,6.65,0.32,9.64,2.37,0.5234000000000001,15.319999999999999,0.34,0.0914,0.96,0.5117,0.621,1.76,1.03,0.2857,2.69,0.6017999999999999,0.8200000000000001,9.4,0.91,6.470000000000001,0.89,0.44000000000000006,0.88,15.29,1.8199999999999998,0.57,0.4253,4.45,1.8499999999999999,0.6294,0.54,0.39,0.1071,8.8,35.5,13.65,-0.39000000000000007,4.15,0.55,0.37,13.42,0.9299999999999999,4.9,0.9100000000000001,0.26,6.65,0.32,9.64,2.37,0.5234000000000001,15.319999999999999,0.34,0.0914,0.96,0.5117
isaac bonga,2021,1,0,21.0,0,0.0148,0.4613,1.42,0.6599999999999999,0.24409999999999998,1.01,0.42929999999999996,0.27,8.600000000000001,0.8,1.8399999999999999,0.23,-4.699999999999999,0.41000000000000003,12.69,1.43,0.42000000000000004,0.36660000000000004,2.35,0.9800000000000001,0.6761,0.63,0.43,0.2494,18.7,44.2,12.17,-5.109999999999999,5.58,0.66,0.09999999999999998,6.26,1.6,2.6799999999999997,1.81,0.44000000000000006,18.27,0.63,9.120000000000001,2.09,0.4609,11.54,-0.31,0.008100000000000001,0.52,0.4233,0.4613,1.42,0.6599999999999999,0.24409999999999998,1.01,0.42929999999999996,0.27,8.600000000000001,0.8,1.8399999999999999,0.23,-4.699999999999999,0.41000000000000003,12.69,1.43,0.42000000000000004,0.36660000000000004,2.35,0.9800000000000001,0.6761,0.63,0.43,0.2494,18.7,44.2,12.17,-5.109999999999999,5.58,0.66,0.09999999999999998,6.26,1.6,2.6799999999999997,1.81,0.44000000000000006,18.27,0.63,9.120000000000001,2.09,0.4609,11.54,-0.31,0.008100000000000001,0.52,0.4233
bradley beal,2022,5,1,28.0,0,0.35,0.5175000000000001,14.92,7.7299999999999995,0.3253,6.1899999999999995,0.2908,2.0600000000000005,27.689999999999998,5.84,0.92,0.4,2.0,-1.5,10.920000000000002,3.61,0.98,0.46199999999999997,21.130000000000003,9.79,0.8515999999999999,6.46,5.5,0.3013,49.4,49.4,35.94,3.5,3.12,1.04,2.46,20.2,2.33,27.090000000000003,1.37,1.05,12.26,3.3099999999999996,7.03,4.6,0.5631999999999999,32.51,1.87,0.0862,3.49,0.5096,0.5175000000000001,14.92,7.7299999999999995,0.3253,6.1899999999999995,0.2908,2.0600000000000005,27.689999999999998,5.84,0.92,0.4,2.0,-1.5,10.920000000000002,3.61,0.98,0.46199999999999997,21.130000000000003,9.79,0.8515999999999999,6.46,5.5,0.3013,49.4,49.4,35.94,3.5,3.12,1.04,2.46,20.2,2.33,27.090000000000003,1.37,1.05,12.26,3.3099999999999996,7.03,4.6,0.5631999999999999,32.51,1.87,0.0862,3.49,0.5096
zach lavine,2022,5,1,26.0,0,0.3,0.5377000000000001,11.01,5.95,0.3962,7.63,0.40880000000000005,3.04,21.759999999999998,4.5600000000000005,1.07,0.4,2.9,-1.15,13.74,4.29,1.6300000000000001,0.48009999999999997,18.67,8.940000000000001,0.8416,5.449999999999999,4.62,0.2933,62.9,62.9,34.84,4.08,1.57,0.47,3.81,20.33,2.06,25.52,1.18,0.8400000000000001,12.43,3.0300000000000002,7.61,4.76,0.6063000000000001,30.04,2.71,0.1196,5.470000000000001,0.561,0.5377000000000001,11.01,5.95,0.3962,7.63,0.40880000000000005,3.04,21.759999999999998,4.5600000000000005,1.07,0.4,2.9,-1.15,13.74,4.29,1.6300000000000001,0.48009999999999997,18.67,8.940000000000001,0.8416,5.449999999999999,4.62,0.2933,62.9,62.9,34.84,4.08,1.57,0.47,3.81,20.33,2.06,25.52,1.18,0.8400000000000001,12.43,3.0300000000000002,7.61,4.76,0.6063000000000001,30.04,2.71,0.1196,5.470000000000001,0.561
deandre ayton,2022,4,1,23.0,0,0.25,0.6233,11.68,7.23,0.2902,0.3,0.026799999999999997,0.1,7.779999999999999,1.5,2.8899999999999997,1.01,1.8399999999999999,0.24999999999999997,26.700000000000003,7.53,2.8,0.6140000000000001,11.98,7.3,0.7543,2.41,1.83,0.20900000000000002,56.1,57.3,30.46,1.59,11.120000000000001,3.0700000000000003,3.9399999999999995,21.04,2.66,16.560000000000002,1.05,0.6699999999999999,11.239999999999998,1.67,19.07,10.55,0.6375,20.9,1.7000000000000002,0.183,6.79,0.6178,0.6233,11.68,7.23,0.2902,0.3,0.026799999999999997,0.1,7.779999999999999,1.5,2.8899999999999997,1.01,1.8399999999999999,0.24999999999999997,26.700000000000003,7.53,2.8,0.6140000000000001,11.98,7.3,0.7543,2.41,1.83,0.20900000000000002,56.1,57.3,30.46,1.59,11.120000000000001,3.0700000000000003,3.9399999999999995,21.04,2.66,16.560000000000002,1.05,0.6699999999999999,11.239999999999998,1.67,19.07,10.55,0.6375,20.9,1.7000000000000002,0.183,6.79,0.6178
jalen brunson,2022,4,0,25.0,0,0.2243,0.5488999999999999,7.63,4.16,0.3796,2.89,0.2825,1.12,23.939999999999998,4.109999999999999,0.14,0.020000000000000004,0.54,-0.38,12.04,3.0,1.8,0.5011,10.52,5.28,0.8210999999999999,2.27,1.91,0.21639999999999998,37.3,71.3,27.03,0.9199999999999999,1.95,0.45,3.9400000000000004,16.66,1.69,13.57,1.15,0.63,10.86,1.4,7.029999999999999,3.45,0.5874999999999999,21.09,1.3699999999999999,0.1346,5.699999999999999,0.5553,0.5488999999999999,7.63,4.16,0.3796,2.89,0.2825,1.12,23.939999999999998,4.109999999999999,0.14,0.020000000000000004,0.54,-0.38,12.04,3.0,1.8,0.5011,10.52,5.28,0.8210999999999999,2.27,1.91,0.21639999999999998,37.3,71.3,27.03,0.9199999999999999,1.95,0.45,3.9400000000000004,16.66,1.69,13.57,1.15,0.63,10.86,1.4,7.029999999999999,3.45,0.5874999999999999,21.09,1.3699999999999999,0.1346,5.699999999999999,0.5553
anfernee simons,2022,4,1,22.0,0,0.1805,0.4555,4.550000000000001,2.19,0.3967,5.86,0.5728,2.34,16.36,2.65,0.5,0.1,-1.5499999999999998,-2.21,9.82,2.06,0.06,0.427,10.43,4.5,0.8513,1.53,1.33,0.14999999999999997,15.8,61.7,24.08,0.6099999999999999,1.55,0.39,1.45,13.14,1.7799999999999998,12.65,0.8700000000000001,0.42000000000000004,10.629999999999999,1.3900000000000001,5.59,2.4000000000000004,0.5686,21.630000000000003,0.15999999999999998,0.0519,1.53,0.542,0.4555,4.550000000000001,2.19,0.3967,5.86,0.5728,2.34,16.36,2.65,0.5,0.1,-1.5499999999999998,-2.21,9.82,2.06,0.06,0.427,10.43,4.5,0.8513,1.53,1.33,0.14999999999999997,15.8,61.7,24.08,0.6099999999999999,1.55,0.39,1.45,13.14,1.7799999999999998,12.65,0.8700000000000001,0.42000000000000004,10.629999999999999,1.3900000000000001,5.59,2.4000000000000004,0.5686,21.630000000000003,0.15999999999999998,0.0519,1.53,0.542
luguentz dort,2022,5,1,22.0,0,0.1235999999999999,0.4689,5.76,2.7,0.32830000000000004,6.3,0.5166000000000001,2.0700000000000003,7.859999999999999,1.52,0.91,0.34,-2.94,-0.54,10.04,2.8899999999999997,1.01,0.39690000000000003,12.01,4.77,0.8030999999999999,3.1100000000000003,2.5300000000000002,0.2572,46.7,48.3,29.770000000000003,-2.35,2.56,0.7,-0.05999999999999997,10.7,2.77,14.16,1.4300000000000002,0.9000000000000001,9.58,1.42,6.27,3.64,0.5256000000000001,20.98,-0.31,0.033100000000000004,0.95,0.48160000000000003,0.4689,5.76,2.7,0.32830000000000004,6.3,0.5166000000000001,2.0700000000000003,7.859999999999999,1.52,0.91,0.34,-2.94,-0.54,10.04,2.8899999999999997,1.01,0.39690000000000003,12.01,4.77,0.8030999999999999,3.1100000000000003,2.5300000000000002,0.2572,46.7,48.3,29.770000000000003,-2.35,2.56,0.7,-0.05999999999999997,10.7,2.77,14.16,1.4300000000000002,0.9000000000000001,9.58,1.42,6.27,3.64,0.5256000000000001,20.98,-0.31,0.033100000000000004,0.95,0.48160000000000003
collin sexton,2022,4,0,23.0,0,0.1334,0.5216000000000001,11.56,6.01,0.3093,4.15,0.2677,1.28,15.75,2.97,0.18,0.08,-2.4699999999999998,-1.3399999999999999,7.550000000000001,2.1500000000000004,0.5,0.4619,15.709999999999999,7.32,0.7857,4.49,3.5600000000000005,0.2823,36.5,36.5,31.54,-1.15,3.82,1.08,1.0000000000000002,14.26,2.37,19.45,1.52,0.95,13.6,2.7199999999999998,5.68,3.2,0.5454,28.3,0.22,0.0309,1.5,0.5025999999999999,0.5216000000000001,11.56,6.01,0.3093,4.15,0.2677,1.28,15.75,2.97,0.18,0.08,-2.4699999999999998,-1.3399999999999999,7.550000000000001,2.1500000000000004,0.5,0.4619,15.709999999999999,7.32,0.7857,4.49,3.5600000000000005,0.2823,36.5,36.5,31.54,-1.15,3.82,1.08,1.0000000000000002,14.26,2.37,19.45,1.52,0.95,13.6,2.7199999999999998,5.68,3.2,0.5454,28.3,0.22,0.0309,1.5,0.5025999999999999
james harden,2022,2,1,32.0,0,0.2669,0.5151,8.91,4.6,0.3446,8.21,0.4739,2.87,40.65,9.89,1.61,0.72,6.08,0.7700000000000001,19.23,6.63,2.5,0.4336,17.119999999999997,7.470000000000001,0.8698,8.65,7.529999999999999,0.5076,59.0,59.3,36.88,5.33,2.63,0.8400000000000001,6.0200000000000005,23.619999999999997,2.55,25.24,1.79,1.37,17.28,4.300000000000001,11.100000000000001,7.540000000000001,0.6021,29.38,4.42,0.18919999999999998,8.52,0.5155000000000001,0.5151,8.91,4.6,0.3446,8.21,0.4739,2.87,40.65,9.89,1.61,0.72,6.08,0.7700000000000001,19.23,6.63,2.5,0.4336,17.119999999999997,7.470000000000001,0.8698,8.65,7.529999999999999,0.5076,59.0,59.3,36.88,5.33,2.63,0.8400000000000001,6.0200000000000005,23.619999999999997,2.55,25.24,1.79,1.37,17.28,4.300000000000001,11.100000000000001,7.540000000000001,0.6021,29.38,4.42,0.18919999999999998,8.52,0.5155000000000001
mitchell robinson,2022,4,1,23.0,0,0.1378,0.7248,5.23,3.7300000000000004,0.0,0.0,0.0,0.0,3.25,0.52,6.65,1.75,2.04,1.33,18.560000000000002,4.4,2.5100000000000002,0.7248,5.23,3.7300000000000004,0.5039,2.24,1.12,0.4411,41.1,57.5,25.72,0.7300000000000001,15.49,3.73,4.15,20.36,2.83,8.68,1.79,0.91,11.309999999999999,0.76,16.99,8.129999999999999,0.6988,11.9,1.57,0.2141,6.63,0.7248,0.7248,5.23,3.7300000000000004,0.0,0.0,0.0,0.0,3.25,0.52,6.65,1.75,2.04,1.33,18.560000000000002,4.4,2.5100000000000002,0.7248,5.23,3.7300000000000004,0.5039,2.24,1.12,0.4411,41.1,57.5,25.72,0.7300000000000001,15.49,3.73,4.15,20.36,2.83,8.68,1.79,0.91,11.309999999999999,0.76,16.99,8.129999999999999,0.6988,11.9,1.57,0.2141,6.63,0.7248
bobby portis,2022,4,1,26.0,0,0.0877,0.5277000000000001,6.93,3.63,0.4094,3.63,0.3363,1.4300000000000002,7.640000000000001,1.23,1.95,0.53,0.32999999999999996,-0.8400000000000001,23.869999999999997,5.64,2.1,0.4864,10.559999999999999,5.109999999999999,0.7506,1.4100000000000001,1.06,0.1332,32.6,69.0,24.560000000000002,1.1400000000000001,8.969999999999999,2.06,2.4699999999999998,17.740000000000002,2.05,12.739999999999998,1.4100000000000001,0.69,8.989999999999998,1.11,16.549999999999997,7.699999999999999,0.5709,21.200000000000003,0.97,0.12840000000000001,4.57,0.5544,0.5277000000000001,6.93,3.63,0.4094,3.63,0.3363,1.4300000000000002,7.640000000000001,1.23,1.95,0.53,0.32999999999999996,-0.8400000000000001,23.869999999999997,5.64,2.1,0.4864,10.559999999999999,5.109999999999999,0.7506,1.4100000000000001,1.06,0.1332,32.6,69.0,24.560000000000002,1.1400000000000001,8.969999999999999,2.06,2.4699999999999998,17.740000000000002,2.05,12.739999999999998,1.4100000000000001,0.69,8.989999999999998,1.11,16.549999999999997,7.699999999999999,0.5709,21.200000000000003,0.97,0.12840000000000001,4.57,0.5544
marvin bagley,2022,3,1,22.0,0,0.1011,0.5565,8.56,4.710000000000001,0.25780000000000003,2.09,0.20090000000000002,0.5800000000000001,5.32,0.8600000000000001,1.86,0.53,-2.78,-1.9900000000000002,22.5,4.96,0.66,0.49660000000000004,10.63,5.26,0.6652,2.46,1.62,0.23210000000000003,26.3,39.5,24.91,-0.81,9.870000000000001,2.29,0.87,15.86,2.3,12.719999999999999,0.9000000000000001,0.5,8.43,1.1,16.03,7.220000000000001,0.5441,22.11,-0.16,0.0699,1.5,0.5234,0.5565,8.56,4.710000000000001,0.25780000000000003,2.09,0.20090000000000002,0.5800000000000001,5.32,0.8600000000000001,1.86,0.53,-2.78,-1.9900000000000002,22.5,4.96,0.66,0.49660000000000004,10.63,5.26,0.6652,2.46,1.62,0.23210000000000003,26.3,39.5,24.91,-0.81,9.870000000000001,2.29,0.87,15.86,2.3,12.719999999999999,0.9000000000000001,0.5,8.43,1.1,16.03,7.220000000000001,0.5441,22.11,-0.16,0.0699,1.5,0.5234
chris boucher,2022,3,1,29.0,0,0.1026,0.584,4.4,2.58,0.3278,3.0,0.4035,1.02,4.13,0.56,5.89,1.22,1.44,0.18,21.68,3.9299999999999997,2.19,0.4806,7.35,3.5999999999999996,0.7817000000000001,2.54,2.0,0.34809999999999997,8.7,70.4,20.450000000000003,1.26,10.82,2.04,3.37,19.659999999999997,2.3,10.100000000000001,1.3199999999999998,0.56,6.49,0.59,16.07,6.01,0.5926,18.990000000000002,1.21,0.1896,5.59,0.5469999999999999,0.584,4.4,2.58,0.3278,3.0,0.4035,1.02,4.13,0.56,5.89,1.22,1.44,0.18,21.68,3.9299999999999997,2.19,0.4806,7.35,3.5999999999999996,0.7817000000000001,2.54,2.0,0.34809999999999997,8.7,70.4,20.450000000000003,1.26,10.82,2.04,3.37,19.659999999999997,2.3,10.100000000000001,1.3199999999999998,0.56,6.49,0.59,16.07,6.01,0.5926,18.990000000000002,1.21,0.1896,5.59,0.5469999999999999
pj tucker,2022,3,0,36.0,1,0.0848,0.5146000000000001,2.34,1.25,0.3799,2.88,0.5675,1.09,8.21,1.73,1.03,0.32,-1.3099999999999998,0.97,14.91,3.89,2.05,0.4369,5.2,2.34,0.7565999999999999,0.74,0.52,0.14150000000000001,59.3,65.5,28.64,-2.26,5.01,1.32,1.55,8.96,2.51,6.29,1.45,0.8600000000000001,14.35,0.89,9.969999999999999,5.24,0.5613,9.75,0.46,0.0863,3.6,0.5425,0.5083,2.47,1.25,0.39670000000000005,3.3,0.5668,1.31,7.209999999999999,1.5300000000000002,0.81,0.24,0.3500000000000001,1.55,14.66,3.72,0.77,0.4435,5.8,2.59,0.569,0.51,0.32999999999999996,0.0858,17.1,18.3,29.93,-1.1800000000000002,7.300000000000001,1.96,0.61,10.21,3.17,6.82,1.48,0.92,10.18,0.6699999999999999,10.83,5.73,0.5612999999999999,9.88,0.27,0.122,1.3599999999999999,0.554
cody martin,2022,4,1,26.0,0,0.0566,0.5347000000000001,3.14,1.69,0.3216,1.7500000000000002,0.35509999999999997,0.62,13.510000000000002,2.16,1.4,0.35,-1.27,0.76,13.1,2.58,1.1800000000000002,0.4593,4.9399999999999995,2.31,0.6539999999999999,1.27,0.8800000000000001,0.258,9.1,60.7,21.8,-2.0300000000000002,5.13,1.06,1.3,11.629999999999999,1.4200000000000002,6.050000000000001,2.2199999999999998,0.97,13.75,0.8700000000000001,9.059999999999999,3.59,0.5405,12.52,0.35,0.0792,2.48,0.5168,0.5347000000000001,3.14,1.69,0.3216,1.7500000000000002,0.35509999999999997,0.62,13.510000000000002,2.16,1.4,0.35,-1.27,0.76,13.1,2.58,1.1800000000000002,0.4593,4.9399999999999995,2.31,0.6539999999999999,1.27,0.8800000000000001,0.258,9.1,60.7,21.8,-2.0300000000000002,5.13,1.06,1.3,11.629999999999999,1.4200000000000002,6.050000000000001,2.2199999999999998,0.97,13.75,0.8700000000000001,9.059999999999999,3.59,0.5405,12.52,0.35,0.0792,2.48,0.5168
tyus jones,2022,2,1,25.0,0,0.1213,0.488,4.51,2.1799999999999997,0.3671,2.38,0.345,0.87,29.08,4.19,0.25,0.05,1.21,0.56,10.2,1.8900000000000001,1.4100000000000001,0.4466,6.89,3.05,0.8305,0.81,0.6699999999999999,0.1197,15.4,70.5,19.65,0.65,1.25,0.21000000000000002,2.53,15.89,0.46,7.72,2.19,0.9000000000000001,8.81,0.6699999999999999,5.66,2.12,0.5317000000000001,16.72,1.13,0.13540000000000002,3.9899999999999998,0.5103,0.488,4.51,2.1799999999999997,0.3671,2.38,0.345,0.87,29.08,4.19,0.25,0.05,1.21,0.56,10.2,1.8900000000000001,1.4100000000000001,0.4466,6.89,3.05,0.8305,0.81,0.6699999999999999,0.1197,15.4,70.5,19.65,0.65,1.25,0.21000000000000002,2.53,15.89,0.46,7.72,2.19,0.9000000000000001,8.81,0.6699999999999999,5.66,2.12,0.5317000000000001,16.72,1.13,0.13540000000000002,3.9899999999999998,0.5103
gary payton,2022,3,0,29.0,0,0.0670999999999999,0.7437,2.35,1.68,0.3856,1.29,0.3463,0.44,7.99,0.8200000000000001,1.79,0.22,4.289999999999999,4.46,17.37,1.9,1.4100000000000001,0.6214999999999999,3.59,2.14,0.6265,0.5800000000000001,0.36,0.1907,11.4,44.3,12.98,-0.17000000000000012,6.13,0.74,1.31,19.92,1.52,5.08,4.720000000000001,1.1,9.65,0.47,11.8,2.6399999999999997,0.6882,14.870000000000001,0.93,0.20900000000000002,2.79,0.6873,0.7437,2.35,1.68,0.3856,1.29,0.3463,0.44,7.99,0.8200000000000001,1.79,0.22,4.289999999999999,4.46,17.37,1.9,1.4100000000000001,0.6214999999999999,3.59,2.14,0.6265,0.5800000000000001,0.36,0.1907,11.4,44.3,12.98,-0.17000000000000012,6.13,0.74,1.31,19.92,1.52,5.08,4.720000000000001,1.1,9.65,0.47,11.8,2.6399999999999997,0.6882,14.870000000000001,0.93,0.20900000000000002,2.79,0.6873
nicolas batum,2022,2,1,33.0,0,0.0877,0.5648,1.9300000000000002,1.08,0.3784,3.9699999999999998,0.6679999999999999,1.5,11.66,2.1100000000000003,2.04,0.61,1.4,1.58,16.03,3.78,1.82,0.43989999999999996,5.869999999999999,2.63,0.7574000000000001,0.6699999999999999,0.49000000000000005,0.1159,39.0,54.0,25.22,-0.12999999999999995,3.1,0.68,1.6500000000000001,12.46,1.5299999999999998,7.300000000000001,1.8599999999999999,0.96,11.84,0.79,9.67,4.46,0.5817,12.07,1.37,0.1121,3.47,0.5665,0.5648,1.9300000000000002,1.08,0.3784,3.9699999999999998,0.6679999999999999,1.5,11.66,2.1100000000000003,2.04,0.61,1.4,1.58,16.03,3.78,1.82,0.43989999999999996,5.869999999999999,2.63,0.7574000000000001,0.6699999999999999,0.49000000000000005,0.1159,39.0,54.0,25.22,-0.12999999999999995,3.1,0.68,1.6500000000000001,12.46,1.5299999999999998,7.300000000000001,1.8599999999999999,0.96,11.84,0.79,9.67,4.46,0.5817,12.07,1.37,0.1121,3.47,0.5665
kevon looney,2022,3,1,25.0,0,0.0566,0.5460999999999999,3.7600000000000002,2.04,0.0847,0.22999999999999998,0.06269999999999999,0.05,12.84,1.8,2.38,0.48,-0.94,0.99,20.740000000000002,3.75,2.06,0.5233,3.96,2.09,0.6437999999999999,1.1099999999999999,0.7,0.2751,51.0,63.3,18.87,-1.95,12.26,2.0999999999999996,2.31,13.3,2.3,4.91,1.38,0.51,13.75,0.7,16.560000000000002,5.9,0.5461,12.059999999999999,0.7,0.1364,4.42,0.5275,0.5460999999999999,3.7600000000000002,2.04,0.0847,0.22999999999999998,0.06269999999999999,0.05,12.84,1.8,2.38,0.48,-0.94,0.99,20.740000000000002,3.75,2.06,0.5233,3.96,2.09,0.6437999999999999,1.1099999999999999,0.7,0.2751,51.0,63.3,18.87,-1.95,12.26,2.0999999999999996,2.31,13.3,2.3,4.91,1.38,0.51,13.75,0.7,16.560000000000002,5.9,0.5461,12.059999999999999,0.7,0.1364,4.42,0.5275
caleb martin,2022,3,1,26.0,0,0.0524,0.5037,3.42,1.74,0.3891,2.4400000000000004,0.4234,0.9500000000000001,9.17,1.2000000000000002,2.0,0.39,-0.6699999999999999,0.63,12.940000000000001,2.3000000000000003,1.36,0.454,5.779999999999999,2.71,0.7358,1.4,1.02,0.2385,7.1,49.5,19.59,-1.35,4.8100000000000005,0.8999999999999999,0.8899999999999999,12.65,1.5699999999999998,7.34,2.09,0.85,11.05,0.79,8.84,3.13,0.5640000000000001,16.16,0.48000000000000004,0.0947,2.25,0.5353,0.5037,3.42,1.74,0.3891,2.4400000000000004,0.4234,0.9500000000000001,9.17,1.2000000000000002,2.0,0.39,-0.6699999999999999,0.63,12.940000000000001,2.3000000000000003,1.36,0.454,5.779999999999999,2.71,0.7358,1.4,1.02,0.2385,7.1,49.5,19.59,-1.35,4.8100000000000005,0.8999999999999999,0.8899999999999999,12.65,1.5699999999999998,7.34,2.09,0.85,11.05,0.79,8.84,3.13,0.5640000000000001,16.16,0.48000000000000004,0.0947,2.25,0.5353
malik monk,2022,2,0,23.0,0,0.0766,0.5337,4.9399999999999995,2.6399999999999997,0.37260000000000004,5.140000000000001,0.5104,1.97,15.63,2.5,1.01,0.29000000000000004,-1.25,-1.3599999999999999,11.29,2.5599999999999996,0.97,0.45349999999999996,10.080000000000002,4.56,0.8071999999999999,1.62,1.3199999999999998,0.16599999999999998,18.7,61.6,24.580000000000002,0.08999999999999997,1.94,0.44,1.3199999999999998,13.8,1.4900000000000002,12.47,1.25,0.65,12.01,1.47,6.52,3.0,0.5751999999999999,21.77,0.38,0.0623,2.24,0.5498000000000001,0.5337,4.9399999999999995,2.6399999999999997,0.37260000000000004,5.140000000000001,0.5104,1.97,15.63,2.5,1.01,0.29000000000000004,-1.25,-1.3599999999999999,11.29,2.5599999999999996,0.97,0.45349999999999996,10.080000000000002,4.56,0.8071999999999999,1.62,1.3199999999999998,0.16599999999999998,18.7,61.6,24.580000000000002,0.08999999999999997,1.94,0.44,1.3199999999999998,13.8,1.4900000000000002,12.47,1.25,0.65,12.01,1.47,6.52,3.0,0.5751999999999999,21.77,0.38,0.0623,2.24,0.5498000000000001
ricky rubio,2022,3,0,31.0,0,0.0473,0.4119,6.22,2.51,0.3341,4.14,0.40290000000000004,1.3900000000000001,35.230000000000004,6.98,0.45999999999999996,0.17,-0.2699999999999999,0.64,13.649999999999999,3.52,1.49,0.3809,10.36,3.9200000000000004,0.8596999999999999,2.8600000000000003,2.4699999999999998,0.2812,32.3,50.4,28.28,-0.9299999999999999,1.83,0.46,1.0999999999999999,14.35,2.22,11.73,2.47,1.4,16.75,2.3200000000000003,7.720000000000001,3.9799999999999995,0.5058,21.33,0.55,0.0809,2.56,0.4474,0.4119,6.22,2.51,0.3341,4.14,0.40290000000000004,1.3900000000000001,35.230000000000004,6.98,0.45999999999999996,0.17,-0.2699999999999999,0.64,13.649999999999999,3.52,1.49,0.3809,10.36,3.9200000000000004,0.8596999999999999,2.8600000000000003,2.4699999999999998,0.2812,32.3,50.4,28.28,-0.9299999999999999,1.83,0.46,1.0999999999999999,14.35,2.22,11.73,2.47,1.4,16.75,2.3200000000000003,7.720000000000001,3.9799999999999995,0.5058,21.33,0.55,0.0809,2.56,0.4474
kyle anderson,2022,2,0,28.0,0,0.071,0.5104,5.08,2.58,0.3294,2.2,0.2865,0.75,16.77,2.91,2.64,0.71,1.69,2.02,20.17,4.33,2.4000000000000004,0.4582,7.23,3.3099999999999996,0.6873,1.8,1.29,0.24320000000000003,31.8,68.6,22.92,-0.33000000000000007,4.21,0.92,1.55,14.86,1.6500000000000001,8.68,2.26,1.07,12.23,1.06,12.09,5.22,0.5332,16.35,1.53,0.1176,3.9299999999999997,0.5062,0.5104,5.08,2.58,0.3294,2.2,0.2865,0.75,16.77,2.91,2.64,0.71,1.69,2.02,20.17,4.33,2.4000000000000004,0.4582,7.23,3.3099999999999996,0.6873,1.8,1.29,0.24320000000000003,31.8,68.6,22.92,-0.33000000000000007,4.21,0.92,1.55,14.86,1.6500000000000001,8.68,2.26,1.07,12.23,1.06,12.09,5.22,0.5332,16.35,1.53,0.1176,3.9299999999999997,0.5062
nic claxton,2022,2,1,22.0,0,0.0756,0.6546000000000001,4.66,3.08,0.0886,0.16,0.039400000000000004,0.020000000000000004,7.6000000000000005,0.9400000000000001,4.84,1.04,0.23,0.54,18.71,3.33,0.91,0.6359,4.79,3.0999999999999996,0.5405,1.88,0.99,0.39590000000000003,9.8,36.1,18.43,-0.2899999999999999,9.86,1.6,1.5099999999999998,17.33,1.96,7.209999999999999,1.23,0.48,11.09,0.7,14.46,4.9399999999999995,0.635,14.71,0.44,0.15560000000000002,2.42,0.6388,0.6546000000000001,4.66,3.08,0.0886,0.16,0.039400000000000004,0.020000000000000004,7.6000000000000005,0.9400000000000001,4.84,1.04,0.23,0.54,18.71,3.33,0.91,0.6359,4.79,3.0999999999999996,0.5405,1.88,0.99,0.39590000000000003,9.8,36.1,18.43,-0.2899999999999999,9.86,1.6,1.5099999999999998,17.33,1.96,7.209999999999999,1.23,0.48,11.09,0.7,14.46,4.9399999999999995,0.635,14.71,0.44,0.15560000000000002,2.42,0.6388
javale mcgee,2022,3,0,34.0,0,0.0441999999999999,0.6082000000000001,5.609999999999999,3.41,0.2734,0.21999999999999997,0.0395,0.03,6.529999999999999,0.6399999999999999,6.74,1.19,-0.04999999999999993,1.11,28.119999999999997,4.08,2.1100000000000003,0.5952,5.83,3.46,0.6758,1.69,1.16,0.2845,22.700000000000003,64.4,15.629999999999999,-1.16,13.870000000000001,1.9700000000000002,1.6099999999999999,20.28,2.44,8.11,1.17,0.37,15.54,1.2000000000000002,21.07,6.050000000000001,0.6182000000000001,21.53,0.5700000000000001,0.1605,3.6900000000000004,0.5999,0.6082000000000001,5.609999999999999,3.41,0.2734,0.21999999999999997,0.0395,0.03,6.529999999999999,0.6399999999999999,6.74,1.19,-0.04999999999999993,1.11,28.119999999999997,4.08,2.1100000000000003,0.5952,5.83,3.46,0.6758,1.69,1.16,0.2845,22.700000000000003,64.4,15.629999999999999,-1.16,13.870000000000001,1.9700000000000002,1.6099999999999999,20.28,2.44,8.11,1.17,0.37,15.54,1.2000000000000002,21.07,6.050000000000001,0.6182000000000001,21.53,0.5700000000000001,0.1605,3.6900000000000004,0.5999
delon wright,2022,2,0,29.0,0,0.0630999999999999,0.5085,3.4299999999999997,1.74,0.3751,1.9000000000000001,0.3769,0.72,19.4,3.1799999999999997,1.29,0.31,2.14,2.03,13.04,2.64,1.6500000000000001,0.45830000000000004,5.329999999999999,2.46,0.8231,1.2799999999999998,1.0499999999999998,0.2385,16.7,72.0,22.06,0.07999999999999999,4.07,0.8,2.37,14.870000000000001,0.97,6.64,2.91,1.3199999999999998,13.14,0.8900000000000001,8.61,3.5,0.5673999999999999,12.92,1.6400000000000001,0.12240000000000001,3.9699999999999998,0.5287999999999999,0.5085,3.4299999999999997,1.74,0.3751,1.9000000000000001,0.3769,0.72,19.4,3.1799999999999997,1.29,0.31,2.14,2.03,13.04,2.64,1.6500000000000001,0.45830000000000004,5.329999999999999,2.46,0.8231,1.2799999999999998,1.0499999999999998,0.2385,16.7,72.0,22.06,0.07999999999999999,4.07,0.8,2.37,14.870000000000001,0.97,6.64,2.91,1.3199999999999998,13.14,0.8900000000000001,8.61,3.5,0.5673999999999999,12.92,1.6400000000000001,0.12240000000000001,3.9699999999999998,0.5287999999999999
isaiah hartenstein,2022,2,0,23.0,0,0.0716,0.6294,4.07,2.58,0.33340000000000003,0.27,0.0665,0.1,16.84,1.72,5.43,0.89,2.04,2.26,21.07,2.89,1.4500000000000002,0.6093999999999999,4.390000000000001,2.6799999999999997,0.6747,1.64,1.11,0.3886,1.0,52.4,14.93,-0.21999999999999997,11.41,1.5299999999999998,2.0,20.09,2.3,6.62,1.83,0.55,16.98,1.04,16.25,4.4,0.6416999999999999,17.92,1.1,0.1857,3.45,0.6207,0.6294,4.07,2.58,0.33340000000000003,0.27,0.0665,0.1,16.84,1.72,5.43,0.89,2.04,2.26,21.07,2.89,1.4500000000000002,0.6093999999999999,4.390000000000001,2.6799999999999997,0.6747,1.64,1.11,0.3886,1.0,52.4,14.93,-0.21999999999999997,11.41,1.5299999999999998,2.0,20.09,2.3,6.62,1.83,0.55,16.98,1.04,16.25,4.4,0.6416999999999999,17.92,1.1,0.1857,3.45,0.6207
danilo gallinari,2022,2,0,33.0,0,0.0524,0.47750000000000004,4.81,2.2800000000000002,0.39330000000000004,5.17,0.5139,2.03,9.07,1.58,0.55,0.18,0.89,-0.96,17.36,4.109999999999999,1.08,0.43479999999999996,9.93,4.31,0.9081000000000001,3.1799999999999997,2.87,0.3133,22.6,60.7,25.770000000000003,1.83,2.05,0.44,3.11,15.94,1.5699999999999998,13.58,0.9800000000000001,0.52,6.340000000000001,0.78,9.84,4.619999999999999,0.5958,20.48,1.1800000000000002,0.1295,4.17,0.536,0.47750000000000004,4.81,2.2800000000000002,0.39330000000000004,5.17,0.5139,2.03,9.07,1.58,0.55,0.18,0.89,-0.96,17.36,4.109999999999999,1.08,0.43479999999999996,9.93,4.31,0.9081000000000001,3.1799999999999997,2.87,0.3133,22.6,60.7,25.770000000000003,1.83,2.05,0.44,3.11,15.94,1.5699999999999998,13.58,0.9800000000000001,0.52,6.340000000000001,0.78,9.84,4.619999999999999,0.5958,20.48,1.1800000000000002,0.1295,4.17,0.536
bruce brown,2022,2,0,25.0,0,0.0524,0.5382,5.75,3.08,0.3572,1.2600000000000002,0.1777,0.45999999999999996,12.77,2.33,2.1100000000000003,0.57,0.07999999999999996,0.77,15.51,3.55,1.73,0.5084,6.99,3.5600000000000005,0.7473000000000001,1.86,1.34,0.26280000000000003,42.2,67.1,24.630000000000003,-0.72,6.66,1.43,2.38,14.71,2.42,8.92,2.0,1.04,10.95,0.9800000000000001,11.190000000000001,4.96,0.5723,15.469999999999999,0.87,0.1206,4.140000000000001,0.5403,0.5382,5.75,3.08,0.3572,1.2600000000000002,0.1777,0.45999999999999996,12.77,2.33,2.1100000000000003,0.57,0.07999999999999996,0.77,15.51,3.55,1.73,0.5084,6.99,3.5600000000000005,0.7473000000000001,1.86,1.34,0.26280000000000003,42.2,67.1,24.630000000000003,-0.72,6.66,1.43,2.38,14.71,2.42,8.92,2.0,1.04,10.95,0.9800000000000001,11.190000000000001,4.96,0.5723,15.469999999999999,0.87,0.1206,4.140000000000001,0.5403
patty mills,2022,2,1,33.0,0,0.0524,0.47109999999999996,2.81,1.31,0.3889,6.609999999999999,0.7029,2.58,11.629999999999999,2.23,0.44,0.12000000000000001,-1.21,-1.2999999999999998,6.23,1.5299999999999998,0.79,0.41379999999999995,9.42,3.89,0.8532,1.02,0.9000000000000001,0.11280000000000001,24.5,74.1,26.439999999999998,0.09,1.1,0.25,1.7999999999999998,11.7,1.38,11.260000000000002,1.25,0.64,8.43,0.91,3.6900000000000004,1.78,0.5709,17.799999999999997,0.38,0.0658,2.62,0.5507,0.47109999999999996,2.81,1.31,0.3889,6.609999999999999,0.7029,2.58,11.629999999999999,2.23,0.44,0.12000000000000001,-1.21,-1.2999999999999998,6.23,1.5299999999999998,0.79,0.41379999999999995,9.42,3.89,0.8532,1.02,0.9000000000000001,0.11280000000000001,24.5,74.1,26.439999999999998,0.09,1.1,0.25,1.7999999999999998,11.7,1.38,11.260000000000002,1.25,0.64,8.43,0.91,3.6900000000000004,1.78,0.5709,17.799999999999997,0.38,0.0658,2.62,0.5507
otto porter,2022,2,0,28.0,0,0.0484999999999999,0.5239,4.04,2.07,0.3749,3.6900000000000004,0.48550000000000004,1.4100000000000001,11.05,1.71,1.52,0.36,1.75,1.09,19.68,4.0200000000000005,1.6400000000000001,0.45020000000000004,7.7299999999999995,3.4800000000000004,0.7994000000000001,1.33,1.0699999999999998,0.1676,11.1,42.7,22.3,0.66,5.83,1.18,1.36,15.46,1.54,9.39,2.0300000000000002,0.9500000000000001,7.970000000000001,0.73,12.84,5.15,0.5661,17.490000000000002,1.05,0.13670000000000002,3.0,0.5412,0.5239,4.04,2.07,0.3749,3.6900000000000004,0.48550000000000004,1.4100000000000001,11.05,1.71,1.52,0.36,1.75,1.09,19.68,4.0200000000000005,1.6400000000000001,0.45020000000000004,7.7299999999999995,3.4800000000000004,0.7994000000000001,1.33,1.0699999999999998,0.1676,11.1,42.7,22.3,0.66,5.83,1.18,1.36,15.46,1.54,9.39,2.0300000000000002,0.9500000000000001,7.970000000000001,0.73,12.84,5.15,0.5661,17.490000000000002,1.05,0.13670000000000002,3.0,0.5412
donte divincenzo,2022,2,0,25.0,0,0.0364,0.4424,3.37,1.5,0.35040000000000004,4.9,0.5935,1.76,15.030000000000001,2.79,0.7999999999999999,0.22,-0.8299999999999998,0.35,15.11,3.66,1.72,0.3925,8.27,3.2399999999999998,0.7835,1.59,1.29,0.19269999999999998,25.1,54.0,24.85,-1.1800000000000002,4.539999999999999,1.06,0.5999999999999999,12.370000000000001,1.6500000000000001,9.46,2.2399999999999998,1.1400000000000001,14.67,1.5499999999999998,9.91,4.7,0.529,17.92,0.51,0.07300000000000001,2.29,0.4961000000000001,0.4424,3.37,1.5,0.35040000000000004,4.9,0.5935,1.76,15.030000000000001,2.79,0.7999999999999999,0.22,-0.8299999999999998,0.35,15.11,3.66,1.72,0.3925,8.27,3.2399999999999998,0.7835,1.59,1.29,0.19269999999999998,25.1,54.0,24.85,-1.1800000000000002,4.539999999999999,1.06,0.5999999999999999,12.370000000000001,1.6500000000000001,9.46,2.2399999999999998,1.1400000000000001,14.67,1.5499999999999998,9.91,4.7,0.529,17.92,0.51,0.07300000000000001,2.29,0.4961000000000001
dewayne dedmon,2022,2,1,32.0,0,0.0046999999999999,0.6316999999999999,3.62,2.3,0.3032,0.9199999999999999,0.1881,0.28,7.029999999999999,0.69,3.96,0.6000000000000001,-1.15,0.7000000000000001,29.52,4.04,1.32,0.5753999999999999,4.539999999999999,2.5300000000000002,0.7639,1.42,1.08,0.32519999999999993,11.1,47.1,15.4,-1.9,12.05,1.62,0.76,17.18,2.59,6.4399999999999995,1.48,0.5,16.48,1.0,20.880000000000003,5.66,0.6311,17.86,0.07,0.1563,2.1,0.6021000000000001,0.6316999999999999,3.62,2.3,0.3032,0.9199999999999999,0.1881,0.28,7.029999999999999,0.69,3.96,0.6000000000000001,-1.15,0.7000000000000001,29.52,4.04,1.32,0.5753999999999999,4.539999999999999,2.5300000000000002,0.7639,1.42,1.08,0.32519999999999993,11.1,47.1,15.4,-1.9,12.05,1.62,0.76,17.18,2.59,6.4399999999999995,1.48,0.5,16.48,1.0,20.880000000000003,5.66,0.6311,17.86,0.07,0.1563,2.1,0.6021000000000001
danuel house,2022,2,0,28.0,0,0.0332,0.4767,2.49,1.25,0.3644,3.8099999999999996,0.5994999999999999,1.35,8.6,1.33,1.8,0.42000000000000004,-1.74,-0.10999999999999999,13.3,2.72,0.86,0.4086,6.35,2.62,0.7370000000000001,1.52,1.07,0.2495,20.8,44.4,22.5,-1.65,2.62,0.53,0.5800000000000001,10.29,1.5899999999999999,7.69,1.32,0.65,11.36,0.88,7.91,3.25,0.5494000000000001,14.93,0.13,0.060000000000000005,1.37,0.5179,0.4767,2.49,1.25,0.3644,3.8099999999999996,0.5994999999999999,1.35,8.6,1.33,1.8,0.42000000000000004,-1.74,-0.10999999999999999,13.3,2.72,0.86,0.4086,6.35,2.62,0.7370000000000001,1.52,1.07,0.2495,20.8,44.4,22.5,-1.65,2.62,0.53,0.5800000000000001,10.29,1.5899999999999999,7.69,1.32,0.65,11.36,0.88,7.91,3.25,0.5494000000000001,14.93,0.13,0.060000000000000005,1.37,0.5179
mike muscala,2022,2,1,30.0,0,0.0283,0.5372,1.92,1.0499999999999998,0.4011,4.09,0.6866,1.59,7.220000000000001,0.67,2.86,0.44999999999999996,2.45,0.26,18.53,2.61,0.59,0.44320000000000004,5.98,2.64,0.8596999999999999,1.05,0.9000000000000001,0.17870000000000003,0.4,41.4,14.86,2.19,3.34,0.45999999999999996,1.1099999999999999,16.759999999999998,1.3399999999999999,7.869999999999999,1.09,0.30000000000000004,6.1,0.41000000000000003,10.86,3.0999999999999996,0.6085,19.77,0.7000000000000001,0.13520000000000001,1.7000000000000002,0.5804,0.5372,1.92,1.0499999999999998,0.4011,4.09,0.6866,1.59,7.220000000000001,0.67,2.86,0.44999999999999996,2.45,0.26,18.53,2.61,0.59,0.44320000000000004,5.98,2.64,0.8596999999999999,1.05,0.9000000000000001,0.17870000000000003,0.4,41.4,14.86,2.19,3.34,0.45999999999999996,1.1099999999999999,16.759999999999998,1.3399999999999999,7.869999999999999,1.09,0.30000000000000004,6.1,0.41000000000000003,10.86,3.0999999999999996,0.6085,19.77,0.7000000000000001,0.13520000000000001,1.7000000000000002,0.5804
derrick jones,2022,2,1,24.0,0,0.0259,0.6381000000000001,2.91,1.8900000000000001,0.31479999999999997,1.73,0.36619999999999997,0.53,4.98,0.76,3.25,0.69,-0.73,0.47000000000000003,12.629999999999999,2.27,1.0,0.5196000000000001,4.640000000000001,2.42,0.7488,1.6,1.1700000000000002,0.3396,20.1,54.7,20.27,-1.23,6.75,1.21,1.7,13.05,2.1500000000000004,6.54,1.54,0.63,9.78,0.5800000000000001,9.690000000000001,3.48,0.6133,12.72,0.36,0.1168,2.7,0.5771999999999999,0.6381000000000001,2.91,1.8900000000000001,0.31479999999999997,1.73,0.36619999999999997,0.53,4.98,0.76,3.25,0.69,-0.73,0.47000000000000003,12.629999999999999,2.27,1.0,0.5196000000000001,4.640000000000001,2.42,0.7488,1.6,1.1700000000000002,0.3396,20.1,54.7,20.27,-1.23,6.75,1.21,1.7,13.05,2.1500000000000004,6.54,1.54,0.63,9.78,0.5800000000000001,9.690000000000001,3.48,0.6133,12.72,0.36,0.1168,2.7,0.5771999999999999
andre drummond,2022,2,0,28.0,0,0.0259,0.5471999999999999,9.260000000000002,4.97,0.0286,0.18,0.0167,0.020000000000000004,13.53,2.04,3.99,1.1,0.4700000000000001,1.0699999999999998,35.11,7.779999999999999,3.0200000000000005,0.5395,9.43,4.99,0.5569999999999999,3.4899999999999998,2.0100000000000002,0.3719,43.0,61.7,24.549999999999997,-0.5800000000000001,16.42,3.5100000000000002,0.94,20.72,2.96,11.96,2.66,1.35,17.630000000000003,2.33,25.769999999999996,11.29,0.5533,22.96,0.97,0.1297,3.9899999999999998,0.5401,0.5471999999999999,9.260000000000002,4.97,0.0286,0.18,0.0167,0.020000000000000004,13.53,2.04,3.99,1.1,0.4700000000000001,1.0699999999999998,35.11,7.779999999999999,3.0200000000000005,0.5395,9.43,4.99,0.5569999999999999,3.4899999999999998,2.0100000000000002,0.3719,43.0,61.7,24.549999999999997,-0.5800000000000001,16.42,3.5100000000000002,0.94,20.72,2.96,11.96,2.66,1.35,17.630000000000003,2.33,25.769999999999996,11.29,0.5533,22.96,0.97,0.1297,3.9899999999999998,0.5401
joe ingles,2022,1,0,34.0,0,0.0524,0.5905,1.9,1.12,0.3886,5.3100000000000005,0.7387,2.06,21.58,4.2,0.43000000000000005,0.15000000000000002,1.04,0.66,11.64,2.96,1.5599999999999998,0.43770000000000003,7.210000000000001,3.21,0.7970999999999999,0.9,0.73,0.1205,25.5,57.0,26.759999999999998,0.45000000000000007,1.3599999999999999,0.35,2.6,12.29,1.86,9.19,1.1600000000000001,0.64,15.5,1.4100000000000001,6.71,3.31,0.5961000000000001,14.6,1.33,0.1226,4.16,0.5800000000000001,0.5905,1.9,1.12,0.3886,5.3100000000000005,0.7387,2.06,21.58,4.2,0.43000000000000005,0.15000000000000002,1.04,0.66,11.64,2.96,1.5599999999999998,0.43770000000000003,7.210000000000001,3.21,0.7970999999999999,0.9,0.73,0.1205,25.5,57.0,26.759999999999998,0.45000000000000007,1.3599999999999999,0.35,2.6,12.29,1.86,9.19,1.1600000000000001,0.64,15.5,1.4100000000000001,6.71,3.31,0.5961000000000001,14.6,1.33,0.1226,4.16,0.5800000000000001
lonnie walker,2022,1,0,23.0,0,0.0524,0.4734,5.44,2.59,0.3447,4.25,0.4265,1.4500000000000002,11.5,1.83,0.98,0.28,-3.06,-1.27,10.92,2.25,0.9400000000000001,0.41469999999999996,9.690000000000001,3.99,0.7804,1.61,1.29,0.16570000000000001,16.8,65.2,22.36,-1.79,1.4,0.29000000000000004,-0.14,11.190000000000001,1.47,10.690000000000001,1.2200000000000002,0.55,8.77,0.97,6.09,2.54,0.5143,21.57,-0.39,0.0253,0.78,0.48719999999999997,0.4734,5.44,2.59,0.3447,4.25,0.4265,1.4500000000000002,11.5,1.83,0.98,0.28,-3.06,-1.27,10.92,2.25,0.9400000000000001,0.41469999999999996,9.690000000000001,3.99,0.7804,1.61,1.29,0.16570000000000001,16.8,65.2,22.36,-1.79,1.4,0.29000000000000004,-0.14,11.190000000000001,1.47,10.690000000000001,1.2200000000000002,0.55,8.77,0.97,6.09,2.54,0.5143,21.57,-0.39,0.0253,0.78,0.48719999999999997
kevin knox,2022,2,0,22.0,0,0.0243,0.4529,1.5100000000000002,0.64,0.32230000000000003,2.15,0.6033,0.69,6.5,0.48,1.22,0.16000000000000003,-3.3099999999999996,-1.2000000000000002,13.88,1.3399999999999999,0.41999999999999993,0.3719,3.66,1.33,0.7341,0.8200000000000001,0.5700000000000001,0.22190000000000001,0.8,40.6,10.58,-2.08,4.62,0.39,-0.05,9.84,0.8900000000000001,4.0,1.04,0.22000000000000003,8.32,0.36,9.16,1.7599999999999998,0.5005999999999999,18.42,-0.15999999999999998,0.0444,0.32,0.4687,0.4529,1.5100000000000002,0.64,0.32230000000000003,2.15,0.6033,0.69,6.5,0.48,1.22,0.16000000000000003,-3.3099999999999996,-1.2000000000000002,13.88,1.3399999999999999,0.41999999999999993,0.3719,3.66,1.33,0.7341,0.8200000000000001,0.5700000000000001,0.22190000000000001,0.8,40.6,10.58,-2.08,4.62,0.39,-0.05,9.84,0.8900000000000001,4.0,1.04,0.22000000000000003,8.32,0.36,9.16,1.7599999999999998,0.5005999999999999,18.42,-0.15999999999999998,0.0444,0.32,0.4687
montrezl harrell,2022,2,0,28.0,0,0.0199,0.6372,8.899999999999999,5.62,0.1175,0.19,0.025,0.05,11.32,1.67,2.71,0.73,3.4299999999999997,0.36,18.34,4.07,1.9100000000000001,0.6251,9.09,5.62,0.7017,4.33,3.02,0.48040000000000005,2.2,68.8,23.98,3.04,10.370000000000001,2.26,5.279999999999999,23.049999999999997,1.9799999999999998,14.32,1.09,0.53,9.59,1.17,14.399999999999999,6.33,0.6564000000000001,21.75,2.24,0.21100000000000002,7.24,0.6271,0.6372,8.899999999999999,5.62,0.1175,0.19,0.025,0.05,11.32,1.67,2.71,0.73,3.4299999999999997,0.36,18.34,4.07,1.9100000000000001,0.6251,9.09,5.62,0.7017,4.33,3.02,0.48040000000000005,2.2,68.8,23.98,3.04,10.370000000000001,2.26,5.279999999999999,23.049999999999997,1.9799999999999998,14.32,1.09,0.53,9.59,1.17,14.399999999999999,6.33,0.6564000000000001,21.75,2.24,0.21100000000000002,7.24,0.6271
damian jones,2022,2,0,26.0,0,0.0186,0.7,3.47,2.43,0.2769,0.32,0.0794,0.1,8.32,0.9299999999999999,4.14,0.75,-0.57,0.51,17.71,2.6900000000000004,0.72,0.669,3.8200000000000003,2.5300000000000002,0.7238,1.9,1.4,0.5093,15.9,50.7,16.52,-1.08,7.92,1.1800000000000002,1.94,16.65,2.29,6.58,1.18,0.44,15.04,0.8600000000000001,12.79,3.87,0.7064999999999999,14.07,0.35,0.1498,2.69,0.6807000000000001,0.7,3.47,2.43,0.2769,0.32,0.0794,0.1,8.32,0.9299999999999999,4.14,0.75,-0.57,0.51,17.71,2.6900000000000004,0.72,0.669,3.8200000000000003,2.5300000000000002,0.7238,1.9,1.4,0.5093,15.9,50.7,16.52,-1.08,7.92,1.1800000000000002,1.94,16.65,2.29,6.58,1.18,0.44,15.04,0.8600000000000001,12.79,3.87,0.7064999999999999,14.07,0.35,0.1498,2.69,0.6807000000000001
luke kornet,2022,2,1,26.0,0,0.0173,0.6316999999999999,1.61,1.0,0.1336,1.3199999999999998,0.3833,0.33,10.75,0.72,4.7299999999999995,0.5399999999999999,-0.25,0.6399999999999999,15.879999999999999,1.4000000000000001,0.37,0.4591,2.9299999999999997,1.3299999999999998,0.6263000000000001,0.42000000000000004,0.3,0.1587,3.4000000000000004,24.0,9.91,-0.8700000000000001,9.14,0.72,0.26,14.830000000000002,0.78,3.22,1.06,0.19,3.21,0.14,12.469999999999999,2.0700000000000003,0.5141,13.719999999999999,0.11,0.1437,0.6300000000000001,0.4977,0.6316999999999999,1.61,1.0,0.1336,1.3199999999999998,0.3833,0.33,10.75,0.72,4.7299999999999995,0.5399999999999999,-0.25,0.6399999999999999,15.879999999999999,1.4000000000000001,0.37,0.4591,2.9299999999999997,1.3299999999999998,0.6263000000000001,0.42000000000000004,0.3,0.1587,3.4000000000000004,24.0,9.91,-0.8700000000000001,9.14,0.72,0.26,14.830000000000002,0.78,3.22,1.06,0.19,3.21,0.14,12.469999999999999,2.0700000000000003,0.5141,13.719999999999999,0.11,0.1437,0.6300000000000001,0.4977
jevon carter,2022,2,1,26.0,0,0.017,0.4318,1.35,0.57,0.3903,2.55,0.6593,0.99,13.280000000000001,1.39,1.35,0.22,-0.8300000000000001,0.33,11.24,1.44,0.79,0.4033,3.85,1.57,0.7582,0.28,0.21000000000000002,0.067,2.2,62.6,13.709999999999999,-1.1600000000000001,2.33,0.29000000000000004,0.62,10.719999999999999,1.07,4.3100000000000005,1.73,0.51,9.969999999999999,0.45999999999999996,6.87,1.7,0.5425,14.08,0.22000000000000003,0.0808,1.44,0.5317000000000001,0.4318,1.35,0.57,0.3903,2.55,0.6593,0.99,13.280000000000001,1.39,1.35,0.22,-0.8300000000000001,0.33,11.24,1.44,0.79,0.4033,3.85,1.57,0.7582,0.28,0.21000000000000002,0.067,2.2,62.6,13.709999999999999,-1.1600000000000001,2.33,0.29000000000000004,0.62,10.719999999999999,1.07,4.3100000000000005,1.73,0.51,9.969999999999999,0.45999999999999996,6.87,1.7,0.5425,14.08,0.22000000000000003,0.0808,1.44,0.5317000000000001
blake griffin,2022,1,0,32.0,0,0.0148,0.5218,4.39,2.22,0.28190000000000004,3.8899999999999997,0.47,1.1,16.2,2.51,1.2000000000000002,0.32,-1.35,-0.47000000000000003,17.52,3.4699999999999998,0.8400000000000001,0.40979999999999994,8.25,3.3200000000000003,0.7404,2.5300000000000002,1.9100000000000001,0.2854,24.6,45.4,21.97,-0.8800000000000001,5.26,0.9700000000000001,0.79,13.1,1.87,9.600000000000001,1.23,0.54,10.04,1.1300000000000001,11.51,4.46,0.518,19.919999999999998,0.18,0.0749,1.63,0.4769,0.5218,4.39,2.22,0.28190000000000004,3.8899999999999997,0.47,1.1,16.2,2.51,1.2000000000000002,0.32,-1.35,-0.47000000000000003,17.52,3.4699999999999998,0.8400000000000001,0.40979999999999994,8.25,3.3200000000000003,0.7404,2.5300000000000002,1.9100000000000001,0.2854,24.6,45.4,21.97,-0.8800000000000001,5.26,0.9700000000000001,0.79,13.1,1.87,9.600000000000001,1.23,0.54,10.04,1.1300000000000001,11.51,4.46,0.518,19.919999999999998,0.18,0.0749,1.63,0.4769
austin rivers,2022,1,0,29.0,0,0.0148,0.5341,2.39,1.26,0.3529,3.7299999999999995,0.6202000000000001,1.33,9.959999999999999,1.6800000000000002,0.36,0.1,-2.9699999999999998,-0.14,8.29,1.77,1.06,0.41989999999999994,6.120000000000001,2.5900000000000003,0.7171000000000001,0.9400000000000001,0.65,0.14550000000000002,11.9,57.9,22.78,-2.83,1.44,0.29000000000000004,0.41,8.65,1.82,7.130000000000001,1.67,0.78,11.72,0.84,4.93,2.06,0.5467,14.04,-0.39,0.05449999999999999,1.47,0.5295000000000001,0.5341,2.39,1.26,0.3529,3.7299999999999995,0.6202000000000001,1.33,9.959999999999999,1.6800000000000002,0.36,0.1,-2.9699999999999998,-0.14,8.29,1.77,1.06,0.41989999999999994,6.120000000000001,2.5900000000000003,0.7171000000000001,0.9400000000000001,0.65,0.14550000000000002,11.9,57.9,22.78,-2.83,1.44,0.29000000000000004,0.41,8.65,1.82,7.130000000000001,1.67,0.78,11.72,0.84,4.93,2.06,0.5467,14.04,-0.39,0.05449999999999999,1.47,0.5295000000000001
taj gibson,2022,1,0,36.0,0,0.0148,0.5986,3.09,1.8499999999999999,0.3147,0.48,0.1528,0.2,5.59,0.7,4.16,0.8300000000000001,-0.8300000000000001,1.07,16.68,2.87,1.27,0.5639000000000001,3.5700000000000003,2.0500000000000003,0.7685,1.04,0.81,0.30010000000000003,14.100000000000001,51.9,18.64,-1.87,10.620000000000001,1.87,1.69,14.02,2.3600000000000003,5.04,1.37,0.49000000000000005,12.11,0.56,13.629999999999999,4.74,0.6233,10.870000000000001,0.28,0.15,3.01,0.5905,0.5986,3.09,1.8499999999999999,0.3147,0.48,0.1528,0.2,5.59,0.7,4.16,0.8300000000000001,-0.8300000000000001,1.07,16.68,2.87,1.27,0.5639000000000001,3.5700000000000003,2.0500000000000003,0.7685,1.04,0.81,0.30010000000000003,14.100000000000001,51.9,18.64,-1.87,10.620000000000001,1.87,1.69,14.02,2.3600000000000003,5.04,1.37,0.49000000000000005,12.11,0.56,13.629999999999999,4.74,0.6233,10.870000000000001,0.28,0.15,3.01,0.5905
robin lopez,2022,1,0,33.0,0,0.0148,0.5901000000000001,4.99,2.95,0.3165,0.51,0.0978,0.18,10.23,1.13,2.98,0.57,-2.7199999999999998,-0.98,10.1,1.6600000000000001,0.7400000000000001,0.5648,5.449999999999999,3.13,0.619,1.48,0.95,0.2675,8.2,52.5,17.130000000000003,-1.74,10.42,1.71,1.0699999999999998,13.899999999999999,1.7,7.33,0.35,0.15000000000000002,15.549999999999999,1.13,10.29,3.37,0.5941000000000001,17.9,-0.07,0.0867,1.81,0.5807,0.5901000000000001,4.99,2.95,0.3165,0.51,0.0978,0.18,10.23,1.13,2.98,0.57,-2.7199999999999998,-0.98,10.1,1.6600000000000001,0.7400000000000001,0.5648,5.449999999999999,3.13,0.619,1.48,0.95,0.2675,8.2,52.5,17.130000000000003,-1.74,10.42,1.71,1.0699999999999998,13.899999999999999,1.7,7.33,0.35,0.15000000000000002,15.549999999999999,1.13,10.29,3.37,0.5941000000000001,17.9,-0.07,0.0867,1.81,0.5807
andre iguodala,2022,1,1,38.0,0,0.0148,0.5845,1.45,0.8500000000000001,0.2736,2.51,0.633,0.69,20.02,3.02,3.56,0.73,1.1300000000000001,2.67,14.71,2.7,1.21,0.3913,3.96,1.56,0.6524,0.6199999999999999,0.43,0.1624,1.5,38.599999999999994,20.119999999999997,-1.49,3.88,0.69,0.22,11.01,1.31,4.24,2.0500000000000003,0.8600000000000001,19.229999999999997,1.02,9.45,3.39,0.4961,11.600000000000001,0.54,0.0941,1.4300000000000002,0.47840000000000005,0.5845,1.45,0.8500000000000001,0.2736,2.51,0.633,0.69,20.02,3.02,3.56,0.73,1.1300000000000001,2.67,14.71,2.7,1.21,0.3913,3.96,1.56,0.6524,0.6199999999999999,0.43,0.1624,1.5,38.599999999999994,20.119999999999997,-1.49,3.88,0.69,0.22,11.01,1.31,4.24,2.0500000000000003,0.8600000000000001,19.229999999999997,1.02,9.45,3.39,0.4961,11.600000000000001,0.54,0.0941,1.4300000000000002,0.47840000000000005
wesley matthews,2022,1,1,35.0,0,0.0148,0.4898,1.3,0.65,0.34230000000000005,3.5,0.7323999999999999,1.2000000000000002,5.609999999999999,0.9,0.89,0.21000000000000002,-2.52,0.4099999999999999,7.0,1.46,1.23,0.3826,4.8,1.85,0.8022,0.71,0.54,0.1446,23.4,55.3,20.93,-2.95,2.48,0.44999999999999996,0.52,7.23,1.62,5.47,1.25,0.58,7.98,0.44,4.83,1.93,0.5325,11.27,-0.09999999999999999,0.0685,1.75,0.508,0.4898,1.3,0.65,0.34230000000000005,3.5,0.7323999999999999,1.2000000000000002,5.609999999999999,0.9,0.89,0.21000000000000002,-2.52,0.4099999999999999,7.0,1.46,1.23,0.3826,4.8,1.85,0.8022,0.71,0.54,0.1446,23.4,55.3,20.93,-2.95,2.48,0.44999999999999996,0.52,7.23,1.62,5.47,1.25,0.58,7.98,0.44,4.83,1.93,0.5325,11.27,-0.09999999999999999,0.0685,1.75,0.508
bismack biyombo,2022,1,1,29.0,0,0.0148,0.5818,4.15,2.42,0.0,0.0,0.0012,0.0,7.15,0.8400000000000001,4.8,0.86,-2.05,0.18000000000000002,20.02,3.1100000000000003,1.05,0.5811999999999999,4.15,2.42,0.5225,2.04,1.1,0.4838,18.1,48.400000000000006,17.05,-2.23,12.55,1.9899999999999998,1.02,15.38,2.02,5.880000000000001,0.8300000000000001,0.28,14.580000000000002,0.86,16.28,5.05,0.5842,15.360000000000001,-0.09000000000000001,0.13190000000000002,2.07,0.5811999999999999,0.5818,4.15,2.42,0.0,0.0,0.0012,0.0,7.15,0.8400000000000001,4.8,0.86,-2.05,0.18000000000000002,20.02,3.1100000000000003,1.05,0.5811999999999999,4.15,2.42,0.5225,2.04,1.1,0.4838,18.1,48.400000000000006,17.05,-2.23,12.55,1.9899999999999998,1.02,15.38,2.02,5.880000000000001,0.8300000000000001,0.28,14.580000000000002,0.86,16.28,5.05,0.5842,15.360000000000001,-0.09000000000000001,0.13190000000000002,2.07,0.5811999999999999
deandre jordan,2022,1,0,33.0,0,0.0148,0.6845,3.84,2.62,0.0,0.0,0.0012,0.0,8.0,1.06,4.58,0.86,0.20000000000000018,0.7100000000000001,30.43,5.02,1.3900000000000001,0.6836,3.84,2.62,0.561,1.32,0.79,0.3357,24.1,52.3,17.47,-0.48,13.04,1.98,1.77,17.71,1.75,6.0600000000000005,0.8,0.3,19.72,1.1099999999999999,21.92,7.0,0.6777,13.7,0.6200000000000001,0.15810000000000002,3.16,0.6836,0.6845,3.84,2.62,0.0,0.0,0.0012,0.0,8.0,1.06,4.58,0.86,0.20000000000000018,0.7100000000000001,30.43,5.02,1.3900000000000001,0.6836,3.84,2.62,0.561,1.32,0.79,0.3357,24.1,52.3,17.47,-0.48,13.04,1.98,1.77,17.71,1.75,6.0600000000000005,0.8,0.3,19.72,1.1099999999999999,21.92,7.0,0.6777,13.7,0.6200000000000001,0.15810000000000002,3.16,0.6836
gorgui dieng,2022,1,0,32.0,0,0.005,0.5554,1.9,1.03,0.41269999999999996,1.77,0.5158,0.77,11.889999999999999,1.03,3.2300000000000004,0.45000000000000007,2.37,1.21,24.060000000000002,2.62,0.78,0.484,3.6999999999999997,1.7800000000000002,0.7797000000000001,1.1600000000000001,0.8899999999999999,0.2947,5.2,46.0,12.030000000000001,1.2,8.73,0.96,1.05,17.83,1.45,5.2700000000000005,1.88,0.52,13.8,0.69,16.35,3.63,0.6266,17.189999999999998,0.6100000000000001,0.1588,1.81,0.5913999999999999,0.5554,1.9,1.03,0.41269999999999996,1.77,0.5158,0.77,11.889999999999999,1.03,3.2300000000000004,0.45000000000000007,2.37,1.21,24.060000000000002,2.62,0.78,0.484,3.6999999999999997,1.7800000000000002,0.7797000000000001,1.1600000000000001,0.8899999999999999,0.2947,5.2,46.0,12.030000000000001,1.2,8.73,0.96,1.05,17.83,1.45,5.2700000000000005,1.88,0.52,13.8,0.69,16.35,3.63,0.6266,17.189999999999998,0.6100000000000001,0.1588,1.81,0.5913999999999999
jamychal green,2022,1,0,31.0,0,0.0148,0.5743,2.76,1.6099999999999999,0.3301,2.73,0.48340000000000005,0.97,6.72,0.8800000000000001,1.9900000000000002,0.4,-1.45,-0.11,20.59,3.4699999999999998,1.46,0.4677,5.49,2.58,0.8276,1.16,0.96,0.2148,5.7,63.5,18.03,-1.3900000000000001,8.14,1.29,1.24,13.350000000000001,2.51,6.99,1.48,0.52,12.73,0.9000000000000001,14.530000000000001,4.78,0.5857,16.619999999999997,0.13,0.115,2.75,0.5509,0.5743,2.76,1.6099999999999999,0.3301,2.73,0.48340000000000005,0.97,6.72,0.8800000000000001,1.9900000000000002,0.4,-1.45,-0.11,20.59,3.4699999999999998,1.46,0.4677,5.49,2.58,0.8276,1.16,0.96,0.2148,5.7,63.5,18.03,-1.3900000000000001,8.14,1.29,1.24,13.350000000000001,2.51,6.99,1.48,0.52,12.73,0.9000000000000001,14.530000000000001,4.78,0.5857,16.619999999999997,0.13,0.115,2.75,0.5509
raul neto,2022,1,0,29.0,0,0.0148,0.5166,4.12,2.13,0.34019999999999995,1.9500000000000002,0.32530000000000003,0.6699999999999999,19.71,2.6,0.38,0.05,-1.99,-0.09999999999999998,9.34,1.63,0.91,0.4629,6.07,2.82,0.8150999999999999,1.32,1.1,0.2219,16.7,65.0,18.85,-1.91,1.54,0.26,0.8999999999999999,12.64,1.44,7.38,2.06,0.81,13.16,0.9700000000000001,5.470000000000001,1.89,0.5549,17.68,-0.05000000000000002,0.0722,1.83,0.5191,0.5166,4.12,2.13,0.34019999999999995,1.9500000000000002,0.32530000000000003,0.6699999999999999,19.71,2.6,0.38,0.05,-1.99,-0.09999999999999998,9.34,1.63,0.91,0.4629,6.07,2.82,0.8150999999999999,1.32,1.1,0.2219,16.7,65.0,18.85,-1.91,1.54,0.26,0.8999999999999999,12.64,1.44,7.38,2.06,0.81,13.16,0.9700000000000001,5.470000000000001,1.89,0.5549,17.68,-0.05000000000000002,0.0722,1.83,0.5191
rodney mcgruder,2022,1,1,30.0,0,0.0148,0.5268999999999999,1.94,1.06,0.3899,2.2199999999999998,0.5258,0.8400000000000001,9.940000000000001,0.87,0.68,0.1,-1.09,-0.18999999999999995,11.32,1.5100000000000002,0.48000000000000004,0.45630000000000004,4.16,1.9,0.7022999999999999,0.52,0.38,0.1298,2.4,41.5,14.15,-0.8800000000000001,4.17,0.55,0.42,11.969999999999999,1.05,5.07,1.5799999999999998,0.45,9.39,0.45,7.6899999999999995,2.06,0.5696,14.950000000000001,0.039999999999999994,0.0848,0.95,0.5569,0.5268999999999999,1.94,1.06,0.3899,2.2199999999999998,0.5258,0.8400000000000001,9.940000000000001,0.87,0.68,0.1,-1.09,-0.18999999999999995,11.32,1.5100000000000002,0.48000000000000004,0.45630000000000004,4.16,1.9,0.7022999999999999,0.52,0.38,0.1298,2.4,41.5,14.15,-0.8800000000000001,4.17,0.55,0.42,11.969999999999999,1.05,5.07,1.5799999999999998,0.45,9.39,0.45,7.6899999999999995,2.06,0.5696,14.950000000000001,0.039999999999999994,0.0848,0.95,0.5569
thomas bryant,2022,1,0,24.0,0,0.0148,0.6466999999999999,5.47,3.5999999999999996,0.35309999999999997,1.83,0.2549,0.6300000000000001,8.629999999999999,1.26,3.54,0.8600000000000001,0.21000000000000008,-0.6699999999999999,19.86,3.8099999999999996,0.42000000000000004,0.5706,7.3,4.28,0.7858,1.97,1.51,0.26980000000000004,14.7,25.700000000000003,21.26,0.8,7.279999999999999,1.46,1.1800000000000002,18.130000000000003,2.17,10.629999999999999,0.76,0.32,10.13,0.92,13.530000000000001,5.27,0.6445,18.29,0.35,0.1431,1.6300000000000001,0.6151,0.6466999999999999,5.47,3.5999999999999996,0.35309999999999997,1.83,0.2549,0.6300000000000001,8.629999999999999,1.26,3.54,0.8600000000000001,0.21000000000000008,-0.6699999999999999,19.86,3.8099999999999996,0.42000000000000004,0.5706,7.3,4.28,0.7858,1.97,1.51,0.26980000000000004,14.7,25.700000000000003,21.26,0.8,7.279999999999999,1.46,1.1800000000000002,18.130000000000003,2.17,10.629999999999999,0.76,0.32,10.13,0.92,13.530000000000001,5.27,0.6445,18.29,0.35,0.1431,1.6300000000000001,0.6151
damion lee,2022,1,0,29.0,0,0.0148,0.5561,3.09,1.6400000000000001,0.3588,3.5,0.55,1.26,9.16,1.4300000000000002,0.54,0.1,-1.4,0.31,15.330000000000002,3.08,1.4500000000000002,0.444,6.57,2.87,0.8873,1.3599999999999999,1.15,0.1957,10.0,58.4,21.419999999999998,-1.71,2.34,0.46,1.05,11.530000000000001,1.71,8.190000000000001,1.6,0.71,9.11,0.73,8.89,3.54,0.5809,15.540000000000001,0.15999999999999998,0.0983,2.5,0.5439,0.5561,3.09,1.6400000000000001,0.3588,3.5,0.55,1.26,9.16,1.4300000000000002,0.54,0.1,-1.4,0.31,15.330000000000002,3.08,1.4500000000000002,0.444,6.57,2.87,0.8873,1.3599999999999999,1.15,0.1957,10.0,58.4,21.419999999999998,-1.71,2.34,0.46,1.05,11.530000000000001,1.71,8.190000000000001,1.6,0.71,9.11,0.73,8.89,3.54,0.5809,15.540000000000001,0.15999999999999998,0.0983,2.5,0.5439
troy brown,2022,1,0,22.0,0,0.0148,0.5021,2.8900000000000006,1.4300000000000002,0.3389,2.15,0.4614,0.71,9.08,1.29,0.56,0.13,-2.34,-0.36,17.84,2.88,0.8400000000000001,0.4266,5.01,2.14,0.7555000000000001,0.78,0.5900000000000001,0.13890000000000002,7.9,57.0,17.78,-2.0,4.26,0.7,0.51,10.34,1.25,5.640000000000001,1.56,0.58,10.11,0.6000000000000001,10.98,3.5999999999999996,0.5247999999999999,13.91,0.020000000000000004,0.0584,1.33,0.5046999999999999,0.5021,2.8900000000000006,1.4300000000000002,0.3389,2.15,0.4614,0.71,9.08,1.29,0.56,0.13,-2.34,-0.36,17.84,2.88,0.8400000000000001,0.4266,5.01,2.14,0.7555000000000001,0.78,0.5900000000000001,0.13890000000000002,7.9,57.0,17.78,-2.0,4.26,0.7,0.51,10.34,1.25,5.640000000000001,1.56,0.58,10.11,0.6000000000000001,10.98,3.5999999999999996,0.5247999999999999,13.91,0.020000000000000004,0.0584,1.33,0.5046999999999999
aaron holiday,2022,1,0,25.0,0,0.0148,0.4457,4.029999999999999,1.82,0.37870000000000004,2.3,0.35619999999999996,0.8600000000000001,18.369999999999997,2.45,0.8,0.15000000000000002,-2.43,-0.12000000000000002,8.99,1.53,1.03,0.4233,6.38,2.6799999999999997,0.8499,1.2000000000000002,0.97,0.1885,16.5,64.5,18.34,-2.26,2.02,0.32,0.15000000000000002,11.379999999999999,1.53,7.210000000000001,1.8800000000000001,0.72,13.95,1.11,5.54,1.8199999999999998,0.5271,18.939999999999998,-0.11999999999999998,0.049300000000000004,1.23,0.4903,0.4457,4.029999999999999,1.82,0.37870000000000004,2.3,0.35619999999999996,0.8600000000000001,18.369999999999997,2.45,0.8,0.15000000000000002,-2.43,-0.12000000000000002,8.99,1.53,1.03,0.4233,6.38,2.6799999999999997,0.8499,1.2000000000000002,0.97,0.1885,16.5,64.5,18.34,-2.26,2.02,0.32,0.15000000000000002,11.379999999999999,1.53,7.210000000000001,1.8800000000000001,0.72,13.95,1.11,5.54,1.8199999999999998,0.5271,18.939999999999998,-0.11999999999999998,0.049300000000000004,1.23,0.4903
josh okogie,2022,1,0,23.0,0,0.0148,0.5013000000000001,2.13,1.08,0.28290000000000004,1.54,0.43090000000000006,0.43999999999999995,6.98,0.9000000000000001,1.98,0.33,-2.82,0.54,9.52,1.46,0.73,0.40800000000000003,3.62,1.5,0.7329000000000001,1.6600000000000001,1.27,0.4685,19.7,54.6,16.34,-3.4400000000000004,5.74,0.9099999999999999,0.38,9.530000000000001,1.62,4.6899999999999995,2.23,0.74,14.510000000000002,0.74,7.6,2.34,0.5308,12.7,-0.21000000000000002,0.059899999999999995,1.1800000000000002,0.469,0.5013000000000001,2.13,1.08,0.28290000000000004,1.54,0.43090000000000006,0.43999999999999995,6.98,0.9000000000000001,1.98,0.33,-2.82,0.54,9.52,1.46,0.73,0.40800000000000003,3.62,1.5,0.7329000000000001,1.6600000000000001,1.27,0.4685,19.7,54.6,16.34,-3.4400000000000004,5.74,0.9099999999999999,0.38,9.530000000000001,1.62,4.6899999999999995,2.23,0.74,14.510000000000002,0.74,7.6,2.34,0.5308,12.7,-0.21000000000000002,0.059899999999999995,1.1800000000000002,0.469
yuta watanabe,2022,1,0,27.0,0,0.0148,0.4818,1.62,0.81,0.366,1.6700000000000002,0.483,0.6,6.890000000000001,0.6,2.69,0.34,-1.55,0.29,17.88,1.8399999999999999,0.56,0.4229,3.26,1.3900000000000001,0.6234,0.81,0.49,0.24029999999999999,3.2,37.6,11.36,-1.76,5.130000000000001,0.54,0.26,11.649999999999999,0.93,3.87,1.55,0.36,9.17,0.39,11.23,2.38,0.5275,15.35,0.06,0.0811,0.82,0.5107,0.4818,1.62,0.81,0.366,1.6700000000000002,0.483,0.6,6.890000000000001,0.6,2.69,0.34,-1.55,0.29,17.88,1.8399999999999999,0.56,0.4229,3.26,1.3900000000000001,0.6234,0.81,0.49,0.24029999999999999,3.2,37.6,11.36,-1.76,5.130000000000001,0.54,0.26,11.649999999999999,0.93,3.87,1.55,0.36,9.17,0.39,11.23,2.38,0.5275,15.35,0.06,0.0811,0.82,0.5107
theo pinson,2022,1,1,26.0,0,0.0148,0.602,0.74,0.31000000000000005,0.2041,1.4300000000000002,0.7544,0.35,13.4,0.8200000000000001,0.78,0.07,-6.36,-0.29000000000000004,14.33,0.85,0.18000000000000002,0.2708,2.14,0.6599999999999999,0.6876,0.35,0.35,0.1486,0.0,21.2,6.720000000000001,-6.069999999999999,1.33,0.11,-0.16,4.5600000000000005,0.5800000000000001,2.0,1.29,0.25,11.530000000000001,0.38,7.890000000000001,0.9600000000000001,0.38380000000000003,15.74,-0.08,-0.01609999999999999,0.05000000000000002,0.3446,0.602,0.74,0.31000000000000005,0.2041,1.4300000000000002,0.7544,0.35,13.4,0.8200000000000001,0.78,0.07,-6.36,-0.29000000000000004,14.33,0.85,0.18000000000000002,0.2708,2.14,0.6599999999999999,0.6876,0.35,0.35,0.1486,0.0,21.2,6.720000000000001,-6.069999999999999,1.33,0.11,-0.16,4.5600000000000005,0.5800000000000001,2.0,1.29,0.25,11.530000000000001,0.38,7.890000000000001,0.9600000000000001,0.38380000000000003,15.74,-0.08,-0.01609999999999999,0.05000000000000002,0.3446
drew eubanks,2022,1,1,24.0,0,0.0148,0.6063000000000001,4.19,2.51,0.6085,0.15,0.037,0.05,8.96,0.98,4.15,0.73,-1.06,-0.23000000000000004,22.82,3.2,0.9400000000000001,0.5962000000000001,4.34,2.58,0.7526,1.74,1.2999999999999998,0.40769999999999995,17.0,56.1,15.43,-0.83,10.78,1.58,1.56,17.83,1.67,6.57,1.1400000000000001,0.33,16.73,0.99,16.71,4.83,0.6408,17.04,0.22,0.1353,2.55,0.6021,0.6063000000000001,4.19,2.51,0.6085,0.15,0.037,0.05,8.96,0.98,4.15,0.73,-1.06,-0.23000000000000004,22.82,3.2,0.9400000000000001,0.5962000000000001,4.34,2.58,0.7526,1.74,1.2999999999999998,0.40769999999999995,17.0,56.1,15.43,-0.83,10.78,1.58,1.56,17.83,1.67,6.57,1.1400000000000001,0.33,16.73,0.99,16.71,4.83,0.6408,17.04,0.22,0.1353,2.55,0.6021
juan toscanoanderson,2022,1,0,28.0,0,0.0148,0.6144000000000001,2.2800000000000002,1.4,0.35119999999999996,1.4700000000000002,0.39,0.53,16.990000000000002,2.09,1.77,0.33,-0.8800000000000001,1.96,17.340000000000003,2.83,1.42,0.5102,3.73,1.93,0.6184999999999999,0.76,0.41000000000000003,0.2092,9.0,55.0,17.25,-2.8899999999999997,3.14,0.49,0.5499999999999999,11.16,1.89,4.82,2.17,0.79,20.59,1.05,10.32,3.3200000000000003,0.5891,13.19,0.37,0.094,1.94,0.5794,0.6144000000000001,2.2800000000000002,1.4,0.35119999999999996,1.4700000000000002,0.39,0.53,16.990000000000002,2.09,1.77,0.33,-0.8800000000000001,1.96,17.340000000000003,2.83,1.42,0.5102,3.73,1.93,0.6184999999999999,0.76,0.41000000000000003,0.2092,9.0,55.0,17.25,-2.8899999999999997,3.14,0.49,0.5499999999999999,11.16,1.89,4.82,2.17,0.79,20.59,1.05,10.32,3.3200000000000003,0.5891,13.19,0.37,0.094,1.94,0.5794
bruno fernando,2022,1,1,23.0,0,0.022,0.5797,1.87,1.1099999999999999,0.277,0.21999999999999997,0.0687,0.020000000000000004,7.470000000000001,0.37,4.01,0.29000000000000004,-2.82,-0.20000000000000004,26.119999999999997,1.63,0.27,0.5538000000000001,2.0100000000000002,1.1099999999999999,0.6309,0.79,0.5,0.4192,2.6,36.1,7.13,-2.67,10.870000000000001,0.69,0.09000000000000002,14.84,0.99,2.76,0.66,0.09,20.41,0.5900000000000001,18.57,2.32,0.5864,18.58,-0.12000000000000001,0.0753,0.33000000000000007,0.5607,0.5797,1.87,1.1099999999999999,0.277,0.21999999999999997,0.0687,0.020000000000000004,7.470000000000001,0.37,4.01,0.29000000000000004,-2.82,-0.20000000000000004,26.119999999999997,1.63,0.27,0.5538000000000001,2.0100000000000002,1.1099999999999999,0.6309,0.79,0.5,0.4192,2.6,36.1,7.13,-2.67,10.870000000000001,0.69,0.09000000000000002,14.84,0.99,2.76,0.66,0.09,20.41,0.5900000000000001,18.57,2.32,0.5864,18.58,-0.12000000000000001,0.0753,0.33000000000000007,0.5607
jerami grant,2023,5,1,28.0,0,0.2028,0.49560000000000004,9.49,4.68,0.3779,5.6899999999999995,0.376,2.1399999999999997,11.760000000000002,2.4799999999999995,2.48,0.92,0.4800000000000001,-0.9199999999999999,12.309999999999999,3.7,1.1500000000000001,0.4511,15.18,6.82,0.8269,5.630000000000001,4.66,0.3724,56.4,56.4,34.2,1.4,2.34,0.7,2.23,16.21,2.3499999999999996,20.47,1.15,0.79,9.57,1.84,7.1899999999999995,4.3999999999999995,0.581,24.810000000000002,1.14,0.08259999999999999,3.38,0.5225,0.49560000000000004,9.49,4.68,0.3779,5.6899999999999995,0.376,2.1399999999999997,11.760000000000002,2.4799999999999995,2.48,0.92,0.4800000000000001,-0.9199999999999999,12.309999999999999,3.7,1.1500000000000001,0.4511,15.18,6.82,0.8269,5.630000000000001,4.66,0.3724,56.4,56.4,34.2,1.4,2.34,0.7,2.23,16.21,2.3499999999999996,20.47,1.15,0.79,9.57,1.84,7.1899999999999995,4.3999999999999995,0.581,24.810000000000002,1.14,0.08259999999999999,3.38,0.5225
fred vanvleet,2023,3,0,28.0,0,0.3,0.4427,7.27,3.2199999999999998,0.3573,9.21,0.5574,3.27,27.4,6.869999999999999,1.57,0.59,2.83,0.44,11.68,3.66,2.5999999999999996,0.3952,16.46,6.49,0.8882000000000001,3.81,3.41,0.2316,64.4,64.4,37.02,2.37,1.5,0.53,3.5,17.05,2.61,19.66,2.33,1.75,10.67,2.14,6.35,4.21,0.5424,23.490000000000002,2.9400000000000004,0.12240000000000001,6.119999999999999,0.49470000000000003,0.4427,7.27,3.2199999999999998,0.3573,9.21,0.5574,3.27,27.4,6.869999999999999,1.57,0.59,2.83,0.44,11.68,3.66,2.5999999999999996,0.3952,16.46,6.49,0.8882000000000001,3.81,3.41,0.2316,64.4,64.4,37.02,2.37,1.5,0.53,3.5,17.05,2.61,19.66,2.33,1.75,10.67,2.14,6.35,4.21,0.5424,23.490000000000002,2.9400000000000004,0.12240000000000001,6.119999999999999,0.49470000000000003
kyrie irving,2023,3,1,30.0,0,0.2796,0.5495,12.42,6.83,0.3953,8.01,0.392,3.13,25.98,5.69,1.6099999999999999,0.72,4.05,-0.75,11.670000000000002,3.9499999999999997,1.59,0.4889,20.43,9.99,0.9114,4.42,4.02,0.21639999999999998,49.5,49.5,36.959999999999994,4.800000000000001,2.62,0.88,4.58,22.5,2.76,27.15,1.62,1.25,9.32,2.2800000000000002,7.24,4.83,0.6069,29.349999999999998,2.89,0.1614,6.17,0.5662,0.5495,12.42,6.83,0.3953,8.01,0.392,3.13,25.98,5.69,1.6099999999999999,0.72,4.05,-0.75,11.670000000000002,3.9499999999999997,1.59,0.4889,20.43,9.99,0.9114,4.42,4.02,0.21639999999999998,49.5,49.5,36.959999999999994,4.800000000000001,2.62,0.88,4.58,22.5,2.76,27.15,1.62,1.25,9.32,2.2800000000000002,7.24,4.83,0.6069,29.349999999999998,2.89,0.1614,6.17,0.5662
draymond green,2023,4,1,32.0,0,0.1641,0.5888,4.470000000000001,2.67,0.2953,1.6600000000000001,0.2674,0.44,30.93,7.28,2.69,0.8900000000000001,1.7000000000000002,3.34,21.92,6.279999999999999,3.0700000000000003,0.5104,6.13,3.1100000000000003,0.7132000000000001,1.63,1.1600000000000001,0.2666,62.3,62.9,30.72,-1.6400000000000001,3.34,0.9299999999999999,1.28,13.05,3.0700000000000003,7.9,1.9100000000000001,1.23,29.82,2.9,12.84,7.21,0.5766,13.51,1.7200000000000002,0.1107,4.35,0.5502,0.5888,4.470000000000001,2.67,0.2953,1.6600000000000001,0.2674,0.44,30.93,7.28,2.69,0.8900000000000001,1.7000000000000002,3.34,21.92,6.279999999999999,3.0700000000000003,0.5104,6.13,3.1100000000000003,0.7132000000000001,1.63,1.1600000000000001,0.2666,62.3,62.9,30.72,-1.6400000000000001,3.34,0.9299999999999999,1.28,13.05,3.0700000000000003,7.9,1.9100000000000001,1.23,29.82,2.9,12.84,7.21,0.5766,13.51,1.7200000000000002,0.1107,4.35,0.5502
cameron johnson,2023,4,1,26.0,0,0.1798,0.5471,4.09,2.24,0.3993,5.9399999999999995,0.601,2.4,8.71,1.68,0.94,0.27,2.0700000000000003,0.47,13.780000000000001,3.41,1.7,0.457,10.030000000000001,4.59,0.8484,2.16,1.81,0.20729999999999998,27.5,52.8,26.91,1.6,2.93,0.7,2.25,15.47,1.79,13.42,1.74,0.99,6.77,0.8,8.43,4.09,0.6086,18.950000000000003,1.47,0.135,3.95,0.5765,0.5471,4.09,2.24,0.3993,5.9399999999999995,0.601,2.4,8.71,1.68,0.94,0.27,2.0700000000000003,0.47,13.780000000000001,3.41,1.7,0.457,10.030000000000001,4.59,0.8484,2.16,1.81,0.20729999999999998,27.5,52.8,26.91,1.6,2.93,0.7,2.25,15.47,1.79,13.42,1.74,0.99,6.77,0.8,8.43,4.09,0.6086,18.950000000000003,1.47,0.135,3.95,0.5765
khris middleton,2023,3,1,31.0,0,0.2155999999999999,0.5078,8.45,4.279999999999999,0.35219999999999996,5.51,0.395,1.94,27.64,5.15,0.5700000000000001,0.21000000000000002,1.1400000000000001,-0.3,14.73,4.18,1.6,0.4461,13.96,6.24,0.8976,3.5700000000000003,3.19,0.255,42.900000000000006,49.900000000000006,28.549999999999997,1.41,3.05,0.74,2.28,17.77,2.25,17.66,1.51,0.93,13.68,2.49,9.07,4.92,0.5662,26.71,1.25,0.1212,3.8200000000000003,0.5153000000000001,0.5078,8.45,4.279999999999999,0.35219999999999996,5.51,0.395,1.94,27.64,5.15,0.5700000000000001,0.21000000000000002,1.1400000000000001,-0.3,14.73,4.18,1.6,0.4461,13.96,6.24,0.8976,3.5700000000000003,3.19,0.255,42.900000000000006,49.900000000000006,28.549999999999997,1.41,3.05,0.74,2.28,17.77,2.25,17.66,1.51,0.93,13.68,2.49,9.07,4.92,0.5662,26.71,1.25,0.1212,3.8200000000000003,0.5153000000000001
kyle kuzma,2023,4,1,27.0,0,0.188,0.5293000000000001,8.8,4.68,0.34099999999999997,6.58,0.4312,2.2199999999999998,15.1,3.2800000000000002,1.59,0.64,-0.99,-0.89,20.58,6.32,2.13,0.44820000000000004,15.38,6.9,0.7168,3.12,2.27,0.19979999999999998,58.2,65.4,33.26,-0.12000000000000002,3.7399999999999998,1.1,-0.42,14.25,2.08,18.31,0.8500000000000001,0.5800000000000001,13.309999999999999,2.62,12.379999999999999,7.369999999999999,0.5453,25.27,0.56,0.0387,1.71,0.5216000000000001,0.5293000000000001,8.8,4.68,0.34099999999999997,6.58,0.4312,2.2199999999999998,15.1,3.2800000000000002,1.59,0.64,-0.99,-0.89,20.58,6.32,2.13,0.44820000000000004,15.38,6.9,0.7168,3.12,2.27,0.19979999999999998,58.2,65.4,33.26,-0.12000000000000002,3.7399999999999998,1.1,-0.42,14.25,2.08,18.31,0.8500000000000001,0.5800000000000001,13.309999999999999,2.62,12.379999999999999,7.369999999999999,0.5453,25.27,0.56,0.0387,1.71,0.5216000000000001
dillon brooks,2023,4,0,27.0,0,0.1664,0.4617,9.3,4.31,0.3245,5.529999999999999,0.3786,1.8,12.809999999999999,2.5999999999999996,0.83,0.27,-3.2300000000000004,-0.71,8.93,2.46,1.83,0.4114,14.799999999999999,6.11,0.8071999999999999,2.62,2.12,0.1759,59.2,59.5,29.42,-2.52,2.68,0.73,-0.29000000000000004,11.77,3.34,16.11,1.65,1.02,8.77,1.54,5.74,3.19,0.5045,24.76,-0.7300000000000001,0.0497,1.56,0.4727,0.4617,9.3,4.31,0.3245,5.529999999999999,0.3786,1.8,12.809999999999999,2.5999999999999996,0.83,0.27,-3.2300000000000004,-0.71,8.93,2.46,1.83,0.4114,14.799999999999999,6.11,0.8071999999999999,2.62,2.12,0.1759,59.2,59.5,29.42,-2.52,2.68,0.73,-0.29000000000000004,11.77,3.34,16.11,1.65,1.02,8.77,1.54,5.74,3.19,0.5045,24.76,-0.7300000000000001,0.0497,1.56,0.4727
jakob poeltl,2023,4,1,27.0,0,0.1434,0.6235999999999999,8.45,5.26,0.3,0.0,0.0015999999999999999,0.0,13.82,2.5700000000000003,4.640000000000001,1.4700000000000002,1.5899999999999999,0.85,22.61,5.51,2.35,0.6231,8.48,5.26,0.5461,2.5999999999999996,1.45,0.3062,65.8,70.2,27.29,0.7200000000000001,13.15,3.46,3.8100000000000005,20.240000000000002,2.7800000000000002,12.02,1.42,0.8,14.23,1.5699999999999998,17.73,8.92,0.6238,17.27,1.72,0.155,6.21,0.6234,0.6235999999999999,8.45,5.26,0.3,0.0,0.0015999999999999999,0.0,13.82,2.5700000000000003,4.640000000000001,1.4700000000000002,1.5899999999999999,0.85,22.61,5.51,2.35,0.6231,8.48,5.26,0.5461,2.5999999999999996,1.45,0.3062,65.8,70.2,27.29,0.7200000000000001,13.15,3.46,3.8100000000000005,20.240000000000002,2.7800000000000002,12.02,1.42,0.8,14.23,1.5699999999999998,17.73,8.92,0.6238,17.27,1.72,0.155,6.21,0.6234
max strus,2023,4,0,26.0,0,0.1065,0.6260000000000001,2.1399999999999997,1.28,0.3656,6.21,0.7499,2.3200000000000003,9.7,1.59,0.66,0.18,-1.02,-0.91,10.95,2.2600000000000002,1.52,0.4283,8.4,3.6,0.8089999999999999,0.91,0.76,0.11030000000000001,21.3,68.2,23.79,-0.08000000000000007,1.93,0.44,1.47,11.629999999999999,1.78,10.149999999999999,0.9400000000000001,0.43,7.32,0.73,6.43,2.7199999999999998,0.5821000000000001,17.89,0.45999999999999996,0.08610000000000001,2.96,0.5657,0.6260000000000001,2.1399999999999997,1.28,0.3656,6.21,0.7499,2.3200000000000003,9.7,1.59,0.66,0.18,-1.02,-0.91,10.95,2.2600000000000002,1.52,0.4283,8.4,3.6,0.8089999999999999,0.91,0.76,0.11030000000000001,21.3,68.2,23.79,-0.08000000000000007,1.93,0.44,1.47,11.629999999999999,1.78,10.149999999999999,0.9400000000000001,0.43,7.32,0.73,6.43,2.7199999999999998,0.5821000000000001,17.89,0.45999999999999996,0.08610000000000001,2.96,0.5657
grant williams,2023,4,0,24.0,0,0.0911999999999999,0.5453,2.2199999999999998,1.2400000000000002,0.3952,3.27,0.589,1.33,7.390000000000001,1.35,1.8900000000000001,0.49000000000000005,-1.4100000000000001,0.74,13.350000000000001,2.98,2.2800000000000002,0.4569,5.46,2.5,0.7741,1.27,1.03,0.23520000000000002,19.6,75.2,23.89,-2.12,4.43,0.9500000000000001,1.69,10.01,2.44,7.33,1.08,0.5,13.620000000000001,0.92,8.96,3.94,0.6022000000000001,12.79,0.39,0.1002,3.95,0.5733999999999999,0.5453,2.2199999999999998,1.2400000000000002,0.3952,3.27,0.589,1.33,7.390000000000001,1.35,1.8900000000000001,0.49000000000000005,-1.4100000000000001,0.74,13.350000000000001,2.98,2.2800000000000002,0.4569,5.46,2.5,0.7741,1.27,1.03,0.23520000000000002,19.6,75.2,23.89,-2.12,4.43,0.9500000000000001,1.69,10.01,2.44,7.33,1.08,0.5,13.620000000000001,0.92,8.96,3.94,0.6022000000000001,12.79,0.39,0.1002,3.95,0.5733999999999999
rui hachimura,2023,3,1,24.0,0,0.1157,0.5324,6.98,3.7,0.35919999999999996,2.6,0.2761,0.9500000000000001,6.529999999999999,1.06,1.05,0.28,-2.14,-1.21,16.03,3.73,1.1099999999999999,0.4859,9.66,4.68,0.7325999999999999,1.99,1.47,0.20350000000000001,19.8,55.5,24.700000000000003,-1.03,3.53,0.76,0.71,13.35,1.36,11.75,0.8800000000000001,0.4600000000000001,7.790000000000001,0.88,9.91,4.49,0.5615,19.990000000000002,-0.12000000000000001,0.0631,1.7400000000000002,0.5365,0.5324,6.98,3.7,0.35919999999999996,2.6,0.2761,0.9500000000000001,6.529999999999999,1.06,1.05,0.28,-2.14,-1.21,16.03,3.73,1.1099999999999999,0.4859,9.66,4.68,0.7325999999999999,1.99,1.47,0.20350000000000001,19.8,55.5,24.700000000000003,-1.03,3.53,0.76,0.71,13.35,1.36,11.75,0.8800000000000001,0.4600000000000001,7.790000000000001,0.88,9.91,4.49,0.5615,19.990000000000002,-0.12000000000000001,0.0631,1.7400000000000002,0.5365
brook lopez,2023,2,1,34.0,0,0.1838,0.6063000000000001,6.27,3.8000000000000003,0.362,4.38,0.4118,1.58,4.65,0.94,5.75,1.9100000000000001,0.66,0.44000000000000006,13.82,3.83,2.48,0.5059,10.6,5.38,0.8220000000000001,2.14,1.74,0.2027,56.3,56.9,27.509999999999998,0.19000000000000003,6.87,1.75,2.76,17.08,2.5,14.129999999999999,0.9400000000000001,0.55,8.9,1.15,10.440000000000001,5.58,0.6082000000000001,19.6,1.46,0.1395,5.27,0.5798000000000001,0.6063000000000001,6.27,3.8000000000000003,0.362,4.38,0.4118,1.58,4.65,0.94,5.75,1.9100000000000001,0.66,0.44000000000000006,13.82,3.83,2.48,0.5059,10.6,5.38,0.8220000000000001,2.14,1.74,0.2027,56.3,56.9,27.509999999999998,0.19000000000000003,6.87,1.75,2.76,17.08,2.5,14.129999999999999,0.9400000000000001,0.55,8.9,1.15,10.440000000000001,5.58,0.6082000000000001,19.6,1.46,0.1395,5.27,0.5798000000000001
donte divincenzo,2023,4,0,26.0,0,0.0801,0.46940000000000004,2.77,1.26,0.376,5.25,0.6595,1.9900000000000002,16.32,3.21,0.6,0.15000000000000002,-0.29999999999999993,0.5800000000000001,14.54,3.5300000000000002,1.8399999999999999,0.4068,7.97,3.25,0.8049999999999999,1.32,1.07,0.1632,31.5,61.8,25.85,-0.8800000000000001,4.62,1.09,1.22,12.39,1.7200000000000002,9.48,2.2699999999999996,1.2000000000000002,15.559999999999999,1.59,9.629999999999999,4.609999999999999,0.5579000000000001,16.56,0.8200000000000001,0.0825,3.0300000000000002,0.5308999999999999,0.46940000000000004,2.77,1.26,0.376,5.25,0.6595,1.9900000000000002,16.32,3.21,0.6,0.15000000000000002,-0.29999999999999993,0.5800000000000001,14.54,3.5300000000000002,1.8399999999999999,0.4068,7.97,3.25,0.8049999999999999,1.32,1.07,0.1632,31.5,61.8,25.85,-0.8800000000000001,4.62,1.09,1.22,12.39,1.7200000000000002,9.48,2.2699999999999996,1.2000000000000002,15.559999999999999,1.59,9.629999999999999,4.609999999999999,0.5579000000000001,16.56,0.8200000000000001,0.0825,3.0300000000000002,0.5308999999999999
pj washington,2023,3,1,24.0,0,0.1239,0.5367999999999999,6.07,3.21,0.3607,5.23,0.47339999999999993,1.87,11.3,2.3899999999999997,3.24,1.06,-0.8600000000000001,0.03,14.809999999999999,4.14,2.06,0.45099999999999996,11.3,5.03,0.7288,2.02,1.46,0.17679999999999998,57.1,68.8,30.560000000000002,-0.8600000000000001,4.0600000000000005,1.19,0.8,13.21,2.5300000000000002,13.52,1.44,0.9400000000000001,11.399999999999999,1.54,9.35,5.3100000000000005,0.5572,18.86,0.5900000000000001,0.0665,2.8600000000000003,0.5363,0.5367999999999999,6.07,3.21,0.3607,5.23,0.47339999999999993,1.87,11.3,2.3899999999999997,3.24,1.06,-0.8600000000000001,0.03,14.809999999999999,4.14,2.06,0.45099999999999996,11.3,5.03,0.7288,2.02,1.46,0.17679999999999998,57.1,68.8,30.560000000000002,-0.8600000000000001,4.0600000000000005,1.19,0.8,13.21,2.5300000000000002,13.52,1.44,0.9400000000000001,11.399999999999999,1.54,9.35,5.3100000000000005,0.5572,18.86,0.5900000000000001,0.0665,2.8600000000000003,0.5363
bruce brown,2023,2,0,26.0,0,0.1617,0.5525,5.88,3.23,0.3578,2.17,0.2551,0.76,13.26,2.65,2.12,0.5900000000000001,-0.06,0.6699999999999999,14.35,3.41,2.2,0.5045,8.05,4.050000000000001,0.7534,1.85,1.4,0.2343,36.4,74.6,26.09,-0.75,5.32,1.1600000000000001,2.25,14.370000000000001,2.3600000000000003,10.21,1.96,1.06,11.37,1.15,9.99,4.57,0.5788,16.58,0.95,0.1128,4.470000000000001,0.5506,0.5525,5.88,3.23,0.3578,2.17,0.2551,0.76,13.26,2.65,2.12,0.5900000000000001,-0.06,0.6699999999999999,14.35,3.41,2.2,0.5045,8.05,4.050000000000001,0.7534,1.85,1.4,0.2343,36.4,74.6,26.09,-0.75,5.32,1.1600000000000001,2.25,14.370000000000001,2.3600000000000003,10.21,1.96,1.06,11.37,1.15,9.99,4.57,0.5788,16.58,0.95,0.1128,4.470000000000001,0.5506
dangelo russell,2023,2,1,26.0,0,0.1272,0.5158,6.970000000000001,3.56,0.3774,7.33,0.5127999999999999,2.74,30.349999999999998,6.390000000000001,1.11,0.37,1.31,-1.1400000000000001,9.06,2.58,1.52,0.44399999999999995,14.3,6.35,0.815,3.31,2.69,0.2336,60.2,63.4,31.55,2.37,1.52,0.45,2.62,16.560000000000002,1.92,18.130000000000003,1.48,1.02,14.21,2.59,5.279999999999999,3.01,0.5767,24.700000000000003,1.6400000000000001,0.0959,4.1899999999999995,0.5411999999999999,0.5158,6.970000000000001,3.56,0.3774,7.33,0.5127999999999999,2.74,30.349999999999998,6.390000000000001,1.11,0.37,1.31,-1.1400000000000001,9.06,2.58,1.52,0.44399999999999995,14.3,6.35,0.815,3.31,2.69,0.2336,60.2,63.4,31.55,2.37,1.52,0.45,2.62,16.560000000000002,1.92,18.130000000000003,1.48,1.02,14.21,2.59,5.279999999999999,3.01,0.5767,24.700000000000003,1.6400000000000001,0.0959,4.1899999999999995,0.5411999999999999
coby white,2023,3,1,22.0,0,0.0817,0.5119,4.44,2.21,0.37329999999999997,5.359999999999999,0.5545,1.9900000000000002,17.009999999999998,3.23,0.44999999999999996,0.15000000000000002,-1.5099999999999998,-0.65,12.2,2.8500000000000005,1.53,0.4346,9.8,4.26,0.8728,1.32,1.17,0.13269999999999998,16.9,69.1,26.189999999999998,-0.86,1.1800000000000002,0.27,1.22,12.43,1.9800000000000002,11.68,1.17,0.62,10.870000000000001,1.29,6.74,3.17,0.5631999999999999,19.39,0.21,0.074,2.75,0.5384,0.5119,4.44,2.21,0.37329999999999997,5.359999999999999,0.5545,1.9900000000000002,17.009999999999998,3.23,0.44999999999999996,0.15000000000000002,-1.5099999999999998,-0.65,12.2,2.8500000000000005,1.53,0.4346,9.8,4.26,0.8728,1.32,1.17,0.13269999999999998,16.9,69.1,26.189999999999998,-0.86,1.1800000000000002,0.27,1.22,12.43,1.9800000000000002,11.68,1.17,0.62,10.870000000000001,1.29,6.74,3.17,0.5631999999999999,19.39,0.21,0.074,2.75,0.5384
matisse thybulle,2023,3,1,25.0,0,0.0771999999999999,0.5864,1.77,1.06,0.3366,2.1500000000000004,0.5541,0.75,6.04,0.88,3.3200000000000003,0.8,0.45999999999999996,2.99,8.54,1.49,2.04,0.4515,3.8899999999999997,1.76,0.6656,0.47000000000000003,0.31999999999999995,0.1132,30.6,68.3,20.099999999999998,-2.5300000000000002,3.3099999999999996,0.5800000000000001,0.6799999999999999,10.629999999999999,1.9200000000000002,4.54,3.5,1.4300000000000002,9.68,0.43000000000000005,5.96,2.07,0.5558000000000001,10.030000000000001,0.8500000000000001,0.0955,2.7199999999999998,0.5451,0.5864,1.77,1.06,0.3366,2.1500000000000004,0.5541,0.75,6.04,0.88,3.3200000000000003,0.8,0.45999999999999996,2.99,8.54,1.49,2.04,0.4515,3.8899999999999997,1.76,0.6656,0.47000000000000003,0.31999999999999995,0.1132,30.6,68.3,20.099999999999998,-2.5300000000000002,3.3099999999999996,0.5800000000000001,0.6799999999999999,10.629999999999999,1.9200000000000002,4.54,3.5,1.4300000000000002,9.68,0.43000000000000005,5.96,2.07,0.5558000000000001,10.030000000000001,0.8500000000000001,0.0955,2.7199999999999998,0.5451
gabe vincent,2023,3,0,26.0,0,0.0771999999999999,0.506,2.7800000000000002,1.3800000000000001,0.3392,4.59,0.6253,1.57,15.79,2.44,0.44999999999999996,0.11,-3.2,-0.18000000000000002,7.82,1.48,1.52,0.4017,7.34,2.99,0.8545,0.89,0.76,0.1203,26.5,64.4,22.59,-3.02,1.69,0.33,-0.020000000000000018,9.2,2.16,8.27,1.82,0.8,13.73,1.2599999999999998,4.73,1.84,0.5314000000000001,17.91,-0.36,0.044,1.49,0.5076,0.506,2.7800000000000002,1.3800000000000001,0.3392,4.59,0.6253,1.57,15.79,2.44,0.44999999999999996,0.11,-3.2,-0.18000000000000002,7.82,1.48,1.52,0.4017,7.34,2.99,0.8545,0.89,0.76,0.1203,26.5,64.4,22.59,-3.02,1.69,0.33,-0.020000000000000018,9.2,2.16,8.27,1.82,0.8,13.73,1.2599999999999998,4.73,1.84,0.5314000000000001,17.91,-0.36,0.044,1.49,0.5076
caris levert,2023,2,1,28.0,0,0.1131,0.47909999999999997,8.25,4.01,0.3572,4.62,0.3719,1.63,20.68,4.28,1.17,0.39,-0.38,-0.05999999999999994,11.879999999999999,3.2,2.1500000000000004,0.43689999999999996,12.87,5.619999999999999,0.75,2.95,2.27,0.23349999999999999,37.5,63.8,30.63,-0.31999999999999995,2.71,0.7,1.24,14.29,2.28,15.190000000000001,1.6400000000000001,1.05,11.330000000000002,1.81,7.27,3.93,0.5367000000000001,22.71,0.8,0.0806,3.3400000000000003,0.5046999999999999,0.47909999999999997,8.25,4.01,0.3572,4.62,0.3719,1.63,20.68,4.28,1.17,0.39,-0.38,-0.05999999999999994,11.879999999999999,3.2,2.1500000000000004,0.43689999999999996,12.87,5.619999999999999,0.75,2.95,2.27,0.23349999999999999,37.5,63.8,30.63,-0.31999999999999995,2.71,0.7,1.24,14.29,2.28,15.190000000000001,1.6400000000000001,1.05,11.330000000000002,1.81,7.27,3.93,0.5367000000000001,22.71,0.8,0.0806,3.3400000000000003,0.5046999999999999
georges niang,2023,3,0,29.0,1,0.0647,0.5350999999999999,1.76,0.95,0.40640000000000004,4.8,0.7328,1.97,7.720000000000001,1.05,0.78,0.18,-1.3299999999999998,-0.81,12.39,2.16,1.3699999999999999,0.4395,6.54,2.86,0.8892,0.6,0.52,0.0879,4.6,76.2,19.74,-0.52,1.77,0.27,1.24,10.940000000000001,2.02,8.239999999999998,0.99,0.38,9.61,0.73,7.17,2.49,0.6035999999999999,17.02,0.2,0.0837,2.61,0.5885,0.5844,0.73,0.38,0.40259999999999996,2.8200000000000003,0.7836,1.1,5.23,0.51,0.84,0.12000000000000001,-4.25,-1.4100000000000001,6.93,0.8600000000000001,0.03,0.4315,3.55,1.51,0.5,0.14,0.14,0.0332,0.0,11.3,14.440000000000001,-2.8600000000000003,1.1600000000000001,0.13,0.039999999999999994,5.65,1.84,4.28,0.24,0.09,13.129999999999999,0.57,4.15,0.99,0.5972,13.4,-0.09000000000000001,0.017099999999999997,0.05,0.5878
paul reed,2023,3,1,23.0,0,0.0567999999999999,0.5969,2.7,1.6400000000000001,0.1585,0.15000000000000002,0.0548,0.03,7.34,0.42000000000000004,5.73,0.57,0.38,1.78,20.55,1.73,1.09,0.573,2.85,1.6400000000000001,0.6012,0.53,0.4,0.1864,1.6,51.1,9.18,-1.4000000000000001,17.68,1.4,0.82,20.259999999999998,1.5699999999999998,3.71,3.69,0.7,13.38,0.54,19.15,3.08,0.5884,17.75,0.29000000000000004,0.186,1.91,0.5774999999999999,0.5969,2.7,1.6400000000000001,0.1585,0.15000000000000002,0.0548,0.03,7.34,0.42000000000000004,5.73,0.57,0.38,1.78,20.55,1.73,1.09,0.573,2.85,1.6400000000000001,0.6012,0.53,0.4,0.1864,1.6,51.1,9.18,-1.4000000000000001,17.68,1.4,0.82,20.259999999999998,1.5699999999999998,3.71,3.69,0.7,13.38,0.54,19.15,3.08,0.5884,17.75,0.29000000000000004,0.186,1.91,0.5774999999999999
joe ingles,2023,2,0,35.0,0,0.0809,0.5811,1.35,0.77,0.39879999999999993,4.92,0.7906,1.9500000000000002,19.7,3.64,0.47,0.12000000000000001,0.2600000000000001,0.73,11.27,2.67,1.33,0.4365,6.2700000000000005,2.75,0.8291999999999999,0.66,0.54,0.09759999999999999,10.5,49.9,24.4,-0.49,1.38,0.32,1.8800000000000001,11.53,1.7000000000000002,8.030000000000001,1.29,0.6399999999999999,16.11,1.24,6.5,2.99,0.6077,13.579999999999998,0.8200000000000001,0.1177,3.21,0.5939,0.5811,1.35,0.77,0.39879999999999993,4.92,0.7906,1.9500000000000002,19.7,3.64,0.47,0.12000000000000001,0.2600000000000001,0.73,11.27,2.67,1.33,0.4365,6.2700000000000005,2.75,0.8291999999999999,0.66,0.54,0.09759999999999999,10.5,49.9,24.4,-0.49,1.38,0.32,1.8800000000000001,11.53,1.7000000000000002,8.030000000000001,1.29,0.6399999999999999,16.11,1.24,6.5,2.99,0.6077,13.579999999999998,0.8200000000000001,0.1177,3.21,0.5939
tre jones,2023,2,1,23.0,0,0.0728,0.5088,5.96,3.0700000000000003,0.3213,1.38,0.1643,0.39999999999999997,27.85,4.54,0.35,0.08,-1.35,-0.54,9.92,2.02,0.6900000000000001,0.4713,7.34,3.42,0.843,1.74,1.5,0.24470000000000003,36.0,62.1,21.04,-0.81,2.9000000000000004,0.56,1.9100000000000001,14.92,1.1099999999999999,8.75,1.87,0.87,11.760000000000002,1.09,6.32,2.58,0.5393,17.55,0.35,0.0905,2.65,0.4945,0.5088,5.96,3.0700000000000003,0.3213,1.38,0.1643,0.39999999999999997,27.85,4.54,0.35,0.08,-1.35,-0.54,9.92,2.02,0.6900000000000001,0.4713,7.34,3.42,0.843,1.74,1.5,0.24470000000000003,36.0,62.1,21.04,-0.81,2.9000000000000004,0.56,1.9100000000000001,14.92,1.1099999999999999,8.75,1.87,0.87,11.760000000000002,1.09,6.32,2.58,0.5393,17.55,0.35,0.0905,2.65,0.4945
jevon carter,2023,3,0,27.0,0,0.0455,0.4339,2.03,0.87,0.4011,3.38,0.635,1.38,14.05,1.89,1.29,0.30000000000000004,-0.8600000000000001,0.66,10.370000000000001,1.76,1.52,0.41200000000000003,5.38,2.27,0.7721,0.36,0.28,0.061,20.6,72.3,17.66,-1.57,2.08,0.32,0.8899999999999999,10.77,1.48,6.08,1.6400000000000001,0.62,10.67,0.71,6.34,2.06,0.5489,14.850000000000001,0.37,0.0854,2.43,0.5393000000000001,0.4339,2.03,0.87,0.4011,3.38,0.635,1.38,14.05,1.89,1.29,0.30000000000000004,-0.8600000000000001,0.66,10.370000000000001,1.76,1.52,0.41200000000000003,5.38,2.27,0.7721,0.36,0.28,0.061,20.6,72.3,17.66,-1.57,2.08,0.32,0.8899999999999999,10.77,1.48,6.08,1.6400000000000001,0.62,10.67,0.71,6.34,2.06,0.5489,14.850000000000001,0.37,0.0854,2.43,0.5393000000000001
jeff green,2023,2,0,36.0,0,0.0588,0.5888,4.26,2.51,0.32089999999999996,2.35,0.3483,0.76,7.9,1.31,1.35,0.35,-2.61,-1.07,11.399999999999999,2.38,1.0,0.4996,6.640000000000001,3.3200000000000003,0.7771,2.31,1.82,0.3515,28.5,64.1,22.56,-1.56,3.27,0.6,1.79,11.85,1.8599999999999999,9.190000000000001,0.79,0.37,10.13,0.8300000000000001,7.48,3.01,0.6009,16.509999999999998,-0.16,0.0887,2.84,0.5572,0.5888,4.26,2.51,0.32089999999999996,2.35,0.3483,0.76,7.9,1.31,1.35,0.35,-2.61,-1.07,11.399999999999999,2.38,1.0,0.4996,6.640000000000001,3.3200000000000003,0.7771,2.31,1.82,0.3515,28.5,64.1,22.56,-1.56,3.27,0.6,1.79,11.85,1.8599999999999999,9.190000000000001,0.79,0.37,10.13,0.8300000000000001,7.48,3.01,0.6009,16.509999999999998,-0.16,0.0887,2.84,0.5572
trey lyles,2023,2,1,27.0,0,0.0588,0.5791,3.0,1.74,0.3478,2.7800000000000002,0.49439999999999995,0.99,7.26,0.9299999999999999,1.71,0.32,-0.9500000000000001,-0.79,21.57,3.38,1.02,0.46440000000000003,5.78,2.68,0.7785,2.01,1.62,0.3328,8.7,64.1,17.72,-0.11000000000000001,5.47,0.89,1.48,14.299999999999999,1.25,7.95,0.93,0.38,10.18,0.81,13.43,4.32,0.5947,17.84,0.36,0.0993,2.4699999999999998,0.5515,0.5791,3.0,1.74,0.3478,2.7800000000000002,0.49439999999999995,0.99,7.26,0.9299999999999999,1.71,0.32,-0.9500000000000001,-0.79,21.57,3.38,1.02,0.46440000000000003,5.78,2.68,0.7785,2.01,1.62,0.3328,8.7,64.1,17.72,-0.11000000000000001,5.47,0.89,1.48,14.299999999999999,1.25,7.95,0.93,0.38,10.18,0.81,13.43,4.32,0.5947,17.84,0.36,0.0993,2.4699999999999998,0.5515
moritz wagner,2023,2,1,25.0,0,0.0588,0.6229,3.5999999999999996,2.25,0.32310000000000005,2.8099999999999996,0.43779999999999997,0.8899999999999999,12.31,1.3900000000000001,1.35,0.24000000000000002,0.25999999999999995,0.17,19.54,3.07,1.11,0.4899,6.36,3.1399999999999997,0.8255,2.58,2.18,0.40380000000000005,14.700000000000001,56.4,17.509999999999998,0.10999999999999993,5.66,0.9299999999999999,1.69,16.63,2.2800000000000002,9.33,1.44,0.51,12.33,1.07,12.58,4.0,0.6178999999999999,21.04,0.6,0.1323,2.7800000000000002,0.5607,0.6229,3.5999999999999996,2.25,0.32310000000000005,2.8099999999999996,0.43779999999999997,0.8899999999999999,12.31,1.3900000000000001,1.35,0.24000000000000002,0.25999999999999995,0.17,19.54,3.07,1.11,0.4899,6.36,3.1399999999999997,0.8255,2.58,2.18,0.40380000000000005,14.700000000000001,56.4,17.509999999999998,0.10999999999999993,5.66,0.9299999999999999,1.69,16.63,2.2800000000000002,9.33,1.44,0.51,12.33,1.07,12.58,4.0,0.6178999999999999,21.04,0.6,0.1323,2.7800000000000002,0.5607
dwight powell,2023,3,1,31.0,0,0.0294,0.7169,3.67,2.63,0.15289999999999998,0.28,0.0587,0.08,7.66,1.03,1.98,0.4,-0.20999999999999996,0.41000000000000003,14.42,2.48,1.55,0.6911,3.88,2.71,0.7248,2.3000000000000003,1.69,0.599,57.1,74.2,19.509999999999998,-0.62,10.95,1.91,4.22,16.54,2.67,7.140000000000001,1.46,0.5700000000000001,14.18,0.8300000000000001,12.66,4.32,0.7241,13.14,0.66,0.18730000000000002,5.77,0.6983,0.7169,3.67,2.63,0.15289999999999998,0.28,0.0587,0.08,7.66,1.03,1.98,0.4,-0.20999999999999996,0.41000000000000003,14.42,2.48,1.55,0.6911,3.88,2.71,0.7248,2.3000000000000003,1.69,0.599,57.1,74.2,19.509999999999998,-0.62,10.95,1.91,4.22,16.54,2.67,7.140000000000001,1.46,0.5700000000000001,14.18,0.8300000000000001,12.66,4.32,0.7241,13.14,0.66,0.18730000000000002,5.77,0.6983
reggie jackson,2023,2,1,32.0,0,0.0368,0.4617,6.35,2.93,0.3509,4.98,0.44709999999999994,1.72,21.18,3.76,0.38,0.13,-2.7699999999999996,-1.07,9.44,2.33,1.48,0.4131,11.33,4.65,0.8725,1.4500000000000002,1.24,0.12890000000000001,51.1,69.9,26.16,-1.75,1.75,0.43000000000000005,-0.35000000000000003,11.469999999999999,1.8599999999999999,12.28,1.3199999999999998,0.6799999999999999,12.96,1.7599999999999998,5.68,2.71,0.5186,22.66,-0.4,0.0344,1.1600000000000001,0.4918,0.4617,6.35,2.93,0.3509,4.98,0.44709999999999994,1.72,21.18,3.76,0.38,0.13,-2.7699999999999996,-1.07,9.44,2.33,1.48,0.4131,11.33,4.65,0.8725,1.4500000000000002,1.24,0.12890000000000001,51.1,69.9,26.16,-1.75,1.75,0.43000000000000005,-0.35000000000000003,11.469999999999999,1.8599999999999999,12.28,1.3199999999999998,0.6799999999999999,12.96,1.7599999999999998,5.68,2.71,0.5186,22.66,-0.4,0.0344,1.1600000000000001,0.4918
shake milton,2023,2,0,26.0,0,0.0034999999999999,0.5036,5.300000000000001,2.6399999999999997,0.3559,2.31,0.30679999999999996,0.81,20.490000000000002,2.97,1.0100000000000002,0.25,-1.98,-0.8300000000000001,10.47,1.96,1.2200000000000002,0.4582,7.61,3.49,0.8432999999999999,1.7,1.44,0.22260000000000002,8.1,67.1,21.36,-1.12,2.87,0.5,1.23,12.84,1.7600000000000002,9.26,1.02,0.42000000000000004,12.45,1.1600000000000001,6.73,2.49,0.5524,19.72,-0.009999999999999995,0.0824,2.5199999999999996,0.513,0.5036,5.300000000000001,2.6399999999999997,0.3559,2.31,0.30679999999999996,0.81,20.490000000000002,2.97,1.0100000000000002,0.25,-1.98,-0.8300000000000001,10.47,1.96,1.2200000000000002,0.4582,7.61,3.49,0.8432999999999999,1.7,1.44,0.22260000000000002,8.1,67.1,21.36,-1.12,2.87,0.5,1.23,12.84,1.7600000000000002,9.26,1.02,0.42000000000000004,12.45,1.1600000000000001,6.73,2.49,0.5524,19.72,-0.009999999999999995,0.0824,2.5199999999999996,0.513
jalen mcdaniels,2023,2,0,25.0,0,0.0332,0.543,3.9699999999999998,2.17,0.3466,2.49,0.3895,0.85,9.129999999999999,1.35,1.91,0.4,-2.38,0.09999999999999998,15.97,2.99,1.4900000000000002,0.46630000000000005,6.43,2.9699999999999998,0.7819,1.52,1.25,0.2419,16.2,65.9,20.68,-2.48,4.1499999999999995,0.81,0.61,11.99,2.21,8.04,1.77,0.77,11.93,1.01,10.0,3.8,0.5678000000000001,16.59,-0.14,0.0743,2.1,0.5345,0.543,3.9699999999999998,2.17,0.3466,2.49,0.3895,0.85,9.129999999999999,1.35,1.91,0.4,-2.38,0.09999999999999998,15.97,2.99,1.4900000000000002,0.46630000000000005,6.43,2.9699999999999998,0.7819,1.52,1.25,0.2419,16.2,65.9,20.68,-2.48,4.1499999999999995,0.81,0.61,11.99,2.21,8.04,1.77,0.77,11.93,1.01,10.0,3.8,0.5678000000000001,16.59,-0.14,0.0743,2.1,0.5345
nickeil alexanderwalker,2023,2,1,24.0,0,0.0345,0.4844,3.78,1.79,0.3547,3.87,0.5142,1.32,16.119999999999997,2.06,1.87,0.42000000000000004,-1.5799999999999998,-0.10999999999999999,11.52,2.0,0.93,0.4174,7.65,3.11,0.7018,1.29,0.91,0.17830000000000001,10.4,58.2,18.66,-1.52,2.04,0.39,-0.24000000000000002,11.45,1.6099999999999999,8.48,1.74,0.66,13.170000000000002,1.17,6.84,2.3400000000000003,0.5294,20.82,0.05000000000000002,0.038900000000000004,0.72,0.5085999999999999,0.4844,3.78,1.79,0.3547,3.87,0.5142,1.32,16.119999999999997,2.06,1.87,0.42000000000000004,-1.5799999999999998,-0.10999999999999999,11.52,2.0,0.93,0.4174,7.65,3.11,0.7018,1.29,0.91,0.17830000000000001,10.4,58.2,18.66,-1.52,2.04,0.39,-0.24000000000000002,11.45,1.6099999999999999,8.48,1.74,0.66,13.170000000000002,1.17,6.84,2.3400000000000003,0.5294,20.82,0.05000000000000002,0.038900000000000004,0.72,0.5085999999999999
seth curry,2023,2,0,32.0,0,0.0294,0.5254000000000001,4.47,2.37,0.41910000000000003,4.62,0.5117,1.94,13.559999999999999,2.42,0.51,0.13,-1.29,-0.8,8.34,1.98,1.24,0.471,9.09,4.28,0.9043000000000001,1.18,1.03,0.1269,34.1,61.1,25.71,-0.49,1.0699999999999998,0.23,1.72,12.84,1.83,11.6,1.37,0.7,10.54,1.13,4.779999999999999,2.21,0.6024,18.57,0.38,0.0871,2.96,0.5786,0.5254000000000001,4.47,2.37,0.41910000000000003,4.62,0.5117,1.94,13.559999999999999,2.42,0.51,0.13,-1.29,-0.8,8.34,1.98,1.24,0.471,9.09,4.28,0.9043000000000001,1.18,1.03,0.1269,34.1,61.1,25.71,-0.49,1.0699999999999998,0.23,1.72,12.84,1.83,11.6,1.37,0.7,10.54,1.13,4.779999999999999,2.21,0.6024,18.57,0.38,0.0871,2.96,0.5786
troy brown,2023,2,0,23.0,0,0.0294,0.5071000000000001,2.21,1.1099999999999999,0.3592,2.87,0.554,1.0299999999999998,7.199999999999999,1.13,0.6699999999999999,0.17,-1.84,0.22000000000000003,15.549999999999999,2.85,1.37,0.42689999999999995,5.06,2.14,0.8095,0.49,0.37,0.1015,24.6,64.6,20.13,-2.07,3.95,0.7,0.65,9.530000000000001,1.35,5.779999999999999,1.44,0.61,9.66,0.54,9.850000000000001,3.5999999999999996,0.543,12.54,0.22,0.06559999999999999,1.97,0.5269,0.5071000000000001,2.21,1.1099999999999999,0.3592,2.87,0.554,1.0299999999999998,7.199999999999999,1.13,0.6699999999999999,0.17,-1.84,0.22000000000000003,15.549999999999999,2.85,1.37,0.42689999999999995,5.06,2.14,0.8095,0.49,0.37,0.1015,24.6,64.6,20.13,-2.07,3.95,0.7,0.65,9.530000000000001,1.35,5.779999999999999,1.44,0.61,9.66,0.54,9.850000000000001,3.5999999999999996,0.543,12.54,0.22,0.06559999999999999,1.97,0.5269
kevin love,2023,2,1,34.0,0,0.0282,0.5017,2.95,1.48,0.35760000000000003,5.5600000000000005,0.6609,2.01,14.39,2.1100000000000003,0.81,0.18,1.63,0.04999999999999999,31.3,5.9399999999999995,1.87,0.4053,8.51,3.49,0.8556999999999999,1.96,1.65,0.2259,16.2,58.2,21.73,1.6,5.12,1.0,1.32,15.45,1.42,10.62,0.8,0.39,12.11,1.2400000000000002,18.13,6.840000000000001,0.5634,21.509999999999998,1.27,0.1133,3.19,0.5233000000000001,0.5017,2.95,1.48,0.35760000000000003,5.5600000000000005,0.6609,2.01,14.39,2.1100000000000003,0.81,0.18,1.63,0.04999999999999999,31.3,5.9399999999999995,1.87,0.4053,8.51,3.49,0.8556999999999999,1.96,1.65,0.2259,16.2,58.2,21.73,1.6,5.12,1.0,1.32,15.45,1.42,10.62,0.8,0.39,12.11,1.2400000000000002,18.13,6.840000000000001,0.5634,21.509999999999998,1.27,0.1133,3.19,0.5233000000000001
russell westbrook,2023,2,1,34.0,0,0.0282,0.484,11.53,5.550000000000001,0.30789999999999995,3.81,0.2532,1.1600000000000001,38.5,8.219999999999999,1.02,0.42000000000000004,0.3600000000000001,-0.09999999999999999,19.61,6.08,2.63,0.43899999999999995,15.34,6.73,0.6593,4.96,3.26,0.3225,48.4,72.9,32.120000000000005,0.4600000000000001,4.65,1.3599999999999999,-0.38,16.450000000000003,2.58,17.94,1.58,1.08,17.990000000000002,3.8499999999999996,12.24,7.42,0.5119,28.08,1.3399999999999999,0.046,2.2,0.47809999999999997,0.484,11.53,5.550000000000001,0.30789999999999995,3.81,0.2532,1.1600000000000001,38.5,8.219999999999999,1.02,0.42000000000000004,0.3600000000000001,-0.09999999999999999,19.61,6.08,2.63,0.43899999999999995,15.34,6.73,0.6593,4.96,3.26,0.3225,48.4,72.9,32.120000000000005,0.4600000000000001,4.65,1.3599999999999999,-0.38,16.450000000000003,2.58,17.94,1.58,1.08,17.990000000000002,3.8499999999999996,12.24,7.42,0.5119,28.08,1.3399999999999999,0.046,2.2,0.47809999999999997
eric gordon,2023,2,0,34.0,0,0.0235,0.5465,4.6899999999999995,2.56,0.3749,5.75,0.5471,2.13,13.85,2.68,1.2000000000000002,0.39,-1.8399999999999999,-1.7,6.720000000000001,1.74,0.26,0.4521,10.440000000000001,4.6899999999999995,0.8089,2.81,2.29,0.2664,45.4,57.0,28.88,-0.14,0.95,0.25,1.47,12.41,1.2000000000000002,13.780000000000001,0.9500000000000001,0.55,12.81,1.7,3.79,1.97,0.5931,19.520000000000003,0.06000000000000001,0.049600000000000005,1.73,0.5544,0.5465,4.6899999999999995,2.56,0.3749,5.75,0.5471,2.13,13.85,2.68,1.2000000000000002,0.39,-1.8399999999999999,-1.7,6.720000000000001,1.74,0.26,0.4521,10.440000000000001,4.6899999999999995,0.8089,2.81,2.29,0.2664,45.4,57.0,28.88,-0.14,0.95,0.25,1.47,12.41,1.2000000000000002,13.780000000000001,0.9500000000000001,0.55,12.81,1.7,3.79,1.97,0.5931,19.520000000000003,0.06000000000000001,0.049600000000000005,1.73,0.5544
derrick rose,2023,2,0,34.0,0,0.0235,0.4575,5.819999999999999,2.73,0.34919999999999995,2.7199999999999998,0.341,0.97,23.8,2.89,1.5499999999999998,0.33,-0.7800000000000002,-0.69,10.0,1.7000000000000002,0.68,0.4195,8.54,3.6999999999999997,0.9221,1.06,1.0,0.11299999999999999,1.8,31.3,18.72,-0.09000000000000008,2.6900000000000004,0.47,0.41000000000000003,13.780000000000001,0.75,9.34,1.3900000000000001,0.59,11.57,1.17,6.33,2.17,0.5038,23.71,0.42,0.055499999999999994,1.04,0.4776,0.4575,5.819999999999999,2.73,0.34919999999999995,2.7199999999999998,0.341,0.97,23.8,2.89,1.5499999999999998,0.33,-0.7800000000000002,-0.69,10.0,1.7000000000000002,0.68,0.4195,8.54,3.6999999999999997,0.9221,1.06,1.0,0.11299999999999999,1.8,31.3,18.72,-0.09000000000000008,2.6900000000000004,0.47,0.41000000000000003,13.780000000000001,0.75,9.34,1.3900000000000001,0.59,11.57,1.17,6.33,2.17,0.5038,23.71,0.42,0.055499999999999994,1.04,0.4776
josh richardson,2023,2,0,29.0,0,0.0213,0.49060000000000004,4.5,2.2,0.373,4.29,0.4892,1.58,13.35,2.41,1.3199999999999998,0.35,-0.91,0.11999999999999998,9.530000000000001,2.1900000000000004,1.43,0.4323,8.809999999999999,3.83,0.8761,1.4700000000000002,1.34,0.16859999999999997,18.3,63.8,25.19,-0.98,2.9299999999999997,0.6599999999999999,0.98,12.370000000000001,1.8800000000000001,10.53,1.9500000000000002,1.02,11.53,1.21,6.21,2.85,0.5568,18.16,0.44000000000000006,0.0725,2.43,0.5238,0.49060000000000004,4.5,2.2,0.373,4.29,0.4892,1.58,13.35,2.41,1.3199999999999998,0.35,-0.91,0.11999999999999998,9.530000000000001,2.1900000000000004,1.43,0.4323,8.809999999999999,3.83,0.8761,1.4700000000000002,1.34,0.16859999999999997,18.3,63.8,25.19,-0.98,2.9299999999999997,0.6599999999999999,0.98,12.370000000000001,1.8800000000000001,10.53,1.9500000000000002,1.02,11.53,1.21,6.21,2.85,0.5568,18.16,0.44000000000000006,0.0725,2.43,0.5238
josh okogie,2023,2,1,24.0,0,0.0207,0.4683,2.36,1.07,0.3107,2.0100000000000002,0.4586,0.64,8.41,1.12,2.21,0.41000000000000003,-1.5700000000000003,0.5800000000000001,10.3,1.56,1.1600000000000001,0.3971,4.39,1.76,0.7216,2.0100000000000002,1.44,0.46399999999999997,22.2,62.5,16.61,-2.25,7.2700000000000005,1.15,0.68,11.17,1.55,5.54,2.14,0.73,12.719999999999999,0.74,8.76,2.69,0.5281,14.899999999999999,0.18999999999999997,0.07930000000000001,1.8699999999999999,0.46859999999999996,0.4683,2.36,1.07,0.3107,2.0100000000000002,0.4586,0.64,8.41,1.12,2.21,0.41000000000000003,-1.5700000000000003,0.5800000000000001,10.3,1.56,1.1600000000000001,0.3971,4.39,1.76,0.7216,2.0100000000000002,1.44,0.46399999999999997,22.2,62.5,16.61,-2.25,7.2700000000000005,1.15,0.68,11.17,1.55,5.54,2.14,0.73,12.719999999999999,0.74,8.76,2.69,0.5281,14.899999999999999,0.18999999999999997,0.07930000000000001,1.8699999999999999,0.46859999999999996
christian wood,2023,2,0,27.0,0,0.0199,0.5842,8.17,4.72,0.3798,4.57,0.3608,1.75,11.39,1.9300000000000002,3.33,1.09,1.6099999999999999,-0.32999999999999996,28.18,7.109999999999999,1.93,0.5105999999999999,12.74,6.5,0.6991,4.529999999999999,3.1,0.3577,36.8,62.1,28.65,1.92,5.79,1.51,2.5,20.03,2.42,17.87,1.05,0.6000000000000001,11.23,1.87,16.78,8.6,0.6087,25.369999999999997,1.59,0.11960000000000001,4.43,0.5791,0.5842,8.17,4.72,0.3798,4.57,0.3608,1.75,11.39,1.9300000000000002,3.33,1.09,1.6099999999999999,-0.32999999999999996,28.18,7.109999999999999,1.93,0.5105999999999999,12.74,6.5,0.6991,4.529999999999999,3.1,0.3577,36.8,62.1,28.65,1.92,5.79,1.51,2.5,20.03,2.42,17.87,1.05,0.6000000000000001,11.23,1.87,16.78,8.6,0.6087,25.369999999999997,1.59,0.11960000000000001,4.43,0.5791
torrey craig,2023,2,0,32.0,0,0.0186,0.5529999999999999,2.84,1.56,0.3698,2.92,0.5057,1.11,7.8100000000000005,1.31,2.63,0.65,-0.76,0.45999999999999996,16.590000000000003,3.23,1.8900000000000001,0.4602,5.76,2.67,0.7351,0.5900000000000001,0.41000000000000003,0.0998,36.4,72.9,21.72,-1.2200000000000002,7.4399999999999995,1.4500000000000002,1.24,11.94,2.0599999999999996,6.78,1.4100000000000001,0.6,11.85,0.8200000000000001,12.0,4.68,0.5656,13.65,0.48,0.0966,3.13,0.5535,0.5529999999999999,2.84,1.56,0.3698,2.92,0.5057,1.11,7.8100000000000005,1.31,2.63,0.65,-0.76,0.45999999999999996,16.590000000000003,3.23,1.8900000000000001,0.4602,5.76,2.67,0.7351,0.5900000000000001,0.41000000000000003,0.0998,36.4,72.9,21.72,-1.2200000000000002,7.4399999999999995,1.4500000000000002,1.24,11.94,2.0599999999999996,6.78,1.4100000000000001,0.6,11.85,0.8200000000000001,12.0,4.68,0.5656,13.65,0.48,0.0966,3.13,0.5535
damion lee,2023,2,1,30.0,0,0.0186,0.5094000000000001,2.61,1.29,0.403,3.23,0.561,1.33,8.4,1.21,0.49,0.1,-1.41,0.10000000000000003,14.55,2.65,1.5,0.4467,5.84,2.6,0.8978,1.22,1.0899999999999999,0.20600000000000002,4.2,67.3,19.95,-1.51,2.56,0.45,1.1,10.98,1.57,7.62,1.29,0.52,11.13,0.8300000000000001,8.57,3.1,0.599,15.450000000000001,0.16999999999999998,0.0949,2.6500000000000004,0.5605,0.5094000000000001,2.61,1.29,0.403,3.23,0.561,1.33,8.4,1.21,0.49,0.1,-1.41,0.10000000000000003,14.55,2.65,1.5,0.4467,5.84,2.6,0.8978,1.22,1.0899999999999999,0.20600000000000002,4.2,67.3,19.95,-1.51,2.56,0.45,1.1,10.98,1.57,7.62,1.29,0.52,11.13,0.8300000000000001,8.57,3.1,0.599,15.450000000000001,0.16999999999999998,0.0949,2.6500000000000004,0.5605
thomas bryant,2023,2,0,25.0,0,0.0186,0.6557,5.220000000000001,3.4699999999999998,0.3921,1.4,0.21139999999999998,0.5,6.16,0.8200000000000001,2.9299999999999997,0.65,0.18000000000000002,-0.58,21.78,3.9099999999999997,0.86,0.5971,6.619999999999999,4.0,0.7649,1.98,1.5100000000000002,0.3043,17.7,39.6,19.46,0.71,7.88,1.4100000000000001,1.7000000000000002,18.57,1.9500000000000002,9.98,0.7,0.29000000000000004,9.15,0.73,14.96,5.27,0.6638999999999999,18.15,0.42,0.1611,2.58,0.6374,0.6557,5.220000000000001,3.4699999999999998,0.3921,1.4,0.21139999999999998,0.5,6.16,0.8200000000000001,2.9299999999999997,0.65,0.18000000000000002,-0.58,21.78,3.9099999999999997,0.86,0.5971,6.619999999999999,4.0,0.7649,1.98,1.5100000000000002,0.3043,17.7,39.6,19.46,0.71,7.88,1.4100000000000001,1.7000000000000002,18.57,1.9500000000000002,9.98,0.7,0.29000000000000004,9.15,0.73,14.96,5.27,0.6638999999999999,18.15,0.42,0.1611,2.58,0.6374
keita batesdiop,2023,2,0,27.0,0,0.0173,0.5501,3.79,2.1100000000000003,0.34850000000000003,1.44,0.266,0.53,7.930000000000001,1.04,1.25,0.25,-1.4600000000000002,-0.52,16.299999999999997,2.48,0.6599999999999999,0.49870000000000003,5.24,2.6399999999999997,0.7561,1.54,1.24,0.29369999999999996,25.2,57.2,17.349999999999998,-0.9399999999999998,5.15,0.89,1.25,13.57,0.8300000000000001,7.08,1.61,0.58,10.45,0.68,10.58,3.34,0.5814999999999999,15.75,0.22,0.0821,1.8900000000000001,0.5457000000000001,0.5501,3.79,2.1100000000000003,0.34850000000000003,1.44,0.266,0.53,7.930000000000001,1.04,1.25,0.25,-1.4600000000000002,-0.52,16.299999999999997,2.48,0.6599999999999999,0.49870000000000003,5.24,2.6399999999999997,0.7561,1.54,1.24,0.29369999999999996,25.2,57.2,17.349999999999998,-0.9399999999999998,5.15,0.89,1.25,13.57,0.8300000000000001,7.08,1.61,0.58,10.45,0.68,10.58,3.34,0.5814999999999999,15.75,0.22,0.0821,1.8900000000000001,0.5457000000000001
drew eubanks,2023,2,0,25.0,0,0.0173,0.6262000000000001,4.279999999999999,2.67,0.4596,0.19,0.0476,0.08,9.209999999999999,1.17,4.79,1.01,-0.37,0.38,21.91,3.5200000000000005,1.35,0.6125,4.470000000000001,2.7,0.7058,1.7400000000000002,1.25,0.3954,23.9,71.1,18.200000000000003,-0.8,10.09,1.67,2.35,17.08,1.9300000000000002,6.77,1.2,0.43,15.16,0.9400000000000001,15.950000000000001,5.220000000000001,0.648,14.92,0.54,0.135,3.68,0.6203,0.6262000000000001,4.279999999999999,2.67,0.4596,0.19,0.0476,0.08,9.209999999999999,1.17,4.79,1.01,-0.37,0.38,21.91,3.5200000000000005,1.35,0.6125,4.470000000000001,2.7,0.7058,1.7400000000000002,1.25,0.3954,23.9,71.1,18.200000000000003,-0.8,10.09,1.67,2.35,17.08,1.9300000000000002,6.77,1.2,0.43,15.16,0.9400000000000001,15.950000000000001,5.220000000000001,0.648,14.92,0.54,0.135,3.68,0.6203
yuta watanabe,2023,2,0,28.0,0,0.0173,0.5217,1.69,0.8700000000000001,0.40460000000000007,2.1399999999999997,0.5626,0.85,7.02,0.74,2.37,0.35,-1.04,0.0,16.13,2.0199999999999996,0.79,0.4551,3.8000000000000003,1.77,0.7071000000000001,0.8500000000000001,0.5800000000000001,0.2207,2.5,50.4,14.41,-0.99,4.17,0.54,0.8200000000000001,11.94,1.22,4.97,1.35,0.39,9.07,0.43000000000000005,10.03,2.56,0.5887,14.129999999999999,0.19,0.0984,1.56,0.5695,0.5217,1.69,0.8700000000000001,0.40460000000000007,2.1399999999999997,0.5626,0.85,7.02,0.74,2.37,0.35,-1.04,0.0,16.13,2.0199999999999996,0.79,0.4551,3.8000000000000003,1.77,0.7071000000000001,0.8500000000000001,0.5800000000000001,0.2207,2.5,50.4,14.41,-0.99,4.17,0.54,0.8200000000000001,11.94,1.22,4.97,1.35,0.39,9.07,0.43000000000000005,10.03,2.56,0.5887,14.129999999999999,0.19,0.0984,1.56,0.5695
mason plumlee,2023,1,1,32.0,0,0.0368,0.6587000000000001,5.71,3.7800000000000002,0.0,0.020000000000000004,0.0054,0.0,17.77,3.2,2.39,0.69,1.54,1.35,25.160000000000004,5.93,2.2199999999999998,0.6551,5.73,3.7800000000000002,0.5694,3.29,1.92,0.5725,63.1,72.6,25.740000000000002,0.19000000000000006,11.08,2.69,4.16,17.95,2.94,9.43,1.31,0.7,17.700000000000003,1.55,18.07,8.620000000000001,0.653,14.37,1.6900000000000002,0.1634,6.38,0.6551,0.6587000000000001,5.71,3.7800000000000002,0.0,0.020000000000000004,0.0054,0.0,17.77,3.2,2.39,0.69,1.54,1.35,25.160000000000004,5.93,2.2199999999999998,0.6551,5.73,3.7800000000000002,0.5694,3.29,1.92,0.5725,63.1,72.6,25.740000000000002,0.19000000000000006,11.08,2.69,4.16,17.95,2.94,9.43,1.31,0.7,17.700000000000003,1.55,18.07,8.620000000000001,0.653,14.37,1.6900000000000002,0.1634,6.38,0.6551
bismack biyombo,2023,1,0,30.0,0,0.0055,0.5847,3.6399999999999997,2.16,0.0,0.0,0.0008,0.0,7.869999999999999,0.87,6.96,1.13,-1.4400000000000002,1.45,20.92,2.91,1.35,0.5843,3.6399999999999997,2.16,0.4286,1.4700000000000002,0.6699999999999999,0.40380000000000005,15.1,54.5,15.459999999999999,-2.8899999999999997,11.77,1.71,0.55,14.73,1.94,4.890000000000001,0.95,0.3,16.53,0.8300000000000001,16.34,4.59,0.5710999999999999,14.43,0.04999999999999999,0.1182,1.95,0.5843,0.5847,3.6399999999999997,2.16,0.0,0.0,0.0008,0.0,7.869999999999999,0.87,6.96,1.13,-1.4400000000000002,1.45,20.92,2.91,1.35,0.5843,3.6399999999999997,2.16,0.4286,1.4700000000000002,0.6699999999999999,0.40380000000000005,15.1,54.5,15.459999999999999,-2.8899999999999997,11.77,1.71,0.55,14.73,1.94,4.890000000000001,0.95,0.3,16.53,0.8300000000000001,16.34,4.59,0.5710999999999999,14.43,0.04999999999999999,0.1182,1.95,0.5843
ty jerome,2023,2,0,25.0,0,0.0179,0.5167,3.3200000000000003,1.69,0.3661,3.19,0.47309999999999997,1.17,22.18,2.91,0.57,0.12000000000000001,-1.23,-0.07000000000000003,9.170000000000002,1.6600000000000001,0.58,0.4466,6.48,2.8600000000000003,0.8592000000000001,0.95,0.8,0.151,2.4,43.5,18.84,-1.19,1.48,0.28,0.88,12.47,1.51,7.72,1.4300000000000002,0.55,10.73,0.87,5.35,1.8900000000000001,0.5604,17.45,0.18,0.0874,1.46,0.532,0.5167,3.3200000000000003,1.69,0.3661,3.19,0.47309999999999997,1.17,22.18,2.91,0.57,0.12000000000000001,-1.23,-0.07000000000000003,9.170000000000002,1.6600000000000001,0.58,0.4466,6.48,2.8600000000000003,0.8592000000000001,0.95,0.8,0.151,2.4,43.5,18.84,-1.19,1.48,0.28,0.88,12.47,1.51,7.72,1.4300000000000002,0.55,10.73,0.87,5.35,1.8900000000000001,0.5604,17.45,0.18,0.0874,1.46,0.532
cam reddish,2023,2,0,23.0,0,0.0159,0.5046,4.54,2.2800000000000002,0.3166,3.8999999999999995,0.4621,1.2000000000000002,7.45,1.26,1.29,0.35,-2.7300000000000004,-0.47000000000000003,8.969999999999999,2.02,0.73,0.4172,8.41,3.5100000000000002,0.8605,2.2800000000000002,1.95,0.2649,16.3,39.9,24.37,-2.26,2.47,0.56,0.15,11.0,1.78,10.12,2.08,1.06,11.37,1.22,5.73,2.5300000000000002,0.541,19.07,-0.18000000000000002,0.041999999999999996,0.8300000000000001,0.4901,0.5046,4.54,2.2800000000000002,0.3166,3.8999999999999995,0.4621,1.2000000000000002,7.45,1.26,1.29,0.35,-2.7300000000000004,-0.47000000000000003,8.969999999999999,2.02,0.73,0.4172,8.41,3.5100000000000002,0.8605,2.2800000000000002,1.95,0.2649,16.3,39.9,24.37,-2.26,2.47,0.56,0.15,11.0,1.78,10.12,2.08,1.06,11.37,1.22,5.73,2.5300000000000002,0.541,19.07,-0.18000000000000002,0.041999999999999996,0.8300000000000001,0.4901
jaxson hayes,2023,2,0,22.0,0,0.0159,0.652,3.7,2.42,0.24259999999999998,0.5800000000000001,0.1459,0.16,6.300000000000001,0.6499999999999999,3.38,0.56,-0.42,0.41000000000000003,17.23,2.4299999999999997,1.04,0.5852999999999999,4.3,2.53,0.7343,2.11,1.55,0.4934,10.0,56.5,15.72,-0.8,8.4,1.1800000000000002,1.9300000000000002,16.22,1.7,6.79,1.4,0.43000000000000005,12.08,0.73,12.8,3.61,0.6415,16.009999999999998,0.41,0.1464,2.98,0.6000000000000001,0.652,3.7,2.42,0.24259999999999998,0.5800000000000001,0.1459,0.16,6.300000000000001,0.6499999999999999,3.38,0.56,-0.42,0.41000000000000003,17.23,2.4299999999999997,1.04,0.5852999999999999,4.3,2.53,0.7343,2.11,1.55,0.4934,10.0,56.5,15.72,-0.8,8.4,1.1800000000000002,1.9300000000000002,16.22,1.7,6.79,1.4,0.43000000000000005,12.08,0.73,12.8,3.61,0.6415,16.009999999999998,0.41,0.1464,2.98,0.6000000000000001
oshae brissett,2023,2,0,24.0,0,0.0159,0.4776,3.15,1.5499999999999998,0.3446,2.99,0.4868,1.03,5.54,0.86,1.6,0.42000000000000004,-2.14,-1.21,17.01,3.13,0.74,0.4129,6.17,2.58,0.7208,2.4400000000000004,1.79,0.4107,11.7,56.8,20.28,-0.9299999999999999,6.7,1.26,0.8599999999999999,12.61,1.4100000000000001,7.96,1.46,0.64,7.709999999999999,0.59,11.84,4.39,0.5466,16.36,-0.12,0.07869999999999999,1.57,0.497,0.4776,3.15,1.5499999999999998,0.3446,2.99,0.4868,1.03,5.54,0.86,1.6,0.42000000000000004,-2.14,-1.21,17.01,3.13,0.74,0.4129,6.17,2.58,0.7208,2.4400000000000004,1.79,0.4107,11.7,56.8,20.28,-0.9299999999999999,6.7,1.26,0.8599999999999999,12.61,1.4100000000000001,7.96,1.46,0.64,7.709999999999999,0.59,11.84,4.39,0.5466,16.36,-0.12,0.07869999999999999,1.57,0.497
taurean prince,2023,1,0,28.0,0,0.0332,0.5282,3.23,1.68,0.38330000000000003,3.55,0.5268999999999999,1.3599999999999999,9.79,1.48,1.5799999999999998,0.36,-2.2800000000000002,-0.42,12.600000000000001,2.33,1.02,0.44989999999999997,6.8100000000000005,3.0700000000000003,0.8198000000000001,1.44,1.19,0.2109,6.4,55.9,20.6,-1.84,1.8499999999999999,0.37,0.49,11.14,2.02,8.64,1.42,0.6,12.780000000000001,1.11,7.23,2.6500000000000004,0.5831999999999999,17.67,-0.11000000000000001,0.0634,1.5100000000000002,0.5507,0.5282,3.23,1.68,0.38330000000000003,3.55,0.5268999999999999,1.3599999999999999,9.79,1.48,1.5799999999999998,0.36,-2.2800000000000002,-0.42,12.600000000000001,2.33,1.02,0.44989999999999997,6.8100000000000005,3.0700000000000003,0.8198000000000001,1.44,1.19,0.2109,6.4,55.9,20.6,-1.84,1.8499999999999999,0.37,0.49,11.14,2.02,8.64,1.42,0.6,12.780000000000001,1.11,7.23,2.6500000000000004,0.5831999999999999,17.67,-0.11000000000000001,0.0634,1.5100000000000002,0.5507
jae crowder,2023,1,1,32.0,0,0.0148,0.5109,2.29,1.17,0.4002,4.43,0.6482,1.7199999999999998,9.79,1.74,1.42,0.37,1.15,1.4300000000000002,16.43,3.7300000000000004,1.65,0.44,6.67,2.87,0.8052,1.0,0.8300000000000001,0.1439,30.0,41.099999999999994,23.38,-0.28,3.68,0.67,0.9,13.05,1.9500000000000002,8.29,1.85,0.93,7.779999999999999,0.6200000000000001,10.27,4.43,0.5891,14.12,0.86,0.13490000000000002,2.55,0.5688,0.5109,2.29,1.17,0.4002,4.43,0.6482,1.7199999999999998,9.79,1.74,1.42,0.37,1.15,1.4300000000000002,16.43,3.7300000000000004,1.65,0.44,6.67,2.87,0.8052,1.0,0.8300000000000001,0.1439,30.0,41.099999999999994,23.38,-0.28,3.68,0.67,0.9,13.05,1.9500000000000002,8.29,1.85,0.93,7.779999999999999,0.6200000000000001,10.27,4.43,0.5891,14.12,0.86,0.13490000000000002,2.55,0.5688
alex len,2023,1,1,29.0,0,0.0148,0.5847,2.55,1.49,0.1498,0.28,0.0872,0.08,9.23,0.77,5.17,0.5800000000000001,-2.89,0.74,22.43,2.0999999999999996,0.51,0.5497000000000001,2.81,1.56,0.6651,1.1400000000000001,0.75,0.45730000000000004,12.4,37.5,10.93,-3.6500000000000004,13.0,1.08,0.47000000000000003,13.61,1.7300000000000002,3.97,1.08,0.25,23.18,0.81,17.7,3.1999999999999997,0.5916999999999999,15.440000000000001,0.020000000000000004,0.09010000000000001,0.9600000000000001,0.5576000000000001,0.5847,2.55,1.49,0.1498,0.28,0.0872,0.08,9.23,0.77,5.17,0.5800000000000001,-2.89,0.74,22.43,2.0999999999999996,0.51,0.5497000000000001,2.81,1.56,0.6651,1.1400000000000001,0.75,0.45730000000000004,12.4,37.5,10.93,-3.6500000000000004,13.0,1.08,0.47000000000000003,13.61,1.7300000000000002,3.97,1.08,0.25,23.18,0.81,17.7,3.1999999999999997,0.5916999999999999,15.440000000000001,0.020000000000000004,0.09010000000000001,0.9600000000000001,0.5576000000000001
garrett temple,2023,1,0,36.0,0,0.0148,0.4265,1.6099999999999999,0.7400000000000001,0.3742,2.15,0.5821000000000001,0.74,10.16,1.08,1.54,0.27,-1.85,0.9500000000000001,9.620000000000001,1.2799999999999998,0.6799999999999999,0.39580000000000004,3.7600000000000002,1.48,0.7399,0.49,0.33999999999999997,0.1124,9.8,41.4,14.290000000000001,-2.75,3.04,0.35,0.06000000000000001,9.469999999999999,1.18,4.08,2.2,0.5700000000000001,10.010000000000002,0.51,6.2700000000000005,1.65,0.5206999999999999,13.49,-0.11000000000000001,0.0681,0.7100000000000001,0.5044,0.4265,1.6099999999999999,0.7400000000000001,0.3742,2.15,0.5821000000000001,0.74,10.16,1.08,1.54,0.27,-1.85,0.9500000000000001,9.620000000000001,1.2799999999999998,0.6799999999999999,0.39580000000000004,3.7600000000000002,1.48,0.7399,0.49,0.33999999999999997,0.1124,9.8,41.4,14.290000000000001,-2.75,3.04,0.35,0.06000000000000001,9.469999999999999,1.18,4.08,2.2,0.5700000000000001,10.010000000000002,0.51,6.2700000000000005,1.65,0.5206999999999999,13.49,-0.11000000000000001,0.0681,0.7100000000000001,0.5044
wesley matthews,2023,1,0,36.0,0,0.0148,0.5096,0.92,0.49000000000000005,0.32589999999999997,2.84,0.7581,0.9500000000000001,5.1899999999999995,0.74,1.15,0.27,-2.6799999999999997,0.59,8.21,1.4,0.93,0.3706,3.76,1.3900000000000001,0.8351,0.57,0.49,0.1582,6.2,52.3,17.92,-3.2199999999999998,3.61,0.59,0.37,7.01,1.52,4.1899999999999995,1.25,0.49,8.67,0.35,5.99,1.9900000000000002,0.5237,10.39,-0.12,0.06789999999999999,1.2999999999999998,0.4936,0.5096,0.92,0.49000000000000005,0.32589999999999997,2.84,0.7581,0.9500000000000001,5.1899999999999995,0.74,1.15,0.27,-2.6799999999999997,0.59,8.21,1.4,0.93,0.3706,3.76,1.3900000000000001,0.8351,0.57,0.49,0.1582,6.2,52.3,17.92,-3.2199999999999998,3.61,0.59,0.37,7.01,1.52,4.1899999999999995,1.25,0.49,8.67,0.35,5.99,1.9900000000000002,0.5237,10.39,-0.12,0.06789999999999999,1.2999999999999998,0.4936
deandre jordan,2023,1,1,34.0,0,0.0148,0.7276,3.23,2.33,0.5,0.0,0.0053,0.0,7.34,0.8900000000000001,4.17,0.73,-1.12,0.58,28.94,4.119999999999999,1.05,0.728,3.23,2.38,0.494,1.1600000000000001,0.6100000000000001,0.36629999999999996,18.6,45.3,15.78,-1.63,11.84,1.58,1.0,15.93,1.75,5.34,0.91,0.3,23.2,1.1400000000000001,20.61,5.75,0.7050000000000001,13.64,0.21000000000000002,0.1299,2.05,0.7305,0.7276,3.23,2.33,0.5,0.0,0.0053,0.0,7.34,0.8900000000000001,4.17,0.73,-1.12,0.58,28.94,4.119999999999999,1.05,0.728,3.23,2.38,0.494,1.1600000000000001,0.6100000000000001,0.36629999999999996,18.6,45.3,15.78,-1.63,11.84,1.58,1.0,15.93,1.75,5.34,0.91,0.3,23.2,1.1400000000000001,20.61,5.75,0.7050000000000001,13.64,0.21000000000000002,0.1299,2.05,0.7305
taj gibson,2023,1,1,37.0,0,0.0026,0.5827,2.4400000000000004,1.44,0.325,0.52,0.1837,0.21000000000000002,7.35,0.69,3.3099999999999996,0.56,-1.94,0.97,15.149999999999999,2.0900000000000003,0.95,0.5408000000000001,2.96,1.6,0.7448,0.99,0.72,0.3315,2.8,49.1,14.520000000000001,-2.84,9.11,1.3,1.04,12.5,2.0700000000000003,4.1000000000000005,1.45,0.41000000000000003,13.56,0.5,12.200000000000001,3.3899999999999997,0.6065,12.59,0.11000000000000003,0.12050000000000002,1.9700000000000002,0.5721,0.5827,2.4400000000000004,1.44,0.325,0.52,0.1837,0.21000000000000002,7.35,0.69,3.3099999999999996,0.56,-1.94,0.97,15.149999999999999,2.0900000000000003,0.95,0.5408000000000001,2.96,1.6,0.7448,0.99,0.72,0.3315,2.8,49.1,14.520000000000001,-2.84,9.11,1.3,1.04,12.5,2.0700000000000003,4.1000000000000005,1.45,0.41000000000000003,13.56,0.5,12.200000000000001,3.3899999999999997,0.6065,12.59,0.11000000000000003,0.12050000000000002,1.9700000000000002,0.5721
markieff morris,2023,1,1,33.0,0,0.0148,0.48429999999999995,2.53,1.25,0.35910000000000003,2.37,0.5217,0.8600000000000001,11.45,1.1099999999999999,1.0,0.14,-2.44,-0.26,16.310000000000002,2.0500000000000003,0.6500000000000001,0.42769999999999997,4.9,2.11,0.9107,0.4600000000000001,0.42000000000000004,0.0936,6.7,34.8,14.239999999999998,-2.1799999999999997,4.98,0.66,0.009999999999999995,10.330000000000002,1.6099999999999999,5.52,1.08,0.35,13.280000000000001,0.79,10.73,2.66,0.5424,18.060000000000002,-0.09000000000000001,0.0581,0.6100000000000001,0.5225,0.48429999999999995,2.53,1.25,0.35910000000000003,2.37,0.5217,0.8600000000000001,11.45,1.1099999999999999,1.0,0.14,-2.44,-0.26,16.310000000000002,2.0500000000000003,0.6500000000000001,0.42769999999999997,4.9,2.11,0.9107,0.4600000000000001,0.42000000000000004,0.0936,6.7,34.8,14.239999999999998,-2.1799999999999997,4.98,0.66,0.009999999999999995,10.330000000000002,1.6099999999999999,5.52,1.08,0.35,13.280000000000001,0.79,10.73,2.66,0.5424,18.060000000000002,-0.09000000000000001,0.0581,0.6100000000000001,0.5225
justin holiday,2023,1,0,33.0,0,0.0148,0.4929,1.85,0.92,0.34750000000000003,4.76,0.7139,1.7,7.7299999999999995,1.3,1.8699999999999999,0.44,-2.81,-0.31,8.91,1.8300000000000003,0.79,0.3893,6.61,2.62,0.7119,0.58,0.44,0.07490000000000001,30.9,59.6,22.05,-2.45,1.17,0.25,0.32,8.23,1.76,7.38,1.36,0.64,9.059999999999999,0.68,5.01,2.1,0.5241,14.59,-0.06,0.027700000000000002,1.09,0.5136000000000001,0.4929,1.85,0.92,0.34750000000000003,4.76,0.7139,1.7,7.7299999999999995,1.3,1.8699999999999999,0.44,-2.81,-0.31,8.91,1.8300000000000003,0.79,0.3893,6.61,2.62,0.7119,0.58,0.44,0.07490000000000001,30.9,59.6,22.05,-2.45,1.17,0.25,0.32,8.23,1.76,7.38,1.36,0.64,9.059999999999999,0.68,5.01,2.1,0.5241,14.59,-0.06,0.027700000000000002,1.09,0.5136000000000001
cody zeller,2023,1,0,30.0,0,0.0148,0.622,4.1,2.56,0.0286,0.2,0.0474,0.020000000000000004,9.06,0.9500000000000001,1.8,0.29000000000000004,-2.13,-0.69,22.71,3.0200000000000005,0.43000000000000005,0.5953999999999999,4.3,2.58,0.7186000000000001,2.19,1.58,0.5331,5.2,25.200000000000003,15.36,-1.4,13.49,1.92,0.8900000000000001,17.0,2.23,6.69,0.9400000000000001,0.31,14.66,0.8800000000000001,17.98,4.890000000000001,0.6374,17.48,0.08000000000000002,0.1476,1.3399999999999999,0.5966,0.622,4.1,2.56,0.0286,0.2,0.0474,0.020000000000000004,9.06,0.9500000000000001,1.8,0.29000000000000004,-2.13,-0.69,22.71,3.0200000000000005,0.43000000000000005,0.5953999999999999,4.3,2.58,0.7186000000000001,2.19,1.58,0.5331,5.2,25.200000000000003,15.36,-1.4,13.49,1.92,0.8900000000000001,17.0,2.23,6.69,0.9400000000000001,0.31,14.66,0.8800000000000001,17.98,4.890000000000001,0.6374,17.48,0.08000000000000002,0.1476,1.3399999999999999,0.5966
patrick beverley,2023,1,0,34.0,0,0.0148,0.5036,2.31,1.18,0.3498,3.8200000000000003,0.6267,1.3199999999999998,16.4,3.25,2.62,0.73,0.3500000000000001,1.7599999999999998,12.32,2.91,1.76,0.40640000000000004,6.130000000000001,2.48,0.7381,1.43,1.06,0.223,56.5,58.3,25.67,-1.41,3.47,0.8400000000000001,1.29,11.290000000000001,2.88,7.359999999999999,1.85,0.97,13.05,1.02,7.96,3.7199999999999998,0.5447,13.05,0.78,0.10290000000000002,3.15,0.5158,0.5036,2.31,1.18,0.3498,3.8200000000000003,0.6267,1.3199999999999998,16.4,3.25,2.62,0.73,0.3500000000000001,1.7599999999999998,12.32,2.91,1.76,0.40640000000000004,6.130000000000001,2.48,0.7381,1.43,1.06,0.223,56.5,58.3,25.67,-1.41,3.47,0.8400000000000001,1.29,11.290000000000001,2.88,7.359999999999999,1.85,0.97,13.05,1.02,7.96,3.7199999999999998,0.5447,13.05,0.78,0.10290000000000002,3.15,0.5158
kelly oubre jr,2023,1,0,27.0,0,0.0148,0.5322,8.1,4.24,0.32620000000000005,6.779999999999999,0.4637,2.2199999999999998,5.96,1.1400000000000001,1.3900000000000001,0.48000000000000004,-1.35,-0.9299999999999999,13.129999999999999,3.67,1.61,0.4353,14.88,6.48,0.7191,3.54,2.6,0.23670000000000002,33.9,57.8,30.18,-0.42,4.47,1.3,0.5900000000000001,14.530000000000001,2.6399999999999997,17.73,1.9100000000000001,1.2,6.76,1.1800000000000002,8.780000000000001,5.0,0.5408000000000001,24.57,0.24,0.0616,2.28,0.5113000000000001,0.5322,8.1,4.24,0.32620000000000005,6.779999999999999,0.4637,2.2199999999999998,5.96,1.1400000000000001,1.3900000000000001,0.48000000000000004,-1.35,-0.9299999999999999,13.129999999999999,3.67,1.61,0.4353,14.88,6.48,0.7191,3.54,2.6,0.23670000000000002,33.9,57.8,30.18,-0.42,4.47,1.3,0.5900000000000001,14.530000000000001,2.6399999999999997,17.73,1.9100000000000001,1.2,6.76,1.1800000000000002,8.780000000000001,5.0,0.5408000000000001,24.57,0.24,0.0616,2.28,0.5113000000000001
derrick jones,2023,1,0,25.0,0,0.0148,0.6074999999999999,2.51,1.57,0.3306,1.47,0.3573,0.46,4.83,0.5900000000000001,3.7,0.6599999999999999,-0.75,0.55,12.02,1.82,1.0,0.5082,3.9799999999999995,2.03,0.7386,1.3900000000000001,1.03,0.35,11.0,58.9,16.82,-1.33,7.35,1.07,1.3399999999999999,13.18,1.7200000000000002,5.54,1.5,0.52,9.51,0.5,9.69,2.8899999999999997,0.6035999999999999,13.46,0.25,0.119,2.34,0.5673,0.6074999999999999,2.51,1.57,0.3306,1.47,0.3573,0.46,4.83,0.5900000000000001,3.7,0.6599999999999999,-0.75,0.55,12.02,1.82,1.0,0.5082,3.9799999999999995,2.03,0.7386,1.3900000000000001,1.03,0.35,11.0,58.9,16.82,-1.33,7.35,1.07,1.3399999999999999,13.18,1.7200000000000002,5.54,1.5,0.52,9.51,0.5,9.69,2.8899999999999997,0.6035999999999999,13.46,0.25,0.119,2.34,0.5673
malik beasley,2023,1,0,26.0,0,0.0148,0.469,4.01,1.9500000000000002,0.3714,8.219999999999999,0.6827,3.05,9.07,1.68,0.48000000000000004,0.15000000000000002,-1.25,-1.31,12.09,3.0200000000000005,1.24,0.40280000000000005,12.280000000000001,4.9799999999999995,0.7996000000000001,1.08,0.8400000000000001,0.0824,26.1,71.6,26.96,0.08000000000000002,1.7999999999999998,0.45,0.5900000000000001,11.940000000000001,1.32,13.9,1.29,0.7100000000000001,7.38,1.02,6.949999999999999,3.5,0.5427,21.17,0.32999999999999996,0.0473,1.8299999999999998,0.529,0.469,4.01,1.9500000000000002,0.3714,8.219999999999999,0.6827,3.05,9.07,1.68,0.48000000000000004,0.15000000000000002,-1.25,-1.31,12.09,3.0200000000000005,1.24,0.40280000000000005,12.280000000000001,4.9799999999999995,0.7996000000000001,1.08,0.8400000000000001,0.0824,26.1,71.6,26.96,0.08000000000000002,1.7999999999999998,0.45,0.5900000000000001,11.940000000000001,1.32,13.9,1.29,0.7100000000000001,7.38,1.02,6.949999999999999,3.5,0.5427,21.17,0.32999999999999996,0.0473,1.8299999999999998,0.529
dennis smith,2023,1,0,25.0,0,0.0148,0.46240000000000003,5.23,2.44,0.24019999999999997,1.76,0.2459,0.42000000000000004,27.76,4.140000000000001,1.95,0.45999999999999996,-1.53,1.26,11.46,2.22,1.0,0.4114,6.99,2.83,0.711,1.73,1.19,0.255,10.5,42.7,21.67,-2.81,2.61,0.5,-0.21000000000000002,12.48,1.89,7.42,2.8600000000000003,1.26,15.61,1.3900000000000001,6.9399999999999995,2.75,0.47809999999999997,18.060000000000002,0.039999999999999994,0.042800000000000005,0.79,0.4424,0.46240000000000003,5.23,2.44,0.24019999999999997,1.76,0.2459,0.42000000000000004,27.76,4.140000000000001,1.95,0.45999999999999996,-1.53,1.26,11.46,2.22,1.0,0.4114,6.99,2.83,0.711,1.73,1.19,0.255,10.5,42.7,21.67,-2.81,2.61,0.5,-0.21000000000000002,12.48,1.89,7.42,2.8600000000000003,1.26,15.61,1.3900000000000001,6.9399999999999995,2.75,0.47809999999999997,18.060000000000002,0.039999999999999994,0.042800000000000005,0.79,0.4424
chimezie metu,2023,1,0,25.0,0,0.0016,0.6078,3.45,2.06,0.28049999999999997,1.43,0.2526,0.43,7.76,0.76,2.6300000000000003,0.4,-1.22,-0.13,23.96,3.11,0.88,0.5317000000000001,4.9,2.52,0.7482,1.24,0.9400000000000001,0.2754,7.2,58.2,14.309999999999999,-1.07,6.17,0.71,0.69,15.57,1.4,6.38,1.5999999999999999,0.5,11.540000000000001,0.71,15.03,3.8,0.5975,18.35,0.16999999999999998,0.10049999999999999,1.62,0.5688,0.6078,3.45,2.06,0.28049999999999997,1.43,0.2526,0.43,7.76,0.76,2.6300000000000003,0.4,-1.22,-0.13,23.96,3.11,0.88,0.5317000000000001,4.9,2.52,0.7482,1.24,0.9400000000000001,0.2754,7.2,58.2,14.309999999999999,-1.07,6.17,0.71,0.69,15.57,1.4,6.38,1.5999999999999999,0.5,11.540000000000001,0.71,15.03,3.8,0.5975,18.35,0.16999999999999998,0.10049999999999999,1.62,0.5688
thanasis antetokounmpo,2023,1,1,30.0,0,0.0148,0.553,1.6,0.89,0.09109999999999999,0.29000000000000004,0.1621,0.020000000000000004,8.66,0.51,1.6400000000000001,0.18,-5.55,-0.54,13.649999999999999,1.03,0.37,0.47940000000000005,1.8900000000000001,0.94,0.541,0.78,0.41000000000000003,0.4183,2.4,44.3,7.71,-5.04,8.850000000000001,0.6200000000000001,0.06999999999999999,9.16,0.98,2.3600000000000003,1.21,0.22000000000000003,17.58,0.4600000000000001,11.3,1.67,0.5067,14.670000000000002,-0.25,0.0509,0.46,0.487,0.553,1.6,0.89,0.09109999999999999,0.29000000000000004,0.1621,0.020000000000000004,8.66,0.51,1.6400000000000001,0.18,-5.55,-0.54,13.649999999999999,1.03,0.37,0.47940000000000005,1.8900000000000001,0.94,0.541,0.78,0.41000000000000003,0.4183,2.4,44.3,7.71,-5.04,8.850000000000001,0.6200000000000001,0.06999999999999999,9.16,0.98,2.3600000000000003,1.21,0.22000000000000003,17.58,0.4600000000000001,11.3,1.67,0.5067,14.670000000000002,-0.25,0.0509,0.46,0.487
lonnie walker,2023,1,0,24.0,0,0.0148,0.5025,5.37,2.6900000000000004,0.3477,4.640000000000001,0.4672,1.62,9.44,1.55,1.01,0.3,-2.1900000000000004,-0.9199999999999999,9.03,2.02,1.01,0.43010000000000004,10.010000000000002,4.28,0.827,1.8199999999999998,1.51,0.18170000000000003,25.4,61.0,23.58,-1.27,1.1600000000000001,0.28,0.33,11.75,1.4100000000000001,11.719999999999999,1.12,0.53,7.91,0.92,5.1,2.25,0.5431999999999999,21.200000000000003,-0.09999999999999998,0.0465,1.34,0.5114000000000001,0.5025,5.37,2.6900000000000004,0.3477,4.640000000000001,0.4672,1.62,9.44,1.55,1.01,0.3,-2.1900000000000004,-0.9199999999999999,9.03,2.02,1.01,0.43010000000000004,10.010000000000002,4.28,0.827,1.8199999999999998,1.51,0.18170000000000003,25.4,61.0,23.58,-1.27,1.1600000000000001,0.28,0.33,11.75,1.4100000000000001,11.719999999999999,1.12,0.53,7.91,0.92,5.1,2.25,0.5431999999999999,21.200000000000003,-0.09999999999999998,0.0465,1.34,0.5114000000000001
aaron holiday,2023,1,0,26.0,0,0.0148,0.4363,2.92,1.31,0.3918,1.74,0.3749,0.6799999999999999,15.51,1.8,0.99,0.17,-2.35,0.36,7.65,1.1,0.73,0.42110000000000003,4.69,1.99,0.8462,0.8400000000000001,0.67,0.1708,9.1,63.6,15.120000000000001,-2.6799999999999997,2.66,0.36,0.18,10.32,1.38,5.28,2.01,0.6499999999999999,13.73,0.8300000000000001,5.17,1.43,0.5278,16.21,-0.10999999999999999,0.0487,0.94,0.49460000000000004,0.4363,2.92,1.31,0.3918,1.74,0.3749,0.6799999999999999,15.51,1.8,0.99,0.17,-2.35,0.36,7.65,1.1,0.73,0.42110000000000003,4.69,1.99,0.8462,0.8400000000000001,0.67,0.1708,9.1,63.6,15.120000000000001,-2.6799999999999997,2.66,0.36,0.18,10.32,1.38,5.28,2.01,0.6499999999999999,13.73,0.8300000000000001,5.17,1.43,0.5278,16.21,-0.10999999999999999,0.0487,0.94,0.49460000000000004
darius bazley,2023,1,0,22.0,0,0.0037,0.4898,4.609999999999999,2.29,0.3356,2.81,0.352,0.91,8.24,1.23,3.83,0.8,-1.9200000000000002,0.32999999999999996,19.43,4.05,1.39,0.43279999999999996,7.470000000000001,3.1500000000000004,0.6183000000000001,2.1900000000000004,1.42,0.3217,27.4,53.2,21.759999999999998,-2.25,4.63,0.88,-0.5599999999999999,12.27,1.02,8.58,1.46,0.59,11.67,1.1300000000000001,11.93,4.93,0.5147,18.11,-0.07,0.047,0.86,0.4904,0.4898,4.609999999999999,2.29,0.3356,2.81,0.352,0.91,8.24,1.23,3.83,0.8,-1.9200000000000002,0.32999999999999996,19.43,4.05,1.39,0.43279999999999996,7.470000000000001,3.1500000000000004,0.6183000000000001,2.1900000000000004,1.42,0.3217,27.4,53.2,21.759999999999998,-2.25,4.63,0.88,-0.5599999999999999,12.27,1.02,8.58,1.46,0.59,11.67,1.1300000000000001,11.93,4.93,0.5147,18.11,-0.07,0.047,0.86,0.4904
javonte green,2023,1,0,29.0,0,0.0009,0.6359,2.5300000000000002,1.61,0.3589,1.17,0.3141,0.42000000000000004,5.75,0.7,2.8600000000000003,0.52,0.6299999999999999,1.8,13.3,2.01,0.97,0.5490999999999999,3.7,2.02,0.7334,1.3499999999999999,0.95,0.37539999999999996,14.4,43.7,16.82,-1.1700000000000002,6.51,0.9400000000000001,1.27,13.870000000000001,1.62,5.48,2.44,0.84,11.77,0.55,9.92,3.0,0.6361,12.77,0.48000000000000004,0.1341,2.24,0.6053999999999999,0.6359,2.5300000000000002,1.61,0.3589,1.17,0.3141,0.42000000000000004,5.75,0.7,2.8600000000000003,0.52,0.6299999999999999,1.8,13.3,2.01,0.97,0.5490999999999999,3.7,2.02,0.7334,1.3499999999999999,0.95,0.37539999999999996,14.4,43.7,16.82,-1.1700000000000002,6.51,0.9400000000000001,1.27,13.870000000000001,1.62,5.48,2.44,0.84,11.77,0.55,9.92,3.0,0.6361,12.77,0.48000000000000004,0.1341,2.24,0.6053999999999999
bol bol,2023,1,0,23.0,0,0.0148,0.5934,3.3,2.05,0.28250000000000003,1.05,0.24519999999999997,0.29000000000000004,7.380000000000001,0.66,4.63,0.69,-1.5699999999999998,0.27,22.45,2.89,1.1700000000000002,0.526,4.33,2.3400000000000003,0.6329,0.97,0.69,0.2203,16.9,45.6,13.49,-1.81,4.3100000000000005,0.59,-0.04000000000000001,13.129999999999999,0.8200000000000001,5.71,0.86,0.25,15.760000000000002,0.9700000000000001,13.44,3.48,0.5778,18.740000000000002,0.18,0.0547,1.18,0.5625,0.5934,3.3,2.05,0.28250000000000003,1.05,0.24519999999999997,0.29000000000000004,7.380000000000001,0.66,4.63,0.69,-1.5699999999999998,0.27,22.45,2.89,1.1700000000000002,0.526,4.33,2.3400000000000003,0.6329,0.97,0.69,0.2203,16.9,45.6,13.49,-1.81,4.3100000000000005,0.59,-0.04000000000000001,13.129999999999999,0.8200000000000001,5.71,0.86,0.25,15.760000000000002,0.9700000000000001,13.44,3.48,0.5778,18.740000000000002,0.18,0.0547,1.18,0.5625
mamadi diakite,2023,1,0,26.0,0,0.0019,0.5652999999999999,2.07,1.19,0.1915,0.74,0.2818,0.16999999999999998,5.03,0.38,4.46,0.49000000000000005,-3.6799999999999997,1.25,18.08,1.8399999999999999,0.28,0.4796,2.81,1.34,0.8207,0.49,0.36000000000000004,0.16019999999999998,2.0999999999999996,17.7,10.37,-4.880000000000001,6.7,0.71,0.0,10.440000000000001,1.5699999999999998,3.21,1.4,0.32,14.34,0.44,12.370000000000001,2.53,0.5374000000000001,14.969999999999999,-0.08,0.0699,0.25,0.5172,0.5652999999999999,2.07,1.19,0.1915,0.74,0.2818,0.16999999999999998,5.03,0.38,4.46,0.49000000000000005,-3.6799999999999997,1.25,18.08,1.8399999999999999,0.28,0.4796,2.81,1.34,0.8207,0.49,0.36000000000000004,0.16019999999999998,2.0999999999999996,17.7,10.37,-4.880000000000001,6.7,0.71,0.0,10.440000000000001,1.5699999999999998,3.21,1.4,0.32,14.34,0.44,12.370000000000001,2.53,0.5374000000000001,14.969999999999999,-0.08,0.0699,0.25,0.5172
trent forrest,2023,1,1,24.0,0,0.0039,0.502,2.18,1.09,0.09390000000000001,0.38,0.14190000000000003,0.07,17.810000000000002,1.69,0.73,0.1,-3.11,0.7,11.77,1.31,0.42000000000000004,0.4457,2.56,1.1600000000000001,0.7711,0.41,0.35,0.1716,3.3,35.5,11.86,-3.84,2.8200000000000003,0.30000000000000004,0.10999999999999999,8.559999999999999,0.7,2.7199999999999998,1.47,0.36,20.449999999999996,0.73,7.32,1.61,0.489,12.5,-0.020000000000000004,0.0409,0.48000000000000004,0.4575,0.502,2.18,1.09,0.09390000000000001,0.38,0.14190000000000003,0.07,17.810000000000002,1.69,0.73,0.1,-3.11,0.7,11.77,1.31,0.42000000000000004,0.4457,2.56,1.1600000000000001,0.7711,0.41,0.35,0.1716,3.3,35.5,11.86,-3.84,2.8200000000000003,0.30000000000000004,0.10999999999999999,8.559999999999999,0.7,2.7199999999999998,1.47,0.36,20.449999999999996,0.73,7.32,1.61,0.489,12.5,-0.020000000000000004,0.0409,0.48000000000000004,0.4575
og anunoby,2024,5,1,26.0,0,0.2606,0.5544,6.99,3.8600000000000003,0.3797,5.619999999999999,0.447,2.11,9.1,2.17,1.8299999999999998,0.6599999999999999,-0.07999999999999999,0.48,11.45,3.45,2.0,0.4759,12.61,5.97,0.7787,2.15,1.6600000000000001,0.16749999999999998,54.7,54.7,34.879999999999995,-0.51,3.64,1.17,1.4500000000000002,13.74,2.6399999999999997,15.81,2.23,1.5699999999999998,11.370000000000001,1.74,7.43,4.7,0.5831,18.75,0.97,0.08549999999999999,3.45,0.5605,0.5544,6.99,3.8600000000000003,0.3797,5.619999999999999,0.447,2.11,9.1,2.17,1.8299999999999998,0.6599999999999999,-0.07999999999999999,0.48,11.45,3.45,2.0,0.4759,12.61,5.97,0.7787,2.15,1.6600000000000001,0.16749999999999998,54.7,54.7,34.879999999999995,-0.51,3.64,1.17,1.4500000000000002,13.74,2.6399999999999997,15.81,2.23,1.5699999999999998,11.370000000000001,1.74,7.43,4.7,0.5831,18.75,0.97,0.08549999999999999,3.45,0.5605
paul george,2024,4,0,33.0,0,0.35,0.5112,9.93,5.0600000000000005,0.38859999999999995,7.890000000000001,0.44599999999999995,3.07,20.93,4.42,1.12,0.45,3.18,0.57,16.59,5.24,2.4699999999999998,0.4568,17.82,8.129999999999999,0.8864,4.5,4.0,0.252,60.0,60.0,34.22,2.5300000000000002,1.87,0.5700000000000001,2.77,19.25,2.67,23.3,2.33,1.6400000000000001,12.11,2.8,9.47,5.8100000000000005,0.5905,28.89,2.66,0.11560000000000001,5.29,0.5439,0.5112,9.93,5.0600000000000005,0.38859999999999995,7.890000000000001,0.44599999999999995,3.07,20.93,4.42,1.12,0.45,3.18,0.57,16.59,5.24,2.4699999999999998,0.4568,17.82,8.129999999999999,0.8864,4.5,4.0,0.252,60.0,60.0,34.22,2.5300000000000002,1.87,0.5700000000000001,2.77,19.25,2.67,23.3,2.33,1.6400000000000001,12.11,2.8,9.47,5.8100000000000005,0.5905,28.89,2.66,0.11560000000000001,5.29,0.5439
tyrese maxey,2024,5,1,23.0,0,0.25,0.5068,10.6,5.4,0.4021,6.7299999999999995,0.3839,2.67,22.240000000000002,5.01,0.8900000000000001,0.36,1.85,-1.0,9.17,2.96,1.9100000000000001,0.4663,17.37,8.02,0.8607,4.44,3.81,0.2523,62.1,68.0,35.89,2.88,1.3900000000000001,0.43,5.140000000000001,18.240000000000002,2.18,22.54,1.21,0.88,7.1,1.48,5.28,3.3600000000000003,0.5868,25.27,2.45,0.13829999999999998,7.13,0.5428,0.5068,10.6,5.4,0.4021,6.7299999999999995,0.3839,2.67,22.240000000000002,5.01,0.8900000000000001,0.36,1.85,-1.0,9.17,2.96,1.9100000000000001,0.4663,17.37,8.02,0.8607,4.44,3.81,0.2523,62.1,68.0,35.89,2.88,1.3900000000000001,0.43,5.140000000000001,18.240000000000002,2.18,22.54,1.21,0.88,7.1,1.48,5.28,3.3600000000000003,0.5868,25.27,2.45,0.13829999999999998,7.13,0.5428
pascal siakam,2024,4,1,29.0,0,0.3,0.5528,13.65,7.57,0.33899999999999997,3.39,0.1989,1.1600000000000001,21.77,4.949999999999999,1.11,0.42000000000000004,2.58,-0.21999999999999995,18.950000000000003,5.77,2.17,0.5108,17.06,8.68,0.748,5.63,4.2,0.3271,74.9,74.9,35.4,2.83,5.48,1.77,5.24,20.0,2.8200000000000003,22.67,1.23,0.93,9.77,2.16,11.96,7.59,0.583,25.97,3.0900000000000003,0.1345,7.41,0.544,0.5528,13.65,7.57,0.33899999999999997,3.39,0.1989,1.1600000000000001,21.77,4.949999999999999,1.11,0.42000000000000004,2.58,-0.21999999999999995,18.950000000000003,5.77,2.17,0.5108,17.06,8.68,0.748,5.63,4.2,0.3271,74.9,74.9,35.4,2.83,5.48,1.77,5.24,20.0,2.8200000000000003,22.67,1.23,0.93,9.77,2.16,11.96,7.59,0.583,25.97,3.0900000000000003,0.1345,7.41,0.544
immanuel quickley,2024,5,1,24.0,0,0.2312,0.4814,6.039999999999999,2.91,0.37770000000000004,5.9,0.4969,2.24,22.42,4.17,0.47,0.11,1.2000000000000002,-0.33,13.399999999999999,3.38,1.65,0.42979999999999996,11.89,5.130000000000001,0.8484,3.25,2.76,0.2721,25.9,73.9,27.89,1.5300000000000002,1.62,0.44000000000000006,3.5700000000000003,16.16,1.92,15.23,1.4100000000000001,0.7899999999999999,9.39,1.37,7.450000000000001,3.8,0.5705,22.61,1.6800000000000002,0.1212,5.199999999999999,0.5235000000000001,0.4814,6.039999999999999,2.91,0.37770000000000004,5.9,0.4969,2.24,22.42,4.17,0.47,0.11,1.2000000000000002,-0.33,13.399999999999999,3.38,1.65,0.42979999999999996,11.89,5.130000000000001,0.8484,3.25,2.76,0.2721,25.9,73.9,27.89,1.5300000000000002,1.62,0.44000000000000006,3.5700000000000003,16.16,1.92,15.23,1.4100000000000001,0.7899999999999999,9.39,1.37,7.450000000000001,3.8,0.5705,22.61,1.6800000000000002,0.1212,5.199999999999999,0.5235000000000001
lebron james,2024,2,1,39.0,0,0.3465999999999999,0.594,13.75,8.14,0.3731,6.22,0.3091,2.29,34.92,7.430000000000001,1.5699999999999998,0.65,6.62,0.79,19.97,6.75,2.58,0.5248,19.97,10.41,0.7565999999999999,5.82,4.43,0.2944,62.9,63.2,35.74,5.78,3.17,1.03,4.85,24.259999999999998,1.4700000000000002,27.58,1.5499999999999998,1.1800000000000002,13.23,3.41,11.86,7.779999999999999,0.6136999999999999,31.049999999999997,4.92,0.1578,7.43,0.5822,0.594,13.75,8.14,0.3731,6.22,0.3091,2.29,34.92,7.430000000000001,1.5699999999999998,0.65,6.62,0.79,19.97,6.75,2.58,0.5248,19.97,10.41,0.7565999999999999,5.82,4.43,0.2944,62.9,63.2,35.74,5.78,3.17,1.03,4.85,24.259999999999998,1.4700000000000002,27.58,1.5499999999999998,1.1800000000000002,13.23,3.41,11.86,7.779999999999999,0.6136999999999999,31.049999999999997,4.92,0.1578,7.43,0.5822
nic claxton,2024,4,1,24.0,0,0.196,0.6637,7.4799999999999995,4.93,0.1,0.05,0.005399999999999999,0.0,9.27,1.8,6.17,2.02,1.63,1.4500000000000002,24.96,6.380000000000001,3.04,0.6608,7.529999999999999,4.98,0.554,2.76,1.51,0.36460000000000004,62.1,67.7,28.009999999999998,0.18000000000000002,9.719999999999999,2.45,3.77,19.310000000000002,2.55,11.42,1.21,0.6699999999999999,11.95,1.2000000000000002,17.28,8.83,0.6562,15.440000000000001,1.8399999999999999,0.16870000000000002,6.8100000000000005,0.6613,0.6637,7.4799999999999995,4.93,0.1,0.05,0.005399999999999999,0.0,9.27,1.8,6.17,2.02,1.63,1.4500000000000002,24.96,6.380000000000001,3.04,0.6608,7.529999999999999,4.98,0.554,2.76,1.51,0.36460000000000004,62.1,67.7,28.009999999999998,0.18000000000000002,9.719999999999999,2.45,3.77,19.310000000000002,2.55,11.42,1.21,0.6699999999999999,11.95,1.2000000000000002,17.28,8.83,0.6562,15.440000000000001,1.8399999999999999,0.16870000000000002,6.8100000000000005,0.6613
patrick williams,2024,5,1,22.0,0,0.128,0.49319999999999997,4.78,2.33,0.4274,3.06,0.38549999999999995,1.2999999999999998,6.550000000000001,1.29,2.6799999999999997,0.77,-1.8399999999999999,-0.06999999999999999,12.209999999999999,2.92,1.46,0.4665,7.840000000000001,3.63,0.7975,1.62,1.29,0.2189,36.3,49.5,27.1,-1.7400000000000002,4.24,1.05,0.32,11.4,1.86,9.86,1.5,0.8200000000000001,12.450000000000001,1.19,8.190000000000001,3.9699999999999998,0.5767,15.850000000000001,0.06999999999999999,0.0654,1.83,0.5478000000000001,0.49319999999999997,4.78,2.33,0.4274,3.06,0.38549999999999995,1.2999999999999998,6.550000000000001,1.29,2.6799999999999997,0.77,-1.8399999999999999,-0.06999999999999999,12.209999999999999,2.92,1.46,0.4665,7.840000000000001,3.63,0.7975,1.62,1.29,0.2189,36.3,49.5,27.1,-1.7400000000000002,4.24,1.05,0.32,11.4,1.86,9.86,1.5,0.8200000000000001,12.450000000000001,1.19,8.190000000000001,3.9699999999999998,0.5767,15.850000000000001,0.06999999999999999,0.0654,1.83,0.5478000000000001
isaiah hartenstein,2024,3,0,25.0,0,0.2134,0.6237999999999999,4.43,2.79,0.3247,0.23,0.0543,0.07,13.34,2.09,4.290000000000001,1.01,2.56,2.38,21.65,4.39,2.91,0.6077,4.73,2.8600000000000003,0.6940999999999999,1.7000000000000002,1.19,0.35229999999999995,26.9,75.7,22.17,0.18,13.530000000000001,2.74,3.62,18.11,2.6799999999999997,7.0600000000000005,2.03,0.9199999999999999,16.78,1.08,17.580000000000002,7.08,0.6378999999999999,13.04,1.9100000000000001,0.18580000000000002,6.529999999999999,0.6156,0.6237999999999999,4.43,2.79,0.3247,0.23,0.0543,0.07,13.34,2.09,4.290000000000001,1.01,2.56,2.38,21.65,4.39,2.91,0.6077,4.73,2.8600000000000003,0.6940999999999999,1.7000000000000002,1.19,0.35229999999999995,26.9,75.7,22.17,0.18,13.530000000000001,2.74,3.62,18.11,2.6799999999999997,7.0600000000000005,2.03,0.9199999999999999,16.78,1.08,17.580000000000002,7.08,0.6378999999999999,13.04,1.9100000000000001,0.18580000000000002,6.529999999999999,0.6156
malik monk,2024,4,1,25.0,0,0.1238,0.539,5.83,3.12,0.3609,5.67,0.494,2.08,24.99,4.3,1.49,0.42000000000000004,0.29,-1.12,11.24,2.54,1.44,0.4505,11.47,5.15,0.8402000000000001,2.51,2.16,0.22139999999999999,7.4,74.3,25.310000000000002,1.33,1.81,0.42000000000000004,2.04,15.860000000000001,1.9400000000000002,14.510000000000002,1.2999999999999998,0.64,13.27,1.94,6.4399999999999995,2.91,0.5774999999999999,24.71,1.06,0.0885,3.43,0.54,0.539,5.83,3.12,0.3609,5.67,0.494,2.08,24.99,4.3,1.49,0.42000000000000004,0.29,-1.12,11.24,2.54,1.44,0.4505,11.47,5.15,0.8402000000000001,2.51,2.16,0.22139999999999999,7.4,74.3,25.310000000000002,1.33,1.81,0.42000000000000004,2.04,15.860000000000001,1.9400000000000002,14.510000000000002,1.2999999999999998,0.64,13.27,1.94,6.4399999999999995,2.91,0.5774999999999999,24.71,1.06,0.0885,3.43,0.54
demar derozan,2024,3,0,34.0,0,0.1664,0.5163,15.520000000000001,8.040000000000001,0.3341,2.3499999999999996,0.1343,0.77,22.25,5.16,1.3,0.51,2.0,-0.24000000000000002,12.23,4.04,2.42,0.492,17.92,8.809999999999999,0.8634999999999999,7.54,6.52,0.4235,76.9,76.9,36.980000000000004,2.24,1.71,0.54,6.5200000000000005,20.65,2.21,24.93,1.44,1.06,8.42,1.96,6.960000000000001,4.57,0.5875999999999999,27.6,2.8,0.1502,8.91,0.5143,0.5163,15.520000000000001,8.040000000000001,0.3341,2.3499999999999996,0.1343,0.77,22.25,5.16,1.3,0.51,2.0,-0.24000000000000002,12.23,4.04,2.42,0.492,17.92,8.809999999999999,0.8634999999999999,7.54,6.52,0.4235,76.9,76.9,36.980000000000004,2.24,1.71,0.54,6.5200000000000005,20.65,2.21,24.93,1.44,1.06,8.42,1.96,6.960000000000001,4.57,0.5875999999999999,27.6,2.8,0.1502,8.91,0.5143
james harden,2024,2,1,34.0,0,0.2394,0.49219999999999997,6.17,3.0300000000000002,0.372,6.9399999999999995,0.5362,2.5999999999999996,37.849999999999994,9.52,1.73,0.67,4.47,0.3,16.47,5.33,2.5700000000000003,0.4283,13.11,5.63,0.8745,5.9,5.16,0.4457,66.4,66.4,35.629999999999995,4.17,2.01,0.62,5.67,19.96,1.9499999999999997,19.0,1.57,1.17,16.65,3.2,9.4,5.92,0.6047,23.240000000000002,3.84,0.1683,8.24,0.5283,0.49219999999999997,6.17,3.0300000000000002,0.372,6.9399999999999995,0.5362,2.5999999999999996,37.849999999999994,9.52,1.73,0.67,4.47,0.3,16.47,5.33,2.5700000000000003,0.4283,13.11,5.63,0.8745,5.9,5.16,0.4457,66.4,66.4,35.629999999999995,4.17,2.01,0.62,5.67,19.96,1.9499999999999997,19.0,1.57,1.17,16.65,3.2,9.4,5.92,0.6047,23.240000000000002,3.84,0.1683,8.24,0.5283
kentavious caldwellpope,2024,3,0,30.0,0,0.1619,0.5065999999999999,4.18,2.0999999999999996,0.40790000000000004,4.37,0.5124,1.7600000000000002,9.51,2.3,1.32,0.51,-1.3,0.41,7.890000000000001,2.27,2.33,0.4556,8.5,3.88,0.8722000000000001,1.63,1.4300000000000002,0.1931,76.2,76.2,31.23,-1.71,1.6600000000000001,0.45,1.98,11.32,1.93,10.93,2.05,1.3199999999999998,10.54,1.09,4.84,2.6900000000000004,0.594,14.48,0.44,0.0869,4.31,0.5599000000000001,0.5065999999999999,4.18,2.0999999999999996,0.40790000000000004,4.37,0.5124,1.7600000000000002,9.51,2.3,1.32,0.51,-1.3,0.41,7.890000000000001,2.27,2.33,0.4556,8.5,3.88,0.8722000000000001,1.63,1.4300000000000002,0.1931,76.2,76.2,31.23,-1.71,1.6600000000000001,0.45,1.98,11.32,1.93,10.93,2.05,1.3199999999999998,10.54,1.09,4.84,2.6900000000000004,0.594,14.48,0.44,0.0869,4.31,0.5599000000000001
obi toppin,2024,4,1,25.0,0,0.0923,0.6618999999999999,3.62,2.4099999999999997,0.3663,3.12,0.4666,1.13,9.64,1.32,1.85,0.41000000000000003,1.0,-0.32999999999999996,16.22,2.7299999999999995,1.1500000000000001,0.5265,6.76,3.54,0.7793,1.15,0.89,0.1725,17.5,75.5,18.68,1.33,4.88,0.8200000000000001,2.63,15.99,1.43,9.170000000000002,1.1800000000000002,0.44999999999999996,9.32,0.74,10.53,3.5300000000000002,0.6308,18.41,1.1099999999999999,0.1251,3.81,0.6121000000000001,0.6618999999999999,3.62,2.4099999999999997,0.3663,3.12,0.4666,1.13,9.64,1.32,1.85,0.41000000000000003,1.0,-0.32999999999999996,16.22,2.7299999999999995,1.1500000000000001,0.5265,6.76,3.54,0.7793,1.15,0.89,0.1725,17.5,75.5,18.68,1.33,4.88,0.8200000000000001,2.63,15.99,1.43,9.170000000000002,1.1800000000000002,0.44999999999999996,9.32,0.74,10.53,3.5300000000000002,0.6308,18.41,1.1099999999999999,0.1251,3.81,0.6121000000000001
tobias harris,2024,2,0,31.0,0,0.1804,0.5445,9.09,4.93,0.3666,3.93,0.3042,1.44,13.5,3.0,1.65,0.62,0.66,-0.14,17.57,5.23,2.71,0.49019999999999997,13.02,6.37,0.8702,2.57,2.26,0.1975,71.8,71.8,33.73,0.8,3.52,1.04,3.13,15.870000000000001,1.84,16.45,1.35,0.89,8.7,1.33,10.57,6.32,0.5817999999999999,20.15,1.62,0.1163,5.84,0.5464,0.5445,9.09,4.93,0.3666,3.93,0.3042,1.44,13.5,3.0,1.65,0.62,0.66,-0.14,17.57,5.23,2.71,0.49019999999999997,13.02,6.37,0.8702,2.57,2.26,0.1975,71.8,71.8,33.73,0.8,3.52,1.04,3.13,15.870000000000001,1.84,16.45,1.35,0.89,8.7,1.33,10.57,6.32,0.5817999999999999,20.15,1.62,0.1163,5.84,0.5464
klay thompson,2024,3,0,33.0,0,0.1128999999999999,0.4879,6.869999999999999,3.3499999999999996,0.3941,9.54,0.5841000000000001,3.79,12.120000000000001,2.4299999999999997,1.37,0.47,-0.06999999999999998,-1.58,11.09,3.16,1.66,0.4326,16.36,7.11,0.9076,1.79,1.59,0.1098,58.6,65.6,30.630000000000003,1.52,1.7799999999999998,0.53,1.38,14.7,1.71,19.599999999999998,1.01,0.61,8.370000000000001,1.55,6.529999999999999,3.6599999999999997,0.5702,25.939999999999998,0.8899999999999999,0.07550000000000001,3.09,0.5481,0.4879,6.869999999999999,3.3499999999999996,0.3941,9.54,0.5841000000000001,3.79,12.120000000000001,2.4299999999999997,1.37,0.47,-0.06999999999999998,-1.58,11.09,3.16,1.66,0.4326,16.36,7.11,0.9076,1.79,1.59,0.1098,58.6,65.6,30.630000000000003,1.52,1.7799999999999998,0.53,1.38,14.7,1.71,19.599999999999998,1.01,0.61,8.370000000000001,1.55,6.529999999999999,3.6599999999999997,0.5702,25.939999999999998,0.8899999999999999,0.07550000000000001,3.09,0.5481
isaiah joe,2024,4,1,24.0,0,0.0924,0.5309,1.49,0.8300000000000001,0.3973,4.37,0.7494000000000001,1.77,8.68,1.13,0.9299999999999999,0.2,-0.1999999999999999,-0.5700000000000001,10.780000000000001,1.73,1.27,0.4313,5.84,2.55,0.8654999999999999,0.89,0.73,0.14759999999999998,3.7,71.9,17.200000000000003,0.31999999999999995,2.12,0.34,1.7,12.59,1.15,7.67,1.45,0.5700000000000001,8.05,0.51,6.48,2.07,0.6046,16.71,0.72,0.1043,2.9699999999999998,0.5796,0.5309,1.49,0.8300000000000001,0.3973,4.37,0.7494000000000001,1.77,8.68,1.13,0.9299999999999999,0.2,-0.1999999999999999,-0.5700000000000001,10.780000000000001,1.73,1.27,0.4313,5.84,2.55,0.8654999999999999,0.89,0.73,0.14759999999999998,3.7,71.9,17.200000000000003,0.31999999999999995,2.12,0.34,1.7,12.59,1.15,7.67,1.45,0.5700000000000001,8.05,0.51,6.48,2.07,0.6046,16.71,0.72,0.1043,2.9699999999999998,0.5796
aaron wiggins,2024,4,1,25.0,0,0.0781,0.5854999999999999,3.42,2.01,0.42469999999999997,1.8699999999999999,0.3496,0.77,8.84,1.1600000000000001,1.19,0.2,-1.1400000000000001,-0.13,11.3,1.9000000000000001,1.32,0.5272,5.300000000000001,2.7800000000000002,0.7896000000000001,1.09,0.83,0.2032,13.2,70.0,18.240000000000002,-0.9299999999999999,5.359999999999999,0.9,1.57,13.52,1.46,7.15,1.76,0.6499999999999999,12.23,0.81,8.33,2.8200000000000003,0.6253,15.61,0.26,0.11069999999999999,2.87,0.6012,0.5854999999999999,3.42,2.01,0.42469999999999997,1.8699999999999999,0.3496,0.77,8.84,1.1600000000000001,1.19,0.2,-1.1400000000000001,-0.13,11.3,1.9000000000000001,1.32,0.5272,5.300000000000001,2.7800000000000002,0.7896000000000001,1.09,0.83,0.2032,13.2,70.0,18.240000000000002,-0.9299999999999999,5.359999999999999,0.9,1.57,13.52,1.46,7.15,1.76,0.6499999999999999,12.23,0.81,8.33,2.8200000000000003,0.6253,15.61,0.26,0.11069999999999999,2.87,0.6012
royce oneale,2024,4,1,30.0,0,0.0667,0.4835,1.8,0.8400000000000001,0.3795,5.1,0.7414000000000001,1.9300000000000002,14.19,3.01,1.75,0.56,-0.16999999999999998,1.02,16.13,4.07,2.3600000000000003,0.4057,6.9,2.77,0.7213,0.6100000000000001,0.48,0.0925,38.3,77.7,28.1,-1.17,3.08,0.77,1.31,10.370000000000001,2.51,7.970000000000001,1.5,0.8400000000000001,13.329999999999998,1.0999999999999999,9.73,4.89,0.557,13.010000000000002,0.99,0.0814,3.67,0.5464,0.4835,1.8,0.8400000000000001,0.3795,5.1,0.7414000000000001,1.9300000000000002,14.19,3.01,1.75,0.56,-0.16999999999999998,1.02,16.13,4.07,2.3600000000000003,0.4057,6.9,2.77,0.7213,0.6100000000000001,0.48,0.0925,38.3,77.7,28.1,-1.17,3.08,0.77,1.31,10.370000000000001,2.51,7.970000000000001,1.5,0.8400000000000001,13.329999999999998,1.0999999999999999,9.73,4.89,0.557,13.010000000000002,0.99,0.0814,3.67,0.5464
buddy hield,2024,4,0,31.0,0,0.0625,0.5213000000000001,3.99,2.05,0.3937,7.710000000000001,0.66,3.0200000000000005,14.0,2.8,1.25,0.4,0.53,-0.8200000000000001,12.48,3.21,1.5,0.4366,11.67,5.07,0.8619,1.15,0.97,0.0949,49.3,82.2,28.33,1.35,3.0300000000000002,0.75,1.92,13.850000000000001,2.06,14.21,1.62,0.9400000000000001,10.98,1.49,7.73,3.98,0.5828,20.32,1.47,0.0712,3.45,0.5665,0.5213000000000001,3.99,2.05,0.3937,7.710000000000001,0.66,3.0200000000000005,14.0,2.8,1.25,0.4,0.53,-0.8200000000000001,12.48,3.21,1.5,0.4366,11.67,5.07,0.8619,1.15,0.97,0.0949,49.3,82.2,28.33,1.35,3.0300000000000002,0.75,1.92,13.850000000000001,2.06,14.21,1.62,0.9400000000000001,10.98,1.49,7.73,3.98,0.5828,20.32,1.47,0.0712,3.45,0.5665
caleb martin,2024,4,0,28.0,0,0.0653,0.5209999999999999,4.73,2.45,0.3639,3.3099999999999996,0.4124,1.23,9.76,1.8,1.71,0.47,-1.14,0.43000000000000005,13.85,3.22,2.27,0.45609999999999995,8.02,3.68,0.7831,1.55,1.23,0.19569999999999999,28.6,65.3,27.07,-1.62,4.970000000000001,1.2,0.84,11.780000000000001,1.94,9.719999999999999,1.58,0.85,11.16,1.1099999999999999,9.36,4.4,0.5589999999999999,16.23,0.34,0.08660000000000001,3.1100000000000003,0.531,0.5209999999999999,4.73,2.45,0.3639,3.3099999999999996,0.4124,1.23,9.76,1.8,1.71,0.47,-1.14,0.43000000000000005,13.85,3.22,2.27,0.45609999999999995,8.02,3.68,0.7831,1.55,1.23,0.19569999999999999,28.6,65.3,27.07,-1.62,4.970000000000001,1.2,0.84,11.780000000000001,1.94,9.719999999999999,1.58,0.85,11.16,1.1099999999999999,9.36,4.4,0.5589999999999999,16.23,0.34,0.08660000000000001,3.1100000000000003,0.531
isaac okoro,2024,3,1,23.0,0,0.0724,0.5811,3.44,2.01,0.3744,2.7,0.4417,1.0,8.55,1.6400000000000001,1.51,0.43,-0.9800000000000001,0.97,8.399999999999999,1.92,2.07,0.48919999999999997,6.19,3.01,0.7202000000000001,1.88,1.31,0.30179999999999996,47.0,70.7,26.08,-1.9499999999999997,3.93,0.93,2.0999999999999996,10.989999999999998,2.11,8.38,1.54,0.77,9.48,0.76,6.18,2.85,0.6014999999999999,13.0,0.43,0.11019999999999999,4.2,0.5719,0.5811,3.44,2.01,0.3744,2.7,0.4417,1.0,8.55,1.6400000000000001,1.51,0.43,-0.9800000000000001,0.97,8.399999999999999,1.92,2.07,0.48919999999999997,6.19,3.01,0.7202000000000001,1.88,1.31,0.30179999999999996,47.0,70.7,26.08,-1.9499999999999997,3.93,0.93,2.0999999999999996,10.989999999999998,2.11,8.38,1.54,0.77,9.48,0.76,6.18,2.85,0.6014999999999999,13.0,0.43,0.11019999999999999,4.2,0.5719
derrick jones,2024,3,0,26.0,0,0.0677,0.6093999999999999,2.91,1.81,0.3385,2.18,0.4085,0.75,5.16,0.77,3.09,0.6499999999999999,-1.05,0.18999999999999997,11.350000000000001,1.9700000000000002,1.32,0.4991,5.09,2.5100000000000002,0.7379,1.5699999999999998,1.17,0.31880000000000003,34.6,67.4,19.47,-1.31,6.33,1.06,1.39,12.59,1.61,6.92,1.46,0.6,10.17,0.69,8.879999999999999,3.03,0.6016999999999999,14.3,0.23,0.1046,2.71,0.5687,0.6093999999999999,2.91,1.81,0.3385,2.18,0.4085,0.75,5.16,0.77,3.09,0.6499999999999999,-1.05,0.18999999999999997,11.350000000000001,1.9700000000000002,1.32,0.4991,5.09,2.5100000000000002,0.7379,1.5699999999999998,1.17,0.31880000000000003,34.6,67.4,19.47,-1.31,6.33,1.06,1.39,12.59,1.61,6.92,1.46,0.6,10.17,0.69,8.879999999999999,3.03,0.6016999999999999,14.3,0.23,0.1046,2.71,0.5687
kyle anderson,2024,3,0,30.0,0,0.0625,0.501,5.2,2.5999999999999996,0.3035,1.07,0.16549999999999998,0.33,22.52,4.109999999999999,2.53,0.71,1.54,2.46,15.89,3.5300000000000002,2.83,0.4719,6.2700000000000005,2.96,0.7021,1.75,1.22,0.2853,21.0,74.0,24.12,-0.92,4.1,0.9,1.65,13.67,1.75,7.54,2.07,1.0,14.93,1.25,10.1,4.4,0.5326,14.81,1.6,0.1206,4.48,0.49870000000000003,0.501,5.2,2.5999999999999996,0.3035,1.07,0.16549999999999998,0.33,22.52,4.109999999999999,2.53,0.71,1.54,2.46,15.89,3.5300000000000002,2.83,0.4719,6.2700000000000005,2.96,0.7021,1.75,1.22,0.2853,21.0,74.0,24.12,-0.92,4.1,0.9,1.65,13.67,1.75,7.54,2.07,1.0,14.93,1.25,10.1,4.4,0.5326,14.81,1.6,0.1206,4.48,0.49870000000000003
naji marshall,2024,3,0,26.0,0,0.061,0.5193000000000001,3.63,1.8900000000000001,0.3244,2.37,0.3971,0.8,13.580000000000002,1.92,0.8600000000000001,0.18,-1.56,0.15,15.78,2.6799999999999997,1.54,0.4424,6.0,2.66,0.7914000000000001,1.6800000000000002,1.3,0.27799999999999997,7.6,67.1,19.17,-1.7599999999999998,4.42,0.72,0.65,12.23,1.41,7.42,1.8399999999999999,0.6799999999999999,13.38,1.05,10.08,3.4000000000000004,0.5507,17.65,0.19,0.0804,2.21,0.5068,0.5193000000000001,3.63,1.8900000000000001,0.3244,2.37,0.3971,0.8,13.580000000000002,1.92,0.8600000000000001,0.18,-1.56,0.15,15.78,2.6799999999999997,1.54,0.4424,6.0,2.66,0.7914000000000001,1.6800000000000002,1.3,0.27799999999999997,7.6,67.1,19.17,-1.7599999999999998,4.42,0.72,0.65,12.23,1.41,7.42,1.8399999999999999,0.6799999999999999,13.38,1.05,10.08,3.4000000000000004,0.5507,17.65,0.19,0.0804,2.21,0.5068
jalen smith,2024,3,0,23.0,0,0.061,0.6416,4.359999999999999,2.78,0.3625,2.5199999999999996,0.3651,0.9,7.06,0.9,3.4299999999999997,0.73,0.47,-1.01,23.92,3.8200000000000003,1.0,0.5394,6.88,3.68,0.7267,1.85,1.35,0.2707,17.9,61.1,17.86,1.51,11.809999999999999,1.87,2.22,18.799999999999997,2.07,9.61,0.8,0.3,9.829999999999998,0.8400000000000001,17.869999999999997,5.69,0.6295,20.06,0.6599999999999999,0.1455,3.25,0.6060000000000001,0.6416,4.359999999999999,2.78,0.3625,2.5199999999999996,0.3651,0.9,7.06,0.9,3.4299999999999997,0.73,0.47,-1.01,23.92,3.8200000000000003,1.0,0.5394,6.88,3.68,0.7267,1.85,1.35,0.2707,17.9,61.1,17.86,1.51,11.809999999999999,1.87,2.22,18.799999999999997,2.07,9.61,0.8,0.3,9.829999999999998,0.8400000000000001,17.869999999999997,5.69,0.6295,20.06,0.6599999999999999,0.1455,3.25,0.6060000000000001
goga bitadze,2024,3,1,24.0,0,0.0644,0.6344000000000001,3.01,1.9500000000000002,0.19840000000000002,0.63,0.1593,0.16,11.719999999999999,1.17,6.09,0.97,0.98,1.6099999999999999,19.619999999999997,2.45,1.25,0.5710999999999999,3.6899999999999995,2.06,0.6281000000000001,1.41,0.89,0.38339999999999996,20.0,52.4,14.219999999999999,-0.63,13.530000000000001,1.7000000000000002,1.4,17.630000000000003,1.78,5.220000000000001,1.6400000000000001,0.45,14.260000000000002,0.71,16.490000000000002,4.08,0.6081,15.25,0.63,0.1597,2.62,0.5897999999999999,0.6344000000000001,3.01,1.9500000000000002,0.19840000000000002,0.63,0.1593,0.16,11.719999999999999,1.17,6.09,0.97,0.98,1.6099999999999999,19.619999999999997,2.45,1.25,0.5710999999999999,3.6899999999999995,2.06,0.6281000000000001,1.41,0.89,0.38339999999999996,20.0,52.4,14.219999999999999,-0.63,13.530000000000001,1.7000000000000002,1.4,17.630000000000003,1.78,5.220000000000001,1.6400000000000001,0.45,14.260000000000002,0.71,16.490000000000002,4.08,0.6081,15.25,0.63,0.1597,2.62,0.5897999999999999
moritz wagner,2024,2,1,26.0,0,0.0782,0.6602,4.6,3.0500000000000003,0.3245,2.21,0.3292,0.72,12.129999999999999,1.33,1.27,0.25,1.5,0.22999999999999998,19.67,3.04,1.59,0.5499,6.78,3.7700000000000005,0.8205,2.66,2.2,0.3882,6.5,69.7,17.740000000000002,1.27,7.82,1.25,2.74,19.14,2.12,10.4,1.38,0.49,12.5,1.1400000000000001,13.719999999999999,4.24,0.6516,22.310000000000002,1.0899999999999999,0.1663,4.38,0.6033999999999999,0.6602,4.6,3.0500000000000003,0.3245,2.21,0.3292,0.72,12.129999999999999,1.33,1.27,0.25,1.5,0.22999999999999998,19.67,3.04,1.59,0.5499,6.78,3.7700000000000005,0.8205,2.66,2.2,0.3882,6.5,69.7,17.740000000000002,1.27,7.82,1.25,2.74,19.14,2.12,10.4,1.38,0.49,12.5,1.1400000000000001,13.719999999999999,4.24,0.6516,22.310000000000002,1.0899999999999999,0.1663,4.38,0.6033999999999999
saddiq bey,2024,3,0,24.0,0,0.0458,0.49670000000000003,5.6000000000000005,2.76,0.3355,5.950000000000001,0.5144,2.02,8.19,1.7599999999999998,0.5,0.2,-1.05,-1.6,13.72,3.79,1.03,0.41379999999999995,11.600000000000001,4.779999999999999,0.8422,3.1500000000000004,2.68,0.2758,53.0,71.0,31.23,0.5000000000000001,6.57,2.0,2.66,13.73,1.5,14.21,1.3399999999999999,0.8500000000000001,6.720000000000001,0.96,10.030000000000001,5.74,0.5495000000000001,18.82,0.56,0.0808,3.7199999999999998,0.5002,0.49670000000000003,5.6000000000000005,2.76,0.3355,5.950000000000001,0.5144,2.02,8.19,1.7599999999999998,0.5,0.2,-1.05,-1.6,13.72,3.79,1.03,0.41379999999999995,11.600000000000001,4.779999999999999,0.8422,3.1500000000000004,2.68,0.2758,53.0,71.0,31.23,0.5000000000000001,6.57,2.0,2.66,13.73,1.5,14.21,1.3399999999999999,0.8500000000000001,6.720000000000001,0.96,10.030000000000001,5.74,0.5495000000000001,18.82,0.56,0.0808,3.7199999999999998,0.5002
kelly oubre jr,2024,2,1,28.0,0,0.0567999999999999,0.5271,8.05,4.21,0.3202,5.99,0.42779999999999996,1.94,6.57,1.3,1.6500000000000001,0.55,-1.7599999999999998,-0.88,13.02,3.5199999999999996,1.93,0.43779999999999997,14.04,6.15,0.7363999999999999,3.4899999999999998,2.63,0.24880000000000002,40.6,63.6,30.049999999999997,-0.83,4.640000000000001,1.3199999999999998,0.69,14.170000000000002,2.8200000000000003,16.79,1.8900000000000001,1.17,7.319999999999999,1.2200000000000002,8.78,4.86,0.5397000000000001,23.75,0.09999999999999999,0.0661,2.67,0.5065,0.5271,8.05,4.21,0.3202,5.99,0.42779999999999996,1.94,6.57,1.3,1.6500000000000001,0.55,-1.7599999999999998,-0.88,13.02,3.5199999999999996,1.93,0.43779999999999997,14.04,6.15,0.7363999999999999,3.4899999999999998,2.63,0.24880000000000002,40.6,63.6,30.049999999999997,-0.83,4.640000000000001,1.3199999999999998,0.69,14.170000000000002,2.8200000000000003,16.79,1.8900000000000001,1.17,7.319999999999999,1.2200000000000002,8.78,4.86,0.5397000000000001,23.75,0.09999999999999999,0.0661,2.67,0.5065
kris dunn,2024,3,0,29.0,0,0.0368,0.5221,5.31,2.77,0.34429999999999994,1.49,0.24919999999999998,0.56,30.26,4.699999999999999,1.63,0.39,-0.4100000000000001,1.0499999999999998,13.95,2.8599999999999994,0.69,0.48229999999999995,6.75,3.31,0.7649999999999999,1.23,0.96,0.15969999999999998,17.5,42.4,21.990000000000002,-1.46,3.27,0.64,0.92,14.63,2.3200000000000003,8.18,2.59,1.1500000000000001,18.09,1.54,8.600000000000001,3.5,0.5512,16.52,0.42,0.0914,1.6099999999999999,0.5275000000000001,0.5221,5.31,2.77,0.34429999999999994,1.49,0.24919999999999998,0.56,30.26,4.699999999999999,1.63,0.39,-0.4100000000000001,1.0499999999999998,13.95,2.8599999999999994,0.69,0.48229999999999995,6.75,3.31,0.7649999999999999,1.23,0.96,0.15969999999999998,17.5,42.4,21.990000000000002,-1.46,3.27,0.64,0.92,14.63,2.3200000000000003,8.18,2.59,1.1500000000000001,18.09,1.54,8.600000000000001,3.5,0.5512,16.52,0.42,0.0914,1.6099999999999999,0.5275000000000001
josh okogie,2024,2,1,25.0,0,0.0587,0.4853,2.09,1.01,0.3146,1.81,0.4612,0.5800000000000001,8.530000000000001,1.1,2.23,0.39,-0.8500000000000001,0.73,9.809999999999999,1.4100000000000001,1.1600000000000001,0.40659999999999996,3.8600000000000003,1.5699999999999998,0.7269,1.8599999999999999,1.3599999999999999,0.4847,14.5,61.4,15.74,-1.6300000000000001,8.42,1.17,0.8500000000000001,11.79,1.25,5.029999999999999,2.2800000000000002,0.74,12.69,0.6699999999999999,9.100000000000001,2.63,0.5405,14.23,0.36,0.0947,2.0300000000000002,0.4795,0.4853,2.09,1.01,0.3146,1.81,0.4612,0.5800000000000001,8.530000000000001,1.1,2.23,0.39,-0.8500000000000001,0.73,9.809999999999999,1.4100000000000001,1.1600000000000001,0.40659999999999996,3.8600000000000003,1.5699999999999998,0.7269,1.8599999999999999,1.3599999999999999,0.4847,14.5,61.4,15.74,-1.6300000000000001,8.42,1.17,0.8500000000000001,11.79,1.25,5.029999999999999,2.2800000000000002,0.74,12.69,0.6699999999999999,9.100000000000001,2.63,0.5405,14.23,0.36,0.0947,2.0300000000000002,0.4795
gary harris,2024,2,1,29.0,0,0.0533,0.546,2.2399999999999998,1.17,0.3916,4.25,0.6672,1.68,8.52,1.52,0.9,0.26,-1.29,0.68,6.33,1.3599999999999999,1.28,0.4423,6.49,2.8499999999999996,0.8228,0.9,0.76,0.13979999999999998,32.1,53.6,25.09,-1.97,2.14,0.44,1.1600000000000001,10.030000000000001,1.7799999999999998,8.16,1.81,0.92,8.71,0.6799999999999999,4.199999999999999,1.85,0.5937,12.91,0.22999999999999998,0.09,2.48,0.5731999999999999,0.546,2.2399999999999998,1.17,0.3916,4.25,0.6672,1.68,8.52,1.52,0.9,0.26,-1.29,0.68,6.33,1.3599999999999999,1.28,0.4423,6.49,2.8499999999999996,0.8228,0.9,0.76,0.13979999999999998,32.1,53.6,25.09,-1.97,2.14,0.44,1.1600000000000001,10.030000000000001,1.7799999999999998,8.16,1.81,0.92,8.71,0.6799999999999999,4.199999999999999,1.85,0.5937,12.91,0.22999999999999998,0.09,2.48,0.5731999999999999
deanthony melton,2024,1,0,25.0,0,0.0911999999999999,0.4457,3.74,1.6600000000000001,0.3718,5.38,0.5897,1.98,14.77,2.8200000000000003,1.6600000000000001,0.45,0.9,1.4,13.55,3.18,2.1899999999999995,0.4013,9.2,3.6900000000000004,0.8054,1.7000000000000002,1.3599999999999999,0.18430000000000002,36.9,56.7,26.36,-0.5,3.4699999999999998,0.8,0.91,13.55,2.21,10.739999999999998,2.92,1.56,10.97,1.19,8.46,3.98,0.5421,18.33,1.15,0.0994,3.05,0.5111,0.4457,3.74,1.6600000000000001,0.3718,5.38,0.5897,1.98,14.77,2.8200000000000003,1.6600000000000001,0.45,0.9,1.4,13.55,3.18,2.1899999999999995,0.4013,9.2,3.6900000000000004,0.8054,1.7000000000000002,1.3599999999999999,0.18430000000000002,36.9,56.7,26.36,-0.5,3.4699999999999998,0.8,0.91,13.55,2.21,10.739999999999998,2.92,1.56,10.97,1.19,8.46,3.98,0.5421,18.33,1.15,0.0994,3.05,0.5111
haywood highsmith,2024,2,1,27.0,0,0.037,0.5157,1.83,0.98,0.3639,2.35,0.5652999999999999,0.9099999999999999,6.48,0.8500000000000001,1.9700000000000002,0.38,-2.1999999999999997,0.5,13.149999999999999,1.98,1.38,0.4314,4.18,1.8199999999999998,0.5387,0.45999999999999996,0.22999999999999998,0.1153,16.5,53.0,17.439999999999998,-2.67,6.08,0.93,0.4600000000000001,9.5,1.49,4.83,1.64,0.63,10.63,0.53,9.57,2.93,0.5378,12.75,0.14,0.076,1.84,0.5345,0.5157,1.83,0.98,0.3639,2.35,0.5652999999999999,0.9099999999999999,6.48,0.8500000000000001,1.9700000000000002,0.38,-2.1999999999999997,0.5,13.149999999999999,1.98,1.38,0.4314,4.18,1.8199999999999998,0.5387,0.45999999999999996,0.22999999999999998,0.1153,16.5,53.0,17.439999999999998,-2.67,6.08,0.93,0.4600000000000001,9.5,1.49,4.83,1.64,0.63,10.63,0.53,9.57,2.93,0.5378,12.75,0.14,0.076,1.84,0.5345
chris paul,2024,1,0,38.0,0,0.0781,0.5054,5.93,3.01,0.3614,3.74,0.3963,1.3599999999999999,37.21,8.23,0.66,0.22999999999999998,2.54,1.42,13.780000000000001,3.74,2.3200000000000003,0.45110000000000006,9.7,4.42,0.8301999999999999,1.8800000000000001,1.56,0.1823,39.7,59.7,29.38,1.12,1.35,0.36,3.5700000000000003,16.82,2.0,11.709999999999999,2.3600000000000003,1.43,13.84,1.6999999999999997,7.59,4.12,0.5547,17.5,2.15,0.1568,5.890000000000001,0.5236000000000001,0.5054,5.93,3.01,0.3614,3.74,0.3963,1.3599999999999999,37.21,8.23,0.66,0.22999999999999998,2.54,1.42,13.780000000000001,3.74,2.3200000000000003,0.45110000000000006,9.7,4.42,0.8301999999999999,1.8800000000000001,1.56,0.1823,39.7,59.7,29.38,1.12,1.35,0.36,3.5700000000000003,16.82,2.0,11.709999999999999,2.3600000000000003,1.43,13.84,1.6999999999999997,7.59,4.12,0.5547,17.5,2.15,0.1568,5.890000000000001,0.5236000000000001
andre drummond,2024,2,0,30.0,0,0.0356,0.5787,5.38,3.13,0.0,0.0,0.007699999999999999,0.0,6.5,0.76,3.5700000000000003,0.6000000000000001,0.07000000000000002,0.07999999999999996,37.58,5.42,2.5200000000000005,0.5738,5.46,3.13,0.5616,2.41,1.34,0.4396,12.2,74.2,16.3,0.020000000000000018,19.96,2.95,1.79,21.94,1.9300000000000002,7.58,2.67,0.8800000000000001,15.430000000000001,1.1500000000000001,28.770000000000003,8.34,0.5846,20.75,0.6799999999999999,0.1692,4.3100000000000005,0.5738,0.5787,5.38,3.13,0.0,0.0,0.007699999999999999,0.0,6.5,0.76,3.5700000000000003,0.6000000000000001,0.07000000000000002,0.07999999999999996,37.58,5.42,2.5200000000000005,0.5738,5.46,3.13,0.5616,2.41,1.34,0.4396,12.2,74.2,16.3,0.020000000000000018,19.96,2.95,1.79,21.94,1.9300000000000002,7.58,2.67,0.8800000000000001,15.430000000000001,1.1500000000000001,28.770000000000003,8.34,0.5846,20.75,0.6799999999999999,0.1692,4.3100000000000005,0.5738
drew eubanks,2024,2,0,26.0,0,0.0356,0.6187,3.86,2.41,0.6601,0.12,0.0346,0.05,8.379999999999999,1.03,4.57,0.91,-0.85,0.49,20.76,3.26,1.5,0.612,4.03,2.43,0.7386,1.44,1.1099999999999999,0.36619999999999997,17.6,75.1,17.39,-1.37,10.3,1.57,2.1100000000000003,15.66,1.75,6.069999999999999,1.15,0.43000000000000005,16.189999999999998,0.8900000000000001,15.66,4.85,0.6499,13.85,0.38,0.1307,3.55,0.6192,0.6187,3.86,2.41,0.6601,0.12,0.0346,0.05,8.379999999999999,1.03,4.57,0.91,-0.85,0.49,20.76,3.26,1.5,0.612,4.03,2.43,0.7386,1.44,1.1099999999999999,0.36619999999999997,17.6,75.1,17.39,-1.37,10.3,1.57,2.1100000000000003,15.66,1.75,6.069999999999999,1.15,0.43000000000000005,16.189999999999998,0.8900000000000001,15.66,4.85,0.6499,13.85,0.38,0.1307,3.55,0.6192
nicolas batum,2024,2,0,35.0,0,0.0332,0.5932999999999999,1.24,0.74,0.39480000000000004,3.6999999999999993,0.7506999999999999,1.44,10.11,1.87,2.32,0.6199999999999999,0.41,1.1400000000000001,14.33,3.16,1.79,0.44510000000000005,4.9399999999999995,2.1799999999999997,0.701,0.5,0.35,0.09840000000000002,35.5,65.2,24.28,-0.79,4.17,0.94,1.6800000000000002,11.1,1.75,6.140000000000001,1.58,0.81,11.68,0.6699999999999999,9.28,4.05,0.6013,10.41,0.9200000000000002,0.1064,3.47,0.5932999999999999,0.5932999999999999,1.24,0.74,0.39480000000000004,3.6999999999999993,0.7506999999999999,1.44,10.11,1.87,2.32,0.6199999999999999,0.41,1.1400000000000001,14.33,3.16,1.79,0.44510000000000005,4.9399999999999995,2.1799999999999997,0.701,0.5,0.35,0.09840000000000002,35.5,65.2,24.28,-0.79,4.17,0.94,1.6800000000000002,11.1,1.75,6.140000000000001,1.58,0.81,11.68,0.6699999999999999,9.28,4.05,0.6013,10.41,0.9200000000000002,0.1064,3.47,0.5932999999999999
aaron holiday,2024,2,1,27.0,0,0.0332,0.47759999999999997,2.67,1.2800000000000002,0.392,2.1399999999999997,0.441,0.8500000000000001,15.739999999999998,1.7999999999999998,0.7,0.13,-1.69,0.48,8.23,1.21,0.96,0.43779999999999997,4.779999999999999,2.13,0.8873,0.77,0.65,0.1592,5.3,70.5,15.41,-2.15,2.4299999999999997,0.35,0.8400000000000001,11.09,1.4900000000000002,5.7299999999999995,1.83,0.57,12.370000000000001,0.75,5.34,1.54,0.5562,16.11,0.12000000000000001,0.0765,1.82,0.5243,0.47759999999999997,2.67,1.2800000000000002,0.392,2.1399999999999997,0.441,0.8500000000000001,15.739999999999998,1.7999999999999998,0.7,0.13,-1.69,0.48,8.23,1.21,0.96,0.43779999999999997,4.779999999999999,2.13,0.8873,0.77,0.65,0.1592,5.3,70.5,15.41,-2.15,2.4299999999999997,0.35,0.8400000000000001,11.09,1.4900000000000002,5.7299999999999995,1.83,0.57,12.370000000000001,0.75,5.34,1.54,0.5562,16.11,0.12000000000000001,0.0765,1.82,0.5243
luke kennard,2024,1,1,27.0,0,0.0658,0.4569,2.19,1.0,0.46299999999999997,5.63,0.7216,2.58,15.46,2.62,0.25,0.1,0.1,-0.54,11.579999999999998,2.62,1.0499999999999998,0.46140000000000003,7.82,3.58,0.9084,1.03,0.88,0.1263,17.8,51.2,24.970000000000002,0.64,1.1800000000000002,0.3,1.92,13.11,1.2,10.67,1.08,0.52,11.68,1.12,6.34,2.92,0.6495,16.06,0.6799999999999999,0.10930000000000001,2.9699999999999998,0.6279,0.4569,2.19,1.0,0.46299999999999997,5.63,0.7216,2.58,15.46,2.62,0.25,0.1,0.1,-0.54,11.579999999999998,2.62,1.0499999999999998,0.46140000000000003,7.82,3.58,0.9084,1.03,0.88,0.1263,17.8,51.2,24.970000000000002,0.64,1.1800000000000002,0.3,1.92,13.11,1.2,10.67,1.08,0.52,11.68,1.12,6.34,2.92,0.6495,16.06,0.6799999999999999,0.10930000000000001,2.9699999999999998,0.6279
shake milton,2024,3,0,27.0,0,0.0204999999999999,0.48550000000000004,3.74,1.85,0.3185,1.6999999999999997,0.31820000000000004,0.5700000000000001,17.41,2.11,0.95,0.16999999999999998,-2.89,-0.09000000000000002,11.22,1.65,0.9600000000000001,0.432,5.489999999999999,2.38,0.8311,1.21,1.0100000000000002,0.231,4.5,57.8,16.51,-2.77,2.88,0.4,0.52,10.79,1.3900000000000001,6.41,1.28,0.39,12.44,0.8200000000000001,7.15,2.0700000000000003,0.5254,18.560000000000002,-0.16999999999999998,0.0639,1.51,0.48260000000000003,0.48550000000000004,3.74,1.85,0.3185,1.6999999999999997,0.31820000000000004,0.5700000000000001,17.41,2.11,0.95,0.16999999999999998,-2.89,-0.09000000000000002,11.22,1.65,0.9600000000000001,0.432,5.489999999999999,2.38,0.8311,1.21,1.0100000000000002,0.231,4.5,57.8,16.51,-2.77,2.88,0.4,0.52,10.79,1.3900000000000001,6.41,1.28,0.39,12.44,0.8200000000000001,7.15,2.0700000000000003,0.5254,18.560000000000002,-0.16999999999999998,0.0639,1.51,0.48260000000000003
kevin love,2024,2,1,35.0,0,0.0274,0.5749,2.4400000000000004,1.3599999999999999,0.3506,4.92,0.6748000000000001,1.73,16.52,2.06,1.02,0.2,2.88,0.64,32.87,5.42,1.9000000000000001,0.42269999999999996,7.35,3.14,0.8248,1.99,1.58,0.267,9.3,60.9,18.9,2.29,6.43,1.09,1.67,17.1,1.6600000000000001,9.58,0.8400000000000001,0.32,11.309999999999999,1.04,19.58,6.41,0.5817,21.73,1.4300000000000002,0.14750000000000002,3.5700000000000003,0.5409,0.5749,2.4400000000000004,1.3599999999999999,0.3506,4.92,0.6748000000000001,1.73,16.52,2.06,1.02,0.2,2.88,0.64,32.87,5.42,1.9000000000000001,0.42269999999999996,7.35,3.14,0.8248,1.99,1.58,0.267,9.3,60.9,18.9,2.29,6.43,1.09,1.67,17.1,1.6600000000000001,9.58,0.8400000000000001,0.32,11.309999999999999,1.04,19.58,6.41,0.5817,21.73,1.4300000000000002,0.14750000000000002,3.5700000000000003,0.5409
eric gordon,2024,2,0,35.0,0,0.0235,0.5506,3.86,2.09,0.3827,5.52,0.5912999999999999,2.1100000000000003,11.84,2.35,1.26,0.38,-1.88,-1.11,6.31,1.6500000000000001,0.88,0.45030000000000003,9.379999999999999,4.2,0.8004,1.68,1.3900000000000001,0.1793,38.6,66.1,28.310000000000002,-0.8200000000000001,0.97,0.22,1.34,11.36,1.15,11.9,1.34,0.78,11.77,1.38,3.6799999999999997,1.87,0.5889,17.310000000000002,0.06,0.0563,2.2199999999999998,0.5636,0.5506,3.86,2.09,0.3827,5.52,0.5912999999999999,2.1100000000000003,11.84,2.35,1.26,0.38,-1.88,-1.11,6.31,1.6500000000000001,0.88,0.45030000000000003,9.379999999999999,4.2,0.8004,1.68,1.3900000000000001,0.1793,38.6,66.1,28.310000000000002,-0.8200000000000001,0.97,0.22,1.34,11.36,1.15,11.9,1.34,0.78,11.77,1.38,3.6799999999999997,1.87,0.5889,17.310000000000002,0.06,0.0563,2.2199999999999998,0.5636
russell westbrook,2024,2,0,35.0,0,0.0235,0.4976,9.14,4.51,0.2894,3.0,0.24569999999999997,0.8600000000000001,32.5,5.92,1.23,0.36,-0.010000000000000064,0.13999999999999996,17.61,4.43,2.19,0.4466,12.14,5.37,0.6742,3.51,2.3200000000000003,0.2804,28.3,71.5,26.84,-0.15,5.84,1.3399999999999999,-0.19999999999999998,15.93,2.16,14.02,1.97,1.05,17.18,2.8600000000000003,11.91,5.720000000000001,0.5133000000000001,26.369999999999997,0.9,0.052199999999999996,1.96,0.4825,0.4976,9.14,4.51,0.2894,3.0,0.24569999999999997,0.8600000000000001,32.5,5.92,1.23,0.36,-0.010000000000000064,0.13999999999999996,17.61,4.43,2.19,0.4466,12.14,5.37,0.6742,3.51,2.3200000000000003,0.2804,28.3,71.5,26.84,-0.15,5.84,1.3399999999999999,-0.19999999999999998,15.93,2.16,14.02,1.97,1.05,17.18,2.8600000000000003,11.91,5.720000000000001,0.5133000000000001,26.369999999999997,0.9,0.052199999999999996,1.96,0.4825
precious achiuwa,2024,1,1,24.0,0,0.0426999999999999,0.5438000000000001,5.34,2.88,0.28650000000000003,1.67,0.2354,0.51,7.470000000000001,1.1400000000000001,3.19,0.72,-1.91,-0.21,21.91,4.13,1.9400000000000002,0.4838,7.0,3.4000000000000004,0.6376,1.8,1.15,0.255,18.2,68.1,21.88,-1.67,11.030000000000001,2.24,0.9199999999999999,14.399999999999999,1.94,8.379999999999999,1.31,0.5800000000000001,12.58,1.12,16.22,6.3999999999999995,0.5393000000000001,17.47,0.03,0.0929,2.8600000000000003,0.518,0.5438000000000001,5.34,2.88,0.28650000000000003,1.67,0.2354,0.51,7.470000000000001,1.1400000000000001,3.19,0.72,-1.91,-0.21,21.91,4.13,1.9400000000000002,0.4838,7.0,3.4000000000000004,0.6376,1.8,1.15,0.255,18.2,68.1,21.88,-1.67,11.030000000000001,2.24,0.9199999999999999,14.399999999999999,1.94,8.379999999999999,1.31,0.5800000000000001,12.58,1.12,16.22,6.3999999999999995,0.5393000000000001,17.47,0.03,0.0929,2.8600000000000003,0.518
malik beasley,2024,1,0,27.0,0,0.0426999999999999,0.4981,2.71,1.35,0.389,7.5,0.7359,2.87,7.2700000000000005,1.45,0.39,0.12000000000000001,-1.6400000000000001,-1.0,11.690000000000001,3.0300000000000002,1.52,0.4182,10.190000000000001,4.27,0.7511,0.6000000000000001,0.44999999999999996,0.0589,50.2,79.6,27.54,-0.63,1.82,0.43,1.23,10.8,1.61,11.879999999999999,1.25,0.69,6.89,0.78,6.83,3.48,0.5696,17.51,0.19,0.059899999999999995,2.75,0.5614,0.4981,2.71,1.35,0.389,7.5,0.7359,2.87,7.2700000000000005,1.45,0.39,0.12000000000000001,-1.6400000000000001,-1.0,11.690000000000001,3.0300000000000002,1.52,0.4182,10.190000000000001,4.27,0.7511,0.6000000000000001,0.44999999999999996,0.0589,50.2,79.6,27.54,-0.63,1.82,0.43,1.23,10.8,1.61,11.879999999999999,1.25,0.69,6.89,0.78,6.83,3.48,0.5696,17.51,0.19,0.059899999999999995,2.75,0.5614
xavier tillman,2024,2,1,25.0,0,0.0159,0.55,3.93,2.19,0.2444,0.99,0.2051,0.27,11.24,1.42,3.14,0.61,0.10999999999999999,1.82,15.96,2.56,1.6099999999999999,0.492,4.92,2.39,0.5149,1.16,0.6200000000000001,0.2426,16.6,55.900000000000006,17.43,-1.6800000000000002,9.04,1.49,0.7599999999999999,14.31,1.42,5.71,2.6500000000000004,0.9299999999999999,10.86,0.6299999999999999,12.440000000000001,4.05,0.5243,14.79,0.5599999999999999,0.11100000000000002,2.3200000000000003,0.5166999999999999,0.55,3.93,2.19,0.2444,0.99,0.2051,0.27,11.24,1.42,3.14,0.61,0.10999999999999999,1.82,15.96,2.56,1.6099999999999999,0.492,4.92,2.39,0.5149,1.16,0.6200000000000001,0.2426,16.6,55.900000000000006,17.43,-1.6800000000000002,9.04,1.49,0.7599999999999999,14.31,1.42,5.71,2.6500000000000004,0.9299999999999999,10.86,0.6299999999999999,12.440000000000001,4.05,0.5243,14.79,0.5599999999999999,0.11100000000000002,2.3200000000000003,0.5166999999999999
anthony gill,2024,2,1,31.0,0,0.0159,0.5836,2.09,1.2000000000000002,0.271,0.67,0.24180000000000001,0.19,8.82,0.6499999999999999,1.83,0.22,-3.42,-1.28,12.32,1.12,0.26,0.5097,2.7600000000000002,1.39,0.7839,0.92,0.74,0.3603,3.9,51.5,9.93,-2.14,7.82,0.69,0.5700000000000001,12.32,1.12,3.71,0.9,0.2,10.75,0.42000000000000004,10.08,1.8399999999999999,0.5861000000000001,15.57,-0.21,0.07730000000000001,0.8699999999999999,0.5425,0.5836,2.09,1.2000000000000002,0.271,0.67,0.24180000000000001,0.19,8.82,0.6499999999999999,1.83,0.22,-3.42,-1.28,12.32,1.12,0.26,0.5097,2.7600000000000002,1.39,0.7839,0.92,0.74,0.3603,3.9,51.5,9.93,-2.14,7.82,0.69,0.5700000000000001,12.32,1.12,3.71,0.9,0.2,10.75,0.42000000000000004,10.08,1.8399999999999999,0.5861000000000001,15.57,-0.21,0.07730000000000001,0.8699999999999999,0.5425
luka garza,2024,2,1,25.0,0,0.0154,0.6068,2.31,1.4100000000000001,0.3136,1.37,0.3809,0.45,8.15,0.4,0.84,0.07,-1.67,-2.5300000000000002,11.86,0.8400000000000001,0.2,0.4927,3.6499999999999995,1.8099999999999998,0.721,1.45,1.04,0.3839,1.0,27.3,7.5,0.8600000000000001,17.01,1.12,0.47,20.92,1.29,5.109999999999999,1.2000000000000002,0.19,7.89,0.37,14.33,1.9100000000000001,0.5906,28.939999999999998,0.009999999999999995,0.1649,0.6900000000000001,0.5515,0.6068,2.31,1.4100000000000001,0.3136,1.37,0.3809,0.45,8.15,0.4,0.84,0.07,-1.67,-2.5300000000000002,11.86,0.8400000000000001,0.2,0.4927,3.6499999999999995,1.8099999999999998,0.721,1.45,1.04,0.3839,1.0,27.3,7.5,0.8600000000000001,17.01,1.12,0.47,20.92,1.29,5.109999999999999,1.2000000000000002,0.19,7.89,0.37,14.33,1.9100000000000001,0.5906,28.939999999999998,0.009999999999999995,0.1649,0.6900000000000001,0.5515
doug mcdermott,2024,1,0,32.0,0,0.0148,0.5206999999999999,2.3200000000000003,1.21,0.4133,4.21,0.6842,1.74,9.55,1.23,0.30000000000000004,0.05,-3.16,-2.12,7.68,1.32,0.25,0.446,6.4799999999999995,2.9000000000000004,0.6734,0.68,0.5,0.09570000000000001,10.200000000000001,61.4,18.0,-1.04,1.44,0.30000000000000004,0.8200000000000001,10.16,1.34,8.07,0.65,0.27,8.82,0.6300000000000001,4.5200000000000005,1.57,0.5955999999999999,16.87,-0.29000000000000004,0.0459,1.07,0.5875999999999999,0.5206999999999999,2.3200000000000003,1.21,0.4133,4.21,0.6842,1.74,9.55,1.23,0.30000000000000004,0.05,-3.16,-2.12,7.68,1.32,0.25,0.446,6.4799999999999995,2.9000000000000004,0.6734,0.68,0.5,0.09570000000000001,10.200000000000001,61.4,18.0,-1.04,1.44,0.30000000000000004,0.8200000000000001,10.16,1.34,8.07,0.65,0.27,8.82,0.6300000000000001,4.5200000000000005,1.57,0.5955999999999999,16.87,-0.29000000000000004,0.0459,1.07,0.5875999999999999
alec burks,2024,1,0,32.0,0,0.0148,0.3933,3.9299999999999997,1.57,0.393,4.87,0.5530999999999999,1.9,13.26,1.9100000000000001,0.8500000000000001,0.22,-0.6299999999999999,-0.91,13.48,2.62,1.1099999999999999,0.3935,8.8,3.47,0.8426,3.02,2.54,0.34209999999999996,11.700000000000001,64.5,21.52,0.31000000000000005,2.06,0.44,1.56,14.14,1.66,11.379999999999999,1.3900000000000001,0.6100000000000001,8.35,0.9,7.63,3.06,0.5604,22.58,0.56,0.0849,2.67,0.502,0.3933,3.9299999999999997,1.57,0.393,4.87,0.5530999999999999,1.9,13.26,1.9100000000000001,0.8500000000000001,0.22,-0.6299999999999999,-0.91,13.48,2.62,1.1099999999999999,0.3935,8.8,3.47,0.8426,3.02,2.54,0.34209999999999996,11.700000000000001,64.5,21.52,0.31000000000000005,2.06,0.44,1.56,14.14,1.66,11.379999999999999,1.3900000000000001,0.6100000000000001,8.35,0.9,7.63,3.06,0.5604,22.58,0.56,0.0849,2.67,0.502
deandre jordan,2024,1,1,35.0,0,0.0148,0.6695,2.7700000000000005,1.84,0.3,0.0,0.0026999999999999997,0.0,7.54,0.7,3.75,0.52,-1.67,0.18,28.86,3.3499999999999996,0.77,0.6700999999999999,2.7700000000000005,1.8699999999999999,0.4929,1.27,0.63,0.46609999999999996,7.4,39.3,12.6,-1.87,13.89,1.48,0.63,15.85,1.6400000000000001,4.34,0.88,0.25,19.82,0.8200000000000001,21.560000000000002,4.86,0.6525000000000001,14.59,0.020000000000000004,0.1361,1.4,0.6716,0.6695,2.7700000000000005,1.84,0.3,0.0,0.0026999999999999997,0.0,7.54,0.7,3.75,0.52,-1.67,0.18,28.86,3.3499999999999996,0.77,0.6700999999999999,2.7700000000000005,1.8699999999999999,0.4929,1.27,0.63,0.46609999999999996,7.4,39.3,12.6,-1.87,13.89,1.48,0.63,15.85,1.6400000000000001,4.34,0.88,0.25,19.82,0.8200000000000001,21.560000000000002,4.86,0.6525000000000001,14.59,0.020000000000000004,0.1361,1.4,0.6716
seth curry,2024,1,1,33.0,0,0.0148,0.4871,3.3200000000000003,1.71,0.3819,3.55,0.5207999999999999,1.4,11.68,1.7000000000000002,0.72,0.12000000000000001,-2.4,-0.75,8.690000000000001,1.53,0.77,0.4323,6.82,3.0399999999999996,0.904,0.92,0.8,0.138,16.9,53.1,19.65,-1.6,2.18,0.32,0.8600000000000001,11.379999999999999,1.39,8.309999999999999,1.54,0.5900000000000001,9.77,0.8300000000000001,5.47,1.85,0.5604,17.86,0.060000000000000026,0.06000000000000001,1.6300000000000001,0.5317,0.4871,3.3200000000000003,1.71,0.3819,3.55,0.5207999999999999,1.4,11.68,1.7000000000000002,0.72,0.12000000000000001,-2.4,-0.75,8.690000000000001,1.53,0.77,0.4323,6.82,3.0399999999999996,0.904,0.92,0.8,0.138,16.9,53.1,19.65,-1.6,2.18,0.32,0.8600000000000001,11.379999999999999,1.39,8.309999999999999,1.54,0.5900000000000001,9.77,0.8300000000000001,5.47,1.85,0.5604,17.86,0.060000000000000026,0.06000000000000001,1.6300000000000001,0.5317
alex len,2024,1,1,30.0,0,0.0053,0.6053999999999999,1.9300000000000002,1.14,0.0572,0.18,0.0624,0.04000000000000001,12.11,0.89,5.9,0.59,-1.6799999999999997,1.78,22.08,1.83,0.51,0.5752,2.11,1.16,0.6306,0.85,0.54,0.4415,2.6,39.6,9.690000000000001,-3.4600000000000004,12.61,1.03,0.41000000000000003,13.809999999999999,1.55,2.96,1.1600000000000001,0.22,23.54,0.7,17.26,2.86,0.6019,13.55,0.05,0.10850000000000001,0.92,0.5786,0.6053999999999999,1.9300000000000002,1.14,0.0572,0.18,0.0624,0.04000000000000001,12.11,0.89,5.9,0.59,-1.6799999999999997,1.78,22.08,1.83,0.51,0.5752,2.11,1.16,0.6306,0.85,0.54,0.4415,2.6,39.6,9.690000000000001,-3.4600000000000004,12.61,1.03,0.41000000000000003,13.809999999999999,1.55,2.96,1.1600000000000001,0.22,23.54,0.7,17.26,2.86,0.6019,13.55,0.05,0.10850000000000001,0.92,0.5786
mason plumlee,2024,1,0,33.0,0,0.0148,0.629,4.3100000000000005,2.7699999999999996,0.0,0.05,0.0207,0.0,13.870000000000001,2.15,2.29,0.52,0.26,0.8,26.29,4.76,1.57,0.6167,4.359999999999999,2.7699999999999996,0.6227,2.76,1.6800000000000002,0.6244000000000001,38.1,61.3,20.07,-0.4900000000000001,10.780000000000001,2.0,2.79,16.72,2.18,7.1899999999999995,1.1500000000000001,0.49,16.53,1.13,18.66,6.76,0.6377999999999999,14.45,0.9400000000000001,0.15389999999999998,4.3100000000000005,0.6167,0.629,4.3100000000000005,2.7699999999999996,0.0,0.05,0.0207,0.0,13.870000000000001,2.15,2.29,0.52,0.26,0.8,26.29,4.76,1.57,0.6167,4.359999999999999,2.7699999999999996,0.6227,2.76,1.6800000000000002,0.6244000000000001,38.1,61.3,20.07,-0.4900000000000001,10.780000000000001,2.0,2.79,16.72,2.18,7.1899999999999995,1.1500000000000001,0.49,16.53,1.13,18.66,6.76,0.6377999999999999,14.45,0.9400000000000001,0.15389999999999998,4.3100000000000005,0.6167
garrett temple,2024,1,1,37.0,0,0.0148,0.4285,1.3199999999999998,0.5700000000000001,0.3407,1.6700000000000002,0.5552999999999999,0.52,11.27,0.91,1.21,0.16000000000000003,-3.1500000000000004,-0.05999999999999994,10.13,1.03,0.36,0.3812,2.99,1.1400000000000001,0.7706,0.6,0.48,0.1955,4.2,32.8,11.02,-3.01,4.98,0.51,0.009999999999999995,9.620000000000001,0.96,3.29,2.19,0.46,11.63,0.44999999999999996,7.51,1.54,0.5103,14.3,-0.12000000000000001,0.0516,0.35,0.47630000000000006,0.4285,1.3199999999999998,0.5700000000000001,0.3407,1.6700000000000002,0.5552999999999999,0.52,11.27,0.91,1.21,0.16000000000000003,-3.1500000000000004,-0.05999999999999994,10.13,1.03,0.36,0.3812,2.99,1.1400000000000001,0.7706,0.6,0.48,0.1955,4.2,32.8,11.02,-3.01,4.98,0.51,0.009999999999999995,9.620000000000001,0.96,3.29,2.19,0.46,11.63,0.44999999999999996,7.51,1.54,0.5103,14.3,-0.12000000000000001,0.0516,0.35,0.47630000000000006
markieff morris,2024,1,1,34.0,0,0.0148,0.393,1.77,0.78,0.3633,1.86,0.5625,0.7,10.780000000000001,0.8500000000000001,1.04,0.1,-3.84,-0.8500000000000001,16.36,1.48,0.28,0.38649999999999995,3.63,1.4800000000000002,0.8943,0.29000000000000004,0.29000000000000004,0.0859,1.3,26.9,10.68,-2.99,3.58,0.42000000000000004,-0.12,8.600000000000001,1.05,3.91,1.11,0.27,14.08,0.64,10.06,1.87,0.5088,17.479999999999997,-0.13,0.0215,0.13,0.4897,0.393,1.77,0.78,0.3633,1.86,0.5625,0.7,10.780000000000001,0.8500000000000001,1.04,0.1,-3.84,-0.8500000000000001,16.36,1.48,0.28,0.38649999999999995,3.63,1.4800000000000002,0.8943,0.29000000000000004,0.29000000000000004,0.0859,1.3,26.9,10.68,-2.99,3.58,0.42000000000000004,-0.12,8.600000000000001,1.05,3.91,1.11,0.27,14.08,0.64,10.06,1.87,0.5088,17.479999999999997,-0.13,0.0215,0.13,0.4897
joe ingles,2024,1,0,36.0,0,0.0148,0.5097,1.06,0.51,0.40959999999999996,3.5200000000000005,0.758,1.3800000000000001,20.82,3.19,0.43000000000000005,0.1,-0.52,0.94,11.87,2.17,1.29,0.4293,4.529999999999999,1.96,0.8237,0.5,0.4,0.1159,3.0,56.8,20.39,-1.47,1.56,0.3,1.1400000000000001,10.509999999999998,1.4900000000000002,5.71,1.5499999999999998,0.61,18.83,1.06,6.75,2.4699999999999998,0.601,12.219999999999999,0.44,0.1049,2.4299999999999997,0.5839,0.5097,1.06,0.51,0.40959999999999996,3.5200000000000005,0.758,1.3800000000000001,20.82,3.19,0.43000000000000005,0.1,-0.52,0.94,11.87,2.17,1.29,0.4293,4.529999999999999,1.96,0.8237,0.5,0.4,0.1159,3.0,56.8,20.39,-1.47,1.56,0.3,1.1400000000000001,10.509999999999998,1.4900000000000002,5.71,1.5499999999999998,0.61,18.83,1.06,6.75,2.4699999999999998,0.601,12.219999999999999,0.44,0.1049,2.4299999999999997,0.5839
spencer dinwiddie,2024,1,0,30.0,0,0.0148,0.4787,5.13,2.48,0.347,5.24,0.5174,1.83,24.92,5.34,0.81,0.28,-0.6799999999999999,-0.65,10.16,2.78,1.4700000000000002,0.41059999999999997,10.39,4.3100000000000005,0.8009000000000001,3.42,2.7,0.3268,59.9,75.1,30.42,-0.010000000000000009,1.63,0.46,3.04,13.67,2.06,13.18,1.1800000000000002,0.73,10.969999999999999,1.46,5.87,3.21,0.552,19.21,0.81,0.09340000000000001,4.51,0.5003,0.4787,5.13,2.48,0.347,5.24,0.5174,1.83,24.92,5.34,0.81,0.28,-0.6799999999999999,-0.65,10.16,2.78,1.4700000000000002,0.41059999999999997,10.39,4.3100000000000005,0.8009000000000001,3.42,2.7,0.3268,59.9,75.1,30.42,-0.010000000000000009,1.63,0.46,3.04,13.67,2.06,13.18,1.1800000000000002,0.73,10.969999999999999,1.46,5.87,3.21,0.552,19.21,0.81,0.09340000000000001,4.51,0.5003
kyle lowry,2024,1,1,37.0,0,0.0148,0.5165,2.79,1.4500000000000002,0.3749,5.0,0.645,1.8299999999999998,23.53,5.13,1.12,0.38,-0.03999999999999998,0.8500000000000001,11.870000000000001,3.14,2.0599999999999996,0.4252,7.790000000000001,3.3100000000000005,0.8479,1.96,1.64,0.23850000000000002,53.3,59.1,30.240000000000002,-0.94,2.3,0.6399999999999999,1.99,12.23,2.54,10.09,1.6800000000000002,1.02,17.229999999999997,1.8099999999999998,7.01,3.73,0.5865,15.100000000000001,0.8900000000000001,0.1074,4.050000000000001,0.5462,0.5165,2.79,1.4500000000000002,0.3749,5.0,0.645,1.8299999999999998,23.53,5.13,1.12,0.38,-0.03999999999999998,0.8500000000000001,11.870000000000001,3.14,2.0599999999999996,0.4252,7.790000000000001,3.3100000000000005,0.8479,1.96,1.64,0.23850000000000002,53.3,59.1,30.240000000000002,-0.94,2.3,0.6399999999999999,1.99,12.23,2.54,10.09,1.6800000000000002,1.02,17.229999999999997,1.8099999999999998,7.01,3.73,0.5865,15.100000000000001,0.8900000000000001,0.1074,4.050000000000001,0.5462
patty mills,2024,1,0,35.0,0,0.0148,0.4837,1.8299999999999998,0.86,0.32780000000000004,3.77,0.6673,1.3199999999999998,11.84,1.43,0.37,0.07,-3.57,-0.5900000000000001,6.890000000000001,1.0100000000000002,0.5,0.38039999999999996,5.57,2.16,0.9127,0.53,0.44999999999999996,0.1,12.700000000000001,44.2,16.560000000000002,-2.98,1.81,0.25,0.23,8.86,1.02,6.140000000000001,1.81,0.54,10.46,0.67,4.390000000000001,1.26,0.5123,17.14,-0.16999999999999998,0.026600000000000002,0.73,0.49040000000000006,0.4837,1.8299999999999998,0.86,0.32780000000000004,3.77,0.6673,1.3199999999999998,11.84,1.43,0.37,0.07,-3.57,-0.5900000000000001,6.890000000000001,1.0100000000000002,0.5,0.38039999999999996,5.57,2.16,0.9127,0.53,0.44999999999999996,0.1,12.700000000000001,44.2,16.560000000000002,-2.98,1.81,0.25,0.23,8.86,1.02,6.140000000000001,1.81,0.54,10.46,0.67,4.390000000000001,1.26,0.5123,17.14,-0.16999999999999998,0.026600000000000002,0.73,0.49040000000000006
taj gibson,2024,1,0,38.0,0,0.0148,0.5206999999999999,1.8299999999999998,0.9899999999999999,0.27890000000000004,0.54,0.2384,0.16999999999999998,7.3100000000000005,0.6299999999999999,3.0700000000000003,0.42000000000000004,-4.01,0.39999999999999997,14.24,1.55,0.49,0.4621,2.37,1.13,0.8758,0.52,0.39,0.19039999999999999,1.9,35.1,11.68,-4.33,7.57,0.8500000000000001,0.39999999999999997,8.77,1.83,2.75,1.04,0.27,12.94,0.4,10.94,2.4000000000000004,0.5212,11.09,-0.13,0.0736,0.88,0.4942,0.5206999999999999,1.8299999999999998,0.9899999999999999,0.27890000000000004,0.54,0.2384,0.16999999999999998,7.3100000000000005,0.6299999999999999,3.0700000000000003,0.42000000000000004,-4.01,0.39999999999999997,14.24,1.55,0.49,0.4621,2.37,1.13,0.8758,0.52,0.39,0.19039999999999999,1.9,35.1,11.68,-4.33,7.57,0.8500000000000001,0.39999999999999997,8.77,1.83,2.75,1.04,0.27,12.94,0.4,10.94,2.4000000000000004,0.5212,11.09,-0.13,0.0736,0.88,0.4942
tyus jones,2024,1,0,27.0,0,0.0148,0.5144,5.5,2.83,0.3963,3.7399999999999993,0.4039,1.47,31.580000000000002,6.09,0.51,0.18,1.17,-0.26,9.52,2.3,1.3599999999999999,0.46609999999999996,9.239999999999998,4.300000000000001,0.8036,0.8700000000000001,0.69,0.0963,44.2,71.6,26.18,1.35,1.22,0.31,3.6500000000000004,16.35,0.55,10.83,1.85,1.03,8.530000000000001,0.89,5.33,2.58,0.5616,16.78,1.44,0.1304,4.98,0.5462,0.5144,5.5,2.83,0.3963,3.7399999999999993,0.4039,1.47,31.580000000000002,6.09,0.51,0.18,1.17,-0.26,9.52,2.3,1.3599999999999999,0.46609999999999996,9.239999999999998,4.300000000000001,0.8036,0.8700000000000001,0.69,0.0963,44.2,71.6,26.18,1.35,1.22,0.31,3.6500000000000004,16.35,0.55,10.83,1.85,1.03,8.530000000000001,0.89,5.33,2.58,0.5616,16.78,1.44,0.1304,4.98,0.5462
cameron payne,2024,1,0,29.0,0,0.0148,0.4672,4.33,1.98,0.37260000000000004,3.59,0.4717,1.31,26.869999999999997,3.63,0.85,0.16999999999999998,-0.91,-0.42999999999999994,9.809999999999999,1.7200000000000002,1.1600000000000001,0.4223,7.9399999999999995,3.34,0.8313999999999999,1.1400000000000001,0.91,0.1422,11.9,65.0,18.810000000000002,-0.48,1.71,0.32,0.74,13.120000000000001,1.7600000000000002,8.95,1.61,0.6,12.84,1.27,5.74,2.0100000000000002,0.5366,21.91,0.35,0.075,1.91,0.5113,0.4672,4.33,1.98,0.37260000000000004,3.59,0.4717,1.31,26.869999999999997,3.63,0.85,0.16999999999999998,-0.91,-0.42999999999999994,9.809999999999999,1.7200000000000002,1.1600000000000001,0.4223,7.9399999999999995,3.34,0.8313999999999999,1.1400000000000001,0.91,0.1422,11.9,65.0,18.810000000000002,-0.48,1.71,0.32,0.74,13.120000000000001,1.7600000000000002,8.95,1.61,0.6,12.84,1.27,5.74,2.0100000000000002,0.5366,21.91,0.35,0.075,1.91,0.5113
delon wright,2024,1,0,31.0,0,0.0148,0.47519999999999996,2.7199999999999998,1.27,0.3633,1.72,0.38989999999999997,0.61,19.990000000000002,2.9,1.25,0.23,1.66,2.66,10.75,1.86,1.23,0.43,4.4399999999999995,1.9600000000000002,0.8425,1.02,0.84,0.2281,6.300000000000001,53.9,19.0,-0.92,3.7600000000000002,0.6799999999999999,1.4700000000000002,14.45,0.85,5.3500000000000005,3.4800000000000004,1.33,9.45,0.54,7.27,2.56,0.542,12.33,1.08,0.1225,2.68,0.5005000000000001,0.47519999999999996,2.7199999999999998,1.27,0.3633,1.72,0.38989999999999997,0.61,19.990000000000002,2.9,1.25,0.23,1.66,2.66,10.75,1.86,1.23,0.43,4.4399999999999995,1.9600000000000002,0.8425,1.02,0.84,0.2281,6.300000000000001,53.9,19.0,-0.92,3.7600000000000002,0.6799999999999999,1.4700000000000002,14.45,0.85,5.3500000000000005,3.4800000000000004,1.33,9.45,0.54,7.27,2.56,0.542,12.33,1.08,0.1225,2.68,0.5005000000000001
taurean prince,2024,1,0,29.0,0,0.0148,0.5396000000000001,2.88,1.5299999999999998,0.3875,4.04,0.5820000000000001,1.56,8.1,1.43,1.41,0.35,-2.57,-0.28,11.25,2.43,1.3900000000000001,0.45189999999999997,6.890000000000001,3.11,0.7719,1.1099999999999999,0.8400000000000001,0.1624,27.3,69.0,23.55,-2.2800000000000002,1.48,0.32,0.44000000000000006,9.88,1.98,8.64,1.3599999999999999,0.6399999999999999,11.91,1.0,6.49,2.67,0.5864,15.49,-0.26,0.055099999999999996,1.78,0.5652999999999999,0.5396000000000001,2.88,1.5299999999999998,0.3875,4.04,0.5820000000000001,1.56,8.1,1.43,1.41,0.35,-2.57,-0.28,11.25,2.43,1.3900000000000001,0.45189999999999997,6.890000000000001,3.11,0.7719,1.1099999999999999,0.8400000000000001,0.1624,27.3,69.0,23.55,-2.2800000000000002,1.48,0.32,0.44000000000000006,9.88,1.98,8.64,1.3599999999999999,0.6399999999999999,11.91,1.0,6.49,2.67,0.5864,15.49,-0.26,0.055099999999999996,1.78,0.5652999999999999
monte morris,2024,1,0,28.0,0,0.0148,0.4829,3.9699999999999998,2.0200000000000005,0.3866,2.88,0.42900000000000005,1.13,22.2,3.5199999999999996,1.15,0.25,0.5,0.47,11.15,2.19,0.9800000000000001,0.4433,6.8500000000000005,3.1500000000000004,0.7651,0.8800000000000001,0.7,0.1288,33.1,50.099999999999994,21.37,0.0,1.67,0.30000000000000004,1.96,14.04,0.8,8.11,1.6,0.6499999999999999,6.83,0.6,6.59,2.47,0.5443,15.91,0.7000000000000001,0.1207,2.94,0.5258,0.4829,3.9699999999999998,2.0200000000000005,0.3866,2.88,0.42900000000000005,1.13,22.2,3.5199999999999996,1.15,0.25,0.5,0.47,11.15,2.19,0.9800000000000001,0.4433,6.8500000000000005,3.1500000000000004,0.7651,0.8800000000000001,0.7,0.1288,33.1,50.099999999999994,21.37,0.0,1.67,0.30000000000000004,1.96,14.04,0.8,8.11,1.6,0.6499999999999999,6.83,0.6,6.59,2.47,0.5443,15.91,0.7000000000000001,0.1207,2.94,0.5258
luke kornet,2024,1,1,28.0,0,0.0148,0.6775,2.59,1.7600000000000002,0.5693,0.12,0.062299999999999994,0.0,9.66,0.91,4.74,0.75,1.9,1.37,15.27,1.8499999999999999,1.2000000000000002,0.6456999999999999,2.71,1.81,0.8331999999999999,0.71,0.61,0.2461,3.5,55.2,12.69,0.5,13.120000000000001,1.49,2.42,18.23,1.08,4.1899999999999995,1.0899999999999999,0.30000000000000004,7.79,0.27,14.21,3.3,0.6783,11.49,0.8300000000000001,0.2222,3.6199999999999997,0.6494,0.6775,2.59,1.7600000000000002,0.5693,0.12,0.062299999999999994,0.0,9.66,0.91,4.74,0.75,1.9,1.37,15.27,1.8499999999999999,1.2000000000000002,0.6456999999999999,2.71,1.81,0.8331999999999999,0.71,0.61,0.2461,3.5,55.2,12.69,0.5,13.120000000000001,1.49,2.42,18.23,1.08,4.1899999999999995,1.0899999999999999,0.30000000000000004,7.79,0.27,14.21,3.3,0.6783,11.49,0.8300000000000001,0.2222,3.6199999999999997,0.6494
thomas bryant,2024,1,1,26.0,0,0.0148,0.643,4.02,2.63,0.28049999999999997,0.9200000000000002,0.17880000000000001,0.25,7.0200000000000005,0.63,3.29,0.51,-0.22000000000000003,-0.18999999999999997,24.560000000000002,3.24,0.9,0.5793999999999999,4.94,2.9,0.8324,1.53,1.29,0.31379999999999997,11.6,42.1,14.55,-0.04999999999999999,9.11,1.2,1.4000000000000001,18.73,1.4300000000000002,7.27,0.9,0.28,10.02,0.6199999999999999,16.87,4.359999999999999,0.6455,18.85,0.32999999999999996,0.16699999999999998,2.25,0.6054,0.643,4.02,2.63,0.28049999999999997,0.9200000000000002,0.17880000000000001,0.25,7.0200000000000005,0.63,3.29,0.51,-0.22000000000000003,-0.18999999999999997,24.560000000000002,3.24,0.9,0.5793999999999999,4.94,2.9,0.8324,1.53,1.29,0.31379999999999997,11.6,42.1,14.55,-0.04999999999999999,9.11,1.2,1.4000000000000001,18.73,1.4300000000000002,7.27,0.9,0.28,10.02,0.6199999999999999,16.87,4.359999999999999,0.6455,18.85,0.32999999999999996,0.16699999999999998,2.25,0.6054
trendon watford,2024,1,1,23.0,0,0.0194,0.5788,4.17,2.41,0.3632,1.01,0.1973,0.36,15.02,1.62,1.9100000000000001,0.32999999999999996,-1.1300000000000001,0.0,18.83,2.71,0.76,0.5379,5.13,2.7700000000000005,0.764,1.63,1.26,0.3194,6.6,59.7,16.150000000000002,-1.15,5.88,0.85,1.1199999999999999,15.09,1.9,7.19,1.3199999999999998,0.45,14.91,1.01,12.2,3.51,0.611,18.900000000000002,0.2,0.096,1.9100000000000001,0.575,0.5788,4.17,2.41,0.3632,1.01,0.1973,0.36,15.02,1.62,1.9100000000000001,0.32999999999999996,-1.1300000000000001,0.0,18.83,2.71,0.76,0.5379,5.13,2.7700000000000005,0.764,1.63,1.26,0.3194,6.6,59.7,16.150000000000002,-1.15,5.88,0.85,1.1199999999999999,15.09,1.9,7.19,1.3199999999999998,0.45,14.91,1.01,12.2,3.51,0.611,18.900000000000002,0.2,0.096,1.9100000000000001,0.575
landry shamet,2024,1,0,26.0,0,0.0096,0.4808,2.44,1.2,0.3557,4.16,0.6232,1.5299999999999998,11.75,1.6099999999999999,0.8500000000000001,0.15000000000000002,-2.66,-0.8200000000000001,7.42,1.24,0.61,0.4074,6.65,2.7,0.8455999999999999,1.13,0.93,0.1684,8.0,48.8,18.119999999999997,-1.86,1.8399999999999999,0.28,0.42,10.56,1.56,7.819999999999999,1.46,0.54,9.11,0.74,4.619999999999999,1.52,0.5491,18.43,-0.11000000000000001,0.0493,1.03,0.5183,0.4808,2.44,1.2,0.3557,4.16,0.6232,1.5299999999999998,11.75,1.6099999999999999,0.8500000000000001,0.15000000000000002,-2.66,-0.8200000000000001,7.42,1.24,0.61,0.4074,6.65,2.7,0.8455999999999999,1.13,0.93,0.1684,8.0,48.8,18.119999999999997,-1.86,1.8399999999999999,0.28,0.42,10.56,1.56,7.819999999999999,1.46,0.54,9.11,0.74,4.619999999999999,1.52,0.5491,18.43,-0.11000000000000001,0.0493,1.03,0.5183
gary trent,2024,1,0,25.0,0,0.0148,0.4689,6.48,3.0600000000000005,0.38380000000000003,6.800000000000001,0.5122,2.6,8.280000000000001,1.73,0.54,0.16999999999999998,-1.2,-0.6399999999999999,8.6,2.29,1.55,0.42569999999999997,13.309999999999999,5.66,0.8078000000000001,2.21,1.78,0.1598,47.5,69.3,30.680000000000003,-0.5599999999999999,1.3699999999999999,0.43000000000000005,1.77,13.44,1.5699999999999998,15.729999999999999,2.17,1.37,5.1899999999999995,0.79,4.82,2.62,0.5512,20.87,0.47,0.0726,3.32,0.5243,0.4689,6.48,3.0600000000000005,0.38380000000000003,6.800000000000001,0.5122,2.6,8.280000000000001,1.73,0.54,0.16999999999999998,-1.2,-0.6399999999999999,8.6,2.29,1.55,0.42569999999999997,13.309999999999999,5.66,0.8078000000000001,2.21,1.78,0.1598,47.5,69.3,30.680000000000003,-0.5599999999999999,1.3699999999999999,0.43000000000000005,1.77,13.44,1.5699999999999998,15.729999999999999,2.17,1.37,5.1899999999999995,0.79,4.82,2.62,0.5512,20.87,0.47,0.0726,3.32,0.5243
lonnie walker,2024,1,0,25.0,0,0.0056,0.4895,4.58,2.26,0.3643,4.67,0.5095000000000001,1.7000000000000002,10.530000000000001,1.42,1.4300000000000002,0.3,-1.6199999999999999,-0.91,10.77,1.97,0.97,0.4273,9.25,3.9400000000000004,0.7957000000000001,1.49,1.2200000000000002,0.1591,10.8,59.8,20.259999999999998,-0.71,1.2999999999999998,0.25,0.21000000000000002,12.67,1.27,10.78,1.3900000000000001,0.5700000000000001,8.3,0.89,5.98,2.19,0.5459,22.98,0.12,0.046200000000000005,1.1800000000000002,0.5202,0.4895,4.58,2.26,0.3643,4.67,0.5095000000000001,1.7000000000000002,10.530000000000001,1.42,1.4300000000000002,0.3,-1.6199999999999999,-0.91,10.77,1.97,0.97,0.4273,9.25,3.9400000000000004,0.7957000000000001,1.49,1.2200000000000002,0.1591,10.8,59.8,20.259999999999998,-0.71,1.2999999999999998,0.25,0.21000000000000002,12.67,1.27,10.78,1.3900000000000001,0.5700000000000001,8.3,0.89,5.98,2.19,0.5459,22.98,0.12,0.046200000000000005,1.1800000000000002,0.5202
talen hortontucker,2024,1,0,23.0,0,0.0148,0.4629,5.82,2.71,0.3046,3.33,0.3624,1.03,23.95,3.4299999999999997,1.7599999999999998,0.42000000000000004,-1.7400000000000002,-0.39,11.73,2.3,0.8200000000000001,0.4069,9.17,3.74,0.7885,2.25,1.7599999999999998,0.24560000000000004,15.3,57.0,21.0,-1.4200000000000002,2.69,0.5,0.01999999999999999,13.01,1.9100000000000001,10.259999999999998,1.9300000000000002,0.8300000000000001,12.669999999999998,1.5,7.26,2.8,0.5045,23.61,0.06,0.0348,0.8600000000000001,0.4625,0.4629,5.82,2.71,0.3046,3.33,0.3624,1.03,23.95,3.4299999999999997,1.7599999999999998,0.42000000000000004,-1.7400000000000002,-0.39,11.73,2.3,0.8200000000000001,0.4069,9.17,3.74,0.7885,2.25,1.7599999999999998,0.24560000000000004,15.3,57.0,21.0,-1.4200000000000002,2.69,0.5,0.01999999999999999,13.01,1.9100000000000001,10.259999999999998,1.9300000000000002,0.8300000000000001,12.669999999999998,1.5,7.26,2.8,0.5045,23.61,0.06,0.0348,0.8600000000000001,0.4625
jordan mclaughlin,2024,1,0,27.0,0,0.0148,0.5216000000000001,1.3599999999999999,0.72,0.392,1.62,0.5534,0.66,25.29,2.6,0.87,0.12000000000000001,1.9700000000000002,1.95,8.74,1.07,0.93,0.4558,2.96,1.35,0.7609,0.39,0.29000000000000004,0.1392,0.6000000000000001,53.3,13.24,0.06999999999999995,2.9699999999999998,0.32,1.17,13.97,0.69,3.62,2.66,0.69,13.84,0.51,5.8999999999999995,1.37,0.5838000000000001,11.92,0.6799999999999999,0.1493,2.1,0.5665,0.5216000000000001,1.3599999999999999,0.72,0.392,1.62,0.5534,0.66,25.29,2.6,0.87,0.12000000000000001,1.9700000000000002,1.95,8.74,1.07,0.93,0.4558,2.96,1.35,0.7609,0.39,0.29000000000000004,0.1392,0.6000000000000001,53.3,13.24,0.06999999999999995,2.9699999999999998,0.32,1.17,13.97,0.69,3.62,2.66,0.69,13.84,0.51,5.8999999999999995,1.37,0.5838000000000001,11.92,0.6799999999999999,0.1493,2.1,0.5665
bol bol,2024,1,1,24.0,0,0.0148,0.6701999999999999,3.0300000000000002,2.04,0.34099999999999997,1.1400000000000001,0.2724,0.39,6.539999999999999,0.5800000000000001,4.4399999999999995,0.6799999999999999,0.5800000000000001,0.5900000000000001,23.92,2.86,1.03,0.583,4.17,2.43,0.7021999999999999,0.73,0.53,0.1678,9.9,45.3,13.06,0.05999999999999994,6.75,0.71,0.5,16.37,0.95,5.8100000000000005,0.9199999999999999,0.24000000000000002,13.030000000000001,0.74,15.57,3.62,0.6438999999999999,17.310000000000002,0.37,0.11860000000000001,1.51,0.6324,0.6701999999999999,3.0300000000000002,2.04,0.34099999999999997,1.1400000000000001,0.2724,0.39,6.539999999999999,0.5800000000000001,4.4399999999999995,0.6799999999999999,0.5800000000000001,0.5900000000000001,23.92,2.86,1.03,0.583,4.17,2.43,0.7021999999999999,0.73,0.53,0.1678,9.9,45.3,13.06,0.05999999999999994,6.75,0.71,0.5,16.37,0.95,5.8100000000000005,0.9199999999999999,0.24000000000000002,13.030000000000001,0.74,15.57,3.62,0.6438999999999999,17.310000000000002,0.37,0.11860000000000001,1.51,0.6324
chuma okeke,2024,1,0,25.0,0,0.0008,0.5210999999999999,1.27,0.6599999999999999,0.2942,2.87,0.7065,0.89,7.9399999999999995,0.96,1.82,0.29,-2.2,0.44000000000000006,16.73,2.29,0.98,0.35929999999999995,4.1899999999999995,1.55,0.6833,0.47000000000000003,0.39,0.10569999999999999,10.4,45.6,15.36,-2.64,4.720000000000001,0.6399999999999999,-0.21,8.580000000000002,0.9299999999999999,4.279999999999999,1.58,0.59,11.27,0.49,10.7,2.93,0.4791,13.620000000000001,0.09000000000000002,0.0448,0.8,0.46330000000000005,0.5210999999999999,1.27,0.6599999999999999,0.2942,2.87,0.7065,0.89,7.9399999999999995,0.96,1.82,0.29,-2.2,0.44000000000000006,16.73,2.29,0.98,0.35929999999999995,4.1899999999999995,1.55,0.6833,0.47000000000000003,0.39,0.10569999999999999,10.4,45.6,15.36,-2.64,4.720000000000001,0.6399999999999999,-0.21,8.580000000000002,0.9299999999999999,4.279999999999999,1.58,0.59,11.27,0.49,10.7,2.93,0.4791,13.620000000000001,0.09000000000000002,0.0448,0.8,0.46330000000000005
lamar stevens,2024,1,0,26.0,0,0.0027,0.505,4.279999999999999,2.17,0.3022,1.25,0.2358,0.41000000000000003,6.45,0.6399999999999999,2.6,0.44999999999999996,-2.52,0.06999999999999999,16.61,2.3600000000000003,1.12,0.4572,5.55,2.53,0.741,1.21,0.8900000000000001,0.21889999999999998,11.6,50.2,16.0,-2.64,5.99,0.8300000000000001,0.17,12.41,1.33,6.41,1.6600000000000001,0.52,8.600000000000001,0.56,11.25,3.1599999999999997,0.524,18.6,-0.1,0.0736,1.29,0.4929,0.505,4.279999999999999,2.17,0.3022,1.25,0.2358,0.41000000000000003,6.45,0.6399999999999999,2.6,0.44999999999999996,-2.52,0.06999999999999999,16.61,2.3600000000000003,1.12,0.4572,5.55,2.53,0.741,1.21,0.8900000000000001,0.21889999999999998,11.6,50.2,16.0,-2.64,5.99,0.8300000000000001,0.17,12.41,1.33,6.41,1.6600000000000001,0.52,8.600000000000001,0.56,11.25,3.1599999999999997,0.524,18.6,-0.1,0.0736,1.29,0.4929
brandon boston,2024,1,0,22.0,0,0.0042,0.4447,3.8,1.7000000000000002,0.3199,1.6300000000000001,0.3013,0.49,8.469999999999999,0.67,1.35,0.21,-5.82,-1.6400000000000001,10.830000000000002,1.1600000000000001,0.39,0.4044,5.43,2.19,0.7412,1.29,0.98,0.24019999999999997,0.3,32.8,11.770000000000001,-4.15,4.640000000000001,0.44999999999999996,-0.4,10.61,1.11,5.890000000000001,1.6800000000000002,0.37,10.0,0.67,7.83,1.6600000000000001,0.4887,25.13,-0.36,-0.0028000000000000004,-0.009999999999999981,0.451,0.4447,3.8,1.7000000000000002,0.3199,1.6300000000000001,0.3013,0.49,8.469999999999999,0.67,1.35,0.21,-5.82,-1.6400000000000001,10.830000000000002,1.1600000000000001,0.39,0.4044,5.43,2.19,0.7412,1.29,0.98,0.24019999999999997,0.3,32.8,11.770000000000001,-4.15,4.640000000000001,0.44999999999999996,-0.4,10.61,1.11,5.890000000000001,1.6800000000000002,0.37,10.0,0.67,7.83,1.6600000000000001,0.4887,25.13,-0.36,-0.0028000000000000004,-0.009999999999999981,0.451
sandro mamukelashvili,2024,1,1,24.0,0,0.0148,0.5609999999999999,2.2,1.26,0.32399999999999995,1.65,0.4259,0.51,13.02,1.07,1.9700000000000002,0.28,-1.03,-0.79,20.450000000000003,2.13,0.41000000000000003,0.4613,3.8499999999999996,1.77,0.7363,0.84,0.6000000000000001,0.22210000000000002,5.2,44.1,11.47,-0.26,10.57,1.1600000000000001,0.5800000000000001,14.86,0.9,4.64,0.87,0.23,10.82,0.52,15.47,3.29,0.5579000000000001,17.229999999999997,0.11000000000000001,0.1009,0.99,0.5303,0.5609999999999999,2.2,1.26,0.32399999999999995,1.65,0.4259,0.51,13.02,1.07,1.9700000000000002,0.28,-1.03,-0.79,20.450000000000003,2.13,0.41000000000000003,0.4613,3.8499999999999996,1.77,0.7363,0.84,0.6000000000000001,0.22210000000000002,5.2,44.1,11.47,-0.26,10.57,1.1600000000000001,0.5800000000000001,14.86,0.9,4.64,0.87,0.23,10.82,0.52,15.47,3.29,0.5579000000000001,17.229999999999997,0.11000000000000001,0.1009,0.99,0.5303
cj mccollum,2017,4,1,25.0,0,0.2418,0.4839,10.57,5.17,0.41479999999999995,4.96,0.3277,2.08,17.54,3.29,0.8999999999999999,0.36,1.27,-0.8399999999999999,8.7,2.5,1.43,0.4616,15.549999999999999,7.27,0.8439000000000001,2.93,2.55,0.1894,64.6,76.4,31.08,2.13,2.06,0.62,4.5600000000000005,17.88,2.2,19.1,1.62,0.95,10.530000000000001,2.0100000000000002,5.35,3.06,0.5625,25.98,2.17,0.1145,5.959999999999999,0.5293,0.4839,10.57,5.17,0.41479999999999995,4.96,0.3277,2.08,17.54,3.29,0.8999999999999999,0.36,1.27,-0.8399999999999999,8.7,2.5,1.43,0.4616,15.549999999999999,7.27,0.8439000000000001,2.93,2.55,0.1894,64.6,76.4,31.08,2.13,2.06,0.62,4.5600000000000005,17.88,2.2,19.1,1.62,0.95,10.530000000000001,2.0100000000000002,5.35,3.06,0.5625,25.98,2.17,0.1145,5.959999999999999,0.5293
rudy gobert,2017,4,1,24.0,0,0.2218,0.6201000000000001,6.630000000000001,4.13,0.0,0.0,0.002,0.0,6.710000000000001,1.31,6.37,2.42,3.7,2.2600000000000002,28.5,7.94,5.0,0.619,6.630000000000001,4.13,0.6218,4.99,3.1,0.7484999999999999,65.9,75.2,31.72,1.4400000000000002,13.440000000000001,3.6100000000000003,5.930000000000001,21.22,2.73,11.41,1.1300000000000001,0.6699999999999999,16.64,1.75,21.1,11.600000000000001,0.6405000000000001,15.41,3.4800000000000004,0.2142,10.93,0.619,0.6201000000000001,6.630000000000001,4.13,0.0,0.0,0.002,0.0,6.710000000000001,1.31,6.37,2.42,3.7,2.2600000000000002,28.5,7.94,5.0,0.619,6.630000000000001,4.13,0.6218,4.99,3.1,0.7484999999999999,65.9,75.2,31.72,1.4400000000000002,13.440000000000001,3.6100000000000003,5.930000000000001,21.22,2.73,11.41,1.1300000000000001,0.6699999999999999,16.64,1.75,21.1,11.600000000000001,0.6405000000000001,15.41,3.4800000000000004,0.2142,10.93,0.619
giannis antetokounmpo,2017,4,1,22.0,0,0.2268,0.5448,11.96,6.55,0.2449,1.67,0.1151,0.44,21.92,4.51,3.93,1.5699999999999998,4.28,1.65,21.240000000000002,6.46,3.92,0.5105,13.579999999999998,6.959999999999999,0.7504,6.24,4.7,0.4532,77.9,80.2,34.67,2.6,5.23,1.56,5.65,21.65,3.13,19.06,1.96,1.34,14.21,2.6500000000000004,13.31,8.05,0.5797,24.76,4.46,0.1647,9.57,0.5257000000000001,0.5448,11.96,6.55,0.2449,1.67,0.1151,0.44,21.92,4.51,3.93,1.5699999999999998,4.28,1.65,21.240000000000002,6.46,3.92,0.5105,13.579999999999998,6.959999999999999,0.7504,6.24,4.7,0.4532,77.9,80.2,34.67,2.6,5.23,1.56,5.65,21.65,3.13,19.06,1.96,1.34,14.21,2.6500000000000004,13.31,8.05,0.5797,24.76,4.46,0.1647,9.57,0.5257000000000001
steven adams,2017,4,1,23.0,0,0.2268,0.5792999999999999,6.83,3.96,0.0,0.0,0.002,0.0,5.09,0.9700000000000001,3.05,1.07,-0.30000000000000004,0.1,16.39,4.1899999999999995,2.6799999999999997,0.5781999999999999,6.83,3.96,0.5805,2.93,1.72,0.4368,77.4,78.0,27.57,-0.4,12.69,3.12,3.29,15.719999999999999,2.6799999999999997,9.59,1.42,0.8,15.59,1.51,14.58,7.359999999999999,0.5906,14.74,0.9400000000000001,0.13369999999999999,6.02,0.5781999999999999,0.5792999999999999,6.83,3.96,0.0,0.0,0.002,0.0,5.09,0.9700000000000001,3.05,1.07,-0.30000000000000004,0.1,16.39,4.1899999999999995,2.6799999999999997,0.5781999999999999,6.83,3.96,0.5805,2.93,1.72,0.4368,77.4,78.0,27.57,-0.4,12.69,3.12,3.29,15.719999999999999,2.6799999999999997,9.59,1.42,0.8,15.59,1.51,14.58,7.359999999999999,0.5906,14.74,0.9400000000000001,0.13369999999999999,6.02,0.5781999999999999
victor oladipo,2017,4,1,24.0,0,0.2119,0.4808,9.549999999999999,4.58,0.3527,4.5,0.32189999999999996,1.6099999999999999,15.690000000000001,3.29,1.0899999999999999,0.44999999999999996,0.18,0.16000000000000003,12.739999999999998,3.8299999999999996,2.36,0.4396,14.02,6.14,0.7892999999999999,3.05,2.41,0.21800000000000003,63.3,69.5,33.64,0.1,2.05,0.6499999999999999,1.81,14.989999999999998,2.3899999999999997,16.33,2.05,1.42,11.879999999999999,2.09,7.32,4.43,0.5326,22.61,1.31,0.0852,4.17,0.4965,0.4808,9.549999999999999,4.58,0.3527,4.5,0.32189999999999996,1.6099999999999999,15.690000000000001,3.29,1.0899999999999999,0.44999999999999996,0.18,0.16000000000000003,12.739999999999998,3.8299999999999996,2.36,0.4396,14.02,6.14,0.7892999999999999,3.05,2.41,0.21800000000000003,63.3,69.5,33.64,0.1,2.05,0.6499999999999999,1.81,14.989999999999998,2.3899999999999997,16.33,2.05,1.42,11.879999999999999,2.09,7.32,4.43,0.5326,22.61,1.31,0.0852,4.17,0.4965
gorgui dieng,2017,4,1,27.0,0,0.1424,0.5195000000000001,7.17,3.76,0.3094,0.33,0.0454,0.13,9.43,1.8599999999999999,3.5,1.2999999999999998,0.23000000000000004,0.6,21.04,5.42,2.3,0.5118,7.58,3.84,0.8117,2.56,2.12,0.3503,62.5,80.2,30.33,-0.45,8.8,2.34,3.3000000000000003,15.67,2.88,9.969999999999999,1.8,1.08,14.799999999999999,1.5,14.87,7.74,0.5724,15.01,1.3399999999999999,0.1112,5.6,0.5195000000000001,0.5195000000000001,7.17,3.76,0.3094,0.33,0.0454,0.13,9.43,1.8599999999999999,3.5,1.2999999999999998,0.23000000000000004,0.6,21.04,5.42,2.3,0.5118,7.58,3.84,0.8117,2.56,2.12,0.3503,62.5,80.2,30.33,-0.45,8.8,2.34,3.3000000000000003,15.67,2.88,9.969999999999999,1.8,1.08,14.799999999999999,1.5,14.87,7.74,0.5724,15.01,1.3399999999999999,0.1112,5.6,0.5195000000000001
cody zeller,2017,4,1,24.0,0,0.127,0.5397000000000001,6.49,3.57,0.23,0.03,0.0085,0.0,8.620000000000001,1.4200000000000002,2.89,0.8800000000000001,-0.04999999999999999,1.13,18.58,4.35,2.35,0.5364,6.55,3.57,0.7205,3.08,2.17,0.46830000000000005,56.0,65.3,25.990000000000002,-1.18,8.219999999999999,1.9900000000000002,3.1,16.0,2.84,9.280000000000001,1.62,0.84,11.25,0.97,13.330000000000002,6.27,0.5855999999999999,15.49,0.87,0.1538,5.449999999999999,0.5368999999999999,0.5397000000000001,6.49,3.57,0.23,0.03,0.0085,0.0,8.620000000000001,1.4200000000000002,2.89,0.8800000000000001,-0.04999999999999999,1.13,18.58,4.35,2.35,0.5364,6.55,3.57,0.7205,3.08,2.17,0.46830000000000005,56.0,65.3,25.990000000000002,-1.18,8.219999999999999,1.9900000000000002,3.1,16.0,2.84,9.280000000000001,1.62,0.84,11.25,0.97,13.330000000000002,6.27,0.5855999999999999,15.49,0.87,0.1538,5.449999999999999,0.5368999999999999
russell westbrook,2018,5,1,29.0,0,0.35,0.4808,16.3,7.840000000000001,0.31110000000000004,5.07,0.2337,1.6099999999999999,52.01,10.350000000000001,0.69,0.32999999999999996,8.04,1.75,25.11,8.0,4.43,0.44279999999999997,21.37,9.45,0.7844,8.11,6.4,0.37729999999999997,80.3,80.3,35.46,6.29,5.64,1.82,7.3,27.049999999999997,2.44,26.88,2.52,1.78,16.33,4.88,15.260000000000002,9.82,0.539,35.879999999999995,7.2,0.1992,11.780000000000001,0.47909999999999997,0.4808,16.3,7.840000000000001,0.31110000000000004,5.07,0.2337,1.6099999999999999,52.01,10.350000000000001,0.69,0.32999999999999996,8.04,1.75,25.11,8.0,4.43,0.44279999999999997,21.37,9.45,0.7844,8.11,6.4,0.37729999999999997,80.3,80.3,35.46,6.29,5.64,1.82,7.3,27.049999999999997,2.44,26.88,2.52,1.78,16.33,4.88,15.260000000000002,9.82,0.539,35.879999999999995,7.2,0.1992,11.780000000000001,0.47909999999999997
andrew wiggins,2018,5,1,22.0,0,0.25,0.4766,13.25,6.34,0.33230000000000004,3.5599999999999996,0.2146,1.23,9.299999999999999,2.09,1.25,0.54,-1.97,-2.0100000000000002,9.540000000000001,3.0,1.21,0.4464,16.88,7.489999999999999,0.7017,5.279999999999999,3.81,0.3119,81.8,81.8,36.33,-0.010000000000000009,3.55,1.12,1.92,14.75,2.06,20.07,1.45,1.05,9.34,1.98,6.5200000000000005,4.12,0.5213000000000001,25.84,0.010000000000000009,0.050100000000000006,3.13,0.4819,0.4766,13.25,6.34,0.33230000000000004,3.5599999999999996,0.2146,1.23,9.299999999999999,2.09,1.25,0.54,-1.97,-2.0100000000000002,9.540000000000001,3.0,1.21,0.4464,16.88,7.489999999999999,0.7017,5.279999999999999,3.81,0.3119,81.8,81.8,36.33,-0.010000000000000009,3.55,1.12,1.92,14.75,2.06,20.07,1.45,1.05,9.34,1.98,6.5200000000000005,4.12,0.5213000000000001,25.84,0.010000000000000009,0.050100000000000006,3.13,0.4819
gary harris,2018,4,1,23.0,0,0.1621,0.5525,7.1,3.87,0.39480000000000004,5.08,0.41459999999999997,1.9999999999999998,12.48,2.7,0.45999999999999996,0.17,0.43,-0.41000000000000003,7.34,2.1799999999999997,1.2,0.4869,12.18,5.92,0.8103,2.2800000000000002,1.82,0.1868,64.5,65.8,33.010000000000005,0.83,2.28,0.6799999999999999,3.6799999999999997,15.74,1.76,15.68,2.27,1.52,10.46,1.55,4.8,2.8099999999999996,0.595,19.22,1.35,0.11,4.93,0.5684,0.5525,7.1,3.87,0.39480000000000004,5.08,0.41459999999999997,1.9999999999999998,12.48,2.7,0.45999999999999996,0.17,0.43,-0.41000000000000003,7.34,2.1799999999999997,1.2,0.4869,12.18,5.92,0.8103,2.2800000000000002,1.82,0.1868,64.5,65.8,33.010000000000005,0.83,2.28,0.6799999999999999,3.6799999999999997,15.74,1.76,15.68,2.27,1.52,10.46,1.55,4.8,2.8099999999999996,0.595,19.22,1.35,0.11,4.93,0.5684
tj warren,2018,4,1,24.0,0,0.1153,0.5236000000000001,12.32,6.43,0.2705,1.45,0.11030000000000001,0.39,6.78,1.1600000000000001,1.44,0.54,-0.63,-1.19,10.620000000000001,2.94,0.8500000000000001,0.49770000000000003,13.77,6.82,0.751,2.92,2.24,0.2057,51.0,61.7,30.36,0.53,6.14,1.7599999999999998,2.54,16.62,2.36,16.32,1.6300000000000001,1.02,6.460000000000001,1.06,8.35,4.699999999999999,0.542,22.189999999999998,0.64,0.0875,3.37,0.5134000000000001,0.5236000000000001,12.32,6.43,0.2705,1.45,0.11030000000000001,0.39,6.78,1.1600000000000001,1.44,0.54,-0.63,-1.19,10.620000000000001,2.94,0.8500000000000001,0.49770000000000003,13.77,6.82,0.751,2.92,2.24,0.2057,51.0,61.7,30.36,0.53,6.14,1.7599999999999998,2.54,16.62,2.36,16.32,1.6300000000000001,1.02,6.460000000000001,1.06,8.35,4.699999999999999,0.542,22.189999999999998,0.64,0.0875,3.37,0.5134000000000001
robert covington,2018,4,1,27.0,0,0.1027,0.4841,3.92,1.9100000000000001,0.355,6.720000000000001,0.6333,2.35,8.28,1.73,2.3,0.87,0.63,1.29,17.299999999999997,4.9399999999999995,3.63,0.4032,10.64,4.29,0.8312999999999999,2.15,1.8,0.2027,69.9,73.5,31.009999999999998,-0.68,3.3600000000000003,0.97,0.78,13.05,3.1,12.73,2.71,1.74,13.38,1.82,10.39,5.91,0.5503,18.659999999999997,1.58,0.08929999999999999,4.38,0.5154,0.4841,3.92,1.9100000000000001,0.355,6.720000000000001,0.6333,2.35,8.28,1.73,2.3,0.87,0.63,1.29,17.299999999999997,4.9399999999999995,3.63,0.4032,10.64,4.29,0.8312999999999999,2.15,1.8,0.2027,69.9,73.5,31.009999999999998,-0.68,3.3600000000000003,0.97,0.78,13.05,3.1,12.73,2.71,1.74,13.38,1.82,10.39,5.91,0.5503,18.659999999999997,1.58,0.08929999999999999,4.38,0.5154
josh richardson,2018,4,1,24.0,0,0.092,0.4699,5.62,2.6799999999999997,0.3802,3.78,0.4072,1.42,12.35,2.51,2.11,0.76,-0.06000000000000005,1.06,8.96,2.4400000000000004,2.56,0.43410000000000004,9.4,4.07,0.7896,1.5899999999999999,1.24,0.1714,51.1,66.8,30.01,-1.12,2.6100000000000003,0.74,1.25,12.29,2.42,10.83,2.0599999999999996,1.22,11.73,1.35,5.84,3.13,0.5372,16.9,1.12,0.0896,3.8600000000000003,0.5116,0.4699,5.62,2.6799999999999997,0.3802,3.78,0.4072,1.42,12.35,2.51,2.11,0.76,-0.06000000000000005,1.06,8.96,2.4400000000000004,2.56,0.43410000000000004,9.4,4.07,0.7896,1.5899999999999999,1.24,0.1714,51.1,66.8,30.01,-1.12,2.6100000000000003,0.74,1.25,12.29,2.42,10.83,2.0599999999999996,1.22,11.73,1.35,5.84,3.13,0.5372,16.9,1.12,0.0896,3.8600000000000003,0.5116
norman powell,2018,4,1,24.0,0,0.092,0.4994,3.25,1.63,0.3205,2.4000000000000004,0.4289,0.75,10.77,1.1800000000000002,1.09,0.2,-1.66,0.19,11.95,1.7,1.2,0.42,5.6,2.3499999999999996,0.8103,1.1500000000000001,0.9400000000000001,0.1924,19.2,67.6,15.959999999999999,-1.8800000000000001,1.9300000000000002,0.25,0.25999999999999995,11.11,1.55,6.39,1.8399999999999999,0.58,12.7,0.8600000000000001,7.01,1.9700000000000002,0.5198,19.34,0.06,0.0636,1.4600000000000002,0.4876,0.4994,3.25,1.63,0.3205,2.4000000000000004,0.4289,0.75,10.77,1.1800000000000002,1.09,0.2,-1.66,0.19,11.95,1.7,1.2,0.42,5.6,2.3499999999999996,0.8103,1.1500000000000001,0.9400000000000001,0.1924,19.2,67.6,15.959999999999999,-1.8800000000000001,1.9300000000000002,0.25,0.25999999999999995,11.11,1.55,6.39,1.8399999999999999,0.58,12.7,0.8600000000000001,7.01,1.9700000000000002,0.5198,19.34,0.06,0.0636,1.4600000000000002,0.4876
james harden,2019,4,1,29.0,1,0.35,0.5293,10.6,5.640000000000001,0.3635,11.46,0.5175000000000001,4.15,43.42,8.629999999999999,1.56,0.6599999999999999,10.21,1.46,17.64,5.74,3.76,0.4437,22.060000000000002,9.76,0.8663,10.71,9.299999999999999,0.4901,76.8,76.8,36.3,8.75,2.49,0.8200000000000001,11.48,29.72,2.7800000000000002,32.99,2.47,1.84,15.68,4.96,10.02,6.54,0.6163000000000001,37.92,8.56,0.2627,15.219999999999999,0.5378000000000001,0.5032,11.35,5.67,0.3203,11.41,0.5007,3.71,35.96,7.04,1.7600000000000002,0.73,7.88,1.5899999999999999,15.32,5.28,0.74,0.4121,22.740000000000002,9.379999999999999,0.8602,8.89,7.66,0.3946,12.8,12.8,37.6,6.29,2.38,0.76,0.97,24.67,3.4400000000000004,30.080000000000002,2.8499999999999996,2.14,14.54,4.52,8.97,6.0600000000000005,0.5645,36.82,1.21,0.1713,1.69,0.49260000000000004
john wall,2019,4,1,28.0,0,0.35,0.4803,12.64,6.08,0.3277,4.58,0.266,1.47,42.33,9.37,2.2199999999999998,0.9,2.29,-0.83,10.23,3.21,1.4,0.43820000000000003,17.22,7.550000000000001,0.7264999999999999,5.88,4.27,0.3402,43.9,43.9,34.849999999999994,3.0700000000000003,1.77,0.56,1.77,19.37,2.08,20.79,2.1900000000000004,1.57,16.39,3.8899999999999997,5.949999999999999,3.75,0.5262,29.25,1.9,0.0829,3.1700000000000004,0.4812,0.4803,12.64,6.08,0.3277,4.58,0.266,1.47,42.33,9.37,2.2199999999999998,0.9,2.29,-0.83,10.23,3.21,1.4,0.43820000000000003,17.22,7.550000000000001,0.7264999999999999,5.88,4.27,0.3402,43.9,43.9,34.849999999999994,3.0700000000000003,1.77,0.56,1.77,19.37,2.08,20.79,2.1900000000000004,1.57,16.39,3.8899999999999997,5.949999999999999,3.75,0.5262,29.25,1.9,0.0829,3.1700000000000004,0.4812
devin booker,2019,5,1,22.0,0,0.25,0.49540000000000006,12.91,6.390000000000001,0.35050000000000003,6.42,0.3308,2.24,27.630000000000003,5.49,0.55,0.25,0.39,-2.21,11.120000000000001,3.4699999999999998,0.44999999999999996,0.4477,19.310000000000002,8.68,0.8628,6.52,5.609999999999999,0.3362,63.8,63.8,34.85,2.58,1.76,0.5700000000000001,2.48,18.450000000000003,3.1,25.19,1.22,0.9000000000000001,14.45,3.75,6.35,4.04,0.5665,31.68,1.29,0.0639,2.87,0.5058,0.49540000000000006,12.91,6.390000000000001,0.35050000000000003,6.42,0.3308,2.24,27.630000000000003,5.49,0.55,0.25,0.39,-2.21,11.120000000000001,3.4699999999999998,0.44999999999999996,0.4477,19.310000000000002,8.68,0.8628,6.52,5.609999999999999,0.3362,63.8,63.8,34.85,2.58,1.76,0.5700000000000001,2.48,18.450000000000003,3.1,25.19,1.22,0.9000000000000001,14.45,3.75,6.35,4.04,0.5665,31.68,1.29,0.0639,2.87,0.5058
karlanthony towns,2019,5,1,23.0,0,0.25,0.5729,12.43,7.09,0.3997,4.029999999999999,0.2451,1.5899999999999999,14.48,2.96,3.73,1.48,5.47,0.22,29.48,9.059999999999999,3.18,0.5309,16.44,8.7,0.8417999999999999,5.41,4.57,0.3317,79.5,79.5,34.629999999999995,5.2700000000000005,10.48,3.29,8.76,25.799999999999997,3.53,23.61,1.1600000000000001,0.8300000000000001,12.26,2.6399999999999997,19.88,12.350000000000001,0.6284000000000001,26.82,5.15,0.20770000000000002,11.940000000000001,0.58,0.5729,12.43,7.09,0.3997,4.029999999999999,0.2451,1.5899999999999999,14.48,2.96,3.73,1.48,5.47,0.22,29.48,9.059999999999999,3.18,0.5309,16.44,8.7,0.8417999999999999,5.41,4.57,0.3317,79.5,79.5,34.629999999999995,5.2700000000000005,10.48,3.29,8.76,25.799999999999997,3.53,23.61,1.1600000000000001,0.8300000000000001,12.26,2.6399999999999997,19.88,12.350000000000001,0.6284000000000001,26.82,5.15,0.20770000000000002,11.940000000000001,0.58
kevin love,2019,4,1,30.0,0,0.2652,0.4484,6.74,3.0,0.3796,6.33,0.4852,2.37,11.3,1.9900000000000002,0.89,0.30000000000000004,2.21,-1.4300000000000002,34.8,8.67,1.16,0.4153,13.07,5.45,0.8902000000000001,4.93,4.41,0.379,40.2,40.7,28.28,3.6599999999999997,6.83,1.76,2.71,20.69,2.27,17.58,0.9199999999999999,0.54,10.66,1.7999999999999998,20.58,10.46,0.5793,26.509999999999998,1.34,0.1411,3.85,0.5071,0.4484,6.74,3.0,0.3796,6.33,0.4852,2.37,11.3,1.9900000000000002,0.89,0.30000000000000004,2.21,-1.4300000000000002,34.8,8.67,1.16,0.4153,13.07,5.45,0.8902000000000001,4.93,4.41,0.379,40.2,40.7,28.28,3.6599999999999997,6.83,1.76,2.71,20.69,2.27,17.58,0.9199999999999999,0.54,10.66,1.7999999999999998,20.58,10.46,0.5793,26.509999999999998,1.34,0.1411,3.85,0.5071
myles turner,2019,4,1,22.0,0,0.1649,0.5234000000000001,8.030000000000001,4.1899999999999995,0.3707,2.3,0.2257,0.87,7.42,1.4500000000000002,7.09,2.31,1.4100000000000001,1.54,20.86,5.52,3.6900000000000004,0.4894,10.33,5.06,0.7629,3.0500000000000003,2.35,0.2954,71.8,72.7,29.04,-0.2,5.680000000000001,1.46,2.4699999999999998,17.68,2.8100000000000005,13.36,1.3,0.76,10.530000000000001,1.41,13.39,6.98,0.5706,19.9,1.8399999999999999,0.13879999999999998,6.16,0.5317000000000001,0.5234000000000001,8.030000000000001,4.1899999999999995,0.3707,2.3,0.2257,0.87,7.42,1.4500000000000002,7.09,2.31,1.4100000000000001,1.54,20.86,5.52,3.6900000000000004,0.4894,10.33,5.06,0.7629,3.0500000000000003,2.35,0.2954,71.8,72.7,29.04,-0.2,5.680000000000001,1.46,2.4699999999999998,17.68,2.8100000000000005,13.36,1.3,0.76,10.530000000000001,1.41,13.39,6.98,0.5706,19.9,1.8399999999999999,0.13879999999999998,6.16,0.5317000000000001
eric bledsoe,2019,4,1,29.0,0,0.1432,0.5499,8.55,4.62,0.3356,4.8100000000000005,0.36319999999999997,1.6300000000000001,27.63,5.51,1.24,0.48000000000000004,3.0200000000000005,0.6699999999999999,12.17,3.55,2.88,0.4707,13.36,6.25,0.7828999999999999,4.17,3.35,0.3064,74.4,74.4,30.57,2.38,3.23,0.92,3.93,19.66,2.25,17.48,2.5599999999999996,1.63,14.540000000000001,2.6,7.779999999999999,4.3999999999999995,0.5756999999999999,24.9,2.85,0.14489999999999997,6.84,0.5318,0.5499,8.55,4.62,0.3356,4.8100000000000005,0.36319999999999997,1.6300000000000001,27.63,5.51,1.24,0.48000000000000004,3.0200000000000005,0.6699999999999999,12.17,3.55,2.88,0.4707,13.36,6.25,0.7828999999999999,4.17,3.35,0.3064,74.4,74.4,30.57,2.38,3.23,0.92,3.93,19.66,2.25,17.48,2.5599999999999996,1.63,14.540000000000001,2.6,7.779999999999999,4.3999999999999995,0.5756999999999999,24.9,2.85,0.14489999999999997,6.84,0.5318
lamarcus aldridge,2019,2,1,33.0,0,0.2382,0.5178,15.67,8.11,0.28909999999999997,0.77,0.047,0.22999999999999998,11.17,2.1799999999999997,3.2,1.25,2.23,-0.39999999999999997,18.410000000000004,5.59,3.2700000000000005,0.5079,16.47,8.34,0.837,4.8999999999999995,4.12,0.2964,77.4,77.4,33.13,2.63,10.09,3.0199999999999996,6.120000000000001,22.67,2.17,21.04,0.8700000000000001,0.55,7.98,1.63,14.29,8.61,0.5653999999999999,27.08,2.75,0.176,9.36,0.5146,0.5178,15.67,8.11,0.28909999999999997,0.77,0.047,0.22999999999999998,11.17,2.1799999999999997,3.2,1.25,2.23,-0.39999999999999997,18.410000000000004,5.59,3.2700000000000005,0.5079,16.47,8.34,0.837,4.8999999999999995,4.12,0.2964,77.4,77.4,33.13,2.63,10.09,3.0199999999999996,6.120000000000001,22.67,2.17,21.04,0.8700000000000001,0.55,7.98,1.63,14.29,8.61,0.5653999999999999,27.08,2.75,0.176,9.36,0.5146
larry nance,2019,4,1,26.0,0,0.1166,0.5725,5.720000000000001,3.2600000000000002,0.2742,0.9299999999999999,0.13119999999999998,0.29000000000000004,13.42,2.2600000000000002,2.05,0.6,2.04,1.39,22.97,4.970000000000001,1.79,0.5395,6.58,3.5300000000000002,0.7048,1.8900000000000001,1.2999999999999998,0.28400000000000003,24.2,65.9,24.43,0.65,10.48,2.35,3.12,18.5,2.71,8.73,2.86,1.4,13.040000000000001,1.12,16.54,7.32,0.5864,15.2,1.68,0.1479,4.890000000000001,0.5602,0.5725,5.720000000000001,3.2600000000000002,0.2742,0.9299999999999999,0.13119999999999998,0.29000000000000004,13.42,2.2600000000000002,2.05,0.6,2.04,1.39,22.97,4.970000000000001,1.79,0.5395,6.58,3.5300000000000002,0.7048,1.8900000000000001,1.2999999999999998,0.28400000000000003,24.2,65.9,24.43,0.65,10.48,2.35,3.12,18.5,2.71,8.73,2.86,1.4,13.040000000000001,1.12,16.54,7.32,0.5864,15.2,1.68,0.1479,4.890000000000001,0.5602
spencer dinwiddie,2019,3,1,25.0,0,0.0972,0.49520000000000003,5.5600000000000005,2.81,0.3405,4.66,0.4454,1.56,27.36,4.8999999999999995,0.82,0.32,0.27999999999999997,-0.53,9.0,2.3200000000000003,1.2999999999999998,0.4259,10.27,4.39,0.8053,4.16,3.33,0.4162,23.0,69.8,27.21,0.83,1.6800000000000002,0.45,3.42,15.46,2.4899999999999998,13.64,1.24,0.71,13.260000000000002,1.8,5.3999999999999995,2.7199999999999998,0.5643,21.36,1.1800000000000002,0.1161,4.67,0.5012,0.49520000000000003,5.5600000000000005,2.81,0.3405,4.66,0.4454,1.56,27.36,4.8999999999999995,0.82,0.32,0.27999999999999997,-0.53,9.0,2.3200000000000003,1.2999999999999998,0.4259,10.27,4.39,0.8053,4.16,3.33,0.4162,23.0,69.8,27.21,0.83,1.6800000000000002,0.45,3.42,15.46,2.4899999999999998,13.64,1.24,0.71,13.260000000000002,1.8,5.3999999999999995,2.7199999999999998,0.5643,21.36,1.1800000000000002,0.1161,4.67,0.5012
justise winslow,2019,2,1,22.0,0,0.1191,0.4398,7.46,3.26,0.3415,2.9,0.28140000000000004,1.04,17.95,3.55,1.12,0.36,-1.3900000000000001,0.79,16.64,4.33,2.18,0.41489999999999994,10.31,4.23,0.6279,2.02,1.27,0.1972,36.5,57.0,29.200000000000003,-2.23,3.79,1.03,-0.020000000000000018,11.49,2.56,10.82,1.8,1.07,13.59,1.79,10.18,5.36,0.4851,19.25,0.41,0.0542,2.16,0.4649,0.4398,7.46,3.26,0.3415,2.9,0.28140000000000004,1.04,17.95,3.55,1.12,0.36,-1.3900000000000001,0.79,16.64,4.33,2.18,0.41489999999999994,10.31,4.23,0.6279,2.02,1.27,0.1972,36.5,57.0,29.200000000000003,-2.23,3.79,1.03,-0.020000000000000018,11.49,2.56,10.82,1.8,1.07,13.59,1.79,10.18,5.36,0.4851,19.25,0.41,0.0542,2.16,0.4649
ben simmons,2020,5,1,23.0,0,0.28,0.5715,11.67,6.63,0.143,0.1,0.0095,0.0,34.64,7.95,1.6600000000000001,0.72,3.7800000000000002,2.04,19.0,6.14,3.63,0.5679,11.82,6.68,0.6025,5.0600000000000005,3.07,0.4327,68.4,68.4,34.7,1.71,6.35,2.02,4.119999999999999,20.2,2.95,16.43,2.55,1.81,19.89,3.48,12.809999999999999,8.16,0.587,21.54,3.44,0.1587,7.749999999999999,0.5684,0.5715,11.67,6.63,0.143,0.1,0.0095,0.0,34.64,7.95,1.6600000000000001,0.72,3.7800000000000002,2.04,19.0,6.14,3.63,0.5679,11.82,6.68,0.6025,5.0600000000000005,3.07,0.4327,68.4,68.4,34.7,1.71,6.35,2.02,4.119999999999999,20.2,2.95,16.43,2.55,1.81,19.89,3.48,12.809999999999999,8.16,0.587,21.54,3.44,0.1587,7.749999999999999,0.5684
jamal murray,2020,5,1,22.0,0,0.25,0.5026999999999999,9.42,4.72,0.35869999999999996,5.48,0.3691,1.95,21.45,4.52,0.88,0.32999999999999996,0.72,-0.9400000000000001,10.84,3.16,1.68,0.44930000000000003,14.899999999999999,6.67,0.8759,3.0700000000000003,2.71,0.2081,67.7,68.2,32.269999999999996,1.66,2.9400000000000004,0.8700000000000001,3.0999999999999996,16.869999999999997,1.87,18.05,1.54,1.02,11.64,2.1500000000000004,6.8500000000000005,4.0,0.5561,24.63,1.45,0.1041,4.779999999999999,0.5159,0.5026999999999999,9.42,4.72,0.35869999999999996,5.48,0.3691,1.95,21.45,4.52,0.88,0.32999999999999996,0.72,-0.9400000000000001,10.84,3.16,1.68,0.44930000000000003,14.899999999999999,6.67,0.8759,3.0700000000000003,2.71,0.2081,67.7,68.2,32.269999999999996,1.66,2.9400000000000004,0.8700000000000001,3.0999999999999996,16.869999999999997,1.87,18.05,1.54,1.02,11.64,2.1500000000000004,6.8500000000000005,4.0,0.5561,24.63,1.45,0.1041,4.779999999999999,0.5159
pascal siakam,2020,4,1,25.0,1,0.28,0.5525,9.780000000000001,5.3100000000000005,0.3342,4.18,0.2863,1.48,15.28,3.08,2.16,0.76,1.88,0.81,18.12,5.4399999999999995,3.38,0.4928,13.959999999999999,6.720000000000001,0.7557,3.9099999999999997,3.04,0.268,54.7,70.2,31.31,1.07,4.35,1.23,3.03,17.46,2.6999999999999997,17.979999999999997,1.48,0.93,11.32,1.98,11.4,6.619999999999999,0.5752,23.43,2.12,0.1406,6.43,0.5407,0.5218,10.07,5.13,0.32820000000000005,3.7699999999999996,0.2467,0.87,13.21,2.9,1.5899999999999999,0.53,-0.24,0.38999999999999996,17.74,5.34,0.77,0.461,13.870000000000001,6.0,0.7162,3.58,2.6,0.2922,12.7,14.7,33.71,-0.63,4.45,1.34,0.18,13.43,2.88,15.52,1.18,0.8700000000000001,9.55,1.56,10.99,6.6,0.5256000000000001,21.689999999999998,0.32,0.0787,1.0,0.4931
jaylen brown,2020,4,1,23.0,0,0.2147,0.5316000000000001,8.32,4.43,0.3732,4.94,0.3711,1.88,8.86,1.79,1.15,0.4,-0.32999999999999996,-0.16,15.22,4.47,2.66,0.47300000000000003,13.309999999999999,6.3100000000000005,0.6881999999999999,3.62,2.5100000000000002,0.2715,50.0,64.7,30.86,-0.14,3.5100000000000002,1.0,1.5999999999999999,15.219999999999999,2.7199999999999998,16.950000000000003,1.6300000000000001,1.02,11.03,1.85,9.42,5.44,0.5680000000000001,23.259999999999998,0.86,0.1043,4.25,0.5425,0.5316000000000001,8.32,4.43,0.3732,4.94,0.3711,1.88,8.86,1.79,1.15,0.4,-0.32999999999999996,-0.16,15.22,4.47,2.66,0.47300000000000003,13.309999999999999,6.3100000000000005,0.6881999999999999,3.62,2.5100000000000002,0.2715,50.0,64.7,30.86,-0.14,3.5100000000000002,1.0,1.5999999999999999,15.219999999999999,2.7199999999999998,16.950000000000003,1.6300000000000001,1.02,11.03,1.85,9.42,5.44,0.5680000000000001,23.259999999999998,0.86,0.1043,4.25,0.5425
draymond green,2020,4,1,29.0,0,0.2037999999999999,0.5096,4.359999999999999,2.21,0.2852,2.99,0.4041,0.8300000000000001,29.439999999999998,6.63,2.66,0.9900000000000001,0.88,2.1399999999999997,21.61,6.09,2.29,0.4188,7.33,3.09,0.7421,1.8699999999999999,1.43,0.2521,55.3,55.3,30.130000000000003,-1.26,2.74,0.74,0.7500000000000001,13.34,2.7199999999999998,8.42,2.21,1.4,23.439999999999998,2.51,12.24,6.8100000000000005,0.5135000000000001,15.219999999999999,1.35,0.0774,3.0599999999999996,0.47650000000000003,0.5096,4.359999999999999,2.21,0.2852,2.99,0.4041,0.8300000000000001,29.439999999999998,6.63,2.66,0.9900000000000001,0.88,2.1399999999999997,21.61,6.09,2.29,0.4188,7.33,3.09,0.7421,1.8699999999999999,1.43,0.2521,55.3,55.3,30.130000000000003,-1.26,2.74,0.74,0.7500000000000001,13.34,2.7199999999999998,8.42,2.21,1.4,23.439999999999998,2.51,12.24,6.8100000000000005,0.5135000000000001,15.219999999999999,1.35,0.0774,3.0599999999999996,0.47650000000000003
buddy hield,2020,4,1,27.0,0,0.2288,0.477,7.199999999999999,3.46,0.4113,8.19,0.5271,3.36,13.88,2.63,0.88,0.28,1.3800000000000001,-1.22,13.73,3.6500000000000004,1.53,0.4411,15.370000000000001,6.77,0.8642,1.8699999999999999,1.61,0.1185,49.2,76.6,30.03,2.62,3.2299999999999995,0.93,2.25,16.47,2.28,18.509999999999998,1.42,0.8800000000000001,11.07,2.01,8.3,4.56,0.5705,25.990000000000002,1.96,0.07780000000000001,3.83,0.5485,0.477,7.199999999999999,3.46,0.4113,8.19,0.5271,3.36,13.88,2.63,0.88,0.28,1.3800000000000001,-1.22,13.73,3.6500000000000004,1.53,0.4411,15.370000000000001,6.77,0.8642,1.8699999999999999,1.61,0.1185,49.2,76.6,30.03,2.62,3.2299999999999995,0.93,2.25,16.47,2.28,18.509999999999998,1.42,0.8800000000000001,11.07,2.01,8.3,4.56,0.5705,25.990000000000002,1.96,0.07780000000000001,3.83,0.5485
eric gordon,2020,4,1,31.0,1,0.1546,0.4924,4.74,2.38,0.33830000000000005,8.600000000000001,0.6444000000000001,2.95,9.11,1.76,1.1,0.4,-2.26,-1.9100000000000001,6.82,1.8399999999999999,0.96,0.3928,13.41,5.279999999999999,0.7797000000000001,2.8600000000000003,2.25,0.2137,29.4,52.2,29.85,-0.35,0.98,0.32,1.0399999999999998,11.85,1.92,15.66,0.97,0.6,8.52,1.37,3.87,2.16,0.5353,22.79,0.13,0.050699999999999995,1.9700000000000002,0.502,0.49829999999999997,6.18,3.06,0.3472,7.85,0.563,2.75,10.7,2.21,1.8599999999999999,0.7,-0.45,-0.8,7.01,2.1500000000000004,0.37,0.41459999999999997,14.03,5.8100000000000005,0.8618,3.12,2.71,0.2248,9.7,12.7,34.75,0.35000000000000003,1.58,0.5,0.15,12.629999999999999,2.04,17.07,1.05,0.7,11.55,2.0300000000000002,4.24,2.62,0.5555000000000001,22.490000000000002,0.18,0.058399999999999994,0.5,0.5127999999999999
domantas sabonis,2020,4,1,23.0,0,0.1814,0.5649,10.739999999999998,6.08,0.3559,0.7100000000000001,0.0579,0.22,18.85,3.77,1.37,0.45,2.31,0.89,28.630000000000003,7.84,3.13,0.5498000000000001,11.48,6.3,0.726,4.17,3.05,0.3671,36.3,68.0,29.74,1.45,10.379999999999999,2.69,3.84,20.42,3.1100000000000003,15.799999999999999,1.1600000000000001,0.68,15.32,2.39,19.6,10.530000000000001,0.5953999999999999,23.12,2.25,0.1683,6.97,0.5586,0.5649,10.739999999999998,6.08,0.3559,0.7100000000000001,0.0579,0.22,18.85,3.77,1.37,0.45,2.31,0.89,28.630000000000003,7.84,3.13,0.5498000000000001,11.48,6.3,0.726,4.17,3.05,0.3671,36.3,68.0,29.74,1.45,10.379999999999999,2.69,3.84,20.42,3.1100000000000003,15.799999999999999,1.1600000000000001,0.68,15.32,2.39,19.6,10.530000000000001,0.5953999999999999,23.12,2.25,0.1683,6.97,0.5586
caris levert,2020,3,1,25.0,0,0.1485,0.46640000000000004,9.54,4.41,0.345,4.32,0.31279999999999997,1.5,24.66,4.21,0.78,0.28,-0.25,-0.30000000000000004,11.15,3.0,1.38,0.4282,13.86,5.91,0.705,3.6500000000000004,2.56,0.26180000000000003,25.0,48.7,28.040000000000003,0.04999999999999999,3.6,0.9600000000000001,0.33999999999999997,15.36,1.9100000000000001,15.879999999999999,1.94,1.17,12.879999999999999,2.25,7.430000000000001,3.98,0.5147,26.45,0.55,0.062200000000000005,1.72,0.482,0.46640000000000004,9.54,4.41,0.345,4.32,0.31279999999999997,1.5,24.66,4.21,0.78,0.28,-0.25,-0.30000000000000004,11.15,3.0,1.38,0.4282,13.86,5.91,0.705,3.6500000000000004,2.56,0.26180000000000003,25.0,48.7,28.040000000000003,0.04999999999999999,3.6,0.9600000000000001,0.33999999999999997,15.36,1.9100000000000001,15.879999999999999,1.94,1.17,12.879999999999999,2.25,7.430000000000001,3.98,0.5147,26.45,0.55,0.062200000000000005,1.72,0.482
royce oneale,2020,4,1,26.0,0,0.0779,0.5372,1.9300000000000002,1.03,0.3755,2.67,0.5709,1.01,11.2,1.98,1.2200000000000002,0.38,0.26,2.09,18.53,4.13,2.3600000000000003,0.4436,4.63,2.04,0.7712,0.77,0.6000000000000001,0.16570000000000001,36.6,73.9,23.909999999999997,-1.83,1.7,0.37,1.21,9.61,2.33,5.71,1.47,0.71,14.57,0.8800000000000001,10.3,4.48,0.5737,11.02,1.03,0.0985,3.6199999999999997,0.5509,0.5372,1.9300000000000002,1.03,0.3755,2.67,0.5709,1.01,11.2,1.98,1.2200000000000002,0.38,0.26,2.09,18.53,4.13,2.3600000000000003,0.4436,4.63,2.04,0.7712,0.77,0.6000000000000001,0.16570000000000001,36.6,73.9,23.909999999999997,-1.83,1.7,0.37,1.21,9.61,2.33,5.71,1.47,0.71,14.57,0.8800000000000001,10.3,4.48,0.5737,11.02,1.03,0.0985,3.6199999999999997,0.5509
dillon brooks,2020,3,1,24.0,0,0.1045,0.4403,7.12,3.12,0.36269999999999997,4.1,0.3593,1.46,9.39,1.6400000000000001,1.02,0.30000000000000004,-4.74,-1.28,8.68,2.06,1.11,0.4121,11.219999999999999,4.63,0.7733,2.31,1.7600000000000002,0.2118,51.3,58.3,25.68,-3.43,3.13,0.72,-0.27,9.89,3.3,12.55,1.47,0.81,11.1,1.48,5.8999999999999995,2.7800000000000002,0.5109,22.57,-0.91,0.017300000000000003,0.84,0.47709999999999997,0.4403,7.12,3.12,0.36269999999999997,4.1,0.3593,1.46,9.39,1.6400000000000001,1.02,0.30000000000000004,-4.74,-1.28,8.68,2.06,1.11,0.4121,11.219999999999999,4.63,0.7733,2.31,1.7600000000000002,0.2118,51.3,58.3,25.68,-3.43,3.13,0.72,-0.27,9.89,3.3,12.55,1.47,0.81,11.1,1.48,5.8999999999999995,2.7800000000000002,0.5109,22.57,-0.91,0.017300000000000003,0.84,0.47709999999999997
dwight powell,2020,3,1,28.0,0,0.1015,0.6989,4.6899999999999995,3.2699999999999996,0.2867,1.2,0.2023,0.38,8.76,1.44,2.02,0.56,1.8399999999999999,0.92,16.85,3.73,1.49,0.6167,5.82,3.63,0.7089000000000001,2.8499999999999996,2.04,0.4854,29.9,58.9,23.97,0.9199999999999999,8.219999999999999,1.83,3.8999999999999995,17.83,2.56,9.58,1.54,0.79,10.84,0.8600000000000001,12.5,5.5600000000000005,0.6743,14.559999999999999,1.3800000000000001,0.18370000000000003,5.37,0.6458,0.6989,4.6899999999999995,3.2699999999999996,0.2867,1.2,0.2023,0.38,8.76,1.44,2.02,0.56,1.8399999999999999,0.92,16.85,3.73,1.49,0.6167,5.82,3.63,0.7089000000000001,2.8499999999999996,2.04,0.4854,29.9,58.9,23.97,0.9199999999999999,8.219999999999999,1.83,3.8999999999999995,17.83,2.56,9.58,1.54,0.79,10.84,0.8600000000000001,12.5,5.5600000000000005,0.6743,14.559999999999999,1.3800000000000001,0.18370000000000003,5.37,0.6458
cedi osman,2020,4,1,24.0,0,0.081,0.5124,4.38,2.2,0.3695,4.2,0.49,1.56,11.17,2.12,0.55,0.13,-2.84,-1.1300000000000001,13.41,3.07,0.44,0.4434,8.629999999999999,3.76,0.6817,1.58,1.15,0.1906,57.4,67.5,26.56,-1.69,2.3400000000000003,0.54,0.96,11.0,2.29,10.18,1.38,0.72,12.13,1.25,7.779999999999999,3.6100000000000003,0.5522,17.020000000000003,-0.41000000000000003,0.041499999999999995,1.4300000000000002,0.5342,0.5124,4.38,2.2,0.3695,4.2,0.49,1.56,11.17,2.12,0.55,0.13,-2.84,-1.1300000000000001,13.41,3.07,0.44,0.4434,8.629999999999999,3.76,0.6817,1.58,1.15,0.1906,57.4,67.5,26.56,-1.69,2.3400000000000003,0.54,0.96,11.0,2.29,10.18,1.38,0.72,12.13,1.25,7.779999999999999,3.6100000000000003,0.5522,17.020000000000003,-0.41000000000000003,0.041499999999999995,1.4300000000000002,0.5342
kyle lowry,2020,1,1,33.0,1,0.2794999999999999,0.501,5.12,2.5599999999999996,0.3599,7.62,0.6001,2.74,31.919999999999998,7.74,1.08,0.39,3.33,0.78,13.490000000000002,4.45,3.17,0.41669999999999996,12.74,5.35,0.8482999999999999,4.51,3.88,0.3476,64.1,64.1,34.74,2.5500000000000003,2.0300000000000002,0.64,4.58,17.700000000000003,2.9299999999999997,17.2,1.89,1.3399999999999999,16.22,2.8499999999999996,7.869999999999999,5.06,0.5831999999999999,21.77,3.02,0.16749999999999998,7.77,0.525,0.5319,6.2,3.2600000000000002,0.356,6.31,0.5067,2.27,27.6,6.58,1.29,0.43999999999999995,3.5999999999999996,1.9100000000000001,14.93,4.92,0.79,0.44310000000000005,12.56,5.529999999999999,0.8032,4.41,3.5300000000000002,0.34430000000000005,14.7,14.7,37.22,1.67,1.92,0.66,0.8699999999999999,16.65,3.66,16.83,2.0300000000000002,1.54,15.11,2.56,8.32,5.58,0.5844,20.450000000000003,0.69,0.14679999999999999,1.6800000000000002,0.5341
taurean prince,2020,2,1,25.0,0,0.1122,0.4561,5.1899999999999995,2.38,0.36350000000000005,6.18,0.5443,2.23,10.709999999999999,2.05,1.1800000000000002,0.39,-2.27,-0.47,15.8,4.38,1.7599999999999998,0.40549999999999997,11.370000000000001,4.609999999999999,0.8135,1.77,1.44,0.1555,61.0,64.9,28.96,-1.7999999999999998,2.3099999999999996,0.64,-0.61,10.68,2.43,12.92,1.57,0.95,14.08,2.0,9.07,5.02,0.5307999999999999,20.47,-0.08000000000000002,0.0287,1.15,0.5042,0.4561,5.1899999999999995,2.38,0.36350000000000005,6.18,0.5443,2.23,10.709999999999999,2.05,1.1800000000000002,0.39,-2.27,-0.47,15.8,4.38,1.7599999999999998,0.40549999999999997,11.370000000000001,4.609999999999999,0.8135,1.77,1.44,0.1555,61.0,64.9,28.96,-1.7999999999999998,2.3099999999999996,0.64,-0.61,10.68,2.43,12.92,1.57,0.95,14.08,2.0,9.07,5.02,0.5307999999999999,20.47,-0.08000000000000002,0.0287,1.15,0.5042
giannis antetokounmpo,2021,5,1,26.0,0,0.35,0.6355,14.600000000000001,9.31,0.2939,3.7699999999999996,0.2042,1.1099999999999999,30.67,5.8100000000000005,3.2800000000000002,1.2000000000000002,10.03,3.4499999999999997,30.889999999999997,10.18,4.25,0.5660000000000001,18.369999999999997,10.42,0.6782,9.65,6.52,0.5264,63.8,63.8,32.18,6.58,6.42,1.9000000000000001,7.0600000000000005,30.349999999999998,2.9699999999999998,28.44,1.6600000000000001,1.1600000000000001,13.52,3.55,19.240000000000002,12.08,0.6292,33.96,6.26,0.2641,11.309999999999999,0.5965,0.6355,14.600000000000001,9.31,0.2939,3.7699999999999996,0.2042,1.1099999999999999,30.67,5.8100000000000005,3.2800000000000002,1.2000000000000002,10.03,3.4499999999999997,30.889999999999997,10.18,4.25,0.5660000000000001,18.369999999999997,10.42,0.6782,9.65,6.52,0.5264,63.8,63.8,32.18,6.58,6.42,1.9000000000000001,7.0600000000000005,30.349999999999998,2.9699999999999998,28.44,1.6600000000000001,1.1600000000000001,13.52,3.55,19.240000000000002,12.08,0.6292,33.96,6.26,0.2641,11.309999999999999,0.5965
rudy gobert,2021,5,1,28.0,0,0.3144,0.6817,8.27,5.640000000000001,0.0,0.05,0.0035,0.0,6.87,1.5,6.1,2.41,4.61,2.4699999999999998,32.18,9.879999999999999,5.0,0.6792,8.32,5.640000000000001,0.6277,5.7,3.58,0.6868000000000001,71.9,72.1,32.05,2.16,12.1,3.48,6.74,23.18,2.69,14.86,1.02,0.7,13.77,1.74,22.509999999999998,13.379999999999999,0.6876,16.92,3.8499999999999996,0.2439,11.74,0.6792,0.6817,8.27,5.640000000000001,0.0,0.05,0.0035,0.0,6.87,1.5,6.1,2.41,4.61,2.4699999999999998,32.18,9.879999999999999,5.0,0.6792,8.32,5.640000000000001,0.6277,5.7,3.58,0.6868000000000001,71.9,72.1,32.05,2.16,12.1,3.48,6.74,23.18,2.69,14.86,1.02,0.7,13.77,1.74,22.509999999999998,13.379999999999999,0.6876,16.92,3.8499999999999996,0.2439,11.74,0.6792
paul george,2021,4,1,30.0,0,0.35,0.491,9.690000000000001,4.8,0.4063,8.18,0.4584,3.35,22.17,4.59,1.1600000000000001,0.4,5.01,0.8000000000000002,18.68,5.82,2.82,0.4528,17.89,8.07,0.8646,4.85,4.23,0.2696,56.8,56.8,33.11,4.21,2.7300000000000004,0.83,3.6500000000000004,21.240000000000002,2.4799999999999995,23.700000000000003,2.1,1.4100000000000001,13.0,2.9699999999999998,10.83,6.6499999999999995,0.5923,29.78,3.5200000000000005,0.15800000000000003,6.470000000000001,0.546,0.491,9.690000000000001,4.8,0.4063,8.18,0.4584,3.35,22.17,4.59,1.1600000000000001,0.4,5.01,0.8000000000000002,18.68,5.82,2.82,0.4528,17.89,8.07,0.8646,4.85,4.23,0.2696,56.8,56.8,33.11,4.21,2.7300000000000004,0.83,3.6500000000000004,21.240000000000002,2.4799999999999995,23.700000000000003,2.1,1.4100000000000001,13.0,2.9699999999999998,10.83,6.6499999999999995,0.5923,29.78,3.5200000000000005,0.15800000000000003,6.470000000000001,0.546
damian lillard,2021,4,1,30.0,0,0.35,0.5165,9.98,5.19,0.3896,9.91,0.4978,3.88,33.739999999999995,7.53,0.74,0.32,6.68,-0.98,11.120000000000001,3.75,1.0899999999999999,0.45320000000000005,19.909999999999997,9.05,0.9128000000000001,7.220000000000001,6.630000000000001,0.3637,69.3,69.3,36.25,7.5600000000000005,1.64,0.5800000000000001,10.01,25.61,1.6400000000000001,28.560000000000002,1.34,1.0,11.26,2.91,6.35,4.3100000000000005,0.6172,30.65,5.470000000000001,0.21300000000000002,11.100000000000001,0.5503,0.5165,9.98,5.19,0.3896,9.91,0.4978,3.88,33.739999999999995,7.53,0.74,0.32,6.68,-0.98,11.120000000000001,3.75,1.0899999999999999,0.45320000000000005,19.909999999999997,9.05,0.9128000000000001,7.220000000000001,6.630000000000001,0.3637,69.3,69.3,36.25,7.5600000000000005,1.64,0.5800000000000001,10.01,25.61,1.6400000000000001,28.560000000000002,1.34,1.0,11.26,2.91,6.35,4.3100000000000005,0.6172,30.65,5.470000000000001,0.21300000000000002,11.100000000000001,0.5503
deaaron fox,2021,5,1,23.0,0,0.25,0.5264,12.66,6.67,0.3228,4.41,0.25429999999999997,1.4500000000000002,33.58,7.1,1.3,0.52,1.7400000000000002,-0.76,10.280000000000001,3.05,1.3199999999999998,0.47409999999999997,17.07,8.1,0.7163999999999999,6.63,4.75,0.3896,59.9,60.5,33.43,2.5,1.96,0.61,3.12,20.15,2.79,22.39,2.1900000000000004,1.52,13.18,2.9899999999999998,6.03,3.65,0.5587,29.34,1.94,0.1056,4.42,0.5148,0.5264,12.66,6.67,0.3228,4.41,0.25429999999999997,1.4500000000000002,33.58,7.1,1.3,0.52,1.7400000000000002,-0.76,10.280000000000001,3.05,1.3199999999999998,0.47409999999999997,17.07,8.1,0.7163999999999999,6.63,4.75,0.3896,59.9,60.5,33.43,2.5,1.96,0.61,3.12,20.15,2.79,22.39,2.1900000000000004,1.52,13.18,2.9899999999999998,6.03,3.65,0.5587,29.34,1.94,0.1056,4.42,0.5148
donovan mitchell,2021,5,1,24.0,0,0.25,0.4798,12.350000000000001,5.93,0.3752,7.76,0.3849,2.9299999999999997,24.07,4.73,0.6799999999999999,0.29000000000000004,2.98,-0.26,10.79,3.49,2.5,0.4401,20.1,8.83,0.8426,5.43,4.52,0.2688,62.6,62.6,33.730000000000004,3.26,2.83,0.8500000000000001,3.17,19.73,2.39,25.16,1.52,1.08,10.91,2.77,6.95,4.34,0.5593,32.31,2.53,0.13490000000000002,5.720000000000001,0.5125,0.4798,12.350000000000001,5.93,0.3752,7.76,0.3849,2.9299999999999997,24.07,4.73,0.6799999999999999,0.29000000000000004,2.98,-0.26,10.79,3.49,2.5,0.4401,20.1,8.83,0.8426,5.43,4.52,0.2688,62.6,62.6,33.730000000000004,3.26,2.83,0.8500000000000001,3.17,19.73,2.39,25.16,1.52,1.08,10.91,2.77,6.95,4.34,0.5593,32.31,2.53,0.13490000000000002,5.720000000000001,0.5125
jayson tatum,2021,5,1,22.0,0,0.25,0.4916,11.79,5.78,0.3885,6.71,0.3589,2.62,16.5,3.4699999999999998,1.7599999999999998,0.66,3.11,0.07,19.439999999999998,6.14,3.04,0.4545,18.5,8.45,0.8486,4.64,3.9399999999999995,0.2495,67.6,67.6,34.41,3.0700000000000003,2.73,0.88,3.33,19.79,2.0,23.36,1.7200000000000002,1.24,10.2,2.34,11.1,7.0,0.5674999999999999,28.4,2.94,0.1317,6.32,0.5243,0.4916,11.79,5.78,0.3885,6.71,0.3589,2.62,16.5,3.4699999999999998,1.7599999999999998,0.66,3.11,0.07,19.439999999999998,6.14,3.04,0.4545,18.5,8.45,0.8486,4.64,3.9399999999999995,0.2495,67.6,67.6,34.41,3.0700000000000003,2.73,0.88,3.33,19.79,2.0,23.36,1.7200000000000002,1.24,10.2,2.34,11.1,7.0,0.5674999999999999,28.4,2.94,0.1317,6.32,0.5243
bam adebayo,2021,5,1,23.0,0,0.25,0.5732999999999999,10.580000000000002,6.06,0.2079,0.15000000000000002,0.0166,0.0,23.549999999999997,4.67,3.34,1.05,3.83,2.04,23.57,6.75,3.45,0.5672999999999999,10.73,6.06,0.7538,4.9,3.7100000000000004,0.4597,59.2,70.0,31.490000000000002,1.79,8.24,2.22,4.859999999999999,21.02,2.4,15.899999999999999,1.7200000000000002,1.1099999999999999,16.200000000000003,2.4400000000000004,16.07,9.02,0.617,21.369999999999997,3.2,0.1831,8.31,0.5687,0.5732999999999999,10.580000000000002,6.06,0.2079,0.15000000000000002,0.0166,0.0,23.549999999999997,4.67,3.34,1.05,3.83,2.04,23.57,6.75,3.45,0.5672999999999999,10.73,6.06,0.7538,4.9,3.7100000000000004,0.4597,59.2,70.0,31.490000000000002,1.79,8.24,2.22,4.859999999999999,21.02,2.4,15.899999999999999,1.7200000000000002,1.1099999999999999,16.200000000000003,2.4400000000000004,16.07,9.02,0.617,21.369999999999997,3.2,0.1831,8.31,0.5687
jrue holiday,2021,4,1,30.0,0,0.2773,0.541,10.22,5.48,0.3669,5.1899999999999995,0.3378,1.91,28.240000000000002,6.6,1.7799999999999998,0.7,2.84,0.33999999999999997,10.670000000000002,3.48,2.05,0.4824,15.36,7.39,0.7598,2.8499999999999996,2.15,0.18359999999999999,59.7,61.2,33.739999999999995,2.5,3.9,1.21,3.45,18.98,2.0100000000000002,18.82,2.2800000000000002,1.6,13.469999999999999,2.62,7.33,4.6899999999999995,0.5681,23.53,2.5200000000000005,0.1305,5.55,0.5444,0.541,10.22,5.48,0.3669,5.1899999999999995,0.3378,1.91,28.240000000000002,6.6,1.7799999999999998,0.7,2.84,0.33999999999999997,10.670000000000002,3.48,2.05,0.4824,15.36,7.39,0.7598,2.8499999999999996,2.15,0.18359999999999999,59.7,61.2,33.739999999999995,2.5,3.9,1.21,3.45,18.98,2.0100000000000002,18.82,2.2800000000000002,1.6,13.469999999999999,2.62,7.33,4.6899999999999995,0.5681,23.53,2.5200000000000005,0.1305,5.55,0.5444
cj mccollum,2021,3,1,29.0,0,0.2746,0.5039,10.86,5.46,0.38970000000000005,7.92,0.4225,3.12,19.990000000000002,4.2700000000000005,1.2,0.46,2.3,-1.29,10.3,3.35,0.8200000000000001,0.45610000000000006,18.78,8.55,0.7987,2.7199999999999998,2.21,0.1466,58.5,58.5,34.730000000000004,3.61,2.15,0.69,3.9,18.9,2.23,22.41,1.17,0.8500000000000001,7.16,1.54,6.1899999999999995,4.01,0.5614,26.42,2.04,0.11639999999999999,4.699999999999999,0.539,0.5039,10.86,5.46,0.38970000000000005,7.92,0.4225,3.12,19.990000000000002,4.2700000000000005,1.2,0.46,2.3,-1.29,10.3,3.35,0.8200000000000001,0.45610000000000006,18.78,8.55,0.7987,2.7199999999999998,2.21,0.1466,58.5,58.5,34.730000000000004,3.61,2.15,0.69,3.9,18.9,2.23,22.41,1.17,0.8500000000000001,7.16,1.54,6.1899999999999995,4.01,0.5614,26.42,2.04,0.11639999999999999,4.699999999999999,0.539
lebron james,2021,2,1,36.0,0,0.3663,0.5811,12.73,7.390000000000001,0.3547,6.220000000000001,0.3306,2.21,43.51,8.62,1.45,0.5700000000000001,8.17,2.0300000000000002,22.51,7.05,2.9000000000000004,0.5064,18.95,9.600000000000001,0.6899,6.08,4.1899999999999995,0.319,53.599999999999994,53.599999999999994,34.120000000000005,6.21,2.68,0.8,4.3,24.869999999999997,1.6800000000000002,25.57,1.62,1.17,14.79,3.74,12.65,7.890000000000001,0.5916999999999999,31.72,4.71,0.1865,7.18,0.565,0.5811,12.73,7.390000000000001,0.3547,6.220000000000001,0.3306,2.21,43.51,8.62,1.45,0.5700000000000001,8.17,2.0300000000000002,22.51,7.05,2.9000000000000004,0.5064,18.95,9.600000000000001,0.6899,6.08,4.1899999999999995,0.319,53.599999999999994,53.599999999999994,34.120000000000005,6.21,2.68,0.8,4.3,24.869999999999997,1.6800000000000002,25.57,1.62,1.17,14.79,3.74,12.65,7.890000000000001,0.5916999999999999,31.72,4.71,0.1865,7.18,0.565
og anunoby,2021,4,1,23.0,0,0.143,0.5707,5.07,2.91,0.3824,4.64,0.47240000000000004,1.79,8.24,1.7200000000000002,1.9900000000000002,0.62,0.48,0.8200000000000001,13.719999999999999,3.8,2.25,0.4821,9.709999999999999,4.67,0.72,1.83,1.35,0.1831,43.099999999999994,55.6,29.659999999999997,-0.31999999999999995,4.22,1.19,1.44,13.620000000000001,2.49,12.530000000000001,2.08,1.31,11.559999999999999,1.34,8.92,4.92,0.5912999999999999,17.04,1.0899999999999999,0.10619999999999999,3.66,0.5724,0.5707,5.07,2.91,0.3824,4.64,0.47240000000000004,1.79,8.24,1.7200000000000002,1.9900000000000002,0.62,0.48,0.8200000000000001,13.719999999999999,3.8,2.25,0.4821,9.709999999999999,4.67,0.72,1.83,1.35,0.1831,43.099999999999994,55.6,29.659999999999997,-0.31999999999999995,4.22,1.19,1.44,13.620000000000001,2.49,12.530000000000001,2.08,1.31,11.559999999999999,1.34,8.92,4.92,0.5912999999999999,17.04,1.0899999999999999,0.10619999999999999,3.66,0.5724
derrick white,2021,4,1,26.0,0,0.135,0.5042,5.57,2.8200000000000003,0.3504,4.779999999999999,0.43770000000000003,1.65,18.9,3.58,2.84,0.91,1.2200000000000002,0.29000000000000004,11.09,2.7800000000000002,1.16,0.4387,10.35,4.49,0.8358,2.89,2.41,0.28600000000000003,33.0,51.8,27.37,0.9299999999999999,1.7799999999999998,0.45,1.77,15.379999999999999,2.35,13.07,1.37,0.73,10.53,1.3199999999999998,6.42,3.23,0.5639000000000001,20.409999999999997,1.13,0.0984,2.9299999999999997,0.5151,0.5042,5.57,2.8200000000000003,0.3504,4.779999999999999,0.43770000000000003,1.65,18.9,3.58,2.84,0.91,1.2200000000000002,0.29000000000000004,11.09,2.7800000000000002,1.16,0.4387,10.35,4.49,0.8358,2.89,2.41,0.28600000000000003,33.0,51.8,27.37,0.9299999999999999,1.7799999999999998,0.45,1.77,15.379999999999999,2.35,13.07,1.37,0.73,10.53,1.3199999999999998,6.42,3.23,0.5639000000000001,20.409999999999997,1.13,0.0984,2.9299999999999997,0.5151
luke kennard,2021,4,1,24.0,0,0.1186999999999999,0.5,4.01,1.97,0.4215,4.61,0.5344,1.9200000000000002,14.170000000000002,2.44,0.62,0.15000000000000002,-0.41000000000000003,-0.79,12.53,2.65,0.9,0.4582,8.620000000000001,3.8900000000000006,0.8546,1.26,1.08,0.1266,18.0,52.5,24.23,0.4,1.21,0.23,1.54,13.05,1.69,10.83,0.81,0.4,10.02,1.03,6.85,2.9299999999999997,0.5927,18.11,0.48,0.0995,2.42,0.5709,0.5,4.01,1.97,0.4215,4.61,0.5344,1.9200000000000002,14.170000000000002,2.44,0.62,0.15000000000000002,-0.41000000000000003,-0.79,12.53,2.65,0.9,0.4582,8.620000000000001,3.8900000000000006,0.8546,1.26,1.08,0.1266,18.0,52.5,24.23,0.4,1.21,0.23,1.54,13.05,1.69,10.83,0.81,0.4,10.02,1.03,6.85,2.9299999999999997,0.5927,18.11,0.48,0.0995,2.42,0.5709
kyle kuzma,2021,3,1,25.0,0,0.1156,0.5285,6.6,3.5300000000000002,0.3359,5.35,0.4507,1.78,9.48,1.8399999999999999,1.58,0.5,-1.26,-0.5900000000000001,16.38,4.25,2.4,0.4435,11.95,5.3100000000000005,0.7163999999999999,2.17,1.6099999999999999,0.1796,32.3,66.3,28.47,-0.72,4.83,1.25,0.47000000000000003,12.809999999999999,2.01,14.030000000000001,0.8800000000000001,0.52,11.5,1.68,10.64,5.5,0.5415000000000001,21.78,0.42000000000000004,0.07189999999999999,2.87,0.5195000000000001,0.5285,6.6,3.5300000000000002,0.3359,5.35,0.4507,1.78,9.48,1.8399999999999999,1.58,0.5,-1.26,-0.5900000000000001,16.38,4.25,2.4,0.4435,11.95,5.3100000000000005,0.7163999999999999,2.17,1.6099999999999999,0.1796,32.3,66.3,28.47,-0.72,4.83,1.25,0.47000000000000003,12.809999999999999,2.01,14.030000000000001,0.8800000000000001,0.52,11.5,1.68,10.64,5.5,0.5415000000000001,21.78,0.42000000000000004,0.07189999999999999,2.87,0.5195000000000001
monte morris,2021,3,1,25.0,1,0.0787,0.5217,5.48,2.88,0.3867,2.7299999999999995,0.3288,1.04,19.52,3.37,0.89,0.21,0.09000000000000005,-0.33999999999999997,8.07,1.73,1.09,0.4768,8.16,3.92,0.8108,1.36,1.06,0.1646,11.3,61.8,24.22,0.39,1.3599999999999999,0.27,2.6900000000000004,14.71,1.04,9.879999999999999,1.57,0.77,7.5,0.6799999999999999,4.77,2.05,0.5659000000000001,16.92,0.8,0.12129999999999999,3.83,0.5406,0.48819999999999997,6.31,3.0199999999999996,0.29000000000000004,2.81,0.293,0.98,24.880000000000003,4.08,0.5599999999999999,0.15000000000000002,0.6399999999999999,-0.1,7.359999999999999,1.46,0.05,0.4411,9.120000000000001,4.03,0.7475999999999999,2.17,1.62,0.23199999999999998,1.7,13.5,23.92,0.74,1.94,0.44999999999999996,0.55,15.5,1.15,10.66,1.54,0.76,5.71,0.58,4.54,1.93,0.5221,19.560000000000002,0.21999999999999997,0.0858,0.6,0.4891
joe ingles,2021,1,1,33.0,0,0.1159999999999999,0.5590999999999999,2.77,1.5699999999999998,0.4234,5.7,0.6728,2.41,24.54,5.050000000000001,0.49,0.2,2.24,0.8800000000000001,12.09,3.37,2.5,0.4676,8.47,3.95,0.7995,1.34,1.07,0.16160000000000002,44.900000000000006,71.5,29.12,1.3900000000000001,1.52,0.4,3.66,14.41,1.9700000000000002,11.41,1.4100000000000001,0.86,17.619999999999997,1.9300000000000002,7.010000000000001,3.77,0.6307,16.33,2.19,0.145,6.140000000000001,0.6106,0.5590999999999999,2.77,1.5699999999999998,0.4234,5.7,0.6728,2.41,24.54,5.050000000000001,0.49,0.2,2.24,0.8800000000000001,12.09,3.37,2.5,0.4676,8.47,3.95,0.7995,1.34,1.07,0.16160000000000002,44.900000000000006,71.5,29.12,1.3900000000000001,1.52,0.4,3.66,14.41,1.9700000000000002,11.41,1.4100000000000001,0.86,17.619999999999997,1.9300000000000002,7.010000000000001,3.77,0.6307,16.33,2.19,0.145,6.140000000000001,0.6106
trae young,2022,5,1,23.0,0,0.3,0.5035000000000001,11.82,5.970000000000001,0.3661,7.79,0.3956,2.89,46.120000000000005,9.53,0.31,0.13,4.49,-1.97,10.25,3.2800000000000002,1.01,0.4488,19.619999999999997,8.83,0.8897999999999999,8.120000000000001,7.21,0.4159,68.9,68.9,34.620000000000005,6.38,1.9700000000000002,0.63,7.33,24.38,1.73,27.71,1.29,0.91,15.35,4.1899999999999995,6.140000000000001,3.88,0.5972,34.08,3.92,0.16599999999999998,8.34,0.5215000000000001,0.5035000000000001,11.82,5.970000000000001,0.3661,7.79,0.3956,2.89,46.120000000000005,9.53,0.31,0.13,4.49,-1.97,10.25,3.2800000000000002,1.01,0.4488,19.619999999999997,8.83,0.8897999999999999,8.120000000000001,7.21,0.4159,68.9,68.9,34.620000000000005,6.38,1.9700000000000002,0.63,7.33,24.38,1.73,27.71,1.29,0.91,15.35,4.1899999999999995,6.140000000000001,3.88,0.5972,34.08,3.92,0.16599999999999998,8.34,0.5215000000000001
shai gilgeousalexander,2022,5,1,23.0,0,0.25,0.5235000000000001,12.32,6.43,0.3448,4.84,0.28069999999999995,1.6400000000000001,27.95,5.380000000000001,1.9500000000000002,0.75,3.2699999999999996,0.39,13.65,4.449999999999999,1.7400000000000002,0.4731,17.130000000000003,8.07,0.8088000000000001,6.57,5.359999999999999,0.3844,52.5,52.5,34.400000000000006,2.88,1.9,0.6399999999999999,2.83,20.47,2.19,23.16,1.5500000000000003,1.11,11.719999999999999,2.6799999999999997,7.7700000000000005,5.09,0.579,28.48,2.33,0.12359999999999999,4.57,0.5221,0.5235000000000001,12.32,6.43,0.3448,4.84,0.28069999999999995,1.6400000000000001,27.95,5.380000000000001,1.9500000000000002,0.75,3.2699999999999996,0.39,13.65,4.449999999999999,1.7400000000000002,0.4731,17.130000000000003,8.07,0.8088000000000001,6.57,5.359999999999999,0.3844,52.5,52.5,34.400000000000006,2.88,1.9,0.6399999999999999,2.83,20.47,2.19,23.16,1.5500000000000003,1.11,11.719999999999999,2.6799999999999997,7.7700000000000005,5.09,0.579,28.48,2.33,0.12359999999999999,4.57,0.5221
julius randle,2022,4,1,27.0,0,0.2114,0.4742,12.3,5.800000000000001,0.3327,5.07,0.29069999999999996,1.7399999999999998,23.87,4.97,1.13,0.4,1.3299999999999998,0.17,25.439999999999998,8.28,3.3499999999999996,0.4343,17.37,7.54,0.7679,5.699999999999999,4.37,0.3285,70.1,70.1,35.43,1.21,5.15,1.69,1.05,17.259999999999998,2.92,21.18,1.1,0.78,14.35,3.3200000000000003,15.16,9.95,0.5322,28.659999999999997,2.15,0.0839,4.43,0.4827,0.4742,12.3,5.800000000000001,0.3327,5.07,0.29069999999999996,1.7399999999999998,23.87,4.97,1.13,0.4,1.3299999999999998,0.17,25.439999999999998,8.28,3.3499999999999996,0.4343,17.37,7.54,0.7679,5.699999999999999,4.37,0.3285,70.1,70.1,35.43,1.21,5.15,1.69,1.05,17.259999999999998,2.92,21.18,1.1,0.78,14.35,3.3200000000000003,15.16,9.95,0.5322,28.659999999999997,2.15,0.0839,4.43,0.4827
jaren jackson,2022,4,1,22.0,0,0.2341,0.5122,7.18,3.66,0.32320000000000004,5.5,0.4353,1.75,6.380000000000001,1.1600000000000001,6.59,1.95,0.06000000000000001,0.63,16.7,4.1,2.3600000000000003,0.4285,12.71,5.43,0.8108,4.0,3.24,0.3167,51.6,53.7,26.4,-0.6,5.640000000000001,1.4,1.23,17.16,3.71,15.950000000000001,1.7000000000000002,0.9199999999999999,9.920000000000002,1.6099999999999999,11.11,5.5,0.5514,25.27,0.73,0.118,3.6100000000000003,0.49909999999999993,0.5122,7.18,3.66,0.32320000000000004,5.5,0.4353,1.75,6.380000000000001,1.1600000000000001,6.59,1.95,0.06000000000000001,0.63,16.7,4.1,2.3600000000000003,0.4285,12.71,5.43,0.8108,4.0,3.24,0.3167,51.6,53.7,26.4,-0.6,5.640000000000001,1.4,1.23,17.16,3.71,15.950000000000001,1.7000000000000002,0.9199999999999999,9.920000000000002,1.6099999999999999,11.11,5.5,0.5514,25.27,0.73,0.118,3.6100000000000003,0.49909999999999993
terry rozier,2022,4,1,27.0,0,0.1737999999999999,0.4988,8.05,4.029999999999999,0.3851,7.88,0.49520000000000003,3.0,19.93,4.33,0.91,0.31,1.25,-0.74,11.55,3.58,1.62,0.4416,15.899999999999999,7.03,0.8459,2.67,2.29,0.1693,69.8,69.8,34.06,2.02,2.3099999999999996,0.77,3.5199999999999996,16.89,1.71,19.369999999999997,1.7200000000000002,1.2400000000000002,8.87,1.6600000000000001,6.869999999999999,4.35,0.5661,23.659999999999997,1.97,0.10220000000000001,5.11,0.5367,0.4988,8.05,4.029999999999999,0.3851,7.88,0.49520000000000003,3.0,19.93,4.33,0.91,0.31,1.25,-0.74,11.55,3.58,1.62,0.4416,15.899999999999999,7.03,0.8459,2.67,2.29,0.1693,69.8,69.8,34.06,2.02,2.3099999999999996,0.77,3.5199999999999996,16.89,1.71,19.369999999999997,1.7200000000000002,1.2400000000000002,8.87,1.6600000000000001,6.869999999999999,4.35,0.5661,23.659999999999997,1.97,0.10220000000000001,5.11,0.5367
mikal bridges,2022,4,1,25.0,0,0.1698,0.6301,5.62,3.54,0.3842,3.76,0.40349999999999997,1.47,8.71,2.1399999999999997,1.6700000000000002,0.5900000000000001,1.95,1.12,10.81,3.23,3.09,0.5319,9.36,4.98,0.8378,1.83,1.53,0.2007,69.0,77.2,32.78,0.85,3.26,0.96,4.720000000000001,14.7,1.82,12.969999999999999,1.76,1.21,7.99,0.8400000000000001,7.08,4.1899999999999995,0.6376,14.51,2.5300000000000002,0.14679999999999999,7.8100000000000005,0.61,0.6301,5.62,3.54,0.3842,3.76,0.40349999999999997,1.47,8.71,2.1399999999999997,1.6700000000000002,0.5900000000000001,1.95,1.12,10.81,3.23,3.09,0.5319,9.36,4.98,0.8378,1.83,1.53,0.2007,69.0,77.2,32.78,0.85,3.26,0.96,4.720000000000001,14.7,1.82,12.969999999999999,1.76,1.21,7.99,0.8400000000000001,7.08,4.1899999999999995,0.6376,14.51,2.5300000000000002,0.14679999999999999,7.8100000000000005,0.61
aaron gordon,2022,4,1,26.0,0,0.1673,0.5612,7.5,4.16,0.3296,3.56,0.3237,1.2,14.620000000000001,2.95,1.88,0.6299999999999999,-0.27,-0.56,16.130000000000003,4.51,1.8199999999999998,0.4863,11.030000000000001,5.359999999999999,0.7016,3.17,2.1999999999999997,0.2861,64.9,64.9,30.659999999999997,0.29,5.949999999999999,1.6400000000000001,2.09,15.02,1.94,14.1,1.05,0.6699999999999999,12.739999999999998,1.79,11.02,6.2,0.5683,20.2,0.8600000000000001,0.0897,3.91,0.5398999999999999,0.5612,7.5,4.16,0.3296,3.56,0.3237,1.2,14.620000000000001,2.95,1.88,0.6299999999999999,-0.27,-0.56,16.130000000000003,4.51,1.8199999999999998,0.4863,11.030000000000001,5.359999999999999,0.7016,3.17,2.1999999999999997,0.2861,64.9,64.9,30.659999999999997,0.29,5.949999999999999,1.6400000000000001,2.09,15.02,1.94,14.1,1.05,0.6699999999999999,12.739999999999998,1.79,11.02,6.2,0.5683,20.2,0.8600000000000001,0.0897,3.91,0.5398999999999999
marcus smart,2022,4,1,27.0,0,0.1412,0.48059999999999997,4.9,2.34,0.3339,5.64,0.5322,1.88,24.1,5.640000000000001,1.0499999999999998,0.4,0.43999999999999995,1.19,10.06,3.0300000000000002,2.86,0.4034,10.51,4.220000000000001,0.8007,2.77,2.23,0.2645,57.0,61.9,32.42,-0.72,2.23,0.6799999999999999,1.83,13.7,2.4699999999999998,12.559999999999999,2.46,1.6400000000000001,14.98,2.04,6.23,3.71,0.5353000000000001,18.45,1.28,0.1104,4.6899999999999995,0.4924,0.48059999999999997,4.9,2.34,0.3339,5.64,0.5322,1.88,24.1,5.640000000000001,1.0499999999999998,0.4,0.43999999999999995,1.19,10.06,3.0300000000000002,2.86,0.4034,10.51,4.220000000000001,0.8007,2.77,2.23,0.2645,57.0,61.9,32.42,-0.72,2.23,0.6799999999999999,1.83,13.7,2.4699999999999998,12.559999999999999,2.46,1.6400000000000001,14.98,2.04,6.23,3.71,0.5353000000000001,18.45,1.28,0.1104,4.6899999999999995,0.4924
kevin huerter,2022,4,1,23.0,0,0.1173,0.5086,4.83,2.47,0.3794,5.68,0.5385,2.16,14.99,3.16,1.02,0.39,-1.01,-0.41000000000000003,10.81,3.02,1.13,0.43920000000000003,10.51,4.63,0.8039000000000001,0.8400000000000001,0.69,0.0814,54.3,68.9,30.32,-0.57,1.82,0.5,1.67,11.91,2.4699999999999998,12.059999999999999,1.4499999999999997,0.89,10.420000000000002,1.25,6.4,3.51,0.5545,17.33,0.54,0.0636,2.8,0.5413000000000001,0.5086,4.83,2.47,0.3794,5.68,0.5385,2.16,14.99,3.16,1.02,0.39,-1.01,-0.41000000000000003,10.81,3.02,1.13,0.43920000000000003,10.51,4.63,0.8039000000000001,0.8400000000000001,0.69,0.0814,54.3,68.9,30.32,-0.57,1.82,0.5,1.67,11.91,2.4699999999999998,12.059999999999999,1.4499999999999997,0.89,10.420000000000002,1.25,6.4,3.51,0.5545,17.33,0.54,0.0636,2.8,0.5413000000000001
dorian finneysmith,2022,4,1,28.0,0,0.1046,0.6021,3.0300000000000002,1.82,0.3909,5.0600000000000005,0.6249,2.02,7.7,1.78,1.33,0.47,0.39,0.29,11.79,3.48,2.38,0.47029999999999994,8.17,3.84,0.7087,1.01,0.72,0.1278,71.6,72.2,32.13,0.13,5.72,1.63,3.2,12.31,2.34,10.34,1.44,0.9400000000000001,9.809999999999999,0.94,8.74,5.11,0.6036999999999999,13.14,1.43,0.1155,5.6,0.5925,0.6021,3.0300000000000002,1.82,0.3909,5.0600000000000005,0.6249,2.02,7.7,1.78,1.33,0.47,0.39,0.29,11.79,3.48,2.38,0.47029999999999994,8.17,3.84,0.7087,1.01,0.72,0.1278,71.6,72.2,32.13,0.13,5.72,1.63,3.2,12.31,2.34,10.34,1.44,0.9400000000000001,9.809999999999999,0.94,8.74,5.11,0.6036999999999999,13.14,1.43,0.1155,5.6,0.5925
wendell carter,2022,4,1,22.0,0,0.1144,0.5792999999999999,7.51,4.37,0.2931,2.16,0.2071,0.66,12.260000000000002,2.21,2.4000000000000004,0.75,-0.06999999999999995,0.18,26.85,7.08,2.0300000000000002,0.5202,9.65,5.05,0.7124999999999999,3.34,2.3899999999999997,0.3577,52.3,55.8,28.439999999999998,-0.25,9.329999999999998,2.46,2.1500000000000004,17.31,2.92,13.120000000000001,1.07,0.64,13.34,1.71,18.03,9.59,0.5882999999999999,19.52,0.89,0.1253,4.18,0.5524,0.5792999999999999,7.51,4.37,0.2931,2.16,0.2071,0.66,12.260000000000002,2.21,2.4000000000000004,0.75,-0.06999999999999995,0.18,26.85,7.08,2.0300000000000002,0.5202,9.65,5.05,0.7124999999999999,3.34,2.3899999999999997,0.3577,52.3,55.8,28.439999999999998,-0.25,9.329999999999998,2.46,2.1500000000000004,17.31,2.92,13.120000000000001,1.07,0.64,13.34,1.71,18.03,9.59,0.5882999999999999,19.52,0.89,0.1253,4.18,0.5524
robert williams,2022,4,1,24.0,0,0.0866,0.7324999999999999,5.07,3.72,0.0,0.0,0.0039,0.0,11.129999999999999,1.7200000000000002,7.66,1.8800000000000001,5.57,3.34,22.73,4.74,2.7199999999999998,0.7297,5.1,3.72,0.6752,1.41,0.9800000000000001,0.28459999999999996,34.6,51.9,23.15,2.23,14.009999999999998,3.01,4.24,23.38,2.06,8.44,1.92,0.8500000000000001,14.64,0.94,18.4,7.75,0.7338,12.97,2.44,0.259,6.9399999999999995,0.7297,0.7324999999999999,5.07,3.72,0.0,0.0,0.0039,0.0,11.129999999999999,1.7200000000000002,7.66,1.8800000000000001,5.57,3.34,22.73,4.74,2.7199999999999998,0.7297,5.1,3.72,0.6752,1.41,0.9800000000000001,0.28459999999999996,34.6,51.9,23.15,2.23,14.009999999999998,3.01,4.24,23.38,2.06,8.44,1.92,0.8500000000000001,14.64,0.94,18.4,7.75,0.7338,12.97,2.44,0.259,6.9399999999999995,0.7297
landry shamet,2022,4,1,24.0,1,0.0768,0.4629,2.06,0.9500000000000001,0.3751,5.17,0.7149,1.9500000000000002,9.46,1.6600000000000001,0.6,0.15000000000000002,-1.7400000000000002,-0.71,7.6,1.6700000000000002,1.15,0.4002,7.23,2.9,0.8448,1.27,1.07,0.17360000000000003,16.6,63.400000000000006,22.78,-1.08,0.95,0.18,1.21,9.89,1.6400000000000001,8.8,0.9199999999999999,0.43000000000000005,8.12,0.7,4.390000000000001,1.82,0.5644,16.09,0.09,0.0786,2.3600000000000003,0.5344,0.4932000000000001,1.55,0.75,0.3599,2.4000000000000004,0.6036,0.88,8.38,1.09,0.36,0.07,-2.0999999999999996,0.14,9.899999999999999,1.49,0.1,0.4111,3.92,1.61,0.7398,0.52,0.37,0.1334,0.8,12.2,16.9,-2.24,1.46,0.24,-0.020000000000000004,7.6,1.1600000000000001,4.449999999999999,1.4,0.47,13.17,0.6499999999999999,5.779999999999999,1.73,0.5378000000000001,12.89,-0.03,0.029900000000000003,0.11,0.5201
ivica zubac,2022,3,1,24.0,0,0.0819,0.633,5.93,3.79,0.075,0.03,0.004,0.0,9.09,1.4100000000000001,3.6500000000000004,0.9500000000000001,1.21,0.7000000000000001,23.85,5.14,2.54,0.6312,5.96,3.79,0.7496,2.6799999999999997,2.01,0.44589999999999996,61.9,74.0,22.57,0.51,13.66,2.77,4.470000000000001,19.67,2.59,9.51,0.83,0.38,14.82,1.24,18.89,7.91,0.6680999999999999,16.21,1.33,0.2035,6.99,0.6318,0.633,5.93,3.79,0.075,0.03,0.004,0.0,9.09,1.4100000000000001,3.6500000000000004,0.9500000000000001,1.21,0.7000000000000001,23.85,5.14,2.54,0.6312,5.96,3.79,0.7496,2.6799999999999997,2.01,0.44589999999999996,61.9,74.0,22.57,0.51,13.66,2.77,4.470000000000001,19.67,2.59,9.51,0.83,0.38,14.82,1.24,18.89,7.91,0.6680999999999999,16.21,1.33,0.2035,6.99,0.6318
gary harris,2022,2,1,27.0,0,0.1051,0.47509999999999997,4.71,2.21,0.36060000000000003,4.34,0.4767,1.5699999999999998,9.620000000000001,1.92,0.69,0.2,-2.96,-0.53,6.140000000000001,1.63,0.96,0.42100000000000004,9.05,3.7800000000000002,0.8463,1.7200000000000002,1.44,0.18919999999999998,37.4,53.4,28.869999999999997,-2.4,2.0500000000000003,0.55,0.7100000000000001,10.120000000000001,1.86,10.600000000000001,1.61,0.99,9.26,0.99,4.07,2.1799999999999997,0.5426,16.229999999999997,-0.32,0.0503,1.69,0.5079,0.47509999999999997,4.71,2.21,0.36060000000000003,4.34,0.4767,1.5699999999999998,9.620000000000001,1.92,0.69,0.2,-2.96,-0.53,6.140000000000001,1.63,0.96,0.42100000000000004,9.05,3.7800000000000002,0.8463,1.7200000000000002,1.44,0.18919999999999998,37.4,53.4,28.869999999999997,-2.4,2.0500000000000003,0.55,0.7100000000000001,10.120000000000001,1.86,10.600000000000001,1.61,0.99,9.26,0.99,4.07,2.1799999999999997,0.5426,16.229999999999997,-0.32,0.0503,1.69,0.5079
robert covington,2022,2,1,31.0,0,0.0994999999999999,0.5084,2.46,1.27,0.36970000000000003,5.3100000000000005,0.683,1.9299999999999997,6.62,1.42,3.9600000000000004,1.27,0.16,1.56,19.43,5.23,2.52,0.41469999999999996,7.75,3.2,0.8219000000000001,1.1300000000000001,0.89,0.1405,55.6,70.5,29.35,-1.4300000000000002,3.09,0.8500000000000001,0.96,12.219999999999999,2.81,9.280000000000001,2.46,1.49,11.75,1.12,11.11,6.08,0.5637000000000001,13.6,1.1300000000000001,0.0806,3.45,0.5405,0.5084,2.46,1.27,0.36970000000000003,5.3100000000000005,0.683,1.9299999999999997,6.62,1.42,3.9600000000000004,1.27,0.16,1.56,19.43,5.23,2.52,0.41469999999999996,7.75,3.2,0.8219000000000001,1.1300000000000001,0.89,0.1405,55.6,70.5,29.35,-1.4300000000000002,3.09,0.8500000000000001,0.96,12.219999999999999,2.81,9.280000000000001,2.46,1.49,11.75,1.12,11.11,6.08,0.5637000000000001,13.6,1.1300000000000001,0.0806,3.45,0.5405
grayson allen,2022,2,1,26.0,0,0.0722,0.5167999999999999,2.77,1.46,0.40259999999999996,5.34,0.653,2.13,9.25,1.69,0.72,0.22999999999999998,-0.12,-0.31,11.27,2.69,1.14,0.4426,8.11,3.62,0.8663,1.33,1.18,0.1668,41.9,55.6,24.990000000000002,0.21999999999999997,1.67,0.41000000000000003,2.01,12.59,1.45,10.469999999999999,1.25,0.6799999999999999,8.41,0.83,6.5,3.0999999999999996,0.6021,16.16,0.75,0.10170000000000001,3.1500000000000004,0.5741,0.5167999999999999,2.77,1.46,0.40259999999999996,5.34,0.653,2.13,9.25,1.69,0.72,0.22999999999999998,-0.12,-0.31,11.27,2.69,1.14,0.4426,8.11,3.62,0.8663,1.33,1.18,0.1668,41.9,55.6,24.990000000000002,0.21999999999999997,1.67,0.41000000000000003,2.01,12.59,1.45,10.469999999999999,1.25,0.6799999999999999,8.41,0.83,6.5,3.0999999999999996,0.6021,16.16,0.75,0.10170000000000001,3.1500000000000004,0.5741
thaddeus young,2022,2,1,33.0,0,0.0647,0.5512,6.0600000000000005,3.3899999999999997,0.3283,1.36,0.1822,0.44999999999999996,19.240000000000002,2.65,1.91,0.41000000000000003,1.85,1.51,16.689999999999998,3.09,1.73,0.5163,7.390000000000001,3.81,0.5395,1.18,0.6399999999999999,0.1653,10.6,59.2,20.42,0.33999999999999997,9.56,1.8,1.25,17.25,1.8800000000000001,8.79,2.77,1.1099999999999999,15.11,1.42,12.989999999999998,4.84,0.5516,19.33,1.17,0.1187,3.01,0.548,0.5512,6.0600000000000005,3.3899999999999997,0.3283,1.36,0.1822,0.44999999999999996,19.240000000000002,2.65,1.91,0.41000000000000003,1.85,1.51,16.689999999999998,3.09,1.73,0.5163,7.390000000000001,3.81,0.5395,1.18,0.6399999999999999,0.1653,10.6,59.2,20.42,0.33999999999999997,9.56,1.8,1.25,17.25,1.8800000000000001,8.79,2.77,1.1099999999999999,15.11,1.42,12.989999999999998,4.84,0.5516,19.33,1.17,0.1187,3.01,0.548
taurean prince,2022,2,1,27.0,0,0.0574,0.4886,3.3699999999999997,1.58,0.3758,4.13,0.5523,1.5099999999999998,9.73,1.43,1.8599999999999999,0.41000000000000003,-1.57,-0.2,15.110000000000001,2.99,1.2999999999999998,0.4225,7.550000000000001,3.12,0.7941,1.4499999999999997,1.15,0.1986,19.200000000000003,59.6,20.98,-1.42,2.4,0.51,0.21999999999999997,11.65,1.8900000000000001,8.92,1.7,0.74,11.8,1.13,8.71,3.5,0.5559000000000001,18.46,0.06999999999999998,0.0634,1.52,0.5255,0.4886,3.3699999999999997,1.58,0.3758,4.13,0.5523,1.5099999999999998,9.73,1.43,1.8599999999999999,0.41000000000000003,-1.57,-0.2,15.110000000000001,2.99,1.2999999999999998,0.4225,7.550000000000001,3.12,0.7941,1.4499999999999997,1.15,0.1986,19.200000000000003,59.6,20.98,-1.42,2.4,0.51,0.21999999999999997,11.65,1.8900000000000001,8.92,1.7,0.74,11.8,1.13,8.71,3.5,0.5559000000000001,18.46,0.06999999999999998,0.0634,1.52,0.5255
patrick beverley,2022,1,1,33.0,0,0.0040999999999999,0.4821,2.8,1.36,0.36819999999999997,4.04,0.5906,1.47,19.490000000000002,3.65,2.92,0.79,2.0,1.97,13.3,3.09,1.5499999999999998,0.4161,6.86,2.88,0.733,1.69,1.27,0.24159999999999998,47.2,50.3,24.71,0.02999999999999997,4.300000000000001,1.01,1.77,13.5,2.99,8.43,1.9900000000000002,1.06,13.25,1.1800000000000002,8.809999999999999,4.05,0.5555000000000001,15.09,1.31,0.1273,3.4,0.5251,0.4821,2.8,1.36,0.36819999999999997,4.04,0.5906,1.47,19.490000000000002,3.65,2.92,0.79,2.0,1.97,13.3,3.09,1.5499999999999998,0.4161,6.86,2.88,0.733,1.69,1.27,0.24159999999999998,47.2,50.3,24.71,0.02999999999999997,4.300000000000001,1.01,1.77,13.5,2.99,8.43,1.9900000000000002,1.06,13.25,1.1800000000000002,8.809999999999999,4.05,0.5555000000000001,15.09,1.31,0.1273,3.4,0.5251
josh richardson,2022,1,1,28.0,0,0.0986,0.47650000000000003,5.41,2.6,0.37470000000000003,4.15,0.43710000000000004,1.55,11.46,2.26,1.52,0.46,-0.8200000000000001,0.20999999999999996,9.08,2.3,1.76,0.43310000000000004,9.59,4.17,0.8814000000000001,1.9100000000000001,1.6800000000000002,0.1971,30.900000000000002,61.2,27.55,-1.03,2.9,0.71,1.2000000000000002,12.370000000000001,2.06,11.469999999999999,1.6600000000000001,0.9299999999999999,10.84,1.27,6.04,3.03,0.5542,18.44,0.5,0.08499999999999999,2.89,0.5156000000000001,0.47650000000000003,5.41,2.6,0.37470000000000003,4.15,0.43710000000000004,1.55,11.46,2.26,1.52,0.46,-0.8200000000000001,0.20999999999999996,9.08,2.3,1.76,0.43310000000000004,9.59,4.17,0.8814000000000001,1.9100000000000001,1.6800000000000002,0.1971,30.900000000000002,61.2,27.55,-1.03,2.9,0.71,1.2000000000000002,12.370000000000001,2.06,11.469999999999999,1.6600000000000001,0.9299999999999999,10.84,1.27,6.04,3.03,0.5542,18.44,0.5,0.08499999999999999,2.89,0.5156000000000001
bruno fernando,2022,4,1,23.0,0,0.022,0.5797,1.87,1.1099999999999999,0.277,0.21999999999999997,0.0687,0.020000000000000004,7.470000000000001,0.37,4.01,0.29000000000000004,-2.82,-0.20000000000000004,26.119999999999997,1.63,0.27,0.5538000000000001,2.0100000000000002,1.1099999999999999,0.6309,0.79,0.5,0.4192,2.6,36.1,7.13,-2.67,10.870000000000001,0.69,0.09000000000000002,14.84,0.99,2.76,0.66,0.09,20.41,0.5900000000000001,18.57,2.32,0.5864,18.58,-0.12000000000000001,0.0753,0.33000000000000007,0.5607,0.5797,1.87,1.1099999999999999,0.277,0.21999999999999997,0.0687,0.020000000000000004,7.470000000000001,0.37,4.01,0.29000000000000004,-2.82,-0.20000000000000004,26.119999999999997,1.63,0.27,0.5538000000000001,2.0100000000000002,1.1099999999999999,0.6309,0.79,0.5,0.4192,2.6,36.1,7.13,-2.67,10.870000000000001,0.69,0.09000000000000002,14.84,0.99,2.76,0.66,0.09,20.41,0.5900000000000001,18.57,2.32,0.5864,18.58,-0.12000000000000001,0.0753,0.33000000000000007,0.5607
joel embiid,2023,4,1,28.0,0,0.35,0.5604,16.240000000000002,9.1,0.3517,3.21,0.1661,1.1400000000000001,21.74,3.92,4.25,1.58,8.86,1.9899999999999998,29.3,8.760000000000002,3.82,0.5263,19.450000000000003,10.24,0.8445,11.53,9.719999999999999,0.5931,63.6,63.6,33.66,6.82,6.710000000000001,1.92,7.69,31.119999999999997,2.84,31.43,1.51,1.03,11.780000000000001,3.25,18.21,10.73,0.6395,36.72,5.91,0.2583,11.51,0.5557,0.5604,16.240000000000002,9.1,0.3517,3.21,0.1661,1.1400000000000001,21.74,3.92,4.25,1.58,8.86,1.9899999999999998,29.3,8.760000000000002,3.82,0.5263,19.450000000000003,10.24,0.8445,11.53,9.719999999999999,0.5931,63.6,63.6,33.66,6.82,6.710000000000001,1.92,7.69,31.119999999999997,2.84,31.43,1.51,1.03,11.780000000000001,3.25,18.21,10.73,0.6395,36.72,5.91,0.2583,11.51,0.5557
darius garland,2023,5,1,23.0,0,0.25,0.49539999999999995,10.36,5.13,0.39890000000000003,5.99,0.365,2.3600000000000003,35.2,7.699999999999999,0.3,0.1,1.56,-1.01,7.619999999999999,2.36,2.43,0.4598,16.37,7.54,0.8687,3.88,3.38,0.2365,64.9,65.7,35.08,2.62,1.4700000000000002,0.46,3.45,17.939999999999998,1.96,20.79,1.75,1.23,14.809999999999999,3.13,4.58,2.82,0.5757,26.77,2.17,0.1181,5.93,0.5327,0.49539999999999995,10.36,5.13,0.39890000000000003,5.99,0.365,2.3600000000000003,35.2,7.699999999999999,0.3,0.1,1.56,-1.01,7.619999999999999,2.36,2.43,0.4598,16.37,7.54,0.8687,3.88,3.38,0.2365,64.9,65.7,35.08,2.62,1.4700000000000002,0.46,3.45,17.939999999999998,1.96,20.79,1.75,1.23,14.809999999999999,3.13,4.58,2.82,0.5757,26.77,2.17,0.1181,5.93,0.5327
ja morant,2023,5,1,23.0,0,0.25,0.5195000000000001,14.64,7.619999999999999,0.3173,4.5600000000000005,0.2393,1.44,37.480000000000004,7.54,0.77,0.31,4.6,-0.10000000000000009,14.3,4.390000000000001,2.25,0.4707,19.17,9.07,0.7479,7.42,5.56,0.3882,59.2,60.2,32.4,4.720000000000001,3.51,1.1,3.4,22.310000000000002,1.53,25.14,1.57,1.09,13.14,3.3600000000000003,8.85,5.46,0.5584,33.0,3.23,0.1401,5.65,0.5084,0.5195000000000001,14.64,7.619999999999999,0.3173,4.5600000000000005,0.2393,1.44,37.480000000000004,7.54,0.77,0.31,4.6,-0.10000000000000009,14.3,4.390000000000001,2.25,0.4707,19.17,9.07,0.7479,7.42,5.56,0.3882,59.2,60.2,32.4,4.720000000000001,3.51,1.1,3.4,22.310000000000002,1.53,25.14,1.57,1.09,13.14,3.3600000000000003,8.85,5.46,0.5584,33.0,3.23,0.1401,5.65,0.5084
jimmy butler,2023,3,1,33.0,0,0.3322,0.5456,12.34,6.720000000000001,0.2939,1.8,0.1278,0.55,28.490000000000002,5.72,1.17,0.36,7.779999999999999,2.03,14.120000000000001,4.1,2.8600000000000003,0.5129,14.14,7.25,0.8586,8.35,7.15,0.5902000000000001,59.5,59.5,33.59,5.779999999999999,6.84,2.0,7.88,26.18,1.38,22.169999999999998,2.6900000000000004,1.8,9.37,1.85,10.48,6.1000000000000005,0.6225,26.07,4.96,0.2579,10.77,0.5316000000000001,0.5456,12.34,6.720000000000001,0.2939,1.8,0.1278,0.55,28.490000000000002,5.72,1.17,0.36,7.779999999999999,2.03,14.120000000000001,4.1,2.8600000000000003,0.5129,14.14,7.25,0.8586,8.35,7.15,0.5902000000000001,59.5,59.5,33.59,5.779999999999999,6.84,2.0,7.88,26.18,1.38,22.169999999999998,2.6900000000000004,1.8,9.37,1.85,10.48,6.1000000000000005,0.6225,26.07,4.96,0.2579,10.77,0.5316000000000001
jordan poole,2023,4,1,23.0,0,0.2018,0.536,6.57,3.52,0.34740000000000004,7.26,0.5298,2.52,20.63,3.83,0.8600000000000001,0.28,-0.75,-1.23,9.04,2.4,2.0,0.43579999999999997,13.83,6.01,0.8889,4.06,3.58,0.28800000000000003,38.2,74.0,27.88,0.48000000000000004,1.58,0.38,1.8499999999999999,15.149999999999999,2.45,18.15,1.23,0.74,13.219999999999999,2.5,5.359999999999999,2.7300000000000004,0.5821,27.4,0.6400000000000001,0.0881,3.78,0.5284,0.536,6.57,3.52,0.34740000000000004,7.26,0.5298,2.52,20.63,3.83,0.8600000000000001,0.28,-0.75,-1.23,9.04,2.4,2.0,0.43579999999999997,13.83,6.01,0.8889,4.06,3.58,0.28800000000000003,38.2,74.0,27.88,0.48000000000000004,1.58,0.38,1.8499999999999999,15.149999999999999,2.45,18.15,1.23,0.74,13.219999999999999,2.5,5.359999999999999,2.7300000000000004,0.5821,27.4,0.6400000000000001,0.0881,3.78,0.5284
tyler herro,2023,4,1,23.0,0,0.1985,0.49119999999999997,8.82,4.3100000000000005,0.3807,7.109999999999999,0.44430000000000003,2.71,19.82,3.98,0.69,0.19,0.24999999999999997,-0.8700000000000001,16.61,4.75,2.24,0.4414,15.98,7.07,0.888,2.7800000000000002,2.46,0.1739,39.5,64.1,33.29,1.17,1.52,0.45,0.9600000000000001,15.17,1.43,19.28,1.07,0.73,11.98,2.3600000000000003,8.99,5.2,0.5599000000000001,26.14,1.31,0.07100000000000001,3.23,0.5262,0.49119999999999997,8.82,4.3100000000000005,0.3807,7.109999999999999,0.44430000000000003,2.71,19.82,3.98,0.69,0.19,0.24999999999999997,-0.8700000000000001,16.61,4.75,2.24,0.4414,15.98,7.07,0.888,2.7800000000000002,2.46,0.1739,39.5,64.1,33.29,1.17,1.52,0.45,0.9600000000000001,15.17,1.43,19.28,1.07,0.73,11.98,2.3600000000000003,8.99,5.2,0.5599000000000001,26.14,1.31,0.07100000000000001,3.23,0.5262
andrew wiggins,2023,4,1,27.0,0,0.1789,0.5247,8.59,4.54,0.3919,5.74,0.39969999999999994,2.26,10.67,2.29,2.2,0.81,-0.21000000000000002,-0.25,11.280000000000001,3.4299999999999997,2.21,0.4717,14.330000000000002,6.77,0.6385000000000001,2.59,1.6800000000000002,0.18230000000000002,54.6,54.6,32.33,0.039999999999999994,4.82,1.4,1.28,14.85,2.55,17.43,1.6400000000000001,1.08,8.61,1.46,8.14,4.83,0.5636,22.34,0.87,0.093,3.4599999999999995,0.55,0.5247,8.59,4.54,0.3919,5.74,0.39969999999999994,2.26,10.67,2.29,2.2,0.81,-0.21000000000000002,-0.25,11.280000000000001,3.4299999999999997,2.21,0.4717,14.330000000000002,6.77,0.6385000000000001,2.59,1.6800000000000002,0.18230000000000002,54.6,54.6,32.33,0.039999999999999994,4.82,1.4,1.28,14.85,2.55,17.43,1.6400000000000001,1.08,8.61,1.46,8.14,4.83,0.5636,22.34,0.87,0.093,3.4599999999999995,0.55
rj barrett,2023,4,1,22.0,0,0.1755999999999999,0.47150000000000003,10.870000000000001,5.109999999999999,0.3378,5.25,0.3258,1.79,13.43,2.9,0.6699999999999999,0.22,-2.27,-1.4,14.459999999999999,4.529999999999999,2.18,0.4276,16.12,6.9,0.7333999999999999,5.2,3.8099999999999996,0.3205,71.9,71.9,34.28,-0.87,2.8200000000000003,0.8500000000000001,0.46,13.239999999999998,2.37,19.32,0.79,0.52,10.47,2.14,8.61,5.4,0.5258,26.06,-0.18999999999999997,0.0509,2.61,0.4821,0.47150000000000003,10.870000000000001,5.109999999999999,0.3378,5.25,0.3258,1.79,13.43,2.9,0.6699999999999999,0.22,-2.27,-1.4,14.459999999999999,4.529999999999999,2.18,0.4276,16.12,6.9,0.7333999999999999,5.2,3.8099999999999996,0.3205,71.9,71.9,34.28,-0.87,2.8200000000000003,0.8500000000000001,0.46,13.239999999999998,2.37,19.32,0.79,0.52,10.47,2.14,8.61,5.4,0.5258,26.06,-0.18999999999999997,0.0509,2.61,0.4821
lebron james,2023,2,1,38.0,0,0.35,0.5942000000000001,14.190000000000001,8.45,0.34119999999999995,7.11,0.3338,2.43,34.29,6.82,1.75,0.75,6.98,1.0,21.240000000000002,7.08,2.41,0.5098,21.299999999999997,10.85,0.7504,5.890000000000001,4.449999999999999,0.2785,52.8,53.3,35.59,6.0,3.2800000000000002,1.05,3.7600000000000002,24.65,1.7800000000000002,28.54,1.4300000000000002,1.06,12.59,3.39,12.370000000000001,8.15,0.5976,32.72,4.29,0.15639999999999998,6.17,0.5667,0.5942000000000001,14.190000000000001,8.45,0.34119999999999995,7.11,0.3338,2.43,34.29,6.82,1.75,0.75,6.98,1.0,21.240000000000002,7.08,2.41,0.5098,21.299999999999997,10.85,0.7504,5.890000000000001,4.449999999999999,0.2785,52.8,53.3,35.59,6.0,3.2800000000000002,1.05,3.7600000000000002,24.65,1.7800000000000002,28.54,1.4300000000000002,1.06,12.59,3.39,12.370000000000001,8.15,0.5976,32.72,4.29,0.15639999999999998,6.17,0.5667
deandre hunter,2023,4,1,25.0,0,0.1477,0.5191,7.5,3.9000000000000004,0.3539,4.08,0.3523,1.43,6.77,1.47,1.03,0.37,-2.58,-1.0299999999999998,12.260000000000002,3.4400000000000004,0.9299999999999999,0.4599,11.55,5.33,0.8143,3.2199999999999998,2.66,0.2813,52.9,54.0,30.689999999999998,-1.5499999999999998,2.25,0.6399999999999999,1.06,12.07,2.89,14.719999999999999,1.01,0.62,8.82,1.25,7.26,4.05,0.5662,19.86,-0.49,0.0633,1.92,0.522,0.5191,7.5,3.9000000000000004,0.3539,4.08,0.3523,1.43,6.77,1.47,1.03,0.37,-2.58,-1.0299999999999998,12.260000000000002,3.4400000000000004,0.9299999999999999,0.4599,11.55,5.33,0.8143,3.2199999999999998,2.66,0.2813,52.9,54.0,30.689999999999998,-1.5499999999999998,2.25,0.6399999999999999,1.06,12.07,2.89,14.719999999999999,1.01,0.62,8.82,1.25,7.26,4.05,0.5662,19.86,-0.49,0.0633,1.92,0.522
keldon johnson,2023,4,1,23.0,0,0.147,0.5206999999999999,9.579999999999998,5.01,0.3501,5.359999999999999,0.3529,1.86,11.48,2.44,0.55,0.22,-1.37,-1.75,15.73,4.52,1.19,0.4616,14.94,6.87,0.7493000000000001,4.09,3.09,0.27190000000000003,67.1,67.8,31.62,0.37999999999999995,3.4800000000000004,1.04,1.54,14.97,2.02,18.66,1.11,0.71,8.879999999999999,1.6300000000000001,9.420000000000002,5.53,0.5591,24.18,0.36000000000000004,0.0605,2.78,0.5239,0.5206999999999999,9.579999999999998,5.01,0.3501,5.359999999999999,0.3529,1.86,11.48,2.44,0.55,0.22,-1.37,-1.75,15.73,4.52,1.19,0.4616,14.94,6.87,0.7493000000000001,4.09,3.09,0.27190000000000003,67.1,67.8,31.62,0.37999999999999995,3.4800000000000004,1.04,1.54,14.97,2.02,18.66,1.11,0.71,8.879999999999999,1.6300000000000001,9.420000000000002,5.53,0.5591,24.18,0.36000000000000004,0.0605,2.78,0.5239
harrison barnes,2023,3,1,30.0,0,0.125,0.5474000000000001,5.85,3.2199999999999998,0.3834,4.4399999999999995,0.4324,1.6800000000000002,8.9,2.2199999999999998,0.38,0.15000000000000002,-0.4,-1.4,13.86,4.15,1.1,0.47659999999999997,10.260000000000002,4.93,0.8372999999999999,4.9399999999999995,4.15,0.4827,75.7,75.7,33.54,1.0,3.58,1.1,4.85,14.84,1.27,15.64,1.0,0.7,9.39,1.27,8.719999999999999,5.25,0.6281,17.630000000000003,0.99,0.1132,5.949999999999999,0.5592,0.5474000000000001,5.85,3.2199999999999998,0.3834,4.4399999999999995,0.4324,1.6800000000000002,8.9,2.2199999999999998,0.38,0.15000000000000002,-0.4,-1.4,13.86,4.15,1.1,0.47659999999999997,10.260000000000002,4.93,0.8372999999999999,4.9399999999999995,4.15,0.4827,75.7,75.7,33.54,1.0,3.58,1.1,4.85,14.84,1.27,15.64,1.0,0.7,9.39,1.27,8.719999999999999,5.25,0.6281,17.630000000000003,0.99,0.1132,5.949999999999999,0.5592
brandon clarke,2023,4,1,26.0,0,0.0919,0.6453,6.449999999999999,4.17,0.2036,0.39999999999999997,0.054400000000000004,0.09,9.74,1.36,3.66,0.86,2.81,1.4700000000000002,19.439999999999998,3.69,1.87,0.6246,6.880000000000001,4.26,0.6957,2.1799999999999997,1.55,0.3294,7.5,59.0,20.4,1.4100000000000001,9.27,1.75,3.1100000000000003,20.57,1.9999999999999998,10.18,1.6,0.6799999999999999,8.93,0.77,14.330000000000002,5.46,0.651,17.6,1.51,0.2002,4.98,0.6314,0.6453,6.449999999999999,4.17,0.2036,0.39999999999999997,0.054400000000000004,0.09,9.74,1.36,3.66,0.86,2.81,1.4700000000000002,19.439999999999998,3.69,1.87,0.6246,6.880000000000001,4.26,0.6957,2.1799999999999997,1.55,0.3294,7.5,59.0,20.4,1.4100000000000001,9.27,1.75,3.1100000000000003,20.57,1.9999999999999998,10.18,1.6,0.6799999999999999,8.93,0.77,14.330000000000002,5.46,0.651,17.6,1.51,0.2002,4.98,0.6314
clint capela,2023,2,1,28.0,0,0.1516,0.63,8.73,5.5200000000000005,0.0,0.0,0.0015999999999999999,0.0,5.15,0.97,4.38,1.3900000000000001,2.24,-0.08,31.13,7.8999999999999995,2.67,0.6292,8.76,5.5200000000000005,0.558,2.41,1.35,0.2714,66.0,67.3,27.6,2.32,16.05,4.08,5.11,22.33,2.17,12.37,1.21,0.7,7.66,0.8200000000000001,23.619999999999997,11.93,0.6294,16.479999999999997,1.9700000000000002,0.2004,7.73,0.6292,0.63,8.73,5.5200000000000005,0.0,0.0,0.0015999999999999999,0.0,5.15,0.97,4.38,1.3900000000000001,2.24,-0.08,31.13,7.8999999999999995,2.67,0.6292,8.76,5.5200000000000005,0.558,2.41,1.35,0.2714,66.0,67.3,27.6,2.32,16.05,4.08,5.11,22.33,2.17,12.37,1.21,0.7,7.66,0.8200000000000001,23.619999999999997,11.93,0.6294,16.479999999999997,1.9700000000000002,0.2004,7.73,0.6292
malcolm brogdon,2023,2,1,30.0,0,0.1654,0.509,8.38,4.24,0.3932,5.1000000000000005,0.38230000000000003,2.0,23.96,4.800000000000001,0.87,0.32999999999999996,2.51,-0.030000000000000027,14.28,3.9000000000000004,1.48,0.46699999999999997,13.48,6.27,0.8646,3.37,2.94,0.2541,22.0,55.5,29.95,2.59,2.91,0.77,3.04,18.08,1.8,17.42,1.25,0.77,10.690000000000001,1.8,8.64,4.6899999999999995,0.5868,23.96,1.84,0.1333,4.55,0.5427,0.509,8.38,4.24,0.3932,5.1000000000000005,0.38230000000000003,2.0,23.96,4.800000000000001,0.87,0.32999999999999996,2.51,-0.030000000000000027,14.28,3.9000000000000004,1.48,0.46699999999999997,13.48,6.27,0.8646,3.37,2.94,0.2541,22.0,55.5,29.95,2.59,2.91,0.77,3.04,18.08,1.8,17.42,1.25,0.77,10.690000000000001,1.8,8.64,4.6899999999999995,0.5868,23.96,1.84,0.1333,4.55,0.5427
naz reid,2023,3,1,23.0,0,0.0951999999999999,0.6163,5.01,3.14,0.34609999999999996,2.7600000000000002,0.3525,0.9400000000000001,9.149999999999999,1.02,4.51,0.8900000000000001,0.45999999999999996,0.51,20.799999999999997,3.36,1.69,0.5198,7.77,4.06,0.7066,1.9999999999999998,1.42,0.2611,10.3,71.1,17.78,-0.01999999999999999,7.220000000000001,1.1800000000000002,1.38,18.049999999999997,2.4800000000000004,10.48,1.52,0.55,12.209999999999999,1.23,14.02,4.54,0.6047,23.32,0.8,0.11710000000000001,3.1,0.5809,0.6163,5.01,3.14,0.34609999999999996,2.7600000000000002,0.3525,0.9400000000000001,9.149999999999999,1.02,4.51,0.8900000000000001,0.45999999999999996,0.51,20.799999999999997,3.36,1.69,0.5198,7.77,4.06,0.7066,1.9999999999999998,1.42,0.2611,10.3,71.1,17.78,-0.01999999999999999,7.220000000000001,1.1800000000000002,1.38,18.049999999999997,2.4800000000000004,10.48,1.52,0.55,12.209999999999999,1.23,14.02,4.54,0.6047,23.32,0.8,0.11710000000000001,3.1,0.5809
myles turner,2023,2,1,26.0,0,0.1542,0.6388,6.359999999999999,4.07,0.3534,4.2,0.4052,1.5,6.16,1.2,7.55,2.67,1.55,1.17,21.439999999999998,5.74,1.86,0.5221,10.56,5.57,0.7735000000000001,3.6,2.8,0.33440000000000003,53.0,53.0,29.72,0.4099999999999999,5.380000000000001,1.41,2.4299999999999997,18.28,3.29,15.39,1.04,0.69,11.05,1.52,13.399999999999999,7.18,0.6298,19.41,1.46,0.129,4.29,0.5934999999999999,0.6388,6.359999999999999,4.07,0.3534,4.2,0.4052,1.5,6.16,1.2,7.55,2.67,1.55,1.17,21.439999999999998,5.74,1.86,0.5221,10.56,5.57,0.7735000000000001,3.6,2.8,0.33440000000000003,53.0,53.0,29.72,0.4099999999999999,5.380000000000001,1.41,2.4299999999999997,18.28,3.29,15.39,1.04,0.69,11.05,1.52,13.399999999999999,7.18,0.6298,19.41,1.46,0.129,4.29,0.5934999999999999
daniel gafford,2023,3,1,24.0,0,0.0911999999999999,0.7113,5.1,3.63,0.0,0.0,0.0006,0.0,7.0,0.92,5.960000000000001,1.35,1.42,0.77,18.42,3.3,1.69,0.7107,5.1,3.63,0.6826,2.23,1.51,0.4441,41.599999999999994,71.4,19.25,0.65,12.059999999999999,2.05,3.8400000000000003,20.83,2.2800000000000002,8.719999999999999,1.1,0.42000000000000004,13.77,0.9800000000000001,15.34,5.369999999999999,0.7213,15.95,1.15,0.1932,5.55,0.7107,0.7113,5.1,3.63,0.0,0.0,0.0006,0.0,7.0,0.92,5.960000000000001,1.35,1.42,0.77,18.42,3.3,1.69,0.7107,5.1,3.63,0.6826,2.23,1.51,0.4441,41.599999999999994,71.4,19.25,0.65,12.059999999999999,2.05,3.8400000000000003,20.83,2.2800000000000002,8.719999999999999,1.1,0.42000000000000004,13.77,0.9800000000000001,15.34,5.369999999999999,0.7213,15.95,1.15,0.1932,5.55,0.7107
maxi kleber,2023,3,1,31.0,0,0.0809,0.6013,1.52,0.9199999999999999,0.3535,3.63,0.7017,1.31,7.02,1.3399999999999999,3.01,0.84,-1.2200000000000002,0.45999999999999996,16.58,3.67,1.25,0.4318,5.199999999999999,2.23,0.7517,0.97,0.73,0.19469999999999998,16.8,46.2,25.29,-1.6800000000000002,4.25,0.9400000000000001,0.88,9.77,2.26,6.470000000000001,0.78,0.4,11.48,0.71,10.36,4.61,0.5783,11.260000000000002,0.31999999999999995,0.0835,2.13,0.5563,0.6013,1.52,0.9199999999999999,0.3535,3.63,0.7017,1.31,7.02,1.3399999999999999,3.01,0.84,-1.2200000000000002,0.45999999999999996,16.58,3.67,1.25,0.4318,5.199999999999999,2.23,0.7517,0.97,0.73,0.19469999999999998,16.8,46.2,25.29,-1.6800000000000002,4.25,0.9400000000000001,0.88,9.77,2.26,6.470000000000001,0.78,0.4,11.48,0.71,10.36,4.61,0.5783,11.260000000000002,0.31999999999999995,0.0835,2.13,0.5563
kentavious caldwellpope,2023,2,1,29.0,0,0.1081,0.487,4.34,2.13,0.4105,4.57,0.5159,1.8900000000000001,9.47,2.15,1.1600000000000001,0.42000000000000004,-1.0499999999999998,0.32,8.920000000000002,2.48,2.19,0.4477,8.91,3.9699999999999998,0.8522000000000001,1.74,1.52,0.199,74.5,74.5,30.39,-1.3900000000000001,1.77,0.48,1.74,11.67,1.83,11.3,2.01,1.26,10.61,1.1400000000000001,5.42,2.91,0.587,15.59,0.53,0.0843,3.93,0.5536,0.487,4.34,2.13,0.4105,4.57,0.5159,1.8900000000000001,9.47,2.15,1.1600000000000001,0.42000000000000004,-1.0499999999999998,0.32,8.920000000000002,2.48,2.19,0.4477,8.91,3.9699999999999998,0.8522000000000001,1.74,1.52,0.199,74.5,74.5,30.39,-1.3900000000000001,1.77,0.48,1.74,11.67,1.83,11.3,2.01,1.26,10.61,1.1400000000000001,5.42,2.91,0.587,15.59,0.53,0.0843,3.93,0.5536
pat connaughton,2023,3,1,30.0,0,0.0693,0.5925,1.71,1.01,0.36219999999999997,5.140000000000001,0.7469,1.86,6.6899999999999995,1.28,0.8300000000000001,0.22,-0.14,0.33999999999999997,15.76,3.73,1.7200000000000002,0.4202,6.85,2.88,0.7344,0.71,0.49000000000000005,0.1018,23.0,63.8,24.21,-0.51,3.65,0.79,1.5499999999999998,11.28,1.22,8.129999999999999,1.4100000000000001,0.71,6.89,0.5,9.899999999999999,4.52,0.5670999999999999,13.42,0.7300000000000001,0.1016,3.27,0.5549999999999999,0.5925,1.71,1.01,0.36219999999999997,5.140000000000001,0.7469,1.86,6.6899999999999995,1.28,0.8300000000000001,0.22,-0.14,0.33999999999999997,15.76,3.73,1.7200000000000002,0.4202,6.85,2.88,0.7344,0.71,0.49000000000000005,0.1018,23.0,63.8,24.21,-0.51,3.65,0.79,1.5499999999999998,11.28,1.22,8.129999999999999,1.4100000000000001,0.71,6.89,0.5,9.899999999999999,4.52,0.5670999999999999,13.42,0.7300000000000001,0.1016,3.27,0.5549999999999999
nassir little,2023,4,1,22.0,0,0.0458999999999999,0.5522,2.85,1.56,0.3528,2.9000000000000004,0.503,1.03,6.85,0.94,2.25,0.53,-2.46,-1.2,15.66,2.71,0.42000000000000004,0.4524,5.75,2.62,0.7386999999999999,1.29,0.94,0.2192,9.3,49.2,19.48,-1.29,4.35,0.8099999999999999,0.64,11.469999999999999,1.42,7.16,0.91,0.4,9.79,0.73,9.86,3.5199999999999996,0.5678000000000001,15.5,-0.11,0.0552,1.08,0.5415000000000001,0.5522,2.85,1.56,0.3528,2.9000000000000004,0.503,1.03,6.85,0.94,2.25,0.53,-2.46,-1.2,15.66,2.71,0.42000000000000004,0.4524,5.75,2.62,0.7386999999999999,1.29,0.94,0.2192,9.3,49.2,19.48,-1.29,4.35,0.8099999999999999,0.64,11.469999999999999,1.42,7.16,0.91,0.4,9.79,0.73,9.86,3.5199999999999996,0.5678000000000001,15.5,-0.11,0.0552,1.08,0.5415000000000001
kenrich williams,2023,4,1,28.0,0,0.0454,0.5784,4.1,2.33,0.377,2.3600000000000003,0.3651,0.8500000000000001,13.719999999999999,2.12,1.04,0.27,0.020000000000000018,0.6300000000000001,14.48,3.0300000000000002,1.19,0.5034000000000001,6.44,3.26,0.49570000000000003,0.88,0.43000000000000005,0.1393,7.6,54.4,22.29,-0.58,7.6,1.6099999999999999,1.56,13.990000000000002,2.0,7.82,1.8599999999999999,0.8300000000000001,10.58,0.81,10.95,4.62,0.5719,14.59,0.63,0.11,2.75,0.5717,0.5784,4.1,2.33,0.377,2.3600000000000003,0.3651,0.8500000000000001,13.719999999999999,2.12,1.04,0.27,0.020000000000000018,0.6300000000000001,14.48,3.0300000000000002,1.19,0.5034000000000001,6.44,3.26,0.49570000000000003,0.88,0.43000000000000005,0.1393,7.6,54.4,22.29,-0.58,7.6,1.6099999999999999,1.56,13.990000000000002,2.0,7.82,1.8599999999999999,0.8300000000000001,10.58,0.81,10.95,4.62,0.5719,14.59,0.63,0.11,2.75,0.5717
steven adams,2023,2,1,29.0,0,0.0926,0.5879,5.66,3.35,0.0,0.020000000000000004,0.0049,0.0,12.25,2.55,3.1,0.93,0.8400000000000001,0.77,23.33,5.91,2.29,0.5853999999999999,5.74,3.35,0.43370000000000003,2.79,1.17,0.488,55.1,55.400000000000006,26.93,0.06999999999999998,18.3,4.67,2.25,17.05,2.13,7.89,1.55,0.9000000000000001,19.28,1.66,20.799999999999997,10.530000000000001,0.5691999999999999,13.239999999999998,1.0899999999999999,0.1447,4.54,0.5853999999999999,0.5879,5.66,3.35,0.0,0.020000000000000004,0.0049,0.0,12.25,2.55,3.1,0.93,0.8400000000000001,0.77,23.33,5.91,2.29,0.5853999999999999,5.74,3.35,0.43370000000000003,2.79,1.17,0.488,55.1,55.400000000000006,26.93,0.06999999999999998,18.3,4.67,2.25,17.05,2.13,7.89,1.55,0.9000000000000001,19.28,1.66,20.799999999999997,10.530000000000001,0.5691999999999999,13.239999999999998,1.0899999999999999,0.1447,4.54,0.5853999999999999
terance mann,2023,2,1,26.0,0,0.0778,0.5677000000000001,4.58,2.58,0.3876,2.26,0.3313,0.89,13.19,2.25,0.92,0.28,-0.32,0.16999999999999998,13.41,3.01,1.73,0.5065,6.84,3.4699999999999998,0.79,1.63,1.27,0.23770000000000002,29.9,78.2,23.91,-0.49,4.84,1.05,2.8099999999999996,13.48,1.94,9.040000000000001,1.1300000000000001,0.54,10.93,0.9199999999999999,9.22,3.9800000000000004,0.6016999999999999,15.47,0.76,0.11760000000000001,4.54,0.5708,0.5677000000000001,4.58,2.58,0.3876,2.26,0.3313,0.89,13.19,2.25,0.92,0.28,-0.32,0.16999999999999998,13.41,3.01,1.73,0.5065,6.84,3.4699999999999998,0.79,1.63,1.27,0.23770000000000002,29.9,78.2,23.91,-0.49,4.84,1.05,2.8099999999999996,13.48,1.94,9.040000000000001,1.1300000000000001,0.54,10.93,0.9199999999999999,9.22,3.9800000000000004,0.6016999999999999,15.47,0.76,0.11760000000000001,4.54,0.5708
larry nance,2023,2,1,30.0,0,0.0762999999999999,0.6169,4.04,2.49,0.3372,1.41,0.2377,0.49,12.15,2.06,2.15,0.52,1.05,1.4500000000000002,19.740000000000002,4.08,1.55,0.5558000000000001,5.53,3.0300000000000002,0.6809999999999999,1.2399999999999998,0.8500000000000001,0.2348,9.2,53.3,23.619999999999997,-0.39999999999999997,7.65,1.58,1.9499999999999997,14.96,1.96,7.36,2.16,1.06,12.26,0.8600000000000001,13.6,5.66,0.6129,12.57,0.99,0.1327,3.5,0.5964,0.6169,4.04,2.49,0.3372,1.41,0.2377,0.49,12.15,2.06,2.15,0.52,1.05,1.4500000000000002,19.740000000000002,4.08,1.55,0.5558000000000001,5.53,3.0300000000000002,0.6809999999999999,1.2399999999999998,0.8500000000000001,0.2348,9.2,53.3,23.619999999999997,-0.39999999999999997,7.65,1.58,1.9499999999999997,14.96,1.96,7.36,2.16,1.06,12.26,0.8600000000000001,13.6,5.66,0.6129,12.57,0.99,0.1327,3.5,0.5964
al horford,2023,2,1,36.0,0,0.0735,0.5461,4.0,2.19,0.3974,4.82,0.5632,1.94,15.54,3.2,3.19,1.07,3.6199999999999997,2.0,19.79,5.47,2.67,0.4681,8.84,4.13,0.7732,0.7300000000000001,0.58,0.0843,57.8,57.8,29.560000000000002,1.62,4.66,1.2799999999999998,3.0700000000000003,15.39,1.8599999999999999,10.8,1.06,0.64,7.84,0.77,12.34,6.75,0.5952999999999999,14.71,2.4299999999999997,0.153,5.75,0.5829,0.5461,4.0,2.19,0.3974,4.82,0.5632,1.94,15.54,3.2,3.19,1.07,3.6199999999999997,2.0,19.79,5.47,2.67,0.4681,8.84,4.13,0.7732,0.7300000000000001,0.58,0.0843,57.8,57.8,29.560000000000002,1.62,4.66,1.2799999999999998,3.0700000000000003,15.39,1.8599999999999999,10.8,1.06,0.64,7.84,0.77,12.34,6.75,0.5952999999999999,14.71,2.4299999999999997,0.153,5.75,0.5829
dean wade,2023,3,1,26.0,0,0.042,0.5862,1.32,0.75,0.3579,2.9699999999999998,0.6922,1.04,6.67,0.9400000000000001,1.58,0.33999999999999997,-0.79,1.42,15.89,2.75,1.21,0.429,4.27,1.8399999999999999,0.6799,0.55,0.37,0.13140000000000002,18.700000000000003,49.9,19.75,-2.24,3.0600000000000005,0.55,0.75,9.54,1.75,5.140000000000001,1.53,0.6,7.78,0.39,9.48,3.25,0.5648,11.01,0.31,0.0978,1.9899999999999998,0.5534,0.5862,1.32,0.75,0.3579,2.9699999999999998,0.6922,1.04,6.67,0.9400000000000001,1.58,0.33999999999999997,-0.79,1.42,15.89,2.75,1.21,0.429,4.27,1.8399999999999999,0.6799,0.55,0.37,0.13140000000000002,18.700000000000003,49.9,19.75,-2.24,3.0600000000000005,0.55,0.75,9.54,1.75,5.140000000000001,1.53,0.6,7.78,0.39,9.48,3.25,0.5648,11.01,0.31,0.0978,1.9899999999999998,0.5534
nick richards,2023,3,1,25.0,0,0.0368,0.6141000000000001,3.02,1.9,0.5,0.020000000000000004,0.023700000000000002,0.0,4.5600000000000005,0.41,4.17,0.67,-3.09,-0.5800000000000001,19.0,2.4299999999999997,0.84,0.6033999999999999,3.04,1.9,0.7111000000000001,1.79,1.31,0.6803,6.0,51.1,12.24,-2.46,10.57,1.4,1.53,15.02,1.58,5.16,0.56,0.16,15.490000000000002,0.64,14.719999999999999,3.83,0.6531,14.719999999999999,0.05,0.1252,2.4,0.6044,0.6141000000000001,3.02,1.9,0.5,0.020000000000000004,0.023700000000000002,0.0,4.5600000000000005,0.41,4.17,0.67,-3.09,-0.5800000000000001,19.0,2.4299999999999997,0.84,0.6033999999999999,3.04,1.9,0.7111000000000001,1.79,1.31,0.6803,6.0,51.1,12.24,-2.46,10.57,1.4,1.53,15.02,1.58,5.16,0.56,0.16,15.490000000000002,0.64,14.719999999999999,3.83,0.6531,14.719999999999999,0.05,0.1252,2.4,0.6044
jaylen brown,2024,5,1,27.0,1,0.35,0.5666,12.35,7.0,0.34909999999999997,6.54,0.3448,2.27,16.830000000000002,3.55,1.1099999999999999,0.43,1.1600000000000001,-0.09,15.14,4.92,3.3000000000000003,0.4914,18.81,9.27,0.7325999999999999,4.64,3.41,0.2464,68.3,68.3,34.24,1.28,3.6,1.12,2.29,18.810000000000002,2.58,24.200000000000003,1.67,1.15,11.09,2.6100000000000003,9.530000000000001,6.04,0.5791,29.97,1.84,0.1153,5.61,0.5517000000000001,0.5777,11.989999999999998,6.92,0.3443,5.949999999999999,0.3318,2.05,15.61,3.37,1.27,0.5,1.15,0.38000000000000006,14.51,4.82,0.99,0.5008,17.89,8.969999999999999,0.6893,4.91,3.42,0.27549999999999997,20.3,20.3,37.54,0.74,3.86,1.27,0.6900000000000001,17.64,2.88,23.38,1.5699999999999998,1.15,12.79,2.96,9.29,6.01,0.5827,28.05,0.63,0.1048,1.6800000000000002,0.5582
tyrese haliburton,2024,5,1,23.0,0,0.3,0.5725,7.4,4.25,0.3848,7.08,0.484,2.69,43.55,10.21,1.5,0.59,6.130000000000001,-0.16000000000000003,11.09,3.27,1.47,0.48009999999999997,14.46,6.9399999999999995,0.8572,3.23,2.75,0.222,66.2,66.7,33.18,6.29,1.9699999999999998,0.5900000000000001,6.76,22.37,1.23,19.32,2.07,1.42,13.399999999999999,2.42,6.51,3.8600000000000003,0.6087,23.240000000000002,4.44,0.181,8.18,0.5731999999999999,0.5725,7.4,4.25,0.3848,7.08,0.484,2.69,43.55,10.21,1.5,0.59,6.130000000000001,-0.16000000000000003,11.09,3.27,1.47,0.48009999999999997,14.46,6.9399999999999995,0.8572,3.23,2.75,0.222,66.2,66.7,33.18,6.29,1.9699999999999998,0.5900000000000001,6.76,22.37,1.23,19.32,2.07,1.42,13.399999999999999,2.42,6.51,3.8600000000000003,0.6087,23.240000000000002,4.44,0.181,8.18,0.5731999999999999
anthony edwards,2024,5,1,22.0,0,0.3,0.5152000000000001,11.94,6.16,0.3606,7.220000000000001,0.3798,2.6100000000000003,21.57,4.63,1.5500000000000003,0.58,2.19,0.16999999999999998,14.67,4.74,3.91,0.45640000000000003,19.16,8.739999999999998,0.802,5.57,4.5200000000000005,0.2897,77.1,77.6,35.209999999999994,1.9700000000000002,2.19,0.71,1.87,18.369999999999997,2.08,24.59,1.9300000000000002,1.4300000000000002,12.29,3.0599999999999996,8.6,5.4,0.5687,30.4,2.88,0.101,5.75,0.5248,0.5152000000000001,11.94,6.16,0.3606,7.220000000000001,0.3798,2.6100000000000003,21.57,4.63,1.5500000000000003,0.58,2.19,0.16999999999999998,14.67,4.74,3.91,0.45640000000000003,19.16,8.739999999999998,0.802,5.57,4.5200000000000005,0.2897,77.1,77.6,35.209999999999994,1.9700000000000002,2.19,0.71,1.87,18.369999999999997,2.08,24.59,1.9300000000000002,1.4300000000000002,12.29,3.0599999999999996,8.6,5.4,0.5687,30.4,2.88,0.101,5.75,0.5248
karlanthony towns,2024,4,1,28.0,0,0.35,0.5638,10.08,5.63,0.3998,5.34,0.34709999999999996,2.13,17.75,3.66,1.9900000000000002,0.75,3.15,0.8200000000000001,22.5,6.79,2.7700000000000005,0.5063,15.370000000000001,7.779999999999999,0.8631,5.02,4.319999999999999,0.325,54.5,54.5,32.95,2.33,6.1,1.78,3.17,19.86,3.51,22.060000000000002,1.08,0.76,14.29,2.9699999999999998,14.48,8.54,0.6259,26.939999999999998,2.39,0.1537,6.02,0.5751999999999999,0.5638,10.08,5.63,0.3998,5.34,0.34709999999999996,2.13,17.75,3.66,1.9900000000000002,0.75,3.15,0.8200000000000001,22.5,6.79,2.7700000000000005,0.5063,15.370000000000001,7.779999999999999,0.8631,5.02,4.319999999999999,0.325,54.5,54.5,32.95,2.33,6.1,1.78,3.17,19.86,3.51,22.060000000000002,1.08,0.76,14.29,2.9699999999999998,14.48,8.54,0.6259,26.939999999999998,2.39,0.1537,6.02,0.5751999999999999
devin booker,2024,4,1,27.0,0,0.35,0.5438000000000001,13.54,7.34,0.3639,6.25,0.316,2.27,28.269999999999996,6.0600000000000005,0.97,0.37,3.58,-0.55,11.79,3.8400000000000003,2.23,0.4874,19.810000000000002,9.61,0.8731,6.45,5.66,0.3268,63.5,63.5,35.28,4.13,2.58,0.81,5.720000000000001,21.81,2.92,27.25,1.3399999999999999,0.97,10.34,2.59,7.27,4.6,0.601,30.84,3.14,0.1688,7.92,0.5448000000000001,0.5438000000000001,13.54,7.34,0.3639,6.25,0.316,2.27,28.269999999999996,6.0600000000000005,0.97,0.37,3.58,-0.55,11.79,3.8400000000000003,2.23,0.4874,19.810000000000002,9.61,0.8731,6.45,5.66,0.3268,63.5,63.5,35.28,4.13,2.58,0.81,5.720000000000001,21.81,2.92,27.25,1.3399999999999999,0.97,10.34,2.59,7.27,4.6,0.601,30.84,3.14,0.1688,7.92,0.5448000000000001
lamelo ball,2024,5,1,22.0,0,0.25,0.47740000000000005,9.81,4.65,0.3681,9.18,0.48250000000000004,3.38,40.3,8.04,0.73,0.27,3.05,-0.47,15.19,4.529999999999999,1.1099999999999999,0.4256,18.939999999999998,8.05,0.8576999999999999,4.01,3.4499999999999997,0.2125,36.8,36.8,33.17,3.52,4.19,1.29,1.1600000000000001,19.71,3.4299999999999997,22.96,2.3899999999999997,1.61,14.850000000000001,3.64,9.559999999999999,5.81,0.5536000000000001,31.79,1.58,0.0806,2.25,0.5139,0.47740000000000005,9.81,4.65,0.3681,9.18,0.48250000000000004,3.38,40.3,8.04,0.73,0.27,3.05,-0.47,15.19,4.529999999999999,1.1099999999999999,0.4256,18.939999999999998,8.05,0.8576999999999999,4.01,3.4499999999999997,0.2125,36.8,36.8,33.17,3.52,4.19,1.29,1.1600000000000001,19.71,3.4299999999999997,22.96,2.3899999999999997,1.61,14.850000000000001,3.64,9.559999999999999,5.81,0.5536000000000001,31.79,1.58,0.0806,2.25,0.5139
desmond bane,2024,5,1,25.0,0,0.2419,0.525,9.23,4.859999999999999,0.4001,7.78,0.4569,3.12,23.54,4.61,1.25,0.45,2.99,-0.06,12.91,3.8,1.88,0.4679,17.009999999999998,7.9799999999999995,0.8805000000000001,3.35,2.94,0.1971,53.6,53.6,32.67,3.04,2.4699999999999998,0.78,2.85,18.5,2.75,21.939999999999998,1.55,1.04,10.86,2.31,7.5600000000000005,4.58,0.5947,26.7,2.14,0.12689999999999999,4.73,0.5594,0.525,9.23,4.859999999999999,0.4001,7.78,0.4569,3.12,23.54,4.61,1.25,0.45,2.99,-0.06,12.91,3.8,1.88,0.4679,17.009999999999998,7.9799999999999995,0.8805000000000001,3.35,2.94,0.1971,53.6,53.6,32.67,3.04,2.4699999999999998,0.78,2.85,18.5,2.75,21.939999999999998,1.55,1.04,10.86,2.31,7.5600000000000005,4.58,0.5947,26.7,2.14,0.12689999999999999,4.73,0.5594
domantas sabonis,2024,4,1,27.0,0,0.2788,0.6228,11.34,7.02,0.3638,1.28,0.0993,0.44,30.79,7.33,1.33,0.53,5.8100000000000005,1.92,30.95,9.559999999999999,3.26,0.5961,12.57,7.46,0.7228,5.279999999999999,3.83,0.4204,76.9,77.1,35.13,3.87,10.74,3.4000000000000004,8.24,23.03,3.21,19.21,1.19,0.89,17.52,3.14,20.689999999999998,12.959999999999999,0.6463,21.95,5.36,0.2011,11.5,0.6136999999999999,0.6228,11.34,7.02,0.3638,1.28,0.0993,0.44,30.79,7.33,1.33,0.53,5.8100000000000005,1.92,30.95,9.559999999999999,3.26,0.5961,12.57,7.46,0.7228,5.279999999999999,3.83,0.4204,76.9,77.1,35.13,3.87,10.74,3.4000000000000004,8.24,23.03,3.21,19.21,1.19,0.89,17.52,3.14,20.689999999999998,12.959999999999999,0.6463,21.95,5.36,0.2011,11.5,0.6136999999999999
devin vassell,2024,5,1,23.0,0,0.2087999999999999,0.5144,8.19,4.25,0.37429999999999997,6.48,0.4445,2.3899999999999997,16.68,3.51,1.12,0.39,0.01999999999999999,-0.72,12.56,3.55,1.35,0.45309999999999995,14.620000000000001,6.64,0.8021,2.56,2.07,0.1714,47.0,59.6,31.310000000000002,0.74,1.3399999999999999,0.38,1.47,15.16,1.4,17.759999999999998,1.6400000000000001,1.1,8.1,1.4100000000000001,6.88,3.9299999999999997,0.562,22.85,0.9,0.0702,2.8200000000000003,0.5357000000000001,0.5144,8.19,4.25,0.37429999999999997,6.48,0.4445,2.3899999999999997,16.68,3.51,1.12,0.39,0.01999999999999999,-0.72,12.56,3.55,1.35,0.45309999999999995,14.620000000000001,6.64,0.8021,2.56,2.07,0.1714,47.0,59.6,31.310000000000002,0.74,1.3399999999999999,0.38,1.47,15.16,1.4,17.759999999999998,1.6400000000000001,1.1,8.1,1.4100000000000001,6.88,3.9299999999999997,0.562,22.85,0.9,0.0702,2.8200000000000003,0.5357000000000001
jrue holiday,2024,4,1,33.0,0,0.2134,0.535,7.26,3.94,0.4119,5.140000000000001,0.4213,2.12,26.33,5.98,1.58,0.6000000000000001,2.62,0.64,12.379999999999999,3.97,2.82,0.4839,12.43,6.01,0.8264,1.82,1.5399999999999998,0.1417,66.8,68.0,32.78,1.98,3.95,1.1600000000000001,3.7199999999999998,16.92,1.71,15.7,1.6400000000000001,1.1300000000000001,14.91,2.31,8.32,5.13,0.5929,20.35,2.62,0.1409,6.539999999999999,0.5712999999999999,0.535,7.26,3.94,0.4119,5.140000000000001,0.4213,2.12,26.33,5.98,1.58,0.6000000000000001,2.62,0.64,12.379999999999999,3.97,2.82,0.4839,12.43,6.01,0.8264,1.82,1.5399999999999998,0.1417,66.8,68.0,32.78,1.98,3.95,1.1600000000000001,3.7199999999999998,16.92,1.71,15.7,1.6400000000000001,1.1300000000000001,14.91,2.31,8.32,5.13,0.5929,20.35,2.62,0.1409,6.539999999999999,0.5712999999999999
jaden mcdaniels,2024,5,1,23.0,0,0.1607,0.5882,5.17,3.04,0.35130000000000006,3.49,0.40680000000000005,1.24,7.140000000000001,1.49,2.29,0.76,-2.24,0.48,9.93,2.58,2.6100000000000003,0.4916,8.66,4.279999999999999,0.7424,1.29,0.9500000000000001,0.1489,65.4,73.7,28.939999999999998,-2.7399999999999998,3.77,0.9800000000000001,0.89,10.36,3.16,10.719999999999999,1.48,0.8600000000000001,11.86,1.24,6.87,3.5599999999999996,0.5793999999999999,15.65,-0.08000000000000002,0.0776,3.5,0.5622,0.5882,5.17,3.04,0.35130000000000006,3.49,0.40680000000000005,1.24,7.140000000000001,1.49,2.29,0.76,-2.24,0.48,9.93,2.58,2.6100000000000003,0.4916,8.66,4.279999999999999,0.7424,1.29,0.9500000000000001,0.1489,65.4,73.7,28.939999999999998,-2.7399999999999998,3.77,0.9800000000000001,0.89,10.36,3.16,10.719999999999999,1.48,0.8600000000000001,11.86,1.24,6.87,3.5599999999999996,0.5793999999999999,15.65,-0.08000000000000002,0.0776,3.5,0.5622
dejounte murray,2024,4,1,27.0,0,0.205,0.514,12.41,6.35,0.35009999999999997,5.97,0.3248,2.12,29.27,6.87,0.74,0.3,2.23,0.040000000000000036,15.66,5.02,2.17,0.4611,18.4,8.469999999999999,0.8054,3.2,2.56,0.1725,74.8,74.8,35.730000000000004,2.2199999999999998,2.48,0.85,3.15,18.409999999999997,1.7200000000000002,21.62,2.11,1.5499999999999998,11.07,2.4800000000000004,8.92,5.9,0.5461,26.080000000000002,2.8100000000000005,0.097,5.32,0.5182,0.514,12.41,6.35,0.35009999999999997,5.97,0.3248,2.12,29.27,6.87,0.74,0.3,2.23,0.040000000000000036,15.66,5.02,2.17,0.4611,18.4,8.469999999999999,0.8054,3.2,2.56,0.1725,74.8,74.8,35.730000000000004,2.2199999999999998,2.48,0.85,3.15,18.409999999999997,1.7200000000000002,21.62,2.11,1.5499999999999998,11.07,2.4800000000000004,8.92,5.9,0.5461,26.080000000000002,2.8100000000000005,0.097,5.32,0.5182
josh hart,2024,4,1,28.0,0,0.1291,0.556,5.33,2.99,0.3352,3.04,0.3593,1.02,16.759999999999998,4.01,0.78,0.28,0.45000000000000007,1.13,21.84,6.37,2.7600000000000002,0.47650000000000003,8.34,3.9400000000000004,0.7721,2.17,1.6600000000000001,0.2601,47.2,74.1,33.03,-0.61,5.34,1.59,2.6999999999999997,13.350000000000001,2.3899999999999997,10.620000000000001,1.58,1.03,14.809999999999999,1.62,13.51,7.930000000000001,0.5696,14.25,1.5,0.10880000000000001,5.529999999999999,0.5367,0.556,5.33,2.99,0.3352,3.04,0.3593,1.02,16.759999999999998,4.01,0.78,0.28,0.45000000000000007,1.13,21.84,6.37,2.7600000000000002,0.47650000000000003,8.34,3.9400000000000004,0.7721,2.17,1.6600000000000001,0.2601,47.2,74.1,33.03,-0.61,5.34,1.59,2.6999999999999997,13.350000000000001,2.3899999999999997,10.620000000000001,1.58,1.03,14.809999999999999,1.62,13.51,7.930000000000001,0.5696,14.25,1.5,0.10880000000000001,5.529999999999999,0.5367
grayson allen,2024,4,1,28.0,0,0.1110999999999999,0.5469999999999999,2.95,1.62,0.43200000000000005,5.66,0.6598999999999999,2.43,10.84,2.49,1.1800000000000002,0.42,0.76,0.21999999999999997,10.18,2.9499999999999997,2.04,0.4711,8.58,4.05,0.8835,1.76,1.5299999999999998,0.20179999999999998,70.2,72.3,30.43,0.49000000000000005,2.55,0.6399999999999999,3.75,13.13,1.83,12.09,1.3399999999999999,0.8600000000000001,10.14,1.0899999999999999,6.49,3.62,0.6449,14.67,1.52,0.1249,5.82,0.6134,0.5469999999999999,2.95,1.62,0.43200000000000005,5.66,0.6598999999999999,2.43,10.84,2.49,1.1800000000000002,0.42,0.76,0.21999999999999997,10.18,2.9499999999999997,2.04,0.4711,8.58,4.05,0.8835,1.76,1.5299999999999998,0.20179999999999998,70.2,72.3,30.43,0.49000000000000005,2.55,0.6399999999999999,3.75,13.13,1.83,12.09,1.3399999999999999,0.8600000000000001,10.14,1.0899999999999999,6.49,3.62,0.6449,14.67,1.52,0.1249,5.82,0.6134
cj mccollum,2024,2,1,32.0,0,0.2371,0.4885,9.2,4.49,0.4088,7.880000000000001,0.4658,3.2199999999999998,23.45,5.029999999999999,1.5699999999999998,0.53,2.17,-0.62,12.11,3.6300000000000003,2.24,0.4526,17.13,7.709999999999999,0.7806,2.55,1.9500000000000002,0.1483,67.9,67.9,33.86,2.74,2.24,0.69,2.7199999999999998,17.29,1.95,20.69,1.4100000000000001,0.9400000000000001,9.72,1.9700000000000002,7.180000000000001,4.33,0.5689,25.769999999999996,2.3899999999999997,0.1056,4.96,0.5483,0.4885,9.2,4.49,0.4088,7.880000000000001,0.4658,3.2199999999999998,23.45,5.029999999999999,1.5699999999999998,0.53,2.17,-0.62,12.11,3.6300000000000003,2.24,0.4526,17.13,7.709999999999999,0.7806,2.55,1.9500000000000002,0.1483,67.9,67.9,33.86,2.74,2.24,0.69,2.7199999999999998,17.29,1.95,20.69,1.4100000000000001,0.9400000000000001,9.72,1.9700000000000002,7.180000000000001,4.33,0.5689,25.769999999999996,2.3899999999999997,0.1056,4.96,0.5483
onyeka okongwu,2024,4,1,23.0,0,0.0996,0.6700999999999999,5.470000000000001,3.63,0.2589,0.71,0.1023,0.23,6.859999999999999,1.17,4.449999999999999,1.2000000000000002,0.2,0.15000000000000002,19.43,4.15,1.44,0.6349,6.1,3.9099999999999997,0.7762,2.26,1.7599999999999998,0.37460000000000004,10.6,61.1,23.82,0.0,11.77,2.59,3.7800000000000002,18.229999999999997,3.0,9.71,1.17,0.58,11.32,0.88,15.52,6.74,0.6832,14.18,0.78,0.1724,5.22,0.6516,0.6700999999999999,5.470000000000001,3.63,0.2589,0.71,0.1023,0.23,6.859999999999999,1.17,4.449999999999999,1.2000000000000002,0.2,0.15000000000000002,19.43,4.15,1.44,0.6349,6.1,3.9099999999999997,0.7762,2.26,1.7599999999999998,0.37460000000000004,10.6,61.1,23.82,0.0,11.77,2.59,3.7800000000000002,18.229999999999997,3.0,9.71,1.17,0.58,11.32,0.88,15.52,6.74,0.6832,14.18,0.78,0.1724,5.22,0.6516
isaiah stewart,2024,4,1,22.0,0,0.1067,0.5559,4.92,2.74,0.3548,3.2499999999999996,0.38730000000000003,1.1800000000000002,7.12,1.46,2.56,0.8300000000000001,-2.44,-0.8400000000000001,21.09,5.34,1.0300000000000002,0.47809999999999997,8.170000000000002,3.87,0.7415,2.1,1.56,0.2549,50.8,52.2,29.060000000000002,-1.6,8.02,2.13,1.1,12.38,2.5100000000000002,10.5,0.6299999999999999,0.38,13.08,1.3599999999999999,14.370000000000001,7.47,0.5780000000000001,15.36,-0.16999999999999998,0.0666,2.13,0.5481,0.5559,4.92,2.74,0.3548,3.2499999999999996,0.38730000000000003,1.1800000000000002,7.12,1.46,2.56,0.8300000000000001,-2.44,-0.8400000000000001,21.09,5.34,1.0300000000000002,0.47809999999999997,8.170000000000002,3.87,0.7415,2.1,1.56,0.2549,50.8,52.2,29.060000000000002,-1.6,8.02,2.13,1.1,12.38,2.5100000000000002,10.5,0.6299999999999999,0.38,13.08,1.3599999999999999,14.370000000000001,7.47,0.5780000000000001,15.36,-0.16999999999999998,0.0666,2.13,0.5481
deni avdija,2024,4,1,23.0,0,0.1110999999999999,0.544,5.96,3.22,0.3395,3.12,0.35619999999999996,1.07,15.43,3.1399999999999997,1.3900000000000001,0.47,-1.48,0.13,21.72,5.57,1.8,0.47050000000000003,9.049999999999999,4.29,0.7431,2.8,2.09,0.3025,51.1,76.7,27.87,-1.6099999999999999,3.81,0.97,0.97,13.129999999999999,2.55,11.79,1.38,0.81,14.57,1.75,12.8,6.5600000000000005,0.5662,18.369999999999997,0.29,0.0618,2.77,0.5297000000000001,0.544,5.96,3.22,0.3395,3.12,0.35619999999999996,1.07,15.43,3.1399999999999997,1.3900000000000001,0.47,-1.48,0.13,21.72,5.57,1.8,0.47050000000000003,9.049999999999999,4.29,0.7431,2.8,2.09,0.3025,51.1,76.7,27.87,-1.6099999999999999,3.81,0.97,0.97,13.129999999999999,2.55,11.79,1.38,0.81,14.57,1.75,12.8,6.5600000000000005,0.5662,18.369999999999997,0.29,0.0618,2.77,0.5297000000000001
jarred vanderbilt,2024,4,1,24.0,0,0.0762,0.5952,3.82,2.3,0.2732,0.8500000000000001,0.1863,0.27,9.12,1.58,1.1,0.31,-0.43000000000000005,1.33,20.59,4.34,1.73,0.5408000000000001,4.67,2.54,0.672,1.5,1.0,0.32299999999999995,35.9,52.7,22.310000000000002,-1.79,9.55,1.94,1.58,13.39,1.95,6.35,2.58,1.19,16.58,1.06,15.17,6.33,0.5926,12.11,0.6699999999999999,0.11470000000000001,3.3100000000000005,0.5685,0.5952,3.82,2.3,0.2732,0.8500000000000001,0.1863,0.27,9.12,1.58,1.1,0.31,-0.43000000000000005,1.33,20.59,4.34,1.73,0.5408000000000001,4.67,2.54,0.672,1.5,1.0,0.32299999999999995,35.9,52.7,22.310000000000002,-1.79,9.55,1.94,1.58,13.39,1.95,6.35,2.58,1.19,16.58,1.06,15.17,6.33,0.5926,12.11,0.6699999999999999,0.11470000000000001,3.3100000000000005,0.5685
josh green,2024,3,1,23.0,0,0.09,0.5934999999999999,3.27,1.94,0.3849,2.73,0.4436,1.06,10.66,1.9,0.58,0.17,-2.27,-0.05000000000000002,10.45,2.2,1.15,0.5022,5.9799999999999995,2.95,0.6967000000000001,1.12,0.78,0.185,23.4,59.9,24.009999999999998,-2.25,3.8,0.78,1.21,10.690000000000001,2.0700000000000003,7.789999999999999,1.61,0.75,13.66,1.05,7.140000000000001,2.98,0.6031,13.71,-0.15,0.0823,2.3600000000000003,0.5879,0.5934999999999999,3.27,1.94,0.3849,2.73,0.4436,1.06,10.66,1.9,0.58,0.17,-2.27,-0.05000000000000002,10.45,2.2,1.15,0.5022,5.9799999999999995,2.95,0.6967000000000001,1.12,0.78,0.185,23.4,59.9,24.009999999999998,-2.25,3.8,0.78,1.21,10.690000000000001,2.0700000000000003,7.789999999999999,1.61,0.75,13.66,1.05,7.140000000000001,2.98,0.6031,13.71,-0.15,0.0823,2.3600000000000003,0.5879
cole anthony,2024,3,1,23.0,0,0.0917999999999999,0.4814,6.609999999999999,3.22,0.3458,3.92,0.36719999999999997,1.34,22.549999999999997,3.76,1.68,0.45999999999999996,0.2,0.38,16.57,3.68,2.2,0.43189999999999995,10.559999999999999,4.529999999999999,0.852,2.97,2.5100000000000002,0.2821,14.2,71.5,25.31,-0.21,3.3899999999999997,0.74,1.06,14.8,2.4000000000000004,12.96,1.4300000000000002,0.72,12.75,1.77,9.98,4.42,0.5473,23.32,0.97,0.09040000000000001,3.2300000000000004,0.4956,0.4814,6.609999999999999,3.22,0.3458,3.92,0.36719999999999997,1.34,22.549999999999997,3.76,1.68,0.45999999999999996,0.2,0.38,16.57,3.68,2.2,0.43189999999999995,10.559999999999999,4.529999999999999,0.852,2.97,2.5100000000000002,0.2821,14.2,71.5,25.31,-0.21,3.3899999999999997,0.74,1.06,14.8,2.4000000000000004,12.96,1.4300000000000002,0.72,12.75,1.77,9.98,4.42,0.5473,23.32,0.97,0.09040000000000001,3.2300000000000004,0.4956
zach collins,2024,2,1,26.0,0,0.1191,0.5561,5.89,3.27,0.34040000000000004,2.29,0.2804,0.77,18.11,2.71,3.0,0.8,-1.1,0.24000000000000005,20.25,3.96,1.19,0.4954,8.16,4.04,0.7648,2.3,1.79,0.29300000000000004,23.1,59.0,21.5,-1.3900000000000001,8.600000000000001,1.71,0.6799999999999999,15.35,2.94,10.64,1.15,0.53,17.21,1.87,14.309999999999999,5.720000000000001,0.581,21.549999999999997,0.22,0.07429999999999999,1.8,0.5428999999999999,0.5561,5.89,3.27,0.34040000000000004,2.29,0.2804,0.77,18.11,2.71,3.0,0.8,-1.1,0.24000000000000005,20.25,3.96,1.19,0.4954,8.16,4.04,0.7648,2.3,1.79,0.29300000000000004,23.1,59.0,21.5,-1.3900000000000001,8.600000000000001,1.71,0.6799999999999999,15.35,2.94,10.64,1.15,0.53,17.21,1.87,14.309999999999999,5.720000000000001,0.581,21.549999999999997,0.22,0.07429999999999999,1.8,0.5428999999999999
aaron nesmith,2024,3,1,24.0,0,0.0782,0.5617,3.5,1.93,0.37329999999999997,4.029999999999999,0.549,1.5499999999999998,6.6,1.22,1.6400000000000001,0.52,-2.01,-0.17,12.65,2.5999999999999996,1.1600000000000001,0.4553,7.53,3.5300000000000002,0.8035,1.6199999999999999,1.31,0.20889999999999997,42.1,68.3,23.519999999999996,-1.8199999999999998,3.5199999999999996,0.75,1.5899999999999999,11.01,2.87,9.89,1.51,0.77,10.05,0.87,8.13,3.38,0.5867,16.48,0.22000000000000003,0.0722,2.7299999999999995,0.5567,0.5617,3.5,1.93,0.37329999999999997,4.029999999999999,0.549,1.5499999999999998,6.6,1.22,1.6400000000000001,0.52,-2.01,-0.17,12.65,2.5999999999999996,1.1600000000000001,0.4553,7.53,3.5300000000000002,0.8035,1.6199999999999999,1.31,0.20889999999999997,42.1,68.3,23.519999999999996,-1.8199999999999998,3.5199999999999996,0.75,1.5899999999999999,11.01,2.87,9.89,1.51,0.77,10.05,0.87,8.13,3.38,0.5867,16.48,0.22000000000000003,0.0722,2.7299999999999995,0.5567
zeke nnaji,2024,4,1,23.0,0,0.0632,0.5744,2.37,1.37,0.3017,0.96,0.2626,0.32,5.17,0.47,3.9799999999999995,0.53,-3.4000000000000004,-0.54,12.28,1.4100000000000001,0.73,0.503,3.3100000000000005,1.69,0.6582,1.23,0.79,0.3726,1.7,53.1,12.46,-2.85,11.059999999999999,1.19,0.71,12.65,1.68,4.48,1.2000000000000002,0.32,12.25,0.55,11.68,2.6,0.5758,15.24,-0.19,0.1059,1.44,0.5462,0.5744,2.37,1.37,0.3017,0.96,0.2626,0.32,5.17,0.47,3.9799999999999995,0.53,-3.4000000000000004,-0.54,12.28,1.4100000000000001,0.73,0.503,3.3100000000000005,1.69,0.6582,1.23,0.79,0.3726,1.7,53.1,12.46,-2.85,11.059999999999999,1.19,0.71,12.65,1.68,4.48,1.2000000000000002,0.32,12.25,0.55,11.68,2.6,0.5758,15.24,-0.19,0.1059,1.44,0.5462
payton pritchard,2024,4,1,26.0,1,0.0475999999999999,0.5372,2.48,1.33,0.3841,4.01,0.6211,1.54,18.630000000000003,2.49,0.28,0.07,-0.15999999999999992,-0.43999999999999995,10.86,1.8699999999999999,1.4,0.4434,6.4399999999999995,2.8899999999999997,0.8354999999999999,0.5,0.44999999999999996,0.0747,3.8,69.6,17.990000000000002,0.36000000000000004,4.14,0.7,2.43,13.74,1.07,7.72,1.12,0.42000000000000004,10.299999999999999,0.71,7.59,2.52,0.5749,18.259999999999998,0.84,0.1231,3.8499999999999996,0.5624,0.5602,1.8199999999999998,0.9500000000000001,0.3781,2.5,0.5631999999999999,0.9199999999999999,21.18,1.7000000000000002,0.12,0.020000000000000004,1.05,0.20000000000000007,9.8,1.08,0.23,0.45740000000000003,4.27,1.8699999999999999,0.8319000000000001,0.51,0.45999999999999996,0.1369,0.0,17.3,13.64,0.8199999999999998,3.1100000000000003,0.43,0.31000000000000005,13.530000000000001,0.89,5.12,0.77,0.19,12.36,0.58,6.529999999999999,1.51,0.5838000000000001,18.43,0.09,0.1175,0.6200000000000001,0.5630999999999999
jordan clarkson,2024,2,1,31.0,0,0.1002,0.5085,8.719999999999999,4.45,0.312,6.57,0.4302,2.08,21.47,4.32,0.47,0.15000000000000002,-2.79,-2.56,9.33,2.64,0.6900000000000001,0.4235,15.29,6.48,0.8509,3.49,2.95,0.2256,28.0,61.6,30.5,-0.25,3.5,0.97,0.6200000000000001,13.739999999999998,1.73,17.990000000000002,1.04,0.6100000000000001,13.11,2.5700000000000003,6.51,3.5999999999999996,0.5343,26.75,-0.32000000000000006,0.031400000000000004,1.31,0.491,0.5085,8.719999999999999,4.45,0.312,6.57,0.4302,2.08,21.47,4.32,0.47,0.15000000000000002,-2.79,-2.56,9.33,2.64,0.6900000000000001,0.4235,15.29,6.48,0.8509,3.49,2.95,0.2256,28.0,61.6,30.5,-0.25,3.5,0.97,0.6200000000000001,13.739999999999998,1.73,17.990000000000002,1.04,0.6100000000000001,13.11,2.5700000000000003,6.51,3.5999999999999996,0.5343,26.75,-0.32000000000000006,0.031400000000000004,1.31,0.491
kelly olynyk,2024,2,1,32.0,0,0.0911,0.5942000000000001,4.45,2.65,0.3789,2.6500000000000004,0.36639999999999995,1.02,23.740000000000002,3.87,1.67,0.45,1.34,1.02,18.740000000000002,4.07,1.43,0.5168,7.1,3.62,0.8273999999999999,2.61,2.16,0.36829999999999996,34.099999999999994,67.4,23.700000000000003,0.32999999999999996,6.1899999999999995,1.3399999999999999,2.63,16.36,2.9699999999999998,10.47,1.85,0.8800000000000001,19.56,2.0,12.46,5.390000000000001,0.6356,18.39,1.35,0.1191,4.0600000000000005,0.5863,0.5942000000000001,4.45,2.65,0.3789,2.6500000000000004,0.36639999999999995,1.02,23.740000000000002,3.87,1.67,0.45,1.34,1.02,18.740000000000002,4.07,1.43,0.5168,7.1,3.62,0.8273999999999999,2.61,2.16,0.36829999999999996,34.099999999999994,67.4,23.700000000000003,0.32999999999999996,6.1899999999999995,1.3399999999999999,2.63,16.36,2.9699999999999998,10.47,1.85,0.8800000000000001,19.56,2.0,12.46,5.390000000000001,0.6356,18.39,1.35,0.1191,4.0600000000000005,0.5863
richaun holmes,2024,2,1,30.0,0,0.09,0.5993999999999999,3.6900000000000004,2.24,0.43400000000000005,0.13,0.0404,0.03,5.41,0.5800000000000001,2.95,0.52,-2.62,-0.6900000000000001,20.46,2.76,0.52,0.5964,3.8200000000000003,2.3200000000000003,0.7538,1.15,0.8900000000000001,0.2839,12.7,41.6,14.22,-1.88,11.59,1.53,1.06,14.68,1.8699999999999999,5.51,0.73,0.26,12.87,0.6299999999999999,16.0,4.27,0.6347,14.62,-0.04999999999999999,0.1199,1.5300000000000002,0.6069,0.5993999999999999,3.6900000000000004,2.24,0.43400000000000005,0.13,0.0404,0.03,5.41,0.5800000000000001,2.95,0.52,-2.62,-0.6900000000000001,20.46,2.76,0.52,0.5964,3.8200000000000003,2.3200000000000003,0.7538,1.15,0.8900000000000001,0.2839,12.7,41.6,14.22,-1.88,11.59,1.53,1.06,14.68,1.8699999999999999,5.51,0.73,0.26,12.87,0.6299999999999999,16.0,4.27,0.6347,14.62,-0.04999999999999999,0.1199,1.5300000000000002,0.6069
mike conley,2024,2,1,36.0,0,0.071,0.47909999999999997,3.76,1.7999999999999998,0.4181,5.369999999999999,0.5916,2.26,28.56,6.02,0.71,0.22,2.59,0.8099999999999999,8.63,2.34,2.53,0.44389999999999996,9.18,4.08,0.8649,1.96,1.6400000000000001,0.2111,72.2,72.5,29.259999999999998,1.78,2.06,0.54,4.609999999999999,15.75,1.88,12.010000000000002,1.97,1.19,12.83,1.44,5.43,2.8600000000000003,0.6028,17.07,2.49,0.1604,7.09,0.5676,0.47909999999999997,3.76,1.7999999999999998,0.4181,5.369999999999999,0.5916,2.26,28.56,6.02,0.71,0.22,2.59,0.8099999999999999,8.63,2.34,2.53,0.44389999999999996,9.18,4.08,0.8649,1.96,1.6400000000000001,0.2111,72.2,72.5,29.259999999999998,1.78,2.06,0.54,4.609999999999999,15.75,1.88,12.010000000000002,1.97,1.19,12.83,1.44,5.43,2.8600000000000003,0.6028,17.07,2.49,0.1604,7.09,0.5676
john konchar,2024,3,1,27.0,0,0.0438999999999999,0.5694999999999999,1.78,1.02,0.3428,2.21,0.5506,0.73,11.08,1.72,2.8,0.6,0.25000000000000006,2.08,18.240000000000002,3.4000000000000004,1.96,0.4438,3.94,1.75,0.7636000000000001,0.54,0.4,0.1313,19.799999999999997,63.5,20.47,-1.83,5.98,1.1600000000000001,1.03,11.740000000000002,1.44,4.64,2.1100000000000003,0.9,13.53,0.63,11.96,4.5600000000000005,0.5541,9.95,0.76,0.1098,2.99,0.5375,0.5694999999999999,1.78,1.02,0.3428,2.21,0.5506,0.73,11.08,1.72,2.8,0.6,0.25000000000000006,2.08,18.240000000000002,3.4000000000000004,1.96,0.4438,3.94,1.75,0.7636000000000001,0.54,0.4,0.1313,19.799999999999997,63.5,20.47,-1.83,5.98,1.1600000000000001,1.03,11.740000000000002,1.44,4.64,2.1100000000000003,0.9,13.53,0.63,11.96,4.5600000000000005,0.5541,9.95,0.76,0.1098,2.99,0.5375
miles mcbride,2024,3,1,23.0,0,0.0335,0.4676,1.99,0.96,0.3447,2.92,0.6058999999999999,1.06,13.0,1.38,0.61,0.08,-1.64,0.8200000000000001,6.8100000000000005,0.88,0.9400000000000001,0.3926,4.91,2.02,0.7635000000000001,0.62,0.45999999999999996,0.1357,8.0,61.2,15.18,-2.3800000000000003,2.09,0.33,1.18,10.29,1.29,5.640000000000001,2.05,0.61,6.7,0.34,4.4,1.21,0.5161,15.36,0.22999999999999998,0.08600000000000001,2.05,0.49629999999999996,0.4676,1.99,0.96,0.3447,2.92,0.6058999999999999,1.06,13.0,1.38,0.61,0.08,-1.64,0.8200000000000001,6.8100000000000005,0.88,0.9400000000000001,0.3926,4.91,2.02,0.7635000000000001,0.62,0.45999999999999996,0.1357,8.0,61.2,15.18,-2.3800000000000003,2.09,0.33,1.18,10.29,1.29,5.640000000000001,2.05,0.61,6.7,0.34,4.4,1.21,0.5161,15.36,0.22999999999999998,0.08600000000000001,2.05,0.49629999999999996
