Player,player_height,player_weight,year
randy livingston,193.04,94.800728,1996
gaylon nickerson,190.5,86.18248,1994
george lynch,203.2,103.418976,1993
george mccloud,203.2,102.0582,1989
george zidek,213.36,119.748288,1995
gerald wilkins,198.12,102.0582,1985
gheorghe muresan,231.14,137.438376,1993
glen rice,203.2,99.79024,1989
glenn robinson,200.66,106.59412,1994
grant hill,203.2,102.0582,1994
gary trent,203.2,113.398,1995
grant long,205.74,112.490816,1988
greg anthony,185.42,81.64656,1991
greg dreiling,215.9,120.20188,1986
greg foster,210.82,113.398,1990
greg graham,193.04,82.553744,1993
greg minor,198.12,95.25432,1994
greg ostertag,218.44,127.00576,1995
hakeem olajuwon,213.36,115.66596,1984
harvey grant,205.74,102.0582,1988
haywoode workman,187.96,81.64656,1989
greg anderson,208.28,113.398,1987
gary payton,193.04,86.18248,1990
gary grant,190.5,83.91452,1988
fred roberts,208.28,98.883056,1982
eldridge recasner,193.04,86.18248,1992
elliot perry,182.88,72.57472,1991
elmer bennett,182.88,77.11064,1992
elmore spencer,213.36,122.46984,1992
emanual davis,195.58,87.996848,Undrafted
ennis whatley,190.5,80.28578399999998,1983
eric leckner,210.82,120.20188,1988
eric mobley,210.82,106.59412,1994
eric montross,213.36,122.46984,1994
eric murdock,185.42,86.18248,1991
eric piatkowski,200.66,97.52228,1994
eric snow,190.5,90.7184,1995
eric williams,203.2,99.79024,1995
erick dampier,210.82,120.20188,1996
erick strickland,190.5,95.25432,Undrafted
ervin johnson,210.82,111.13004,1993
evric gray,200.66,106.59412,Undrafted
felton spencer,213.36,127.00576,1990
frank brickowski,205.74,108.86208,1981
frankie king,185.42,83.91452,1995
fred hoiberg,193.04,92.079176,1995
henry james,203.2,99.79024,Undrafted
elden campbell,213.36,113.398,1990
herb williams,210.82,117.93392,1981
horace grant,208.28,111.13004,1987
jerome williams,205.74,93.439952,1996
jerry stackhouse,198.12,98.883056,1995
jim jackson,198.12,97.52228,1992
jim mcilvaine,215.9,117.93392,1994
jimmy carruth,208.28,120.20188,Undrafted
jimmy king,195.58,95.25432,1995
jimmy oliver,195.58,92.98636,1991
joe courtney,203.2,106.59412,Undrafted
joe dumars,190.5,88.45044,1985
jerome kersey,200.66,108.86208,1984
joe kleine,213.36,122.923432,1985
joe stephens,200.66,95.25432,Undrafted
joe wolf,210.82,117.93392,1987
john crotty,187.96,83.91452,Undrafted
john long,195.58,90.7184,1978
john starks,195.58,83.91452,Undrafted
john stockton,185.42,79.3786,1984
john wallace,205.74,102.0582,1996
johnny newman,200.66,90.7184,1986
jon barry,195.58,92.98636,1992
joe smith,208.28,102.0582,1995
jerome allen,193.04,83.46092800000001,1995
jermaine oneal,210.82,102.511792,1996
jeff mcinnis,193.04,86.18248,1996
horacio llamas,210.82,129.27372,Undrafted
hot rod williams,210.82,111.13004,1985
howard eisley,187.96,80.28578399999998,1994
hubert davis,195.58,83.007336,1992
ike austin,208.28,122.46984,1991
isaiah rider,195.58,97.52228,1993
ivano newbill,208.28,111.13004,1994
jack haley,208.28,109.769264,1987
jalen rose,203.2,95.25432,1994
jamal mashburn,203.2,113.398,1993
james robinson,187.96,81.64656,1993
james scott,198.12,81.64656,Undrafted
jamie feick,203.2,115.66596,1996
jamie watson,200.66,86.18248,1994
jaren jackson,198.12,95.25432,Undrafted
jason caffey,203.2,116.119552,1995
jason kidd,193.04,94.347136,1994
jason sasser,200.66,102.0582,1996
jayson williams,205.74,108.86208,1990
jeff grayer,195.58,95.25432,1988
jeff hornacek,193.04,86.18248,1986
hersey hawkins,190.5,86.18248,1988
eddie jones,198.12,86.18248,1994
eddie johnson,200.66,97.52228,1981
ed pinckney,205.74,108.86208,1985
chris jent,200.66,99.79024,Undrafted
chris mills,200.66,97.975872,1993
chris morris,203.2,99.79024,1988
chris mullin,200.66,97.52228,1985
chris robinson,195.58,90.7184,1996
chris webber,208.28,111.13004,1993
chris whitney,182.88,77.11064,1993
christian laettner,210.82,111.13004,1992
chucky brown,203.2,97.52228,1989
chris gatling,208.28,104.32616,1991
clar weatherspoon,200.66,108.86208,1992
clifford rozier,210.82,104.32616,1994
clyde drexler,200.66,100.697424,1983
corie blount,208.28,109.769264,1993
corliss williamson,200.66,111.13004,1995
cory alexander,185.42,86.18248,1995
craig ehlo,198.12,81.64656,1983
cuonzo martin,195.58,96.615096,1995
dale davis,210.82,104.32616,1991
dale ellis,200.66,97.52228,1983
clifford robinson,208.28,102.0582,1989
chris dudley,210.82,108.86208,1987
chris childs,190.5,88.45044,Undrafted
chris carr,198.12,99.79024,1995
brian evans,203.2,99.79024,1996
brian grant,205.74,115.212368,1994
brian shaw,198.12,90.7184,1988
brooks thompson,193.04,87.543256,1994
bruce bowen,200.66,90.7184,Undrafted
bryant reeves,213.36,124.7378,1995
bryant stith,195.58,94.347136,1992
bryon russell,200.66,102.0582,1993
buck williams,203.2,102.0582,1981
byron scott,193.04,92.98636,1983
calbert cheaney,200.66,97.52228,1993
carl herrera,205.74,102.0582,1990
carl thomas,193.04,79.3786,Undrafted
carlos rogers,210.82,99.79024,1994
cedric ceballos,200.66,102.0582,1990
charles barkley,198.12,114.305184,1984
charles jones,205.74,97.52228,1979
charles oakley,205.74,111.13004,1985
charles smith,208.28,110.676448,1988
charlie ward,187.96,86.18248,1994
cherokee parks,210.82,108.86208,1995
damon stoudamire,177.8,77.56423199999999,1995
dan majerle,198.12,99.79024,1988
dan schayes,210.82,117.93392,1981
dana barros,180.34,73.935496,1989
dexter boney,193.04,83.91452,Undrafted
dickey simpkins,205.74,112.490816,1994
dikembe mutombo,218.44,113.398,1991
dino radja,210.82,102.0582,1989
dominique wilkins,203.2,104.32616,1982
don maclean,208.28,106.59412,1992
don reid,203.2,113.398,1995
donald royal,203.2,98.883056,1987
donald whiteside,177.8,72.57472,Undrafted
donnie boyce,195.58,88.904032,1995
donny marshall,200.66,104.32616,1995
dontonio wingfield,203.2,116.119552,1994
donyell marshall,205.74,104.32616,1994
doug christie,198.12,92.98636,1992
doug overton,190.5,86.18248,1991
doug west,198.12,99.79024,1989
duane causwell,213.36,108.86208,1990
duane ferrell,200.66,97.52228,Undrafted
dwayne schintzius,215.9,117.93392,1990
earl cureton,205.74,95.25432,1979
ed obannon,203.2,100.697424,1995
devin gray,200.66,108.86208,1995
jud buechler,198.12,103.418976,1990
detlef schrempf,208.28,106.59412,1985
derrick coleman,208.28,117.93392,1990
danny ferry,208.28,106.59412,1989
danny manning,208.28,106.140528,1988
darrell armstrong,185.42,81.64656,Undrafted
darrick martin,180.34,77.11064,Undrafted
darrin hancock,200.66,92.98636,1994
darvin ham,200.66,99.79024,Undrafted
david robinson,215.9,106.59412,1987
david vaughn,205.74,108.86208,1995
david wesley,185.42,89.811216,Undrafted
david wingate,195.58,83.91452,1986
david wood,205.74,104.32616,Undrafted
dean garrett,210.82,113.398,1988
dee brown,187.96,87.089664,1990
dell curry,195.58,92.98636,1986
dell demps,190.5,92.98636,Undrafted
dennis rodman,198.12,99.79024,1986
dennis scott,203.2,106.59412,1990
derek fisher,185.42,90.7184,1996
derek harper,193.04,93.439952,1983
derek strong,205.74,108.86208,1990
derrick alston,210.82,102.0582,1994
derrick mckey,205.74,92.98636,1987
brett szabo,210.82,104.32616,Undrafted
juwan howard,205.74,113.398,1994
keith askins,203.2,101.604608,Undrafted
scott burrell,200.66,102.511792,1993
scott williams,208.28,104.32616,Undrafted
scottie pippen,200.66,103.418976,1987
sean elliott,203.2,99.79024,1989
sean rooks,208.28,117.93392,1992
sedale threatt,187.96,83.91452,1983
shandon anderson,198.12,94.347136,1996
shane heal,182.88,81.64656,Undrafted
shaquille oneal,215.9,136.0776,1992
scott brooks,180.34,74.84268,Undrafted
shareef abdurrahim,205.74,104.32616,1996
shawn bradley,228.6,112.490816,1993
shawn kemp,208.28,116.119552,1989
shawn respert,187.96,83.91452,1995
shawnelle scott,210.82,113.398,1994
sherman douglas,185.42,88.45044,1989
stacey augmon,203.2,92.98636,1991
stacey king,210.82,113.398,1989
stanley roberts,213.36,131.54168,1991
stephen howard,205.74,111.13004,Undrafted
sharone wright,210.82,117.93392,1994
sasha danilovic,198.12,90.7184,1992
sarunas marciulionis,195.58,90.7184,1987
samaki walker,205.74,108.86208,1996
rex walters,193.04,86.18248,1993
richard manning,210.82,111.13004,1993
rick fox,200.66,112.944408,1991
rick mahorn,208.28,117.93392,1980
ricky pierce,193.04,97.52228,1982
rik smits,223.52,120.20188,1988
robert horry,208.28,99.79024,1992
robert pack,187.96,86.18248,Undrafted
robert parish,215.9,110.676448,1976
robert werdann,210.82,113.398,1992
rod strickland,190.5,83.91452,1988
rodney rogers,200.66,115.66596,1993
ron harper,198.12,97.975872,1986
rony seikaly,210.82,114.758776,1988
roy rogers,208.28,106.59412,1996
ruben nembhard,190.5,94.347136,Undrafted
rumeal robinson,187.96,88.45044,1990
sam cassell,190.5,83.91452,1993
sam mack,200.66,99.79024,Undrafted
sam mitchell,200.66,97.52228,1985
sam perkins,205.74,115.66596,1984
stephon marbury,187.96,81.64656,1996
rex chapman,193.04,88.45044,1988
steve hamer,213.36,111.13004,1996
steve nash,190.5,88.45044,1996
willie anderson,203.2,90.7184,1988
will perdue,213.36,108.86208,1988
wesley person,198.12,88.45044,1994
wayman tisdale,205.74,117.93392,1985
walter mccarty,208.28,104.32616,1996
walt williams,203.2,104.32616,1992
voshon lenard,193.04,92.98636,1994
vlade divac,215.9,117.93392,1989
vitaly potapenko,208.28,127.00576,1996
willie burton,203.2,95.25432,1990
vinny del negro,193.04,90.7184,1988
vin baker,210.82,111.13004,1993
vernon maxwell,193.04,86.18248,1988
tyus edney,177.8,68.945984,1995
tyrone hill,205.74,111.13004,1990
tyrone corbin,198.12,102.0582,1985
travis knight,213.36,106.59412,1996
travis best,180.34,82.553744,1995
tracy murray,200.66,103.418976,1992
tracy moore,193.04,90.7184,Undrafted
vincent askew,198.12,106.59412,1987
xavier mcdaniel,200.66,98.883056,1985
yinka dare,213.36,120.20188,1994
zan tabak,213.36,111.13004,1991
steve scheffler,205.74,113.398,1990
steven smith,203.2,97.52228,1991
stevin smith,187.96,94.347136,Undrafted
stojko vrankovic,218.44,117.93392,Undrafted
terrell brandon,180.34,81.64656,1991
terry cummings,205.74,113.398,1982
terry dehere,193.04,86.18248,1993
terry mills,208.28,113.398,1990
terry porter,190.5,88.45044,1985
theo ratliff,208.28,102.0582,1995
tim hardaway,182.88,88.45044,1989
tim kempton,208.28,111.13004,1986
tim legler,193.04,90.7184,Undrafted
todd day,198.12,85.275296,1992
todd fuller,210.82,115.66596,1996
tom chambers,208.28,99.79024,1981
tom gugliotta,208.28,108.86208,1992
tom hammonds,205.74,102.0582,1989
toni kukoc,210.82,105.233344,1990
tony delk,187.96,85.728888,1996
tony dumas,198.12,86.18248,1994
steve kerr,190.5,81.64656,1988
reggie williams,201.0,86.0,1987
reggie slater,200.66,97.52228,Undrafted
reggie miller,200.66,83.91452,1987
lindsey hunter,187.96,88.45044,1993
lionel simmons,200.66,95.25432,1990
litterial green,185.42,83.91452,1992
tony smith,193.04,92.98636,1990
loren meyer,208.28,117.93392,1995
lorenzen wright,210.82,108.86208,1996
lorenzo williams,205.74,104.32616,Undrafted
lou roe,200.66,99.79024,1995
loy vaught,205.74,108.86208,1990
lee mayberry,185.42,81.64656,1992
luc longley,218.44,132.448864,1991
mahmoud abdulrauf,185.42,73.481904,1990
malik rose,200.66,113.398,1996
malik sealy,203.2,90.7184,1992
marcus brown,190.5,83.91452,1996
marcus camby,210.82,99.79024,1996
mario elie,195.58,95.25432,1985
mark bradtke,208.28,120.20188,Undrafted
mark bryant,205.74,111.13004,1988
mark davis,200.66,95.25432,1995
lucious harris,195.58,92.98636,1993
lawrence moten,195.58,86.18248,1995
latrell sprewell,195.58,86.18248,1992
larry stewart,203.2,104.32616,Undrafted
keith tower,210.82,113.398,Undrafted
ken norman,203.2,97.52228,1987
kendall gill,195.58,97.975872,1990
kenny anderson,185.42,76.203456,1991
kenny smith,190.5,77.11064,1987
kerry kittles,195.58,81.19296800000001,1996
kevin duckworth,213.36,136.0776,1986
kevin edwards,190.5,95.25432,1988
kevin gamble,195.58,95.25432,1987
kevin garnett,210.82,99.79024,1995
kevin johnson,185.42,86.18248,1987
kevin salvadori,213.36,104.779752,Undrafted
kevin willis,213.36,111.13004,1984
khalid reeves,190.5,91.171992,1994
kobe bryant,200.66,90.7184,1996
kurt thomas,205.74,106.59412,1995
laphonso ellis,203.2,108.86208,1992
lasalle thompson,208.28,111.13004,1982
lamond murray,200.66,107.047712,1994
larry johnson,200.66,119.294696,1991
larry krystkowiak,205.74,99.79024,1986
mark hendrickson,205.74,99.79024,1996
mark jackson,190.5,83.91452,1987
mark price,182.88,81.64656,1986
mark strickland,208.28,99.79024,Undrafted
nick anderson,198.12,103.418976,1989
nick van exel,185.42,83.007336,1993
olden polynice,213.36,113.398,1987
oliver miller,205.74,140.61352,1992
othella harrington,205.74,106.59412,1996
otis thorpe,208.28,111.583632,1984
pj brown,210.82,108.86208,1992
patrick ewing,213.36,108.86208,1985
pervis ellison,205.74,95.25432,1989
pete chilcutt,208.28,108.86208,1991
pooh richardson,185.42,81.64656,1989
popeye jones,203.2,113.398,1992
priest lauderdale,223.52,155.582056,1996
rafael addison,203.2,109.315672,1986
randolph childress,187.96,85.275296,1995
randy brown,187.96,86.18248,1991
rasheed wallace,210.82,102.0582,1995
ray allen,195.58,92.98636,1996
ray owes,205.74,101.604608,Undrafted
reggie geary,187.96,84.821704,1996
reggie jordan,193.04,88.45044,Undrafted
nate mcmillan,195.58,90.7184,1986
karl malone,205.74,116.119552,1985
nate driggers,195.58,97.52228,Undrafted
mookie blaylock,185.42,83.91452,1989
mark west,208.28,111.583632,1983
martin lewis,198.12,102.0582,1995
martin muursepp,205.74,106.59412,1996
marty conlon,210.82,111.13004,Undrafted
matt bullard,208.28,106.59412,Undrafted
matt fish,210.82,106.59412,1992
matt geiger,215.9,111.13004,1992
matt maloney,190.5,90.7184,Undrafted
matt steigenga,200.66,102.0582,1992
melvin booker,187.96,83.91452,Undrafted
michael cage,205.74,112.490816,1984
michael curry,195.58,95.25432,Undrafted
michael finley,200.66,97.52228,1995
michael hawkins,182.88,80.73937600000001,Undrafted
michael jordan,198.12,97.975872,1984
michael smith,203.2,104.32616,1994
mike brown,208.28,117.93392,1985
mitch richmond,195.58,97.52228,1988
mitchell butler,195.58,95.25432,Undrafted
monty williams,203.2,102.0582,1994
moochie norris,187.96,85.275296,1996
muggsy bogues,160.02,63.956472,1987
brent scott,208.28,113.398,Undrafted
lloyd daniels,200.66,92.98636,Undrafted
tony massenburg,205.74,113.398,1990
antonio mcdyess,205.74,99.79024,1995
armen gilliam,205.74,117.93392,1987
arvydas sabonis,220.98,132.448864,1986
ashraf amaya,203.2,104.32616,Undrafted
avery johnson,180.34,81.64656,Undrafted
bj armstrong,187.96,79.3786,1989
ben davis,205.74,108.86208,1996
ben wallace,205.74,108.86208,Undrafted
benoit benjamin,213.36,113.398,1985
antonio lang,203.2,104.32616,1994
bill wennington,213.36,111.13004,1985
bimbo coles,187.96,82.553744,1990
bison dele,210.82,117.93392,1991
blue edwards,193.04,103.418976,1989
bo outlaw,203.2,95.25432,Undrafted
bob sura,195.58,90.7184,1995
bobby hurley,182.88,74.84268,1993
bobby phills,195.58,99.79024,1991
brad lohaus,210.82,104.32616,1987
brent price,185.42,83.91452,1992
billy owens,205.74,102.0582,1991
antonio harvey,210.82,102.0582,Undrafted
brent barry,198.12,88.45044,1995
antoine walker,205.74,101.604608,1996
ac green,205.74,102.0582,1985
aaron mckie,195.58,94.800728,1994
aaron williams,205.74,102.0582,Undrafted
acie earl,210.82,108.86208,1993
adam keefe,205.74,109.315672,1992
adrian caldwell,203.2,120.20188,Undrafted
antonio davis,205.74,104.32616,1990
aleksandar djordjevic,187.96,89.811216,Undrafted
allan houston,198.12,90.7184,1993
allen iverson,182.88,74.84268,1996
alan henderson,205.74,106.59412,1995
alton lister,213.36,111.13004,1981
antoine carr,205.74,115.66596,1983
alonzo mourning,208.28,118.38751200000002,1992
anthony miller,205.74,115.66596,1994
anthony mason,203.2,113.398,1988
anthony goldwire,187.96,82.553744,1994
anthony peeler,193.04,94.347136,1992
andrew lang,210.82,124.7378,1988
andrew declercq,208.28,104.32616,1995
amal mccaskill,210.82,106.59412,1996
anfernee hardaway,200.66,97.52228,1993
nick van exel,185.42,86.18248,1993
nick anderson,198.12,103.418976,1989
nate mcmillan,195.58,95.25432,1986
muggsy bogues,160.02,63.956472,1987
mookie blaylock,185.42,83.91452,1989
monty williams,203.2,102.0582,1994
mitchell butler,195.58,95.25432,Undrafted
mitch richmond,195.58,97.52228,1988
micheal williams,187.96,79.3786,1988
matt geiger,215.9,111.13004,1992
michael smith,203.2,104.32616,1994
michael mcdonald,208.28,105.233344,1995
michael jordan,198.12,97.975872,1984
michael finley,200.66,97.52228,1995
michael curry,195.58,102.965384,Undrafted
michael cage,205.74,112.490816,1984
maurice taylor,205.74,117.93392,1997
matt maloney,190.5,90.7184,Undrafted
olden polynice,213.36,113.398,1987
matt bullard,208.28,106.59412,Undrafted
michael stewart,208.28,104.32616,Undrafted
oliver miller,205.74,147.4174,1992
randy livingston,193.04,95.25432,1996
otis thorpe,208.28,111.583632,1984
rick fox,200.66,109.769264,1991
marty conlon,210.82,111.13004,Undrafted
rick brunson,193.04,88.45044,Undrafted
rex walters,193.04,86.18248,1993
rex chapman,193.04,88.45044,1988
reggie slater,200.66,115.66596,Undrafted
reggie miller,200.66,83.91452,1987
reggie jordan,193.04,88.45044,Undrafted
reggie hanson,203.2,88.45044,1998
reggie geary,187.96,84.821704,1996
ray allen,195.58,92.98636,1996
rasheed wallace,210.82,102.0582,1995
randy brown,187.96,86.636072,1991
priest lauderdale,223.52,147.4174,1996
popeye jones,203.2,120.20188,1992
pooh richardson,185.42,81.64656,1989
pete myers,198.12,81.64656,1986
pete chilcutt,208.28,108.86208,1991
pervis ellison,205.74,95.25432,1989
patrick ewing,213.36,115.66596,1985
pj brown,210.82,108.86208,1992
othella harrington,205.74,106.59412,1996
martin muursepp,205.74,106.59412,1996
lee mayberry,185.42,81.64656,1992
mark west,208.28,111.583632,1983
latrell sprewell,195.58,86.18248,1992
larry robinson,190.5,81.64656,Undrafted
larry johnson,200.66,119.294696,1991
lamond murray,200.66,107.047712,1994
laphonso ellis,203.2,108.86208,1992
kurt thomas,205.74,104.32616,1995
kobe bryant,200.66,95.25432,1996
kiwane garris,187.96,83.007336,Undrafted
khalid reeves,190.5,91.171992,1994
kevin willis,213.36,111.13004,1984
kevin salvadori,213.36,104.779752,Undrafted
kevin ollie,193.04,88.45044,Undrafted
kevin johnson,185.42,86.18248,1987
kevin garnett,210.82,99.79024,1995
kevin edwards,190.5,86.18248,1988
kerry kittles,195.58,81.19296800000001,1996
kenny anderson,185.42,76.203456,1991
kendall gill,195.58,97.975872,1990
kelvin cato,210.82,115.66596,1997
keith van horn,208.28,99.79024,1997
keith closs,220.98,96.161504,Undrafted
lawrence funderburke,205.74,104.32616,1994
marko milic,198.12,106.59412,1997
lawrence moten,195.58,83.91452,1995
rick mahorn,208.28,117.93392,1980
mark strickland,208.28,99.79024,Undrafted
mark price,182.88,81.64656,1986
mark pope,208.28,106.59412,1996
mark jackson,190.5,83.91452,1987
mark hendrickson,205.74,99.79024,1996
mark davis,200.66,95.25432,1995
mark bryant,205.74,111.13004,1988
mario elie,195.58,95.25432,1985
mario bennett,205.74,106.59412,1995
marcus camby,210.82,99.79024,1996
malik sealy,203.2,90.7184,1992
malik rose,200.66,113.398,1996
mahmoud abdulrauf,185.42,73.481904,1990
lucious harris,195.58,92.98636,1993
luc longley,218.44,132.448864,1991
loy vaught,205.74,104.32616,1990
lorenzo williams,205.74,90.7184,Undrafted
lorenzen wright,210.82,108.86208,1996
lloyd daniels,200.66,92.98636,Undrafted
litterial green,185.42,88.45044,1992
lindsey hunter,187.96,88.45044,1993
ledell eackles,195.58,104.779752,1988
ricky pierce,193.04,97.52228,1982
sean higgins,205.74,92.98636,1990
robert horry,208.28,99.79024,1992
tracy murray,200.66,103.418976,1992
tracy mcgrady,203.2,95.25432,1997
tony smith,190.5,83.91452,1990
tony massenburg,205.74,113.398,1990
tony farmer,205.74,111.13004,Undrafted
tony dumas,198.12,86.18248,1994
tony delk,187.96,87.089664,1996
tony battie,210.82,108.86208,1997
toni kukoc,210.82,105.233344,1990
travis best,180.34,82.553744,1995
tom hammonds,205.74,102.0582,1989
tom chambers,208.28,99.79024,1981
todd fuller,210.82,115.66596,1996
todd day,198.12,85.275296,1992
tim thomas,208.28,104.32616,1997
tim legler,193.04,90.7184,Undrafted
tim kempton,208.28,111.13004,1986
tim hardaway,182.88,88.45044,1989
tim duncan,213.36,112.490816,1997
tim breaux,200.66,97.52228,Undrafted
tom gugliotta,208.28,108.86208,1992
travis knight,213.36,106.59412,1996
travis williams,200.66,113.398,Undrafted
troy hudson,185.42,80.73937600000001,Undrafted
chuck person,203.2,106.59412,1986
zydrunas ilgauskas,220.98,117.93392,1996
zan tabak,213.36,111.13004,1991
yinka dare,213.36,120.20188,1994
xavier mcdaniel,200.66,92.98636,1985
willie burton,203.2,95.25432,1990
william cunningham,210.82,113.398,Undrafted
will perdue,213.36,108.86208,1988
wesley person,198.12,88.45044,1994
walter mccarty,208.28,104.32616,1996
walt williams,203.2,104.32616,1992
voshon lenard,193.04,92.98636,1994
vlade divac,215.9,117.93392,1989
vitaly potapenko,208.28,127.00576,1996
vinny del negro,193.04,90.7184,1988
vincent askew,198.12,95.25432,1987
vin baker,210.82,113.398,1993
vernon maxwell,193.04,81.64656,1988
tyus edney,177.8,68.945984,1995
tyrone hill,205.74,113.398,1990
tyrone corbin,198.12,102.0582,1985
theo ratliff,208.28,102.0582,1995
terry porter,190.5,88.45044,1985
terry mills,208.28,113.398,1990
terry dehere,193.04,86.18248,1993
keith booth,198.12,102.511792,1997
sean elliott,203.2,92.98636,1989
scottie pippen,200.66,103.418976,1987
scott williams,208.28,104.32616,Undrafted
scott burrell,200.66,98.883056,1993
scott brooks,180.34,74.84268,Undrafted
scot pollard,210.82,120.20188,1997
samaki walker,205.74,108.86208,1996
sam perkins,205.74,117.93392,1984
sam mitchell,200.66,97.52228,1985
sam mack,200.66,99.79024,Undrafted
sam cassell,190.5,83.91452,1993
rusty larue,190.5,83.91452,Undrafted
roy rogers,208.28,106.59412,1996
rony seikaly,210.82,114.758776,1988
ron mercer,200.66,95.25432,1997
ron harper,198.12,97.975872,1986
rodrick rhodes,198.12,102.0582,1997
rodney rogers,200.66,115.66596,1993
rod strickland,190.5,83.91452,1988
robert pack,187.96,86.18248,Undrafted
sean rooks,208.28,117.93392,1992
rik smits,223.52,120.20188,1988
shandon anderson,198.12,95.25432,1996
shareef abdurrahim,205.74,104.32616,1996
terry davis,208.28,113.398,Undrafted
terry cummings,205.74,113.398,1982
terrell brandon,180.34,78.471416,1991
tariq abdulwahad,198.12,101.151016,1997
stojko vrankovic,218.44,117.93392,Undrafted
steven smith,203.2,100.243832,1991
steve nash,190.5,88.45044,1996
steve kerr,190.5,82.10015200000001,1988
steve henson,185.42,81.64656,1990
stephon marbury,187.96,81.64656,1996
stephen howard,205.74,102.0582,Undrafted
stanley roberts,213.36,131.54168,1991
stacey augmon,203.2,92.98636,1991
spud webb,167.64,60.327736,1985
sherman douglas,185.42,88.45044,1989
shea seals,195.58,95.25432,Undrafted
shawnelle scott,210.82,113.398,1994
shawn respert,187.96,88.45044,1995
shawn kemp,208.28,116.119552,1989
shawn bradley,228.6,112.490816,1993
sharone wright,210.82,117.93392,1994
shaquille oneal,215.9,142.88148,1992
keith askins,203.2,101.604608,Undrafted
christian laettner,210.82,111.13004,1992
karl malone,205.74,116.119552,1985
adam keefe,205.74,104.32616,1992
adonal foyle,208.28,113.398,1997
adrian caldwell,203.2,120.20188,Undrafted
alan henderson,205.74,106.59412,1995
allan houston,198.12,90.7184,1993
allen iverson,182.88,74.84268,1996
alonzo mourning,208.28,118.38751200000002,1992
alton lister,213.36,111.13004,1981
alvin williams,195.58,83.91452,1997
andrew declercq,208.28,104.32616,1995
andrew lang,210.82,122.46984,1988
anfernee hardaway,200.66,97.52228,1993
aaron williams,205.74,102.0582,Undrafted
anthony bowie,198.12,90.7184,1986
anthony johnson,190.5,86.18248,1997
anthony mason,203.2,113.398,1988
anthony miller,205.74,115.66596,1994
anthony parker,198.12,97.52228,1997
anthony peeler,193.04,94.347136,1992
antoine carr,205.74,122.46984,1983
antoine walker,205.74,111.13004,1996
antonio daniels,193.04,88.45044,1997
antonio davis,205.74,104.32616,1990
antonio lang,203.2,92.98636,1994
antonio mcdyess,205.74,99.79024,1995
armen gilliam,205.74,117.93392,1987
anthony goldwire,187.96,82.553744,1994
aaron mckie,195.58,94.800728,1994
ac green,205.74,102.0582,1985
chucky brown,203.2,97.52228,1989
dejuan wheat,182.88,74.84268,1997
david wingate,195.58,83.91452,1986
david wesley,185.42,91.625584,Undrafted
david vaughn,205.74,108.86208,1995
david robinson,215.9,113.398,1987
david benoit,203.2,99.79024,Undrafted
darvin ham,200.66,104.32616,Undrafted
darrick martin,180.34,77.11064,Undrafted
darrell armstrong,185.42,81.64656,Undrafted
danny manning,208.28,106.140528,1988
danny fortson,200.66,117.93392,1997
danny ferry,208.28,106.59412,1989
dana barros,180.34,73.935496,1989
dan schayes,210.82,117.93392,1981
chris whitney,182.88,77.11064,1993
dan majerle,198.12,99.79024,1988
damon stoudamire,177.8,77.56423199999999,1995
dale ellis,200.66,97.52228,1983
dale davis,210.82,104.32616,1991
cory alexander,185.42,86.18248,1995
corliss williamson,200.66,111.13004,1995
corie blount,208.28,109.769264,1993
corey beck,190.5,90.7184,Undrafted
clyde drexler,200.66,100.697424,1983
clifford rozier,210.82,111.13004,1994
clifford robinson,208.28,102.0582,1989
clar weatherspoon,200.66,108.86208,1992
arvydas sabonis,220.98,132.448864,1986
dean garrett,210.82,113.398,1988
austin croshere,205.74,106.59412,1997
bj armstrong,187.96,83.91452,1989
chauncey billups,190.5,91.625584,1997
charlie ward,187.96,86.18248,1994
charles smith,193.04,87.996848,1997
charles oakley,205.74,111.13004,1985
charles obannon,195.58,94.800728,1997
charles barkley,198.12,114.305184,1984
cedric henderson,200.66,97.52228,1997
cedric ceballos,200.66,99.79024,1990
carlos rogers,210.82,99.79024,1994
carl thomas,193.04,88.45044,Undrafted
carl herrera,205.74,102.0582,1990
calbert cheaney,200.66,97.52228,1993
cherokee parks,210.82,108.86208,1995
buck williams,203.2,102.0582,1981
bryon russell,200.66,102.0582,1993
bryant stith,195.58,94.347136,1992
bryant reeves,213.36,124.7378,1995
bruce bowen,200.66,90.7184,Undrafted
brooks thompson,193.04,87.543256,1994
brian shaw,198.12,90.7184,1988
brian oliver,193.04,95.25432,1990
brian grant,205.74,115.212368,1994
brian evans,203.2,99.79024,1996
brevin knight,177.8,78.471416,1997
brent price,185.42,83.91452,1992
kebu stewart,203.2,108.408488,1997
bubba wells,195.58,104.32616,1997
chris anstey,213.36,112.944408,1997
chris carr,198.12,99.79024,1995
chris childs,190.5,88.45044,Undrafted
ben davis,205.74,108.86208,1996
ben wallace,205.74,108.86208,Undrafted
benoit benjamin,213.36,120.20188,1985
bill curley,205.74,111.13004,1994
bill wennington,213.36,125.644984,1985
billy owens,205.74,102.0582,1991
bimbo coles,187.96,82.553744,1990
bison dele,210.82,117.93392,1991
blue edwards,193.04,103.872568,1989
bo outlaw,203.2,95.25432,Undrafted
bob mccann,198.12,110.676448,1987
bob sura,195.58,90.7184,1995
bobby hurley,182.88,74.84268,1993
bobby jackson,185.42,83.91452,1997
bobby phills,195.58,102.511792,1991
brad lohaus,210.82,104.32616,1987
brandon williams,198.12,97.52228,Undrafted
brent barry,198.12,88.45044,1995
chris webber,208.28,111.13004,1993
chris robinson,195.58,90.7184,1996
chris mullin,200.66,97.52228,1985
chris morris,203.2,103.418976,1988
chris mills,200.66,97.975872,1993
chris gatling,208.28,104.32616,1991
chris garner,177.8,70.760352,Undrafted
chris dudley,210.82,108.86208,1987
chris crawford,205.74,106.59412,1997
avery johnson,180.34,81.64656,Undrafted
dee brown,187.96,83.91452,1990
charles jones,205.74,97.52228,1979
dennis rodman,198.12,99.79024,1986
jamie feick,203.2,115.66596,1996
james robinson,187.96,81.64656,1993
james cotton,195.58,99.79024,1997
james collins,193.04,88.904032,1997
jamal mashburn,203.2,113.398,1993
jalen rose,203.2,95.25432,1994
jacque vaughn,185.42,86.18248,1997
jack haley,208.28,108.86208,1987
jr reid,208.28,112.037224,1989
ivano newbill,208.28,111.13004,1994
isaiah rider,195.58,97.52228,1993
ike austin,208.28,122.46984,1991
jaren jackson,198.12,97.52228,Undrafted
hubert davis,195.58,83.007336,1992
hot rod williams,210.82,111.13004,1985
horacio llamas,210.82,129.27372,Undrafted
horace grant,208.28,111.13004,1987
hersey hawkins,190.5,90.7184,1988
herb williams,208.28,109.769264,1981
henry james,203.2,99.79024,Undrafted
harvey grant,205.74,102.0582,1988
harold ellis,195.58,99.79024,Undrafted
hakeem olajuwon,213.36,115.66596,1984
greg ostertag,218.44,127.00576,1995
greg minor,198.12,104.32616,1994
greg graham,193.04,78.92500799999999,1993
howard eisley,187.96,81.64656,1994
jason caffey,203.2,116.119552,1995
jason kidd,193.04,96.161504,1994
jason lawson,210.82,108.86208,1997
juwan howard,205.74,108.86208,1994
dell curry,195.58,92.98636,1986
jud buechler,198.12,103.418976,1990
jon barry,195.58,95.25432,1992
johnny taylor,205.74,99.79024,1997
johnny newman,200.66,92.98636,1986
john wallace,205.74,102.0582,1996
john thomas,205.74,120.20188,1997
john stockton,185.42,79.3786,1984
john starks,195.58,83.91452,Undrafted
john crotty,185.42,83.91452,Undrafted
joe wolf,210.82,104.32616,1987
joe smith,208.28,102.0582,1995
joe kleine,210.82,115.66596,1985
joe dumars,190.5,88.45044,1985
jimmy oliver,195.58,92.98636,1991
jim mcilvaine,215.9,119.748288,1994
jim jackson,198.12,99.79024,1992
jerry stackhouse,198.12,98.883056,1995
jerome williams,205.74,93.439952,1996
jerome kersey,200.66,102.0582,1984
jermaine oneal,210.82,102.511792,1996
jerald honeycutt,205.74,115.212368,1997
jeff nordgaard,200.66,102.0582,1996
jeff hornacek,193.04,86.18248,1986
jeff grayer,195.58,95.25432,1988
jayson williams,208.28,111.13004,1990
greg foster,210.82,113.398,1990
greg anthony,185.42,81.64656,1991
joe stephens,200.66,95.25432,Undrafted
grant long,205.74,112.490816,1988
ed stokes,213.36,119.748288,1993
ed gray,190.5,95.25432,1997
duane ferrell,200.66,97.52228,Undrafted
duane causwell,213.36,108.86208,1990
drew barry,195.58,86.636072,1996
doug west,198.12,90.7184,1989
doug overton,190.5,86.18248,1991
doug christie,198.12,92.98636,1992
donyell marshall,205.74,104.32616,1994
dontonio wingfield,203.2,116.119552,1994
dontae jones,203.2,99.79024,1996
donald whiteside,177.8,72.57472,Undrafted
eddie johnson,200.66,97.52228,1981
donald royal,203.2,98.883056,1987
don maclean,208.28,106.59412,1992
dikembe mutombo,218.44,118.38751200000002,1991
dickey simpkins,205.74,119.748288,1994
detlef schrempf,208.28,106.59412,1985
derrick mckey,208.28,102.0582,1987
derek strong,205.74,108.86208,1990
derek harper,193.04,93.439952,1983
derek grimm,205.74,104.32616,Undrafted
greg anderson,208.28,113.398,1987
derek fisher,185.42,90.7184,1996
derek anderson,195.58,88.45044,1997
dennis scott,203.2,103.872568,1990
don reid,203.2,113.398,1995
eddie jones,198.12,90.7184,1994
derrick coleman,208.28,117.93392,1990
eldridge recasner,193.04,86.18248,1992
glenn robinson,200.66,104.32616,1994
elden campbell,213.36,115.66596,1990
god shammgod,182.88,76.657048,1997
gerald wilkins,198.12,102.0582,1985
gerald madkins,193.04,90.7184,Undrafted
glen rice,203.2,99.79024,1989
grant hill,203.2,102.0582,1994
george mccloud,203.2,102.0582,1989
george lynch,203.2,103.418976,1993
gary trent,203.2,113.398,1995
gary payton,193.04,81.64656,1990
gary grant,190.5,83.91452,1988
fred hoiberg,193.04,92.079176,1995
felton spencer,213.36,120.20188,1990
george zidek,213.36,113.398,1995
ervin johnson,210.82,111.13004,1993
elliot perry,182.88,68.945984,1991
etdrick bohannon,205.74,99.79024,Undrafted
eric montross,213.36,122.46984,1994
eric piatkowski,200.66,97.52228,1994
eric riley,213.36,111.13004,1993
eric murdock,185.42,90.7184,1991
eric washington,193.04,86.18248,1997
eric williams,203.2,99.79024,1995
erick dampier,210.82,120.20188,1996
erick strickland,190.5,95.25432,Undrafted
eric snow,190.5,92.532768,1995
emanual davis,195.58,88.45044,Undrafted
derek strong,205.74,108.86208,1990
dirk nowitzki,213.36,107.501304,1998
derrick coleman,208.28,117.93392,1990
derrick mckey,208.28,102.0582,1987
detlef schrempf,208.28,106.59412,1985
dickey simpkins,205.74,119.748288,1994
dikembe mutombo,218.44,118.38751200000002,1991
derek harper,193.04,93.439952,1983
doug overton,190.5,86.18248,1991
don maclean,208.28,106.59412,1992
don reid,203.2,113.398,1995
donyell marshall,205.74,104.32616,1994
doug christie,198.12,92.98636,1992
doug west,198.12,90.7184,1989
drew barry,195.58,86.636072,1996
duane causwell,213.36,115.66596,1990
duane ferrell,200.66,97.52228,Undrafted
earl boykins,165.1,65.77083999999999,Undrafted
dwayne schintzius,218.44,129.27372,1990
dominique wilkins,203.2,104.32616,1982
derek fisher,185.42,90.7184,1996
darrick martin,180.34,77.11064,Undrafted
dennis scott,203.2,103.872568,1990
cory carr,193.04,95.25432,1998
cuttino mobley,193.04,86.18248,1998
ed gray,190.5,95.25432,1997
dale davis,210.82,104.32616,1991
dale ellis,200.66,92.98636,1983
damon jones,190.5,83.91452,Undrafted
damon stoudamire,177.8,77.56423199999999,1995
dan majerle,198.12,99.79024,1988
dan schayes,210.82,117.93392,1981
dana barros,180.34,73.935496,1989
danny ferry,208.28,106.59412,1989
danny fortson,200.66,117.93392,1997
danny manning,208.28,110.676448,1988
darrell armstrong,185.42,81.64656,Undrafted
david robinson,215.9,113.398,1987
david vaughn,205.74,108.86208,1995
david wesley,185.42,91.625584,Undrafted
david wingate,195.58,84.821704,1986
dejuan wheat,182.88,74.84268,1997
dean garrett,210.82,113.398,1988
dee brown,187.96,83.91452,1990
dell curry,195.58,92.98636,1986
dennis rodman,200.66,95.25432,1986
derek anderson,195.58,88.45044,1997
eddie johnson,200.66,97.52228,1981
gerard king,205.74,104.32616,Undrafted
elden campbell,213.36,115.66596,1990
glenn robinson,200.66,104.32616,1994
grant hill,203.2,102.0582,1994
grant long,205.74,112.490816,1988
greg anthony,185.42,81.64656,1991
greg foster,210.82,113.398,1990
greg minor,198.12,95.25432,1994
greg ostertag,218.44,127.00576,1995
hakeem olajuwon,213.36,115.66596,1984
harvey grant,205.74,102.0582,1988
haywoode workman,190.5,81.64656,1989
herb williams,210.82,117.93392,1981
hersey hawkins,190.5,90.7184,1988
horace grant,208.28,111.13004,1987
hot rod williams,210.82,111.13004,1985
howard eisley,187.96,81.64656,1994
hubert davis,195.58,83.007336,1992
ike austin,208.28,122.46984,1991
isaiah rider,195.58,97.52228,1993
jr henderson,203.2,105.68693600000002,1998
cory alexander,185.42,86.18248,1995
jr reid,208.28,112.037224,1989
glen rice,203.2,99.79024,1989
eddie jones,198.12,90.7184,1994
gheorghe muresan,231.14,137.438376,1993
gerald brown,193.04,95.25432,Undrafted
eldridge recasner,193.04,86.18248,1992
elliot perry,182.88,68.945984,1991
eric montross,213.36,122.46984,1994
eric murdock,185.42,86.18248,1991
eric piatkowski,200.66,97.52228,1994
eric riley,213.36,111.13004,1993
eric snow,190.5,92.532768,1995
eric washington,193.04,86.18248,1997
eric williams,203.2,99.79024,1995
erick dampier,210.82,120.20188,1996
erick strickland,190.5,95.25432,Undrafted
ervin johnson,210.82,111.13004,1993
etdrick bohannon,205.74,99.79024,Undrafted
felipe lopez,198.12,88.45044,1998
felton spencer,213.36,120.20188,1990
fred hoiberg,193.04,92.079176,1995
gary grant,190.5,83.91452,1988
gary payton,193.04,81.64656,1990
gary trent,203.2,113.398,1995
george lynch,203.2,103.418976,1993
george mccloud,203.2,102.0582,1989
gerald wilkins,198.12,83.91452,1985
corliss williamson,200.66,111.13004,1995
billy owens,203.2,99.79024,1991
corey benjamin,198.12,90.7184,1998
antoine carr,205.74,122.46984,1983
antoine walker,205.74,111.13004,1996
antonio daniels,193.04,90.7184,1997
antonio davis,205.74,104.32616,1990
antonio lang,203.2,92.98636,1994
antonio mcdyess,205.74,99.79024,1995
armen gilliam,205.74,117.93392,1987
arvydas sabonis,220.98,132.448864,1986
austin croshere,205.74,106.59412,1997
avery johnson,180.34,81.64656,Undrafted
bj armstrong,187.96,83.91452,1989
ben davis,205.74,108.86208,1996
ben wallace,205.74,108.86208,Undrafted
benoit benjamin,213.36,113.398,1985
bill curley,205.74,99.79024,1994
bill wennington,213.36,125.644984,1985
bimbo coles,187.96,82.553744,1990
bison dele,210.82,117.93392,1991
blue edwards,193.04,90.7184,1989
bo outlaw,203.2,95.25432,Undrafted
bob sura,195.58,90.7184,1995
anthony peeler,193.04,94.347136,1992
bobby jackson,185.42,83.91452,1997
anthony parker,198.12,97.52228,1997
anthony johnson,190.5,86.18248,1997
jacque vaughn,185.42,86.18248,1997
ac green,205.74,102.0582,1985
aaron mckie,195.58,94.800728,1994
aaron williams,205.74,102.0582,Undrafted
adam keefe,205.74,104.32616,1992
adonal foyle,208.28,113.398,1997
adonis jordan,180.34,77.11064,1993
al harrington,205.74,104.32616,1998
alan henderson,205.74,106.59412,1995
allan houston,198.12,90.7184,1993
allen iverson,182.88,74.84268,1996
alonzo mourning,208.28,118.38751200000002,1992
alvin sims,193.04,106.59412,Undrafted
alvin williams,195.58,83.91452,1997
andrae patterson,205.74,107.954896,1998
andrew declercq,208.28,104.32616,1995
andrew gaze,200.66,92.98636,Undrafted
andrew lang,210.82,111.13004,1988
anfernee hardaway,200.66,97.52228,1993
antawn jamison,205.74,101.151016,1998
anthony avent,205.74,106.59412,1991
anthony miller,205.74,115.66596,1994
bobby phills,195.58,102.511792,1991
bonzi wells,195.58,95.25432,1998
brad miller,210.82,113.398,Undrafted
charlie ward,187.96,86.18248,1994
chauncey billups,190.5,91.625584,1997
cherokee parks,210.82,108.86208,1995
chris anstey,213.36,112.944408,1997
chris carr,198.12,99.79024,1995
chris childs,190.5,88.45044,Undrafted
chris crawford,205.74,106.59412,1997
chris dudley,210.82,117.93392,1987
chris gatling,208.28,104.32616,1991
chris king,203.2,97.52228,1992
chris mills,200.66,97.975872,1993
chris morris,203.2,103.418976,1988
chris mullin,200.66,97.52228,1985
chris webber,208.28,111.13004,1993
chris whitney,182.88,79.3786,1993
christian laettner,210.82,111.13004,1992
chuck person,203.2,106.59412,1986
chucky brown,203.2,97.52228,1989
clar weatherspoon,200.66,120.20188,1992
clifford robinson,208.28,102.0582,1989
corey beck,190.5,90.7184,Undrafted
charles smith,193.04,87.996848,1997
charles shackleford,210.82,111.13004,1988
charles r jones,190.5,81.64656,Undrafted
charles oakley,205.74,111.13004,1985
brandon williams,198.12,97.52228,Undrafted
brent barry,198.12,88.45044,1995
brent price,185.42,83.91452,1992
brevin knight,177.8,78.471416,1997
brian evans,203.2,99.79024,1996
brian grant,205.74,115.212368,1994
brian shaw,198.12,90.7184,1988
brian skinner,205.74,115.66596,1998
bruce bowen,200.66,90.7184,Undrafted
bruno sundov,218.44,99.79024,1998
corie blount,208.28,109.769264,1993
bryant reeves,213.36,124.7378,1995
bryce drew,190.5,83.91452,1998
bryon russell,200.66,102.0582,1993
calbert cheaney,200.66,97.52228,1993
carl herrera,205.74,102.0582,1990
carlos rogers,210.82,99.79024,1994
casey shaw,210.82,117.93392,1998
cedric ceballos,198.12,86.18248,1990
cedric henderson,200.66,102.0582,1997
charles barkley,198.12,114.305184,1984
charles obannon,195.58,94.800728,1997
bryant stith,195.58,94.347136,1992
jahidi white,205.74,131.54168,1998
kelvin cato,210.82,115.66596,1997
jamal mashburn,203.2,109.315672,1993
rod strickland,190.5,83.91452,1988
rodney rogers,200.66,115.66596,1993
rodrick rhodes,198.12,102.0582,1997
ron harper,198.12,97.975872,1986
ron mercer,200.66,95.25432,1997
rony seikaly,210.82,114.758776,1988
roshown mcleod,203.2,99.79024,1998
ruben patterson,198.12,102.965384,1998
rusty larue,190.5,86.18248,Undrafted
ryan stack,210.82,97.52228,1998
sam cassell,190.5,83.91452,1993
sam jacobson,193.04,97.52228,1998
robert traylor,203.2,128.820128,1998
sam mack,200.66,99.79024,Undrafted
sam perkins,205.74,117.93392,1984
samaki walker,205.74,117.026736,1996
scott burrell,200.66,98.883056,1993
scott williams,208.28,104.32616,Undrafted
scottie pippen,200.66,103.418976,1987
sean elliott,203.2,99.79024,1989
sean marks,208.28,113.398,1998
sean rooks,208.28,117.93392,1992
jalen rose,203.2,95.25432,1994
shandon anderson,198.12,95.25432,1996
shaquille oneal,215.9,142.88148,1992
shareef abdurrahim,205.74,104.32616,1996
sam mitchell,200.66,97.52228,1985
shawn bradley,228.6,119.294696,1993
robert pack,187.96,86.18248,Undrafted
rik smits,223.52,120.20188,1988
pat garrity,205.74,107.954896,1998
patrick ewing,213.36,115.66596,1985
paul grant,213.36,111.13004,1997
paul pierce,200.66,99.79024,1998
peja stojakovic,205.74,103.872568,1996
pete chilcutt,208.28,108.86208,1991
peter aluma,208.28,117.93392,Undrafted
pooh richardson,185.42,81.64656,1989
popeye jones,203.2,110.222856,1992
raef lafrentz,210.82,108.86208,1998
randell jackson,210.82,97.52228,1999
randy brown,187.96,86.636072,1991
robert horry,208.28,106.59412,1992
randy livingston,193.04,94.800728,1996
rasheed wallace,210.82,102.0582,1995
rasho nesterovic,213.36,112.490816,1998
ray allen,195.58,92.98636,1996
reggie jordan,193.04,88.45044,Undrafted
reggie miller,200.66,83.91452,1987
reggie slater,200.66,115.66596,Undrafted
rex chapman,193.04,88.45044,1988
rex walters,193.04,88.45044,1993
rick brunson,193.04,86.18248,Undrafted
rick fox,200.66,109.769264,1991
rick mahorn,208.28,117.93392,1980
ricky davis,200.66,88.45044,1998
rashard lewis,208.28,97.52228,1998
pj brown,210.82,108.86208,1992
shawn kemp,208.28,127.00576,1989
sherman douglas,185.42,88.45044,1989
tracy murray,200.66,103.418976,1992
travis best,180.34,82.553744,1995
travis knight,213.36,106.59412,1996
travis williams,198.12,97.52228,Undrafted
trevor winter,213.36,124.7378,Undrafted
troy hudson,185.42,77.11064,Undrafted
tyrone corbin,198.12,102.0582,1985
tyrone hill,205.74,113.398,1990
tyrone nesby,198.12,102.0582,Undrafted
tyronn lue,182.88,79.3786,1998
tyson wheeler,177.8,74.84268,1998
vernon maxwell,193.04,86.18248,1988
tracy mcgrady,203.2,95.25432,1997
vin baker,210.82,113.398,1993
vinny del negro,193.04,83.91452,1988
vitaly potapenko,208.28,127.00576,1996
vlade divac,215.9,117.93392,1989
vladimir stepania,213.36,107.047712,1998
voshon lenard,193.04,92.98636,1994
walt williams,203.2,104.32616,1992
walter mccarty,208.28,104.32616,1996
wesley person,198.12,88.45044,1994
will perdue,213.36,108.86208,1988
william cunningham,210.82,108.86208,Undrafted
willie burton,203.2,95.25432,1990
zydrunas ilgauskas,220.98,117.93392,1996
vince carter,200.66,97.52228,1998
shawn respert,185.42,88.45044,1995
tony massenburg,205.74,113.398,1990
tony battie,210.82,108.86208,1997
stacey augmon,203.2,92.98636,1991
stanley roberts,213.36,131.54168,1991
stephon marbury,187.96,81.64656,1996
steve henson,180.34,80.28578399999998,1990
steve kerr,190.5,82.10015200000001,1988
steve nash,190.5,88.45044,1996
steven smith,203.2,97.52228,1991
stojko vrankovic,218.44,117.93392,Undrafted
tariq abdulwahad,198.12,101.151016,1997
terrell brandon,180.34,78.471416,1991
terry cummings,205.74,113.398,1982
terry davis,205.74,102.0582,Undrafted
tony delk,187.96,87.089664,1996
terry dehere,193.04,86.18248,1993
terry porter,190.5,88.45044,1985
theo ratliff,208.28,102.0582,1995
thurl bailey,210.82,112.037224,1983
tim duncan,213.36,112.490816,1997
tim hardaway,182.88,88.45044,1989
tim legler,193.04,99.79024,Undrafted
tim thomas,208.28,104.32616,1997
toby bailey,198.12,96.615096,1998
todd fuller,210.82,115.66596,1996
tom gugliotta,208.28,108.86208,1992
tom hammonds,205.74,102.0582,1989
toni kukoc,210.82,105.233344,1990
terry mills,208.28,104.32616,1990
otis thorpe,208.28,111.583632,1984
shammond williams,185.42,91.171992,1998
oliver miller,205.74,147.4174,1992
john stockton,185.42,79.3786,1984
john thomas,205.74,120.20188,1997
john wallace,205.74,102.0582,1996
johnny newman,200.66,95.25432,1986
johnny taylor,205.74,99.79024,1997
jon barry,195.58,95.25432,1992
jonathan kerner,210.82,111.13004,Undrafted
jud buechler,198.12,103.418976,1990
othella harrington,205.74,106.59412,1996
juwan howard,205.74,113.398,1994
karl malone,205.74,116.119552,1985
keith askins,203.2,97.52228,Undrafted
john starks,195.58,83.91452,Undrafted
keith booth,198.12,102.511792,1997
keith van horn,208.28,113.398,1997
kelly mccarty,200.66,90.7184,Undrafted
kendall gill,195.58,97.975872,1990
kenny anderson,185.42,76.203456,1991
keon clark,210.82,99.79024,1998
kerry kittles,195.58,81.19296800000001,1996
kevin garnett,210.82,99.79024,1995
kevin ollie,193.04,88.45044,Undrafted
kevin willis,213.36,111.13004,1984
khalid reeves,190.5,90.264808,1994
kobe bryant,200.66,97.52228,1996
korleone young,200.66,96.615096,1998
keith closs,220.98,96.161504,Undrafted
kornel david,205.74,106.59412,Undrafted
john crotty,187.96,87.996848,Undrafted
joe wolf,210.82,104.32616,1987
james cotton,195.58,99.79024,1997
james robinson,187.96,81.64656,1993
jamie feick,203.2,115.66596,1996
jamie watson,200.66,86.18248,1994
jaren jackson,198.12,97.52228,Undrafted
jason caffey,203.2,116.119552,1995
jason kidd,193.04,96.161504,1994
jason sasser,200.66,102.0582,1996
jason williams,185.42,86.18248,1998
jayson williams,205.74,108.86208,1990
jeff hornacek,193.04,86.18248,1986
jeff mcinnis,193.04,86.18248,1996
john coker,213.36,114.758776,Undrafted
jeff sheppard,190.5,86.18248,Undrafted
jerald honeycutt,205.74,115.212368,1997
jermaine oneal,210.82,102.511792,1996
jerome james,215.9,136.0776,1998
jerome kersey,200.66,102.0582,1984
jerome williams,205.74,93.439952,1996
jerry stackhouse,198.12,98.883056,1995
jim jackson,198.12,99.79024,1992
jim mcilvaine,215.9,108.86208,1994
jimmy oliver,195.58,92.98636,1991
joe dumars,190.5,88.45044,1985
joe kleine,213.36,122.923432,1985
joe smith,208.28,102.0582,1995
jelani mccoy,208.28,111.13004,1998
kurt thomas,205.74,104.32616,1995
scot pollard,210.82,120.20188,1997
lamond murray,200.66,107.047712,1994
mikki moore,213.36,104.32616,Undrafted
mike bibby,187.96,86.18248,1998
micheal williams,187.96,79.3786,1988
michael stewart,208.28,104.32616,Undrafted
michael smith,203.2,104.32616,1994
michael olowokandi,213.36,122.016248,1998
michael hawkins,182.88,80.73937600000001,Undrafted
michael finley,200.66,97.52228,1995
michael doleac,210.82,118.841104,1998
michael dickerson,195.58,86.18248,1998
michael curry,195.58,102.965384,Undrafted
maurice taylor,205.74,117.93392,1997
matt maloney,190.5,87.089664,Undrafted
matt harpring,200.66,104.779752,1998
matt bullard,208.28,106.59412,Undrafted
marty conlon,208.28,101.604608,Undrafted
marlon garnett,187.96,84.368112,Undrafted
marko milic,198.12,106.59412,1997
mark west,208.28,111.583632,1983
mark strickland,208.28,99.79024,Undrafted
mark bryant,205.74,111.13004,1988
mark pope,208.28,106.59412,1996
mark macon,193.04,83.91452,1991
mark jackson,190.5,83.91452,1987
mark hendrickson,205.74,99.79024,1996
mark davis,200.66,95.25432,1995
laphonso ellis,203.2,108.86208,1992
miles simon,190.5,91.625584,1998
mitch richmond,195.58,99.79024,1988
matt geiger,215.9,112.490816,1992
monty williams,203.2,102.0582,1994
larry hughes,195.58,83.91452,1998
mitchell butler,195.58,102.965384,Undrafted
larry johnson,200.66,106.59412,1991
latrell sprewell,195.58,86.18248,1992
lawrence funderburke,205.74,104.32616,1994
lee mayberry,185.42,78.017824,1992
lindsey hunter,187.96,88.45044,1993
litterial green,185.42,83.91452,1992
lorenzen wright,210.82,118.841104,1996
loy vaught,205.74,108.86208,1990
luc longley,218.44,117.93392,1991
lucious harris,195.58,92.98636,1993
malik rose,200.66,113.398,1996
loren meyer,208.28,117.93392,1995
nick anderson,198.12,103.418976,1989
mookie blaylock,185.42,83.91452,1989
malik sealy,203.2,90.7184,1992
muggsy bogues,160.02,63.956472,1987
nazr mohammed,208.28,108.86208,1998
negele knight,185.42,79.3786,1990
nick van exel,185.42,86.18248,1993
moochie norris,187.96,85.275296,1996
mark baker,185.42,79.3786,Undrafted
mario elie,195.58,95.25432,1985
mario bennett,198.12,106.59412,1995
marcus camby,210.82,102.0582,1996
olden polynice,213.36,113.398,1987
michael smith,203.2,108.86208,1994
michael finley,200.66,97.52228,1995
michael stewart,208.28,104.32616,Undrafted
michael ruffin,205.74,111.583632,1999
michael olowokandi,213.36,122.016248,1998
michael hawkins,182.88,80.73937600000001,Undrafted
maurice taylor,205.74,117.93392,1997
metta world peace,198.12,110.676448,1999
michael dickerson,195.58,86.18248,1998
michael curry,195.58,102.965384,Undrafted
michael cage,205.74,101.604608,1984
mike bibby,187.96,86.18248,1998
matt maloney,190.5,90.7184,Undrafted
michael doleac,210.82,118.841104,1998
mikki moore,213.36,102.0582,Undrafted
othella harrington,205.74,106.59412,1996
mirsad turkcan,205.74,97.975872,1998
jeff hornacek,193.04,86.18248,1986
matt harpring,200.66,104.779752,1998
pj brown,210.82,108.86208,1992
otis thorpe,208.28,111.583632,1984
oliver miller,205.74,142.88148,1992
olden polynice,213.36,113.398,1987
obinna ekezie,205.74,122.46984,1999
nick van exel,185.42,86.18248,1993
nick anderson,198.12,103.418976,1989
nazr mohammed,208.28,100.243832,1998
muggsy bogues,160.02,63.956472,1987
mookie blaylock,185.42,83.91452,1989
moochie norris,185.42,79.3786,1996
monty williams,203.2,102.0582,1994
mitch richmond,195.58,99.79024,1988
milt palacio,190.5,88.45044,Undrafted
matt geiger,215.9,112.490816,1992
mario bennett,198.12,106.59412,1995
marty conlon,208.28,101.604608,Undrafted
johnny newman,200.66,95.25432,1986
johnny taylor,205.74,99.79024,1997
jon barry,195.58,95.25432,1992
jonathan bender,210.82,91.625584,1999
jud buechler,198.12,103.418976,1990
jumaine jones,203.2,98.883056,1999
john wallace,205.74,102.0582,1996
juwan howard,205.74,113.398,1994
keith closs,220.98,96.161504,Undrafted
keith van horn,208.28,113.398,1997
kelvin cato,210.82,115.66596,1997
kendall gill,195.58,97.975872,1990
kenny anderson,185.42,76.203456,1991
kenny thomas,203.2,117.93392,1999
karl malone,205.74,116.119552,1985
john thomas,205.74,120.20188,1997
john stockton,185.42,79.3786,1984
john starks,190.5,81.64656,Undrafted
jeff mcinnis,193.04,86.18248,1996
jelani mccoy,208.28,111.13004,1998
jermaine oneal,210.82,102.511792,1996
jerome kersey,200.66,111.13004,1984
jerome williams,205.74,93.439952,1996
jerry stackhouse,198.12,98.883056,1995
jim jackson,198.12,99.79024,1992
jim mcilvaine,215.9,119.748288,1994
joe kleine,210.82,115.66596,1985
joe smith,208.28,102.0582,1995
joe stephens,200.66,95.25432,Undrafted
john amaechi,208.28,122.46984,Undrafted
john celestand,193.04,80.73937600000001,1999
john crotty,187.96,87.996848,Undrafted
john salley,210.82,115.66596,1986
keon clark,210.82,99.79024,1998
matt bullard,208.28,106.59412,Undrafted
kevin garnett,210.82,99.79024,1995
kevin ollie,193.04,88.45044,Undrafted
loy vaught,205.74,108.86208,1990
luc longley,218.44,117.93392,1991
lucious harris,195.58,92.98636,1993
malik rose,200.66,115.66596,1996
malik sealy,203.2,90.7184,1992
marcus brown,190.5,83.91452,1996
lorenzo williams,205.74,90.7184,Undrafted
marcus camby,210.82,102.0582,1996
mark bryant,205.74,111.13004,1988
mark davis,200.66,92.98636,1995
mark hendrickson,205.74,99.79024,1996
mark jackson,190.5,83.91452,1987
mark strickland,208.28,99.79024,Undrafted
mark west,208.28,104.32616,1983
mario elie,195.58,102.0582,1985
lorenzen wright,210.82,108.86208,1996
lindsey hunter,187.96,88.45044,1993
lazaro borrell,203.2,99.79024,Undrafted
kevin willis,213.36,111.13004,1984
khalid reeves,190.5,90.264808,1994
kiwane garris,187.96,83.007336,Undrafted
kobe bryant,200.66,95.25432,1996
kornel david,205.74,106.59412,Undrafted
kurt thomas,205.74,104.32616,1995
laphonso ellis,203.2,108.86208,1992
lamar odom,208.28,99.79024,1999
lamond murray,200.66,107.047712,1994
lari ketner,208.28,129.27372,1999
laron profit,195.58,92.532768,1999
larry hughes,195.58,83.91452,1998
larry johnson,200.66,106.59412,1991
latrell sprewell,195.58,86.18248,1992
lawrence funderburke,205.74,104.32616,1994
kevin johnson,185.42,86.18248,1987
kerry kittles,195.58,81.64656,1996
jermaine jackson,195.58,92.532768,Undrafted
patrick ewing,213.36,115.66596,1985
tony battie,210.82,108.86208,1997
toni kukoc,210.82,106.59412,1990
tom hammonds,205.74,102.0582,1989
todd macculloch,213.36,127.00576,1999
todd fuller,210.82,115.66596,1996
todd day,198.12,85.275296,1992
toby bailey,198.12,96.615096,1998
tim young,218.44,122.46984,1999
tim thomas,208.28,104.32616,1997
tim legler,193.04,90.7184,Undrafted
tim james,200.66,96.161504,1999
tim hardaway,182.88,88.45044,1989
tim duncan,213.36,117.93392,1997
thomas hamilton,218.44,149.68536,Undrafted
theo ratliff,208.28,102.0582,1995
terry porter,190.5,92.98636,1985
terry mills,208.28,113.398,1990
terry cummings,205.74,99.79024,1982
terrell brandon,180.34,78.471416,1991
tariq abdulwahad,198.12,101.151016,1997
steven smith,203.2,97.52228,1991
steve nash,190.5,88.45044,1996
steve kerr,190.5,81.64656,1988
steve francis,190.5,87.543256,1999
stephon marbury,187.96,81.64656,1996
stanley roberts,213.36,131.54168,1991
stacey augmon,203.2,92.98636,1991
tony delk,187.96,87.089664,1996
sherman douglas,185.42,88.45044,1989
tony farmer,205.74,110.676448,Undrafted
tracy mcgrady,203.2,95.25432,1997
jeff foster,210.82,107.954896,1999
zan tabak,213.36,111.13004,1991
william avery,187.96,81.64656,1999
will perdue,213.36,108.86208,1988
wesley person,198.12,88.45044,1994
wayne turner,187.96,86.18248,Undrafted
walter mccarty,208.28,104.32616,1996
walt williams,203.2,104.32616,1992
wally szczerbiak,200.66,110.222856,1999
voshon lenard,193.04,97.52228,1994
vonteego cummings,190.5,86.18248,1999
vladimir stepania,213.36,107.047712,1998
vlade divac,215.9,117.93392,1989
vitaly potapenko,208.28,127.00576,1996
vinny del negro,193.04,90.7184,1988
vince carter,200.66,97.52228,1998
vin baker,210.82,113.398,1993
vernon maxwell,193.04,81.64656,1988
tyronn lue,182.88,79.3786,1998
tyrone nesby,198.12,102.0582,Undrafted
tyrone hill,205.74,113.398,1990
tyrone corbin,198.12,102.0582,1985
troy hudson,185.42,80.73937600000001,Undrafted
travis knight,213.36,106.59412,1996
travis best,180.34,82.553744,1995
trajan langdon,190.5,88.45044,1999
tracy murray,200.66,103.418976,1992
tony massenburg,205.74,113.398,1990
shawn marion,200.66,97.52228,1999
shawn kemp,208.28,127.00576,1989
shawn bradley,228.6,119.294696,1993
robert pack,187.96,86.18248,Undrafted
robert horry,208.28,106.59412,1992
rik smits,223.52,120.20188,1988
ricky davis,200.66,89.357624,1998
rick hughes,205.74,106.59412,Undrafted
rick fox,200.66,109.769264,1991
rick brunson,193.04,86.18248,Undrafted
richard hamilton,198.12,83.91452,1999
rex walters,193.04,86.18248,1993
rex chapman,193.04,83.91452,1988
reggie miller,200.66,83.91452,1987
reggie jordan,193.04,88.45044,Undrafted
ray allen,195.58,92.98636,1996
rasho nesterovic,213.36,112.490816,1998
rasheed wallace,210.82,102.0582,1995
rashard lewis,208.28,97.52228,1998
randy livingston,193.04,94.800728,1996
randy brown,187.96,86.636072,1991
randell jackson,210.82,97.52228,1999
rafer alston,187.96,77.56423199999999,1998
raef lafrentz,210.82,108.86208,1998
quincy lewis,200.66,97.52228,1999
popeye jones,203.2,113.398,1992
pete chilcutt,208.28,111.13004,1991
pervis ellison,205.74,95.25432,1989
peja stojakovic,205.74,103.872568,1996
paul pierce,200.66,99.79024,1998
robert traylor,203.2,128.820128,1998
rod strickland,190.5,83.91452,1988
rodney buford,195.58,85.728888,1999
rodney rogers,200.66,115.66596,1993
shareef abdurrahim,205.74,104.32616,1996
shaquille oneal,215.9,142.88148,1992
shandon anderson,198.12,95.25432,1996
shammond williams,185.42,91.171992,1998
sean rooks,208.28,122.46984,1992
sean marks,208.28,113.398,1998
sean elliott,203.2,99.79024,1989
scottie pippen,200.66,103.418976,1987
scott williams,208.28,104.32616,Undrafted
scott padgett,205.74,108.86208,1999
scott burrell,200.66,98.883056,1993
scot pollard,210.82,120.20188,1997
samaki walker,205.74,117.93392,1996
pat garrity,205.74,107.954896,1998
sam perkins,205.74,117.93392,1984
sam mack,200.66,99.79024,Undrafted
sam jacobson,193.04,99.336648,1998
sam cassell,190.5,83.91452,1993
ryan stack,210.82,97.52228,1998
ryan robertson,195.58,86.18248,1999
ryan bowen,200.66,97.52228,1998
rusty larue,190.5,86.18248,Undrafted
ruben patterson,198.12,102.965384,1998
roy rogers,208.28,106.59412,1996
roshown mcleod,203.2,100.243832,1998
ron mercer,200.66,95.25432,1997
ron harper,198.12,97.52228,1986
rodrick rhodes,198.12,102.0582,1997
sam mitchell,200.66,97.52228,1985
jason williams,185.42,86.18248,1998
tom gugliotta,208.28,108.86208,1992
jason miskiri,187.96,83.91452,Undrafted
charles oakley,205.74,111.13004,1985
charles barkley,198.12,114.305184,1984
cedric henderson,200.66,102.0582,1997
cedric ceballos,200.66,99.79024,1990
carlos rogers,210.82,105.233344,1994
calvin booth,210.82,109.315672,1999
calbert cheaney,200.66,97.52228,1993
cal bowdler,208.28,111.13004,1999
bryon russell,200.66,102.0582,1993
bryce drew,190.5,83.91452,1998
bryant stith,195.58,94.347136,1992
bryant reeves,213.36,124.7378,1995
bruno sundov,218.44,99.79024,1998
bruce bowen,200.66,90.7184,Undrafted
brian skinner,205.74,115.66596,1998
brian shaw,198.12,90.7184,1988
brian grant,205.74,115.212368,1994
brevin knight,177.8,77.11064,1997
brent price,185.42,83.91452,1992
brent barry,198.12,88.45044,1995
brad miller,213.36,118.38751200000002,Undrafted
charles r jones,190.5,81.64656,Undrafted
charlie ward,187.96,86.18248,1994
chauncey billups,190.5,91.625584,1997
cherokee parks,210.82,108.86208,1995
cory alexander,185.42,86.18248,1995
corliss williamson,200.66,111.13004,1995
corie blount,208.28,109.769264,1993
corey maggette,198.12,98.883056,1999
corey benjamin,198.12,92.98636,1998
clifford robinson,208.28,102.0582,1989
clar weatherspoon,200.66,120.20188,1992
chucky brown,203.2,97.52228,1989
chucky atkins,180.34,72.57472,Undrafted
chuck person,203.2,109.315672,1986
bonzi wells,195.58,95.25432,1998
christian laettner,210.82,111.13004,1992
chris webber,208.28,111.13004,1993
chris mullin,200.66,97.52228,1985
chris mills,200.66,97.975872,1993
chris herren,187.96,86.18248,1999
chris gatling,208.28,99.79024,1991
chris dudley,210.82,117.93392,1987
chris crawford,205.74,106.59412,1997
chris childs,190.5,88.45044,Undrafted
chris carr,198.12,99.79024,1995
chris anstey,213.36,112.944408,1997
chris whitney,182.88,79.3786,1993
bobby phills,195.58,95.25432,1991
bobby jackson,185.42,83.91452,1997
bob sura,195.58,90.7184,1995
anthony carter,185.42,86.18248,Undrafted
anthony avent,205.74,108.86208,1991
antawn jamison,205.74,101.151016,1998
anfernee hardaway,200.66,97.52228,1993
andrew lang,210.82,124.7378,1988
andrew declercq,208.28,104.32616,1995
andre miller,187.96,92.079176,1999
andrae patterson,205.74,107.954896,1998
alvin williams,195.58,83.91452,1997
alonzo mourning,208.28,118.38751200000002,1992
anthony johnson,190.5,86.18248,1997
allen iverson,182.88,74.84268,1996
aleksandar radojevic,220.98,111.13004,1999
alan henderson,205.74,106.59412,1995
al harrington,205.74,115.212368,1998
adrian griffin,195.58,97.52228,Undrafted
adonal foyle,208.28,113.398,1997
adam keefe,205.74,104.32616,1992
aaron williams,205.74,102.0582,Undrafted
aaron mckie,195.58,94.800728,1994
aj bramlett,208.28,102.965384,1999
ac green,205.74,102.0582,1985
allan houston,198.12,90.7184,1993
cuttino mobley,193.04,86.18248,1998
anthony mason,203.2,122.46984,1988
anthony parker,198.12,97.52228,1997
bo outlaw,203.2,95.25432,Undrafted
bimbo coles,187.96,82.553744,1990
billy owens,205.74,102.0582,1991
bill wennington,213.36,111.13004,1985
bill curley,205.74,111.13004,1994
benoit benjamin,213.36,113.398,1985
ben wallace,205.74,108.86208,Undrafted
ben davis,205.74,111.13004,1996
baron davis,190.5,95.25432,1999
bj armstrong,187.96,83.91452,1989
anthony miller,205.74,115.66596,1994
avery johnson,180.34,81.64656,Undrafted
arvydas sabonis,220.98,132.448864,1986
armen gilliam,205.74,117.93392,1987
antonio mcdyess,205.74,99.79024,1995
antonio lang,203.2,92.98636,1994
antonio harvey,210.82,102.0582,Undrafted
antonio davis,205.74,104.32616,1990
antonio daniels,193.04,92.98636,1997
antoine walker,205.74,111.13004,1996
antoine carr,205.74,102.0582,1983
anthony peeler,193.04,94.347136,1992
austin croshere,205.74,106.59412,1997
dale davis,210.82,104.32616,1991
jason terry,187.96,78.017824,1999
damon jones,190.5,83.91452,Undrafted
glenn robinson,200.66,104.32616,1994
glen rice,203.2,99.79024,1989
gheorghe muresan,231.14,137.438376,1993
gerard king,205.74,113.398,Undrafted
george mccloud,203.2,102.0582,1989
george lynch,203.2,103.418976,1993
gary trent,203.2,113.398,1995
gary payton,193.04,81.64656,1990
gary grant,190.5,83.91452,1988
fred vinson,193.04,86.18248,Undrafted
fred hoiberg,193.04,92.079176,1995
felton spencer,213.36,120.20188,1990
felipe lopez,198.12,88.45044,1998
evan eschmeyer,210.82,115.66596,1999
etdrick bohannon,205.74,106.59412,Undrafted
ervin johnson,210.82,111.13004,1993
erick strickland,190.5,95.25432,Undrafted
erick dampier,210.82,120.20188,1996
eric williams,203.2,99.79024,1995
eric snow,190.5,92.532768,1995
eric piatkowski,200.66,97.52228,1994
grant hill,203.2,102.0582,1994
grant long,205.74,112.490816,1988
greg anthony,185.42,81.64656,1991
greg buckner,193.04,95.25432,1998
dale ellis,200.66,92.98636,1983
jason kidd,193.04,96.161504,1994
jason caffey,203.2,116.119552,1995
jaren jackson,198.12,102.0582,Undrafted
jamie feick,203.2,115.66596,1996
james posey,203.2,97.52228,1999
jamal mashburn,203.2,109.315672,1993
jalen rose,203.2,95.25432,1994
jahidi white,205.74,131.54168,1998
jacque vaughn,185.42,86.18248,1997
eric murdock,185.42,86.18248,1991
jr reid,205.74,112.037224,1989
ike austin,208.28,122.46984,1991
hubert davis,195.58,83.007336,1992
howard eisley,187.96,81.64656,1994
horace grant,208.28,111.13004,1987
hersey hawkins,190.5,90.7184,1988
haywoode workman,187.96,81.64656,1989
harold jamison,203.2,117.93392,Undrafted
hakeem olajuwon,213.36,115.66596,1984
greg ostertag,218.44,127.00576,1995
greg foster,210.82,113.398,1990
isaiah rider,195.58,97.52228,1993
eric montross,213.36,122.46984,1994
ira bowman,195.58,88.45044,Undrafted
elton brand,203.2,117.93392,1999
derek hood,203.2,104.32616,Undrafted
derek fisher,185.42,90.7184,1996
derek anderson,195.58,88.45044,1997
dennis scott,203.2,103.872568,1990
dennis rodman,200.66,95.25432,1986
dell curry,195.58,92.98636,1986
dee brown,187.96,92.98636,1990
dedric willoughby,190.5,81.64656,Undrafted
dean garrett,210.82,113.398,1988
demarco johnson,205.74,111.13004,1998
derek strong,205.74,108.86208,1990
david wingate,195.58,83.91452,1986
david robinson,215.9,113.398,1987
darvin ham,200.66,104.32616,Undrafted
darrick martin,180.34,77.11064,Undrafted
danny manning,208.28,110.676448,1988
danny fortson,200.66,117.93392,1997
danny ferry,208.28,106.59412,1989
dana barros,180.34,73.935496,1989
dan majerle,198.12,100.697424,1988
damon stoudamire,177.8,77.56423199999999,1995
emanual davis,195.58,88.45044,Undrafted
david wesley,185.42,91.625584,Undrafted
derrick coleman,208.28,122.46984,1990
darrell armstrong,185.42,81.64656,Undrafted
derrick mckey,208.28,109.315672,1987
elden campbell,213.36,115.66596,1990
eddie robinson,205.74,95.25432,Undrafted
eddie jones,198.12,90.7184,1994
earl boykins,165.1,60.327736,Undrafted
eldridge recasner,193.04,86.18248,1992
duane causwell,213.36,115.66596,1990
elliot perry,182.88,68.945984,1991
drew barry,195.58,86.636072,1996
doug west,198.12,99.79024,1989
doug christie,198.12,92.98636,1992
donyell marshall,205.74,104.32616,1994
doug overton,190.5,86.18248,1991
donny marshall,200.66,104.32616,1995
detlef schrempf,208.28,106.59412,1985
devean george,203.2,99.79024,1999
devin gray,200.66,108.86208,1995
dikembe mutombo,218.44,118.38751200000002,1991
dickey simpkins,205.74,115.66596,1994
dirk nowitzki,213.36,107.501304,1998
don maclean,208.28,106.59412,1992
don reid,203.2,113.398,1995
dion glover,195.58,103.418976,1999
derrick dial,193.04,83.46092800000001,1998
jermaine oneal,210.82,102.511792,1996
jerome kersey,200.66,97.52228,1984
jason williams,185.42,86.18248,1998
jelani mccoy,208.28,111.13004,1998
jeff mcinnis,193.04,80.73937600000001,1996
jeff foster,210.82,109.769264,1999
jaren jackson,193.04,86.18248,Undrafted
jason kidd,193.04,96.161504,1994
jason hart,187.96,82.10015200000001,2000
jason collier,213.36,117.93392,2000
jason caffey,203.2,116.119552,1995
jerome moiso,208.28,105.233344,2000
jamie feick,205.74,115.66596,1996
james robinson,187.96,81.64656,1993
james posey,203.2,97.52228,1999
jason terry,187.96,78.017824,1999
jerome williams,205.74,93.439952,1996
john stockton,185.42,79.3786,1984
jim jackson,198.12,99.79024,1992
karl malone,205.74,116.119552,1985
jamel thomas,198.12,99.336648,Undrafted
juwan howard,205.74,113.398,1994
jumaine jones,203.2,98.883056,1999
jud buechler,198.12,103.418976,1990
jonathan bender,210.82,89.811216,1999
jon barry,195.58,95.25432,1992
jerry stackhouse,198.12,98.883056,1995
johnny newman,200.66,95.25432,1986
john starks,195.58,86.18248,Undrafted
john crotty,187.96,87.996848,Undrafted
john coker,213.36,114.758776,Undrafted
john amaechi,208.28,122.46984,Undrafted
joel przybilla,215.9,115.66596,2000
joe smith,208.28,102.0582,1995
jim mcilvaine,215.9,108.86208,1994
john wallace,205.74,102.0582,1996
jamal robinson,200.66,96.161504,1997
greg anthony,185.42,81.64656,1991
jamal crawford,195.58,90.7184,2000
greg foster,210.82,113.398,1990
greg buckner,193.04,95.25432,1998
grant long,205.74,113.398,1988
grant hill,203.2,102.0582,1994
glenn robinson,200.66,104.32616,1994
glen rice,203.2,99.79024,1989
gerard king,205.74,104.32616,Undrafted
greg ostertag,218.44,127.00576,1995
george mccloud,203.2,102.0582,1989
gary trent,203.2,113.398,1995
gary payton,193.04,81.64656,1990
gary grant,190.5,83.91452,1988
garth joseph,218.44,138.799152,Undrafted
fred hoiberg,195.58,95.25432,1995
felton spencer,213.36,120.20188,1990
keith van horn,208.28,115.66596,1997
george lynch,203.2,103.418976,1993
jamal mashburn,203.2,109.315672,1993
hakeem olajuwon,213.36,115.66596,1984
hedo turkoglu,203.2,99.79024,2000
jamaal magloire,208.28,117.93392,2000
jalen rose,203.2,102.0582,1994
jake voskuhl,210.82,111.13004,2000
jake tsakalidis,218.44,129.27372,2000
jahidi white,205.74,131.54168,1998
jacque vaughn,185.42,86.18248,1997
jabari smith,210.82,113.398,2000
hanno mottola,210.82,112.037224,2000
jr reid,205.74,112.037224,1989
ira newble,200.66,97.52228,Undrafted
ira bowman,195.58,88.45044,Undrafted
ike austin,208.28,122.46984,1991
hubert davis,195.58,83.007336,1992
howard eisley,187.96,81.64656,1994
horace grant,208.28,111.13004,1987
hersey hawkins,190.5,90.7184,1988
isaiah rider,195.58,97.52228,1993
kelvin cato,210.82,115.66596,1997
metta world peace,200.66,111.583632,1999
kenny anderson,185.42,76.203456,1991
michael redd,198.12,97.068688,2000
michael olowokandi,213.36,131.995272,1998
michael hawkins,182.88,80.73937600000001,Undrafted
michael finley,200.66,97.52228,1995
michael doleac,210.82,118.841104,1998
michael dickerson,193.04,86.18248,1998
michael curry,195.58,95.25432,Undrafted
michael ruffin,203.2,112.490816,1999
felipe lopez,195.58,88.45044,1998
matt maloney,190.5,90.7184,Undrafted
matt harpring,200.66,104.779752,1998
matt geiger,215.9,112.490816,1992
matt bullard,208.28,106.59412,Undrafted
mateen cleaves,187.96,92.98636,2000
mark strickland,208.28,99.79024,Undrafted
mark pope,208.28,106.59412,1996
maurice taylor,205.74,117.93392,1997
mark madsen,205.74,108.86208,2000
michael smith,203.2,108.86208,1994
mike bibby,185.42,86.18248,1998
olumide oyedeji,208.28,108.86208,2000
olden polynice,213.36,113.398,1987
obinna ekezie,205.74,117.93392,1999
nick van exel,185.42,86.18248,1993
nick anderson,198.12,103.418976,1989
nazr mohammed,208.28,108.86208,1998
muggsy bogues,160.02,61.688512,1987
michael stewart,208.28,104.32616,Undrafted
morris peterson,200.66,98.883056,2000
moochie norris,185.42,79.3786,1996
monty williams,203.2,102.0582,1994
mitch richmond,195.58,97.52228,1988
mikki moore,213.36,104.32616,Undrafted
mike smith,203.2,88.45044,2000
mike penberthy,190.5,81.64656,Undrafted
mike miller,203.2,98.883056,2000
mookie blaylock,185.42,83.91452,1989
kendall gill,195.58,97.975872,1990
mark jackson,190.5,92.98636,1987
mark blount,213.36,104.32616,1997
lari ketner,205.74,125.644984,1999
lamond murray,200.66,107.047712,1994
lamar odom,208.28,96.615096,1999
laphonso ellis,203.2,108.86208,1992
kurt thomas,205.74,104.32616,1995
kornel david,205.74,104.32616,Undrafted
kobe bryant,200.66,95.25432,1996
laron profit,195.58,92.532768,1999
khalid elamin,177.8,90.7184,2000
kevin willis,213.36,111.13004,1984
kevin ollie,187.96,88.45044,Undrafted
kevin garnett,210.82,99.79024,1995
kevin edwards,190.5,95.25432,1988
keon clark,210.82,100.243832,1998
kenyon martin,205.74,104.32616,2000
kenny thomas,203.2,117.93392,1999
keyon dooling,195.58,87.543256,2000
mark bryant,205.74,113.398,1988
larry hughes,195.58,83.46092800000001,1998
larry robinson,190.5,81.64656,Undrafted
mario elie,195.58,102.0582,1985
marcus fizer,205.74,118.841104,2000
marcus camby,210.82,102.0582,1996
marc jackson,208.28,122.46984,1997
mamadou ndiaye,213.36,115.66596,2000
malik rose,200.66,115.66596,1996
mahmoud abdulrauf,185.42,73.481904,1990
larry johnson,200.66,106.59412,1991
lucious harris,195.58,92.98636,1993
loy vaught,205.74,108.86208,1990
lorenzen wright,210.82,108.86208,1996
lindsey hunter,187.96,90.7184,1993
lee nailon,203.2,109.315672,1999
lawrence funderburke,205.74,104.32616,1994
lavor postell,195.58,92.98636,2000
latrell sprewell,195.58,86.18248,1992
luc longley,218.44,120.20188,1991
evan eschmeyer,210.82,115.66596,1999
david robinson,215.9,113.398,1987
ervin johnson,210.82,115.66596,1993
bryon russell,200.66,102.0582,1993
bryce drew,190.5,83.91452,1998
bryant stith,195.58,95.25432,1992
bryant reeves,213.36,131.54168,1995
bruno sundov,218.44,108.408488,1998
bruce bowen,200.66,90.7184,Undrafted
brian skinner,205.74,120.20188,1998
cal bowdler,208.28,111.13004,1999
brian shaw,198.12,90.7184,1988
brian cardinal,203.2,111.13004,2000
brevin knight,177.8,77.11064,1997
brent price,185.42,83.91452,1992
brent barry,198.12,97.52228,1995
brad miller,213.36,118.38751200000002,Undrafted
bonzi wells,195.58,95.25432,1998
bobby jackson,185.42,83.91452,1997
brian grant,205.74,113.398,1994
bob sura,195.58,90.7184,1995
calbert cheaney,200.66,98.429464,1993
carlos rogers,210.82,105.233344,1994
chris mullin,198.12,90.7184,1985
chris mills,200.66,97.975872,1993
chris mihm,215.9,120.20188,2000
chris herren,187.96,86.18248,1999
chris gatling,208.28,104.32616,1991
chris garner,177.8,70.760352,Undrafted
chris dudley,210.82,117.93392,1987
calvin booth,210.82,109.315672,1999
chris crawford,205.74,106.59412,1997
chris carr,198.12,99.79024,1995
cherokee parks,210.82,108.86208,1995
chauncey billups,190.5,91.625584,1997
charlie ward,187.96,86.18248,1994
charles oakley,205.74,111.13004,1985
cedric henderson,200.66,102.0582,1997
cedric ceballos,200.66,99.79024,1990
chris childs,190.5,88.45044,Undrafted
chris porter,200.66,98.883056,2000
bo outlaw,203.2,95.25432,Undrafted
billy owens,203.2,99.79024,1991
andy panko,205.74,111.13004,Undrafted
andrew declercq,208.28,115.66596,1995
andre miller,187.96,90.7184,1999
alvin williams,195.58,83.91452,1997
alonzo mourning,208.28,118.38751200000002,1992
allen iverson,182.88,74.84268,1996
allan houston,198.12,90.7184,1993
anfernee hardaway,200.66,97.52228,1993
alan henderson,205.74,106.59412,1995
adrian griffin,195.58,97.52228,Undrafted
adonal foyle,208.28,113.398,1997
adam keefe,205.74,104.32616,1992
aaron williams,205.74,102.0582,Undrafted
aaron mckie,195.58,94.800728,1994
aj guyton,185.42,81.64656,2000
ac green,205.74,102.0582,1985
al harrington,205.74,115.212368,1998
bimbo coles,187.96,82.553744,1990
antawn jamison,205.74,101.151016,1998
anthony goldwire,187.96,82.553744,1994
bill curley,205.74,99.79024,1994
ben wallace,205.74,108.86208,Undrafted
baron davis,190.5,96.161504,1999
avery johnson,180.34,81.64656,Undrafted
austin croshere,205.74,109.769264,1997
arvydas sabonis,220.98,132.448864,1986
art long,205.74,108.86208,Undrafted
anthony carter,185.42,86.18248,Undrafted
antonio mcdyess,205.74,111.13004,1995
antonio davis,205.74,104.32616,1990
antonio daniels,193.04,92.98636,1997
antoine walker,205.74,111.13004,1996
anthony peeler,193.04,94.347136,1992
anthony miller,205.74,115.66596,1994
anthony mason,203.2,115.66596,1988
anthony johnson,190.5,86.18248,1997
antonio harvey,210.82,113.398,Undrafted
etdrick bohannon,205.74,99.79024,Undrafted
chris webber,208.28,111.13004,1993
christian laettner,210.82,111.13004,1992
doug west,198.12,90.7184,1989
doug overton,190.5,86.18248,1991
doug christie,198.12,92.98636,1992
donyell marshall,205.74,104.32616,1994
donnell harvey,203.2,99.79024,2000
don reid,203.2,113.398,1995
don maclean,208.28,106.59412,1992
dragan tarlac,210.82,122.46984,1995
dirk nowitzki,210.82,107.501304,1998
dikembe mutombo,218.44,120.20188,1991
devean george,203.2,99.79024,1999
detlef schrempf,208.28,106.59412,1985
desmond mason,195.58,97.52228,2000
derrick mckey,208.28,109.315672,1987
derrick dial,193.04,83.91452,1998
derrick coleman,208.28,122.46984,1990
dion glover,195.58,103.418976,1999
derek strong,205.74,108.86208,1990
duane causwell,213.36,115.66596,1990
eddie gill,182.88,86.18248,Undrafted
erick strickland,190.5,95.25432,Undrafted
erick dampier,210.82,120.20188,1996
erick barkley,185.42,80.28578399999998,2000
eric williams,203.2,99.79024,1995
eric snow,190.5,92.532768,1995
eric piatkowski,198.12,98.429464,1994
eric montross,213.36,122.46984,1994
earl boykins,165.1,60.327736,Undrafted
emanual davis,195.58,88.45044,Undrafted
elliot perry,182.88,68.945984,1991
eldridge recasner,193.04,87.089664,1992
elden campbell,213.36,124.7378,1990
eduardo najera,203.2,106.140528,2000
eddie robinson,205.74,92.98636,Undrafted
eddie jones,200.66,87.996848,1994
eddie house,185.42,81.64656,2000
elton brand,203.2,117.93392,1999
chris whitney,182.88,79.3786,1993
derek fisher,185.42,90.7184,1996
dermarr johnson,205.74,91.171992,2000
dan langhi,210.82,99.79024,2000
damon stoudamire,177.8,77.56423199999999,1995
damon jones,190.5,83.91452,Undrafted
dalibor bagaric,215.9,125.644984,2000
dale davis,210.82,114.305184,1991
cuttino mobley,193.04,86.18248,1998
courtney alexander,195.58,92.98636,2000
dan majerle,198.12,100.697424,1988
cory alexander,185.42,86.18248,1995
corie blount,208.28,109.769264,1993
corey maggette,198.12,98.883056,1999
corey benjamin,198.12,92.98636,1998
clifford robinson,208.28,102.0582,1989
clar weatherspoon,200.66,120.20188,1992
chucky brown,203.2,99.79024,1989
chucky atkins,180.34,72.57472,Undrafted
corliss williamson,200.66,111.13004,1995
derek anderson,195.58,88.45044,1997
dan mcclintock,213.36,122.46984,2000
daniel santiago,215.9,116.119552,Undrafted
dell curry,195.58,92.98636,1986
dee brown,187.96,92.98636,1990
dean garrett,210.82,113.398,1988
deshawn stevenson,195.58,95.25432,2000
david wingate,195.58,84.821704,1986
david wesley,185.42,95.707912,Undrafted
david vanterpool,195.58,90.7184,Undrafted
dana barros,180.34,73.935496,1989
othella harrington,205.74,106.59412,1996
darvin ham,200.66,104.32616,Undrafted
darrick martin,180.34,77.11064,Undrafted
darrell armstrong,185.42,81.64656,Undrafted
darius miles,205.74,91.625584,2000
danny manning,208.28,110.676448,1988
danny fortson,203.2,117.93392,1997
danny ferry,208.28,106.59412,1989
david benoit,203.2,99.79024,Undrafted
otis thorpe,208.28,112.490816,1984
milt palacio,190.5,88.45044,Undrafted
pat garrity,205.74,107.954896,1998
tony massenburg,205.74,113.398,1990
tony delk,187.96,85.728888,1996
tony battie,210.82,108.86208,1997
toni kukoc,210.82,106.59412,1990
tom hammonds,205.74,97.52228,1989
tom gugliotta,208.28,108.86208,1992
todd macculloch,213.36,115.66596,1999
todd fuller,210.82,115.66596,1996
todd day,198.12,85.275296,1992
tim thomas,208.28,104.32616,1997
tim james,200.66,96.161504,1999
tim hardaway,182.88,88.45044,1989
tim duncan,213.36,117.93392,1997
theo ratliff,208.28,102.0582,1995
terry porter,190.5,92.98636,1985
terry mills,208.28,104.32616,1990
terry davis,208.28,122.46984,Undrafted
terrell brandon,180.34,78.471416,1991
terrance roberson,200.66,97.52228,Undrafted
tariq abdulwahad,198.12,101.151016,1997
stromile swift,205.74,102.0582,2000
steven smith,203.2,100.243832,1991
steve nash,190.5,88.45044,1996
steve kerr,190.5,81.64656,1988
steve goodrich,208.28,99.79024,Undrafted
steve francis,190.5,87.543256,1999
stephon marbury,187.96,81.64656,1996
tony smith,190.5,83.91452,1990
tracy mcgrady,203.2,95.25432,1997
tracy murray,200.66,103.418976,1992
trajan langdon,190.5,89.357624,1999
pj brown,210.82,108.86208,1992
zydrunas ilgauskas,220.98,117.93392,1996
zendon hamilton,210.82,115.212368,Undrafted
zan tabak,213.36,116.573144,1991
william avery,187.96,89.357624,1999
will perdue,213.36,108.86208,1988
wesley person,198.12,90.7184,1994
wang zhizhi,215.9,99.79024,1999
walter mccarty,208.28,104.32616,1996
walt williams,203.2,104.32616,1992
wally szczerbiak,200.66,110.676448,1999
voshon lenard,193.04,92.98636,1994
vonteego cummings,190.5,86.18248,1999
stephen jackson,203.2,98.883056,1997
vladimir stepania,213.36,107.047712,1998
vitaly potapenko,208.28,129.27372,1996
vinny del negro,193.04,90.7184,1988
vince carter,198.12,102.0582,1998
vin baker,210.82,113.398,1993
vernon maxwell,193.04,86.18248,1988
tyus edney,177.8,75.296272,1995
tyronn lue,182.88,80.73937600000001,1998
tyrone nesby,198.12,111.13004,Undrafted
tyrone hill,205.74,113.398,1990
tyrone corbin,198.12,95.25432,1985
troy hudson,185.42,77.11064,Undrafted
travis knight,213.36,106.59412,1996
travis best,180.34,83.46092800000001,1995
vlade divac,215.9,117.93392,1989
stacey augmon,203.2,92.98636,1991
ruben wolkowyski,208.28,122.46984,Undrafted
slava medvedenko,208.28,113.398,Undrafted
robert traylor,203.2,131.088088,1998
robert pack,187.96,86.18248,Undrafted
robert horry,208.28,106.59412,1992
ricky davis,200.66,89.357624,1998
rick fox,200.66,109.769264,1991
rick brunson,193.04,86.18248,Undrafted
richard hamilton,198.12,83.91452,1999
reggie slater,200.66,115.66596,Undrafted
reggie miller,200.66,91.625584,1987
ray allen,195.58,92.98636,1996
rasho nesterovic,213.36,113.398,1998
rasheed wallace,210.82,104.32616,1995
rashard lewis,208.28,97.52228,1998
randy livingston,193.04,95.25432,1996
randy brown,187.96,86.18248,1991
rafer alston,187.96,78.471416,1998
raef lafrentz,210.82,108.86208,1998
quincy lewis,200.66,97.52228,1999
quentin richardson,198.12,101.151016,2000
popeye jones,203.2,113.398,1992
pervis ellison,205.74,95.25432,1989
pepe sanchez,193.04,88.45044,Undrafted
peja stojakovic,205.74,103.872568,1996
paul pierce,198.12,104.32616,1998
paul mcpherson,193.04,95.25432,Undrafted
patrick ewing,213.36,115.66596,1985
soumaila samake,213.36,101.604608,2000
rod strickland,190.5,83.91452,1988
rodney buford,195.58,85.728888,1999
raja bell,195.58,92.532768,Undrafted
ron harper,198.12,97.52228,1986
sherman douglas,182.88,81.64656,1989
rodney rogers,200.66,115.66596,1993
shawn marion,200.66,97.52228,1999
shawn kemp,208.28,127.00576,1989
shawn bradley,228.6,120.20188,1993
shareef abdurrahim,205.74,104.32616,1996
shaquille oneal,215.9,142.88148,1992
shammond williams,185.42,91.171992,1998
sean rooks,208.28,117.93392,1992
sean elliott,203.2,99.79024,1989
sean colson,182.88,79.3786,Undrafted
scottie pippen,200.66,103.418976,1987
scott williams,208.28,104.32616,Undrafted
shandon anderson,198.12,95.25432,1996
scott burrell,200.66,98.883056,1993
ron mercer,200.66,95.25432,1997
roshown mcleod,203.2,100.243832,1998
scott padgett,205.74,108.86208,1999
ruben garces,205.74,111.13004,Undrafted
ruben patterson,195.58,101.604608,1998
ryan bowen,200.66,99.79024,1998
sam cassell,190.5,83.91452,1993
shawnelle scott,210.82,113.398,1994
sam jacobson,193.04,97.52228,1998
sam mitchell,200.66,97.52228,1985
sam perkins,205.74,117.93392,1984
samaki walker,205.74,117.93392,1996
scot pollard,210.82,120.20188,1997
ratko varda,215.9,117.93392,Undrafted
rasho nesterovic,213.36,112.490816,1998
rasheed wallace,210.82,102.0582,1995
rashard lewis,208.28,97.52228,1998
randy livingston,193.04,94.800728,1996
randy brown,187.96,86.18248,1991
rafer alston,187.96,77.56423199999999,1998
ray allen,195.58,92.98636,1996
raef lafrentz,210.82,111.13004,1998
popeye jones,203.2,113.398,1992
quincy lewis,200.66,97.52228,1999
quentin richardson,198.12,101.151016,2000
predrag drobnjak,210.82,123.377024,1997
peja stojakovic,205.74,103.872568,1996
raja bell,195.58,92.532768,Undrafted
primoz brezec,215.9,110.222856,2000
rodney white,205.74,107.954896,2001
reggie slater,200.66,115.66596,Undrafted
ryan bowen,205.74,102.965384,1998
paul pierce,198.12,104.32616,1998
rusty larue,190.5,83.91452,Undrafted
ruben patterson,195.58,101.604608,1998
ruben boumtjeboumtje,213.36,111.13004,2001
ron mercer,200.66,95.25432,1997
rodney rogers,200.66,115.66596,1993
rodney buford,195.58,85.728888,1999
rod strickland,190.5,83.91452,1988
robert traylor,203.2,128.820128,1998
robert pack,187.96,86.18248,Undrafted
robert horry,208.28,106.59412,1992
ricky davis,200.66,89.357624,1998
rick fox,200.66,109.769264,1991
rick brunson,193.04,86.18248,Undrafted
richard jefferson,200.66,100.697424,2001
richard hamilton,200.66,87.543256,1999
reggie miller,200.66,88.45044,1987
pau gasol,213.36,102.965384,2001
michael dickerson,195.58,86.18248,1998
pat garrity,205.74,107.954896,1998
michael redd,198.12,99.79024,2000
michael olowokandi,213.36,122.46984,1998
michael jordan,198.12,97.975872,1984
michael finley,200.66,97.52228,1995
michael doleac,210.82,118.841104,1998
sam cassell,190.5,83.91452,1993
michael curry,195.58,95.25432,Undrafted
michael ruffin,203.2,112.490816,1999
michael bradley,205.74,102.965384,2001
mengke bateer,210.82,131.54168,Undrafted
maurice evans,195.58,99.79024,Undrafted
matt harpring,200.66,104.779752,1998
matt geiger,205.74,110.222856,1992
matt bullard,208.28,97.52228,Undrafted
mateen cleaves,187.96,92.98636,2000
mark strickland,208.28,99.79024,Undrafted
metta world peace,200.66,111.583632,1999
michael stewart,208.28,104.32616,Undrafted
mike bibby,185.42,86.18248,1998
mike james,187.96,86.18248,Undrafted
pj brown,210.82,108.408488,1992
othella harrington,205.74,106.59412,1996
oscar torres,198.12,95.25432,Undrafted
olumide oyedeji,208.28,115.66596,2000
obinna ekezie,205.74,122.46984,1999
norman richardson,195.58,90.7184,Undrafted
nazr mohammed,208.28,113.398,1998
morris peterson,200.66,98.883056,2000
mookie blaylock,182.88,81.64656,1989
moochie norris,185.42,79.3786,1996
monty williams,203.2,102.0582,1994
mitchell butler,195.58,97.975872,Undrafted
mitch richmond,195.58,99.79024,1988
milt palacio,190.5,88.45044,Undrafted
mikki moore,213.36,104.32616,Undrafted
mike penberthy,190.5,81.64656,Undrafted
mike miller,203.2,98.883056,2000
patrick ewing,213.36,115.66596,1985
sam mack,200.66,99.79024,Undrafted
steven smith,203.2,100.243832,1991
samaki walker,205.74,117.93392,1996
tyronn lue,182.88,80.73937600000001,1998
tyrone nesby,198.12,111.13004,Undrafted
tyrone hill,205.74,113.398,1990
troy murphy,210.82,111.13004,2001
troy hudson,185.42,77.11064,Undrafted
trenton hassell,195.58,90.7184,2001
tremaine fowlkes,203.2,99.79024,1998
tyson chandler,215.9,106.59412,2001
travis knight,213.36,106.59412,1996
trajan langdon,190.5,89.357624,1999
tracy murray,200.66,103.418976,1992
tracy mcgrady,203.2,95.25432,1997
tony parker,187.96,80.28578399999998,2001
tony massenburg,205.74,113.398,1990
tony delk,187.96,85.728888,1996
tony battie,210.82,108.86208,1997
travis best,180.34,82.10015200000001,1995
victor alexander,208.28,120.20188,1991
vin baker,210.82,113.398,1993
vince carter,198.12,102.0582,1998
zendon hamilton,210.82,115.212368,Undrafted
zeljko rebraca,213.36,116.573144,1994
zach randolph,205.74,122.46984,2001
william avery,187.96,89.357624,1999
will solomon,185.42,83.91452,2001
wesley person,198.12,90.7184,1994
wang zhizhi,215.9,99.79024,1999
walter mccarty,208.28,104.32616,1996
walt williams,203.2,104.32616,1992
wally szczerbiak,200.66,110.676448,1999
voshon lenard,193.04,92.98636,1994
vonteego cummings,190.5,86.18248,1999
vladimir stepania,213.36,107.047712,1998
vladimir radmanovic,208.28,106.140528,2001
vlade divac,215.9,117.93392,1989
vitaly potapenko,208.28,129.27372,1996
vinny del negro,193.04,83.91452,1988
toni kukoc,210.82,106.59412,1990
tom gugliotta,208.28,108.86208,1992
todd macculloch,213.36,127.00576,1999
tim thomas,208.28,108.86208,1997
slava medvedenko,208.28,113.398,Undrafted
shawnelle scott,208.28,113.398,1994
shawn marion,200.66,97.52228,1999
shawn kemp,208.28,127.00576,1989
shawn bradley,228.6,120.20188,1993
shareef abdurrahim,205.74,104.32616,1996
shaquille oneal,215.9,142.88148,1992
shane battier,203.2,99.79024,2001
shandon anderson,198.12,95.25432,1996
shammond williams,185.42,91.171992,1998
sean rooks,208.28,117.93392,1992
sean marks,208.28,113.398,1998
scottie pippen,200.66,103.418976,1987
scott williams,208.28,111.13004,Undrafted
scott padgett,205.74,108.86208,1999
scot pollard,210.82,120.20188,1997
samuel dalembert,210.82,113.398,2001
speedy claxton,180.34,75.296272,2000
sam mitchell,200.66,97.52228,1985
stacey augmon,203.2,96.615096,1991
stephon marbury,187.96,81.64656,1996
tim james,200.66,96.161504,1999
tim hardaway,182.88,88.45044,1989
tim duncan,213.36,117.93392,1997
tierre brown,187.96,85.728888,Undrafted
theo ratliff,208.28,104.32616,1995
terry porter,190.5,92.98636,1985
terrell brandon,180.34,78.471416,1991
terence morris,205.74,100.243832,2001
tariq abdulwahad,198.12,101.151016,1997
tang hamilton,203.2,99.79024,Undrafted
stromile swift,205.74,102.0582,2000
mark pope,208.28,106.59412,1996
steven hunter,208.28,101.604608,2001
steve nash,190.5,88.45044,1996
steve kerr,190.5,81.64656,1988
steve goodrich,208.28,99.79024,Undrafted
steve francis,190.5,88.45044,1999
stephen jackson,203.2,98.883056,1997
mark madsen,205.74,107.047712,2000
kevin ollie,187.96,88.45044,Undrafted
mark bryant,205.74,113.398,1988
greg anthony,185.42,81.64656,1991
grant long,205.74,113.398,1988
grant hill,203.2,102.0582,1994
glenn robinson,200.66,104.32616,1994
glen rice,203.2,99.79024,1989
gilbert arenas,190.5,86.636072,2001
gerald wallace,200.66,97.52228,2001
greg buckner,193.04,95.25432,1998
george mccloud,203.2,102.0582,1989
gary trent,203.2,113.398,1995
gary payton,193.04,81.64656,1990
fred hoiberg,195.58,95.25432,1995
felton spencer,213.36,131.54168,1990
felipe lopez,195.58,88.45044,1998
evan eschmeyer,210.82,115.66596,1999
etan thomas,208.28,117.93392,2000
george lynch,203.2,103.418976,1993
greg foster,210.82,108.86208,1990
greg ostertag,218.44,127.00576,1995
hakeem olajuwon,213.36,115.66596,1984
jalen rose,203.2,98.429464,1994
jake voskuhl,210.82,111.13004,2000
jake tsakalidis,218.44,129.27372,2000
jahidi white,205.74,131.54168,1998
jacque vaughn,185.42,86.18248,1997
jabari smith,210.82,113.398,2000
isaiah rider,195.58,97.52228,1993
ira newble,200.66,97.52228,Undrafted
ira bowman,195.58,88.45044,Undrafted
ike fontaine,193.04,95.25432,Undrafted
ike austin,208.28,130.63449599999998,1991
hubert davis,195.58,83.007336,1992
howard eisley,187.96,81.64656,1994
horace grant,208.28,111.13004,1987
hedo turkoglu,203.2,99.79024,2000
harold jamison,205.74,122.016248,Undrafted
hanno mottola,210.82,112.037224,2000
ervin johnson,210.82,115.66596,1993
jamaal magloire,210.82,117.480328,2000
ernest brown,213.36,110.676448,2000
erick dampier,210.82,120.20188,1996
donyell marshall,205.74,104.32616,1994
donny marshall,200.66,104.32616,1995
donnell harvey,203.2,99.79024,2000
don reid,203.2,113.398,1995
dirk nowitzki,213.36,111.13004,1998
dion glover,195.58,103.418976,1999
dikembe mutombo,218.44,120.20188,1991
doug christie,198.12,92.98636,1992
dickey simpkins,205.74,112.490816,1994
desmond mason,195.58,100.697424,2000
derrick mckey,208.28,109.315672,1987
derrick dial,193.04,83.46092800000001,1998
derrick coleman,208.28,122.46984,1990
derek fisher,185.42,90.7184,1996
derek anderson,195.58,88.45044,1997
zydrunas ilgauskas,220.98,117.93392,1996
devean george,203.2,99.79024,1999
doug overton,190.5,86.18248,1991
earl boykins,165.1,60.327736,Undrafted
earl watson,185.42,86.18248,2001
erick barkley,185.42,80.28578399999998,2000
eric williams,203.2,99.79024,1995
eric snow,190.5,92.532768,1995
eric piatkowski,198.12,97.52228,1994
eric montross,213.36,122.46984,1994
emanual davis,195.58,88.45044,Undrafted
elton brand,203.2,120.20188,1999
elliot perry,182.88,68.0388,1991
eldridge recasner,190.5,86.18248,1992
elden campbell,213.36,126.552168,1990
eduardo najera,203.2,106.140528,2000
eddy curry,210.82,129.27372,2001
eddie robinson,205.74,92.98636,Undrafted
eddie jones,198.12,90.7184,1994
eddie house,185.42,81.64656,2000
eddie griffin,208.28,99.79024,2001
eddie gill,182.88,86.18248,Undrafted
erick strickland,190.5,98.883056,Undrafted
mark jackson,190.5,88.45044,1987
jamaal tinsley,190.5,88.45044,2001
jamal mashburn,203.2,112.037224,1993
kwame brown,210.82,110.222856,2001
kurt thomas,205.74,106.59412,1995
kobe bryant,200.66,95.25432,1996
kirk haston,205.74,109.769264,2001
keyon dooling,190.5,88.904032,2000
kevin willis,213.36,111.13004,1984
kevin garnett,210.82,99.79024,1995
laphonso ellis,203.2,108.86208,1992
kerry kittles,195.58,81.64656,1996
kenyon martin,205.74,106.140528,2000
kenny thomas,200.66,111.13004,1999
kenny satterfield,185.42,79.83219199999998,2001
kenny anderson,185.42,76.203456,1991
kendall gill,195.58,97.52228,1990
kelvin cato,210.82,115.66596,1997
keith van horn,208.28,115.66596,1997
keon clark,210.82,100.243832,1998
lamar odom,208.28,100.243832,1999
lamond murray,200.66,107.047712,1994
larry hughes,195.58,83.46092800000001,1998
mark blount,213.36,113.398,1997
marcus fizer,205.74,118.841104,2000
marcus camby,210.82,106.59412,1996
marc jackson,208.28,122.46984,1997
mamadou ndiaye,213.36,115.66596,2000
malik rose,200.66,115.66596,1996
malik allen,208.28,115.66596,Undrafted
lucious harris,195.58,92.98636,1993
lorenzen wright,210.82,108.86208,1996
loren woods,215.9,111.583632,2001
lindsey hunter,187.96,88.45044,1993
leon smith,208.28,106.59412,1999
lee nailon,205.74,107.954896,1999
lawrence funderburke,205.74,104.32616,1994
lavor postell,195.58,97.52228,2000
latrell sprewell,195.58,88.45044,1992
larry robinson,190.5,81.64656,Undrafted
kedrick brown,200.66,100.697424,2001
jamal crawford,195.58,79.3786,2000
karl malone,205.74,116.119552,1985
jumaine jones,203.2,98.883056,1999
jelani mccoy,208.28,111.13004,1998
jeff trepagnier,193.04,90.7184,2001
jeff mcinnis,193.04,81.19296800000001,1996
jeff foster,210.82,109.769264,1999
jason williams,185.42,86.18248,1998
jason terry,187.96,79.83219199999998,1999
jason richardson,198.12,99.79024,2001
jermaine jackson,195.58,92.532768,Undrafted
jason kidd,193.04,96.161504,1994
jason collins,213.36,117.93392,2001
jason collier,213.36,117.93392,2000
jason caffey,203.2,116.119552,1995
jarron collins,210.82,114.305184,2001
jaren jackson,198.12,102.0582,Undrafted
jamison brewer,187.96,80.73937600000001,2001
james posey,203.2,97.52228,1999
jason hart,187.96,82.10015200000001,2000
jermaine oneal,210.82,109.769264,1996
jerome james,215.9,123.377024,1998
jerome moiso,208.28,105.233344,2000
jud buechler,198.12,103.418976,1990
joseph forte,193.04,87.996848,2001
jonathan bender,213.36,99.336648,1999
jon barry,195.58,95.25432,1992
johnny newman,200.66,95.25432,1986
john wallace,205.74,102.0582,1996
john stockton,185.42,79.3786,1984
john starks,195.58,86.18248,Undrafted
john crotty,185.42,83.91452,Undrafted
john amaechi,208.28,122.46984,Undrafted
joel przybilla,215.9,115.66596,2000
joe smith,208.28,102.0582,1995
joe johnson,200.66,102.0582,2001
joe crispin,182.88,83.91452,Undrafted
jim jackson,198.12,99.79024,1992
jeryl sasser,198.12,90.7184,2001
jerry stackhouse,198.12,98.883056,1995
juwan howard,205.74,113.398,1994
jerome williams,205.74,93.439952,1996
nick van exel,185.42,88.45044,1993
chris whitney,182.88,79.3786,1993
carlos rogers,210.82,105.233344,1994
cedric henderson,200.66,102.0582,1997
charles oakley,205.74,111.13004,1985
charles smith,193.04,87.996848,1997
charlie bell,190.5,90.7184,Undrafted
charlie ward,187.96,83.91452,1994
carlos arroyo,187.96,91.625584,Undrafted
chauncey billups,190.5,91.625584,1997
chris andersen,208.28,104.32616,Undrafted
chris childs,190.5,88.45044,Undrafted
chris crawford,205.74,106.59412,1997
chris dudley,210.82,117.93392,1987
chris gatling,208.28,99.79024,1991
chris mihm,213.36,120.20188,2000
cherokee parks,210.82,108.86208,1995
chris mills,200.66,99.79024,1993
calvin booth,210.82,104.779752,1999
cal bowdler,208.28,114.758776,1999
brandon armstrong,195.58,85.275296,2001
brendan haywood,213.36,120.655472,2001
brent barry,198.12,92.079176,1995
brent price,185.42,83.91452,1992
brevin knight,177.8,77.11064,1997
brian cardinal,203.2,111.13004,2000
calbert cheaney,200.66,98.429464,1993
brian grant,205.74,115.212368,1994
brian skinner,205.74,120.20188,1998
bruce bowen,200.66,90.7184,Undrafted
bruno sundov,218.44,111.583632,1998
bryant stith,195.58,95.25432,1992
bryce drew,190.5,83.46092800000001,1998
bryon russell,200.66,102.0582,1993
brian scalabrine,205.74,108.86208,2001
chris webber,208.28,111.13004,1993
christian laettner,210.82,111.13004,1992
chucky atkins,180.34,72.57472,Undrafted
danny manning,208.28,106.140528,1988
darius miles,205.74,95.25432,2000
darrell armstrong,185.42,81.64656,Undrafted
darrick martin,180.34,77.11064,Undrafted
darvin ham,200.66,104.32616,Undrafted
david robinson,215.9,113.398,1987
danny fortson,203.2,117.93392,1997
david wesley,185.42,92.079176,Undrafted
deshawn stevenson,195.58,95.25432,2000
dean garrett,210.82,113.398,1988
dean oliver,180.34,79.3786,Undrafted
dee brown,185.42,72.57472,1990
dell curry,195.58,92.98636,1986
dermarr johnson,205.74,91.171992,2000
desagana diop,213.36,136.0776,2001
danny ferry,208.28,106.59412,1989
daniel santiago,215.9,116.119552,Undrafted
dana barros,180.34,74.84268,1989
chucky brown,203.2,99.79024,1989
clar weatherspoon,200.66,122.46984,1992
clifford robinson,208.28,102.0582,1989
corey maggette,198.12,103.418976,1999
corie blount,208.28,109.769264,1993
corliss williamson,200.66,111.13004,1995
courtney alexander,198.12,92.98636,2000
cuttino mobley,193.04,95.25432,1998
dale davis,210.82,114.305184,1991
dalibor bagaric,215.9,122.46984,2000
damon jones,190.5,83.91452,Undrafted
damon stoudamire,177.8,77.56423199999999,1995
damone brown,203.2,91.625584,2001
dan langhi,210.82,99.79024,2000
dan majerle,198.12,100.697424,1988
brad miller,213.36,118.38751200000002,Undrafted
bonzi wells,195.58,96.615096,1998
brian shaw,198.12,90.7184,1988
bobby jackson,185.42,83.91452,1997
andrew declercq,208.28,115.66596,1995
andrei kirilenko,205.74,95.25432,1999
andre miller,187.96,90.7184,1999
amal mccaskill,210.82,111.13004,1996
alvin williams,195.58,83.91452,1997
alvin jones,210.82,120.20188,2001
alton ford,205.74,124.7378,2001
alonzo mourning,208.28,118.38751200000002,1992
anfernee hardaway,200.66,97.52228,1993
allen iverson,182.88,74.84268,1996
al harrington,205.74,113.398,1998
adrian griffin,195.58,97.52228,Undrafted
adonal foyle,208.28,120.20188,1997
aaron williams,205.74,108.86208,Undrafted
aaron mckie,195.58,94.800728,1994
aj guyton,185.42,81.64656,2000
bobby simmons,198.12,106.59412,2001
nick anderson,198.12,92.98636,1989
alan henderson,205.74,108.86208,1995
ansu sesay,205.74,102.0582,1998
allan houston,198.12,90.7184,1993
anthony carter,187.96,88.45044,Undrafted
bo outlaw,203.2,95.25432,Undrafted
antawn jamison,205.74,101.151016,1998
bimbo coles,187.96,82.553744,1990
ben wallace,205.74,108.86208,Undrafted
baron davis,190.5,101.151016,1999
avery johnson,180.34,81.64656,Undrafted
austin croshere,208.28,109.769264,1997
art long,205.74,114.758776,Undrafted
bob sura,195.58,90.7184,1995
antonio mcdyess,205.74,111.13004,1995
antonio harvey,210.82,102.0582,Undrafted
antonio davis,205.74,104.32616,1990
antonio daniels,193.04,92.98636,1997
antoine walker,205.74,111.13004,1996
anthony peeler,193.04,94.347136,1992
antonis fotsis,208.28,99.336648,2001
anthony johnson,190.5,86.18248,1997
anthony mason,203.2,115.66596,1988
popeye jones,203.2,113.398,1992
michael doleac,210.82,118.841104,1998
michael finley,200.66,102.0582,1995
michael jordan,198.12,97.975872,1984
predrag savovic,198.12,102.0582,Undrafted
michael redd,198.12,97.52228,2000
michael dickerson,195.58,86.18248,1998
predrag drobnjak,210.82,123.377024,1997
michael olowokandi,213.36,122.46984,1998
michael curry,195.58,95.25432,Undrafted
matt harpring,200.66,104.779752,1998
metta world peace,200.66,111.583632,1999
mengke bateer,210.82,131.54168,Undrafted
melvin ely,208.28,117.93392,2002
mehmet okur,210.82,112.944408,2001
maurice taylor,205.74,117.93392,1997
matt maloney,190.5,87.089664,Undrafted
mateen cleaves,187.96,92.98636,2000
marko jaric,200.66,89.811216,2000
mark strickland,208.28,99.79024,Undrafted
mark madsen,205.74,111.13004,2000
pepe sanchez,193.04,88.45044,Undrafted
michael bradley,208.28,102.0582,2001
peja stojakovic,208.28,103.872568,1996
mike wilks,177.8,83.91452,Undrafted
paul pierce,198.12,104.32616,1998
mark jackson,190.5,88.45044,1987
michael stewart,208.28,104.32616,Undrafted
mike batiste,203.2,102.0582,Undrafted
mike bibby,185.42,86.18248,1998
mike dunleavy,205.74,100.243832,2002
mike james,187.96,86.18248,Undrafted
mike miller,203.2,98.883056,2000
mikki moore,213.36,102.0582,Undrafted
milt palacio,190.5,88.45044,Undrafted
monty williams,203.2,102.0582,1994
moochie norris,187.96,83.91452,1996
paul shirley,208.28,104.32616,Undrafted
morris peterson,200.66,97.52228,2000
nazr mohammed,208.28,113.398,1998
nene,210.82,117.93392,2002
nick van exel,185.42,88.45044,1993
nikoloz tskitishvili,213.36,102.0582,2002
olumide oyedeji,208.28,108.86208,2000
oscar torres,198.12,95.25432,Undrafted
othella harrington,205.74,106.59412,1996
pj brown,210.82,108.408488,1992
pat burke,210.82,113.398,Undrafted
pat garrity,205.74,107.954896,1998
pau gasol,213.36,102.965384,2001
nate huffman,215.9,111.13004,Undrafted
mark bryant,205.74,113.398,1988
stephen jackson,203.2,99.79024,1997
marcus haislip,208.28,104.32616,2002
kevin ollie,187.96,88.45044,Undrafted
kevin garnett,210.82,99.79024,1995
kerry kittles,195.58,81.64656,1996
keon clark,210.82,100.243832,1998
kenyon martin,205.74,106.140528,2000
kenny thomas,200.66,111.13004,1999
kenny satterfield,187.96,77.11064,2001
kenny anderson,185.42,76.203456,1991
kendall gill,195.58,97.52228,1990
ken johnson,208.28,108.86208,2001
kelvin cato,210.82,124.7378,1997
keith van horn,208.28,115.66596,1997
kedrick brown,200.66,100.697424,2001
karl malone,205.74,116.119552,1985
kareem rush,198.12,97.52228,2002
juwan howard,205.74,117.93392,1994
junior harrington,193.04,86.18248,Undrafted
jumaine jones,203.2,98.883056,1999
juaquin hawkins,200.66,92.98636,Undrafted
juan dixon,190.5,74.389088,2002
joseph forte,193.04,87.996848,2001
jonathan bender,213.36,99.336648,1999
jon barry,195.58,95.25432,1992
kevin willis,213.36,111.13004,1984
mark blount,213.36,113.398,1997
keyon dooling,190.5,88.904032,2000
kobe bryant,200.66,97.52228,1996
marcus fizer,203.2,117.93392,2000
marcus camby,210.82,102.0582,1996
marc jackson,208.28,122.46984,1997
manu ginobili,198.12,95.25432,1999
mamadou ndiaye,213.36,115.66596,2000
malik rose,200.66,115.66596,1996
malik allen,208.28,115.66596,Undrafted
maceo baston,205.74,97.52228,1998
lucious harris,195.58,92.98636,1993
lorenzen wright,210.82,108.86208,1996
loren woods,215.9,111.583632,2001
lonny baxter,203.2,117.93392,2002
lindsey hunter,187.96,88.45044,1993
lee nailon,205.74,107.954896,1999
lawrence funderburke,205.74,104.32616,1994
lavor postell,195.58,97.52228,2000
latrell sprewell,195.58,88.45044,1992
larry hughes,195.58,83.46092800000001,1998
lamar odom,208.28,100.243832,1999
primoz brezec,215.9,114.305184,2000
laphonso ellis,203.2,108.86208,1992
kwame brown,210.82,112.490816,2001
kurt thomas,205.74,106.59412,1995
kirk haston,205.74,109.769264,2001
quentin richardson,198.12,107.047712,2000
stacey augmon,203.2,96.615096,1991
raef lafrentz,210.82,111.13004,1998
sam cassell,190.5,83.91452,1993
samaki walker,205.74,115.66596,1996
scot pollard,210.82,120.20188,1997
scott padgett,205.74,108.86208,1999
scott williams,208.28,117.93392,Undrafted
scottie pippen,203.2,103.418976,1987
sean lampley,200.66,102.965384,2001
sean marks,208.28,113.398,1998
sean rooks,208.28,117.93392,1992
shammond williams,185.42,91.171992,1998
shandon anderson,198.12,95.25432,1996
shane battier,203.2,99.79024,2001
shaquille oneal,215.9,151.95332,1992
shareef abdurrahim,205.74,108.86208,1996
shawn bradley,228.6,124.7378,1993
shawn kemp,208.28,127.00576,1989
shawn marion,200.66,97.52228,1999
slava medvedenko,208.28,115.66596,Undrafted
smush parker,193.04,81.64656,Undrafted
soumaila samake,208.28,108.86208,2000
speedy claxton,180.34,75.296272,2000
john stockton,185.42,79.3786,1984
raja bell,195.58,92.98636,Undrafted
ryan humphrey,203.2,106.59412,2002
stephon marbury,187.96,92.98636,1996
ryan bowen,205.74,99.79024,1998
ruben patterson,195.58,101.604608,1998
rashard lewis,208.28,97.52228,1998
rasheed wallace,210.82,104.32616,1995
rasho nesterovic,213.36,112.490816,1998
rasual butler,200.66,92.98636,2002
ray allen,195.58,92.98636,1996
reggie evans,203.2,111.13004,Undrafted
reggie miller,200.66,88.45044,1987
reggie slater,200.66,115.66596,Undrafted
richard hamilton,200.66,87.543256,1999
richard jefferson,200.66,100.697424,2001
rick brunson,193.04,86.18248,Undrafted
rick fox,200.66,106.59412,1991
ricky davis,200.66,89.357624,1998
robert archibald,210.82,113.398,2002
robert horry,208.28,107.954896,1992
robert pack,187.96,86.18248,Undrafted
robert traylor,203.2,128.820128,1998
rod strickland,190.5,83.91452,1988
rodney rogers,200.66,115.66596,1993
rodney white,205.74,104.32616,2001
roger mason,195.58,90.7184,2002
ron mercer,200.66,95.25432,1997
ruben boumtjeboumtje,213.36,116.573144,2001
ruben wolkowyski,208.28,124.7378,Undrafted
qyntel woods,203.2,100.243832,2002
steve francis,190.5,88.45044,1999
steve nash,190.5,88.45044,1996
troy murphy,210.82,111.13004,2001
tyrone hill,205.74,113.398,1990
tyronn lue,182.88,80.73937600000001,1998
tyson chandler,215.9,106.59412,2001
vin baker,210.82,113.398,1993
vince carter,198.12,102.0582,1998
vincent yarbrough,200.66,95.25432,2002
vitaly potapenko,208.28,129.27372,1996
vlade divac,215.9,117.93392,1989
vladimir radmanovic,208.28,106.140528,2001
vladimir stepania,215.9,115.66596,1998
voshon lenard,193.04,92.98636,1994
wally szczerbiak,200.66,110.676448,1999
walt williams,203.2,104.32616,1992
walter mccarty,208.28,104.32616,1996
wang zhizhi,215.9,124.7378,1999
wesley person,198.12,90.7184,1994
yao ming,226.06,134.26323200000002,2002
zach randolph,205.74,114.758776,2001
zeljko rebraca,213.36,116.573144,1994
zendon hamilton,210.82,115.212368,Undrafted
zydrunas ilgauskas,220.98,117.93392,1996
rafer alston,187.96,79.3786,1998
troy hudson,185.42,77.11064,Undrafted
steve kerr,185.42,81.64656,1988
trenton hassell,195.58,90.7184,2001
travis knight,213.36,106.59412,1996
steven hunter,213.36,99.79024,2001
steven smith,203.2,100.243832,1991
stromile swift,205.74,102.0582,2000
tamar slay,203.2,97.52228,2002
tariq abdulwahad,198.12,102.0582,1997
tayshaun prince,205.74,97.52228,2002
terence morris,205.74,100.243832,2001
theo ratliff,208.28,104.32616,1995
tierre brown,187.96,85.728888,Undrafted
tim duncan,213.36,117.93392,1997
tim hardaway,182.88,88.45044,1989
tim thomas,208.28,108.86208,1997
tito maddox,193.04,86.18248,2002
todd macculloch,213.36,115.66596,1999
tom gugliotta,208.28,113.398,1992
toni kukoc,210.82,106.59412,1990
tony battie,210.82,108.86208,1997
tony delk,187.96,85.728888,1996
tony massenburg,205.74,113.398,1990
tony parker,187.96,81.64656,2001
tracy mcgrady,203.2,95.25432,1997
tracy murray,200.66,103.418976,1992
travis best,180.34,83.46092800000001,1995
tremaine fowlkes,203.2,99.79024,1998
john salmons,200.66,95.25432,2002
glen rice,203.2,99.79024,1989
john amaechi,208.28,122.46984,Undrafted
chris mihm,213.36,120.20188,2000
chris jefferies,203.2,97.52228,2002
chris dudley,210.82,117.93392,1987
chris crawford,205.74,106.59412,1997
chris childs,190.5,88.45044,Undrafted
chris andersen,208.28,99.79024,Undrafted
cherokee parks,210.82,108.86208,1995
chauncey billups,190.5,91.625584,1997
charlie ward,187.96,83.91452,1994
charles smith,193.04,90.7184,1997
chris mills,200.66,99.79024,1993
charles oakley,205.74,112.490816,1985
casey jacobsen,198.12,97.52228,2002
caron butler,200.66,98.429464,2002
carlos boozer,205.74,127.00576,2002
carlos arroyo,187.96,91.625584,Undrafted
calvin booth,210.82,104.779752,1999
calbert cheaney,200.66,98.429464,1993
bryon russell,200.66,102.0582,1993
bryce drew,190.5,83.46092800000001,1998
bruno sundov,218.44,111.583632,1998
bruce bowen,200.66,90.7184,Undrafted
cezary trybanski,218.44,108.86208,Undrafted
chris owens,200.66,111.13004,2002
chris webber,208.28,111.13004,1993
chris whitney,182.88,79.3786,1993
danny manning,208.28,106.140528,1988
danny fortson,203.2,117.93392,1997
danny ferry,208.28,106.59412,1989
dan langhi,210.82,99.79024,2000
dan gadzuric,210.82,108.86208,2002
dan dickau,182.88,86.18248,2002
damone brown,203.2,91.625584,2001
damon stoudamire,177.8,77.56423199999999,1995
damon jones,190.5,83.91452,Undrafted
dalibor bagaric,215.9,131.54168,2000
dale davis,210.82,114.305184,1991
dajuan wagner,190.5,90.7184,2002
cuttino mobley,193.04,95.25432,1998
courtney alexander,195.58,92.98636,2000
corliss williamson,200.66,111.13004,1995
corie blount,208.28,109.769264,1993
corey maggette,198.12,103.418976,1999
corey benjamin,198.12,90.7184,1998
clifford robinson,208.28,102.0582,1989
clar weatherspoon,200.66,122.46984,1992
chucky atkins,180.34,72.57472,Undrafted
christian laettner,210.82,111.13004,1992
chris wilcox,208.28,100.243832,2002
brian skinner,205.74,120.20188,1998
brian shaw,198.12,90.7184,1988
brian scalabrine,205.74,108.86208,2001
brian grant,205.74,115.212368,1994
anthony johnson,190.5,86.18248,1997
anthony goldwire,187.96,82.553744,1994
anthony carter,187.96,88.45044,Undrafted
antawn jamison,205.74,101.151016,1998
ansu sesay,205.74,102.0582,1998
anfernee hardaway,200.66,97.52228,1993
andrew declercq,208.28,115.66596,1995
andrei kirilenko,205.74,102.0582,1999
andre miller,187.96,90.7184,1999
amare stoudemire,208.28,111.13004,2002
amal mccaskill,210.82,111.13004,1996
alvin williams,195.58,83.91452,1997
alton ford,205.74,127.00576,2001
allen iverson,182.88,74.84268,1996
allan houston,198.12,90.7184,1993
alan henderson,205.74,108.86208,1995
al harrington,205.74,113.398,1998
adrian griffin,195.58,104.32616,Undrafted
adonal foyle,208.28,120.20188,1997
adam harrington,195.58,90.7184,Undrafted
aaron williams,205.74,108.86208,Undrafted
aaron mckie,195.58,94.800728,1994
aj guyton,185.42,81.64656,2000
anthony mason,203.2,115.66596,1988
darius miles,205.74,95.25432,2000
anthony peeler,193.04,94.347136,1992
antoine walker,205.74,111.13004,1996
brian cardinal,203.2,111.13004,2000
brevin knight,177.8,77.11064,1997
brent barry,198.12,92.079176,1995
brendan haywood,213.36,121.562656,2001
brandon williams,198.12,97.52228,Undrafted
brandon armstrong,195.58,83.91452,2001
brad miller,213.36,118.38751200000002,Undrafted
bostjan nachbar,205.74,100.243832,2002
bonzi wells,195.58,95.25432,1998
bobby simmons,198.12,106.59412,2001
bobby jackson,185.42,83.91452,1997
bob sura,195.58,90.7184,1995
bo outlaw,203.2,99.79024,Undrafted
bimbo coles,187.96,82.553744,1990
ben wallace,205.74,108.86208,Undrafted
baron davis,190.5,101.151016,1999
avery johnson,180.34,81.64656,Undrafted
austin croshere,208.28,109.769264,1997
arvydas sabonis,220.98,132.448864,1986
art long,205.74,113.398,Undrafted
antonio harvey,210.82,113.398,Undrafted
antonio davis,205.74,104.32616,1990
antonio daniels,193.04,92.98636,1997
antoine rigaudeau,200.66,95.25432,Undrafted
john crotty,185.42,83.91452,Undrafted
darrell armstrong,185.42,81.64656,Undrafted
david robinson,215.9,113.398,1987
jamison brewer,193.04,83.46092800000001,2001
james posey,203.2,97.52228,1999
jamal sampson,210.82,106.59412,2002
jamal mashburn,203.2,112.037224,1993
jamal crawford,195.58,86.18248,2000
jamaal tinsley,190.5,88.45044,2001
jamaal magloire,210.82,117.480328,2000
jalen rose,203.2,98.429464,1994
jake voskuhl,210.82,111.13004,2000
jake tsakalidis,218.44,131.54168,2000
jannero pargo,187.96,77.11064,Undrafted
jahidi white,205.74,131.54168,1998
jr bremer,187.96,83.91452,Undrafted
ira newble,200.66,99.79024,Undrafted
igor rakocevic,187.96,83.46092800000001,2000
hubert davis,195.58,83.007336,1992
howard eisley,187.96,81.64656,1994
horace grant,208.28,111.13004,1987
hedo turkoglu,208.28,99.79024,2000
guy rucker,205.74,122.46984,1999
greg ostertag,218.44,127.00576,1995
greg foster,210.82,108.86208,1990
jacque vaughn,185.42,86.18248,1997
jared jeffries,210.82,104.32616,2002
jarron collins,210.82,114.305184,2001
jason caffey,203.2,116.119552,1995
joel przybilla,215.9,115.66596,2000
joe smith,208.28,102.0582,1995
joe johnson,200.66,106.59412,2001
jiri welsch,200.66,94.347136,2002
jim jackson,198.12,99.79024,1992
jeryl sasser,198.12,90.7184,2001
jerry stackhouse,198.12,98.883056,1995
jerome williams,205.74,93.439952,1996
jerome moiso,208.28,105.233344,2000
jerome james,215.9,123.377024,1998
jermaine oneal,210.82,109.769264,1996
jermaine jackson,195.58,92.532768,Undrafted
jelani mccoy,208.28,115.66596,1998
jeff trepagnier,193.04,90.7184,2001
jeff mcinnis,193.04,81.19296800000001,1996
jeff foster,210.82,109.769264,1999
jay williams,187.96,88.45044,2002
jason williams,185.42,86.18248,1998
jason terry,187.96,81.64656,1999
jason richardson,198.12,99.79024,2001
jason kidd,193.04,96.161504,1994
jason collins,213.36,117.93392,2001
jason collier,213.36,117.93392,2000
greg buckner,193.04,95.25432,1998
darvin ham,200.66,104.32616,Undrafted
grant long,205.74,108.86208,1988
gordan giricek,198.12,97.975872,1999
eddie house,185.42,81.64656,2000
eddie griffin,208.28,105.233344,2001
earl watson,185.42,86.18248,2001
earl boykins,165.1,60.327736,Undrafted
drew gooden,208.28,104.32616,2002
doug christie,198.12,92.98636,1992
donyell marshall,205.74,104.32616,1994
donny marshall,200.66,104.32616,1995
donnell harvey,203.2,99.79024,2000
don reid,203.2,113.398,1995
dirk nowitzki,213.36,111.13004,1998
dion glover,195.58,103.418976,1999
dikembe mutombo,218.44,120.20188,1991
devin brown,195.58,106.59412,Undrafted
devean george,203.2,102.0582,1999
desmond mason,195.58,100.697424,2000
derrick coleman,208.28,122.46984,1990
derek fisher,185.42,92.98636,1996
derek anderson,195.58,88.45044,1997
dean oliver,180.34,79.3786,Undrafted
deshawn stevenson,195.58,95.25432,2000
desagana diop,213.36,136.0776,2001
david wesley,185.42,92.079176,Undrafted
eddie jones,198.12,95.25432,1994
grant hill,203.2,102.0582,1994
eddie robinson,205.74,95.25432,Undrafted
eduardo najera,203.2,106.59412,2000
glenn robinson,200.66,104.32616,1994
randy livingston,193.04,94.800728,1996
gilbert arenas,190.5,86.636072,2001
gerald wallace,200.66,97.52228,2001
george lynch,203.2,106.59412,1993
gary trent,203.2,113.398,1995
gary payton,193.04,81.64656,1990
fred jones,187.96,98.883056,2002
fred hoiberg,195.58,95.25432,1995
frank williams,190.5,92.98636,2002
eddy curry,210.82,129.27372,2001
flip murray,193.04,86.18248,2002
etan thomas,208.28,117.93392,2000
ervin johnson,210.82,115.66596,1993
erick strickland,190.5,95.25432,Undrafted
erick dampier,210.82,120.20188,1996
eric williams,203.2,99.79024,1995
eric snow,190.5,92.532768,1995
eric piatkowski,198.12,97.52228,1994
emanual davis,195.58,88.45044,Undrafted
elton brand,203.2,120.20188,1999
elden campbell,213.36,126.552168,1990
efthimios rentzias,210.82,113.398,1996
evan eschmeyer,210.82,115.66596,1999
randy brown,187.96,86.18248,1991
brevin knight,177.8,77.11064,1997
jumaine jones,203.2,98.883056,1999
zydrunas ilgauskas,220.98,117.93392,1996
chris wilcox,208.28,103.872568,2002
chris whitney,182.88,79.3786,1993
chris webber,208.28,111.13004,1993
chris mihm,213.36,120.20188,2000
chris kaman,213.36,121.562656,2003
chris jefferies,203.2,104.32616,2002
chris crawford,205.74,106.59412,1997
chris bosh,208.28,95.25432,2003
chris andersen,208.28,99.79024,Undrafted
cherokee parks,210.82,108.86208,1995
chauncey billups,190.5,91.625584,1997
charlie ward,187.96,83.91452,1994
charles oakley,205.74,111.13004,1985
cezary trybanski,218.44,108.86208,Undrafted
casey jacobsen,198.12,97.52228,2002
caron butler,200.66,98.429464,2002
carmelo anthony,203.2,99.79024,2003
carlos boozer,205.74,117.026736,2002
carlos arroyo,187.96,91.625584,Undrafted
calvin booth,210.82,104.779752,1999
calbert cheaney,200.66,98.429464,1993
bryon russell,200.66,102.0582,1993
bryce drew,190.5,83.46092800000001,1998
christian laettner,210.82,111.13004,1992
chucky atkins,180.34,72.57472,Undrafted
clar weatherspoon,200.66,122.46984,1992
clifford robinson,208.28,108.86208,1989
david wesley,185.42,92.079176,Undrafted
darvin ham,200.66,108.86208,Undrafted
darrick martin,180.34,77.11064,Undrafted
darrell armstrong,185.42,81.64656,Undrafted
darko milicic,213.36,111.13004,2003
darius songaila,205.74,112.490816,2002
darius miles,205.74,95.25432,2000
danny fortson,203.2,117.93392,1997
daniel santiago,215.9,117.93392,Undrafted
dana barros,180.34,74.84268,1989
dan langhi,210.82,99.79024,2000
bruno sundov,218.44,111.583632,1998
dan gadzuric,210.82,108.86208,2002
damone brown,203.2,91.625584,2001
damon stoudamire,177.8,77.56423199999999,1995
damon jones,190.5,83.91452,Undrafted
dale davis,210.82,114.305184,1991
dajuan wagner,187.96,90.7184,2002
dahntay jones,198.12,95.25432,2003
cuttino mobley,193.04,97.52228,1998
curtis borchardt,213.36,108.86208,2002
corliss williamson,200.66,111.13004,1995
corie blount,208.28,109.769264,1993
corey maggette,198.12,103.418976,1999
dan dickau,182.88,86.18248,2002
david west,205.74,108.86208,2003
bruce bowen,200.66,90.7184,Undrafted
brian skinner,205.74,120.20188,1998
antonio daniels,193.04,92.98636,1997
antonio davis,205.74,104.32616,1990
antonio mcdyess,205.74,111.13004,1995
austin croshere,208.28,109.769264,1997
avery johnson,180.34,83.91452,Undrafted
baron davis,190.5,101.151016,1999
ben handlogten,208.28,108.86208,Undrafted
ben wallace,205.74,108.86208,Undrafted
bimbo coles,187.96,82.553744,1990
bo outlaw,203.2,99.79024,Undrafted
bob sura,195.58,90.7184,1995
bobby jackson,185.42,83.91452,1997
bobby simmons,198.12,106.59412,2001
bonzi wells,195.58,95.25432,1998
boris diaw,203.2,97.52228,2003
bostjan nachbar,205.74,100.243832,2002
brad miller,213.36,118.38751200000002,Undrafted
brandon armstrong,195.58,83.91452,2001
brandon hunter,200.66,117.93392,2003
brendan haywood,213.36,121.562656,2001
brent barry,198.12,92.079176,1995
kareem rush,198.12,97.52228,2002
karl malone,205.74,117.480328,1985
antoine walker,205.74,111.13004,1996
anthony peeler,193.04,94.347136,1992
anthony johnson,190.5,86.18248,1997
anthony goldwire,187.96,82.553744,1994
brian scalabrine,205.74,108.86208,2001
brian grant,205.74,115.212368,1994
brian cook,205.74,106.140528,2003
aaron mckie,195.58,94.800728,1994
aaron williams,205.74,108.86208,Undrafted
adonal foyle,208.28,120.20188,1997
adrian griffin,195.58,104.32616,Undrafted
al harrington,205.74,113.398,1998
alan henderson,205.74,108.86208,1995
alex garcia,190.5,88.45044,Undrafted
allan houston,198.12,90.7184,1993
britton johnsen,208.28,95.25432,Undrafted
allen iverson,182.88,74.84268,1996
alton ford,205.74,127.00576,2001
alvin williams,195.58,83.91452,1997
amal mccaskill,210.82,106.59412,1996
amare stoudemire,208.28,111.13004,2002
andre miller,187.96,90.7184,1999
andrei kirilenko,205.74,102.0582,1999
andrew declercq,208.28,115.66596,1995
anfernee hardaway,200.66,97.52228,1993
ansu sesay,205.74,102.0582,1998
antawn jamison,205.74,102.0582,1998
anthony carter,187.96,88.45044,Undrafted
alonzo mourning,208.28,118.38751200000002,1992
kedrick brown,200.66,100.697424,2001
desagana diop,213.36,136.0776,2001
dermarr johnson,205.74,91.171992,2000
jason collins,213.36,117.93392,2001
jason collier,213.36,117.93392,2000
jarvis hayes,200.66,99.79024,2003
jarron collins,210.82,115.66596,2001
jared jeffries,210.82,104.32616,2002
jannero pargo,185.42,79.3786,Undrafted
jamison brewer,193.04,83.46092800000001,2001
james posey,203.2,97.52228,1999
james jones,203.2,97.52228,2003
jamal sampson,210.82,106.59412,2002
jamal mashburn,203.2,112.037224,1993
jamal crawford,195.58,86.18248,2000
jamaal tinsley,190.5,88.45044,2001
jamaal magloire,210.82,117.480328,2000
jalen rose,203.2,98.429464,1994
jake voskuhl,210.82,111.13004,2000
jake tsakalidis,218.44,131.54168,2000
jahidi white,205.74,131.54168,1998
jacque vaughn,185.42,86.18248,1997
jabari smith,210.82,108.86208,2000
jr bremer,187.96,83.91452,Undrafted
ira newble,200.66,99.79024,Undrafted
ime udoka,195.58,97.52228,Undrafted
jason hart,190.5,83.91452,2000
jason kapono,203.2,96.615096,2003
jason kidd,193.04,96.161504,1994
jason richardson,198.12,102.0582,2001
juan dixon,190.5,74.389088,2002
josh howard,200.66,95.25432,2003
josh davis,203.2,108.86208,Undrafted
jonathan bender,213.36,99.336648,1999
kaniel dickens,203.2,97.52228,2000
john wallace,205.74,102.0582,1996
john salmons,200.66,95.25432,2002
joel przybilla,215.9,115.66596,2000
joe smith,208.28,102.0582,1995
joe johnson,200.66,106.59412,2001
jiri welsch,200.66,94.347136,2002
hubert davis,195.58,83.007336,1992
jim jackson,198.12,99.79024,1992
jerome williams,205.74,93.439952,1996
jerome moiso,208.28,106.59412,2000
jerome james,215.9,123.377024,1998
jerome beasley,205.74,107.501304,2003
jermaine oneal,210.82,109.769264,1996
jelani mccoy,208.28,111.13004,1998
jeff trepagnier,193.04,90.7184,2001
jeff mcinnis,193.04,81.19296800000001,1996
jeff foster,210.82,109.769264,1999
jason williams,185.42,86.18248,1998
jason terry,187.96,81.64656,1999
jerry stackhouse,198.12,98.883056,1995
deshawn stevenson,195.58,95.25432,2000
howard eisley,187.96,81.64656,1994
hiram fuller,205.74,108.86208,Undrafted
eddie jones,198.12,90.7184,1994
eddie house,185.42,79.3786,2000
eddie gill,182.88,86.18248,Undrafted
earl watson,185.42,86.18248,2001
earl boykins,165.1,60.327736,Undrafted
dwyane wade,193.04,96.161504,2003
drew gooden,208.28,109.769264,2002
doug overton,190.5,86.18248,1991
doug christie,198.12,92.98636,1992
donyell marshall,205.74,104.32616,1994
donnell harvey,203.2,99.79024,2000
dirk nowitzki,213.36,111.13004,1998
dion glover,195.58,102.0582,1999
dikembe mutombo,218.44,120.20188,1991
devin brown,195.58,106.59412,Undrafted
devean george,203.2,108.86208,1999
desmond penigar,200.66,111.13004,Undrafted
desmond mason,195.58,100.697424,2000
desmond ferguson,200.66,95.25432,Undrafted
derrick dial,193.04,83.46092800000001,1998
derrick coleman,208.28,122.46984,1990
derek fisher,185.42,92.98636,1996
derek anderson,195.58,88.45044,1997
eddie robinson,205.74,95.25432,Undrafted
eddy curry,210.82,129.27372,2001
eduardo najera,203.2,106.59412,2000
elden campbell,213.36,126.552168,1990
hedo turkoglu,208.28,99.79024,2000
greg ostertag,218.44,127.00576,1995
greg buckner,193.04,95.25432,1998
gordan giricek,195.58,95.25432,1999
glenn robinson,200.66,108.86208,1994
glen rice,203.2,103.418976,1989
gilbert arenas,190.5,86.636072,2001
gerald wallace,200.66,97.52228,2001
george lynch,203.2,106.59412,1993
gary trent,203.2,113.398,1995
gary payton,193.04,81.64656,1990
horace grant,208.28,111.13004,1987
fred jones,187.96,98.883056,2002
frank williams,190.5,96.161504,2002
francisco elson,213.36,106.59412,1999
flip murray,193.04,86.18248,2002
etan thomas,208.28,117.93392,2000
ervin johnson,210.82,115.66596,1993
erick strickland,190.5,95.25432,Undrafted
erick dampier,210.82,120.20188,1996
eric williams,203.2,99.79024,1995
eric snow,190.5,92.532768,1995
eric piatkowski,200.66,97.52228,1994
elton brand,203.2,120.20188,1999
fred hoiberg,195.58,95.25432,1995
juwan howard,205.74,104.32616,1994
keith bogans,195.58,97.52228,2003
keith van horn,208.28,108.86208,1997
sam cassell,190.5,83.91452,1993
samaki walker,205.74,117.93392,1996
samuel dalembert,210.82,113.398,2001
sasha pavlovic,200.66,95.25432,2003
scot pollard,210.82,120.20188,1997
scott padgett,205.74,108.86208,1999
scott williams,208.28,117.93392,Undrafted
scottie pippen,203.2,103.418976,1987
sean lampley,198.12,96.615096,2001
sean rooks,208.28,117.93392,1992
shammond williams,185.42,91.171992,1998
shandon anderson,198.12,95.25432,1996
shane battier,203.2,99.79024,2001
shane heal,182.88,81.64656,Undrafted
shaquille oneal,215.9,154.22128,1992
shareef abdurrahim,205.74,111.13004,1996
shawn bradley,228.6,124.7378,1993
shawn marion,200.66,97.52228,1999
slava medvedenko,208.28,113.398,Undrafted
slavko vranes,226.06,124.7378,2003
speedy claxton,180.34,77.11064,2000
stacey augmon,203.2,96.615096,1991
stephen jackson,203.2,98.883056,1997
ryan humphrey,203.2,106.59412,2002
ryan bowen,205.74,99.79024,1998
rusty larue,190.5,83.91452,Undrafted
ruben patterson,195.58,101.604608,1998
rasual butler,200.66,92.98636,2002
raul lopez,182.88,72.57472,2001
ray allen,195.58,92.98636,1996
reece gaines,198.12,92.98636,2003
reggie evans,203.2,111.13004,Undrafted
reggie miller,200.66,88.45044,1987
richard hamilton,200.66,87.543256,1999
richard jefferson,200.66,100.697424,2001
richie frahm,195.58,95.25432,Undrafted
rick brunson,193.04,86.18248,Undrafted
rick fox,200.66,106.59412,1991
stephon marbury,187.96,92.98636,1996
ricky davis,200.66,88.45044,1998
robert horry,208.28,94.347136,1992
robert pack,187.96,86.18248,Undrafted
robert traylor,203.2,128.820128,1998
rod strickland,190.5,83.91452,1988
rodney buford,195.58,88.45044,1999
rodney rogers,200.66,115.66596,1993
rodney white,205.74,104.32616,2001
roger mason,195.58,90.7184,2002
ron mercer,200.66,95.25432,1997
ronald dupree,200.66,94.800728,Undrafted
ruben boumtjeboumtje,213.36,116.573144,2001
robert archibald,210.82,113.398,2002
rasho nesterovic,213.36,112.490816,1998
steve blake,190.5,78.017824,2003
steve nash,190.5,88.45044,1996
tyrone hill,205.74,113.398,1990
tyronn lue,182.88,80.73937600000001,1998
tyson chandler,215.9,106.59412,2001
udonis haslem,203.2,103.418976,Undrafted
vin baker,210.82,113.398,1993
vince carter,198.12,102.0582,1998
vitaly potapenko,208.28,129.27372,1996
vlade divac,215.9,117.93392,1989
vladimir radmanovic,208.28,106.140528,2001
vladimir stepania,215.9,115.66596,1998
voshon lenard,193.04,92.98636,1994
wally szczerbiak,200.66,106.59412,1999
walter mccarty,208.28,104.32616,1996
wang zhizhi,215.9,128.820128,1999
wesley person,198.12,90.7184,1994
willie green,193.04,90.7184,2003
yao ming,228.6,140.61352,2002
zach randolph,205.74,122.46984,2001
zarko cabarkapa,210.82,106.59412,2003
zaza pachulia,210.82,108.86208,2003
zeljko rebraca,213.36,116.573144,1994
zendon hamilton,210.82,108.86208,Undrafted
zoran planinic,200.66,88.45044,2003
troy murphy,210.82,111.13004,2001
troy hudson,185.42,77.11064,Undrafted
troy bell,185.42,81.64656,2003
trenton hassell,195.58,90.7184,2001
steven hunter,213.36,108.86208,2001
steven smith,203.2,100.243832,1991
stromile swift,205.74,104.32616,2000
tj ford,182.88,74.84268,2003
tamar slay,203.2,97.52228,2002
tayshaun prince,205.74,97.52228,2002
theo ratliff,208.28,106.59412,1995
theron smith,203.2,102.0582,Undrafted
tierre brown,187.96,85.728888,Undrafted
tim duncan,213.36,117.93392,1997
tim thomas,208.28,108.86208,1997
steve francis,190.5,90.7184,1999
tom gugliotta,208.28,113.398,1992
tony battie,210.82,108.86208,1997
tony delk,187.96,85.728888,1996
tony massenburg,205.74,113.398,1990
tony parker,187.96,81.64656,2001
torraye braggs,203.2,111.13004,1998
tracy mcgrady,203.2,95.25432,1997
tracy murray,200.66,104.32616,1992
travis best,180.34,83.91452,1995
travis hansen,198.12,92.98636,2003
travis outlaw,205.74,95.25432,2003
tremaine fowlkes,198.12,96.161504,1998
toni kukoc,210.82,106.59412,1990
keith mcleod,187.96,86.18248,Undrafted
rasheed wallace,210.82,104.32616,1995
randy livingston,193.04,94.800728,1996
lonny baxter,203.2,117.93392,2002
loren woods,218.44,118.38751200000002,2001
lorenzen wright,210.82,108.86208,1996
lucious harris,195.58,92.98636,1993
luke ridnour,187.96,79.3786,2003
luke walton,203.2,106.59412,2003
maciej lampe,210.82,108.86208,2003
malik allen,208.28,115.66596,Undrafted
malik rose,200.66,115.66596,1996
mamadou ndiaye,213.36,115.66596,2000
manu ginobili,198.12,95.25432,1999
marc jackson,208.28,114.758776,1997
marcus banks,187.96,90.7184,2003
marcus camby,210.82,102.0582,1996
marcus fizer,203.2,117.93392,2000
marcus haislip,208.28,104.32616,2002
mark blount,213.36,113.398,1997
mark jackson,190.5,88.45044,1987
mark madsen,205.74,111.13004,2000
mark pope,208.28,106.59412,1996
marko jaric,195.58,98.429464,2000
marquis daniels,198.12,90.7184,Undrafted
mateen cleaves,187.96,95.25432,2000
linton johnson,203.2,92.98636,Undrafted
lindsey hunter,187.96,88.45044,1993
leon smith,208.28,106.59412,1999
lee nailon,205.74,107.954896,1999
kelvin cato,210.82,124.7378,1997
kendall gill,195.58,97.975872,1990
kendrick perkins,208.28,127.00576,2003
kenny anderson,185.42,76.203456,1991
kenny thomas,200.66,111.13004,1999
kenyon martin,205.74,106.140528,2000
keon clark,210.82,100.243832,1998
kerry kittles,195.58,81.64656,1996
kevin garnett,210.82,108.86208,1995
kevin ollie,187.96,88.45044,Undrafted
kevin willis,213.36,111.13004,1984
matt barnes,200.66,106.59412,2002
keyon dooling,190.5,86.18248,2000
kirk penney,195.58,99.79024,Undrafted
kobe bryant,198.12,99.79024,1996
kurt thomas,205.74,106.59412,1995
kwame brown,210.82,112.490816,2001
kyle korver,200.66,95.25432,2003
lamar odom,208.28,102.0582,1999
lamond murray,200.66,107.047712,1994
larry hughes,195.58,83.46092800000001,1998
latrell sprewell,195.58,88.45044,1992
lebron james,203.2,108.86208,2003
leandro barbosa,190.5,79.83219199999998,2003
kirk hinrich,190.5,86.18248,2003
rashard lewis,208.28,97.52228,1998
matt carroll,198.12,96.161504,Undrafted
maurice carter,195.58,95.25432,Undrafted
nene,210.82,117.93392,2002
nick van exel,185.42,88.45044,1993
nikoloz tskitishvili,213.36,102.0582,2002
olden polynice,208.28,113.398,1987
oliver miller,205.74,142.88148,1992
omar cook,185.42,86.18248,2001
othella harrington,205.74,106.59412,1996
pj brown,210.82,108.408488,1992
pat garrity,205.74,107.954896,1998
pau gasol,213.36,108.86208,2001
paul grant,213.36,111.13004,1997
paul pierce,198.12,104.32616,1998
paul shirley,208.28,104.32616,Undrafted
peja stojakovic,208.28,103.872568,1996
popeye jones,203.2,120.20188,1992
predrag drobnjak,210.82,123.377024,1997
primoz brezec,215.9,114.305184,2000
quentin richardson,195.58,107.954896,2000
quincy lewis,200.66,97.52228,1999
qyntel woods,203.2,100.243832,2002
raef lafrentz,210.82,111.13004,1998
rafer alston,187.96,79.3786,1998
raja bell,195.58,95.25432,Undrafted
ndudi ebi,205.74,90.7184,2003
nazr mohammed,208.28,113.398,1998
morris peterson,200.66,97.52228,2000
moochie norris,187.96,85.275296,1996
maurice taylor,205.74,115.66596,1997
mehmet okur,210.82,112.944408,2001
melvin ely,208.28,118.38751200000002,2002
mengke bateer,210.82,131.54168,Undrafted
metta world peace,200.66,111.583632,1999
michael bradley,208.28,102.0582,2001
michael curry,195.58,95.25432,Undrafted
michael doleac,210.82,118.841104,1998
michael finley,200.66,102.0582,1995
michael olowokandi,213.36,122.46984,1998
michael redd,198.12,97.52228,2000
matt harpring,200.66,104.779752,1998
michael ruffin,203.2,111.583632,1999
michael sweetney,203.2,117.93392,2003
mickael pietrus,198.12,95.25432,2003
mike bibby,185.42,86.18248,1998
mike dunleavy,205.74,104.32616,2002
mike james,187.96,85.275296,Undrafted
mike miller,203.2,98.883056,2000
mike wilks,180.34,81.64656,Undrafted
mikki moore,213.36,102.0582,Undrafted
milt palacio,190.5,88.45044,Undrafted
mitchell butler,195.58,95.25432,Undrafted
mo williams,185.42,83.91452,2003
michael stewart,208.28,104.32616,Undrafted
jon barry,195.58,95.25432,1992
brian cardinal,203.2,111.13004,2000
aaron mckie,195.58,94.800728,1994
michael redd,198.12,97.068688,2000
michael olowokandi,213.36,122.46984,1998
michael finley,200.66,102.0582,1995
michael doleac,210.82,118.841104,1998
michael curry,195.58,95.25432,Undrafted
michael bradley,205.74,102.965384,2001
metta world peace,200.66,111.583632,1999
melvin ely,208.28,118.38751200000002,2002
mehmet okur,210.82,112.944408,2001
maurice taylor,205.74,115.66596,1997
maurice evans,195.58,99.79024,Undrafted
maurice baker,187.96,90.7184,Undrafted
matt harpring,200.66,104.779752,1998
matt freije,208.28,112.944408,2004
matt carroll,198.12,96.161504,Undrafted
matt bonner,208.28,108.86208,2003
matt barnes,200.66,102.511792,2002
mateen cleaves,187.96,95.25432,2000
marquis daniels,198.12,90.7184,Undrafted
marko jaric,200.66,98.429464,2000
mark pope,208.28,106.59412,1996
mark madsen,205.74,107.047712,2000
mark jones,198.12,97.52228,2004
mark blount,213.36,113.398,1997
mario kasun,213.36,117.93392,2002
michael ruffin,203.2,112.490816,1999
marcus haislip,208.28,104.32616,2002
michael stewart,208.28,104.32616,Undrafted
mickael pietrus,198.12,97.52228,2003
paul pierce,198.12,104.32616,1998
pau gasol,213.36,108.86208,2001
pat garrity,205.74,107.954896,1998
pape sow,208.28,113.398,2004
pj brown,210.82,108.408488,1992
othella harrington,205.74,106.59412,1996
omar cook,185.42,86.18248,2001
obinna ekezie,205.74,122.46984,1999
nikoloz tskitishvili,213.36,102.0582,2002
nick van exel,185.42,86.18248,1993
nick collison,205.74,115.66596,2003
nene,210.82,117.93392,2002
nenad krstic,213.36,108.86208,2002
ndudi ebi,205.74,88.45044,2003
nazr mohammed,208.28,113.398,1998
morris peterson,200.66,97.52228,2000
moochie norris,185.42,83.91452,1996
mo williams,185.42,85.728888,2003
milt palacio,190.5,95.25432,Undrafted
mikki moore,213.36,101.151016,Undrafted
mike wilks,177.8,81.64656,Undrafted
mike miller,203.2,98.883056,2000
mike james,187.96,85.275296,Undrafted
mike dunleavy,205.74,104.32616,2002
mike bibby,185.42,86.18248,1998
michael sweetney,203.2,122.46984,2003
paul shirley,208.28,104.32616,Undrafted
marcus fizer,203.2,117.93392,2000
marcus banks,187.96,90.7184,2003
kurt thomas,205.74,106.59412,1995
kris humphries,205.74,106.59412,2004
kobe bryant,198.12,99.79024,1996
kirk snyder,198.12,102.0582,2004
kirk penney,195.58,99.79024,Undrafted
kirk hinrich,190.5,86.18248,2003
keyon dooling,190.5,86.18248,2000
kevin willis,213.36,111.13004,1984
kevin ollie,187.96,88.45044,Undrafted
kevin martin,200.66,83.91452,2004
kevin garnett,210.82,99.79024,1995
kerry kittles,195.58,83.91452,1996
kenyon martin,205.74,106.140528,2000
kenny thomas,200.66,111.13004,1999
kenny anderson,185.42,76.203456,1991
kendrick perkins,208.28,127.00576,2003
kendall gill,195.58,97.975872,1990
kelvin cato,210.82,124.7378,1997
keith van horn,208.28,111.13004,1997
keith mcleod,187.96,86.18248,Undrafted
keith bogans,195.58,97.52228,2003
kedrick brown,200.66,100.697424,2001
kareem rush,198.12,97.52228,2002
kaniel dickens,203.2,97.52228,2000
juwan howard,205.74,104.32616,1994
kwame brown,210.82,110.222856,2001
marcus camby,210.82,102.0582,1996
kyle korver,198.12,95.707912,2003
lamond murray,200.66,106.59412,1994
marc jackson,208.28,114.758776,1997
manu ginobili,198.12,92.98636,1999
mamadou ndiaye,213.36,115.66596,2000
malik rose,200.66,111.13004,1996
malik allen,208.28,115.66596,Undrafted
maciej lampe,210.82,124.7378,2003
luol deng,203.2,99.79024,2004
luke walton,203.2,106.59412,2003
luke ridnour,185.42,75.749864,2003
luke jackson,200.66,97.52228,2004
luis flores,187.96,88.45044,2004
lucious harris,195.58,92.98636,1993
lorenzen wright,210.82,108.86208,1996
loren woods,215.9,117.93392,2001
lonny baxter,203.2,117.93392,2002
lionel chalmers,182.88,81.64656,2004
linton johnson,203.2,102.0582,Undrafted
lindsey hunter,187.96,88.45044,1993
lee nailon,205.74,107.954896,1999
leandro barbosa,190.5,85.275296,2003
lebron james,203.2,108.86208,2003
lawrence funderburke,205.74,104.32616,1994
latrell sprewell,195.58,88.45044,1992
larry hughes,195.58,83.46092800000001,1998
laron profit,195.58,92.532768,1999
lamar odom,208.28,102.0582,1999
pavel podkolzin,226.06,117.93392,2004
peja stojakovic,208.28,103.872568,1996
peter john ramos,220.98,124.7378,2004
travis outlaw,205.74,95.25432,2003
travis best,180.34,82.553744,1995
tracy mcgrady,203.2,95.25432,1997
torraye braggs,203.2,111.13004,1998
tony parker,187.96,80.28578399999998,2001
tony massenburg,205.74,113.398,1990
tony delk,187.96,85.728888,1996
tony bobbitt,193.04,86.18248,Undrafted
tony battie,210.82,108.86208,1997
tony allen,193.04,96.615096,2004
toni kukoc,210.82,106.59412,1990
tom gugliotta,208.28,113.398,1992
tim thomas,208.28,108.86208,1997
tim duncan,210.82,117.93392,1997
tierre brown,187.96,85.728888,Undrafted
theron smith,203.2,102.0582,Undrafted
theo ratliff,208.28,106.59412,1995
tayshaun prince,205.74,97.52228,2002
tamar slay,203.2,99.79024,2002
stromile swift,205.74,104.32616,2000
steven smith,203.2,100.243832,1991
steven hunter,213.36,108.86208,2001
steve nash,190.5,88.45044,1996
steve francis,190.5,90.7184,1999
steve blake,190.5,78.017824,2003
tremaine fowlkes,203.2,99.79024,1998
stephon marbury,187.96,90.7184,1996
trenton hassell,195.58,90.7184,2001
troy hudson,185.42,77.11064,Undrafted
wally szczerbiak,200.66,110.676448,1999
walter mccarty,208.28,104.32616,1996
wang zhizhi,215.9,128.820128,1999
wesley person,198.12,90.7184,1994
willie green,187.96,91.171992,2003
yao ming,228.6,140.61352,2002
yuta tabuse,175.26,74.84268,Undrafted
zach randolph,205.74,114.758776,2001
zarko cabarkapa,210.82,102.0582,2003
zaza pachulia,210.82,120.20188,2003
zeljko rebraca,213.36,120.20188,1994
zendon hamilton,210.82,115.212368,Undrafted
zoran planinic,200.66,90.7184,2003
zydrunas ilgauskas,220.98,117.93392,1996
voshon lenard,193.04,92.98636,1994
vladimir radmanovic,208.28,106.140528,2001
vlade divac,215.9,117.93392,1989
vitaly potapenko,208.28,129.27372,1996
vince carter,198.12,99.79024,1998
vin baker,210.82,108.86208,1993
viktor khryapa,205.74,95.25432,2004
udonis haslem,203.2,103.418976,Undrafted
tyson chandler,215.9,106.59412,2001
tyronn lue,182.88,80.73937600000001,1998
troy murphy,210.82,111.13004,2001
trevor ariza,203.2,90.7184,2004
stephen jackson,203.2,98.883056,1997
stacey augmon,203.2,92.079176,1991
speedy claxton,180.34,77.11064,2000
robert swift,213.36,111.13004,2004
robert horry,208.28,108.86208,1992
ricky davis,200.66,88.45044,1998
rick brunson,193.04,86.18248,Undrafted
richie frahm,195.58,95.25432,Undrafted
richard hamilton,200.66,87.543256,1999
reggie miller,200.66,88.45044,1987
reggie evans,203.2,111.13004,Undrafted
reece gaines,198.12,92.98636,2003
ray allen,195.58,92.98636,1996
raul lopez,182.88,79.3786,2001
rasual butler,200.66,92.98636,2002
rasho nesterovic,213.36,115.66596,1998
rasheed wallace,210.82,104.32616,1995
rashard lewis,208.28,97.52228,1998
randy livingston,193.04,94.800728,1996
raja bell,195.58,95.25432,Undrafted
rafer alston,187.96,77.11064,1998
rafael araujo,210.82,127.00576,2004
raef lafrentz,210.82,111.13004,1998
qyntel woods,203.2,100.243832,2002
quinton ross,198.12,87.543256,Undrafted
quentin richardson,198.12,104.32616,2000
primoz brezec,215.9,114.305184,2000
predrag drobnjak,210.82,122.46984,1997
robert traylor,203.2,128.820128,1998
rod strickland,190.5,83.91452,1988
rodney buford,195.58,88.45044,1999
rodney rogers,200.66,122.46984,1993
smush parker,193.04,81.64656,Undrafted
slava medvedenko,208.28,113.398,Undrafted
shawn marion,200.66,103.418976,1999
shawn bradley,228.6,124.7378,1993
shaun livingston,200.66,82.553744,2004
shareef abdurrahim,205.74,111.13004,1996
shaquille oneal,215.9,147.4174,1992
shane battier,203.2,99.79024,2001
shandon anderson,198.12,95.25432,1996
sebastian telfair,182.88,72.57472,2004
sean marks,208.28,113.398,1998
scott williams,208.28,117.93392,Undrafted
justin reed,203.2,108.86208,2004
scott padgett,205.74,108.86208,1999
sasha vujacic,200.66,87.543256,2004
sasha pavlovic,200.66,95.25432,2003
samuel dalembert,210.82,113.398,2001
samaki walker,205.74,113.398,1996
sam cassell,190.5,83.91452,1993
ryan humphrey,203.2,106.59412,2002
ryan bowen,205.74,99.79024,1998
ruben patterson,195.58,101.151016,1998
royal ivey,190.5,90.7184,2004
ronald dupree,200.66,94.800728,Undrafted
ron mercer,200.66,97.52228,1997
rodney white,205.74,104.32616,2001
scot pollard,210.82,120.20188,1997
junior harrington,193.04,86.18248,Undrafted
richard jefferson,200.66,102.0582,2001
juan dixon,190.5,74.389088,2002
christian laettner,210.82,111.13004,1992
chris wilcox,208.28,106.59412,2002
chris webber,208.28,111.13004,1993
chris mihm,213.36,120.20188,2000
chris kaman,213.36,120.20188,2003
chris duhon,185.42,83.91452,2004
chris bosh,208.28,106.59412,2003
chris andersen,208.28,103.418976,Undrafted
chauncey billups,190.5,91.625584,1997
charlie ward,187.96,83.91452,1994
casey jacobsen,198.12,97.52228,2002
caron butler,200.66,98.429464,2002
carmelo anthony,203.2,99.79024,2003
carlos delfino,198.12,104.32616,2003
carlos boozer,203.2,117.026736,2002
carlos arroyo,187.96,91.625584,Undrafted
calvin booth,210.82,104.779752,1999
calbert cheaney,200.66,98.429464,1993
bryon russell,200.66,102.0582,1993
bruno sundov,218.44,117.93392,1998
bruce bowen,200.66,90.7184,Undrafted
britton johnsen,208.28,95.25432,Undrafted
brian skinner,205.74,120.20188,1998
brian scalabrine,205.74,106.59412,2001
brian grant,205.74,115.212368,1994
chucky atkins,180.34,72.57472,Undrafted
brian cook,205.74,106.140528,2003
clar weatherspoon,200.66,122.46984,1992
corey maggette,198.12,102.0582,1999
david wesley,185.42,92.079176,Undrafted
david harrison,213.36,127.00576,2004
darvin ham,200.66,108.86208,Undrafted
darrick martin,180.34,77.11064,Undrafted
darrell armstrong,185.42,81.64656,Undrafted
darko milicic,213.36,111.13004,2003
darius songaila,203.2,108.86208,2002
darius miles,205.74,95.25432,2000
danny fortson,203.2,117.93392,1997
daniel santiago,215.9,116.119552,Undrafted
dan gadzuric,210.82,108.86208,2002
dan dickau,182.88,86.18248,2002
damone brown,203.2,91.625584,2001
damon stoudamire,177.8,78.92500799999999,1995
damon jones,190.5,83.91452,Undrafted
damien wilkins,198.12,102.0582,Undrafted
dale davis,210.82,114.305184,1991
dajuan wagner,187.96,90.7184,2002
dahntay jones,198.12,95.25432,2003
dj mbenga,213.36,111.13004,Undrafted
cuttino mobley,193.04,97.52228,1998
curtis borchardt,213.36,109.769264,2002
cory alexander,185.42,86.18248,1995
corsley edwards,205.74,124.7378,2002
corliss williamson,200.66,111.13004,1995
clifford robinson,208.28,108.86208,1989
david west,203.2,102.511792,2003
brian cardinal,203.2,111.13004,2000
brent barry,200.66,95.25432,1995
antawn jamison,205.74,104.32616,1998
ansu sesay,205.74,102.0582,1998
anfernee hardaway,200.66,97.52228,1993
andris biedrins,210.82,108.86208,2004
andrew declercq,208.28,115.66596,1995
andres nocioni,200.66,102.0582,Undrafted
andrei kirilenko,205.74,92.98636,1999
andre miller,187.96,90.7184,1999
andre iguodala,198.12,93.893544,2004
andre emmett,195.58,104.32616,2004
jumaine jones,203.2,98.883056,1999
aaron williams,205.74,106.59412,Undrafted
adonal foyle,208.28,122.46984,1997
adrian griffin,195.58,104.32616,Undrafted
al harrington,205.74,113.398,1998
al jefferson,208.28,120.20188,2004
alan henderson,205.74,108.86208,1995
aleksandar radojevic,220.98,113.398,1999
alex garcia,190.5,88.45044,Undrafted
allan houston,198.12,92.98636,1993
allen iverson,182.88,74.84268,1996
alonzo mourning,208.28,118.38751200000002,1992
amare stoudemire,208.28,111.13004,2002
anderson varejao,208.28,104.32616,2004
andre barrett,177.8,78.471416,Undrafted
anthony carter,187.96,88.45044,Undrafted
brevin knight,177.8,77.11064,1997
anthony goldwire,187.96,82.553744,1994
anthony miller,205.74,115.66596,1994
brendan haywood,213.36,120.655472,2001
brandon hunter,200.66,120.655472,2003
brandin knight,182.88,81.64656,Undrafted
bostjan nachbar,205.74,100.243832,2002
boris diaw,203.2,97.52228,2003
bonzi wells,195.58,95.25432,1998
bobby simmons,198.12,103.418976,2001
bobby jackson,185.42,83.91452,1997
bob sura,195.58,90.7184,1995
bo outlaw,203.2,99.79024,Undrafted
billy thomas,195.58,98.883056,Undrafted
bernard robinson,198.12,95.25432,2004
beno udrih,190.5,90.7184,2004
ben wallace,205.74,108.86208,Undrafted
ben handlogten,208.28,108.86208,Undrafted
ben gordon,190.5,90.7184,2004
baron davis,190.5,101.151016,1999
awvee storey,198.12,102.0582,Undrafted
austin croshere,208.28,109.769264,1997
antonio mcdyess,205.74,111.13004,1995
antonio davis,205.74,111.13004,1990
antonio daniels,193.04,92.98636,1997
antonio burks,182.88,88.45044,2004
antoine walker,205.74,111.13004,1996
anthony peeler,193.04,94.347136,1992
anthony johnson,190.5,86.18248,1997
desagana diop,213.36,127.00576,2001
brad miller,213.36,118.38751200000002,Undrafted
delonte west,193.04,81.64656,2004
jason collier,213.36,117.93392,2000
jarvis hayes,200.66,99.79024,2003
jarron collins,210.82,114.305184,2001
jared reiner,210.82,115.66596,Undrafted
jared jeffries,208.28,104.32616,2002
jannero pargo,185.42,79.3786,Undrafted
jamison brewer,193.04,88.45044,2001
james thomas,203.2,106.59412,Undrafted
james posey,203.2,97.52228,1999
james jones,203.2,97.52228,2003
jameer nelson,182.88,86.18248,2004
jamal sampson,210.82,106.59412,2002
jamal crawford,195.58,86.18248,2000
jamaal tinsley,190.5,88.45044,2001
jamaal magloire,210.82,117.480328,2000
jalen rose,203.2,97.52228,1994
jake voskuhl,210.82,115.66596,2000
jake tsakalidis,218.44,131.54168,2000
jahidi white,205.74,131.54168,1998
jacque vaughn,185.42,86.18248,1997
jackson vroman,208.28,99.79024,2004
jackie butler,208.28,113.398,Undrafted
jabari smith,210.82,113.398,2000
jr smith,198.12,99.79024,2004
ira newble,200.66,99.79024,Undrafted
jason collins,213.36,115.66596,2001
jason hart,190.5,83.91452,2000
jason kapono,203.2,96.615096,2003
jason richardson,198.12,102.0582,2001
josh smith,205.74,102.0582,2004
josh howard,200.66,95.25432,2003
josh davis,203.2,106.59412,Undrafted
josh childress,203.2,95.25432,2004
jonathan bender,213.36,99.336648,1999
jon barry,195.58,95.25432,1992
john thomas,205.74,120.20188,1997
john salmons,198.12,93.893544,2002
john edwards,213.36,124.7378,Undrafted
joel przybilla,215.9,115.66596,2000
joe smith,208.28,102.0582,1995
joe johnson,200.66,104.32616,2001
ibrahim kutluay,198.12,90.7184,Undrafted
jiri welsch,200.66,94.347136,2002
jerry stackhouse,198.12,98.883056,1995
deshawn stevenson,195.58,95.25432,2000
jerome williams,205.74,93.439952,1996
jerome moiso,208.28,117.93392,2000
jerome james,215.9,123.377024,1998
jermaine oneal,210.82,109.769264,1996
jermaine jackson,195.58,92.532768,Undrafted
jelani mccoy,208.28,111.13004,1998
jeff mcinnis,193.04,81.19296800000001,1996
jeff foster,210.82,109.769264,1999
jason williams,185.42,86.18248,1998
jason terry,187.96,81.64656,1999
jim jackson,198.12,99.79024,1992
howard eisley,187.96,83.91452,1994
jason kidd,193.04,95.25432,1994
hedo turkoglu,208.28,99.79024,2000
eddy curry,210.82,129.27372,2001
eddie jones,198.12,90.7184,1994
eddie house,185.42,79.3786,2000
eddie griffin,208.28,108.86208,2001
eddie gill,182.88,86.18248,Undrafted
earl watson,185.42,86.18248,2001
earl boykins,165.1,60.327736,Undrafted
dwight howard,210.82,113.398,2004
drew gooden,208.28,109.769264,2002
dermarr johnson,205.74,91.171992,2000
derek anderson,195.58,88.45044,1997
derek fisher,185.42,90.7184,1996
derrick coleman,208.28,122.46984,1990
desmond mason,195.58,100.697424,2000
devean george,203.2,108.86208,1999
horace jenkins,185.42,81.64656,Undrafted
devin brown,195.58,99.79024,Undrafted
devin harris,190.5,83.91452,2004
dikembe mutombo,218.44,120.20188,1991
doug christie,198.12,92.98636,1992
dion glover,195.58,102.0582,1999
dirk nowitzki,213.36,111.13004,1998
donnell harvey,203.2,99.79024,2000
donta smith,200.66,97.52228,2004
donyell marshall,205.74,104.32616,1994
eduardo najera,203.2,106.59412,2000
elden campbell,213.36,126.552168,1990
dwyane wade,193.04,96.161504,2003
emeka okafor,208.28,114.305184,2004
ha ha,220.98,138.34556,2004
greg ostertag,218.44,127.00576,1995
greg buckner,193.04,95.25432,1998
grant hill,203.2,102.0582,1994
gordan giricek,195.58,95.25432,1999
glenn robinson,200.66,108.86208,1994
gilbert arenas,190.5,86.636072,2001
gerald wallace,200.66,97.52228,2001
george lynch,203.2,106.59412,1993
geno carlisle,190.5,90.7184,Undrafted
gary payton,193.04,81.64656,1990
fred jones,187.96,98.883056,2002
fred hoiberg,195.58,95.25432,1995
elton brand,203.2,123.377024,1999
francisco elson,213.36,106.59412,1999
frank williams,190.5,96.161504,2002
erick strickland,190.5,98.883056,Undrafted
eric piatkowski,200.66,97.52228,1994
eric snow,190.5,92.98636,1995
eric williams,203.2,99.79024,1995
erick dampier,210.82,120.20188,1996
erik daniels,203.2,97.068688,Undrafted
ervin johnson,210.82,111.13004,1993
etan thomas,208.28,117.93392,2000
flip murray,190.5,89.357624,2002
dorell wright,200.66,95.25432,2004
tyronn lue,182.88,80.73937600000001,1998
tj ford,182.88,74.84268,2003
tayshaun prince,205.74,97.52228,2002
terence morris,205.74,100.243832,2001
theo ratliff,208.28,106.59412,1995
tim duncan,210.82,117.93392,1997
tim thomas,208.28,108.86208,1997
toni kukoc,210.82,106.59412,1990
tony allen,193.04,96.615096,2004
tony battie,210.82,108.86208,1997
viktor khryapa,205.74,95.25432,2004
trenton hassell,195.58,90.7184,2001
travis outlaw,203.2,99.79024,2003
travis diener,185.42,79.3786,2005
vin baker,210.82,108.86208,1993
tracy mcgrady,203.2,95.25432,1997
troy hudson,185.42,77.11064,Undrafted
tony parker,187.96,80.28578399999998,2001
udonis haslem,203.2,106.59412,Undrafted
tony delk,187.96,85.728888,1996
stromile swift,205.74,104.32616,2000
troy murphy,210.82,111.13004,2001
tyson chandler,215.9,106.59412,2001
trevor ariza,203.2,95.25432,2004
shandon anderson,198.12,97.52228,1996
steve nash,190.5,88.45044,1996
scott padgett,205.74,108.86208,1999
scot pollard,210.82,120.20188,1997
sasha vujacic,200.66,88.45044,2004
sasha pavlovic,200.66,95.25432,2003
sarunas jasikevicius,193.04,89.357624,Undrafted
samuel dalembert,210.82,113.398,2001
samaki walker,205.74,117.93392,1996
sean marks,208.28,113.398,1998
sam cassell,190.5,83.91452,1993
ryan gomes,200.66,113.398,2005
ryan bowen,205.74,99.79024,1998
ruben patterson,195.58,101.151016,1998
royal ivey,190.5,90.7184,2004
ronnie price,187.96,86.18248,Undrafted
vince carter,198.12,99.79024,1998
ronny turiaf,208.28,112.944408,2005
salim stoudamire,185.42,81.19296800000001,2005
steven hunter,213.36,108.86208,2001
sean may,205.74,120.655472,2005
sergei monia,203.2,99.79024,2004
steve francis,190.5,90.7184,1999
steve blake,190.5,78.017824,2003
stephon marbury,187.96,92.98636,1996
stephen jackson,203.2,98.883056,1997
stephen graham,198.12,97.52228,Undrafted
stacey augmon,203.2,96.615096,1991
speedy claxton,180.34,77.11064,2000
sebastian telfair,182.88,72.57472,2004
smush parker,193.04,81.64656,Undrafted
shawn marion,200.66,103.418976,1999
shavlik randolph,208.28,108.86208,Undrafted
shaun livingston,200.66,82.553744,2004
sharrod ford,205.74,106.59412,Undrafted
shareef abdurrahim,205.74,111.13004,1996
shaquille oneal,215.9,147.4174,1992
shane battier,203.2,99.79024,2001
slava medvedenko,208.28,113.398,Undrafted
vitaly potapenko,208.28,129.27372,1996
jarron collins,210.82,115.66596,2001
von wafer,195.58,95.25432,2005
jason maxiell,200.66,117.93392,2005
jason kidd,193.04,95.25432,1994
jason kapono,203.2,97.52228,2003
jason hart,190.5,83.91452,2000
jason collins,213.36,115.66596,2001
jarvis hayes,203.2,99.79024,2003
jarrett jack,190.5,91.625584,2005
jared jeffries,210.82,108.86208,2002
jannero pargo,185.42,79.3786,Undrafted
james thomas,205.74,111.13004,Undrafted
james singleton,203.2,97.52228,Undrafted
james posey,203.2,98.429464,1999
james jones,203.2,99.79024,2003
jameer nelson,182.88,86.18248,2004
jamal sampson,210.82,106.59412,2002
jamal crawford,195.58,86.18248,2000
jamaal tinsley,190.5,83.91452,2001
jamaal magloire,210.82,117.480328,2000
jalen rose,203.2,97.52228,1994
jake voskuhl,210.82,115.66596,2000
jake tsakalidis,218.44,131.54168,2000
jacque vaughn,185.42,86.18248,1997
jackson vroman,208.28,99.79024,2004
jackie butler,208.28,117.93392,Undrafted
jr smith,198.12,99.79024,2004
ira newble,200.66,99.79024,Undrafted
ime udoka,195.58,99.79024,Undrafted
ronald dupree,200.66,94.800728,Undrafted
ike diogu,203.2,115.66596,2005
jason richardson,198.12,102.0582,2001
jason terry,187.96,81.64656,1999
jason williams,185.42,81.64656,1998
jeff foster,210.82,113.398,1999
voshon lenard,193.04,97.52228,1994
wally szczerbiak,200.66,110.676448,1999
walter mccarty,208.28,111.13004,1996
wayne simien,205.74,113.398,2005
will bynum,182.88,83.91452,Undrafted
willie green,187.96,91.171992,2003
yao ming,228.6,140.61352,2002
yaroslav korolev,205.74,111.13004,2005
zach randolph,205.74,114.758776,2001
zarko cabarkapa,210.82,104.32616,2003
zaza pachulia,210.82,120.20188,2003
zeljko rebraca,213.36,120.20188,1994
zendon hamilton,210.82,115.212368,Undrafted
zoran planinic,200.66,90.7184,2003
vladimir radmanovic,208.28,106.140528,2001
zydrunas ilgauskas,220.98,117.93392,1996
john lucas,180.34,81.64656,Undrafted
john edwards,213.36,124.7378,Undrafted
johan petro,213.36,112.037224,2005
joey graham,200.66,102.0582,2005
joel przybilla,215.9,115.66596,2000
joe smith,208.28,102.0582,1995
joe johnson,200.66,104.32616,2001
jiri welsch,200.66,94.347136,2002
jim jackson,198.12,99.79024,1992
jerry stackhouse,198.12,98.883056,1995
jerome james,215.9,127.00576,1998
jermaine oneal,210.82,117.93392,1996
jermaine jackson,195.58,92.532768,Undrafted
jeff mcinnis,193.04,81.19296800000001,1996
john salmons,198.12,93.893544,2002
robert whaley,208.28,117.93392,2005
lebron james,203.2,108.86208,2003
robert horry,208.28,108.86208,1992
luke walton,203.2,105.233344,2003
luke schenscher,215.9,120.20188,Undrafted
luke ridnour,185.42,75.749864,2003
luke jackson,200.66,97.52228,2004
lou williams,185.42,79.3786,2005
lorenzen wright,210.82,108.86208,1996
luol deng,205.74,99.79024,2004
loren woods,218.44,117.93392,2001
linton johnson,203.2,102.0582,Undrafted
lindsey hunter,187.96,88.45044,1993
linas kleiza,203.2,111.13004,2005
lee nailon,205.74,109.315672,1999
leandro barbosa,190.5,85.275296,2003
lawrence roberts,205.74,108.86208,2005
lonny baxter,203.2,117.93392,2002
larry hughes,195.58,83.46092800000001,1998
luther head,190.5,83.91452,2005
malik allen,208.28,115.66596,Undrafted
marvin williams,205.74,104.32616,2005
martynas andriuskevicius,218.44,108.86208,2005
martell webster,200.66,95.25432,2005
marquis daniels,198.12,90.7184,Undrafted
marko jaric,200.66,98.429464,2000
mark madsen,205.74,107.047712,2000
maciej lampe,210.82,124.7378,2003
mark blount,213.36,113.398,1997
marcus fizer,203.2,117.93392,2000
marcus camby,210.82,104.32616,1996
marcus banks,187.96,90.7184,2003
marc jackson,208.28,114.758776,1997
manu ginobili,198.12,92.98636,1999
malik rose,200.66,115.66596,1996
mario kasun,215.9,117.93392,2002
laron profit,195.58,92.532768,1999
lamond murray,200.66,106.59412,1994
lamar odom,208.28,104.32616,1999
kareem rush,198.12,97.52228,2002
juwan howard,205.74,104.32616,1994
justin reed,203.2,108.86208,2004
jumaine jones,203.2,98.883056,1999
julius hodge,200.66,95.25432,2005
juan dixon,190.5,74.389088,2002
keith bogans,195.58,97.52228,2003
josh smith,205.74,102.0582,2004
josh howard,200.66,95.25432,2003
josh davis,203.2,109.769264,Undrafted
josh childress,203.2,95.25432,2004
jose calderon,190.5,95.25432,Undrafted
jonathan bender,213.36,99.336648,1999
howard eisley,187.96,83.91452,1994
josh powell,205.74,102.0582,Undrafted
keith mcleod,187.96,86.18248,Undrafted
keith van horn,208.28,111.13004,1997
kelvin cato,210.82,124.7378,1997
kyle korver,198.12,95.707912,2003
kwame brown,210.82,112.490816,2001
kurt thomas,205.74,106.59412,1995
kris humphries,205.74,106.59412,2004
kobe bryant,198.12,99.79024,1996
kirk snyder,198.12,102.0582,2004
kirk hinrich,190.5,86.18248,2003
keyon dooling,190.5,88.45044,2000
kevin ollie,187.96,88.45044,Undrafted
kevin martin,200.66,83.91452,2004
kevin garnett,210.82,99.79024,1995
kevin burleson,190.5,92.98636,Undrafted
kenyon martin,205.74,108.86208,2000
kenny thomas,200.66,111.13004,1999
kendrick perkins,208.28,127.00576,2003
mateen cleaves,187.96,95.25432,2000
matt barnes,200.66,102.0582,2002
matt bonner,208.28,108.86208,2003
matt carroll,198.12,96.161504,Undrafted
rafael araujo,210.82,127.00576,2004
raef lafrentz,210.82,111.13004,1998
qyntel woods,203.2,99.79024,2002
quinton ross,198.12,87.543256,Undrafted
quentin richardson,198.12,104.32616,2000
primoz brezec,215.9,114.305184,2000
rafer alston,187.96,77.11064,1998
peja stojakovic,208.28,103.872568,1996
paul pierce,198.12,104.32616,1998
pau gasol,213.36,108.86208,2001
pat garrity,205.74,107.954896,1998
pat burke,210.82,113.398,Undrafted
pape sow,208.28,113.398,2004
pj brown,210.82,108.408488,1992
pavel podkolzin,226.06,117.93392,2004
raja bell,195.58,95.25432,Undrafted
randy holcomb,205.74,99.79024,2002
randy livingston,193.04,94.800728,1996
ricky davis,200.66,88.45044,1998
rick brunson,193.04,86.18248,Undrafted
richie frahm,195.58,95.25432,Undrafted
richard jefferson,200.66,102.0582,2001
richard hamilton,200.66,87.543256,1999
reggie evans,203.2,111.13004,Undrafted
reece gaines,198.12,92.98636,2003
raymond felton,185.42,89.811216,2005
ray allen,195.58,92.98636,1996
rawle marshall,200.66,86.18248,Undrafted
rasual butler,200.66,92.98636,2002
rasho nesterovic,213.36,115.66596,1998
rasheed wallace,210.82,104.32616,1995
rashard lewis,208.28,97.52228,1998
rashad mccants,193.04,93.893544,2005
othella harrington,205.74,106.59412,1996
robert swift,213.36,111.13004,2004
orien greene,193.04,94.347136,2005
nikoloz tskitishvili,213.36,102.0582,2002
michael ruffin,203.2,112.490816,1999
michael redd,198.12,97.52228,2000
michael olowokandi,213.36,122.46984,1998
michael finley,200.66,102.0582,1995
michael doleac,210.82,118.841104,1998
michael bradley,208.28,111.13004,2001
michael sweetney,203.2,122.46984,2003
metta world peace,200.66,117.93392,1999
melvin ely,208.28,118.38751200000002,2002
mehmet okur,210.82,112.944408,2001
maurice taylor,205.74,120.20188,1997
maurice evans,195.58,99.79024,Undrafted
matt walsh,198.12,99.79024,Undrafted
matt harpring,200.66,104.779752,1998
melvin sanders,195.58,95.25432,Undrafted
mickael pietrus,198.12,97.52228,2003
mike bibby,187.96,86.18248,1998
mike dunleavy,205.74,104.32616,2002
nick van exel,185.42,86.18248,1993
nick collison,205.74,115.66596,2003
nene,210.82,121.562656,2002
nenad krstic,213.36,108.86208,2002
nazr mohammed,208.28,113.398,1998
nate robinson,175.26,81.64656,2005
morris peterson,200.66,99.79024,2000
moochie norris,185.42,83.91452,1996
monta ellis,190.5,80.28578399999998,2005
mo williams,185.42,83.91452,2003
milt palacio,193.04,95.25432,Undrafted
mikki moore,213.36,101.151016,Undrafted
mike wilks,177.8,81.64656,Undrafted
mike miller,203.2,98.883056,2000
mike james,187.96,86.18248,Undrafted
noel felix,205.74,102.0582,Undrafted
hedo turkoglu,208.28,99.79024,2000
john thomas,205.74,120.20188,1997
ha ha,220.98,138.34556,2004
brevin knight,177.8,77.11064,1997
brent barry,200.66,95.25432,1995
brendan haywood,213.36,119.294696,2001
brandon bass,203.2,108.86208,2005
brad miller,213.36,118.38751200000002,Undrafted
bracey wright,190.5,95.25432,2005
bostjan nachbar,205.74,100.243832,2002
boris diaw,203.2,97.52228,2003
brian cardinal,203.2,111.13004,2000
bonzi wells,195.58,95.25432,1998
bobby simmons,198.12,103.418976,2001
bobby jackson,185.42,83.91452,1997
bo outlaw,203.2,99.79024,Undrafted
billy thomas,195.58,99.79024,Undrafted
bernard robinson,198.12,95.25432,2004
beno udrih,190.5,90.7184,2004
ben wallace,205.74,108.86208,Undrafted
ben gordon,190.5,90.7184,2004
boniface ndong,213.36,92.98636,Undrafted
brian cook,205.74,117.026736,2003
brian grant,205.74,115.212368,1994
brian scalabrine,205.74,106.59412,2001
chris duhon,185.42,83.91452,2004
chris bosh,208.28,104.32616,2003
chris andersen,208.28,103.418976,Undrafted
chauncey billups,190.5,91.625584,1997
charlie villanueva,210.82,108.86208,2005
charlie bell,190.5,90.7184,Undrafted
charles smith,193.04,90.7184,1997
channing frye,210.82,112.490816,2005
caron butler,200.66,103.418976,2002
carmelo anthony,203.2,104.32616,2003
carlos delfino,198.12,104.32616,2003
carlos boozer,205.74,117.026736,2002
carlos arroyo,187.96,91.625584,Undrafted
calvin booth,210.82,113.398,1999
calbert cheaney,200.66,95.25432,1993
cj miles,198.12,95.25432,2005
bryon russell,200.66,102.0582,1993
bruce bowen,200.66,90.7184,Undrafted
brian skinner,205.74,120.20188,1998
baron davis,190.5,97.52228,1999
chris kaman,213.36,120.20188,2003
awvee storey,198.12,102.0582,Undrafted
arvydas macijauskas,193.04,97.068688,Undrafted
anderson varejao,208.28,108.86208,2004
amir johnson,205.74,95.25432,2005
amare stoudemire,208.28,111.13004,2002
alvin williams,195.58,88.45044,1997
alonzo mourning,208.28,118.38751200000002,1992
allen iverson,182.88,74.84268,1996
alex scales,193.04,88.45044,Undrafted
alex acker,195.58,83.91452,2005
andray blatche,210.82,106.59412,2005
alan henderson,205.74,108.86208,1995
al jefferson,208.28,120.20188,2004
al harrington,205.74,111.13004,1998
adrian griffin,195.58,104.32616,Undrafted
adonal foyle,208.28,122.46984,1997
aaron williams,205.74,106.59412,Undrafted
aaron miles,185.42,86.18248,Undrafted
aaron mckie,195.58,94.800728,1994
jon barry,195.58,95.25432,1992
alan anderson,198.12,99.79024,Undrafted
andre barrett,177.8,78.471416,Undrafted
andre iguodala,198.12,93.893544,2004
andre miller,187.96,92.98636,1999
antonio mcdyess,205.74,111.13004,1995
antonio davis,205.74,111.13004,1990
antonio daniels,193.04,92.98636,1997
antonio burks,182.88,88.45044,2004
antoine wright,200.66,95.25432,2005
antoine walker,205.74,111.13004,1996
anthony roberson,187.96,81.64656,Undrafted
anthony johnson,190.5,90.7184,1997
anthony grundy,190.5,83.91452,Undrafted
hakim warrick,205.74,99.336648,2005
anthony carter,187.96,88.45044,Undrafted
antawn jamison,205.74,106.59412,1998
anfernee hardaway,200.66,97.52228,1993
andris biedrins,210.82,111.13004,2004
andrew bynum,213.36,124.7378,2005
andrew bogut,213.36,111.13004,2005
andres nocioni,200.66,102.0582,Undrafted
andrei kirilenko,205.74,102.0582,1999
andre owens,193.04,90.7184,Undrafted
austin croshere,208.28,106.59412,1997
chris mihm,213.36,120.20188,2000
anthony goldwire,187.96,82.553744,1994
chris taft,208.28,118.38751200000002,2005
eduardo najera,203.2,99.79024,2000
eddy curry,210.82,129.27372,2001
eddie jones,198.12,90.7184,1994
eddie house,185.42,79.3786,2000
eddie griffin,208.28,108.86208,2001
eddie gill,182.88,86.18248,Undrafted
eddie basden,195.58,97.52228,Undrafted
earl watson,185.42,88.45044,2001
elton brand,203.2,115.212368,1999
earl boykins,165.1,60.327736,Undrafted
dwyane wade,193.04,96.161504,2003
dwight howard,210.82,120.20188,2004
dwayne jones,210.82,113.398,Undrafted
drew gooden,208.28,109.769264,2002
doug christie,198.12,92.98636,1992
dorell wright,203.2,92.98636,2004
donyell marshall,205.74,104.32616,1994
donta smith,200.66,97.52228,2004
earl barron,213.36,122.46984,Undrafted
emeka okafor,208.28,114.305184,2004
eric piatkowski,200.66,97.52228,1994
eric snow,190.5,92.98636,1995
greg ostertag,218.44,127.00576,1995
chris paul,182.88,79.3786,2005
greg buckner,193.04,92.98636,1998
grant hill,203.2,102.0582,1994
gordan giricek,195.58,95.25432,1999
gilbert arenas,193.04,95.25432,2001
gerald wallace,200.66,97.52228,2001
gerald green,203.2,90.7184,2005
gerald fitch,190.5,85.275296,Undrafted
gary payton,193.04,86.18248,1990
fred jones,187.96,99.79024,2002
francisco garcia,200.66,88.45044,2005
francisco elson,213.36,106.59412,1999
flip murray,190.5,89.357624,2002
fabricio oberto,208.28,111.13004,Undrafted
etan thomas,208.28,117.93392,2000
ervin johnson,210.82,111.13004,1993
erick dampier,210.82,120.20188,1996
eric williams,203.2,99.79024,1995
donell taylor,195.58,83.007336,Undrafted
dirk nowitzki,213.36,111.13004,1998
esteban batista,208.28,122.46984,Undrafted
dijon thompson,200.66,88.45044,2005
danny granger,205.74,103.418976,2005
danny fortson,203.2,117.93392,1997
daniel ewing,190.5,83.91452,2005
dan gadzuric,210.82,108.86208,2002
dan dickau,182.88,86.18248,2002
damon stoudamire,177.8,78.92500799999999,1995
damon jones,190.5,86.18248,Undrafted
damien wilkins,198.12,102.0582,Undrafted
dale davis,210.82,114.305184,1991
dj mbenga,213.36,111.13004,Undrafted
cuttino mobley,193.04,97.52228,1998
corliss williamson,200.66,111.13004,1995
corey maggette,198.12,102.0582,1999
clifford robinson,208.28,108.86208,1989
chucky atkins,180.34,83.91452,Undrafted
chuck hayes,198.12,109.769264,Undrafted
dikembe mutombo,218.44,120.20188,1991
chris webber,208.28,111.13004,1993
chris wilcox,208.28,106.59412,2002
darius miles,205.74,95.25432,2000
darius songaila,203.2,108.86208,2002
dahntay jones,198.12,95.25432,2003
darrell armstrong,185.42,81.64656,Undrafted
devin green,200.66,96.161504,Undrafted
devin brown,195.58,99.79024,Undrafted
darko milicic,213.36,111.13004,2003
devean george,203.2,106.59412,1999
desmond mason,195.58,100.697424,2000
derrick zimmerman,190.5,88.45044,2003
derek fisher,185.42,92.98636,1996
derek anderson,195.58,88.45044,1997
dermarr johnson,205.74,95.25432,2000
deron williams,190.5,95.25432,2005
devin harris,190.5,83.91452,2004
delonte west,193.04,81.64656,2004
deshawn stevenson,195.58,95.25432,2000
desagana diop,213.36,127.00576,2001
david west,205.74,108.86208,2003
david wesley,185.42,92.079176,Undrafted
darrick martin,180.34,77.11064,Undrafted
david harrison,213.36,127.00576,2004
deng gai,205.74,113.398,Undrafted
david lee,205.74,112.944408,2005
chauncey billups,190.5,91.625584,1997
chris bosh,208.28,104.32616,2003
chris duhon,185.42,83.91452,2004
chris wilcox,208.28,106.59412,2002
chris mccray,195.58,87.089664,Undrafted
chris quinn,187.96,83.91452,Undrafted
chris webber,208.28,111.13004,1993
chuck hayes,198.12,107.954896,Undrafted
charlie villanueva,210.82,108.86208,2005
chris kaman,213.36,120.20188,2003
chris paul,182.88,79.3786,2005
carlos boozer,205.74,120.655472,2002
channing frye,210.82,112.490816,2005
cedric simmons,205.74,106.59412,2006
cedric bozeman,198.12,93.893544,Undrafted
caron butler,200.66,103.418976,2002
carmelo anthony,203.2,104.32616,2003
carlos delfino,198.12,104.32616,2003
carlos arroyo,187.96,91.625584,Undrafted
calvin booth,210.82,113.398,1999
cj miles,198.12,97.52228,2005
bruce bowen,200.66,90.7184,Undrafted
chucky atkins,180.34,83.91452,Undrafted
brian skinner,205.74,120.20188,1998
charlie bell,190.5,90.7184,Undrafted
clifford robinson,208.28,111.13004,1989
darrell armstrong,185.42,81.64656,Undrafted
corliss williamson,200.66,111.13004,1995
brian scalabrine,205.74,106.59412,2001
desagana diop,213.36,127.00576,2001
david west,205.74,108.86208,2003
david wesley,185.42,92.079176,Undrafted
david noel,198.12,104.32616,2006
david lee,205.74,112.944408,2005
david harrison,213.36,127.00576,2004
darrick martin,180.34,77.11064,Undrafted
darko milicic,213.36,124.7378,2003
darius songaila,205.74,112.490816,2002
danny granger,205.74,103.418976,2005
danny fortson,203.2,117.93392,1997
corey maggette,198.12,102.0582,1999
daniel gibson,187.96,86.18248,2006
dan gadzuric,210.82,108.86208,2002
dan dickau,182.88,81.64656,2002
damon stoudamire,177.8,78.92500799999999,1995
damon jones,190.5,86.18248,Undrafted
damir markota,208.28,102.0582,2006
damien wilkins,198.12,102.0582,Undrafted
dale davis,210.82,114.305184,1991
dajuan wagner,190.5,90.7184,2002
dahntay jones,198.12,95.25432,2003
dj mbenga,213.36,115.66596,Undrafted
cuttino mobley,193.04,97.52228,1998
craig smith,200.66,123.377024,2006
daniel ewing,190.5,83.91452,2005
brian cook,205.74,117.026736,2003
amare stoudemire,208.28,111.13004,2002
brevin knight,177.8,77.11064,1997
andres nocioni,200.66,102.0582,Undrafted
andrei kirilenko,205.74,102.965384,1999
andreas glyniadakis,215.9,127.00576,2003
andrea bargnani,213.36,113.398,2006
andre miller,187.96,90.7184,1999
andre iguodala,198.12,93.893544,2004
andre brown,205.74,111.13004,Undrafted
andre barrett,177.8,78.471416,Undrafted
andray blatche,210.82,112.490816,2005
anderson varejao,208.28,108.86208,2004
amir johnson,205.74,95.25432,2005
alvin williams,195.58,88.45044,1997
alonzo mourning,208.28,118.38751200000002,1992
allen iverson,182.88,74.84268,1996
allan ray,187.96,86.18248,Undrafted
alexander johnson,205.74,108.86208,2006
alan henderson,205.74,108.86208,1995
alan anderson,198.12,99.79024,Undrafted
al jefferson,208.28,116.119552,2004
al harrington,205.74,111.13004,1998
adrian griffin,195.58,104.32616,Undrafted
adonal foyle,208.28,122.46984,1997
adam morrison,203.2,92.98636,2006
aaron williams,205.74,106.59412,Undrafted
aaron mckie,195.58,94.800728,1994
andrew bogut,213.36,111.13004,2005
brian cardinal,203.2,111.13004,2000
andrew bynum,213.36,124.7378,2005
antawn jamison,205.74,106.59412,1998
brent barry,200.66,95.25432,1995
brendan haywood,213.36,119.294696,2001
brandon roy,198.12,103.872568,2006
brandon bass,203.2,108.86208,2005
brad miller,213.36,118.38751200000002,Undrafted
bracey wright,190.5,91.171992,2005
bostjan nachbar,205.74,100.243832,2002
boris diaw,203.2,104.32616,2003
bonzi wells,195.58,95.25432,1998
bobby jackson,185.42,83.91452,1997
bo outlaw,203.2,99.79024,Undrafted
bernard robinson,198.12,95.25432,2004
beno udrih,190.5,90.7184,2004
ben wallace,205.74,108.86208,Undrafted
ben gordon,190.5,90.7184,2004
baron davis,190.5,97.52228,1999
austin croshere,208.28,106.59412,1997
antonio mcdyess,205.74,111.13004,1995
antonio daniels,193.04,92.98636,1997
antoine wright,200.66,97.52228,2005
antoine walker,205.74,111.13004,1996
anthony roberson,187.96,85.275296,Undrafted
anthony parker,198.12,97.52228,1997
anthony johnson,190.5,88.45044,1997
anthony carter,187.96,88.45044,Undrafted
andris biedrins,210.82,111.13004,2004
bobby jones,200.66,97.52228,2006
johan petro,213.36,112.037224,2005
dermarr johnson,205.74,95.25432,2000
raja bell,195.58,95.25432,Undrafted
rafer alston,187.96,79.3786,1998
rafael araujo,210.82,122.46984,2004
raef lafrentz,210.82,111.13004,1998
quinton ross,198.12,87.543256,Undrafted
quincy douby,190.5,79.3786,2006
quentin richardson,198.12,104.32616,2000
primoz brezec,215.9,114.305184,2000
pops mensahbonsu,205.74,108.86208,Undrafted
peja stojakovic,208.28,103.872568,1996
paul pierce,198.12,104.32616,1998
paul millsap,203.2,117.026736,2006
paul davis,210.82,122.46984,2006
pau gasol,213.36,117.93392,2001
patrick obryant,213.36,112.944408,2006
pat garrity,205.74,107.954896,1998
pat burke,210.82,113.398,Undrafted
rajon rondo,185.42,77.56423199999999,2006
randolph morris,210.82,117.93392,Undrafted
randy foye,193.04,96.615096,2006
randy livingston,193.04,94.800728,1996
roger mason,195.58,96.161504,2002
rodney carney,200.66,92.98636,2006
robert horry,208.28,108.86208,1992
robert hite,187.96,83.46092800000001,Undrafted
ricky davis,200.66,102.511792,1998
richard jefferson,200.66,104.32616,2001
richard hamilton,200.66,87.543256,1999
renaldo major,200.66,86.18248,Undrafted
pape sow,208.28,113.398,2004
renaldo balkman,203.2,94.347136,2006
raymond felton,185.42,89.811216,2005
ray allen,195.58,92.98636,1996
rawle marshall,200.66,86.18248,Undrafted
rasual butler,200.66,92.98636,2002
rasho nesterovic,213.36,115.66596,1998
rasheed wallace,210.82,104.32616,1995
rashard lewis,208.28,104.32616,1998
rashad mccants,193.04,102.511792,2005
reggie evans,203.2,111.13004,Undrafted
roger powell,198.12,99.79024,Undrafted
pj tucker,195.58,102.0582,2006
othella harrington,205.74,106.59412,1996
michael redd,198.12,97.52228,2000
michael olowokandi,213.36,122.46984,1998
michael finley,200.66,102.0582,1995
michael doleac,210.82,118.841104,1998
metta world peace,200.66,117.93392,1999
melvin ely,208.28,118.38751200000002,2002
mehmet okur,210.82,119.294696,2001
maurice taylor,205.74,120.20188,1997
maurice evans,195.58,99.79024,Undrafted
maurice ager,195.58,91.625584,2006
matt harpring,200.66,102.0582,1998
matt freije,205.74,112.944408,2004
matt carroll,198.12,96.161504,Undrafted
matt bonner,208.28,108.86208,2003
matt barnes,200.66,102.511792,2002
marvin williams,205.74,104.32616,2005
martell webster,200.66,103.872568,2005
michael ruffin,203.2,112.490816,1999
michael sweetney,203.2,122.46984,2003
mickael gelabale,200.66,97.52228,2005
mickael pietrus,198.12,97.52228,2003
orien greene,193.04,94.347136,2005
nick collison,208.28,115.66596,2003
nene,210.82,121.562656,2002
nenad krstic,213.36,117.93392,2002
nazr mohammed,208.28,113.398,1998
nate robinson,175.26,81.64656,2005
mouhamed sene,210.82,104.32616,2006
morris peterson,200.66,99.79024,2000
pj brown,210.82,108.408488,1992
monta ellis,190.5,80.28578399999998,2005
mile ilic,215.9,115.66596,2005
mikki moore,213.36,101.151016,Undrafted
mike wilks,177.8,81.64656,Undrafted
mike miller,203.2,98.883056,2000
mike james,187.96,86.18248,Undrafted
mike hall,203.2,104.32616,Undrafted
mike dunleavy,205.74,104.32616,2002
mike bibby,185.42,86.18248,1998
mo williams,185.42,83.91452,2003
marquis daniels,198.12,90.7184,Undrafted
ronald dupree,200.66,94.800728,Undrafted
ronnie price,187.96,86.18248,Undrafted
tyronn lue,182.88,79.3786,1998
troy murphy,210.82,111.13004,2001
troy hudson,185.42,80.73937600000001,Undrafted
trevor ariza,203.2,95.25432,2004
trenton hassell,195.58,105.68693600000002,2001
travis outlaw,205.74,97.52228,2003
travis diener,185.42,79.3786,2005
tracy mcgrady,203.2,101.151016,1997
tony parker,187.96,81.64656,2001
tony battie,210.82,108.86208,1997
tony allen,193.04,96.615096,2004
tim thomas,208.28,108.86208,1997
tim duncan,210.82,117.93392,1997
theo ratliff,208.28,106.59412,1995
thabo sefolosha,200.66,97.52228,2006
tayshaun prince,205.74,97.52228,2002
tarence kinsey,198.12,85.728888,Undrafted
tyrus thomas,205.74,97.52228,2006
tyson chandler,215.9,106.59412,2001
udonis haslem,203.2,106.59412,Undrafted
uros slokar,208.28,107.954896,2005
zydrunas ilgauskas,220.98,117.93392,1996
zaza pachulia,210.82,127.00576,2003
zach randolph,205.74,97.52228,2001
yaroslav korolev,205.74,92.079176,2005
yao ming,228.6,140.61352,2002
yakhouba diawara,200.66,102.0582,Undrafted
willie green,190.5,91.171992,2003
will conroy,187.96,88.45044,Undrafted
tj ford,182.88,74.84268,2003
will blalock,182.88,92.98636,2006
walter herrmann,205.74,102.0582,Undrafted
wally szczerbiak,200.66,110.676448,1999
von wafer,195.58,95.25432,2005
vladimir radmanovic,208.28,106.140528,2001
vitaly potapenko,208.28,129.27372,1996
vince carter,198.12,99.79024,1998
viktor khryapa,205.74,98.883056,2004
vassilis spanoulis,193.04,88.45044,2004
wayne simien,205.74,113.398,2005
ronnie brewer,200.66,98.883056,2006
stromile swift,205.74,104.32616,2000
steven hunter,213.36,108.86208,2001
sebastian telfair,182.88,72.57472,2004
sean may,205.74,120.655472,2005
sean marks,208.28,113.398,1998
scott padgett,205.74,108.86208,1999
scot pollard,210.82,120.20188,1997
sasha vujacic,200.66,88.45044,2004
sasha pavlovic,200.66,95.25432,2003
sarunas jasikevicius,193.04,89.357624,Undrafted
samuel dalembert,210.82,113.398,2001
sam cassell,190.5,83.91452,1993
salim stoudamire,185.42,79.3786,2005
ryan hollins,213.36,104.32616,2006
ryan gomes,200.66,113.398,2005
rudy gay,205.74,99.79024,2006
ruben patterson,195.58,101.151016,1998
royal ivey,193.04,97.52228,2004
ronny turiaf,208.28,112.944408,2005
sergio rodriguez,190.5,76.203456,2006
shammond williams,185.42,91.171992,1998
shane battier,203.2,99.79024,2001
shannon brown,193.04,92.98636,2006
steve novak,208.28,99.79024,2006
steve nash,190.5,88.45044,1996
steve francis,190.5,95.25432,1999
steve blake,190.5,78.017824,2003
stephon marbury,187.96,92.98636,1996
stephen jackson,203.2,98.883056,1997
stephen graham,198.12,97.52228,Undrafted
speedy claxton,180.34,77.11064,2000
steven smith,205.74,113.398,Undrafted
solomon jones,208.28,104.32616,2006
slava medvedenko,208.28,114.758776,Undrafted
shelden williams,205.74,113.398,2006
shawne williams,205.74,102.0582,2006
shawn marion,200.66,103.418976,1999
shavlik randolph,208.28,108.86208,Undrafted
shaun livingston,200.66,82.553744,2004
shareef abdurrahim,205.74,111.13004,1996
shaquille oneal,215.9,147.4174,1992
smush parker,193.04,81.64656,Undrafted
delonte west,193.04,81.64656,2004
marko jaric,200.66,101.604608,2000
mark blount,213.36,113.398,1997
jackie butler,208.28,117.93392,Undrafted
jr smith,198.12,99.79024,2004
jj redick,193.04,86.18248,2006
jj barea,182.88,79.3786,Undrafted
ivan mcfarlin,200.66,103.872568,Undrafted
ira newble,200.66,99.79024,Undrafted
ime udoka,195.58,99.79024,Undrafted
ike diogu,203.2,115.66596,2005
hilton armstrong,210.82,106.59412,2006
hedo turkoglu,208.28,99.79024,2000
hassan adams,193.04,99.79024,2006
hakim warrick,205.74,99.336648,2005
greg buckner,193.04,95.25432,1998
grant hill,203.2,102.0582,1994
gordan giricek,198.12,100.697424,1999
gilbert arenas,193.04,97.52228,2001
gerald wallace,200.66,97.52228,2001
jacque vaughn,185.42,86.18248,1997
jake tsakalidis,218.44,131.54168,2000
jake voskuhl,210.82,115.66596,2000
jalen rose,203.2,97.52228,1994
jason collins,213.36,117.93392,2001
jarvis hayes,203.2,103.418976,2003
jarron collins,210.82,112.490816,2001
jarrett jack,190.5,89.357624,2005
jared reiner,210.82,115.66596,Undrafted
jared jeffries,210.82,108.86208,2002
jannero pargo,185.42,79.3786,Undrafted
james white,200.66,90.7184,2006
gerald green,203.2,90.7184,2005
james singleton,203.2,104.32616,Undrafted
james lang,208.28,138.34556,2003
james jones,203.2,99.79024,2003
james augustine,208.28,106.59412,2006
jameer nelson,182.88,86.18248,2004
jamal sampson,210.82,106.59412,2002
jamal crawford,195.58,86.18248,2000
jamaal tinsley,190.5,83.91452,2001
jamaal magloire,210.82,120.20188,2000
james posey,203.2,98.429464,1999
jason hart,190.5,83.91452,2000
gary payton,193.04,86.18248,1990
francisco garcia,200.66,88.45044,2005
dwayne jones,210.82,113.851592,Undrafted
drew gooden,208.28,113.398,2002
doug christie,198.12,92.98636,1992
dorell wright,203.2,92.98636,2004
donyell marshall,205.74,104.32616,1994
donell taylor,195.58,87.543256,Undrafted
dirk nowitzki,213.36,111.13004,1998
dikembe mutombo,218.44,117.93392,1991
dijon thompson,203.2,90.7184,2005
devin harris,190.5,83.91452,2004
devin brown,195.58,99.79024,Undrafted
devean george,203.2,106.59412,1999
desmond mason,195.58,100.697424,2000
desmon farmer,195.58,99.79024,Undrafted
deron williams,190.5,92.98636,2005
derek fisher,185.42,95.707912,1996
derek anderson,195.58,88.45044,1997
dwight howard,210.82,120.20188,2004
dwyane wade,193.04,96.161504,2003
earl barron,213.36,111.13004,Undrafted
earl boykins,165.1,60.327736,Undrafted
francisco elson,213.36,106.59412,1999
flip murray,190.5,89.357624,2002
fabricio oberto,208.28,111.13004,Undrafted
etan thomas,208.28,117.93392,2000
esteban batista,208.28,121.562656,Undrafted
ersan ilyasova,205.74,106.59412,2005
erick dampier,210.82,120.20188,1996
eric williams,203.2,99.79024,1995
fred jones,187.96,99.79024,2002
eric snow,190.5,92.98636,1995
emeka okafor,208.28,114.305184,2004
elton brand,203.2,115.212368,1999
eduardo najera,203.2,106.59412,2000
eddy curry,210.82,129.27372,2001
eddie jones,198.12,90.7184,1994
eddie house,185.42,79.3786,2000
eddie griffin,205.74,100.697424,2001
earl watson,185.42,88.45044,2001
eric piatkowski,200.66,97.52228,1994
jason kapono,203.2,97.52228,2003
jason kidd,193.04,95.25432,1994
jason maxiell,200.66,117.93392,2005
linas kleiza,203.2,111.13004,2005
leon powe,203.2,108.86208,2006
leandro barbosa,190.5,85.275296,2003
lebron james,203.2,108.86208,2003
lawrence roberts,205.74,108.86208,2005
larry hughes,195.58,83.46092800000001,1998
lamar odom,208.28,104.32616,1999
lamarcus aldridge,210.82,111.13004,2006
kyle lowry,182.88,79.3786,2006
kyle korver,200.66,95.25432,2003
kwame brown,210.82,122.46984,2001
kurt thomas,205.74,106.59412,1995
kris humphries,205.74,106.59412,2004
kobe bryant,198.12,99.79024,1996
kirk snyder,198.12,102.0582,2004
kirk hinrich,190.5,86.18248,2003
keyon dooling,190.5,88.45044,2000
lindsey hunter,187.96,88.45044,1993
linton johnson,203.2,92.98636,Undrafted
lorenzen wright,210.82,115.66596,1996
lou amundson,205.74,102.0582,Undrafted
mardy collins,198.12,99.79024,2006
marcus williams,190.5,92.98636,2006
marcus vinicius,203.2,102.0582,2006
marcus camby,210.82,106.59412,1996
marcus banks,187.96,90.7184,2003
marc jackson,208.28,114.758776,1997
manu ginobili,198.12,92.98636,1999
malik rose,200.66,115.66596,1996
kevinn pinkney,208.28,111.13004,Undrafted
malik allen,208.28,115.66596,Undrafted
lynn greer,187.96,79.3786,Undrafted
luther head,190.5,83.91452,2005
luol deng,205.74,99.79024,2004
luke walton,203.2,105.233344,2003
luke schenscher,215.9,120.20188,Undrafted
luke ridnour,185.42,75.749864,2003
luke jackson,200.66,97.52228,2004
lou williams,185.42,79.3786,2005
maceo baston,208.28,104.32616,1998
kevin willis,213.36,111.13004,1984
kevin ollie,190.5,88.45044,Undrafted
kevin martin,200.66,83.91452,2004
jorge garbajosa,205.74,111.13004,Undrafted
jordan farmar,187.96,81.64656,2006
john salmons,198.12,93.893544,2002
john lucas,180.34,74.84268,Undrafted
deshawn stevenson,195.58,98.883056,2000
joey graham,200.66,102.0582,2005
joel przybilla,215.9,115.66596,2000
joe smith,208.28,102.0582,1995
jose calderon,190.5,95.25432,Undrafted
joe johnson,200.66,106.59412,2001
jerome james,215.9,127.00576,1998
jermaine oneal,210.82,117.93392,1996
jeremy richardson,200.66,88.45044,Undrafted
jeff mcinnis,193.04,86.18248,1996
jeff foster,210.82,113.398,1999
jason williams,185.42,81.64656,1998
jason terry,187.96,81.64656,1999
jason richardson,198.12,102.0582,2001
jerry stackhouse,198.12,98.883056,1995
mark madsen,205.74,113.398,2000
josh boone,208.28,111.13004,2006
josh howard,200.66,95.25432,2003
kevin garnett,210.82,114.758776,1995
kenyon martin,205.74,108.86208,2000
kenny thomas,200.66,111.13004,1999
kendrick perkins,208.28,127.00576,2003
kelvin cato,210.82,124.7378,1997
kelenna azubuike,195.58,99.79024,Undrafted
keith mcleod,187.96,86.18248,Undrafted
keith bogans,195.58,97.52228,2003
josh childress,203.2,95.25432,2004
juwan howard,205.74,113.398,1994
justin reed,203.2,108.86208,2004
junior harrington,193.04,86.18248,Undrafted
jumaine jones,203.2,104.32616,1999
julius hodge,200.66,99.79024,2005
juan dixon,190.5,74.389088,2002
josh smith,205.74,106.59412,2004
josh powell,205.74,102.0582,Undrafted
justin williams,208.28,104.32616,Undrafted
dee brown,182.88,82.10015200000001,2006
jason maxiell,200.66,117.93392,2005
jason richardson,198.12,102.0582,2001
bobby simmons,198.12,104.32616,2001
earl watson,185.42,83.91452,2001
eddie gill,182.88,83.007336,Undrafted
eddie house,185.42,79.3786,2000
eddie jones,198.12,90.7184,1994
eddy curry,210.82,129.27372,2001
eduardo najera,203.2,106.59412,2000
elton brand,203.2,115.212368,1999
emeka okafor,208.28,115.66596,2004
eric piatkowski,200.66,97.52228,1994
eric snow,190.5,92.98636,1995
erick dampier,210.82,120.20188,1996
earl boykins,165.1,60.327736,Undrafted
fabricio oberto,208.28,111.13004,Undrafted
francisco elson,213.36,106.59412,1999
francisco garcia,200.66,88.45044,2005
fred jones,187.96,102.0582,2002
gabe pruitt,193.04,77.11064,2007
gerald green,203.2,90.7184,2005
gerald wallace,200.66,99.79024,2001
gilbert arenas,193.04,97.52228,2001
glen davis,205.74,131.088088,2007
gordan giricek,198.12,99.79024,1999
grant hill,203.2,102.0582,1994
greg buckner,193.04,95.25432,1998
flip murray,190.5,89.357624,2002
guillermo diaz,187.96,83.91452,2006
earl barron,213.36,111.13004,Undrafted
dwight howard,210.82,120.20188,2004
darrell armstrong,185.42,81.64656,Undrafted
darrick martin,180.34,77.11064,Undrafted
darryl watkins,210.82,117.026736,Undrafted
david harrison,213.36,127.00576,2004
david lee,205.74,108.86208,2005
david west,205.74,108.86208,2003
desagana diop,213.36,127.00576,2001
deshawn stevenson,195.58,98.883056,2000
delonte west,190.5,81.64656,2004
demetris nichols,203.2,97.975872,2007
dermarr johnson,205.74,95.25432,2000
dwyane wade,193.04,97.975872,2003
derek anderson,195.58,88.45044,1997
deron williams,190.5,92.98636,2005
desmond mason,195.58,100.697424,2000
devean george,203.2,106.59412,1999
devin brown,195.58,95.25432,Undrafted
devin harris,190.5,83.91452,2004
dikembe mutombo,218.44,117.93392,1991
dirk nowitzki,213.36,111.13004,1998
dominic mcguire,205.74,99.79024,2007
donyell marshall,205.74,111.13004,1994
dorell wright,205.74,95.25432,2004
drew gooden,208.28,113.398,2002
derek fisher,185.42,95.25432,1996
darko milicic,213.36,124.7378,2003
hakim warrick,205.74,97.52228,2005
hilton armstrong,210.82,106.59412,2006
zaza pachulia,210.82,127.00576,2003
zach randolph,205.74,117.93392,2001
yi jianlian,213.36,107.954896,2007
yao ming,228.6,140.61352,2002
yakhouba diawara,200.66,102.0582,Undrafted
wilson chandler,203.2,99.79024,2007
willie green,190.5,91.171992,2003
walter herrmann,205.74,102.0582,Undrafted
wally szczerbiak,200.66,111.13004,1999
von wafer,195.58,95.25432,2005
vladimir radmanovic,208.28,106.59412,2001
zydrunas ilgauskas,220.98,117.93392,1996
vince carter,198.12,99.79024,1998
udonis haslem,203.2,106.59412,Undrafted
tyson chandler,215.9,106.59412,2001
tyrus thomas,203.2,97.52228,2006
tyronn lue,182.88,79.3786,1998
troy murphy,210.82,111.13004,2001
troy hudson,185.42,80.73937600000001,Undrafted
trevor ariza,203.2,95.25432,2004
trenton hassell,195.58,105.68693600000002,2001
travis outlaw,205.74,97.52228,2003
travis diener,185.42,79.3786,2005
tracy mcgrady,203.2,101.151016,1997
viktor khryapa,205.74,98.883056,2004
hedo turkoglu,208.28,99.79024,2000
jason kidd,193.04,95.25432,1994
jason hart,190.5,81.64656,2000
ian mahinmi,210.82,104.32616,2005
ike diogu,203.2,115.66596,2005
ime udoka,195.58,99.79024,Undrafted
ira newble,200.66,99.79024,Undrafted
jj barea,182.88,79.3786,Undrafted
jj redick,193.04,86.18248,2006
jr smith,198.12,99.79024,2004
jacque vaughn,185.42,86.18248,1997
jake voskuhl,210.82,115.66596,2000
jamaal magloire,210.82,120.20188,2000
jamaal tinsley,190.5,83.91452,2001
jason kapono,203.2,97.52228,2003
jamal crawford,195.58,90.7184,2000
jameer nelson,182.88,86.18248,2004
james augustine,208.28,106.59412,2006
james jones,203.2,99.79024,2003
james posey,203.2,98.429464,1999
jannero pargo,185.42,79.3786,Undrafted
jared dudley,200.66,102.0582,2007
jared jeffries,210.82,108.86208,2002
jarrett jack,190.5,89.357624,2005
jarron collins,210.82,108.408488,2001
jarvis hayes,203.2,103.418976,2003
jason collins,213.36,115.66596,2001
jamario moon,203.2,92.98636,Undrafted
darius washington,187.96,88.45044,Undrafted
darius songaila,205.74,112.490816,2002
danny granger,203.2,103.418976,2005
andris biedrins,210.82,104.32616,2004
anfernee hardaway,200.66,97.52228,1993
antawn jamison,205.74,106.59412,1998
anthony carter,187.96,88.45044,Undrafted
anthony johnson,190.5,88.45044,1997
anthony parker,198.12,97.52228,1997
antoine walker,205.74,111.13004,1996
antoine wright,200.66,97.52228,2005
antonio daniels,193.04,92.98636,1997
antonio mcdyess,205.74,111.13004,1995
arron afflalo,195.58,97.52228,2007
andrew bynum,213.36,129.27372,2005
austin croshere,208.28,106.59412,1997
baron davis,190.5,97.52228,1999
ben gordon,190.5,90.7184,2004
ben wallace,205.74,108.86208,Undrafted
beno udrih,190.5,92.98636,2004
billy thomas,195.58,99.79024,Undrafted
blake ahearn,187.96,86.18248,Undrafted
bo outlaw,203.2,99.79024,Undrafted
bobby jackson,185.42,83.91452,1997
bobby jones,200.66,97.52228,2006
bonzi wells,195.58,95.25432,1998
boris diaw,203.2,106.59412,2003
awvee storey,198.12,102.0582,Undrafted
bostjan nachbar,205.74,100.243832,2002
andrew bogut,213.36,117.93392,2005
andrei kirilenko,205.74,101.151016,1999
aaron williams,205.74,106.59412,Undrafted
aaron gray,213.36,122.46984,2007
aaron brooks,182.88,73.028312,2007
acie law,190.5,88.45044,2007
adonal foyle,208.28,122.46984,1997
adrian griffin,195.58,104.32616,Undrafted
al harrington,205.74,113.398,1998
al horford,208.28,111.13004,2007
al jefferson,208.28,120.20188,2004
al thornton,203.2,99.79024,2007
alando tucker,198.12,92.98636,2007
andres nocioni,200.66,102.0582,Undrafted
alexander johnson,205.74,104.32616,2006
alonzo mourning,208.28,118.38751200000002,1992
amare stoudemire,208.28,112.944408,2002
amir johnson,205.74,95.25432,2005
anderson varejao,208.28,108.86208,2004
andray blatche,210.82,112.490816,2005
andre barrett,177.8,78.471416,Undrafted
andre brown,205.74,111.13004,Undrafted
andre iguodala,198.12,93.893544,2004
andre miller,187.96,90.7184,1999
andre owens,193.04,90.7184,Undrafted
andrea bargnani,213.36,113.398,2006
allen iverson,182.88,81.64656,1996
brad miller,213.36,118.38751200000002,Undrafted
brandan wright,205.74,92.98636,2007
brandon bass,203.2,108.86208,2005
chris mihm,213.36,120.20188,2000
chris paul,182.88,79.3786,2005
chris quinn,187.96,79.3786,Undrafted
chris richard,205.74,122.46984,2007
chris webber,208.28,111.13004,1993
chris wilcox,208.28,106.59412,2002
chuck hayes,198.12,107.954896,Undrafted
chucky atkins,180.34,83.91452,Undrafted
coby karl,195.58,97.52228,Undrafted
corey brewer,205.74,83.91452,2007
corey maggette,198.12,102.0582,1999
chris kaman,213.36,120.20188,2003
courtney sims,210.82,111.13004,Undrafted
cuttino mobley,193.04,97.52228,1998
dj mbenga,213.36,115.66596,Undrafted
dj strawberry,195.58,91.171992,2007
daequan cook,195.58,92.98636,2007
dahntay jones,198.12,95.25432,2003
damien wilkins,198.12,102.0582,Undrafted
damon jones,190.5,88.45044,Undrafted
damon stoudamire,177.8,77.56423199999999,1995
dan dickau,182.88,81.64656,2002
dan gadzuric,210.82,111.13004,2002
daniel gibson,187.96,87.996848,2006
craig smith,203.2,113.398,2006
chris duhon,185.42,83.91452,2004
chris bosh,208.28,104.32616,2003
chris andersen,208.28,103.418976,Undrafted
brandon roy,198.12,103.872568,2006
brendan haywood,213.36,119.294696,2001
brent barry,200.66,95.25432,1995
brevin knight,177.8,77.11064,1997
brian cardinal,203.2,111.13004,2000
brian cook,205.74,113.398,2003
brian scalabrine,205.74,106.59412,2001
brian skinner,205.74,115.66596,1998
bruce bowen,200.66,90.7184,Undrafted
cj watson,187.96,81.64656,Undrafted
cj miles,198.12,99.79024,2005
calvin booth,210.82,113.398,1999
carl landry,205.74,112.490816,2007
carlos arroyo,187.96,91.625584,Undrafted
carlos boozer,205.74,120.655472,2002
carlos delfino,198.12,104.32616,2003
carmelo anthony,203.2,104.32616,2003
caron butler,200.66,103.418976,2002
casey jacobsen,198.12,97.52228,2002
cedric simmons,205.74,106.59412,2006
channing frye,210.82,112.490816,2005
charlie bell,190.5,90.7184,Undrafted
charlie villanueva,210.82,105.233344,2005
chauncey billups,190.5,91.625584,1997
cheikh samb,215.9,111.13004,2006
tony parker,187.96,81.64656,2001
tony allen,193.04,96.615096,2004
dwayne jones,210.82,113.851592,Undrafted
tim duncan,210.82,117.93392,1997
malik allen,208.28,115.66596,Undrafted
maceo baston,208.28,104.32616,1998
luther head,190.5,83.91452,2005
luol deng,205.74,99.79024,2004
luke walton,203.2,106.59412,2003
luke ridnour,187.96,79.3786,2003
luke jackson,200.66,97.52228,2004
luis scola,205.74,111.13004,2002
lou williams,187.96,79.3786,2005
lou amundson,205.74,102.0582,Undrafted
lorenzen wright,210.82,115.66596,1996
malik rose,200.66,115.66596,1996
loren woods,218.44,117.93392,2001
lindsey hunter,187.96,88.45044,1993
linas kleiza,203.2,111.13004,2005
leon powe,203.2,108.86208,2006
leandro barbosa,190.5,91.625584,2003
lebron james,203.2,113.398,2003
larry hughes,195.58,83.91452,1998
lance allred,210.82,113.398,Undrafted
lamar odom,208.28,104.32616,1999
lamarcus aldridge,210.82,111.13004,2006
kyrylo fesenko,215.9,130.63449599999998,2007
kyle lowry,182.88,79.3786,2006
linton johnson,203.2,92.98636,Undrafted
kyle korver,198.12,95.707912,2003
manu ginobili,198.12,92.98636,1999
marco belinelli,195.58,87.089664,2007
michael finley,200.66,102.0582,1995
michael doleac,210.82,118.841104,1998
metta world peace,200.66,112.490816,1999
melvin ely,208.28,118.38751200000002,2002
mehmet okur,210.82,119.294696,2001
maurice evans,195.58,99.79024,Undrafted
maurice ager,195.58,91.625584,2006
matt harpring,200.66,104.32616,1998
matt carroll,198.12,96.161504,Undrafted
matt bonner,208.28,108.86208,2003
matt barnes,200.66,102.511792,2002
marcin gortat,213.36,108.86208,2005
marvin williams,205.74,104.32616,2005
marquis daniels,198.12,90.7184,Undrafted
marko jaric,200.66,101.604608,2000
mark madsen,205.74,113.398,2000
mark blount,213.36,113.398,1997
mario west,195.58,95.25432,Undrafted
mardy collins,198.12,99.79024,2006
marcus williams,200.66,93.893544,2007
marcus williams,190.5,92.98636,2006
marcus vinicius,203.2,102.0582,2006
marcus camby,210.82,106.59412,1996
marcus banks,187.96,96.161504,2003
martell webster,200.66,103.872568,2005
kwame brown,210.82,122.46984,2001
kurt thomas,205.74,106.59412,1995
kris humphries,205.74,106.59412,2004
jose calderon,190.5,95.25432,Undrafted
jorge garbajosa,205.74,111.13004,Undrafted
jordan farmar,187.96,81.64656,2006
john salmons,198.12,93.893544,2002
johan petro,213.36,112.037224,2005
joey graham,200.66,102.0582,2005
joel przybilla,215.9,115.66596,2000
joel anthony,205.74,111.13004,Undrafted
joe smith,208.28,102.0582,1995
joe johnson,200.66,106.59412,2001
joakim noah,210.82,105.233344,2007
josh boone,208.28,107.501304,2006
jerry stackhouse,198.12,98.883056,1995
jermareo davidson,208.28,104.32616,2007
jermaine oneal,210.82,117.93392,1996
jeremy richardson,200.66,88.45044,Undrafted
jelani mccoy,208.28,111.13004,1998
jeff mcinnis,193.04,86.18248,1996
jeff green,205.74,106.59412,2007
jeff foster,210.82,113.398,1999
javaris crittenton,195.58,90.7184,2007
jason williams,185.42,81.64656,1998
jason terry,187.96,81.64656,1999
jason smith,213.36,108.86208,2007
jerome james,215.9,129.27372,1998
josh childress,203.2,95.25432,2004
tim thomas,208.28,108.86208,1997
josh mcroberts,208.28,108.86208,2007
kosta perovic,218.44,108.86208,2006
kobe bryant,198.12,92.98636,1996
kirk snyder,198.12,102.0582,2004
kirk hinrich,190.5,86.18248,2003
keyon dooling,190.5,88.45044,2000
kevin ollie,187.96,88.45044,Undrafted
kevin martin,200.66,83.91452,2004
kevin garnett,210.82,99.79024,1995
kevin durant,205.74,97.52228,2007
kenyon martin,205.74,108.86208,2000
kenny thomas,200.66,111.13004,1999
kendrick perkins,208.28,119.748288,2003
kelenna azubuike,195.58,99.79024,Undrafted
keith langford,193.04,97.52228,Undrafted
keith bogans,195.58,97.52228,2003
kasib powell,200.66,97.52228,Undrafted
kareem rush,198.12,97.52228,2002
kaniel dickens,203.2,97.52228,2000
juwan howard,205.74,114.758776,1994
justin williams,208.28,117.93392,Undrafted
julian wright,203.2,102.0582,2007
juan dixon,190.5,74.84268,2002
juan carlos navarro,190.5,77.11064,2002
josh smith,205.74,106.59412,2004
josh powell,205.74,108.86208,Undrafted
michael redd,198.12,97.52228,2000
michael ruffin,203.2,112.490816,1999
josh howard,195.58,95.25432,2003
mickael pietrus,198.12,97.52228,2003
sergio rodriguez,190.5,76.203456,2006
sebastian telfair,182.88,79.3786,2004
sean williams,208.28,106.59412,2007
sean marks,208.28,113.398,1998
scot pollard,210.82,126.098576,1997
sasha vujacic,200.66,92.98636,2004
sasha pavlovic,200.66,108.408488,2003
samuel dalembert,210.82,113.398,2001
sam cassell,190.5,83.91452,1993
salim stoudamire,185.42,79.3786,2005
ryan hollins,213.36,104.32616,2006
shane battier,203.2,99.79024,2001
ryan gomes,200.66,113.398,2005
rudy gay,203.2,100.697424,2006
ruben patterson,195.58,101.151016,1998
royal ivey,193.04,97.52228,2004
ronny turiaf,208.28,113.398,2005
ronnie price,187.96,86.18248,Undrafted
ronnie brewer,200.66,101.151016,2006
ronald dupree,200.66,94.800728,Undrafted
roger mason,195.58,96.161504,2002
rodney stuckey,195.58,92.98636,2007
rodney carney,200.66,92.532768,2006
robert swift,215.9,111.13004,2004
ryan bowen,205.74,98.883056,1998
shannon brown,193.04,95.707912,2006
shaquille oneal,215.9,147.4174,1992
shareef abdurrahim,205.74,111.13004,1996
thomas gardner,195.58,102.0582,Undrafted
mickael gelabale,200.66,97.52228,2005
theo ratliff,208.28,106.59412,1995
thaddeus young,203.2,99.79024,2007
thabo sefolosha,200.66,97.52228,2006
tayshaun prince,205.74,97.52228,2002
taurean green,182.88,80.28578399999998,2007
tarence kinsey,198.12,81.19296800000001,Undrafted
tj ford,182.88,74.84268,2003
stromile swift,208.28,99.79024,2000
steven hunter,213.36,108.86208,2001
steve novak,208.28,99.79024,2006
steve nash,190.5,80.73937600000001,1996
steve francis,190.5,95.25432,1999
steve blake,190.5,78.017824,2003
stephen jackson,203.2,98.883056,1997
stephen graham,198.12,97.52228,Undrafted
stephane lasme,203.2,97.52228,2007
spencer hawes,213.36,111.13004,2007
solomon jones,208.28,104.32616,2006
smush parker,193.04,86.18248,Undrafted
shelden williams,205.74,113.398,2006
shawne williams,205.74,102.0582,2006
shawn marion,200.66,104.32616,1999
shavlik randolph,208.28,108.86208,Undrafted
robert horry,208.28,108.86208,1992
ricky davis,200.66,92.98636,1998
stephon marbury,187.96,92.98636,1996
richard jefferson,200.66,102.0582,2001
pj brown,210.82,108.408488,1992
othella harrington,205.74,106.59412,1996
orien greene,193.04,94.347136,2005
oleksiy pecherov,213.36,106.140528,2006
nick young,198.12,90.7184,2007
nick fazekas,210.82,106.59412,2007
nick collison,208.28,115.66596,2003
nene,210.82,113.398,2002
nenad krstic,213.36,108.86208,2002
nazr mohammed,208.28,113.398,1998
nate robinson,175.26,81.64656,2005
pat garrity,205.74,107.954896,1998
mouhamed sene,210.82,104.32616,2006
morris almond,198.12,102.0582,2007
monta ellis,190.5,80.28578399999998,2005
mikki moore,213.36,102.0582,Undrafted
mike wilks,177.8,81.64656,Undrafted
mike miller,203.2,98.883056,2000
mike james,187.96,85.275296,Undrafted
mike harris,198.12,108.86208,Undrafted
mike dunleavy,205.74,104.32616,2002
richie frahm,195.58,91.625584,Undrafted
mike conley,185.42,81.64656,2007
mike bibby,185.42,86.18248,1998
morris peterson,200.66,99.79024,2000
patrick obryant,213.36,113.398,2006
mo williams,185.42,83.91452,2003
paul davis,210.82,122.46984,2006
reggie evans,203.2,111.13004,Undrafted
pau gasol,213.36,113.398,2001
renaldo balkman,203.2,94.347136,2006
richard hamilton,200.66,87.543256,1999
raymond felton,185.42,89.811216,2005
ray allen,195.58,92.98636,1996
rasual butler,200.66,92.98636,2002
rasheed wallace,210.82,104.32616,1995
rashard lewis,208.28,104.32616,1998
rashad mccants,193.04,95.25432,2005
randy foye,193.04,96.615096,2006
randolph morris,210.82,117.93392,Undrafted
ramon sessions,190.5,86.18248,2007
rasho nesterovic,213.36,115.66596,1998
paul pierce,200.66,106.59412,1998
rajon rondo,185.42,77.56423199999999,2006
peja stojakovic,208.28,103.872568,1996
primoz brezec,215.9,115.66596,2000
quincy douby,190.5,79.3786,2006
quentin richardson,198.12,106.59412,2000
paul millsap,203.2,117.026736,2006
raef lafrentz,210.82,111.13004,1998
rafer alston,187.96,79.3786,1998
raja bell,195.58,97.52228,Undrafted
quinton ross,198.12,87.543256,Undrafted
jerry stackhouse,198.12,98.883056,1995
joe johnson,200.66,108.86208,2001
jerryd bayless,190.5,90.7184,2008
joakim noah,210.82,105.233344,2007
joe alexander,203.2,104.32616,2008
joe crawford,195.58,95.25432,2008
joe smith,208.28,102.0582,1995
jose calderon,190.5,95.25432,Undrafted
joel anthony,205.74,111.13004,Undrafted
joel przybilla,215.9,111.13004,2000
joey dorsey,203.2,121.562656,2008
joey graham,200.66,102.0582,2005
johan petro,213.36,112.037224,2005
john salmons,198.12,93.893544,2002
jerome james,215.9,129.27372,1998
jordan farmar,187.96,81.64656,2006
josh boone,208.28,107.501304,2006
jermareo davidson,208.28,104.32616,2007
jason kidd,193.04,95.25432,1994
jeremy richardson,200.66,88.45044,Undrafted
james white,200.66,90.7184,2006
jared dudley,200.66,102.0582,2007
josh howard,200.66,95.25432,2003
james singleton,203.2,104.32616,Undrafted
jared jeffries,210.82,108.86208,2002
jarrett jack,190.5,89.357624,2005
jarron collins,210.82,112.944408,2001
jarvis hayes,203.2,103.418976,2003
jason collins,213.36,115.66596,2001
jason hart,190.5,81.64656,2000
jason kapono,203.2,97.52228,2003
jason maxiell,200.66,117.93392,2005
jason richardson,198.12,102.0582,2001
jason terry,187.96,81.64656,1999
jason thompson,210.82,113.398,2008
javaris crittenton,195.58,90.7184,2007
jawad williams,205.74,98.883056,Undrafted
jeff foster,210.82,113.398,1999
jeff green,205.74,106.59412,2007
jermaine oneal,210.82,117.026736,1996
josh mcroberts,208.28,108.86208,2007
kyle lowry,182.88,92.98636,2006
josh smith,205.74,108.86208,2004
kyle weaver,198.12,91.171992,2008
kyrylo fesenko,215.9,136.0776,2007
lamarcus aldridge,210.82,108.86208,2006
lamar odom,208.28,104.32616,1999
larry hughes,195.58,83.91452,1998
lebron james,203.2,113.398,2003
leandro barbosa,190.5,91.625584,2003
leon powe,203.2,108.86208,2006
kyle korver,200.66,96.161504,2003
linas kleiza,203.2,111.13004,2005
linton johnson,203.2,92.98636,Undrafted
lorenzen wright,210.82,115.66596,1996
lou amundson,205.74,102.0582,Undrafted
lou williams,187.96,79.3786,2005
luc mbah a moute,203.2,104.32616,2008
james posey,203.2,98.429464,1999
luke ridnour,187.96,79.3786,2003
luis scola,205.74,111.13004,2002
lindsey hunter,187.96,88.45044,1993
josh powell,205.74,108.86208,Undrafted
kwame brown,210.82,122.46984,2001
kris humphries,205.74,106.59412,2004
juan dixon,190.5,74.84268,2002
julian wright,203.2,102.0582,2007
juwan howard,205.74,114.758776,1994
kareem rush,198.12,97.52228,2002
keith bogans,195.58,97.52228,2003
kelenna azubuike,195.58,99.79024,Undrafted
kendrick perkins,208.28,127.00576,2003
kenny thomas,200.66,111.13004,1999
kurt thomas,205.74,106.59412,1995
kenyon martin,205.74,108.86208,2000
kevin garnett,210.82,114.758776,1995
kevin love,208.28,117.93392,2008
kevin martin,200.66,83.91452,2004
kevin ollie,187.96,88.45044,Undrafted
keyon dooling,190.5,88.45044,2000
kirk hinrich,190.5,86.18248,2003
kobe bryant,198.12,92.98636,1996
kosta koufos,213.36,120.20188,2008
kevin durant,205.74,97.52228,2007
james jones,203.2,99.79024,2003
dirk nowitzki,213.36,111.13004,1998
jamario moon,203.2,90.7184,Undrafted
delonte west,190.5,81.64656,2004
demetris nichols,203.2,97.975872,2007
derek fisher,185.42,95.25432,1996
deron williams,190.5,93.893544,2005
derrick rose,190.5,86.18248,2008
desmon farmer,195.58,99.79024,Undrafted
desmond mason,195.58,100.697424,2000
devean george,203.2,106.59412,1999
dee brown,182.88,83.91452,2006
devin brown,195.58,95.25432,Undrafted
dikembe mutombo,218.44,117.93392,1991
dominic mcguire,205.74,99.79024,2007
donte greene,210.82,102.511792,2008
dontell jefferson,195.58,88.45044,Undrafted
donyell marshall,205.74,111.13004,1994
dorell wright,205.74,95.25432,2004
drew gooden,208.28,113.398,2002
dwayne jones,208.28,113.851592,Undrafted
devin harris,190.5,83.91452,2004
dwight howard,210.82,120.20188,2004
deshawn stevenson,195.58,98.883056,2000
demarcus nelson,193.04,90.7184,Undrafted
luke walton,203.2,106.59412,2003
dj white,205.74,113.851592,2008
daequan cook,195.58,95.25432,2007
dahntay jones,198.12,95.25432,2003
damien wilkins,198.12,102.0582,Undrafted
damon jones,190.5,88.45044,Undrafted
dan gadzuric,210.82,111.13004,2002
daniel gibson,187.96,90.7184,2006
desagana diop,213.36,127.00576,2001
danilo gallinari,208.28,102.0582,2008
darius miles,205.74,106.59412,2000
darius songaila,205.74,112.490816,2002
darko milicic,213.36,124.7378,2003
darnell jackson,205.74,114.758776,2008
darrell arthur,205.74,102.0582,2008
david lee,205.74,108.86208,2005
david west,205.74,108.86208,2003
deandre jordan,210.82,113.398,2008
danny granger,203.2,103.418976,2005
dwyane wade,193.04,97.975872,2003
earl watson,185.42,83.91452,2001
eddie gill,182.88,86.18248,Undrafted
hakim warrick,205.74,99.336648,2005
hamed haddadi,218.44,115.212368,Undrafted
hassan adams,193.04,99.79024,2006
hedo turkoglu,208.28,99.79024,2000
henry walker,198.12,99.79024,2008
hilton armstrong,210.82,106.59412,2006
ike diogu,205.74,113.398,2005
ime udoka,195.58,99.79024,Undrafted
greg oden,213.36,129.27372,2007
jj barea,182.88,79.3786,Undrafted
jj hickson,205.74,109.769264,2008
jj redick,193.04,86.18248,2006
jr smith,198.12,99.79024,2004
javale mcgee,213.36,107.501304,2008
jacque vaughn,185.42,86.18248,1997
jake voskuhl,210.82,115.66596,2000
jamaal magloire,210.82,120.20188,2000
jamal crawford,195.58,90.7184,2000
jr giddens,195.58,97.52228,2008
greg buckner,193.04,95.25432,1998
grant hill,203.2,102.0582,1994
goran dragic,193.04,81.64656,2008
eddie house,185.42,79.3786,2000
eddy curry,210.82,129.27372,2001
eduardo najera,203.2,106.59412,2000
elton brand,205.74,115.212368,1999
emeka okafor,208.28,115.66596,2004
eric gordon,190.5,100.697424,2008
erick dampier,210.82,120.20188,1996
etan thomas,208.28,117.93392,2000
fabricio oberto,208.28,111.13004,Undrafted
flip murray,190.5,90.7184,2002
francisco elson,213.36,106.59412,1999
francisco garcia,200.66,88.45044,2005
fred jones,187.96,102.0582,2002
gabe pruitt,193.04,77.11064,2007
george hill,187.96,81.64656,2008
gerald green,203.2,90.7184,2005
gerald wallace,200.66,99.79024,2001
gilbert arenas,193.04,97.52228,2001
glen davis,205.74,131.088088,2007
jameer nelson,182.88,86.18248,2004
luol deng,205.74,99.79024,2004
nazr mohammed,208.28,113.398,1998
maceo baston,208.28,104.32616,1998
sergio rodriguez,190.5,79.83219199999998,2006
shane battier,203.2,99.79024,2001
shannon brown,193.04,95.707912,2006
shaquille oneal,215.9,147.4174,1992
shaun livingston,200.66,83.91452,2004
shavlik randolph,208.28,108.86208,Undrafted
shawn marion,200.66,103.418976,1999
shawne williams,205.74,102.0582,2006
sebastian telfair,182.88,79.3786,2004
shelden williams,205.74,113.398,2006
sonny weems,198.12,92.079176,2008
speedy claxton,180.34,77.11064,2000
spencer hawes,213.36,111.13004,2007
stephen graham,198.12,97.52228,Undrafted
stephen jackson,203.2,97.52228,1997
stephon marbury,187.96,92.98636,1996
steve blake,190.5,78.017824,2003
steve nash,190.5,80.73937600000001,1996
solomon jones,208.28,111.13004,2006
steve novak,208.28,99.79024,2006
sean williams,208.28,106.59412,2007
sean may,205.74,120.655472,2005
roger mason,195.58,96.161504,2002
roko ukic,195.58,83.007336,2005
ronnie brewer,200.66,102.965384,2006
ronnie price,187.96,83.46092800000001,Undrafted
ronny turiaf,208.28,113.398,2005
roy hibbert,218.44,126.098576,2008
royal ivey,193.04,97.52228,2004
rudy fernandez,198.12,83.91452,2007
sean singletary,182.88,83.91452,2008
rudy gay,203.2,100.697424,2006
ryan anderson,208.28,108.86208,2008
ryan bowen,205.74,98.883056,1998
ryan gomes,200.66,111.13004,2005
ryan hollins,213.36,104.32616,2006
samuel dalembert,210.82,113.398,2001
sasha pavlovic,200.66,106.59412,2003
sasha vujacic,200.66,92.98636,2004
sean marks,208.28,113.398,1998
russell westbrook,190.5,84.821704,2008
rodney stuckey,195.58,92.98636,2007
steven hill,213.36,111.13004,Undrafted
sun sun,205.74,92.98636,2007
udonis haslem,203.2,106.59412,Undrafted
vince carter,198.12,99.79024,1998
vladimir radmanovic,208.28,106.59412,2001
von wafer,195.58,95.25432,2005
wally szczerbiak,200.66,108.86208,1999
walter herrmann,205.74,102.0582,Undrafted
walter sharpe,205.74,111.13004,2008
will bynum,182.88,83.91452,Undrafted
tyson chandler,215.9,106.59412,2001
will solomon,185.42,83.91452,2001
wilson chandler,203.2,99.79024,2007
yakhouba diawara,200.66,104.32616,Undrafted
yao ming,228.6,140.61352,2002
yi jianlian,213.36,107.954896,2007
zach randolph,205.74,117.93392,2001
zaza pachulia,210.82,124.7378,2003
zydrunas ilgauskas,220.98,117.93392,1996
dj mbenga,213.36,115.66596,Undrafted
willie green,190.5,91.171992,2003
stromile swift,208.28,99.79024,2000
tyrus thomas,205.74,97.52228,2006
troy murphy,210.82,111.13004,2001
tj ford,182.88,74.84268,2003
tarence kinsey,198.12,85.728888,Undrafted
tayshaun prince,205.74,97.52228,2002
thabo sefolosha,200.66,97.52228,2006
thaddeus young,203.2,99.79024,2007
theo ratliff,208.28,106.59412,1995
thomas gardner,195.58,102.0582,Undrafted
tim duncan,210.82,117.93392,1997
tyronn lue,182.88,79.3786,1998
tim thomas,208.28,108.86208,1997
tony battie,210.82,108.86208,1997
tony parker,187.96,81.64656,2001
tracy mcgrady,203.2,101.151016,1997
travis diener,185.42,79.3786,2005
travis outlaw,205.74,93.893544,2003
trenton hassell,195.58,105.68693600000002,2001
trevor ariza,203.2,95.25432,2004
trey johnson,195.58,98.883056,Undrafted
tony allen,193.04,96.615096,2004
rodney carney,200.66,91.171992,2006
robin lopez,213.36,115.66596,2008
robert swift,215.9,122.46984,2004
matt carroll,198.12,96.161504,Undrafted
matt harpring,200.66,104.32616,1998
maurice ager,195.58,91.625584,2006
maurice evans,195.58,99.79024,Undrafted
mehmet okur,210.82,119.294696,2001
melvin ely,208.28,118.38751200000002,2002
metta world peace,200.66,117.93392,1999
michael beasley,205.74,111.13004,2008
matt bonner,208.28,108.86208,2003
michael finley,200.66,102.0582,1995
michael ruffin,203.2,112.490816,1999
mickael pietrus,198.12,97.52228,2003
mike bibby,187.96,88.45044,1998
mike conley,185.42,81.64656,2007
mike dunleavy,205.74,104.32616,2002
mike james,187.96,85.275296,Undrafted
mike miller,203.2,98.883056,2000
mike taylor,187.96,74.84268,2008
michael redd,198.12,97.52228,2000
mikki moore,213.36,102.0582,Undrafted
matt barnes,200.66,102.511792,2002
martell webster,200.66,106.59412,2005
malik allen,208.28,115.66596,Undrafted
malik hairston,198.12,99.79024,2008
malik rose,200.66,115.66596,1996
manu ginobili,198.12,92.98636,1999
marc gasol,215.9,120.20188,2007
marcin gortat,210.82,108.86208,2005
marco belinelli,195.58,90.7184,2007
marcus banks,187.96,92.98636,2003
marvin williams,205.74,108.86208,2005
marcus camby,210.82,106.59412,1996
marcus williams,190.5,95.25432,2006
mardy collins,198.12,99.79024,2006
mario chalmers,185.42,86.18248,2008
mario west,195.58,95.25432,Undrafted
mark blount,213.36,113.398,1997
mark madsen,205.74,115.66596,2000
marko jaric,200.66,101.604608,2000
marquis daniels,198.12,90.7184,Undrafted
marcus williams,200.66,93.893544,2007
mo williams,185.42,86.18248,2003
monta ellis,190.5,81.64656,2005
morris almond,198.12,102.0582,2007
raja bell,195.58,97.52228,Undrafted
rajon rondo,185.42,77.56423199999999,2006
ramon sessions,190.5,86.18248,2007
randolph morris,210.82,124.7378,Undrafted
randy foye,193.04,96.615096,2006
rashad mccants,193.04,97.52228,2005
rashard lewis,208.28,104.32616,1998
rasheed wallace,210.82,104.32616,1995
rafer alston,187.96,79.3786,1998
rasho nesterovic,213.36,115.66596,1998
ray allen,195.58,92.98636,1996
raymond felton,185.42,89.811216,2005
reggie evans,203.2,111.13004,Undrafted
renaldo balkman,203.2,94.347136,2006
richard hamilton,200.66,87.543256,1999
richard jefferson,200.66,102.0582,2001
ricky davis,200.66,88.45044,1998
rob kurz,205.74,105.233344,Undrafted
rasual butler,200.66,92.98636,2002
quinton ross,198.12,87.543256,Undrafted
quincy douby,190.5,79.3786,2006
quentin richardson,198.12,106.59412,2000
morris peterson,200.66,99.79024,2000
mouhamed sene,210.82,104.32616,2006
nate robinson,175.26,81.64656,2005
nathan jawai,208.28,127.00576,2008
nenad krstic,213.36,108.86208,2002
nene,210.82,113.398,2002
nick collison,208.28,115.66596,2003
nick young,198.12,90.7184,2007
nicolas batum,203.2,90.7184,2008
oj mayo,193.04,95.25432,2008
oleksiy pecherov,213.36,106.140528,2006
othello hunter,203.2,102.0582,Undrafted
patrick obryant,213.36,113.398,2006
pau gasol,213.36,113.398,2001
paul davis,210.82,122.46984,2006
paul millsap,203.2,113.398,2006
paul pierce,200.66,106.59412,1998
peja stojakovic,208.28,103.872568,1996
pops mensahbonsu,208.28,108.86208,Undrafted
luther head,190.5,83.91452,2005
dj augustin,182.88,81.64656,2008
marreese speights,208.28,111.13004,2008
adam morrison,203.2,92.98636,2006
bruce bowen,200.66,90.7184,Undrafted
brook lopez,213.36,117.93392,2008
brian scalabrine,205.74,106.59412,2001
brian cook,205.74,113.398,2003
brian cardinal,203.2,108.86208,2000
brevin knight,177.8,75.296272,1997
brent barry,200.66,95.25432,1995
brendan haywood,213.36,119.294696,2001
brandon rush,198.12,95.25432,2008
brandon roy,198.12,95.707912,2006
brandon bass,203.2,113.398,2005
brandan wright,208.28,95.25432,2007
cj watson,187.96,79.3786,Undrafted
brad miller,213.36,118.38751200000002,Undrafted
bobby simmons,198.12,104.32616,2001
bobby jackson,185.42,83.91452,1997
bobby brown,187.96,79.3786,Undrafted
blake ahearn,187.96,86.18248,Undrafted
beno udrih,190.5,92.98636,2004
ben wallace,205.74,108.86208,Undrafted
ben gordon,190.5,90.7184,2004
baron davis,190.5,97.52228,1999
austin croshere,208.28,108.86208,1997
arron afflalo,195.58,97.52228,2007
antonio mcdyess,205.74,111.13004,1995
antonio daniels,193.04,92.98636,1997
boris diaw,203.2,106.59412,2003
cj miles,198.12,102.965384,2005
calvin booth,210.82,104.32616,1999
carl landry,205.74,112.490816,2007
cuttino mobley,193.04,97.52228,1998
craig smith,200.66,113.398,2006
courtney sims,210.82,111.13004,Undrafted
courtney lee,195.58,90.7184,2008
corey maggette,198.12,102.0582,1999
corey brewer,205.74,85.275296,2007
chucky atkins,180.34,83.91452,Undrafted
chuck hayes,198.12,107.954896,Undrafted
chris wilcox,208.28,106.59412,2002
chris quinn,187.96,79.3786,Undrafted
chris paul,182.88,79.3786,2005
chris mihm,213.36,120.20188,2000
chris kaman,213.36,120.20188,2003
chris duhon,185.42,83.91452,2004
chris douglasroberts,200.66,90.7184,2008
chris bosh,208.28,104.32616,2003
chris andersen,208.28,103.418976,Undrafted
cheikh samb,215.9,111.13004,2006
chauncey billups,190.5,91.625584,1997
charlie villanueva,210.82,105.233344,2005
charlie bell,190.5,90.7184,Undrafted
channing frye,210.82,111.13004,2005
cedric simmons,205.74,106.59412,2006
cartier martin,200.66,99.79024,Undrafted
caron butler,200.66,103.418976,2002
carmelo anthony,203.2,104.32616,2003
carlos boozer,205.74,120.655472,2002
antoine wright,200.66,97.52228,2005
anthony tolliver,203.2,108.86208,Undrafted
brian skinner,205.74,115.66596,1998
anthony randolph,208.28,95.25432,2008
anthony roberson,187.96,81.64656,Undrafted
aaron brooks,182.88,73.028312,2007
aaron gray,213.36,122.46984,2007
acie law,190.5,91.625584,2007
adonal foyle,208.28,122.46984,1997
al harrington,205.74,113.398,1998
al horford,208.28,111.13004,2007
al thornton,203.2,99.79024,2007
alando tucker,198.12,92.98636,2007
alex acker,195.58,83.91452,2005
alexis ajinca,213.36,99.79024,2008
allen iverson,182.88,81.64656,1996
amare stoudemire,208.28,112.944408,2002
amir johnson,205.74,95.25432,2005
anderson varejao,210.82,117.93392,2004
al jefferson,208.28,120.20188,2004
andre brown,205.74,111.13004,Undrafted
anthony parker,198.12,97.52228,1997
andray blatche,210.82,112.490816,2005
anthony morrow,195.58,95.25432,Undrafted
anthony johnson,190.5,88.45044,1997
anthony carter,187.96,88.45044,Undrafted
antawn jamison,205.74,106.59412,1998
andrew bynum,213.36,129.27372,2005
andris biedrins,210.82,108.86208,2004
andrew bogut,213.36,117.93392,2005
andres nocioni,200.66,102.0582,Undrafted
andrei kirilenko,205.74,102.0582,1999
andrea bargnani,213.36,113.398,2006
andre miller,187.96,90.7184,1999
andre iguodala,198.12,93.893544,2004
sam young,198.12,99.79024,2009
russell westbrook,190.5,84.821704,2008
ryan gomes,200.66,111.13004,2005
ryan bowen,205.74,98.883056,1998
ryan anderson,208.28,108.86208,2008
ryan hollins,213.36,104.32616,2006
rudy gay,203.2,104.32616,2006
roko ukic,195.58,86.18248,2005
royal ivey,193.04,97.52228,2004
roy hibbert,218.44,126.098576,2008
ronny turiaf,208.28,113.398,2005
ronnie price,187.96,83.46092800000001,Undrafted
ronnie brewer,200.66,102.965384,2006
roger mason,195.58,96.161504,2002
rodrigue beaubois,182.88,77.11064,2009
samuel dalembert,210.82,113.398,2001
rudy fernandez,198.12,83.91452,2007
sasha pavlovic,200.66,106.59412,2003
brandon bass,203.2,113.398,2005
sean marks,208.28,113.398,1998
bobby brown,187.96,79.3786,Undrafted
bobby simmons,198.12,104.32616,2001
boris diaw,203.2,106.59412,2003
brad miller,213.36,118.38751200000002,Undrafted
rodney stuckey,195.58,92.98636,2007
brandon jennings,185.42,76.657048,2009
brandon roy,198.12,95.707912,2006
brandon rush,198.12,95.25432,2008
brendan haywood,213.36,119.294696,2001
brian cardinal,203.2,108.86208,2000
brian cook,205.74,113.398,2003
brian scalabrine,205.74,106.59412,2001
brian skinner,205.74,115.66596,1998
brook lopez,213.36,120.20188,2008
sebastian telfair,182.88,79.3786,2004
sean williams,208.28,106.59412,2007
sean may,205.74,120.655472,2005
sasha vujacic,200.66,92.98636,2004
rodney carney,200.66,92.98636,2006
nick young,198.12,90.7184,2007
ricky davis,200.66,88.45044,1998
patty mills,182.88,83.91452,2009
pau gasol,213.36,113.398,2001
paul davis,210.82,122.46984,2006
paul millsap,203.2,113.398,2006
paul pierce,200.66,106.59412,1998
peja stojakovic,208.28,103.872568,1996
pops mensahbonsu,205.74,106.59412,Undrafted
primoz brezec,215.9,115.66596,2000
quentin richardson,198.12,103.418976,2000
quinton ross,198.12,87.543256,Undrafted
rafer alston,187.96,79.3786,1998
raja bell,195.58,97.52228,Undrafted
rajon rondo,185.42,77.56423199999999,2006
ramon sessions,190.5,86.18248,2007
randolph morris,210.82,124.7378,Undrafted
randy foye,193.04,96.615096,2006
beno udrih,190.5,92.98636,2004
patrick obryant,213.36,113.398,2006
robin lopez,213.36,115.66596,2008
othyus jeffers,195.58,95.25432,Undrafted
omri casspi,205.74,102.0582,2009
richard jefferson,200.66,102.0582,2001
richard hamilton,200.66,87.543256,1999
renaldo balkman,203.2,94.347136,2006
reggie williams,201.0,86.0,Undrafted
reggie evans,203.2,111.13004,Undrafted
raymond felton,185.42,89.811216,2005
ray allen,195.58,92.98636,1996
rasual butler,200.66,92.98636,2002
rasho nesterovic,213.36,115.66596,1998
rasheed wallace,210.82,104.32616,1995
rashard lewis,208.28,104.32616,1998
nene,210.82,113.398,2002
nick collison,208.28,115.66596,2003
nicolas batum,203.2,90.7184,2008
oj mayo,193.04,95.25432,2008
oleksiy pecherov,213.36,106.140528,2006
oliver lafayette,187.96,86.18248,Undrafted
othello hunter,203.2,102.0582,Undrafted
ben wallace,205.74,108.86208,Undrafted
shawn marion,200.66,103.418976,1999
baron davis,190.5,97.52228,1999
taj gibson,205.74,102.0582,2009
tj ford,182.88,74.84268,2003
sundiata gaines,185.42,88.45044,Undrafted
steven hunter,213.36,108.86208,2001
steve novak,208.28,108.86208,2006
steve nash,190.5,80.73937600000001,1996
steve blake,190.5,78.017824,2003
stephen jackson,203.2,97.52228,1997
stephen graham,198.12,97.52228,Undrafted
stephen curry,190.5,83.91452,2009
spencer hawes,215.9,111.13004,2007
sonny weems,198.12,92.079176,2008
solomon jones,208.28,111.13004,2006
shelden williams,205.74,113.398,2006
nenad krstic,213.36,108.86208,2002
shavlik randolph,208.28,107.047712,Undrafted
shaun livingston,200.66,83.91452,2004
taylor griffin,200.66,107.954896,2009
shaquille oneal,215.9,147.4174,1992
tayshaun prince,205.74,97.52228,2002
thabo sefolosha,200.66,97.52228,2006
tyler hansbrough,205.74,113.398,2009
ty lawson,180.34,88.45044,2009
troy murphy,210.82,111.13004,2001
trey gilder,205.74,92.98636,Undrafted
trevor ariza,203.2,95.25432,2004
trenton hassell,195.58,102.965384,2001
travis outlaw,205.74,93.893544,2003
travis diener,185.42,79.3786,2005
tracy mcgrady,203.2,101.151016,1997
tony parker,187.96,81.64656,2001
tony battie,210.82,108.86208,1997
tony allen,193.04,96.615096,2004
toney douglas,185.42,90.7184,2009
tim thomas,208.28,108.86208,1997
tim duncan,210.82,117.93392,1997
theo ratliff,208.28,106.59412,1995
thaddeus young,203.2,99.79024,2007
terrence williams,198.12,99.79024,2009
ben gordon,190.5,90.7184,2004
shannon brown,193.04,95.25432,2006
sergio rodriguez,190.5,79.83219199999998,2006
andrei kirilenko,205.74,102.0582,1999
andres nocioni,200.66,102.0582,Undrafted
andrew bogut,213.36,117.93392,2005
andrew bynum,213.36,129.27372,2005
andris biedrins,210.82,108.86208,2004
antawn jamison,205.74,106.59412,1998
anthony carter,187.96,88.45044,Undrafted
anthony johnson,190.5,88.45044,1997
anthony morrow,195.58,95.25432,Undrafted
anthony parker,198.12,97.52228,1997
anthony randolph,208.28,95.25432,2008
anthony tolliver,205.74,110.222856,Undrafted
antoine wright,200.66,97.52228,2005
antonio anderson,198.12,97.52228,Undrafted
antonio mcdyess,205.74,111.13004,1995
arron afflalo,195.58,97.52228,2007
austin daye,210.82,90.7184,2009
andrea bargnani,213.36,113.398,2006
shane battier,203.2,99.79024,2001
andre miller,187.96,90.7184,1999
andray blatche,210.82,112.490816,2005
serge ibaka,208.28,106.59412,2008
aj price,187.96,82.10015200000001,2009
aaron brooks,182.88,73.028312,2007
aaron gray,213.36,122.46984,2007
acie law,190.5,91.625584,2007
adam morrison,203.2,92.98636,2006
al harrington,205.74,113.398,1998
al horford,208.28,111.13004,2007
al jefferson,208.28,120.20188,2004
al thornton,203.2,99.79024,2007
alando tucker,198.12,92.98636,2007
alexis ajinca,213.36,99.79024,2008
allen iverson,182.88,74.84268,1996
alonzo gee,198.12,99.79024,Undrafted
amare stoudemire,208.28,112.944408,2002
amir johnson,205.74,95.25432,2005
anderson varejao,210.82,117.93392,2004
andre iguodala,198.12,93.893544,2004
tyreke evans,198.12,99.79024,2009
nazr mohammed,208.28,113.398,1998
nate robinson,175.26,81.64656,2005
garrett temple,198.12,86.18248,Undrafted
francisco garcia,200.66,88.45044,2005
francisco elson,213.36,108.86208,1999
flip murray,190.5,90.7184,2002
fabricio oberto,208.28,111.13004,Undrafted
etan thomas,208.28,117.93392,2000
ersan ilyasova,208.28,106.59412,2005
erick dampier,210.82,120.20188,1996
eric maynor,190.5,79.3786,2009
eric gordon,190.5,100.697424,2008
emeka okafor,208.28,115.66596,2004
elton brand,205.74,115.212368,1999
eduardo najera,203.2,106.59412,2000
george hill,187.96,81.64656,2008
eddy curry,213.36,133.80964,2001
earl watson,185.42,83.91452,2001
earl clark,208.28,102.0582,2009
earl boykins,165.1,60.327736,Undrafted
earl barron,213.36,113.398,Undrafted
dwyane wade,193.04,99.79024,2003
dwight howard,210.82,120.20188,2004
dwayne jones,208.28,113.851592,Undrafted
drew gooden,208.28,113.398,2002
dorell wright,205.74,95.25432,2004
donte greene,210.82,102.511792,2008
dominic mcguire,205.74,99.79024,2007
dirk nowitzki,213.36,111.13004,1998
devin harris,190.5,86.18248,2004
eddie house,185.42,79.3786,2000
devin brown,195.58,95.25432,Undrafted
gerald henderson,195.58,97.52228,2009
gilbert arenas,193.04,97.52228,2001
james singleton,203.2,104.32616,Undrafted
james posey,203.2,98.429464,1999
james jones,203.2,99.79024,2003
james johnson,205.74,111.13004,2009
james harden,195.58,99.79024,2009
jameer nelson,182.88,86.18248,2004
jamario moon,203.2,90.7184,Undrafted
jamal crawford,195.58,90.7184,2000
jamaal tinsley,190.5,83.91452,2001
jamaal magloire,210.82,115.66596,2000
javale mcgee,213.36,114.305184,2008
jr smith,198.12,99.79024,2004
jj redick,193.04,86.18248,2006
gerald wallace,200.66,99.79024,2001
jj hickson,205.74,109.769264,2008
jj barea,182.88,79.3786,Undrafted
ime udoka,195.58,99.79024,Undrafted
ian mahinmi,210.82,104.32616,2005
hilton armstrong,210.82,106.59412,2006
henry walker,198.12,99.79024,2008
hedo turkoglu,208.28,99.79024,2000
hasheem thabeet,220.98,121.109064,2009
hamed haddadi,218.44,120.20188,Undrafted
hakim warrick,205.74,99.336648,2005
greg oden,213.36,129.27372,2007
grant hill,203.2,102.0582,1994
goran dragic,190.5,86.18248,2008
glen davis,205.74,131.088088,2007
jr giddens,195.58,97.52228,2008
devean george,203.2,106.59412,1999
desmond mason,195.58,100.697424,2000
derrick rose,190.5,86.18248,2008
corey maggette,198.12,102.0582,1999
corey brewer,205.74,85.275296,2007
coby karl,195.58,97.52228,Undrafted
chucky atkins,180.34,83.91452,Undrafted
chuck hayes,198.12,107.954896,Undrafted
chris wilcox,208.28,106.59412,2002
chris richard,205.74,116.119552,2007
chris quinn,187.96,79.3786,Undrafted
chris paul,182.88,79.3786,2005
chris kaman,213.36,120.20188,2003
chris hunter,210.82,108.86208,Undrafted
chris duhon,185.42,86.18248,2004
chris douglasroberts,200.66,95.25432,2008
courtney lee,195.58,90.7184,2008
chris bosh,208.28,104.32616,2003
chauncey billups,190.5,91.625584,1997
chase budinger,200.66,98.883056,2009
charlie villanueva,210.82,105.233344,2005
charlie bell,190.5,90.7184,Undrafted
channing frye,210.82,111.13004,2005
cedric jackson,190.5,86.18248,Undrafted
cartier martin,200.66,99.79024,Undrafted
caron butler,200.66,103.418976,2002
carmelo anthony,203.2,104.32616,2003
carlos delfino,198.12,104.32616,2003
carlos boozer,205.74,120.655472,2002
carlos arroyo,187.96,91.625584,Undrafted
carl landry,205.74,112.490816,2007
chris andersen,208.28,103.418976,Undrafted
craig smith,200.66,113.398,2006
dj augustin,182.88,81.64656,2008
dj mbenga,213.36,115.66596,Undrafted
derrick brown,203.2,102.965384,2009
deron williams,190.5,93.893544,2005
derek fisher,185.42,95.25432,1996
delonte west,190.5,81.64656,2004
deshawn stevenson,195.58,98.883056,2000
desagana diop,213.36,127.00576,2001
demarre carroll,203.2,96.161504,2009
demar derozan,200.66,99.79024,2009
dejuan blair,200.66,120.20188,2009
deandre jordan,210.82,113.398,2008
david west,205.74,108.86208,2003
david lee,205.74,113.398,2005
david andersen,210.82,111.13004,2002
darren collison,182.88,72.57472,2009
darrell arthur,205.74,106.59412,2008
darnell jackson,205.74,114.758776,2008
darko milicic,213.36,124.7378,2003
darius songaila,205.74,112.490816,2002
dante cunningham,203.2,104.32616,2009
danny green,198.12,95.25432,2009
danny granger,203.2,103.418976,2005
danilo gallinari,208.28,102.0582,2008
daniel gibson,187.96,90.7184,2006
dan gadzuric,210.82,111.13004,2002
damien wilkins,198.12,102.0582,Undrafted
dahntay jones,198.12,95.25432,2003
daequan cook,195.58,95.25432,2007
dajuan summers,203.2,108.86208,2009
dj white,205.74,113.851592,2008
jameson curry,190.5,86.18248,2007
jannero pargo,185.42,83.91452,Undrafted
jared dudley,200.66,102.0582,2007
jared jeffries,210.82,108.86208,2002
marcus banks,187.96,92.98636,2003
marco belinelli,195.58,90.7184,2007
marcin gortat,210.82,108.86208,2005
marc gasol,215.9,120.20188,2007
manu ginobili,198.12,92.98636,1999
malik hairston,198.12,99.79024,2008
malik allen,208.28,115.66596,Undrafted
luther head,190.5,83.91452,2005
luol deng,205.74,99.79024,2004
luke walton,203.2,106.59412,2003
luke ridnour,187.96,79.3786,2003
luis scola,205.74,111.13004,2002
luc mbah a moute,203.2,104.32616,2008
marcus camby,210.82,106.59412,1996
lou williams,185.42,79.3786,2005
lindsey hunter,187.96,88.45044,1993
lester hudson,190.5,86.18248,2009
leon powe,203.2,108.86208,2006
leandro barbosa,190.5,91.625584,2003
lebron james,203.2,113.398,2003
larry hughes,195.58,83.91452,1998
lamar odom,208.28,104.32616,1999
lamarcus aldridge,210.82,108.86208,2006
kyrylo fesenko,215.9,136.0776,2007
kyle weaver,198.12,91.171992,2008
kyle lowry,182.88,92.98636,2006
kyle korver,200.66,96.161504,2003
kwame brown,210.82,122.46984,2001
lou amundson,205.74,107.954896,Undrafted
marcus haislip,208.28,104.32616,2002
marcus landry,200.66,104.32616,Undrafted
marcus thornton,193.04,92.98636,2009
morris peterson,200.66,99.79024,2000
monta ellis,190.5,81.64656,2005
mo williams,185.42,86.18248,2003
mikki moore,213.36,102.0582,Undrafted
mike wilks,177.8,81.64656,Undrafted
mike miller,203.2,98.883056,2000
mike james,187.96,85.275296,Undrafted
mike harris,198.12,106.59412,Undrafted
mike dunleavy,205.74,104.32616,2002
mike conley,185.42,83.91452,2007
mike bibby,187.96,88.45044,1998
mickael pietrus,198.12,97.52228,2003
michael redd,198.12,97.52228,2000
michael finley,200.66,102.0582,1995
michael beasley,208.28,106.59412,2008
metta world peace,200.66,117.93392,1999
mehmet okur,210.82,119.294696,2001
maurice evans,195.58,99.79024,Undrafted
byron mullens,213.36,124.7378,2009
matt bonner,208.28,108.86208,2003
matt barnes,200.66,102.511792,2002
marvin williams,205.74,108.86208,2005
martell webster,200.66,106.59412,2005
marreese speights,208.28,111.13004,2008
marquis daniels,198.12,90.7184,Undrafted
mario west,195.58,95.25432,Undrafted
mario chalmers,185.42,86.18248,2008
mardy collins,198.12,99.79024,2006
marcus williams,190.5,92.98636,2006
kurt thomas,205.74,104.32616,1995
nathan jawai,208.28,127.00576,2008
kris humphries,205.74,106.59412,2004
kobe bryant,198.12,92.98636,1996
joel anthony,205.74,111.13004,Undrafted
joe smith,208.28,102.0582,1995
joe johnson,200.66,108.86208,2001
joe alexander,203.2,104.32616,2008
jodie meeks,193.04,94.347136,2009
joakim noah,210.82,105.233344,2007
jerryd bayless,190.5,90.7184,2008
jerry stackhouse,198.12,98.883056,1995
jermaine taylor,193.04,95.25432,2009
jermaine oneal,210.82,115.66596,1996
jeff teague,187.96,81.64656,2009
jeff green,205.74,106.59412,2007
jeff foster,210.82,113.398,1999
joel przybilla,215.9,111.13004,2000
jeff ayres,205.74,108.86208,2009
jason williams,185.42,81.64656,1998
jason thompson,210.82,113.398,2008
jason terry,187.96,81.64656,1999
jason smith,213.36,108.86208,2007
jason richardson,198.12,102.0582,2001
jason maxiell,200.66,117.93392,2005
jason kidd,193.04,95.25432,1994
jason kapono,203.2,97.52228,2003
jason hart,190.5,81.64656,2000
jason collins,213.36,115.66596,2001
jarvis hayes,203.2,103.418976,2003
jarron collins,210.82,112.944408,2001
jarrett jack,190.5,89.357624,2005
jawad williams,205.74,98.883056,Undrafted
joey dorsey,203.2,121.562656,2008
joey graham,200.66,102.0582,2005
johan petro,213.36,112.037224,2005
kirk hinrich,190.5,86.18248,2003
keyon dooling,190.5,88.45044,2000
kevin ollie,187.96,88.45044,Undrafted
kevin martin,200.66,83.91452,2004
kevin love,208.28,117.93392,2008
kevin garnett,210.82,114.758776,1995
kevin durant,205.74,104.32616,2007
kenyon martin,205.74,108.86208,2000
kenny thomas,200.66,111.13004,1999
kendrick perkins,208.28,127.00576,2003
kelenna azubuike,195.58,99.79024,Undrafted
keith bogans,195.58,97.52228,2003
kareem rush,198.12,97.52228,2002
juwan howard,205.74,114.758776,1994
julian wright,203.2,102.0582,2007
jrue holiday,193.04,81.64656,2009
josh smith,205.74,108.86208,2004
josh powell,205.74,108.86208,Undrafted
josh mcroberts,208.28,108.86208,2007
josh howard,200.66,95.25432,2003
josh boone,208.28,108.86208,2006
jose calderon,190.5,95.25432,Undrafted
jordan hill,208.28,106.59412,2009
jordan farmar,187.96,81.64656,2006
jonny flynn,182.88,83.91452,2009
jonathan bender,213.36,104.32616,1999
jonas jerebko,208.28,104.779752,2009
jon brockman,200.66,115.66596,2009
john salmons,198.12,93.893544,2002
kosta koufos,213.36,120.20188,2008
tyrus thomas,208.28,102.0582,2006
matt carroll,198.12,96.161504,Undrafted
udonis haslem,203.2,106.59412,Undrafted
tyson chandler,215.9,106.59412,2001
cj miles,198.12,102.965384,2005
zydrunas ilgauskas,220.98,117.93392,1996
zaza pachulia,210.82,124.7378,2003
zach randolph,205.74,117.93392,2001
yi jianlian,213.36,113.398,2007
yakhouba diawara,200.66,102.0582,Undrafted
cj watson,187.96,79.3786,Undrafted
willie green,190.5,91.171992,2003
vince carter,198.12,99.79024,1998
wilson chandler,203.2,102.0582,2007
wayne ellington,193.04,90.7184,2009
vladimir radmanovic,208.28,106.59412,2001
will bynum,182.88,83.91452,Undrafted
will conroy,187.96,88.45044,Undrafted
wesley matthews,195.58,99.79024,Undrafted
jr smith,198.12,99.79024,2004
javale mcgee,213.36,114.305184,2008
jamaal magloire,210.82,115.66596,2000
james posey,203.2,98.429464,1999
jamario moon,203.2,92.98636,Undrafted
jameer nelson,182.88,86.18248,2004
james anderson,198.12,97.52228,2010
james harden,195.58,99.79024,2009
james johnson,205.74,111.13004,2009
james jones,203.2,97.52228,2003
jamal crawford,195.58,90.7184,2000
jarrett jack,190.5,89.357624,2005
jared jeffries,210.82,108.86208,2002
jj redick,193.04,86.18248,2006
jarron collins,210.82,112.944408,2001
jason collins,213.36,115.66596,2001
jason kapono,203.2,97.52228,2003
jason kidd,193.04,95.25432,1994
jason maxiell,200.66,117.93392,2005
jason richardson,198.12,102.0582,2001
jason smith,213.36,108.86208,2007
jason terry,187.96,81.64656,1999
jason thompson,210.82,113.398,2008
jared dudley,200.66,102.0582,2007
jj hickson,205.74,109.769264,2008
ike diogu,205.74,113.398,2005
ish smith,182.88,79.3786,Undrafted
gary forbes,200.66,99.79024,Undrafted
gary neal,193.04,95.25432,Undrafted
george hill,187.96,81.64656,2008
gerald henderson,193.04,97.52228,2009
gerald wallace,200.66,99.79024,2001
gilbert arenas,193.04,97.52228,2001
glen davis,205.74,131.088088,2007
goran dragic,190.5,86.18248,2008
gordon hayward,203.2,93.893544,2010
grant hill,203.2,102.0582,1994
greg monroe,210.82,113.398,2010
greivis vasquez,198.12,95.707912,2010
hakim warrick,205.74,99.336648,2005
hamady ndiaye,213.36,106.59412,2010
hamed haddadi,218.44,120.20188,Undrafted
hasheem thabeet,220.98,119.294696,2009
hassan whiteside,213.36,106.59412,2010
hedo turkoglu,208.28,99.79024,2000
henry walker,198.12,99.79024,2008
hilton armstrong,210.82,106.59412,2006
ian mahinmi,210.82,104.32616,2005
jason williams,185.42,81.64656,1998
ime udoka,195.58,99.79024,Undrafted
jj barea,182.88,79.3786,Undrafted
jawad williams,205.74,102.0582,Undrafted
jeff teague,187.96,81.64656,2009
jeff foster,210.82,113.398,1999
josh howard,200.66,95.25432,2003
josh mcroberts,208.28,108.86208,2007
josh powell,205.74,108.86208,Undrafted
josh smith,205.74,108.86208,2004
jrue holiday,193.04,81.64656,2009
julian wright,203.2,102.0582,2007
juwan howard,205.74,113.398,1994
keith bogans,195.58,97.52228,2003
kendrick perkins,208.28,127.00576,2003
kenyon martin,205.74,108.86208,2000
kevin durant,205.74,104.32616,2007
kevin garnett,210.82,114.758776,1995
kevin love,208.28,117.93392,2008
kevin martin,200.66,83.91452,2004
kevin seraphin,205.74,124.7378,2010
keyon dooling,190.5,88.45044,2000
kirk hinrich,193.04,86.18248,2003
kobe bryant,198.12,92.98636,1996
kosta koufos,213.36,120.20188,2008
kris humphries,205.74,106.59412,2004
kurt thomas,205.74,104.32616,1995
kwame brown,210.82,122.46984,2001
kyle korver,200.66,96.161504,2003
josh childress,203.2,94.800728,2004
jeff adrien,201.0,111.0,Undrafted
jose calderon,190.5,95.25432,Undrafted
jordan farmar,187.96,81.64656,2006
jeff green,205.74,106.59412,2007
garrett temple,198.12,88.45044,Undrafted
jeremy evans,205.74,88.904032,2010
jeremy lin,190.5,90.7184,Undrafted
jermaine oneal,210.82,115.66596,1996
jermaine taylor,193.04,95.25432,2009
jerry stackhouse,198.12,98.883056,1995
jerryd bayless,190.5,90.7184,2008
joakim noah,210.82,105.233344,2007
jodie meeks,193.04,94.347136,2009
joe johnson,200.66,108.86208,2001
joe smith,208.28,102.0582,1995
joel anthony,205.74,111.13004,Undrafted
joel przybilla,215.9,111.13004,2000
joey dorsey,203.2,121.562656,2008
joey graham,200.66,104.32616,2005
johan petro,213.36,112.037224,2005
john lucas,180.34,74.84268,Undrafted
john salmons,198.12,93.893544,2002
john wall,193.04,88.45044,2010
jon brockman,200.66,115.66596,2009
jonny flynn,182.88,83.91452,2009
jordan crawford,193.04,88.45044,2010
jordan hill,208.28,106.59412,2009
garret siler,210.82,138.34556,Undrafted
francisco elson,213.36,108.86208,1999
francisco garcia,200.66,88.45044,2005
chris johnson,210.82,95.25432,Undrafted
chris kaman,213.36,120.20188,2003
chris paul,182.88,79.3786,2005
chris quinn,187.96,79.3786,Undrafted
chris wilcox,208.28,106.59412,2002
christian eyenga,195.58,95.25432,2009
chuck hayes,198.12,107.954896,Undrafted
cole aldrich,210.82,111.13004,2010
corey brewer,205.74,85.275296,2007
corey maggette,198.12,102.0582,1999
courtney lee,195.58,90.7184,2008
craig brackins,208.28,104.32616,2010
craig smith,200.66,120.20188,2006
dj augustin,182.88,81.64656,2008
dj mbenga,213.36,115.66596,Undrafted
dj white,205.74,113.851592,2008
dajuan summers,203.2,108.86208,2009
daequan cook,195.58,95.25432,2007
dahntay jones,198.12,95.25432,2003
damien wilkins,198.12,102.0582,Undrafted
damion james,200.66,99.79024,2010
dan gadzuric,210.82,108.86208,2002
daniel gibson,187.96,90.7184,2006
chris duhon,185.42,86.18248,2004
chris douglasroberts,200.66,95.25432,2008
chris bosh,210.82,106.59412,2003
chris andersen,208.28,103.418976,Undrafted
brandon jennings,185.42,76.657048,2009
brandon roy,198.12,95.707912,2006
brandon rush,198.12,95.25432,2008
brendan haywood,213.36,119.294696,2001
brian cardinal,203.2,108.86208,2000
brian cook,205.74,113.398,2003
brian scalabrine,205.74,106.59412,2001
brian skinner,205.74,115.66596,1998
brook lopez,213.36,120.20188,2008
byron mullens,213.36,124.7378,2009
cj watson,187.96,79.3786,Undrafted
danilo gallinari,208.28,102.0582,2008
cj miles,198.12,105.233344,2005
carlos arroyo,187.96,90.7184,Undrafted
carlos boozer,205.74,120.655472,2002
carlos delfino,198.12,104.32616,2003
carmelo anthony,203.2,104.32616,2003
caron butler,200.66,103.418976,2002
cartier martin,200.66,99.79024,Undrafted
channing frye,210.82,111.13004,2005
charlie bell,190.5,90.7184,Undrafted
charlie villanueva,210.82,105.233344,2005
chase budinger,200.66,98.883056,2009
chauncey billups,190.5,95.25432,1997
carl landry,205.74,112.490816,2007
danny granger,203.2,103.418976,2005
danny green,198.12,95.25432,2009
dante cunningham,203.2,104.32616,2009
donte greene,210.82,102.511792,2008
dorell wright,205.74,92.98636,2004
drew gooden,208.28,113.398,2002
dwight howard,210.82,120.20188,2004
dwyane wade,193.04,99.79024,2003
earl barron,213.36,113.398,Undrafted
earl boykins,165.1,60.327736,Undrafted
earl clark,208.28,102.0582,2009
earl watson,185.42,88.45044,2001
ed davis,208.28,97.52228,2010
eddie house,185.42,86.18248,2000
dominique jones,195.58,97.52228,2010
eduardo najera,203.2,106.59412,2000
elton brand,205.74,115.212368,1999
emeka okafor,208.28,115.66596,2004
eric bledsoe,185.42,88.45044,2010
eric gordon,190.5,97.52228,2008
eric maynor,190.5,79.3786,2009
erick dampier,210.82,120.20188,1996
ersan ilyasova,208.28,106.59412,2005
etan thomas,208.28,117.93392,2000
evan turner,200.66,92.98636,2010
fabricio oberto,208.28,111.13004,Undrafted
kyle lowry,182.88,92.98636,2006
ekpe udoh,208.28,111.13004,2010
gani lawal,205.74,106.140528,2010
dominic mcguire,205.74,99.79024,2007
dexter pittman,210.82,139.70633600000002,2010
darius songaila,205.74,112.490816,2002
darko milicic,213.36,124.7378,2003
darnell jackson,205.74,114.758776,2008
darrell arthur,205.74,106.59412,2008
darren collison,182.88,72.57472,2009
david andersen,210.82,112.037224,2002
david lee,205.74,108.86208,2005
david west,205.74,108.86208,2003
deandre jordan,210.82,120.20188,2008
dejuan blair,200.66,122.46984,2009
demar derozan,200.66,99.79024,2009
dirk nowitzki,213.36,111.13004,1998
demarcus cousins,210.82,122.46984,2010
desagana diop,213.36,127.00576,2001
deshawn stevenson,195.58,98.883056,2000
delonte west,190.5,81.64656,2004
derek fisher,185.42,95.25432,1996
deron williams,190.5,94.800728,2005
derrick brown,203.2,99.79024,2009
derrick caracter,205.74,124.7378,2010
derrick favors,208.28,111.583632,2010
derrick rose,190.5,86.18248,2008
devin ebanks,205.74,97.52228,2010
devin harris,190.5,86.18248,2004
demarre carroll,203.2,96.161504,2009
kyle weaver,198.12,91.171992,2008
lance stephenson,195.58,95.25432,2010
lamarcus aldridge,210.82,108.86208,2006
steve nash,190.5,80.73937600000001,1996
steve novak,208.28,108.86208,2006
sundiata gaines,185.42,90.7184,Undrafted
tj ford,182.88,74.84268,2003
taj gibson,205.74,102.0582,2009
tayshaun prince,205.74,97.52228,2002
terrence williams,198.12,99.79024,2009
thabo sefolosha,200.66,97.52228,2006
thaddeus young,203.2,99.79024,2007
theo ratliff,208.28,106.59412,1995
tiago splitter,210.82,108.86208,2007
tim duncan,210.82,115.66596,1997
timofey mozgov,215.9,113.398,Undrafted
toney douglas,187.96,83.91452,2009
tony allen,193.04,96.615096,2004
tony battie,210.82,108.86208,1997
tony parker,187.96,83.91452,2001
tracy mcgrady,203.2,101.151016,1997
travis outlaw,205.74,93.893544,2003
trevor ariza,203.2,95.25432,2004
trevor booker,203.2,108.86208,2010
andray blatche,210.82,117.93392,2005
andre iguodala,198.12,93.893544,2004
steve blake,190.5,78.017824,2003
andre miller,187.96,90.7184,1999
stephen jackson,203.2,97.52228,1997
stephen curry,190.5,83.91452,2009
ryan gomes,200.66,111.13004,2005
ryan hollins,213.36,108.86208,2006
sam young,198.12,99.79024,2009
samardo samuels,205.74,117.93392,Undrafted
samuel dalembert,210.82,113.398,2001
sasha pavlovic,200.66,106.59412,2003
sasha vujacic,200.66,92.98636,2004
sean marks,208.28,113.398,1998
sebastian telfair,182.88,79.3786,2004
semih erden,210.82,108.86208,2008
serge ibaka,208.28,106.59412,2008
shane battier,203.2,99.79024,2001
shannon brown,193.04,95.25432,2006
shaquille oneal,215.9,147.4174,1992
shaun livingston,200.66,83.91452,2004
shawn marion,200.66,103.418976,1999
shawne williams,205.74,104.32616,2006
shelden williams,205.74,113.398,2006
sherron collins,180.34,92.98636,Undrafted
solomon alabi,215.9,113.851592,2010
solomon jones,208.28,111.13004,2006
sonny weems,198.12,92.079176,2008
spencer hawes,215.9,111.13004,2007
stephen graham,198.12,97.52228,Undrafted
andrea bargnani,213.36,113.398,2006
andrei kirilenko,205.74,106.59412,1999
andres nocioni,200.66,102.0582,Undrafted
udonis haslem,203.2,106.59412,Undrafted
vince carter,198.12,99.79024,1998
vladimir radmanovic,208.28,106.59412,2001
von wafer,195.58,94.800728,2005
wayne ellington,193.04,90.7184,2009
wesley johnson,200.66,92.98636,2010
wesley matthews,195.58,99.79024,Undrafted
will bynum,182.88,83.91452,Undrafted
willie green,190.5,91.171992,2003
willie warren,193.04,92.079176,2010
wilson chandler,203.2,102.0582,2007
xavier henry,198.12,99.79024,2010
yao ming,228.6,140.61352,2002
yi jianlian,213.36,113.398,2007
zabian dowdell,190.5,86.636072,Undrafted
zach randolph,205.74,117.93392,2001
zaza pachulia,210.82,124.7378,2003
zydrunas ilgauskas,220.98,117.93392,1996
brad miller,213.36,118.38751200000002,Undrafted
boris diaw,203.2,106.59412,2003
bobby simmons,198.12,106.59412,2001
blake griffin,208.28,113.851592,2009
beno udrih,190.5,92.98636,2004
tyson chandler,215.9,106.59412,2001
tyrus thomas,208.28,102.0582,2006
tyreke evans,198.12,99.79024,2009
tyler hansbrough,205.74,113.398,2009
andrew bogut,213.36,117.93392,2005
andrew bynum,213.36,129.27372,2005
andris biedrins,213.36,108.86208,2004
andy rautins,193.04,86.18248,2010
antawn jamison,205.74,106.59412,1998
anthony carter,187.96,88.45044,Undrafted
anthony morrow,195.58,95.25432,Undrafted
anthony parker,198.12,95.25432,1997
anthony randolph,210.82,102.0582,2008
anthony tolliver,205.74,110.222856,Undrafted
antoine wright,200.66,97.52228,2005
ryan anderson,208.28,108.86208,2008
antonio daniels,193.04,92.98636,1997
armon johnson,190.5,88.45044,2010
arron afflalo,195.58,97.52228,2007
austin daye,210.82,90.7184,2009
avery bradley,187.96,81.64656,2010
baron davis,190.5,97.52228,1999
ben gordon,190.5,90.7184,2004
ben uzoh,190.5,92.98636,Undrafted
ben wallace,205.74,108.86208,Undrafted
trey johnson,195.58,98.883056,Undrafted
troy murphy,210.82,111.13004,2001
ty lawson,180.34,88.45044,2009
antonio mcdyess,205.74,111.13004,1995
russell westbrook,190.5,84.821704,2008
rudy gay,203.2,104.32616,2006
rudy fernandez,198.12,83.91452,2007
marcus thornton,193.04,92.98636,2009
mario chalmers,187.96,86.18248,2008
mario west,195.58,95.25432,Undrafted
marquis daniels,198.12,90.7184,Undrafted
marreese speights,208.28,115.66596,2008
martell webster,200.66,106.59412,2005
marvin williams,205.74,108.86208,2005
matt barnes,200.66,102.511792,2002
matt bonner,208.28,106.59412,2003
matt carroll,198.12,96.161504,Undrafted
maurice ager,195.58,91.625584,2006
maurice evans,195.58,99.79024,Undrafted
mehmet okur,210.82,120.20188,2001
melvin ely,208.28,118.38751200000002,2002
metta world peace,200.66,117.93392,1999
michael beasley,208.28,106.59412,2008
michael redd,198.12,97.52228,2000
mickael pietrus,198.12,97.52228,2003
mike bibby,187.96,88.45044,1998
mike conley,185.42,83.91452,2007
mike dunleavy,205.74,104.32616,2002
mike harris,198.12,106.59412,Undrafted
mike miller,203.2,98.883056,2000
marcus cousin,210.82,111.13004,Undrafted
marcus camby,210.82,106.59412,1996
marcus banks,187.96,92.98636,2003
marco belinelli,195.58,90.7184,2007
lamar odom,208.28,104.32616,1999
landry fields,200.66,95.25432,2010
larry owens,200.66,95.25432,Undrafted
larry sanders,210.82,106.59412,2010
lebron james,203.2,113.398,2003
leandro barbosa,190.5,91.625584,2003
leon powe,203.2,108.86208,2006
lester hudson,190.5,86.18248,2009
linas kleiza,203.2,111.13004,2005
lou amundson,205.74,102.0582,Undrafted
lou williams,185.42,79.3786,2005
mo williams,185.42,88.45044,2003
luc mbah a moute,203.2,104.32616,2008
luke babbitt,205.74,102.0582,2010
luke harangody,200.66,113.851592,2010
luke ridnour,187.96,79.3786,2003
luke walton,203.2,106.59412,2003
luol deng,205.74,99.79024,2004
luther head,190.5,83.91452,2005
malik allen,208.28,115.66596,Undrafted
manny harris,195.58,83.91452,Undrafted
manu ginobili,198.12,92.98636,1999
marc gasol,215.9,120.20188,2007
marcin gortat,210.82,108.86208,2005
luis scola,205.74,111.13004,2002
kyrylo fesenko,215.9,127.00576,2007
monta ellis,190.5,83.91452,2005
mustafa shakur,193.04,88.45044,Undrafted
rajon rondo,185.42,77.56423199999999,2006
ramon sessions,190.5,86.18248,2007
randy foye,193.04,96.615096,2006
rashard lewis,208.28,104.32616,1998
rasual butler,200.66,97.52228,2002
ray allen,195.58,92.98636,1996
raymond felton,185.42,92.98636,2005
reggie evans,203.2,111.13004,Undrafted
reggie williams,201.0,86.0,Undrafted
renaldo balkman,203.2,94.347136,2006
richard hamilton,200.66,87.543256,1999
richard jefferson,200.66,104.32616,2001
robin lopez,213.36,115.66596,2008
rodney carney,200.66,92.98636,2006
rodney stuckey,195.58,92.98636,2007
rodrigue beaubois,187.96,83.91452,2009
roger mason,195.58,92.98636,2002
ronald dupree,200.66,94.800728,Undrafted
ronnie brewer,200.66,102.965384,2006
ronnie price,187.96,84.821704,Undrafted
ronny turiaf,208.28,111.13004,2005
roy hibbert,218.44,126.098576,2008
royal ivey,193.04,97.52228,2004
raja bell,195.58,93.439952,Undrafted
quinton ross,198.12,87.543256,Undrafted
quincy pondexter,198.12,102.0582,2010
quentin richardson,198.12,103.418976,2000
nate robinson,175.26,81.64656,2005
nazr mohammed,208.28,113.398,1998
nenad krstic,213.36,108.86208,2002
nene,210.82,113.398,2002
nick collison,208.28,115.66596,2003
nick young,200.66,95.25432,2007
nicolas batum,203.2,90.7184,2008
nikola pekovic,210.82,110.222856,2008
oj mayo,193.04,95.25432,2008
omer asik,213.36,115.66596,2008
omri casspi,205.74,102.0582,2009
morris peterson,200.66,99.79024,2000
orien greene,193.04,94.347136,2005
pape sy,200.66,102.0582,2010
patrick ewing,203.2,106.59412,2008
patrick patterson,205.74,106.59412,2010
patty mills,182.88,83.91452,2009
pau gasol,213.36,113.398,2001
paul george,203.2,95.25432,2010
paul millsap,203.2,113.398,2006
paul pierce,200.66,106.59412,1998
peja stojakovic,208.28,103.872568,1996
pooh jeter,180.34,79.3786,Undrafted
pops mensahbonsu,205.74,106.59412,Undrafted
othyus jeffers,195.58,95.25432,Undrafted
lazar hayward,198.12,102.0582,2010
brandan wright,208.28,95.25432,2007
amir johnson,205.74,95.25432,2005
aj price,187.96,82.10015200000001,2009
aaron brooks,182.88,73.028312,2007
aaron gray,213.36,122.46984,2007
brandon bass,203.2,113.398,2005
acie law,190.5,91.625584,2007
al harrington,205.74,113.398,1998
al horford,208.28,111.13004,2007
al jefferson,208.28,127.00576,2004
al thornton,203.2,106.59412,2007
alfarouq aminu,205.74,97.52228,2010
alexis ajinca,218.44,112.490816,2008
alonzo gee,198.12,99.79024,Undrafted
amare stoudemire,208.28,108.86208,2002
anderson varejao,210.82,117.93392,2004
jimmer fredette,187.96,88.45044,2011
aj price,187.96,83.91452,2009
jimmy butler,200.66,99.79024,2011
joakim noah,210.82,105.233344,2007
jodie meeks,193.04,94.347136,2009
joe johnson,200.66,108.86208,2001
joel anthony,205.74,111.13004,Undrafted
joel przybilla,215.9,111.13004,2000
johan petro,213.36,112.037224,2005
john lucas,180.34,74.84268,Undrafted
john salmons,198.12,93.893544,2002
john wall,193.04,88.45044,2010
jon brockman,200.66,115.66596,2009
jon leuer,208.28,103.418976,2011
jonas jerebko,208.28,104.779752,2009
jonny flynn,182.88,83.91452,2009
jerryd bayless,190.5,94.347136,2008
jerry stackhouse,198.12,98.883056,1995
jerry smith,187.96,86.18248,1963
jerome jordan,213.36,108.86208,2010
dahntay jones,198.12,102.0582,2003
daequan cook,195.58,95.25432,2007
dajuan summers,203.2,108.86208,2009
dj white,205.74,106.59412,2008
dj kennedy,195.58,97.068688,Undrafted
dj augustin,182.88,81.64656,2008
craig smith,200.66,120.20188,2006
craig brackins,208.28,104.32616,2010
courtney lee,195.58,90.7184,2008
courtney fortson,180.34,83.91452,Undrafted
cory joseph,190.5,83.91452,2011
cory higgins,195.58,81.64656,Undrafted
corey maggette,198.12,102.0582,1999
corey brewer,205.74,85.275296,2007
jason richardson,198.12,102.0582,2001
jason smith,213.36,108.86208,2007
jason terry,187.96,81.64656,1999
jason thompson,210.82,113.398,2008
jeff adrien,201.0,111.0,Undrafted
jeff ayres,205.74,108.86208,2009
jeff foote,213.36,120.20188,Undrafted
jeff foster,210.82,113.398,1999
jeff teague,187.96,82.10015200000001,2009
jeremy evans,205.74,87.996848,2010
jeremy lin,190.5,90.7184,Undrafted
jeremy pargo,187.96,99.336648,Undrafted
jeremy tyler,208.28,117.93392,2011
jermaine oneal,210.82,115.66596,1996
jerome dyson,190.5,81.64656,Undrafted
jordan crawford,193.04,88.45044,2010
damien wilkins,198.12,102.0582,Undrafted
jordan farmar,187.96,81.64656,2006
jordan hill,208.28,106.59412,2009
kwame brown,210.82,122.46984,2001
kyle korver,200.66,96.161504,2003
kyle lowry,182.88,92.98636,2006
kyrie irving,190.5,86.636072,2011
kyrylo fesenko,215.9,127.00576,2007
lamarcus aldridge,210.82,108.86208,2006
lamar odom,208.28,104.32616,1999
lance stephenson,195.58,99.79024,2010
lance thomas,203.2,102.0582,Undrafted
landry fields,200.66,97.52228,2010
larry hughes,195.58,83.91452,1998
larry owens,200.66,95.25432,Undrafted
larry sanders,210.82,106.59412,2010
lavoy allen,205.74,102.0582,2011
lazar hayward,198.12,102.0582,2010
lebron james,203.2,113.398,2003
leandro barbosa,190.5,87.996848,2003
lester hudson,190.5,86.18248,2009
linas kleiza,203.2,106.140528,2005
lou amundson,205.74,102.0582,Undrafted
lou williams,185.42,79.3786,2005
luc mbah a moute,203.2,104.32616,2008
luis scola,205.74,111.13004,2002
luke babbitt,205.74,102.0582,2010
luke harangody,200.66,111.13004,2010
luke ridnour,187.96,79.3786,2003
luke walton,203.2,106.59412,2003
luol deng,205.74,99.79024,2004
malcolm lee,195.58,90.7184,2011
kurt thomas,205.74,104.32616,1995
kris humphries,205.74,106.59412,2004
kosta koufos,213.36,120.20188,2008
kobe bryant,198.12,92.98636,1996
jordan williams,208.28,117.93392,2011
jose calderon,190.5,95.707912,Undrafted
josh childress,203.2,95.25432,2004
josh davis,203.2,106.59412,Undrafted
josh harrellson,208.28,124.7378,2011
josh howard,200.66,95.25432,2003
josh mcroberts,208.28,108.86208,2007
josh selby,187.96,83.007336,2011
josh smith,205.74,102.0582,2004
jrue holiday,193.04,81.64656,2009
julyan stone,198.12,90.7184,Undrafted
justin dentmon,180.34,83.91452,Undrafted
justin harper,208.28,102.0582,2011
juwan howard,205.74,113.398,1994
jordan hamilton,200.66,99.79024,2011
kawhi leonard,200.66,102.0582,2011
keith bogans,195.58,97.52228,2003
kelenna azubuike,195.58,97.52228,Undrafted
kemba walker,185.42,83.46092800000001,2011
kendrick perkins,208.28,122.46984,2003
kenneth faried,203.2,103.418976,2011
kenyon martin,205.74,108.86208,2000
kevin durant,205.74,106.59412,2007
kevin garnett,210.82,114.758776,1995
kevin love,208.28,117.93392,2008
kevin martin,200.66,83.91452,2004
kevin seraphin,205.74,124.7378,2010
keyon dooling,190.5,88.45044,2000
kirk hinrich,193.04,86.18248,2003
klay thompson,200.66,92.98636,2011
keith benson,210.82,104.32616,2011
damion james,200.66,102.0582,2010
dante cunningham,203.2,104.32616,2009
daniel gibson,187.96,90.7184,2006
hedo turkoglu,208.28,99.79024,2000
hassan whiteside,213.36,106.59412,2010
hasheem thabeet,220.98,119.294696,2009
hamed haddadi,218.44,120.20188,Undrafted
hamady ndiaye,213.36,106.59412,2010
hakim warrick,205.74,99.336648,2005
gustavo ayon,208.28,113.398,Undrafted
greivis vasquez,198.12,95.707912,2010
greg stiemsma,210.82,117.93392,Undrafted
greg smith,208.28,113.398,Undrafted
greg monroe,210.82,113.398,2010
grant hill,203.2,102.0582,1994
henry walker,198.12,106.59412,2008
gordon hayward,203.2,95.25432,2010
glen davis,205.74,131.088088,2007
gilbert arenas,193.04,97.52228,2001
gerald wallace,200.66,99.79024,2001
gerald henderson,195.58,97.52228,2009
gerald green,203.2,90.7184,2005
george hill,187.96,81.64656,2008
gary neal,193.04,95.25432,Undrafted
gary forbes,200.66,99.79024,Undrafted
francisco garcia,200.66,88.45044,2005
francisco elson,213.36,108.86208,1999
evan turner,200.66,92.98636,2010
ersan ilyasova,208.28,106.59412,2005
goran dragic,190.5,86.18248,2008
erick dampier,210.82,120.20188,1996
ian mahinmi,210.82,104.32616,2005
iman shumpert,195.58,99.79024,2011
jason kapono,203.2,97.52228,2003
jason collins,213.36,115.66596,2001
jarrett jack,190.5,89.357624,2005
jared jeffries,210.82,108.86208,2002
jared dudley,200.66,102.0582,2007
jannero pargo,185.42,83.91452,Undrafted
jan vesely,210.82,108.86208,2011
james singleton,203.2,104.32616,Undrafted
james jones,203.2,97.52228,2003
james johnson,205.74,112.490816,2009
james harden,195.58,99.79024,2009
james anderson,198.12,97.52228,2010
ike diogu,205.74,113.398,2005
jameer nelson,182.88,86.18248,2004
jamal crawford,195.58,90.7184,2000
jamaal tinsley,190.5,89.357624,2001
jamaal magloire,210.82,120.20188,2000
javale mcgee,213.36,114.305184,2008
jajuan johnson,208.28,100.243832,2011
jr smith,198.12,99.79024,2004
jj redick,193.04,86.18248,2006
jj hickson,205.74,109.769264,2008
jj barea,182.88,79.3786,Undrafted
ivan johnson,203.2,115.66596,Undrafted
ish smith,182.88,79.3786,Undrafted
isaiah thomas,175.26,83.91452,2011
jamario moon,203.2,92.98636,Undrafted
dan gadzuric,210.82,108.86208,2002
eric maynor,190.5,79.3786,2009
eric dawson,205.74,113.398,Undrafted
derrick byars,200.66,99.79024,2007
derrick brown,203.2,105.68693600000002,2009
deron williams,190.5,94.800728,2005
derek fisher,185.42,95.25432,1996
dennis horner,205.74,104.32616,Undrafted
delonte west,190.5,81.64656,2004
deshawn stevenson,195.58,98.883056,2000
desagana diop,213.36,127.00576,2001
demarre carroll,203.2,96.161504,2009
demarcus cousins,210.82,122.46984,2010
demar derozan,200.66,97.975872,2009
dejuan blair,200.66,122.46984,2009
derrick favors,208.28,112.490816,2010
deandre liggins,198.12,94.800728,2011
david west,205.74,108.86208,2003
david lee,205.74,108.86208,2005
darryl watkins,210.82,117.026736,Undrafted
darren collison,182.88,72.57472,2009
darko milicic,213.36,124.7378,2003
darius morris,193.04,86.18248,2011
darington hobson,200.66,95.25432,2010
malcolm thomas,205.74,102.0582,Undrafted
danny green,198.12,95.25432,2009
danny granger,203.2,103.418976,2005
danilo gallinari,208.28,102.0582,2008
daniel orton,208.28,115.66596,2010
deandre jordan,210.82,120.20188,2008
eric gordon,190.5,97.52228,2008
derrick rose,190.5,86.18248,2008
devin ebanks,205.74,97.52228,2010
eric bledsoe,185.42,88.45044,2010
enes kanter,210.82,121.109064,2011
emeka okafor,208.28,115.66596,2004
elton brand,205.74,115.212368,1999
elliot williams,196.0,86.0,2010
ekpe udoh,208.28,111.13004,2010
edwin ubiles,198.12,92.532768,Undrafted
eduardo najera,203.2,106.59412,2000
eddy curry,213.36,133.80964,2001
ed davis,208.28,105.233344,2010
earl watson,185.42,90.264808,2001
earl clark,208.28,102.0582,2009
derrick williams,203.2,109.315672,2011
earl boykins,165.1,60.327736,Undrafted
etwaun moore,193.04,86.636072,2011
dwyane wade,193.04,99.79024,2003
dwight howard,210.82,120.20188,2004
drew gooden,208.28,113.398,2002
dorell wright,205.74,92.98636,2004
donte greene,210.82,102.511792,2008
donald sloan,190.5,92.98636,Undrafted
dominique jones,195.58,97.52228,2010
dominic mcguire,205.74,106.59412,2007
dirk nowitzki,213.36,111.13004,1998
dexter pittman,210.82,129.27372,2010
devin harris,190.5,87.089664,2004
earl barron,213.36,113.398,Undrafted
manny harris,195.58,83.91452,Undrafted
marcus thornton,193.04,92.98636,2009
marshon brooks,195.58,90.7184,2011
xavier henry,198.12,99.79024,2010
xavier silas,195.58,92.98636,2011
yi jianlian,213.36,113.398,2007
zach randolph,205.74,117.93392,2001
zaza pachulia,210.82,124.7378,2003
cole aldrich,210.82,108.86208,2010
chuck hayes,198.12,113.398,Undrafted
christian eyenga,200.66,95.25432,2009
chris wright,203.2,102.511792,Undrafted
chris wilcox,208.28,106.59412,2002
chris singleton,203.2,104.32616,2011
chris paul,182.88,79.3786,2005
wilson chandler,203.2,102.0582,2007
chris kaman,213.36,120.20188,2003
chris duhon,185.42,86.18248,2004
chris bosh,210.82,106.59412,2003
chris andersen,208.28,103.418976,Undrafted
chauncey billups,190.5,95.25432,1997
chase budinger,200.66,98.883056,2009
charlie villanueva,210.82,105.233344,2005
charles jenkins,190.5,99.79024,2011
channing frye,210.82,111.13004,2005
chandler parsons,205.74,102.965384,2011
cartier martin,200.66,99.79024,Undrafted
caron butler,200.66,103.418976,2002
carmelo anthony,203.2,104.32616,2003
chris johnson,210.82,95.25432,Undrafted
carlos delfino,198.12,104.32616,2003
willie green,190.5,91.171992,2003
wesley matthews,195.58,99.79024,Undrafted
tony allen,193.04,96.615096,2004
tony battie,210.82,108.86208,1997
tony parker,187.96,83.91452,2001
tracy mcgrady,203.2,102.0582,1997
travis leslie,193.04,92.98636,2011
travis outlaw,205.74,93.893544,2003
trevor ariza,203.2,95.25432,2004
trevor booker,203.2,108.86208,2010
trey johnson,195.58,97.52228,Undrafted
trey thompkins,208.28,111.13004,2011
tristan thompson,205.74,102.965384,2011
troy murphy,210.82,111.13004,2001
will bynum,182.88,83.91452,Undrafted
ty lawson,180.34,88.45044,2009
tyler honeycutt,203.2,85.275296,2011
tyreke evans,198.12,99.79024,2009
tyrus thomas,208.28,102.0582,2006
tyson chandler,215.9,108.86208,2001
udonis haslem,203.2,106.59412,Undrafted
vernon macklin,208.28,102.965384,2011
vince carter,198.12,99.79024,1998
vladimir radmanovic,208.28,106.59412,2001
von wafer,195.58,94.800728,2005
walker russell,182.88,77.11064,1982
wayne ellington,193.04,90.7184,2009
wesley johnson,200.66,97.52228,2010
tyler hansbrough,205.74,113.398,2009
toney douglas,187.96,83.91452,2009
carlos boozer,205.74,120.655472,2002
carl landry,205.74,112.490816,2007
anthony randolph,210.82,102.0582,2008
anthony parker,198.12,95.25432,1997
anthony morrow,195.58,95.25432,Undrafted
anthony carter,185.42,86.18248,Undrafted
antawn jamison,205.74,106.59412,1998
andris biedrins,213.36,109.769264,2004
andrew goudelock,190.5,90.7184,2011
andrew bynum,213.36,129.27372,2005
andrew bogut,213.36,117.93392,2005
andres nocioni,200.66,102.0582,Undrafted
andrea bargnani,213.36,116.119552,2006
andre miller,187.96,90.7184,1999
anthony tolliver,203.2,108.86208,Undrafted
andre iguodala,198.12,93.893544,2004
andray blatche,210.82,117.93392,2005
anderson varejao,210.82,117.93392,2004
amir johnson,205.74,95.25432,2005
amare stoudemire,210.82,117.93392,2002
alonzo gee,198.12,99.336648,Undrafted
alec burks,198.12,91.625584,2011
alan anderson,198.12,99.79024,Undrafted
alfarouq aminu,205.74,97.52228,2010
al jefferson,208.28,131.088088,2004
al horford,208.28,113.398,2007
al harrington,205.74,113.398,1998
aaron gray,213.36,122.46984,2007
andre emmett,195.58,104.32616,2004
carldell johnson,177.8,81.64656,Undrafted
armon johnson,190.5,88.45044,2010
austin daye,210.82,90.7184,2009
cj miles,198.12,100.697424,2005
cj watson,187.96,79.3786,Undrafted
byron mullens,213.36,124.7378,2009
brook lopez,213.36,120.20188,2008
brian skinner,205.74,115.66596,1998
brian scalabrine,205.74,106.59412,2001
brian cook,205.74,113.398,2003
brian cardinal,203.2,108.86208,2000
brendan haywood,213.36,119.294696,2001
brandon rush,198.12,102.0582,2008
brandon knight,190.5,85.728888,2011
brandon jennings,185.42,76.657048,2009
arron afflalo,195.58,97.52228,2007
brandon bass,203.2,113.398,2005
brad miller,213.36,118.38751200000002,Undrafted
boris diaw,203.2,106.59412,2003
bobby simmons,198.12,106.59412,2001
blake griffin,208.28,113.851592,2009
blake ahearn,187.96,86.18248,Undrafted
bismack biyombo,205.74,111.13004,2011
beno udrih,190.5,92.079176,2004
ben wallace,205.74,108.86208,Undrafted
ben uzoh,190.5,92.98636,Undrafted
ben gordon,190.5,90.7184,2004
baron davis,190.5,96.161504,1999
avery bradley,187.96,81.64656,2010
brandan wright,208.28,95.25432,2007
manu ginobili,198.12,92.98636,1999
tobias harris,203.2,102.511792,2011
tim duncan,210.82,115.66596,1997
morris almond,198.12,102.0582,2007
mychel thompson,198.12,95.707912,Undrafted
nate robinson,175.26,81.64656,2005
nazr mohammed,208.28,113.398,1998
nene,210.82,113.398,2002
nick collison,208.28,115.66596,2003
nick young,200.66,95.25432,2007
nicolas batum,203.2,90.7184,2008
nikola pekovic,210.82,131.54168,2008
nikola vucevic,213.36,108.86208,2011
nolan smith,187.96,83.91452,2011
norris cole,187.96,79.3786,2011
monta ellis,190.5,83.91452,2005
oj mayo,193.04,95.25432,2008
omri casspi,205.74,102.0582,2009
patrick patterson,205.74,106.59412,2010
patty mills,182.88,83.91452,2009
pau gasol,213.36,113.398,2001
paul george,203.2,97.52228,2010
paul millsap,203.2,114.758776,2006
paul pierce,200.66,106.59412,1998
quentin richardson,198.12,103.418976,2000
quincy pondexter,198.12,102.0582,2010
raja bell,195.58,95.25432,Undrafted
rajon rondo,185.42,84.368112,2006
ramon sessions,190.5,86.18248,2007
omer asik,213.36,115.66596,2008
randy foye,193.04,96.615096,2006
mo williams,185.42,88.45044,2003
mike miller,203.2,95.25432,2000
marc gasol,215.9,120.20188,2007
marcin gortat,210.82,108.86208,2005
marco belinelli,195.58,88.45044,2007
marcus camby,210.82,106.59412,1996
marcus morris,205.74,106.59412,2011
jason maxiell,200.66,117.93392,2005
mario chalmers,187.96,86.18248,2008
markieff morris,208.28,111.13004,2011
marquis daniels,198.12,90.7184,Undrafted
marreese speights,208.28,115.66596,2008
martell webster,200.66,104.32616,2005
marvin williams,205.74,111.13004,2005
mikki moore,213.36,102.0582,Undrafted
matt barnes,200.66,102.511792,2002
matt carroll,198.12,96.161504,Undrafted
maurice evans,195.58,99.79024,Undrafted
mehmet okur,210.82,117.93392,2001
metta world peace,200.66,117.93392,1999
michael beasley,208.28,106.59412,2008
michael redd,198.12,97.52228,2000
mickael pietrus,198.12,97.52228,2003
mickell gladness,210.82,99.79024,Undrafted
mike bibby,187.96,88.45044,1998
mike conley,185.42,83.91452,2007
mike dunleavy,205.74,104.32616,2002
mike james,187.96,85.275296,Undrafted
matt bonner,208.28,106.59412,2003
timofey mozgov,215.9,113.398,Undrafted
rashard lewis,208.28,104.32616,1998
ray allen,195.58,92.98636,1996
semih erden,213.36,108.86208,2008
serge ibaka,208.28,106.59412,2008
shane battier,203.2,102.0582,2001
shannon brown,193.04,95.25432,2006
shaun livingston,200.66,79.3786,2004
shawn marion,200.66,103.418976,1999
shawne williams,205.74,104.32616,2006
shelden williams,205.74,113.398,2006
shelvin mack,190.5,93.893544,2011
solomon alabi,215.9,114.305184,2010
solomon jones,208.28,111.13004,2006
spencer hawes,215.9,111.13004,2007
sebastian telfair,182.88,77.11064,2004
stephen curry,190.5,83.91452,2009
steve blake,190.5,78.017824,2003
steve nash,190.5,80.73937600000001,1996
steve novak,208.28,108.86208,2006
sundiata gaines,185.42,90.7184,Undrafted
tj ford,182.88,74.84268,2003
taj gibson,205.74,102.0582,2009
tayshaun prince,205.74,97.52228,2002
terrel harris,193.04,86.18248,Undrafted
terrence williams,198.12,99.79024,2009
thabo sefolosha,200.66,97.52228,2006
thaddeus young,203.2,99.79024,2007
tiago splitter,210.82,108.86208,2007
stephen jackson,203.2,99.79024,1997
rasual butler,200.66,97.52228,2002
sean williams,208.28,106.59412,2007
samuel dalembert,210.82,113.398,2001
raymond felton,185.42,92.98636,2005
reggie evans,203.2,111.13004,Undrafted
reggie jackson,190.5,94.347136,2011
reggie williams,201.0,86.0,Undrafted
renaldo balkman,203.2,102.0582,2006
richard hamilton,200.66,87.543256,1999
richard jefferson,200.66,104.32616,2001
ricky rubio,193.04,81.64656,2009
robin lopez,213.36,115.66596,2008
rodney stuckey,195.58,92.98636,2007
rodrigue beaubois,187.96,83.91452,2009
roger mason,195.58,92.98636,2002
sasha pavlovic,200.66,106.59412,2003
ronnie brewer,200.66,102.965384,2006
ronny turiaf,208.28,111.13004,2005
roy hibbert,218.44,117.93392,2008
royal ivey,193.04,97.52228,2004
rudy fernandez,198.12,83.91452,2007
rudy gay,203.2,104.32616,2006
russell westbrook,190.5,84.821704,2008
ryan anderson,208.28,108.86208,2008
ryan gomes,200.66,111.13004,2005
ryan hollins,213.36,108.86208,2006
ryan reid,203.2,106.59412,2010
sam young,198.12,99.79024,2009
samardo samuels,205.74,117.93392,Undrafted
ronnie price,187.96,86.18248,Undrafted
jason kidd,193.04,95.25432,1994
earl barron,213.36,113.398,Undrafted
aaron brooks,182.88,73.028312,2007
tristan thompson,205.74,102.965384,2011
trevor booker,203.2,108.86208,2010
trevor ariza,203.2,95.25432,2004
travis outlaw,205.74,93.893544,2003
tornike shengelia,205.74,108.86208,2012
tony wroten,198.12,94.347136,2012
tony parker,187.96,83.91452,2001
tony allen,193.04,96.615096,2004
toney douglas,187.96,83.91452,2009
tobias harris,203.2,102.511792,2011
timofey mozgov,215.9,113.398,Undrafted
troy murphy,210.82,111.13004,2001
tim ohlbrecht,210.82,115.66596,Undrafted
tiago splitter,210.82,108.86208,2007
thomas robinson,208.28,107.501304,2012
thaddeus young,203.2,106.59412,2007
thabo sefolosha,200.66,97.52228,2006
terrence williams,198.12,99.79024,2009
terrence ross,198.12,88.45044,2012
terrence jones,205.74,114.305184,2012
terrel harris,193.04,86.18248,Undrafted
tayshaun prince,205.74,97.52228,2002
taj gibson,205.74,102.0582,2009
steve novak,208.28,106.59412,2006
tim duncan,210.82,115.66596,1997
steve nash,190.5,80.73937600000001,1996
ty lawson,180.34,88.45044,2009
tyler honeycutt,203.2,85.275296,2011
drew gooden,208.28,113.398,2002
dwight howard,210.82,120.20188,2004
dwyane wade,193.04,99.79024,2003
zaza pachulia,210.82,124.7378,2003
zach randolph,205.74,117.93392,2001
xavier henry,198.12,99.79024,2010
wilson chandler,203.2,102.0582,2007
willie green,190.5,91.171992,2003
will conroy,187.96,88.45044,Undrafted
will bynum,182.88,83.91452,Undrafted
will barton,195.58,77.11064,2012
tyler hansbrough,205.74,113.398,2009
wesley matthews,195.58,99.79024,Undrafted
wayne ellington,193.04,90.7184,2009
vladimir radmanovic,208.28,106.59412,2001
vince carter,198.12,99.79024,1998
victor claver,205.74,101.604608,2009
viacheslav kravtsov,210.82,112.037224,Undrafted
udonis haslem,203.2,106.59412,Undrafted
tyson chandler,215.9,108.86208,2001
tyshawn taylor,190.5,83.91452,2012
tyrus thomas,208.28,102.0582,2006
tyreke evans,198.12,99.79024,2009
tyler zeller,213.36,113.398,2012
wesley johnson,200.66,97.52228,2010
draymond green,200.66,104.32616,2012
steve blake,190.5,78.017824,2003
stephen curry,190.5,83.91452,2009
robert sacre,213.36,117.93392,2012
ricky rubio,193.04,81.64656,2009
richard jefferson,200.66,104.32616,2001
richard hamilton,200.66,87.543256,1999
reggie williams,201.0,86.0,Undrafted
reggie jackson,190.5,94.347136,2011
reggie evans,203.2,111.13004,Undrafted
raymond felton,185.42,92.98636,2005
ray allen,195.58,92.98636,1996
rasheed wallace,210.82,104.32616,1995
rashard lewis,208.28,104.32616,1998
robin lopez,213.36,115.66596,2008
aj price,187.96,83.91452,2009
rajon rondo,185.42,84.368112,2006
quincy pondexter,198.12,102.0582,2010
quincy miller,205.74,95.25432,2012
quincy acy,200.66,102.0582,2012
quentin richardson,198.12,103.418976,2000
perry jones,210.82,106.59412,2012
paul pierce,200.66,106.59412,1998
paul millsap,203.2,114.758776,2006
paul george,203.2,100.243832,2010
pau gasol,213.36,113.398,2001
patty mills,182.88,83.91452,2009
ramon sessions,190.5,86.18248,2007
stephen jackson,203.2,99.79024,1997
rodney stuckey,195.58,92.98636,2007
roger mason,195.58,92.98636,2002
spencer hawes,215.9,111.13004,2007
solomon jones,208.28,111.13004,2006
shelvin mack,190.5,93.893544,2011
shawn marion,200.66,103.418976,1999
shavlik randolph,208.28,107.047712,Undrafted
shaun livingston,200.66,79.3786,2004
shannon brown,193.04,95.25432,2006
shane battier,203.2,102.0582,2001
serge ibaka,208.28,106.59412,2008
sebastian telfair,182.88,77.11064,2004
scott machado,185.42,92.98636,Undrafted
rodrigue beaubois,187.96,83.91452,2009
sasha pavlovic,200.66,106.59412,2003
samardo samuels,205.74,117.93392,Undrafted
sam young,198.12,102.0582,2009
ryan hollins,213.36,108.86208,2006
ryan anderson,208.28,108.86208,2008
russell westbrook,190.5,84.821704,2008
rudy gay,203.2,104.32616,2006
royal ivey,193.04,90.7184,2004
roy hibbert,218.44,127.00576,2008
ronny turiaf,208.28,112.944408,2005
ronnie price,187.96,86.18248,Undrafted
ronnie brewer,200.66,102.0582,2006
samuel dalembert,210.82,113.398,2001
patrick patterson,205.74,106.59412,2010
doron lamb,193.04,95.25432,2012
donatas motiejunas,213.36,100.697424,2011
brian roberts,185.42,81.64656,Undrafted
brook lopez,213.36,120.20188,2008
byron mullens,213.36,124.7378,2009
cj watson,187.96,79.3786,Undrafted
cj miles,198.12,100.697424,2005
carl landry,205.74,112.490816,2007
carlos boozer,205.74,120.655472,2002
carlos delfino,198.12,104.32616,2003
carmelo anthony,203.2,104.32616,2003
caron butler,200.66,103.418976,2002
cartier martin,200.66,99.79024,Undrafted
brendan haywood,213.36,119.294696,2001
chandler parsons,205.74,102.965384,2011
charlie villanueva,210.82,105.233344,2005
chase budinger,200.66,98.883056,2009
chauncey billups,190.5,95.25432,1997
chris andersen,208.28,103.418976,Undrafted
chris bosh,210.82,106.59412,2003
chris copeland,203.2,102.0582,Undrafted
chris douglasroberts,200.66,95.25432,2008
chris duhon,185.42,86.18248,2004
chris johnson,210.82,95.25432,Undrafted
chris johnson,198.12,91.171992,Undrafted
chris kaman,213.36,120.20188,2003
charles jenkins,190.5,97.52228,2011
chris paul,182.88,79.3786,2005
brandon rush,198.12,95.25432,2008
brandon knight,190.5,85.728888,2011
andrew nicholson,205.74,113.398,2012
andris biedrins,213.36,109.769264,2004
antawn jamison,205.74,106.59412,1998
anthony davis,208.28,99.79024,2012
anthony morrow,195.58,95.25432,Undrafted
anthony randolph,210.82,102.0582,2008
anthony tolliver,203.2,108.86208,Undrafted
arnett moultrie,208.28,111.13004,2012
aron baynes,208.28,117.93392,Undrafted
arron afflalo,195.58,97.52228,2007
austin daye,210.82,90.7184,2009
brandon roy,198.12,95.707912,2006
austin rivers,193.04,90.7184,2012
ben gordon,190.5,90.7184,2004
ben hansbrough,190.5,92.079176,Undrafted
beno udrih,190.5,92.079176,2004
bernard james,208.28,108.86208,2012
bismack biyombo,205.74,111.13004,2011
blake griffin,208.28,113.851592,2009
boris diaw,203.2,106.59412,2003
bradley beal,195.58,93.893544,2012
brandan wright,208.28,95.25432,2007
brandon bass,203.2,113.398,2005
brandon jennings,185.42,76.657048,2009
avery bradley,187.96,81.64656,2010
dorell wright,205.74,92.98636,2004
chris quinn,187.96,79.3786,Undrafted
chris wilcox,208.28,106.59412,2002
david lee,205.74,108.86208,2005
david west,205.74,113.398,2003
deandre jordan,210.82,120.20188,2008
deandre liggins,198.12,94.800728,2011
dejuan blair,200.66,122.46984,2009
demar derozan,200.66,97.975872,2009
demarcus cousins,210.82,122.46984,2010
demarre carroll,203.2,96.161504,2009
dequan jones,203.2,100.243832,Undrafted
desagana diop,213.36,127.00576,2001
deshawn stevenson,195.58,98.883056,2000
darren collison,182.88,79.3786,2009
derek fisher,185.42,95.25432,1996
derrick favors,208.28,112.490816,2010
derrick williams,203.2,109.315672,2011
devin ebanks,205.74,97.52228,2010
devin harris,190.5,87.089664,2004
dexter pittman,210.82,129.27372,2010
diante garrett,193.04,86.18248,Undrafted
dion waiters,193.04,97.52228,2012
dirk nowitzki,213.36,111.13004,1998
dominic mcguire,205.74,106.59412,2007
dominique jones,195.58,97.52228,2010
donald sloan,190.5,92.98636,Undrafted
deron williams,190.5,94.800728,2005
chris singleton,203.2,104.32616,2011
darrell arthur,205.74,106.59412,2008
darius morris,193.04,86.18248,2011
chris wright,185.42,95.25432,Undrafted
chuck hayes,198.12,113.398,Undrafted
cole aldrich,210.82,108.86208,2010
corey brewer,205.74,85.275296,2007
corey maggette,198.12,102.0582,1999
cory higgins,195.58,81.64656,Undrafted
cory joseph,190.5,83.91452,2011
courtney lee,195.58,90.7184,2008
dj augustin,182.88,83.007336,2008
dj white,205.74,113.398,2008
dajuan summers,203.2,108.86208,2009
darko milicic,213.36,124.7378,2003
daequan cook,195.58,95.25432,2007
damian lillard,190.5,88.45044,2012
damien wilkins,198.12,102.0582,Undrafted
damion james,200.66,102.0582,2010
daniel gibson,187.96,90.7184,2006
daniel orton,208.28,115.66596,2010
danilo gallinari,208.28,102.0582,2008
danny granger,203.2,103.418976,2005
danny green,198.12,95.25432,2009
dante cunningham,203.2,104.32616,2009
darius johnsonodom,187.96,97.52228,2012
darius miller,203.2,106.59412,2012
dahntay jones,198.12,102.0582,2003
patrick beverley,185.42,83.91452,2009
pablo prigioni,190.5,83.91452,Undrafted
pj tucker,198.12,101.604608,2006
jeremy lin,190.5,90.7184,Undrafted
jeremy lamb,195.58,81.64656,2012
jeremy evans,205.74,87.996848,2010
jeffery taylor,200.66,102.0582,2012
jeff teague,187.96,82.10015200000001,2009
jeff green,205.74,106.59412,2007
jeff ayres,205.74,113.398,2009
jeff adrien,201.0,111.0,Undrafted
jason thompson,210.82,113.398,2008
jason terry,187.96,81.64656,1999
jason smith,213.36,108.86208,2007
jeremy pargo,187.96,99.336648,Undrafted
jason richardson,198.12,102.0582,2001
jason kidd,193.04,95.25432,1994
jason collins,213.36,115.66596,2001
jarvis varnado,205.74,104.32616,2010
jarrett jack,190.5,89.357624,2005
jared sullinger,205.74,117.93392,2012
jared jeffries,210.82,108.86208,2002
jared dudley,200.66,102.0582,2007
jared cunningham,193.04,88.45044,2012
jannero pargo,185.42,83.91452,Undrafted
jan vesely,210.82,108.86208,2011
james white,200.66,97.52228,2006
jason maxiell,200.66,117.93392,2005
james jones,203.2,97.52228,2003
jeremy tyler,208.28,117.93392,2011
jerry stackhouse,198.12,98.883056,1995
josh childress,203.2,95.25432,2004
josh akognon,180.34,83.91452,Undrafted
jose calderon,190.5,95.707912,Undrafted
jordan hill,208.28,106.59412,2009
jordan hamilton,200.66,99.79024,2011
jordan crawford,193.04,88.45044,2010
jonas valanciunas,210.82,104.779752,2011
jonas jerebko,208.28,104.779752,2009
jon leuer,208.28,103.418976,2011
john wall,193.04,88.45044,2010
john salmons,198.12,93.893544,2002
jermaine oneal,210.82,115.66596,1996
john lucas,180.34,74.84268,Undrafted
john henson,210.82,99.79024,2012
johan petro,213.36,112.037224,2005
joel przybilla,215.9,111.13004,2000
joel freeland,208.28,102.0582,2006
joel anthony,205.74,111.13004,Undrafted
joe johnson,200.66,108.86208,2001
jodie meeks,193.04,94.347136,2009
joakim noah,210.82,105.233344,2007
jimmy butler,200.66,99.79024,2011
jimmer fredette,187.96,88.45044,2011
jerryd bayless,190.5,90.7184,2008
john jenkins,193.04,97.52228,2012
josh harrellson,208.28,124.7378,2011
james johnson,205.74,112.490816,2009
james anderson,198.12,97.52228,2010
glen davis,205.74,131.088088,2007
gerald wallace,200.66,99.79024,2001
gerald henderson,195.58,97.52228,2009
gerald green,203.2,95.25432,2005
george hill,187.96,86.18248,2008
gary neal,193.04,95.25432,Undrafted
garrett temple,198.12,88.45044,Undrafted
francisco garcia,200.66,88.45044,2005
festus ezeli,210.82,115.66596,2012
fab melo,213.36,115.66596,2012
evan turner,200.66,99.79024,2010
goran dragic,190.5,86.18248,2008
evan fournier,198.12,90.7184,2012
eric maynor,190.5,79.3786,2009
eric gordon,190.5,97.52228,2008
eric bledsoe,185.42,88.45044,2010
enes kanter,210.82,121.109064,2011
emeka okafor,208.28,115.66596,2004
elton brand,205.74,115.212368,1999
ekpe udoh,208.28,111.13004,2010
eddy curry,213.36,133.80964,2001
ed davis,208.28,105.233344,2010
earl watson,185.42,90.264808,2001
earl clark,208.28,102.0582,2009
ersan ilyasova,208.28,106.59412,2005
james harden,195.58,99.79024,2009
gordon hayward,203.2,95.25432,2010
greg monroe,210.82,113.398,2010
jameer nelson,182.88,86.18248,2004
jamal crawford,195.58,90.7184,2000
jamaal tinsley,190.5,89.357624,2001
jae crowder,198.12,106.59412,2012
javale mcgee,213.36,114.305184,2008
jr smith,198.12,99.79024,2004
jj redick,193.04,86.18248,2006
jj hickson,205.74,109.769264,2008
jj barea,182.88,79.3786,Undrafted
ivan johnson,203.2,115.66596,Undrafted
ish smith,182.88,79.3786,Undrafted
grant hill,203.2,102.0582,1994
isaiah thomas,175.26,83.91452,2011
ian mahinmi,210.82,104.32616,2005
henry sims,208.28,111.13004,Undrafted
hedo turkoglu,208.28,99.79024,2000
hasheem thabeet,220.98,119.294696,2009
harrison barnes,203.2,95.25432,2012
hamed haddadi,218.44,120.20188,Undrafted
hakim warrick,205.74,99.336648,2005
gustavo ayon,208.28,113.398,Undrafted
greivis vasquez,198.12,95.707912,2010
greg stiemsma,210.82,117.93392,Undrafted
greg smith,208.28,113.398,Undrafted
iman shumpert,195.58,99.79024,2011
josh howard,200.66,95.25432,2003
josh mcroberts,208.28,108.86208,2007
josh selby,187.96,83.007336,2011
meyers leonard,215.9,111.13004,2012
metta world peace,200.66,117.93392,1999
maurice harkless,203.2,95.25432,2012
matt carroll,198.12,96.161504,Undrafted
matt bonner,208.28,106.59412,2003
matt barnes,200.66,102.511792,2002
marvin williams,205.74,111.13004,2005
martell webster,200.66,104.32616,2005
marreese speights,208.28,115.66596,2008
marquis teague,187.96,86.18248,2012
marquis daniels,198.12,90.7184,Undrafted
michael beasley,208.28,106.59412,2008
markieff morris,208.28,111.13004,2011
marcus thornton,193.04,92.98636,2009
marcus morris,205.74,106.59412,2011
marcus camby,210.82,108.86208,1996
marco belinelli,195.58,88.45044,2007
marcin gortat,210.82,108.86208,2005
marc gasol,215.9,120.20188,2007
marshon brooks,195.58,90.7184,2011
manu ginobili,198.12,92.98636,1999
malcolm thomas,205.74,102.0582,Undrafted
malcolm lee,195.58,90.7184,2011
maalik wayns,185.42,88.45044,Undrafted
mario chalmers,187.96,86.18248,2008
luol deng,205.74,99.79024,2004
michael kiddgilchrist,200.66,105.233344,2012
mickael pietrus,198.12,97.52228,2003
orlando johnson,195.58,99.79024,2012
omri casspi,205.74,102.0582,2009
omer asik,213.36,115.66596,2008
oj mayo,193.04,95.25432,2008
norris cole,187.96,79.3786,2011
nolan smith,187.96,83.91452,2011
nikola vucevic,213.36,108.86208,2011
nikola pekovic,210.82,131.54168,2008
nicolas batum,203.2,90.7184,2008
nick young,200.66,95.25432,2007
nick collison,208.28,115.66596,2003
mickael gelabale,200.66,97.52228,2005
nene,210.82,113.398,2002
nate robinson,175.26,81.64656,2005
nando de colo,195.58,90.7184,2009
monta ellis,190.5,83.91452,2005
mo williams,185.42,88.45044,2003
mirza teletovic,205.74,115.66596,Undrafted
miles plumlee,210.82,115.66596,2012
mike scott,203.2,107.501304,2012
mike miller,203.2,95.25432,2000
mike james,187.96,85.275296,Undrafted
mike dunleavy,205.74,104.32616,2002
mike conley,185.42,83.91452,2007
nazr mohammed,208.28,113.398,1998
luke zeller,210.82,111.13004,Undrafted
luke walton,203.2,106.59412,2003
luke ridnour,187.96,79.3786,2003
kim english,198.12,90.7184,2012
khris middleton,200.66,97.52228,2012
keyon dooling,190.5,88.45044,2000
kevin seraphin,205.74,124.7378,2010
kevin murphy,198.12,83.91452,2012
kevin martin,200.66,83.91452,2004
kevin love,208.28,117.93392,2008
kevin jones,203.2,117.93392,Undrafted
kevin garnett,210.82,114.758776,1995
kevin durant,205.74,106.59412,2007
kenyon martin,205.74,108.86208,2000
kirk hinrich,193.04,86.18248,2003
kent bazemore,195.58,91.171992,Undrafted
kendrick perkins,208.28,122.46984,2003
kendall marshall,193.04,88.45044,2012
kemba walker,185.42,83.46092800000001,2011
keith bogans,195.58,97.52228,2003
kawhi leonard,200.66,102.0582,2011
juwan howard,205.74,113.398,1994
justin holiday,198.12,83.91452,Undrafted
justin dentmon,180.34,83.91452,Undrafted
julyan stone,198.12,90.7184,Undrafted
jrue holiday,193.04,92.98636,2009
josh smith,205.74,102.0582,2004
kenneth faried,203.2,103.418976,2011
klay thompson,200.66,92.98636,2011
kobe bryant,198.12,92.98636,1996
kosta koufos,213.36,120.20188,2008
luke babbitt,205.74,102.0582,2010
luis scola,205.74,111.13004,2002
luc mbah a moute,203.2,104.32616,2008
lou williams,185.42,79.3786,2005
lou amundson,205.74,102.0582,Undrafted
linas kleiza,203.2,106.140528,2005
leandro barbosa,190.5,87.996848,2003
lebron james,203.2,113.398,2003
lazar hayward,198.12,102.0582,2010
lavoy allen,205.74,115.66596,2011
larry sanders,210.82,106.59412,2010
landry fields,200.66,97.52228,2010
lance thomas,203.2,102.0582,Undrafted
lance stephenson,195.58,103.418976,2010
lamar odom,208.28,104.32616,1999
lamarcus aldridge,210.82,108.86208,2006
kyrie irving,190.5,86.636072,2011
kyle singler,203.2,104.32616,2011
kyle oquinn,208.28,108.86208,2012
kyle lowry,182.88,92.98636,2006
kyle korver,200.66,96.161504,2003
kwame brown,210.82,131.54168,2001
kurt thomas,205.74,108.86208,1995
kris joseph,200.66,95.25432,2012
kris humphries,205.74,106.59412,2004
andrew goudelock,190.5,90.7184,2011
andrew bogut,213.36,117.93392,2005
randy foye,193.04,96.615096,2006
al jefferson,208.28,131.088088,2004
andrei kirilenko,205.74,106.59412,1999
andrea bargnani,213.36,116.119552,2006
andre miller,187.96,90.7184,1999
andre drummond,208.28,122.46984,2012
andray blatche,210.82,117.93392,2005
anderson varejao,210.82,117.93392,2004
amir johnson,205.74,95.25432,2005
amare stoudemire,210.82,111.13004,2002
andre iguodala,198.12,93.893544,2004
alexey shved,198.12,82.553744,Undrafted
alec burks,198.12,91.625584,2011
alan anderson,198.12,99.79024,Undrafted
alfarouq aminu,205.74,97.52228,2010
etwaun moore,193.04,86.636072,2011
al horford,208.28,113.398,2007
al harrington,205.74,111.13004,1998
aaron gray,213.36,122.46984,2007
alonzo gee,198.12,99.336648,Undrafted
hedo turkoglu,208.28,99.79024,2000
hasheem thabeet,220.98,119.294696,2009
harrison barnes,203.2,95.25432,2012
hamady ndiaye,213.36,106.59412,2010
gustavo ayon,208.28,113.398,Undrafted
greg oden,213.36,123.830616,2007
greg stiemsma,210.82,117.93392,Undrafted
greg smith,208.28,113.398,Undrafted
greg monroe,210.82,113.398,2010
henry sims,208.28,112.490816,Undrafted
greivis vasquez,198.12,95.707912,2010
hilton armstrong,210.82,106.59412,2006
jj redick,193.04,86.18248,2006
ian clark,190.5,78.471416,Undrafted
ian mahinmi,210.82,113.398,2005
iman shumpert,195.58,99.79024,2011
isaiah canaan,182.88,85.275296,2013
isaiah thomas,175.26,83.91452,2011
ish smith,182.88,79.3786,Undrafted
jj barea,182.88,80.73937600000001,Undrafted
jj hickson,205.74,109.769264,2008
gorgui dieng,210.82,107.954896,2013
jr smith,198.12,99.79024,2004
javale mcgee,213.36,122.46984,2008
jae crowder,198.12,106.59412,2012
hollis thompson,203.2,93.439952,Undrafted
gordon hayward,203.2,99.79024,2010
george hill,190.5,85.275296,2008
glen rice,198.12,93.439952,2013
earl watson,185.42,90.264808,2001
ed davis,208.28,102.0582,2010
ekpe udoh,208.28,111.13004,2010
elias harris,203.2,108.408488,Undrafted
elliot williams,196.0,86.0,2010
elton brand,205.74,115.212368,1999
enes kanter,210.82,112.037224,2011
eric bledsoe,185.42,88.45044,2010
eric gordon,193.04,97.52228,2008
eric maynor,190.5,79.3786,2009
erik murphy,208.28,104.32616,2013
ersan ilyasova,208.28,106.59412,2005
evan fournier,198.12,90.7184,2012
evan turner,200.66,99.79024,2010
francisco garcia,200.66,88.45044,2005
gal mekel,190.5,86.636072,Undrafted
garrett temple,198.12,88.45044,Undrafted
gary neal,193.04,95.25432,Undrafted
jamaal franklin,195.58,86.636072,2013
gerald green,203.2,95.25432,2005
gerald henderson,195.58,97.52228,2009
gerald wallace,200.66,99.79024,2001
giannis antetokounmpo,205.74,92.98636,2013
gigi datome,203.2,97.52228,Undrafted
glen davis,205.74,131.088088,2007
goran dragic,190.5,86.18248,2008
jamaal tinsley,190.5,85.275296,2001
jan vesely,213.36,109.769264,2011
jameer nelson,182.88,86.18248,2004
jerryd bayless,190.5,90.7184,2008
jimmer fredette,187.96,88.45044,2011
jimmy butler,200.66,99.79024,2011
joakim noah,210.82,105.233344,2007
jodie meeks,193.04,94.347136,2009
joe johnson,200.66,108.86208,2001
joel anthony,205.74,111.13004,Undrafted
joel freeland,208.28,102.0582,2006
john henson,210.82,99.79024,2012
john jenkins,193.04,97.52228,2012
john lucas,180.34,75.296272,Undrafted
john salmons,198.12,93.893544,2002
john wall,193.04,88.45044,2010
jon leuer,208.28,103.418976,2011
jonas jerebko,208.28,104.779752,2009
jonas valanciunas,210.82,104.779752,2011
jordan crawford,193.04,88.45044,2010
jordan farmar,187.96,81.64656,2006
jordan hamilton,200.66,99.79024,2011
jordan hill,208.28,106.59412,2009
jorge gutierrez,190.5,88.45044,Undrafted
jose calderon,190.5,95.707912,Undrafted
josh childress,203.2,95.25432,2004
josh harrellson,208.28,124.7378,2011
josh mcroberts,208.28,108.86208,2007
jermaine oneal,210.82,115.66596,1996
jamal crawford,195.58,90.7184,2000
jeremy tyler,208.28,113.398,2011
jeremy lamb,195.58,83.91452,2012
james anderson,198.12,95.25432,2010
james harden,195.58,99.79024,2009
james johnson,205.74,112.490816,2009
james jones,203.2,97.52228,2003
james nunnally,200.66,92.98636,Undrafted
james southerland,203.2,97.52228,Undrafted
earl clark,208.28,106.140528,2009
jannero pargo,185.42,83.91452,Undrafted
jared cunningham,193.04,88.45044,2012
jared dudley,200.66,102.0582,2007
jared sullinger,205.74,117.93392,2012
jarrett jack,190.5,90.7184,2005
jarvis varnado,205.74,104.32616,2010
jason collins,213.36,115.66596,2001
jason maxiell,200.66,117.93392,2005
jason smith,213.36,108.86208,2007
jason terry,187.96,81.64656,1999
jason thompson,210.82,113.398,2008
jeff adrien,201.0,111.0,Undrafted
jeff ayres,205.74,113.398,2009
jeff green,205.74,106.59412,2007
jeff teague,187.96,82.10015200000001,2009
jeff withey,213.36,106.59412,2013
jeffery taylor,200.66,102.0582,2012
jeremy evans,205.74,89.357624,2010
jeremy lin,190.5,90.7184,Undrafted
etwaun moore,193.04,86.636072,2011
donald sloan,190.5,92.98636,Undrafted
dwight howard,210.82,120.20188,2004
brandan wright,208.28,95.25432,2007
brandon bass,203.2,113.398,2005
brandon davies,208.28,108.86208,Undrafted
brandon jennings,185.42,76.657048,2009
brandon knight,190.5,85.728888,2011
brandon rush,198.12,105.68693600000002,2008
brian roberts,185.42,78.471416,Undrafted
brook lopez,213.36,124.7378,2008
byron mullens,213.36,124.7378,2009
cj watson,187.96,79.3786,Undrafted
cj mccollum,193.04,90.7184,2013
cj miles,198.12,104.779752,2005
carl landry,205.74,112.490816,2007
carlos boozer,205.74,120.655472,2002
carmelo anthony,203.2,106.59412,2003
caron butler,200.66,103.418976,2002
carrick felix,198.12,91.171992,2013
cartier martin,200.66,99.79024,Undrafted
casper ware,177.8,79.3786,Undrafted
chandler parsons,205.74,102.965384,2011
channing frye,210.82,111.13004,2005
charlie villanueva,210.82,105.233344,2005
chase budinger,200.66,94.800728,2009
chauncey billups,190.5,95.25432,1997
chris andersen,208.28,111.13004,Undrafted
bradley beal,195.58,93.893544,2012
chris babb,195.58,102.0582,Undrafted
boris diaw,203.2,113.398,2003
bismack biyombo,205.74,111.13004,2011
andre miller,187.96,90.7184,1999
andre roberson,200.66,95.25432,2013
andrea bargnani,213.36,113.398,2006
andrei kirilenko,205.74,106.59412,1999
andrew bogut,213.36,117.93392,2005
andrew bynum,213.36,129.27372,2005
andrew nicholson,205.74,113.398,2012
andris biedrins,213.36,113.398,2004
antawn jamison,205.74,106.59412,1998
anthony bennett,203.2,117.480328,2013
anthony davis,208.28,99.79024,2012
anthony morrow,195.58,95.25432,Undrafted
anthony tolliver,203.2,108.86208,Undrafted
archie goodwin,195.58,89.811216,2013
arinze onuaku,205.74,124.7378,Undrafted
arnett moultrie,208.28,108.86208,2012
aron baynes,208.28,117.93392,Undrafted
arron afflalo,195.58,97.52228,2007
austin daye,210.82,90.7184,2009
austin rivers,193.04,90.7184,2012
avery bradley,187.96,81.64656,2010
ben gordon,190.5,90.7184,2004
ben mclemore,195.58,88.45044,2013
beno udrih,190.5,95.25432,2004
bernard james,208.28,108.86208,2012
blake griffin,208.28,113.851592,2009
dwyane wade,193.04,99.79024,2003
chris bosh,210.82,106.59412,2003
chris douglasroberts,200.66,95.25432,2008
deandre liggins,198.12,94.800728,2011
dejuan blair,200.66,122.46984,2009
demar derozan,200.66,97.975872,2009
demarcus cousins,210.82,122.46984,2010
demarre carroll,203.2,96.161504,2009
dennis schroder,185.42,76.203456,2013
derek fisher,185.42,95.25432,1996
deron williams,190.5,94.800728,2005
derrick favors,208.28,121.562656,2010
derrick rose,190.5,86.18248,2008
derrick williams,203.2,108.86208,2011
devin harris,190.5,87.089664,2004
dewayne dedmon,213.36,115.66596,Undrafted
dexter pittman,210.82,129.27372,2010
diante garrett,193.04,86.18248,Undrafted
dion waiters,193.04,102.0582,2012
dionte christmas,195.58,92.98636,Undrafted
dirk nowitzki,213.36,111.13004,1998
josh powell,205.74,108.86208,Undrafted
donatas motiejunas,213.36,100.697424,2011
dorell wright,205.74,92.98636,2004
doron lamb,193.04,90.7184,2012
draymond green,200.66,104.32616,2012
drew gooden,208.28,113.398,2002
dwight buycks,190.5,86.18248,Undrafted
deandre jordan,210.82,120.20188,2008
chris copeland,203.2,106.59412,Undrafted
david west,205.74,113.398,2003
darren collison,182.88,79.3786,2009
chris johnson,198.12,91.171992,Undrafted
chris kaman,213.36,120.20188,2003
chris paul,182.88,79.3786,2005
chris singleton,205.74,103.418976,2011
chris smith,187.96,90.7184,Undrafted
chris wright,205.74,102.511792,Undrafted
chuck hayes,198.12,113.398,Undrafted
cody zeller,213.36,108.86208,2013
cole aldrich,210.82,111.13004,2010
corey brewer,205.74,83.91452,2007
cory joseph,190.5,86.18248,2011
courtney lee,195.58,90.7184,2008
dj augustin,182.88,83.007336,2008
dj stephens,195.58,85.275296,Undrafted
dj white,205.74,113.398,2008
damian lillard,190.5,88.45044,2012
damion james,200.66,102.0582,2010
daniel orton,208.28,124.7378,2010
danny granger,205.74,103.418976,2005
danny green,198.12,97.52228,2009
dante cunningham,203.2,100.243832,2009
darius johnsonodom,187.96,97.52228,2012
darius miller,203.2,102.0582,2012
darius morris,193.04,88.45044,2011
darrell arthur,205.74,106.59412,2008
david lee,205.74,108.86208,2005
josh smith,205.74,102.0582,2004
kendrick perkins,208.28,122.46984,2003
julyan stone,198.12,90.7184,Undrafted
royce white,203.2,117.93392,2012
rudy gay,203.2,104.32616,2006
rudy gobert,215.9,111.13004,2013
russell westbrook,190.5,90.7184,2008
ryan anderson,208.28,108.86208,2008
ryan gomes,200.66,111.13004,2005
ryan hollins,213.36,108.86208,2006
ryan kelly,210.82,104.32616,2013
samuel dalembert,210.82,113.398,2001
sasha vujacic,200.66,92.98636,2004
scotty hopson,200.66,92.532768,Undrafted
serge ibaka,208.28,111.13004,2008
sergey karasev,200.66,88.904032,2013
seth curry,187.96,83.91452,Undrafted
shabazz muhammad,198.12,100.697424,2013
shane battier,203.2,99.79024,2001
shane edwards,200.66,99.79024,Undrafted
shane larkin,180.34,79.83219199999998,2013
shannon brown,193.04,95.25432,2006
shaun livingston,200.66,79.3786,2004
shavlik randolph,208.28,107.047712,Undrafted
shawn marion,200.66,103.418976,1999
shawne williams,205.74,104.32616,2006
shelvin mack,190.5,93.893544,2011
solomon hill,200.66,102.0582,2013
royal ivey,193.04,90.7184,2004
solomon jones,208.28,106.59412,2006
roy hibbert,218.44,131.54168,2008
ronnie price,187.96,86.18248,Undrafted
quincy acy,200.66,102.0582,2012
quincy miller,205.74,95.25432,2012
quincy pondexter,198.12,102.0582,2010
rajon rondo,185.42,84.368112,2006
ramon sessions,190.5,86.18248,2007
randy foye,193.04,96.615096,2006
rashard lewis,208.28,106.59412,1998
rasual butler,200.66,97.52228,2002
ray allen,195.58,92.98636,1996
ray mccallum,190.5,86.18248,2013
raymond felton,185.42,92.98636,2005
reggie bullock,200.66,92.98636,2013
reggie evans,203.2,111.13004,Undrafted
reggie jackson,190.5,94.347136,2011
reggie williams,201.0,86.0,Undrafted
richard jefferson,200.66,106.140528,2001
ricky ledo,200.66,88.45044,2013
ricky rubio,193.04,83.91452,2009
robbie hummel,203.2,99.79024,2012
robert covington,205.74,97.52228,Undrafted
robert sacre,213.36,117.93392,2012
robin lopez,213.36,115.66596,2008
rodney stuckey,195.58,92.98636,2007
roger mason,195.58,92.98636,2002
ronnie brewer,200.66,106.59412,2006
ronny turiaf,208.28,109.315672,2005
phil pressey,180.34,79.3786,Undrafted
spencer hawes,215.9,111.13004,2007
stephen jackson,203.2,99.79024,1997
tristan thompson,205.74,107.954896,2011
troy daniels,193.04,92.532768,Undrafted
ty lawson,180.34,88.45044,2009
tyler hansbrough,205.74,113.398,2009
tyler zeller,213.36,114.758776,2012
tyreke evans,198.12,99.79024,2009
tyshawn taylor,190.5,83.91452,2012
tyson chandler,215.9,108.86208,2001
udonis haslem,203.2,106.59412,Undrafted
vander blue,193.04,90.7184,Undrafted
viacheslav kravtsov,210.82,115.212368,Undrafted
victor claver,205.74,101.604608,2009
victor oladipo,193.04,97.52228,2013
vince carter,198.12,99.79024,1998
vitor faverani,210.82,117.93392,Undrafted
wayne ellington,193.04,90.7184,2009
wesley johnson,200.66,97.52228,2010
wesley matthews,195.58,99.79024,Undrafted
will barton,198.12,79.3786,2012
will bynum,182.88,83.91452,Undrafted
willie green,190.5,91.171992,2003
wilson chandler,203.2,102.0582,2007
xavier henry,198.12,99.79024,2010
zach randolph,205.74,117.93392,2001
zaza pachulia,210.82,124.7378,2003
trey burke,185.42,86.18248,2013
stephen curry,190.5,83.91452,2009
trevor booker,203.2,106.59412,2010
travis outlaw,205.74,93.893544,2003
steve blake,190.5,78.017824,2003
steve nash,190.5,80.73937600000001,1996
steve novak,208.28,106.59412,2006
steven adams,213.36,115.66596,2013
taj gibson,205.74,102.0582,2009
tayshaun prince,205.74,97.52228,2002
terrence jones,205.74,114.305184,2012
terrence ross,198.12,88.45044,2012
thabo sefolosha,200.66,100.697424,2006
thaddeus young,203.2,104.32616,2007
thomas robinson,208.28,107.501304,2012
tiago splitter,210.82,111.13004,2007
tim duncan,210.82,113.398,1997
tim hardaway,198.12,92.98636,2013
timofey mozgov,215.9,113.398,Undrafted
tobias harris,205.74,106.59412,2011
toney douglas,187.96,88.45044,2009
tony allen,193.04,96.615096,2004
tony mitchell,198.12,97.975872,Undrafted
tony mitchell,203.2,106.59412,2013
tony parker,187.96,83.91452,2001
tony snell,200.66,90.7184,2013
tony wroten,198.12,92.98636,2012
tornike shengelia,205.74,99.79024,2012
toure murry,195.58,88.45044,Undrafted
trevor ariza,203.2,99.79024,2004
jrue holiday,193.04,92.98636,2009
peyton siva,182.88,83.91452,2013
pero antic,210.82,117.93392,Undrafted
lance thomas,203.2,102.0582,Undrafted
landry fields,200.66,97.52228,2010
larry sanders,210.82,106.59412,2010
lavoy allen,205.74,115.66596,2011
lebron james,203.2,113.398,2003
leandro barbosa,190.5,87.996848,2003
lorenzo brown,195.58,88.45044,2013
lou amundson,205.74,102.0582,Undrafted
lou williams,185.42,79.3786,2005
luc mbah a moute,203.2,104.32616,2008
luis scola,205.74,108.86208,2002
luke babbitt,205.74,102.0582,2010
luke ridnour,187.96,79.3786,2003
luol deng,205.74,99.79024,2004
maalik wayns,185.42,88.45044,Undrafted
malcolm thomas,205.74,102.0582,Undrafted
manny harris,195.58,83.91452,Undrafted
manu ginobili,198.12,92.98636,1999
marshon brooks,195.58,90.7184,2011
marc gasol,215.9,120.20188,2007
marcin gortat,210.82,108.86208,2005
marco belinelli,195.58,95.25432,2007
marcus morris,205.74,106.59412,2011
marcus thornton,193.04,92.98636,2009
mario chalmers,187.96,86.18248,2008
lance stephenson,195.58,104.32616,2010
markieff morris,208.28,111.13004,2011
lamarcus aldridge,210.82,108.86208,2006
kyle singler,203.2,104.32616,2011
justin hamilton,213.36,115.66596,2012
kawhi leonard,200.66,104.32616,2011
keith bogans,195.58,97.52228,2003
kelly olynyk,213.36,107.954896,2013
kemba walker,185.42,83.46092800000001,2011
kendall marshall,193.04,88.45044,2012
andre iguodala,198.12,93.893544,2004
kenneth faried,203.2,103.418976,2011
kent bazemore,195.58,91.171992,Undrafted
kentavious caldwellpope,195.58,92.98636,2013
kenyon martin,205.74,102.0582,2000
kevin durant,205.74,108.86208,2007
kevin garnett,210.82,114.758776,1995
kevin love,208.28,110.222856,2008
kevin martin,200.66,89.357624,2004
kevin seraphin,208.28,126.098576,2010
khris middleton,203.2,98.429464,2012
kirk hinrich,193.04,86.18248,2003
klay thompson,200.66,92.98636,2011
kobe bryant,198.12,92.98636,1996
kosta koufos,213.36,120.20188,2008
kris humphries,205.74,106.59412,2004
kyle korver,200.66,96.161504,2003
kyle lowry,182.88,92.98636,2006
kyle oquinn,208.28,113.398,2012
kyrie irving,190.5,87.543256,2011
perry jones,210.82,106.59412,2012
marquis teague,187.96,86.18248,2012
martell webster,200.66,104.32616,2005
nemanja nedovic,190.5,87.089664,2013
nene,210.82,113.398,2002
nick calathes,198.12,96.615096,2009
nick collison,208.28,115.66596,2003
nick young,200.66,95.25432,2007
nicolas batum,203.2,90.7184,2008
nikola pekovic,210.82,129.27372,2008
nikola vucevic,213.36,113.398,2011
norris cole,187.96,79.3786,2011
oj mayo,193.04,95.25432,2008
ognjen kuzmic,213.36,113.851592,2012
omer asik,213.36,115.66596,2008
omri casspi,205.74,102.0582,2009
orlando johnson,195.58,99.79024,2012
othyus jeffers,195.58,95.25432,Undrafted
otto porter,203.2,89.811216,2013
pj tucker,198.12,101.604608,2006
pablo prigioni,190.5,83.91452,Undrafted
patrick beverley,185.42,83.91452,2009
patrick patterson,205.74,106.59412,2010
patty mills,182.88,83.91452,2009
pau gasol,213.36,113.398,2001
paul george,205.74,99.79024,2010
paul millsap,203.2,114.758776,2006
paul pierce,200.66,106.59412,1998
nazr mohammed,208.28,113.398,1998
marreese speights,208.28,115.66596,2008
nate wolters,193.04,86.18248,2013
nando de colo,195.58,88.45044,2009
marvin williams,205.74,107.501304,2005
mason plumlee,210.82,106.59412,2013
matt barnes,200.66,102.511792,2002
matt bonner,208.28,106.59412,2003
matthew dellavedova,193.04,90.7184,Undrafted
maurice harkless,205.74,99.79024,2012
melvin ely,208.28,117.93392,2002
metta world peace,200.66,117.93392,1999
meyers leonard,215.9,111.13004,2012
michael beasley,208.28,106.59412,2008
michael carterwilliams,198.12,83.91452,2013
michael kiddgilchrist,200.66,105.233344,2012
mike conley,185.42,83.91452,2007
mike dunleavy,205.74,104.32616,2002
mike harris,198.12,109.769264,Undrafted
mike james,187.96,85.275296,Undrafted
mike miller,203.2,98.883056,2000
mike muscala,210.82,108.408488,2013
mike scott,203.2,107.501304,2012
miles plumlee,210.82,115.66596,2012
miroslav raduljica,213.36,113.398,Undrafted
mirza teletovic,205.74,109.769264,Undrafted
mo williams,185.42,88.45044,2003
monta ellis,190.5,83.91452,2005
mustafa shakur,190.5,86.18248,Undrafted
nate robinson,175.26,81.64656,2005
andre drummond,208.28,122.46984,2012
anthony randolph,210.82,102.0582,2008
anderson varejao,210.82,121.109064,2004
andray blatche,210.82,117.93392,2005
aj price,187.96,88.45044,2009
aaron brooks,182.88,73.028312,2007
aaron gray,213.36,122.46984,2007
al harrington,205.74,111.13004,1998
al horford,208.28,113.398,2007
al jefferson,208.28,131.088088,2004
alfarouq aminu,205.74,97.52228,2010
adonis thomas,200.66,108.86208,Undrafted
alec burks,198.12,95.707912,2011
alex len,215.9,115.66596,2013
alexey shved,198.12,84.821704,Undrafted
alexis ajinca,218.44,112.490816,2008
allen crabbe,198.12,95.25432,2013
alonzo gee,198.12,102.0582,Undrafted
amare stoudemire,210.82,111.13004,2002
alan anderson,198.12,99.79024,Undrafted
amir johnson,205.74,95.25432,2005
patrick patterson,205.74,106.59412,2010
patty mills,182.88,83.91452,2009
pau gasol,213.36,113.398,2001
paul george,205.74,99.79024,2010
paul millsap,203.2,114.758776,2006
phil pressey,180.34,79.3786,Undrafted
pero antic,210.82,117.93392,Undrafted
perry jones,210.82,106.59412,2012
quincy acy,200.66,108.86208,2012
patrick christopher,196.0,94.0,Undrafted
quincy miller,205.74,95.25432,2012
paul pierce,200.66,106.59412,1998
patrick beverley,185.42,95.25432,2009
oj mayo,195.58,95.25432,2008
pj tucker,198.12,101.604608,2006
pj hairston,198.12,104.32616,2014
otto porter,203.2,89.811216,2013
omri casspi,205.74,102.0582,2009
omer asik,213.36,115.66596,2008
ognjen kuzmic,213.36,117.93392,2012
quincy pondexter,200.66,99.79024,2010
norris cole,187.96,79.3786,2011
noah vonleh,208.28,108.86208,2014
nikola vucevic,213.36,117.93392,2011
nikola pekovic,210.82,133.80964,2008
nikola mirotic,208.28,99.79024,2011
pablo prigioni,190.5,83.91452,Undrafted
rajon rondo,185.42,84.368112,2006
richard jefferson,200.66,106.140528,2001
randy foye,193.04,96.615096,2006
samuel dalembert,210.82,115.66596,2001
ryan kelly,210.82,104.32616,2013
ryan hollins,213.36,108.86208,2006
ryan anderson,208.28,108.86208,2008
russell westbrook,190.5,90.7184,2008
russ smith,182.88,74.84268,2014
rudy gobert,215.9,111.13004,2013
rudy gay,203.2,104.32616,2006
roy hibbert,218.44,131.54168,2008
ronny turiaf,208.28,112.944408,2005
ronnie price,187.96,86.18248,Undrafted
rodney stuckey,195.58,92.98636,2007
rodney hood,203.2,97.52228,2014
robin lopez,213.36,115.66596,2008
robert sacre,213.36,122.46984,2012
robert covington,205.74,97.52228,Undrafted
robbie hummel,205.74,99.336648,2012
ricky rubio,193.04,87.089664,2009
ricky ledo,200.66,88.45044,2013
nik stauskas,198.12,92.98636,2014
reggie williams,201.0,86.0,Undrafted
reggie jackson,190.5,94.347136,2011
reggie evans,203.2,111.13004,Undrafted
reggie bullock,200.66,92.98636,2013
raymond felton,185.42,92.98636,2005
ray mccallum,190.5,86.18248,2013
rasual butler,200.66,97.52228,2002
ramon sessions,190.5,86.18248,2007
nicolas batum,203.2,90.7184,2008
monta ellis,190.5,83.91452,2005
nick johnson,190.5,91.625584,2014
markel brown,190.5,86.18248,2014
mario chalmers,187.96,86.18248,2008
marcus thornton,193.04,92.98636,2009
marcus smart,193.04,99.79024,2014
marcus morris,205.74,106.59412,2011
marco belinelli,195.58,95.25432,2007
marcin gortat,210.82,108.86208,2005
marc gasol,215.9,120.20188,2007
manu ginobili,198.12,92.98636,1999
malcolm thomas,205.74,102.0582,Undrafted
malcolm lee,195.58,90.7184,2011
luol deng,205.74,99.79024,2004
luke ridnour,187.96,79.3786,2003
luke babbitt,205.74,102.0582,2010
luis scola,205.74,108.86208,2002
lucas nogueira,213.36,99.79024,2013
luc mbah a moute,203.2,104.32616,2008
lou williams,185.42,79.3786,2005
lou amundson,205.74,102.0582,Undrafted
lorenzo brown,195.58,85.728888,2013
lester hudson,190.5,86.18248,2009
leandro barbosa,190.5,87.996848,2003
lebron james,203.2,113.398,2003
lavoy allen,205.74,115.66596,2011
larry sanders,210.82,104.32616,2010
larry drew,187.96,81.64656,Undrafted
langston galloway,187.96,90.7184,Undrafted
markieff morris,208.28,111.13004,2011
nick young,200.66,95.25432,2007
marreese speights,208.28,115.66596,2008
marvin williams,205.74,107.501304,2005
nick collison,208.28,115.66596,2003
nick calathes,198.12,96.615096,2009
nerlens noel,210.82,103.418976,2013
nene,210.82,113.398,2002
nazr mohammed,208.28,113.398,1998
nate wolters,193.04,86.18248,2013
nate robinson,175.26,81.64656,2005
sean kilpatrick,193.04,95.25432,Undrafted
mo williams,185.42,89.811216,2003
mitch mcgary,208.28,115.66596,2014
mirza teletovic,205.74,109.769264,Undrafted
miroslav raduljica,213.36,113.398,Undrafted
miles plumlee,210.82,115.66596,2012
mike scott,203.2,107.501304,2012
mike muscala,210.82,104.32616,2013
mike miller,203.2,98.883056,2000
mike dunleavy,205.74,104.32616,2002
mike conley,185.42,79.3786,2007
michael kiddgilchrist,200.66,105.233344,2012
michael carterwilliams,198.12,86.18248,2013
michael beasley,208.28,106.59412,2008
meyers leonard,215.9,111.13004,2012
maurice harkless,205.74,97.52228,2012
matthew dellavedova,193.04,90.7184,Undrafted
matt bonner,208.28,106.59412,2003
matt barnes,200.66,102.511792,2002
mason plumlee,210.82,106.59412,2013
martell webster,200.66,104.32616,2005
sebastian telfair,182.88,77.11064,2004
shavlik randolph,208.28,107.047712,Undrafted
sergey karasev,200.66,94.347136,2013
arron afflalo,195.58,97.52228,2007
austin daye,210.82,99.79024,2009
austin rivers,193.04,90.7184,2012
avery bradley,187.96,81.64656,2010
ben gordon,190.5,92.98636,2004
ben mclemore,195.58,88.45044,2013
beno udrih,190.5,92.98636,2004
bernard james,208.28,106.59412,2012
bismack biyombo,205.74,111.13004,2011
blake griffin,208.28,113.851592,2009
bojan bogdanovic,203.2,97.975872,2011
boris diaw,203.2,113.398,2003
bradley beal,195.58,93.893544,2012
brandan wright,208.28,95.25432,2007
brandon bass,203.2,113.398,2005
tyreke evans,198.12,99.79024,2009
tyrus thomas,208.28,102.0582,2006
tyson chandler,215.9,108.86208,2001
udonis haslem,203.2,106.59412,Undrafted
vander blue,193.04,90.7184,Undrafted
andre miller,187.96,90.7184,1999
andre iguodala,198.12,97.52228,2004
andre drummond,210.82,126.552168,2012
andre dawkins,195.58,99.336648,Undrafted
anderson varejao,210.82,121.109064,2004
amir johnson,205.74,108.86208,2005
amare stoudemire,208.28,111.13004,2002
aron baynes,208.28,117.93392,Undrafted
alonzo gee,198.12,102.0582,Undrafted
arinze onuaku,205.74,124.7378,Undrafted
anthony tolliver,203.2,108.86208,Undrafted
tobias harris,205.74,106.59412,2011
toney douglas,187.96,88.45044,2009
tony allen,193.04,96.615096,2004
tony parker,187.96,83.91452,2001
tony snell,200.66,90.7184,2013
tony wroten,198.12,92.98636,2012
toure murry,195.58,88.45044,Undrafted
travis wear,208.28,102.0582,Undrafted
trevor ariza,203.2,97.52228,2004
trevor booker,203.2,104.32616,2010
trey burke,185.42,83.91452,2013
tristan thompson,205.74,107.954896,2011
troy daniels,193.04,92.98636,Undrafted
ty lawson,180.34,88.45044,2009
tyler ennis,190.5,79.3786,2014
tyler hansbrough,205.74,113.398,2009
tyler johnson,190.5,86.18248,Undrafted
tyler zeller,213.36,114.758776,2012
andre roberson,200.66,95.25432,2013
andrea bargnani,213.36,111.13004,2006
andrei kirilenko,205.74,106.59412,1999
andrew bogut,213.36,117.93392,2005
andrew nicholson,205.74,113.398,2012
andrew wiggins,203.2,90.264808,2014
anthony bennett,203.2,111.13004,2013
anthony davis,208.28,99.79024,2012
anthony morrow,195.58,95.25432,Undrafted
archie goodwin,195.58,89.811216,2013
serge ibaka,208.28,111.13004,2008
allen crabbe,198.12,95.25432,2013
alexey shved,198.12,84.821704,Undrafted
thaddeus young,203.2,100.243832,2007
thabo sefolosha,200.66,100.697424,2006
terrence ross,200.66,88.45044,2012
terrence jones,205.74,115.66596,2012
tayshaun prince,205.74,97.52228,2002
tarik black,210.82,116.573144,Undrafted
taj gibson,205.74,102.0582,2009
tj warren,203.2,97.52228,2014
steven adams,213.36,115.66596,2013
steve novak,208.28,102.0582,2006
steve blake,190.5,78.017824,2003
stephen curry,190.5,86.18248,2009
spencer hawes,215.9,111.13004,2007
spencer dinwiddie,198.12,90.7184,2014
solomon hill,200.66,102.0582,2013
sim bhullar,226.06,163.29312,Undrafted
shelvin mack,190.5,93.893544,2011
shayne whittington,210.82,113.398,Undrafted
shawne williams,208.28,104.32616,2006
shawn marion,200.66,103.418976,1999
landry fields,200.66,97.52228,2010
shaun livingston,200.66,87.089664,2004
shannon brown,190.5,97.52228,2006
shane larkin,180.34,79.3786,2013
shabazz napier,185.42,79.3786,2014
shabazz muhammad,198.12,102.965384,2013
seth curry,187.96,83.91452,Undrafted
thomas robinson,208.28,107.501304,2012
alexis ajinca,218.44,112.490816,2008
tiago splitter,210.82,111.13004,2007
tim frazier,185.42,77.11064,Undrafted
alex len,215.9,115.66596,2013
alex kirk,213.36,111.13004,Undrafted
alec burks,198.12,95.707912,2011
alan anderson,198.12,99.79024,Undrafted
alfarouq aminu,205.74,97.52228,2010
al jefferson,208.28,131.088088,2004
al horford,208.28,113.398,2007
adreian payne,208.28,111.13004,2014
aaron gordon,205.74,99.79024,2014
aaron brooks,182.88,73.028312,2007
aj price,187.96,88.45044,2009
victor claver,205.74,101.604608,2009
victor oladipo,193.04,95.25432,2013
vince carter,198.12,99.79024,1998
wayne ellington,193.04,90.7184,2009
wesley johnson,200.66,97.52228,2010
wesley matthews,195.58,99.79024,Undrafted
will barton,198.12,79.3786,2012
will bynum,182.88,83.91452,Undrafted
will cherry,183.0,83.0,Undrafted
willie green,190.5,92.98636,2003
wilson chandler,203.2,102.0582,2007
xavier henry,198.12,99.79024,2010
zach lavine,195.58,83.007336,2014
zach randolph,205.74,117.93392,2001
zaza pachulia,210.82,122.46984,2003
zoran dragic,195.58,90.7184,Undrafted
tim duncan,210.82,113.398,1997
lance thomas,203.2,102.0582,Undrafted
kris humphries,205.74,106.59412,2004
lamarcus aldridge,210.82,108.86208,2006
ekpe udoh,208.28,111.13004,2010
ed davis,208.28,108.86208,2010
earl clark,208.28,106.140528,2009
earl barron,213.36,113.398,Undrafted
etwaun moore,193.04,86.636072,2011
dwyane wade,193.04,99.79024,2003
dwight powell,210.82,108.86208,2014
dwight howard,210.82,124.7378,2004
dwight buycks,190.5,86.18248,Undrafted
drew gordon,205.74,111.13004,Undrafted
drew gooden,208.28,113.398,2002
draymond green,200.66,104.32616,2012
elfrid payton,193.04,83.91452,2014
doug mcdermott,203.2,102.0582,2014
donatas motiejunas,213.36,115.66596,2011
donald sloan,190.5,92.98636,Undrafted
dirk nowitzki,213.36,111.13004,1998
dion waiters,193.04,102.0582,2012
dewayne dedmon,213.36,111.13004,Undrafted
devyn marble,198.12,90.7184,2014
devin harris,190.5,87.089664,2004
derrick williams,203.2,108.86208,2011
derrick rose,190.5,86.18248,2008
derrick favors,208.28,118.841104,2010
deron williams,190.5,90.7184,2005
dennis schroder,185.42,76.203456,2013
dorell wright,205.74,92.98636,2004
elijah millsap,198.12,97.52228,Undrafted
elliot williams,196.0,86.0,2010
elton brand,205.74,115.212368,1999
gorgui dieng,210.82,105.68693600000002,2013
gordon hayward,203.2,102.0582,2010
goran dragic,190.5,86.18248,2008
glenn robinson,200.66,100.697424,2014
glen rice,198.12,93.439952,2013
glen davis,205.74,131.088088,2007
gigi datome,203.2,97.52228,Undrafted
giannis antetokounmpo,210.82,98.429464,2013
gerald wallace,200.66,99.79024,2001
gerald henderson,195.58,97.52228,2009
gerald green,203.2,95.25432,2005
george hill,190.5,85.275296,2008
gary neal,193.04,95.25432,Undrafted
gary harris,193.04,95.25432,2014
garrett temple,198.12,88.45044,Undrafted
gal mekel,190.5,86.636072,Undrafted
furkan aldemir,208.28,108.86208,2012
francisco garcia,200.66,97.52228,2005
festus ezeli,210.82,120.20188,2012
evan turner,200.66,99.79024,2010
evan fournier,200.66,92.98636,2012
ersan ilyasova,208.28,106.59412,2005
erick green,193.04,83.91452,2013
eric moreland,208.28,98.883056,Undrafted
eric gordon,193.04,97.52228,2008
eric bledsoe,185.42,88.45044,2010
enes kanter,210.82,111.13004,2011
demarre carroll,203.2,96.161504,2009
demarcus cousins,210.82,122.46984,2010
demar derozan,200.66,99.79024,2009
dejuan blair,200.66,122.46984,2009
chris copeland,203.2,106.59412,Undrafted
chris bosh,210.82,106.59412,2003
chris andersen,208.28,111.13004,Undrafted
chase budinger,200.66,94.800728,2009
charlie villanueva,210.82,105.233344,2005
channing frye,210.82,115.66596,2005
chandler parsons,205.74,102.965384,2011
cartier martin,200.66,99.79024,Undrafted
caron butler,200.66,103.418976,2002
carmelo anthony,203.2,108.86208,2003
carlos boozer,205.74,117.026736,2002
carl landry,205.74,112.490816,2007
cameron bairstow,205.74,113.398,2014
cj wilcox,195.58,88.45044,2014
cj miles,198.12,104.779752,2005
cj mccollum,193.04,90.7184,2013
cj watson,187.96,79.3786,Undrafted
bryce cotton,185.42,74.84268,Undrafted
bruno caboclo,205.74,92.98636,2014
brook lopez,213.36,124.7378,2008
brian roberts,185.42,78.471416,Undrafted
brendan haywood,213.36,119.294696,2001
brandon rush,198.12,99.79024,2008
brandon knight,190.5,85.728888,2011
brandon jennings,185.42,76.657048,2009
brandon davies,208.28,108.86208,Undrafted
tim hardaway,198.12,95.25432,2013
chris douglasroberts,200.66,95.25432,2008
grant jerrett,208.28,105.233344,2013
chris johnson,198.12,91.171992,Undrafted
chris paul,182.88,79.3786,2005
deandre jordan,210.82,120.20188,2008
david west,205.74,113.398,2003
david wear,208.28,104.32616,Undrafted
david stockton,180.34,74.84268,Undrafted
david lee,205.74,111.13004,2005
darren collison,182.88,79.3786,2009
darrell arthur,205.74,106.59412,2008
darius morris,193.04,88.45044,2011
darius miller,203.2,102.0582,2012
dante exum,198.12,86.18248,2014
dante cunningham,203.2,104.32616,2009
danny green,198.12,97.52228,2009
danny granger,205.74,100.697424,2005
danilo gallinari,208.28,102.0582,2008
damjan rudez,208.28,90.7184,Undrafted
damian lillard,190.5,88.45044,2012
dahntay jones,198.12,102.0582,2003
dj augustin,182.88,83.007336,2008
courtney lee,195.58,90.7184,2008
cory joseph,190.5,86.18248,2011
cory jefferson,205.74,98.883056,2014
corey brewer,205.74,84.368112,2007
cole aldrich,210.82,113.398,2010
cody zeller,213.36,108.86208,2013
clint capela,208.28,108.86208,2014
cleanthony early,203.2,99.79024,2014
chuck hayes,198.12,108.86208,Undrafted
chris kaman,213.36,120.20188,2003
greg monroe,210.82,113.398,2010
greg smith,208.28,113.398,Undrafted
greg stiemsma,210.82,117.93392,Undrafted
julius randle,205.74,113.398,2014
jrue holiday,193.04,92.98636,2009
josh smith,205.74,102.0582,2004
josh mcroberts,208.28,108.86208,2007
jose calderon,190.5,90.7184,Undrafted
jorge gutierrez,190.5,88.45044,Undrafted
jordan hill,208.28,106.59412,2009
jordan hamilton,200.66,99.79024,2011
jordan farmar,187.96,81.64656,2006
jordan clarkson,195.58,83.91452,2014
jordan adams,195.58,94.800728,2014
jonas valanciunas,213.36,115.66596,2011
jonas jerebko,208.28,104.779752,2009
jon leuer,208.28,103.418976,2011
johnny obryant,205.74,120.20188,2014
john wall,193.04,88.45044,2010
john salmons,198.12,95.25432,2002
john lucas,180.34,75.296272,Undrafted
john jenkins,193.04,97.52228,2012
john henson,210.82,104.32616,2012
joffrey lauvergne,210.82,99.79024,2013
joey dorsey,205.74,124.7378,2008
joel freeland,208.28,102.0582,2006
joel anthony,205.74,111.13004,Undrafted
joe johnson,200.66,108.86208,2001
joe ingles,203.2,97.975872,Undrafted
joe harris,198.12,102.0582,2014
justin hamilton,213.36,115.66596,2012
jodie meeks,193.04,95.25432,2009
justin holiday,198.12,83.91452,Undrafted
kj mcdaniels,198.12,92.98636,2014
kyrie irving,190.5,87.543256,2011
kyle singler,203.2,103.418976,2011
kyle oquinn,208.28,113.398,2012
kyle lowry,182.88,92.98636,2006
kyle korver,200.66,96.161504,2003
kyle anderson,205.74,104.32616,2014
kostas papanikolaou,203.2,106.59412,2012
kosta koufos,213.36,120.20188,2008
kobe bryant,198.12,96.161504,1996
klay thompson,200.66,97.52228,2011
kirk hinrich,193.04,86.18248,2003
khris middleton,200.66,102.0582,2012
kevin seraphin,208.28,126.098576,2010
kevin martin,200.66,92.532768,2004
kevin love,208.28,110.222856,2008
kevin garnett,210.82,114.758776,1995
kevin durant,205.74,108.86208,2007
kenyon martin,205.74,102.0582,2000
kentavious caldwellpope,195.58,92.98636,2013
kent bazemore,195.58,91.171992,Undrafted
kenneth faried,203.2,103.418976,2011
kendrick perkins,208.28,122.46984,2003
kendall marshall,193.04,90.7184,2012
kemba walker,185.42,83.46092800000001,2011
kelly olynyk,213.36,107.954896,2013
kawhi leonard,200.66,104.32616,2011
kalin lucas,185.42,84.368112,Undrafted
jusuf nurkic,210.82,127.00576,2014
lance stephenson,195.58,104.32616,2010
joakim noah,210.82,105.233344,2007
jimmer fredette,187.96,88.45044,2011
jameer nelson,182.88,86.18248,2004
jamal crawford,195.58,90.7184,2000
jamaal franklin,195.58,86.636072,2013
jae crowder,198.12,106.59412,2012
jack cooley,205.74,111.583632,Undrafted
jabari parker,203.2,108.86208,2014
jabari brown,195.58,97.068688,Undrafted
javale mcgee,213.36,122.46984,2008
jamychal green,203.2,104.32616,Undrafted
jakarr sampson,205.74,97.068688,Undrafted
jr smith,198.12,102.0582,2004
jj redick,193.04,86.18248,2006
jj hickson,205.74,109.769264,2008
jj barea,182.88,83.91452,Undrafted
ish smith,182.88,79.3786,Undrafted
isaiah thomas,175.26,83.91452,2011
isaiah canaan,182.88,91.171992,2013
iman shumpert,195.58,99.79024,2011
ian mahinmi,210.82,113.398,2005
ian clark,190.5,81.64656,Undrafted
hollis thompson,203.2,93.439952,Undrafted
henry walker,198.12,106.59412,2008
henry sims,208.28,112.490816,Undrafted
hedo turkoglu,208.28,99.79024,2000
hassan whiteside,213.36,120.20188,2010
harrison barnes,203.2,102.0582,2012
greivis vasquez,198.12,90.7184,2010
james ennis,200.66,94.347136,2013
jimmy butler,200.66,99.79024,2011
james harden,195.58,102.0582,2009
james jones,203.2,97.52228,2003
jerryd bayless,190.5,90.7184,2008
jerrelle benimon,203.0,111.0,Undrafted
jerome jordan,213.36,114.758776,2010
jeremy lin,190.5,90.7184,Undrafted
jeremy lamb,195.58,83.91452,2012
jeremy evans,205.74,90.7184,2010
jerel mcneal,190.5,90.7184,Undrafted
jerami grant,203.2,95.25432,2014
jeffery taylor,200.66,102.0582,2012
jeff withey,213.36,100.697424,2013
jeff teague,187.96,82.10015200000001,2009
jeff green,205.74,106.59412,2007
jeff ayres,205.74,113.398,2009
jeff adrien,201.0,111.0,Undrafted
jason thompson,210.82,113.398,2008
jason terry,187.96,83.91452,1999
jason smith,213.36,111.13004,2007
jason richardson,198.12,102.0582,2001
jason maxiell,200.66,117.93392,2005
jarrett jack,190.5,90.7184,2005
jarnell stokes,205.74,119.294696,2014
jared sullinger,205.74,117.93392,2012
jared dudley,200.66,102.0582,2007
jared cunningham,193.04,88.45044,2012
jannero pargo,185.42,83.91452,Undrafted
james young,198.12,97.52228,2014
james michael mcadoo,205.74,104.32616,Undrafted
james johnson,205.74,113.398,2009
timofey mozgov,215.9,113.398,Undrafted
hollis thompson,203.2,93.439952,Undrafted
zach randolph,205.74,117.93392,2001
garrett temple,198.12,88.45044,Undrafted
gary harris,193.04,95.25432,2014
gary neal,193.04,95.25432,Undrafted
george hill,190.5,85.275296,2008
gerald green,200.66,92.98636,2005
gerald henderson,195.58,97.52228,2009
giannis antetokounmpo,210.82,100.697424,2013
glenn robinson,200.66,100.697424,2014
goran dragic,190.5,86.18248,2008
gordon hayward,203.2,102.511792,2010
gorgui dieng,210.82,109.315672,2013
greg monroe,210.82,120.20188,2010
greg smith,208.28,113.398,Undrafted
greivis vasquez,198.12,98.429464,2010
harrison barnes,203.2,102.0582,2012
hassan whiteside,213.36,120.20188,2010
henry sims,208.28,112.490816,Undrafted
zaza pachulia,210.82,124.7378,2003
ian clark,190.5,79.3786,Undrafted
ian mahinmi,210.82,113.398,2005
iman shumpert,195.58,99.79024,2011
isaiah canaan,182.88,91.171992,2013
isaiah thomas,175.26,83.91452,2011
ish smith,182.88,79.3786,Undrafted
jj barea,182.88,83.91452,Undrafted
frank kaminsky,213.36,108.86208,2015
festus ezeli,210.82,120.20188,2012
evan turner,200.66,99.79024,2010
evan fournier,200.66,92.98636,2012
dewayne dedmon,213.36,111.13004,Undrafted
dion waiters,193.04,99.79024,2012
dirk nowitzki,213.36,111.13004,1998
donald sloan,190.5,92.98636,Undrafted
donatas motiejunas,213.36,100.697424,2011
doug mcdermott,203.2,102.0582,2014
draymond green,200.66,104.32616,2012
drew gooden,208.28,113.398,2002
duje dukan,205.74,99.79024,Undrafted
dwight howard,210.82,120.20188,2004
dwight powell,210.82,108.86208,2014
dwyane wade,193.04,99.79024,2003
jj hickson,205.74,109.769264,2008
etwaun moore,193.04,86.636072,2011
edy tavares,220.98,117.93392,2014
elfrid payton,193.04,83.91452,2014
elijah millsap,198.12,102.0582,Undrafted
elliot williams,196.0,86.0,2010
elton brand,205.74,115.212368,1999
emmanuel mudiay,195.58,90.7184,2015
enes kanter,210.82,111.13004,2011
eric bledsoe,185.42,86.18248,2010
eric gordon,193.04,97.52228,2008
eric moreland,208.28,107.954896,Undrafted
erick green,193.04,83.91452,2013
ersan ilyasova,208.28,106.59412,2005
ed davis,208.28,108.86208,2010
jj obrien,200.66,99.79024,Undrafted
jj redick,193.04,86.18248,2006
jr smith,198.12,102.0582,2004
jeremy evans,205.74,90.7184,2010
jeremy lamb,195.58,83.91452,2012
jeremy lin,190.5,90.7184,Undrafted
jerian grant,193.04,88.45044,2015
jerryd bayless,190.5,90.7184,2008
jimmer fredette,187.96,88.45044,2011
jimmy butler,200.66,99.79024,2011
joakim noah,210.82,105.233344,2007
jodie meeks,193.04,95.25432,2009
joe harris,198.12,99.336648,2014
joe ingles,203.2,102.511792,Undrafted
joe johnson,200.66,108.86208,2001
jerami grant,203.2,95.25432,2014
joe young,187.96,81.64656,2015
joffrey lauvergne,210.82,99.79024,2013
john henson,210.82,103.872568,2012
john jenkins,193.04,97.52228,2012
john wall,193.04,88.45044,2010
johnny obryant,205.74,116.573144,2014
jon leuer,208.28,103.418976,2011
jonas jerebko,208.28,104.779752,2009
jonas valanciunas,213.36,115.66596,2011
jonathon simmons,198.12,88.45044,Undrafted
jordan adams,195.58,94.800728,2014
jordan clarkson,195.58,87.996848,2014
jordan farmar,187.96,81.64656,2006
joel anthony,205.74,111.13004,Undrafted
devyn marble,198.12,90.7184,2014
jeff withey,213.36,104.779752,2013
jeff green,205.74,106.59412,2007
jakarr sampson,205.74,97.068688,Undrafted
jamychal green,205.74,102.965384,Undrafted
javale mcgee,213.36,122.46984,2008
jabari parker,203.2,113.398,2014
jae crowder,198.12,106.59412,2012
jahlil okafor,210.82,124.7378,2015
jamal crawford,195.58,88.45044,2000
jameer nelson,182.88,86.18248,2004
james anderson,198.12,96.615096,2010
james ennis,200.66,95.25432,2013
james harden,195.58,99.79024,2009
james johnson,205.74,113.398,2009
jeff teague,187.96,84.368112,2009
james jones,203.2,98.883056,2003
james young,198.12,97.52228,2014
jared cunningham,193.04,88.45044,2012
jared dudley,200.66,102.0582,2007
jared sullinger,205.74,117.93392,2012
jarell eddie,200.66,98.883056,Undrafted
jarell martin,208.28,108.408488,2015
jarnell stokes,205.74,119.294696,2014
jarrett jack,190.5,90.7184,2005
jason smith,213.36,108.86208,2007
jason terry,187.96,83.91452,1999
jason thompson,210.82,113.398,2008
jeff ayres,205.74,113.398,2009
james michael mcadoo,205.74,108.86208,Undrafted
jordan hamilton,200.66,99.79024,2011
devin harris,190.5,83.91452,2004
derrick rose,190.5,86.18248,2008
anthony morrow,195.58,95.25432,Undrafted
anthony tolliver,203.2,108.86208,Undrafted
archie goodwin,195.58,90.7184,2013
aron baynes,208.28,117.93392,Undrafted
arron afflalo,195.58,95.25432,2007
austin rivers,193.04,90.7184,2012
avery bradley,187.96,81.64656,2010
axel toupane,200.66,95.25432,Undrafted
ben mclemore,195.58,88.45044,2013
beno udrih,190.5,92.98636,2004
bismack biyombo,205.74,111.13004,2011
blake griffin,208.28,113.851592,2009
boban marjanovic,220.98,131.54168,Undrafted
bobby portis,210.82,104.32616,2015
bojan bogdanovic,203.2,97.975872,2011
boris diaw,203.2,113.398,2003
bradley beal,195.58,93.893544,2012
brandan wright,208.28,95.25432,2007
branden dawson,198.12,102.0582,2015
brandon bass,203.2,113.398,2005
brandon jennings,185.42,76.657048,2009
brandon knight,190.5,85.728888,2011
brandon rush,198.12,99.79024,2008
brian roberts,185.42,78.471416,Undrafted
briante weber,187.96,74.84268,Undrafted
anthony davis,208.28,114.758776,2012
anthony brown,200.66,95.25432,2015
anthony bennett,203.2,111.13004,2013
andrew wiggins,203.2,90.264808,2014
aaron brooks,182.88,73.028312,2007
aaron gordon,205.74,99.79024,2014
aaron harrison,198.12,95.25432,Undrafted
adreian payne,208.28,107.501304,2014
al horford,208.28,111.13004,2007
al jefferson,208.28,131.088088,2004
alfarouq aminu,205.74,97.52228,2010
alan anderson,198.12,99.79024,Undrafted
alan williams,203.2,117.93392,Undrafted
alec burks,198.12,97.068688,2011
alex len,215.9,117.93392,2013
alex stepheson,208.28,122.46984,Undrafted
brook lopez,213.36,124.7378,2008
alexis ajinca,218.44,112.490816,2008
alonzo gee,198.12,102.0582,Undrafted
amare stoudemire,208.28,111.13004,2002
amir johnson,205.74,108.86208,2005
anderson varejao,210.82,123.830616,2004
andre drummond,210.82,126.552168,2012
andre iguodala,198.12,97.52228,2004
andre miller,190.5,90.7184,1999
andre roberson,200.66,95.25432,2013
andrea bargnani,213.36,111.13004,2006
andrew bogut,213.36,117.93392,2005
andrew goudelock,190.5,90.7184,2011
andrew nicholson,205.74,113.398,2012
allen crabbe,198.12,95.25432,2013
bruno caboclo,205.74,92.98636,2014
bryce cotton,185.42,74.84268,Undrafted
bryce dejeanjones,198.12,92.079176,Undrafted
coty clarke,200.66,102.0582,Undrafted
courtney lee,195.58,90.7184,2008
cristiano felicio,208.28,124.7378,Undrafted
dangelo russell,195.58,88.45044,2015
dj augustin,182.88,83.007336,2008
dahntay jones,198.12,102.0582,2003
damian lillard,190.5,88.45044,2012
damien inglis,203.2,111.583632,2014
damjan rudez,205.74,104.32616,Undrafted
danilo gallinari,208.28,102.0582,2008
danny green,198.12,97.52228,2009
dante cunningham,203.2,104.32616,2009
cory joseph,190.5,86.18248,2011
darrell arthur,205.74,106.59412,2008
darrun hilliard,198.12,92.98636,2015
david lee,205.74,111.13004,2005
david west,205.74,113.398,2003
deandre jordan,210.82,120.20188,2008
dejuan blair,200.66,122.46984,2009
demar derozan,200.66,99.79024,2009
demarcus cousins,210.82,122.46984,2010
demarre carroll,203.2,96.161504,2009
delon wright,195.58,86.18248,2015
dennis schroder,185.42,78.017824,2013
deron williams,190.5,90.7184,2005
derrick favors,208.28,120.20188,2010
darren collison,182.88,79.3786,2009
devin booker,198.12,93.439952,2015
cory jefferson,205.74,98.883056,2014
cole aldrich,210.82,113.398,2010
cj watson,187.96,79.3786,Undrafted
cj mccollum,193.04,90.7184,2013
cj miles,198.12,104.779752,2005
cj wilcox,195.58,88.45044,2014
cameron bairstow,205.74,113.398,2014
cameron payne,190.5,83.91452,2015
carl landry,205.74,112.490816,2007
carmelo anthony,203.2,108.86208,2003
caron butler,200.66,103.418976,2002
chandler parsons,208.28,104.32616,2011
channing frye,210.82,115.66596,2005
charlie villanueva,210.82,105.233344,2005
corey brewer,205.74,84.368112,2007
chase budinger,200.66,94.800728,2009
chris bosh,210.82,106.59412,2003
chris copeland,205.74,108.408488,Undrafted
chris johnson,198.12,93.439952,Undrafted
chris kaman,213.36,120.20188,2003
chris mccullough,210.82,90.7184,2015
chris paul,182.88,79.3786,2005
christian wood,210.82,99.79024,Undrafted
chuck hayes,198.12,108.86208,Undrafted
cleanthony early,203.2,95.25432,2014
cliff alexander,203.2,108.86208,Undrafted
clint capela,208.28,108.86208,2014
cody zeller,213.36,108.86208,2013
chris andersen,208.28,111.13004,Undrafted
jordan hill,208.28,106.59412,2009
derrick williams,203.2,108.86208,2011
jordan mickey,203.2,106.59412,2015
robin lopez,213.36,115.66596,2008
rodney hood,203.2,93.439952,2014
rodney stuckey,195.58,92.98636,2007
rondae hollisjefferson,200.66,99.79024,2015
ronnie price,187.96,86.18248,Undrafted
roy hibbert,218.44,122.46984,2008
rudy gay,203.2,104.32616,2006
rudy gobert,215.9,111.13004,2013
russ smith,182.88,74.84268,2014
russell westbrook,190.5,90.7184,2008
ryan anderson,208.28,108.86208,2008
ryan hollins,213.36,108.86208,2006
ryan kelly,210.82,104.32616,2013
salah mejri,218.44,111.13004,Undrafted
sam dekker,205.74,104.32616,2015
sasha kaun,210.82,117.93392,2008
sasha vujacic,200.66,88.45044,2004
sean kilpatrick,193.04,99.336648,Undrafted
serge ibaka,208.28,111.13004,2008
sergey karasev,200.66,94.347136,2013
seth curry,187.96,83.91452,Undrafted
shabazz muhammad,198.12,101.151016,2013
shabazz napier,185.42,79.3786,2014
shane larkin,180.34,79.3786,2013
shaun livingston,200.66,87.089664,2004
robert sacre,213.36,122.46984,2012
robert covington,205.74,97.52228,Undrafted
ricky rubio,193.04,87.996848,2009
richaun holmes,208.28,111.13004,2015
pj hairston,198.12,104.32616,2014
pj tucker,198.12,111.13004,2006
pablo prigioni,190.5,83.91452,Undrafted
pat connaughton,195.58,93.439952,2015
patrick beverley,185.42,83.91452,2009
patrick patterson,205.74,106.59412,2010
patty mills,182.88,83.91452,2009
pau gasol,213.36,113.398,2001
paul george,205.74,99.79024,2010
paul millsap,203.2,111.583632,2006
paul pierce,200.66,106.59412,1998
phil pressey,180.34,79.3786,Undrafted
shayne whittington,210.82,113.398,Undrafted
quincy acy,200.66,108.86208,2012
rajon rondo,185.42,84.368112,2006
rakeem christmas,205.74,113.398,2015
ramon sessions,190.5,86.18248,2007
randy foye,193.04,96.615096,2006
rashad vaughn,198.12,91.625584,2015
rasual butler,200.66,97.52228,2002
raul neto,185.42,81.19296800000001,2013
ray mccallum,190.5,86.18248,2013
raymond felton,185.42,92.98636,2005
reggie bullock,200.66,92.98636,2013
reggie jackson,190.5,94.347136,2011
richard jefferson,200.66,105.68693600000002,2001
rj hunter,195.58,83.91452,2015
solomon hill,200.66,102.0582,2013
sonny weems,198.12,92.98636,2008
spencer dinwiddie,198.12,90.7184,2014
trevor ariza,203.2,97.52228,2004
trevor booker,203.2,103.418976,2010
trey burke,185.42,86.636072,2013
trey lyles,208.28,106.140528,2015
tristan thompson,205.74,107.954896,2011
troy daniels,193.04,92.98636,Undrafted
ty lawson,180.34,88.45044,2009
tyler ennis,190.5,87.996848,2014
tyler hansbrough,205.74,113.398,2009
tyler johnson,193.04,84.368112,Undrafted
tyler zeller,213.36,114.758776,2012
tyreke evans,198.12,99.79024,2009
tony wroten,198.12,92.98636,2012
tyson chandler,215.9,108.86208,2001
udonis haslem,203.2,106.59412,Undrafted
victor oladipo,193.04,95.25432,2013
vince carter,198.12,99.79024,1998
wayne ellington,193.04,90.7184,2009
wesley johnson,200.66,97.52228,2010
wesley matthews,195.58,99.79024,Undrafted
will barton,198.12,79.3786,2012
willie cauleystein,213.36,108.86208,2015
willie reed,208.28,99.79024,Undrafted
xavier munford,190.5,81.64656,Undrafted
zach lavine,195.58,85.728888,2014
jordan mcrae,195.58,81.19296800000001,2014
tyus jones,187.96,88.45044,2015
otto porter,203.2,89.811216,2013
tony snell,200.66,90.7184,2013
tony allen,193.04,96.615096,2004
spencer hawes,215.9,111.13004,2007
stanley johnson,200.66,111.13004,2015
stephen curry,190.5,86.18248,2009
steve blake,190.5,78.017824,2003
steve novak,208.28,102.0582,2006
steven adams,213.36,115.66596,2013
tj mcconnell,187.96,90.7184,Undrafted
tj warren,203.2,104.32616,2014
taj gibson,205.74,102.0582,2009
tarik black,205.74,113.398,Undrafted
tayshaun prince,205.74,96.161504,2002
terrence jones,205.74,114.305184,2012
tony parker,187.96,83.91452,2001
terrence ross,200.66,88.45044,2012
thabo sefolosha,200.66,99.79024,2006
thaddeus young,203.2,100.243832,2007
thanasis antetokounmpo,200.66,92.98636,2014
thomas robinson,208.28,107.501304,2012
tiago splitter,210.82,111.13004,2007
tibor pleiss,220.98,116.119552,2010
tim duncan,210.82,113.398,1997
tim frazier,185.42,77.11064,Undrafted
tim hardaway,198.12,92.98636,2013
timofey mozgov,215.9,124.7378,Undrafted
tobias harris,205.74,106.59412,2011
toney douglas,187.96,88.45044,2009
terry rozier,187.96,86.18248,2015
orlando johnson,195.58,99.79024,2012
shelvin mack,190.5,92.079176,2011
omer asik,213.36,115.66596,2008
khris middleton,203.2,106.140528,2012
kirk hinrich,193.04,86.18248,2003
klay thompson,200.66,97.52228,2011
kobe bryant,198.12,96.161504,1996
kosta koufos,213.36,120.20188,2008
kostas papanikolaou,203.2,106.59412,2012
kris humphries,205.74,106.59412,2004
kristaps porzingis,220.98,108.86208,2015
kyle anderson,205.74,104.32616,2014
kyle korver,200.66,96.161504,2003
kyle lowry,182.88,92.98636,2006
kyle oquinn,208.28,113.398,2012
kevin seraphin,208.28,126.098576,2010
kyle singler,203.2,103.418976,2011
lamarcus aldridge,210.82,108.86208,2006
lamar patterson,195.58,102.0582,2014
lance stephenson,195.58,104.32616,2010
lance thomas,203.2,106.59412,Undrafted
langston galloway,187.96,90.7184,Undrafted
larry nance,205.74,104.32616,2015
lavoy allen,205.74,115.66596,2011
lebron james,203.2,113.398,2003
leandro barbosa,190.5,87.996848,2003
lorenzo brown,195.58,85.728888,2013
lou amundson,205.74,99.79024,Undrafted
lou williams,185.42,79.3786,2005
kyrie irving,190.5,87.543256,2011
kevin martin,200.66,90.264808,2004
kevin love,208.28,113.851592,2008
kevin garnett,210.82,108.86208,1995
jorge gutierrez,190.5,85.728888,Undrafted
omri casspi,205.74,102.0582,2009
jose calderon,190.5,90.7184,Undrafted
josh huestis,200.66,104.32616,2014
josh mcroberts,208.28,108.86208,2007
josh richardson,198.12,90.7184,2015
josh smith,205.74,102.0582,2004
jrue holiday,193.04,92.98636,2009
julius randle,205.74,113.398,2014
justin anderson,198.12,103.418976,2015
justin harper,208.28,102.0582,2011
justin holiday,198.12,83.91452,Undrafted
justise winslow,200.66,102.0582,2015
jusuf nurkic,213.36,127.00576,2014
kj mcdaniels,198.12,92.98636,2014
karlanthony towns,213.36,110.676448,2015
kawhi leonard,200.66,104.32616,2011
keith appling,185.42,83.91452,Undrafted
kelly olynyk,213.36,107.954896,2013
kelly oubre jr,200.66,92.98636,2015
kemba walker,185.42,83.46092800000001,2011
kendall marshall,193.04,90.7184,2012
kendrick perkins,208.28,122.46984,2003
kenneth faried,203.2,103.418976,2011
kent bazemore,195.58,91.171992,Undrafted
kentavious caldwellpope,195.58,92.98636,2013
kevin durant,205.74,108.86208,2007
luc mbah a moute,203.2,104.32616,2008
lucas nogueira,213.36,99.79024,2013
kevon looney,205.74,99.79024,2015
luis montero,200.66,83.91452,Undrafted
mike miller,203.2,98.883056,2000
mike muscala,210.82,108.86208,2013
mike scott,203.2,107.501304,2012
miles plumlee,210.82,112.944408,2012
mirza teletovic,205.74,109.769264,Undrafted
mitch mcgary,208.28,115.66596,2014
mo williams,185.42,89.811216,2003
monta ellis,190.5,83.91452,2005
montrezl harrell,203.2,108.86208,2015
myles turner,210.82,110.222856,2015
nate robinson,175.26,81.64656,2005
nazr mohammed,208.28,113.398,1998
mike dunleavy,205.74,104.32616,2002
nemanja bjelica,208.28,108.86208,2010
nerlens noel,210.82,103.418976,2013
nick collison,208.28,115.66596,2003
nick young,200.66,95.25432,2007
nicolas batum,203.2,90.7184,2008
nik stauskas,198.12,92.98636,2014
nikola jokic,208.28,113.398,2014
nikola mirotic,208.28,99.79024,2011
nikola pekovic,210.82,139.252744,2008
nikola vucevic,213.36,117.93392,2011
noah vonleh,205.74,108.86208,2014
norman powell,193.04,97.52228,2015
norris cole,187.96,79.3786,2011
nene,210.82,113.398,2002
mike conley,185.42,79.3786,2007
oj mayo,195.58,95.25432,2008
marco belinelli,195.58,95.25432,2007
luis scola,205.74,108.86208,2002
luke babbitt,205.74,102.0582,2010
luol deng,205.74,99.79024,2004
manu ginobili,198.12,92.98636,1999
marc gasol,215.9,115.66596,2007
marcelo huertas,190.5,90.7184,Undrafted
marcin gortat,210.82,108.86208,2005
michael kiddgilchrist,200.66,105.233344,2012
marcus morris,205.74,106.59412,2011
marcus smart,193.04,99.79024,2014
marcus thornton,193.04,92.98636,2009
mario hezonja,203.2,98.883056,2015
mario chalmers,187.96,86.18248,2008
markieff morris,208.28,111.13004,2011
michael carterwilliams,198.12,86.18248,2013
michael beasley,208.28,106.59412,2008
meyers leonard,215.9,111.13004,2012
metta world peace,200.66,117.93392,1999
markel brown,190.5,86.18248,2014
matthew dellavedova,193.04,89.811216,Undrafted
maurice harkless,205.74,97.52228,2012
matt barnes,200.66,102.511792,2002
mason plumlee,210.82,106.59412,2013
marvin williams,205.74,107.501304,2005
marreese speights,208.28,115.66596,2008
matt bonner,208.28,106.59412,2003
metta world peace,200.66,117.93392,1999
matthew dellavedova,193.04,89.811216,Undrafted
maurice harkless,205.74,99.79024,2012
maurice ndour,205.74,90.7184,Undrafted
meyers leonard,215.9,115.66596,2012
marc gasol,215.9,115.66596,2007
michael carterwilliams,198.12,86.18248,2013
michael gbinije,200.66,90.7184,2016
michael kiddgilchrist,200.66,105.233344,2012
mike conley,185.42,79.3786,2007
mike dunleavy,205.74,104.32616,2002
michael beasley,208.28,106.59412,2008
matt barnes,200.66,102.511792,2002
marcelo huertas,190.5,90.7184,Undrafted
marvin williams,205.74,107.501304,2005
marshall plumlee,213.36,113.398,Undrafted
marreese speights,208.28,115.66596,2008
marquese chriss,208.28,105.68693600000002,2016
markieff morris,208.28,111.13004,2011
mario hezonja,203.2,98.883056,2015
marcus thornton,193.04,92.98636,2009
marcus smart,193.04,99.79024,2014
marcus morris,205.74,106.59412,2011
marcus georgeshunt,198.12,99.79024,Undrafted
marco belinelli,195.58,95.25432,2007
marcin gortat,210.82,108.86208,2005
mike miller,203.2,98.883056,2000
mason plumlee,210.82,115.66596,2013
mike muscala,210.82,108.86208,2013
nicolas batum,203.2,90.7184,2008
mike tobey,213.36,117.93392,Undrafted
pj tucker,198.12,111.13004,2006
otto porter,203.2,89.811216,2013
pascal siakam,205.74,104.32616,2016
omri casspi,205.74,102.0582,2009
omer asik,213.36,115.66596,2008
okaro white,203.2,92.532768,Undrafted
norris cole,187.96,79.3786,2011
norman powell,193.04,97.52228,2015
noah vonleh,205.74,111.13004,2014
nikola vucevic,213.36,117.93392,2011
nikola mirotic,208.28,107.954896,2011
nikola jokic,208.28,113.398,2014
mike scott,203.2,107.501304,2012
nik stauskas,198.12,92.98636,2014
nicolas brussino,203.2,97.52228,Undrafted
nick young,200.66,95.25432,2007
nick collison,208.28,115.66596,2003
nerlens noel,210.82,103.418976,2013
nene,210.82,113.398,2002
nemanja bjelica,208.28,102.0582,2010
myles turner,210.82,110.222856,2015
montrezl harrell,203.2,108.86208,2015
monta ellis,190.5,83.91452,2005
mirza teletovic,205.74,111.13004,Undrafted
mindaugas kuzminskas,205.74,97.52228,Undrafted
miles plumlee,210.82,112.944408,2012
nicolas laprovittola,193.04,81.64656,Undrafted
manu ginobili,198.12,92.98636,1999
josh mcroberts,208.28,108.86208,2007
malik beasley,195.58,88.904032,2016
kevon looney,205.74,99.79024,2015
kevin seraphin,208.28,126.098576,2010
kevin love,208.28,113.851592,2008
kevin durant,205.74,108.86208,2007
kentavious caldwellpope,195.58,92.98636,2013
kent bazemore,195.58,91.171992,Undrafted
kenneth faried,203.2,103.418976,2011
kemba walker,185.42,83.46092800000001,2011
kelly oubre jr,200.66,92.98636,2015
kelly olynyk,213.36,107.954896,2013
kay felder,175.26,79.83219199999998,2016
kawhi leonard,200.66,104.32616,2011
khris middleton,203.2,106.140528,2012
karlanthony towns,213.36,110.676448,2015
jusuf nurkic,213.36,127.00576,2014
justise winslow,200.66,102.0582,2015
justin holiday,198.12,83.91452,Undrafted
justin harper,208.28,102.0582,2011
justin hamilton,213.36,115.66596,2012
justin anderson,198.12,103.418976,2015
julius randle,205.74,113.398,2014
juancho hernangomez,205.74,104.32616,2016
jrue holiday,193.04,92.98636,2009
josh richardson,198.12,90.7184,2015
pat connaughton,195.58,95.25432,2015
josh huestis,200.66,104.32616,2014
kj mcdaniels,198.12,92.98636,2014
klay thompson,200.66,97.52228,2011
kosta koufos,213.36,120.20188,2008
kris dunn,193.04,92.98636,2016
malcolm delaney,190.5,86.18248,Undrafted
malcolm brogdon,195.58,97.52228,2016
malachi richardson,198.12,92.98636,2016
luol deng,205.74,99.79024,2004
luke babbitt,205.74,102.0582,2010
luis scola,205.74,109.315672,2002
lucas nogueira,213.36,99.79024,2013
luc mbah a moute,203.2,104.32616,2008
lou williams,185.42,79.3786,2005
leandro barbosa,190.5,87.996848,2003
lebron james,203.2,113.398,2003
lavoy allen,205.74,117.93392,2011
larry sanders,210.82,104.32616,2010
larry nance,205.74,104.32616,2015
langston galloway,187.96,90.7184,Undrafted
lance thomas,203.2,106.59412,Undrafted
lance stephenson,195.58,104.32616,2010
lamar patterson,195.58,102.0582,2014
lamarcus aldridge,210.82,117.93392,2006
kyrie irving,190.5,87.543256,2011
kyle wiltjer,208.28,108.86208,Undrafted
kyle singler,203.2,103.418976,2011
kyle oquinn,208.28,113.398,2012
kyle lowry,182.88,92.98636,2006
kyle korver,200.66,96.161504,2003
kyle anderson,205.74,104.32616,2014
kristaps porzingis,220.98,108.86208,2015
manny harris,195.58,83.91452,Undrafted
patricio garino,198.12,92.079176,Undrafted
zach lavine,195.58,83.91452,2014
patrick mccaw,200.66,83.91452,2016
trevor ariza,203.2,97.52228,2004
treveon graham,198.12,102.511792,Undrafted
tony snell,200.66,98.429464,2013
tony parker,187.96,83.91452,2001
tony allen,193.04,96.615096,2004
toney douglas,187.96,88.45044,2009
tomas satoransky,200.66,95.25432,2012
tobias harris,205.74,106.59412,2011
timothe luwawucabarrot,198.12,92.98636,2016
timofey mozgov,215.9,124.7378,Undrafted
tim quarterman,198.12,86.18248,Undrafted
tim hardaway,198.12,92.98636,2013
trevor booker,203.2,103.418976,2010
tim frazier,185.42,77.11064,Undrafted
thon maker,215.9,101.151016,2016
thomas robinson,208.28,107.501304,2012
thaddeus young,203.2,100.243832,2007
thabo sefolosha,200.66,99.79024,2006
terry rozier,187.96,86.18248,2015
terrence ross,200.66,88.45044,2012
terrence jones,205.74,115.66596,2012
taurean prince,203.2,99.79024,2016
tarik black,205.74,113.398,Undrafted
taj gibson,205.74,107.047712,2009
tj warren,203.2,102.0582,2014
tj mcconnell,187.96,90.7184,Undrafted
tiago splitter,210.82,111.13004,2007
trey burke,185.42,86.636072,2013
trey lyles,208.28,106.140528,2015
tristan thompson,205.74,107.954896,2011
jose calderon,190.5,90.7184,Undrafted
zaza pachulia,210.82,124.7378,2003
zach randolph,205.74,117.93392,2001
yogi ferrell,182.88,81.64656,Undrafted
wilson chandler,203.2,102.0582,2007
willy hernangomez,210.82,108.86208,2015
willie reed,210.82,111.13004,Undrafted
willie cauleystein,213.36,108.86208,2015
will barton,198.12,79.3786,2012
wesley matthews,195.58,99.79024,Undrafted
wesley johnson,200.66,97.52228,2010
wayne selden,195.58,104.32616,Undrafted
wayne ellington,193.04,90.7184,2009
wade baldwin,193.04,91.625584,2016
vince carter,198.12,99.79024,1998
victor oladipo,193.04,95.25432,2013
udonis haslem,203.2,106.59412,Undrafted
tyus jones,187.96,88.45044,2015
tyson chandler,215.9,108.86208,2001
tyreke evans,198.12,99.79024,2009
tyler zeller,213.36,114.758776,2012
tyler ulis,177.8,68.0388,2016
tyler johnson,193.04,84.368112,Undrafted
tyler ennis,190.5,87.996848,2014
ty lawson,180.34,88.45044,2009
troy williams,200.66,95.25432,Undrafted
troy daniels,193.04,92.98636,Undrafted
steven adams,213.36,115.66596,2013
patrick beverley,185.42,83.91452,2009
steve novak,208.28,102.0582,2006
stephen curry,190.5,86.18248,2009
robin lopez,213.36,115.66596,2008
robert covington,205.74,97.52228,Undrafted
ricky rubio,193.04,86.18248,2009
richaun holmes,208.28,111.13004,2015
richard jefferson,200.66,105.68693600000002,2001
reggie williams,201.0,86.0,Undrafted
reggie jackson,190.5,94.347136,2011
reggie bullock,200.66,92.98636,2013
raymond felton,185.42,92.98636,2005
raul neto,185.42,81.19296800000001,2013
rashad vaughn,198.12,91.625584,2015
randy foye,193.04,98.883056,2006
rodney hood,203.2,93.439952,2014
ramon sessions,190.5,86.18248,2007
rajon rondo,185.42,84.368112,2006
rj hunter,195.58,83.91452,2015
quinn cook,187.96,81.19296800000001,Undrafted
quincy acy,200.66,108.86208,2012
pierre jackson,177.8,81.64656,2013
paul zipser,203.2,95.25432,2016
paul pierce,200.66,106.59412,1998
paul millsap,203.2,111.583632,2006
paul george,205.74,99.79024,2010
pau gasol,213.36,113.398,2001
patty mills,182.88,83.91452,2009
patrick patterson,205.74,106.59412,2010
rakeem christmas,205.74,113.398,2015
rodney mcgruder,193.04,92.98636,Undrafted
rodney stuckey,195.58,92.98636,2007
ron baker,193.04,99.79024,Undrafted
stanley johnson,200.66,111.13004,2015
spencer hawes,215.9,111.13004,2007
spencer dinwiddie,198.12,90.7184,2014
solomon hill,200.66,102.0582,2013
skal labissiere,210.82,102.0582,2016
shelvin mack,190.5,92.079176,2011
sheldon mac,198.12,90.7184,Undrafted
shawn long,205.74,115.66596,Undrafted
shaun livingston,200.66,87.089664,2004
shabazz napier,185.42,79.3786,2014
shabazz muhammad,198.12,101.151016,2013
seth curry,187.96,83.91452,Undrafted
sergio rodriguez,190.5,79.83219199999998,2006
serge ibaka,208.28,106.59412,2008
semaj christon,190.5,86.18248,2014
sean kilpatrick,193.04,99.336648,Undrafted
sasha vujacic,200.66,88.45044,2004
sam dekker,205.74,104.32616,2015
salah mejri,218.44,111.13004,Undrafted
ryan kelly,210.82,104.32616,2013
ryan anderson,208.28,108.86208,2008
russell westbrook,190.5,90.7184,2008
rudy gobert,215.9,111.13004,2013
rudy gay,203.2,104.32616,2006
roy hibbert,218.44,122.46984,2008
ronnie price,187.96,86.18248,Undrafted
rondae hollisjefferson,200.66,97.068688,2015
stephen zimmerman,213.36,108.86208,2016
jordan mickey,203.2,106.59412,2015
kris humphries,205.74,106.59412,2004
jordan hill,208.28,108.86208,2009
dahntay jones,198.12,102.0582,2003
dj augustin,182.88,83.007336,2008
dangelo russell,195.58,88.45044,2015
cristiano felicio,205.74,120.655472,Undrafted
courtney lee,195.58,90.7184,2008
cory joseph,190.5,86.18248,2011
corey brewer,205.74,84.368112,2007
cole aldrich,210.82,113.398,2010
cody zeller,213.36,108.86208,2013
clint capela,208.28,108.86208,2014
christian wood,210.82,99.79024,Undrafted
chris paul,182.88,79.3786,2005
damian jones,213.36,111.13004,2016
chris mccullough,205.74,97.52228,2015
chinanu onuaku,208.28,111.13004,2016
cheick diallo,205.74,99.79024,2016
chasson randle,187.96,83.91452,Undrafted
channing frye,210.82,115.66596,2005
chandler parsons,208.28,104.32616,2011
carmelo anthony,203.2,108.86208,2003
caris levert,200.66,92.079176,2016
cameron payne,190.5,83.91452,2015
cj wilcox,195.58,88.45044,2014
cj miles,198.12,102.0582,2005
cj mccollum,190.5,86.18248,2013
cj watson,187.96,79.3786,Undrafted
chris andersen,208.28,111.13004,Undrafted
damian lillard,190.5,88.45044,2012
damjan rudez,208.28,103.418976,Undrafted
daniel ochefu,210.82,111.13004,Undrafted
derrick jones,200.66,86.18248,Undrafted
derrick favors,208.28,120.20188,2010
deron williams,190.5,90.7184,2005
denzel valentine,198.12,96.161504,2016
dennis schroder,185.42,78.017824,2013
demetrius jackson,185.42,91.171992,2016
delon wright,195.58,86.18248,2015
dejounte murray,195.58,77.11064,2016
demarre carroll,203.2,96.161504,2009
demarcus cousins,210.82,122.46984,2010
demar derozan,200.66,99.79024,2009
deandre bembry,198.12,95.25432,2016
deandre liggins,198.12,94.800728,2011
deandre jordan,210.82,120.20188,2008
davis bertans,208.28,95.25432,2011
david west,205.74,113.398,2003
david nwaba,193.04,94.800728,Undrafted
david lee,205.74,111.13004,2005
darrun hilliard,198.12,92.98636,2015
darren collison,182.88,79.3786,2009
darrell arthur,205.74,106.59412,2008
dario saric,208.28,101.151016,2014
danuel house,200.66,97.52228,Undrafted
dante exum,198.12,86.18248,2014
dante cunningham,203.2,104.32616,2009
danny green,198.12,97.52228,2009
danilo gallinari,208.28,102.0582,2008
buddy hield,193.04,97.068688,2016
bryn forbes,190.5,86.18248,Undrafted
bruno caboclo,205.74,92.98636,2014
brook lopez,213.36,121.562656,2008
andrew wiggins,203.2,90.264808,2014
andrew nicholson,205.74,113.398,2012
andrew harrison,198.12,96.615096,2015
andrew bogut,213.36,117.93392,2005
andre roberson,200.66,95.25432,2013
andre iguodala,198.12,97.52228,2004
andre drummond,210.82,126.552168,2012
anderson varejao,210.82,123.830616,2004
amir johnson,205.74,108.86208,2005
alonzo gee,198.12,102.0582,Undrafted
allen crabbe,198.12,97.52228,2013
alexis ajinca,218.44,112.490816,2008
alex poythress,200.66,107.954896,Undrafted
alex len,215.9,117.93392,2013
alex abrines,198.12,86.18248,2013
alec burks,198.12,97.068688,2011
alan williams,203.2,117.93392,Undrafted
alan anderson,198.12,99.79024,Undrafted
alfarouq aminu,205.74,99.79024,2010
al jefferson,208.28,131.088088,2004
al horford,208.28,111.13004,2007
adreian payne,208.28,107.501304,2014
aaron harrison,198.12,95.25432,Undrafted
aaron gordon,205.74,99.79024,2014
aaron brooks,182.88,73.028312,2007
aj hammons,213.36,117.93392,2016
jordan mcrae,195.58,81.19296800000001,2014
anthony bennett,203.2,106.59412,2013
derrick rose,190.5,86.18248,2008
anthony brown,200.66,95.707912,2015
anthony morrow,195.58,95.25432,Undrafted
brice johnson,208.28,104.32616,2016
briante weber,187.96,74.84268,Undrafted
brandon rush,198.12,102.0582,2008
brandon knight,190.5,88.45044,2011
brandon jennings,185.42,77.11064,2009
brandon ingram,205.74,86.18248,2016
brandon bass,203.2,113.398,2005
brandan wright,208.28,95.25432,2007
bradley beal,195.58,93.893544,2012
boris diaw,203.2,113.398,2003
bojan bogdanovic,203.2,102.0582,2011
bobby portis,210.82,111.583632,2015
bobby brown,187.96,79.3786,Undrafted
boban marjanovic,220.98,131.54168,Undrafted
blake griffin,208.28,113.851592,2009
bismack biyombo,205.74,115.66596,2011
beno udrih,190.5,92.98636,2004
ben mclemore,195.58,88.45044,2013
ben bentil,205.74,106.59412,2016
axel toupane,200.66,95.25432,Undrafted
avery bradley,187.96,81.64656,2010
austin rivers,193.04,90.7184,2012
arron afflalo,195.58,95.25432,2007
aron baynes,208.28,117.93392,Undrafted
arinze onuaku,205.74,115.66596,Undrafted
archie goodwin,195.58,92.98636,2013
anthony tolliver,203.2,108.86208,Undrafted
anthony davis,210.82,114.758776,2012
derrick williams,203.2,108.86208,2011
brian roberts,185.42,78.471416,Undrafted
devin harris,190.5,83.91452,2004
jeff green,205.74,106.59412,2007
jaylen brown,200.66,102.0582,2016
jason terry,187.96,83.91452,1999
jason smith,213.36,108.86208,2007
jarrod uthoff,205.74,100.243832,Undrafted
jarrett jack,190.5,90.7184,2005
jarnell stokes,205.74,115.66596,2014
jarell martin,208.28,108.408488,2015
jarell eddie,200.66,98.883056,Undrafted
jared sullinger,205.74,117.93392,2012
jared dudley,200.66,102.0582,2007
james young,198.12,97.52228,2014
jeff teague,187.96,84.368112,2009
james michael mcadoo,205.74,108.86208,Undrafted
james johnson,205.74,113.398,2009
james harden,195.58,99.79024,2009
james ennis,200.66,95.25432,2013
jameer nelson,182.88,86.18248,2004
jamal murray,193.04,93.893544,2016
jamal crawford,195.58,88.45044,2000
jakob poeltl,213.36,104.32616,2016
jake layman,205.74,95.25432,2016
jahlil okafor,210.82,124.7378,2015
jae crowder,198.12,106.59412,2012
jabari parker,203.2,113.398,2014
javale mcgee,213.36,122.46984,2008
james jones,203.2,98.883056,2003
jerami grant,205.74,95.25432,2014
jeremy lamb,195.58,83.91452,2012
jeremy lin,190.5,90.7184,Undrafted
jordan crawford,195.58,88.45044,2010
jordan farmar,187.96,81.64656,2006
devin booker,198.12,93.439952,2015
jordan clarkson,195.58,87.996848,2014
jonathon simmons,198.12,88.45044,Undrafted
jonathan gibson,187.96,83.91452,Undrafted
jonas valanciunas,213.36,115.66596,2011
jonas jerebko,208.28,104.779752,2009
jon leuer,208.28,103.418976,2011
johnny obryant,205.74,116.573144,2014
john wall,193.04,95.25432,2010
john lucas,180.34,75.296272,Undrafted
john jenkins,193.04,97.52228,2012
john henson,210.82,103.872568,2012
joffrey lauvergne,210.82,99.79024,2013
joel embiid,213.36,113.398,2014
joel bolomboy,205.74,106.59412,2016
joel anthony,205.74,111.13004,Undrafted
joe young,187.96,81.64656,2015
joe johnson,200.66,108.86208,2001
joe ingles,203.2,102.511792,Undrafted
joe harris,198.12,99.336648,2014
jodie meeks,193.04,95.25432,2009
joakim noah,210.82,104.32616,2007
jimmy butler,200.66,104.779752,2011
jerryd bayless,190.5,90.7184,2008
jerian grant,193.04,89.811216,2015
jamychal green,205.74,102.965384,Undrafted
jr smith,198.12,102.0582,2004
jeff withey,213.36,104.779752,2013
jj barea,182.88,83.91452,Undrafted
fred vanvleet,182.88,88.45044,Undrafted
frank kaminsky,213.36,108.86208,2015
evan turner,200.66,99.79024,2010
evan fournier,200.66,92.98636,2012
ersan ilyasova,208.28,106.59412,2005
eric gordon,193.04,97.52228,2008
eric bledsoe,185.42,92.98636,2010
enes kanter,210.82,111.13004,2011
emmanuel mudiay,195.58,90.7184,2015
elijah millsap,200.66,97.52228,Undrafted
elfrid payton,193.04,83.91452,2014
ed davis,208.28,111.13004,2010
etwaun moore,193.04,86.636072,2011
garrett temple,198.12,88.45044,Undrafted
dwyane wade,193.04,99.79024,2003
dwight howard,210.82,120.20188,2004
draymond green,200.66,104.32616,2012
dragan bender,215.9,102.0582,2016
doug mcdermott,203.2,99.336648,2014
dorian finneysmith,203.2,99.79024,Undrafted
donatas motiejunas,213.36,100.697424,2011
domantas sabonis,210.82,108.86208,2016
dirk nowitzki,213.36,111.13004,1998
dion waiters,193.04,99.79024,2012
jj redick,193.04,86.18248,2006
diamond stone,210.82,115.66596,2016
deyonta davis,208.28,108.86208,2016
dewayne dedmon,213.36,111.13004,Undrafted
dwight powell,210.82,108.86208,2014
gary harris,193.04,95.25432,2014
edy tavares,220.98,120.20188,2014
ian clark,190.5,79.3786,Undrafted
isaiah whitehead,193.04,96.615096,2016
ivica zubac,215.9,108.86208,2016
isaiah thomas,175.26,83.91452,2011
isaiah taylor,190.5,77.11064,Undrafted
isaiah canaan,182.88,91.171992,2013
iman shumpert,195.58,99.79024,2011
ian mahinmi,210.82,118.841104,2005
ish smith,182.88,79.3786,Undrafted
hollis thompson,203.2,93.439952,Undrafted
henry ellenson,210.82,111.13004,2016
hassan whiteside,213.36,120.20188,2010
harrison barnes,203.2,102.0582,2012
greg monroe,210.82,120.20188,2010
greivis vasquez,198.12,98.429464,2010
georgios papagiannis,215.9,108.86208,2016
gary neal,193.04,95.25432,Undrafted
gordon hayward,203.2,102.511792,2010
goran dragic,190.5,86.18248,2008
glenn robinson,198.12,100.697424,2014
giannis antetokounmpo,210.82,100.697424,2013
gerald henderson,195.58,97.52228,2009
gerald green,200.66,92.98636,2005
gorgui dieng,210.82,108.86208,2013
georges niang,203.2,104.32616,2016
george hill,190.5,85.275296,2008
gary payton,190.5,86.18248,Undrafted
marreese speights,208.28,115.66596,2008
marquese chriss,208.28,108.86208,2016
markieff morris,208.28,111.13004,2011
marquis teague,187.96,85.728888,2012
marshall plumlee,213.36,113.398,Undrafted
malik beasley,195.58,88.904032,2016
mason plumlee,210.82,115.66596,2013
matt costello,208.28,108.86208,Undrafted
matt williams,195.58,95.25432,Undrafted
matthew dellavedova,193.04,89.811216,Undrafted
markelle fultz,193.04,90.7184,2017
maurice harkless,205.74,99.79024,2012
marvin williams,205.74,107.501304,2005
markel brown,190.5,86.18248,2014
marshon brooks,195.58,90.7184,2011
mario chalmers,187.96,86.18248,2008
marcus smart,193.04,99.79024,2014
marcus paige,182.88,74.389088,2016
marcus morris,205.74,106.59412,2011
marcus georgeshunt,195.58,102.511792,Undrafted
marco belinelli,195.58,95.25432,2007
malcolm miller,200.66,95.25432,Undrafted
marcin gortat,210.82,108.86208,2005
marc gasol,215.9,115.66596,2007
malik monk,190.5,90.7184,2017
manu ginobili,198.12,92.98636,1999
mangok mathiang,208.28,104.32616,Undrafted
maxi kleber,210.82,99.79024,Undrafted
mario hezonja,203.2,98.883056,2015
meyers leonard,215.9,115.66596,2012
nik stauskas,198.12,92.98636,2014
michael carterwilliams,198.12,86.18248,2013
norman powell,193.04,97.52228,2015
noah vonleh,205.74,111.13004,2014
malcolm delaney,190.5,86.18248,Undrafted
nikola vucevic,213.36,117.93392,2011
nikola mirotic,208.28,107.954896,2011
nikola jokic,208.28,113.398,2014
nigel hayes,200.66,115.212368,Undrafted
nicolas brussino,203.2,88.45044,Undrafted
nicolas batum,203.2,90.7184,2008
nick young,200.66,95.25432,2007
nick collison,208.28,115.66596,2003
nerlens noel,210.82,99.79024,2013
nene,210.82,113.398,2002
nemanja bjelica,208.28,104.32616,2010
michael beasley,205.74,106.59412,2008
naz mitroulong,193.04,98.883056,Undrafted
myles turner,210.82,115.66596,2015
myke henry,198.12,95.25432,Undrafted
montrezl harrell,203.2,108.86208,2015
monte morris,190.5,79.3786,2017
mirza teletovic,205.74,109.769264,Undrafted
mindaugas kuzminskas,205.74,97.52228,Undrafted
milton doyle,193.04,81.64656,Undrafted
milos teodosic,195.58,88.904032,Undrafted
miles plumlee,210.82,112.944408,2012
mike scott,203.2,107.501304,2012
mike muscala,210.82,108.86208,2013
mike james,185.42,88.45044,Undrafted
mike conley,185.42,79.3786,2007
michael kiddgilchrist,200.66,105.233344,2012
nate wolters,193.04,86.18248,2013
malcolm brogdon,195.58,97.52228,2016
jrue holiday,193.04,92.98636,2009
luol deng,205.74,99.79024,2004
kevin love,208.28,113.851592,2008
kevin durant,205.74,108.86208,2007
kentavious caldwellpope,195.58,92.98636,2013
kent bazemore,195.58,91.171992,Undrafted
kenneth faried,203.2,103.418976,2011
kendrick perkins,208.28,122.46984,2003
kemba walker,185.42,83.46092800000001,2011
kelly oubre jr,200.66,92.98636,2015
kelly olynyk,213.36,111.13004,2013
kay felder,175.26,79.83219199999998,2016
kawhi leonard,200.66,104.32616,2011
karlanthony towns,213.36,112.490816,2015
kadeem allen,190.5,90.7184,2017
jusuf nurkic,213.36,127.00576,2014
kevon looney,205.74,99.79024,2015
justise winslow,200.66,102.0582,2015
justin jackson,203.2,95.25432,2017
justin holiday,198.12,83.91452,Undrafted
justin anderson,198.12,104.32616,2015
julyan stone,198.12,90.7184,Undrafted
julius randle,205.74,113.398,2014
juancho hernangomez,205.74,104.32616,2016
josh smith,205.74,102.0582,2004
josh richardson,198.12,90.7184,2015
josh mcroberts,208.28,108.86208,2007
josh magette,185.42,72.57472,Undrafted
josh jackson,203.2,90.7184,2017
josh huestis,200.66,104.32616,2014
josh hart,195.58,97.52228,2017
og anunoby,203.2,106.59412,2017
justin patton,213.36,107.047712,2017
malachi richardson,198.12,92.98636,2016
khem birch,205.74,99.79024,Undrafted
klay thompson,200.66,97.52228,2011
luke kornet,215.9,113.398,Undrafted
luke kennard,195.58,90.7184,2017
luke babbitt,205.74,102.0582,2010
luis montero,200.66,90.7184,Undrafted
lucas nogueira,213.36,99.79024,2013
luc mbah a moute,203.2,104.32616,2008
lou williams,185.42,79.3786,2005
lorenzo brown,195.58,85.728888,2013
lonzo ball,198.12,86.18248,2017
london perrantes,187.96,86.18248,Undrafted
lebron james,203.2,113.398,2003
lauri markkanen,213.36,104.32616,2017
larry nance,205.74,104.32616,2015
larry drew,187.96,81.64656,Undrafted
khris middleton,203.2,106.140528,2012
langston galloway,187.96,90.7184,Undrafted
lance stephenson,198.12,104.32616,2010
lamarcus aldridge,210.82,117.93392,2006
kyrie irving,190.5,87.543256,2011
kyle singler,203.2,103.418976,2011
kyle oquinn,208.28,113.398,2012
kyle lowry,182.88,92.98636,2006
kyle kuzma,205.74,99.79024,2017
kyle korver,200.66,96.161504,2003
kyle collinsworth,198.12,95.25432,Undrafted
kyle anderson,205.74,104.32616,2014
kristaps porzingis,220.98,108.86208,2015
kris dunn,193.04,95.25432,2016
kosta koufos,213.36,120.20188,2008
kobi simmons,193.04,77.11064,Undrafted
lance thomas,203.2,106.59412,Undrafted
okaro white,203.2,97.52228,Undrafted
wes iwundu,200.66,88.45044,2017
omer asik,213.36,115.66596,2008
tyler cavanaugh,205.74,107.954896,Undrafted
troy williams,200.66,98.883056,Undrafted
troy daniels,193.04,92.98636,Undrafted
tristan thompson,205.74,107.954896,2011
trey mckinneyjones,195.58,99.79024,Undrafted
trey lyles,208.28,106.140528,2015
trey burke,185.42,86.636072,2013
trevor booker,203.2,103.418976,2010
trevor ariza,203.2,97.52228,2004
treveon graham,195.58,99.336648,Undrafted
travis wear,208.28,102.0582,Undrafted
torrey craig,198.12,97.52228,Undrafted
tony snell,200.66,100.243832,2013
tony parker,187.96,83.91452,2001
tyler dorsey,195.58,83.007336,2017
tony bradley,208.28,112.490816,2017
tomas satoransky,200.66,95.25432,2012
tobias harris,205.74,106.59412,2011
timothe luwawucabarrot,198.12,90.7184,2016
timofey mozgov,215.9,124.7378,Undrafted
tim quarterman,198.12,86.18248,Undrafted
tim hardaway,198.12,92.98636,2013
tim frazier,185.42,77.11064,Undrafted
thon maker,215.9,101.151016,2016
thomas bryant,208.28,112.490816,2017
thaddeus young,203.2,104.32616,2007
thabo sefolosha,200.66,99.79024,2006
terry rozier,187.96,86.18248,2015
terrence ross,200.66,93.439952,2012
terrance ferguson,200.66,83.46092800000001,2017
tony allen,193.04,96.615096,2004
taurean prince,203.2,99.79024,2016
tyler ennis,190.5,87.996848,2014
tyler lydon,205.74,99.79024,2017
zach randolph,205.74,113.398,2001
zach lavine,195.58,83.91452,2014
zach collins,213.36,104.32616,2017
yogi ferrell,182.88,81.64656,Undrafted
xavier silas,195.58,92.98636,2011
xavier rathanmayes,193.04,94.347136,Undrafted
xavier munford,193.04,78.471416,Undrafted
wilson chandler,205.74,102.0582,2007
willy hernangomez,210.82,108.86208,2015
willie reed,210.82,111.13004,Undrafted
willie cauleystein,213.36,108.86208,2015
will barton,198.12,86.18248,2012
wesley matthews,195.58,99.79024,Undrafted
wesley johnson,200.66,97.52228,2010
tyler johnson,193.04,86.18248,Undrafted
josh gray,185.42,81.64656,Undrafted
wayne ellington,195.58,90.7184,2009
walt lemon,190.5,81.64656,Undrafted
wade baldwin,193.04,91.625584,2016
vincent hunter,203.2,94.347136,Undrafted
vince carter,198.12,99.79024,1998
victor oladipo,193.04,95.25432,2013
vander blue,195.58,90.7184,Undrafted
udonis haslem,203.2,106.59412,Undrafted
tyus jones,187.96,83.46092800000001,2015
tyson chandler,215.9,108.86208,2001
tyrone wallace,195.58,89.811216,2016
tyreke evans,198.12,99.79024,2009
tyler zeller,213.36,113.398,2012
tyler ulis,177.8,72.57472,2016
wayne selden,195.58,104.32616,Undrafted
omari johnson,205.74,99.79024,Undrafted
tarik black,205.74,113.398,Undrafted
tj leaf,208.28,104.32616,2017
robert covington,205.74,102.0582,Undrafted
ricky rubio,193.04,86.18248,2009
richaun holmes,208.28,106.59412,2015
richard jefferson,200.66,105.68693600000002,2001
reggie jackson,190.5,94.347136,2011
reggie hearn,195.58,95.25432,Undrafted
reggie bullock,200.66,92.98636,2013
raymond felton,185.42,92.98636,2005
raul neto,185.42,81.19296800000001,2013
rashad vaughn,198.12,91.625584,2015
ramon sessions,190.5,86.18248,2007
rajon rondo,185.42,84.368112,2006
rj hunter,195.58,83.91452,2015
quinn cook,187.96,81.19296800000001,Undrafted
robin lopez,213.36,125.644984,2008
quincy pondexter,200.66,102.0582,2010
paul zipser,203.2,102.511792,2016
paul millsap,203.2,111.583632,2006
paul george,205.74,99.79024,2010
pau gasol,213.36,113.398,2001
patty mills,182.88,83.91452,2009
patrick patterson,205.74,104.32616,2010
patrick mccaw,200.66,83.91452,2016
patrick beverley,185.42,83.91452,2009
pat connaughton,195.58,95.25432,2015
pascal siakam,205.74,104.32616,2016
pj dozier,198.12,92.98636,Undrafted
pj tucker,198.12,111.13004,2006
otto porter,203.2,89.811216,2013
omri casspi,205.74,102.0582,2009
quincy acy,200.66,108.86208,2012
taj gibson,205.74,106.59412,2009
rodney hood,203.2,93.439952,2014
rodney purvis,193.04,92.98636,Undrafted
tj warren,203.2,97.52228,2014
tj mcconnell,187.96,86.18248,Undrafted
steven adams,213.36,115.66596,2013
sterling brown,198.12,104.32616,2017
stephen curry,190.5,86.18248,2009
stanley johnson,200.66,111.13004,2015
spencer dinwiddie,198.12,90.7184,2014
solomon hill,200.66,102.0582,2013
skal labissiere,210.82,102.0582,2016
sindarius thornwell,195.58,97.52228,2017
shelvin mack,190.5,92.079176,2011
shaun livingston,200.66,87.089664,2004
shaquille harrison,193.04,86.18248,Undrafted
shane larkin,180.34,79.3786,2013
rodney mcgruder,193.04,90.7184,Undrafted
shabazz napier,185.42,79.3786,2014
serge ibaka,208.28,106.59412,2008
semi ojeleye,200.66,106.59412,2017
sean kilpatrick,193.04,96.161504,Undrafted
scotty hopson,200.66,92.532768,Undrafted
sam dekker,205.74,104.32616,2015
salah mejri,218.44,106.59412,Undrafted
ryan arcidiacono,190.5,88.45044,Undrafted
ryan anderson,208.28,108.86208,2008
russell westbrook,190.5,90.7184,2008
rudy gobert,215.9,111.13004,2013
rudy gay,203.2,104.32616,2006
royce oneale,198.12,102.511792,Undrafted
rondae hollisjefferson,200.66,97.068688,2015
ron baker,193.04,99.79024,Undrafted
shabazz muhammad,198.12,100.243832,2013
jose calderon,190.5,90.7184,Undrafted
edmond sumner,195.58,85.275296,2017
jordan crawford,195.58,88.45044,2010
dante exum,198.12,86.18248,2014
dante cunningham,203.2,104.32616,2009
danny green,198.12,97.52228,2009
danilo gallinari,208.28,102.0582,2008
daniel theis,205.74,110.222856,Undrafted
daniel hamilton,200.66,88.45044,2016
damyean dotson,195.58,95.25432,2017
damion lee,198.12,95.25432,Undrafted
damien wilkins,198.12,98.429464,Undrafted
damian lillard,190.5,88.45044,2012
damian jones,213.36,111.13004,2016
dakari johnson,213.36,115.66596,2015
dj wilson,208.28,107.047712,2017
dj augustin,182.88,83.007336,2008
dangelo russell,195.58,88.45044,2015
cristiano felicio,205.74,127.00576,Undrafted
courtney lee,195.58,90.7184,2008
cory joseph,190.5,86.18248,2011
corey brewer,205.74,84.368112,2007
cole aldrich,210.82,114.758776,2010
cody zeller,213.36,108.86208,2013
clint capela,208.28,108.86208,2014
chris paul,182.88,79.3786,2005
chris mccullough,205.74,97.52228,2015
chris boucher,208.28,90.7184,Undrafted
chinanu onuaku,208.28,111.13004,2016
cheick diallo,205.74,99.79024,2016
charles cooke,195.58,88.904032,Undrafted
channing frye,210.82,115.66596,2005
danuel house,200.66,99.79024,Undrafted
dario saric,208.28,101.151016,2014
darius miller,203.2,102.0582,2012
darrell arthur,205.74,106.59412,2008
dewayne dedmon,213.36,111.13004,Undrafted
devin robinson,203.2,90.7184,Undrafted
devin harris,190.5,83.91452,2004
devin booker,198.12,95.25432,2015
derrick williams,203.2,108.86208,2011
derrick white,193.04,86.18248,2017
derrick walton,185.42,83.91452,Undrafted
derrick rose,190.5,86.18248,2008
derrick jones,200.66,90.7184,Undrafted
derrick favors,208.28,120.20188,2010
denzel valentine,198.12,97.068688,2016
dennis smith,190.5,88.45044,2017
dennis schroder,185.42,78.017824,2013
demetrius jackson,185.42,91.171992,2016
chandler parsons,208.28,104.32616,2011
delon wright,195.58,86.18248,2015
demarre carroll,203.2,97.52228,2009
demarcus cousins,210.82,122.46984,2010
demar derozan,200.66,99.79024,2009
deandre bembry,198.12,95.25432,2016
deandre liggins,198.12,94.800728,2011
deandre jordan,210.82,120.20188,2008
deaaron fox,190.5,79.3786,2017
davon reed,198.12,95.25432,2017
davis bertans,208.28,95.25432,2011
david west,205.74,113.398,2003
david stockton,180.34,74.84268,Undrafted
david nwaba,193.04,94.800728,Undrafted
darrun hilliard,198.12,99.79024,2015
darren collison,187.96,83.91452,2009
dejounte murray,195.58,77.11064,2016
cedi osman,203.2,97.52228,2015
carmelo anthony,203.2,108.86208,2003
caris levert,200.66,92.079176,2016
anthony brown,200.66,101.604608,2015
ante zizic,210.82,113.398,2016
andrew wiggins,203.2,91.625584,2014
andrew white,200.66,95.25432,Undrafted
andrew harrison,198.12,96.615096,2015
andrew bogut,213.36,117.93392,2005
andre roberson,200.66,95.25432,2013
andre ingram,190.5,86.18248,Undrafted
andre iguodala,198.12,97.52228,2004
andre drummond,210.82,126.552168,2012
amir johnson,205.74,108.86208,2005
allen crabbe,198.12,97.52228,2013
alfonzo mckinnie,203.2,97.52228,Undrafted
alex poythress,205.74,106.59412,Undrafted
anthony davis,208.28,114.758776,2012
alex len,215.9,113.398,2013
alex abrines,198.12,86.18248,2013
alec peters,205.74,106.59412,2017
alec burks,198.12,97.068688,2011
alan williams,203.2,120.20188,Undrafted
alfarouq aminu,205.74,99.79024,2010
al jefferson,208.28,127.00576,2004
al horford,208.28,111.13004,2007
adreian payne,208.28,107.501304,2014
abdel nader,198.12,104.32616,2016
aaron jackson,190.5,83.007336,Undrafted
aaron harrison,198.12,95.25432,Undrafted
aaron gordon,205.74,99.79024,2014
aaron brooks,182.88,73.028312,2007
zaza pachulia,210.82,122.46984,2003
alex caruso,195.58,84.368112,Undrafted
deyonta davis,210.82,107.501304,2016
anthony tolliver,203.2,108.86208,Undrafted
antonius cleveland,198.12,88.45044,Undrafted
cameron payne,190.5,83.91452,2015
caleb swanigan,203.2,113.398,2017
cj miles,198.12,102.0582,2005
cj mccollum,190.5,86.18248,2013
cj williams,195.58,104.32616,Undrafted
buddy hield,193.04,97.068688,2016
bryn forbes,190.5,86.18248,Undrafted
bruno caboclo,205.74,92.98636,2014
brook lopez,213.36,121.562656,2008
brice johnson,208.28,104.32616,2016
briante weber,187.96,74.84268,Undrafted
brandon paul,193.04,90.7184,Undrafted
brandon jennings,185.42,77.11064,2009
brandon ingram,205.74,86.18248,2016
antonio blakeney,193.04,89.357624,Undrafted
brandan wright,208.28,106.59412,2007
bojan bogdanovic,203.2,104.32616,2011
bogdan bogdanovic,198.12,92.98636,2014
bobby portis,210.82,112.490816,2015
bobby brown,187.96,79.3786,Undrafted
boban marjanovic,220.98,131.54168,Undrafted
blake griffin,208.28,113.851592,2009
bismack biyombo,205.74,115.66596,2011
ben simmons,208.28,104.32616,2016
ben moore,203.2,99.79024,Undrafted
ben mclemore,195.58,88.45044,2013
avery bradley,187.96,81.64656,2010
austin rivers,193.04,90.7184,2012
arron afflalo,195.58,95.25432,2007
aron baynes,208.28,117.93392,Undrafted
bradley beal,195.58,93.893544,2012
dillon brooks,198.12,99.79024,2017
dion waiters,193.04,97.52228,2012
dirk nowitzki,213.36,111.13004,1998
jaylen morris,195.58,83.91452,Undrafted
jaylen brown,200.66,102.0582,2016
jawun evans,182.88,86.18248,2017
jason terry,187.96,83.91452,1999
jason smith,213.36,108.86208,2007
jarrett jack,190.5,90.7184,2005
jarrett allen,210.82,106.140528,2017
jarell martin,208.28,108.408488,2015
jarell eddie,200.66,98.883056,Undrafted
jared dudley,200.66,108.86208,2007
jamil wilson,200.66,103.872568,Undrafted
james young,198.12,97.52228,2014
james webb,205.74,91.625584,Undrafted
james michael mcadoo,205.74,104.32616,Undrafted
jayson tatum,203.2,92.98636,2017
james johnson,203.2,108.86208,2009
james ennis,200.66,95.25432,2013
jamel artis,200.66,96.615096,Undrafted
jameer nelson,182.88,86.18248,2004
jameel warney,203.2,117.93392,Undrafted
jamal murray,193.04,93.893544,2016
jamal crawford,195.58,83.91452,2000
jalen jones,200.66,99.79024,Undrafted
jakob poeltl,213.36,104.32616,2016
jake layman,205.74,95.25432,2016
jahlil okafor,210.82,117.93392,2015
jae crowder,198.12,106.59412,2012
jacob wiley,203.2,101.151016,Undrafted
jacob pullen,185.42,90.7184,Undrafted
jack cooley,208.28,124.284208,Undrafted
james harden,195.58,99.79024,2009
jabari parker,203.2,113.398,2014
jeff green,205.74,106.59412,2007
jeff withey,213.36,104.32616,2013
jordan clarkson,195.58,87.996848,2014
jordan bell,205.74,101.604608,2017
jonathon simmons,198.12,88.45044,Undrafted
jonathan isaac,208.28,95.25432,2017
jonathan gibson,187.96,83.91452,Undrafted
jonas valanciunas,213.36,115.66596,2011
jonas jerebko,208.28,104.779752,2009
jon leuer,208.28,103.418976,2011
johnny obryant,205.74,116.573144,2014
johnathan motley,208.28,104.32616,Undrafted
john wall,193.04,95.25432,2010
john holland,195.58,92.98636,Undrafted
john henson,210.82,103.872568,2012
john collins,208.28,106.59412,2017
jeff teague,187.96,85.728888,2009
joffrey lauvergne,210.82,117.93392,2013
joel bolomboy,205.74,106.59412,2016
joe young,187.96,83.91452,2015
joe johnson,200.66,108.86208,2001
joe ingles,203.2,102.511792,Undrafted
joe harris,198.12,99.336648,2014
jodie meeks,193.04,95.25432,2009
joakim noah,210.82,104.32616,2007
jimmy butler,203.2,107.047712,2011
jerryd bayless,190.5,90.7184,2008
jerian grant,193.04,89.811216,2015
jeremy lin,190.5,90.7184,Undrafted
jeremy lamb,195.58,83.91452,2012
jeremy evans,205.74,90.7184,2010
jerami grant,205.74,99.79024,2014
joel embiid,213.36,113.398,2014
jordan mickey,203.2,106.59412,2015
jabari bird,198.12,89.811216,2017
jamychal green,205.74,102.965384,Undrafted
furkan korkmaz,200.66,86.18248,2016
fred vanvleet,182.88,88.45044,Undrafted
frank ntilikina,195.58,86.18248,2017
frank mason,180.34,86.18248,2017
frank kaminsky,213.36,109.769264,2015
evan turner,200.66,99.79024,2010
evan fournier,200.66,92.98636,2012
ersan ilyasova,208.28,106.59412,2005
erik mccree,203.2,102.0582,Undrafted
eric moreland,208.28,107.954896,Undrafted
eric gordon,193.04,97.52228,2008
eric bledsoe,185.42,92.98636,2010
enes kanter,210.82,111.13004,2011
emmanuel mudiay,195.58,90.7184,2015
garrett temple,198.12,88.45044,Undrafted
emeka okafor,208.28,115.66596,2004
ekpe udoh,208.28,111.13004,2010
ed davis,208.28,111.13004,2010
etwaun moore,193.04,86.636072,2011
dwyane wade,193.04,99.79024,2003
dwight powell,210.82,108.86208,2014
dwight howard,210.82,120.20188,2004
dwight buycks,190.5,86.18248,Undrafted
dwayne bacon,200.66,100.243832,2017
draymond green,200.66,104.32616,2012
dragan bender,215.9,102.0582,2016
doug mcdermott,203.2,99.336648,2014
dorian finneysmith,203.2,99.79024,Undrafted
donovan mitchell,190.5,97.52228,2017
domantas sabonis,208.28,114.305184,2016
elfrid payton,193.04,83.91452,2014
javale mcgee,213.36,122.46984,2008
gary harris,193.04,95.25432,2014
george hill,190.5,85.275296,2008
jakarr sampson,205.74,93.893544,Undrafted
jr smith,198.12,102.0582,2004
jj redick,193.04,90.7184,2006
jj barea,182.88,83.91452,Undrafted
ivica zubac,215.9,108.86208,2016
ivan rabb,208.28,99.79024,2017
ish smith,182.88,79.3786,Undrafted
isaiah whitehead,193.04,96.615096,2016
isaiah thomas,175.26,83.91452,2011
isaiah taylor,190.5,77.11064,Undrafted
isaiah hicks,205.74,109.769264,Undrafted
isaiah canaan,182.88,91.171992,2013
iman shumpert,195.58,99.79024,2011
ike anigbogu,208.28,118.841104,2017
gary payton,190.5,86.18248,Undrafted
ian mahinmi,210.82,118.841104,2005
henry ellenson,210.82,111.13004,2016
hassan whiteside,213.36,120.20188,2010
harrison barnes,203.2,102.0582,2012
guerschon yabusele,203.2,117.93392,2016
greg monroe,210.82,120.20188,2010
gorgui dieng,210.82,113.851592,2013
gordon hayward,203.2,102.511792,2010
goran dragic,190.5,86.18248,2008
glenn robinson,200.66,97.52228,2014
giannis antetokounmpo,210.82,100.697424,2013
gian clavell,193.04,83.91452,Undrafted
gerald green,200.66,92.98636,2005
georgios papagiannis,215.9,108.86208,2016
georges niang,198.12,104.779752,2016
ian clark,190.5,79.3786,Undrafted
zhou qi,215.9,95.25432,2016
bam adebayo,208.28,115.66596,2017
zhou qi,215.9,95.25432,2016
frank mason,180.34,86.18248,2017
frank ntilikina,198.12,90.7184,2017
fred vanvleet,182.88,88.45044,Undrafted
furkan korkmaz,200.66,86.18248,2016
garrett temple,198.12,88.45044,Undrafted
gary clark,203.2,102.0582,Undrafted
gary harris,193.04,95.25432,2014
gary payton,190.5,86.18248,Undrafted
gary trent,198.12,92.98636,Undrafted
george hill,190.5,85.275296,2008
george king,198.12,99.79024,2018
georges niang,203.2,104.32616,2016
gerald green,200.66,92.98636,2005
giannis antetokounmpo,210.82,109.769264,2013
glenn robinson,198.12,100.697424,2014
goran dragic,190.5,86.18248,2008
gordon hayward,203.2,102.0582,2010
gorgui dieng,210.82,114.305184,2013
grayson allen,195.58,89.811216,2018
greg monroe,210.82,120.20188,2010
guerschon yabusele,203.2,117.93392,2016
hamidou diallo,195.58,89.811216,2018
harrison barnes,203.2,102.0582,2012
harry giles,208.28,108.86208,2017
hassan whiteside,213.36,120.20188,2010
haywood highsmith,200.66,99.79024,Undrafted
henry ellenson,210.82,111.13004,2016
ian clark,190.5,79.3786,Undrafted
ian mahinmi,210.82,118.841104,2005
frank kaminsky,213.36,109.769264,2015
ike anigbogu,208.28,113.398,2017
frank jackson,190.5,92.98636,2017
evan fournier,200.66,92.98636,2012
donatas motiejunas,213.36,99.79024,2011
donovan mitchell,190.5,97.52228,2017
donte divincenzo,193.04,92.079176,2018
donte grantham,203.2,97.52228,Undrafted
dorian finneysmith,203.2,99.79024,Undrafted
doug mcdermott,203.2,102.0582,2014
dragan bender,215.9,102.0582,2016
draymond green,200.66,104.32616,2012
drew eubanks,208.28,111.13004,Undrafted
duncan robinson,203.2,95.25432,Undrafted
dusty hannahs,193.04,88.45044,Undrafted
dwayne bacon,200.66,100.243832,2017
dwight howard,210.82,120.20188,2004
dwight powell,210.82,108.86208,2014
dwyane wade,193.04,99.79024,2003
dzanan musa,205.74,94.347136,2018
etwaun moore,193.04,86.636072,2011
ed davis,208.28,102.0582,2010
edmond sumner,198.12,79.83219199999998,2017
ekpe udoh,208.28,111.13004,2010
elfrid payton,193.04,83.91452,2014
elie okobo,190.5,86.18248,2018
emanuel terry,205.74,99.79024,Undrafted
emmanuel mudiay,195.58,90.7184,2015
enes kanter,210.82,113.398,2011
eric bledsoe,185.42,92.98636,2010
eric gordon,193.04,97.52228,2008
eric moreland,208.28,107.954896,Undrafted
ersan ilyasova,208.28,106.59412,2005
evan turner,200.66,99.79024,2010
iman shumpert,195.58,97.52228,2011
isaac bonga,203.2,81.64656,2018
isaac humphries,213.36,117.93392,Undrafted
jarred vanderbilt,205.74,97.068688,2018
jarrett allen,210.82,107.501304,2017
jason smith,213.36,108.86208,2007
jawun evans,182.88,86.18248,2017
jaylen adams,187.96,86.18248,Undrafted
jaylen brown,200.66,99.79024,2016
jaylen morris,195.58,83.91452,Undrafted
jayson tatum,203.2,94.347136,2017
jeff green,205.74,106.59412,2007
jeff teague,187.96,88.45044,2009
jemerrio jones,195.58,78.92500799999999,Undrafted
jerami grant,205.74,99.79024,2014
jeremy lamb,195.58,83.91452,2012
jeremy lin,190.5,90.7184,Undrafted
jerian grant,193.04,92.98636,2015
jerome robinson,195.58,86.18248,2018
jerryd bayless,190.5,90.7184,2008
jevon carter,187.96,88.904032,2018
jimmer fredette,187.96,88.45044,2011
jimmy butler,203.2,105.233344,2011
joakim noah,210.82,104.32616,2007
jodie meeks,193.04,95.25432,2009
joe chealey,190.5,86.18248,Undrafted
joe harris,198.12,98.883056,2014
joe ingles,203.2,102.511792,Undrafted
joel embiid,213.36,113.398,2014
john collins,208.28,106.59412,2017
john henson,210.82,99.336648,2012
john holland,195.58,92.98636,Undrafted
jaron blossomgame,203.2,99.79024,2017
jaren jackson,210.82,109.769264,2018
jarell martin,208.28,108.408488,2015
jared terrell,190.5,102.965384,Undrafted
isaiah briscoe,190.5,97.52228,Undrafted
isaiah canaan,182.88,90.7184,2013
isaiah hartenstein,213.36,112.944408,2017
isaiah hicks,205.74,104.32616,Undrafted
isaiah thomas,175.26,83.91452,2011
ish smith,182.88,79.3786,Undrafted
ivan rabb,208.28,99.79024,2017
ivica zubac,215.9,108.86208,2016
jj barea,182.88,83.91452,Undrafted
jp macura,195.58,92.98636,Undrafted
jj redick,193.04,90.7184,2006
jr smith,198.12,102.0582,2004
jakarr sampson,205.74,97.52228,Undrafted
jamychal green,205.74,102.965384,Undrafted
domantas sabonis,210.82,108.86208,2016
javale mcgee,213.36,122.46984,2008
jacob evans,198.12,95.25432,2018
jae crowder,198.12,106.59412,2012
jahlil okafor,210.82,124.7378,2015
jake layman,205.74,97.52228,2016
jakob poeltl,213.36,104.32616,2016
jalen brunson,190.5,86.18248,2018
jalen jones,200.66,99.79024,Undrafted
jamal crawford,195.58,83.91452,2000
jamal murray,193.04,93.893544,2016
james ennis,200.66,95.25432,2013
james harden,195.58,99.79024,2009
james johnson,203.2,108.86208,2009
james nunnally,200.66,94.347136,Undrafted
jared dudley,200.66,107.501304,2007
jabari parker,203.2,111.13004,2014
john jenkins,193.04,97.52228,2012
dirk nowitzki,213.36,111.13004,1998
dillon brooks,198.12,99.79024,2017
bj johnson,200.66,90.7184,Undrafted
bam adebayo,208.28,115.66596,2017
ben mclemore,195.58,91.171992,2013
ben simmons,208.28,104.32616,2016
billy garrett,198.12,97.52228,Undrafted
bismack biyombo,205.74,115.66596,2011
blake griffin,208.28,113.398,2009
boban marjanovic,220.98,131.54168,Undrafted
bobby portis,210.82,113.398,2015
bogdan bogdanovic,198.12,92.98636,2014
bojan bogdanovic,203.2,97.975872,2011
bonzie colson,198.12,102.0582,Undrafted
brad wanamaker,193.04,95.25432,Undrafted
bradley beal,195.58,93.893544,2012
brandon goodwin,187.96,81.64656,Undrafted
brandon ingram,205.74,86.18248,2016
brandon knight,190.5,88.45044,2011
brandon sampson,195.58,83.46092800000001,Undrafted
brook lopez,213.36,122.46984,2008
bruce brown,195.58,91.625584,2018
bruno caboclo,205.74,98.883056,2014
bryn forbes,190.5,86.18248,Undrafted
buddy hield,193.04,97.068688,2016
cj williams,195.58,102.511792,Undrafted
cj mccollum,190.5,86.18248,2013
cj miles,198.12,99.79024,2005
caleb swanigan,205.74,113.398,2017
cameron payne,190.5,86.18248,2015
cameron reynolds,203.2,102.0582,Undrafted
avery bradley,187.96,81.64656,2010
caris levert,200.66,92.532768,2016
austin rivers,193.04,90.7184,2012
antonio blakeney,193.04,87.089664,Undrafted
zhaire smith,193.04,90.264808,2018
aaron gordon,205.74,99.79024,2014
aaron holiday,185.42,83.91452,2018
abdel nader,198.12,102.0582,2016
al horford,208.28,111.13004,2007
alfarouq aminu,205.74,99.79024,2010
alan williams,203.2,120.20188,Undrafted
alec burks,198.12,97.068688,2011
alex abrines,198.12,90.7184,2013
alex caruso,195.58,84.368112,Undrafted
alex len,215.9,113.398,2013
alex poythress,205.74,106.59412,Undrafted
alfonzo mckinnie,203.2,97.52228,Undrafted
alize johnson,205.74,96.161504,2018
allen crabbe,198.12,96.161504,2013
allonzo trier,195.58,90.7184,Undrafted
amile jefferson,205.74,100.697424,Undrafted
amir johnson,205.74,108.86208,2005
andre drummond,210.82,126.552168,2012
andre iguodala,198.12,97.52228,2004
andre ingram,190.5,86.18248,Undrafted
andrew bogut,213.36,117.93392,2005
andrew harrison,198.12,96.615096,2015
andrew wiggins,203.2,87.996848,2014
anfernee simons,193.04,83.91452,2018
angel delgado,208.28,111.13004,Undrafted
ante zizic,210.82,115.212368,2016
anthony davis,208.28,114.758776,2012
anthony tolliver,203.2,113.398,Undrafted
aron baynes,208.28,117.93392,Undrafted
carmelo anthony,203.2,108.86208,2003
cedi osman,203.2,97.52228,2015
chandler hutchison,200.66,89.357624,2018
darren collison,182.88,79.3786,2009
david nwaba,193.04,99.336648,Undrafted
davis bertans,208.28,102.0582,2011
davon reed,195.58,94.347136,2017
deaaron fox,190.5,79.3786,2017
deanthony melton,193.04,90.7184,2018
deandre jordan,210.82,120.20188,2008
deandre bembry,198.12,95.25432,2016
demar derozan,200.66,99.79024,2009
demarcus cousins,210.82,122.46984,2010
demarre carroll,203.2,97.52228,2009
devaughn akoonpurcell,198.12,90.7184,Undrafted
deandre ayton,215.9,113.398,2018
delon wright,195.58,83.007336,2015
demetrius jackson,185.42,91.171992,2016
deng adel,200.66,90.7184,Undrafted
dennis schroder,185.42,78.017824,2013
dennis smith,190.5,88.45044,2017
deonte burton,195.58,111.13004,Undrafted
derrick favors,208.28,120.20188,2010
derrick jones,200.66,90.7184,Undrafted
derrick rose,190.5,90.7184,2008
derrick white,193.04,86.18248,2017
devin booker,198.12,95.25432,2015
devin harris,190.5,83.91452,2004
devin robinson,203.2,90.7184,Undrafted
devonte graham,187.96,83.91452,2018
dewayne dedmon,213.36,111.13004,Undrafted
deyonta davis,210.82,107.501304,2016
darius miller,203.2,102.0582,2012
dario saric,208.28,101.151016,2014
danuel house,200.66,99.79024,Undrafted
dante exum,198.12,86.18248,2014
chandler parsons,208.28,104.32616,2011
channing frye,213.36,115.66596,2005
chasson randle,187.96,83.91452,Undrafted
cheick diallo,205.74,99.79024,2016
chimezie metu,208.28,102.0582,2018
chris boucher,208.28,90.7184,Undrafted
chris chiozza,182.88,79.3786,Undrafted
chris paul,182.88,79.3786,2005
christian wood,208.28,97.068688,Undrafted
clint capela,208.28,108.86208,2014
cody zeller,213.36,108.86208,2013
collin sexton,187.96,86.18248,2018
corey brewer,205.74,84.368112,2007
cory joseph,190.5,87.543256,2011
dion waiters,193.04,97.52228,2012
courtney lee,195.58,97.52228,2008
dangelo russell,195.58,89.811216,2015
dj augustin,182.88,83.007336,2008
dj wilson,208.28,104.779752,2017
dj stephens,195.58,85.275296,Undrafted
dairis bertans,193.04,90.7184,Undrafted
damian jones,213.36,111.13004,2016
damian lillard,190.5,88.45044,2012
damion lee,198.12,95.25432,Undrafted
damyean dotson,198.12,95.25432,2017
daniel hamilton,200.66,88.45044,2016
daniel theis,203.2,110.222856,Undrafted
danilo gallinari,208.28,102.0582,2008
danny green,198.12,97.52228,2009
dante cunningham,203.2,104.32616,2009
cristiano felicio,208.28,120.20188,Undrafted
john wall,193.04,95.25432,2010
daryl macon,190.5,83.91452,Undrafted
johnathan williams,205.74,103.418976,Undrafted
rudy gobert,215.9,111.13004,2013
russell westbrook,190.5,90.7184,2008
ryan anderson,208.28,108.86208,2008
ryan arcidiacono,190.5,90.7184,Undrafted
ryan broekhoff,200.66,97.52228,Undrafted
salah mejri,218.44,106.59412,Undrafted
sam dekker,205.74,104.32616,2015
scott machado,185.42,92.98636,Undrafted
semi ojeleye,200.66,109.315672,2017
serge ibaka,208.28,106.59412,2008
seth curry,187.96,83.91452,Undrafted
shabazz napier,185.42,81.64656,2014
shai gilgeousalexander,198.12,82.10015200000001,2018
shake milton,198.12,93.893544,2018
shaquille harrison,193.04,86.18248,Undrafted
shaun livingston,200.66,87.089664,2004
shelvin mack,190.5,92.079176,2011
sindarius thornwell,195.58,97.52228,2017
skal labissiere,210.82,106.59412,2016
solomon hill,200.66,102.0582,2013
spencer dinwiddie,198.12,95.25432,2014
stanley johnson,200.66,111.13004,2015
stephen curry,190.5,86.18248,2009
sterling brown,198.12,105.233344,2017
steven adams,213.36,120.20188,2013
svi mykhailiuk,203.2,92.98636,2018
tj mcconnell,187.96,86.18248,Undrafted
tj warren,203.2,97.52228,2014
tj leaf,208.28,102.0582,2017
rudy gay,203.2,104.32616,2006
tahjere mccall,195.58,86.18248,Undrafted
royce oneale,198.12,102.511792,Undrafted
ron baker,193.04,99.79024,Undrafted
pj dozier,198.12,92.98636,Undrafted
pascal siakam,205.74,104.32616,2016
pat connaughton,193.04,94.800728,2015
patrick beverley,185.42,83.91452,2009
patrick mccaw,200.66,83.91452,2016
patrick patterson,205.74,104.32616,2010
patty mills,182.88,81.64656,2009
pau gasol,213.36,113.398,2001
paul george,205.74,99.79024,2010
paul millsap,203.2,111.583632,2006
quincy acy,200.66,108.86208,2012
quincy pondexter,200.66,104.32616,2010
quinn cook,187.96,81.19296800000001,Undrafted
rj hunter,195.58,83.91452,2015
rajon rondo,185.42,84.368112,2006
raul neto,185.42,81.19296800000001,2013
rawle alkins,195.58,102.0582,Undrafted
ray spalding,208.28,97.52228,2018
raymond felton,185.42,92.98636,2005
reggie bullock,200.66,92.98636,2013
reggie jackson,190.5,94.347136,2011
richaun holmes,208.28,106.59412,2015
ricky rubio,193.04,86.18248,2009
robert covington,205.74,102.0582,Undrafted
robert williams,208.28,108.86208,2018
robin lopez,213.36,124.7378,2008
rodions kurucs,205.74,95.25432,2018
rodney hood,203.2,93.439952,2014
rodney mcgruder,193.04,90.7184,Undrafted
rondae hollisjefferson,200.66,98.429464,2015
taj gibson,205.74,105.233344,2009
taurean prince,203.2,99.79024,2016
terrance ferguson,200.66,86.18248,2017
tyler zeller,213.36,114.758776,2012
tyreke evans,198.12,99.79024,2009
tyrone wallace,195.58,89.811216,2016
tyson chandler,215.9,108.86208,2001
tyus jones,187.96,88.904032,2015
udonis haslem,203.2,106.59412,Undrafted
victor oladipo,193.04,95.25432,2013
vince carter,198.12,99.79024,1998
vincent edwards,203.2,102.0582,2018
wade baldwin,193.04,90.7184,2016
walt lemon,190.5,81.64656,Undrafted
wayne ellington,195.58,90.7184,2009
wayne selden,195.58,104.32616,Undrafted
wendell carter,208.28,115.66596,2018
wes iwundu,200.66,88.45044,2017
wesley johnson,200.66,97.52228,2010
wesley matthews,195.58,99.79024,Undrafted
will barton,198.12,86.18248,2012
willie cauleystein,213.36,108.86208,2015
willy hernangomez,210.82,108.86208,2015
wilson chandler,205.74,102.0582,2007
yante maten,203.2,108.86208,Undrafted
yogi ferrell,182.88,81.64656,Undrafted
yuta watanabe,205.74,92.98636,Undrafted
zach collins,213.36,106.59412,2017
zach lavine,195.58,90.7184,2014
zach lofton,193.04,81.64656,Undrafted
zaza pachulia,210.82,122.46984,2003
johnathan motley,208.28,104.32616,Undrafted
tyler ulis,177.8,72.57472,2016
tyler lydon,208.28,102.0582,2017
tyler johnson,193.04,86.18248,Undrafted
tyler dorsey,195.58,83.007336,2017
terrence jones,205.74,114.305184,2012
terrence ross,200.66,93.439952,2012
terry rozier,185.42,86.18248,2015
thabo sefolosha,200.66,99.79024,2006
thaddeus young,203.2,100.243832,2007
theo pinson,198.12,98.883056,Undrafted
thomas bryant,210.82,112.490816,2017
thomas welsh,213.36,115.66596,2018
thon maker,215.9,100.243832,2016
tim frazier,185.42,77.11064,Undrafted
tim hardaway,198.12,92.98636,2013
timothe luwawucabarrot,198.12,95.25432,2016
tomas satoransky,200.66,95.25432,2012
tony bradley,208.28,112.490816,2017
pj tucker,198.12,111.13004,2006
tony parker,187.96,83.91452,2001
torrey craig,200.66,97.52228,Undrafted
trae young,187.96,81.64656,2018
treveon graham,195.58,102.0582,Undrafted
trevon duval,187.96,85.728888,Undrafted
trevor ariza,203.2,97.52228,2004
trey burke,185.42,79.3786,2013
trey lyles,208.28,106.140528,2015
tristan thompson,208.28,107.954896,2011
troy brown,200.66,97.52228,2018
troy caupain,193.04,95.25432,Undrafted
troy daniels,193.04,92.98636,Undrafted
troy williams,200.66,98.883056,Undrafted
tyler cavanaugh,205.74,107.954896,Undrafted
tyler davis,208.28,120.655472,Undrafted
tony snell,200.66,96.615096,2013
otto porter,203.2,89.811216,2013
tobias harris,205.74,106.59412,2011
omari spellman,205.74,111.13004,2018
kenneth faried,203.2,99.79024,2011
kenrich williams,200.66,95.25432,Undrafted
kent bazemore,195.58,91.171992,Undrafted
kentavious caldwellpope,195.58,92.98636,2013
kevin durant,205.74,108.86208,2007
kevin huerter,200.66,86.18248,2018
kevin knox,205.74,97.52228,2018
kevin love,208.28,113.851592,2008
kevon looney,205.74,99.79024,2015
khem birch,205.74,105.68693600000002,Undrafted
khris middleton,203.2,100.697424,2012
khyri thomas,190.5,95.25432,2018
klay thompson,200.66,97.52228,2011
kobi simmons,193.04,77.11064,Undrafted
kosta koufos,213.36,111.13004,2008
kostas antetokounmpo,208.28,90.7184,2018
kris dunn,193.04,92.98636,2016
kyle anderson,205.74,104.32616,2014
kyle korver,200.66,96.161504,2003
kyle kuzma,205.74,99.79024,2017
kyle lowry,185.42,88.904032,2006
kyle oquinn,208.28,113.398,2012
kyrie irving,190.5,87.543256,2011
lamarcus aldridge,210.82,117.93392,2006
lance stephenson,198.12,104.32616,2010
lance thomas,203.2,108.86208,Undrafted
landry shamet,195.58,85.275296,2018
langston galloway,187.96,90.7184,Undrafted
larry nance,205.74,104.32616,2015
kemba walker,185.42,83.46092800000001,2011
kelly oubre jr,200.66,92.98636,2015
kelly olynyk,213.36,108.86208,2013
keita batesdiop,205.74,103.872568,2018
jon leuer,208.28,103.418976,2011
omri casspi,205.74,102.0582,2009
jonah bolden,208.28,99.79024,2017
jonas jerebko,208.28,104.779752,2009
jonas valanciunas,213.36,120.20188,2011
jonathan isaac,208.28,95.25432,2017
jonathon simmons,198.12,88.45044,Undrafted
jordan bell,205.74,101.604608,2017
jordan clarkson,195.58,87.996848,2014
jordan loyd,193.04,95.25432,Undrafted
jordan mcrae,195.58,81.19296800000001,2014
jordan sibert,193.04,84.821704,Undrafted
jose calderon,190.5,90.7184,Undrafted
josh hart,195.58,97.52228,2017
lauri markkanen,213.36,108.86208,2017
josh jackson,203.2,90.7184,2017
josh richardson,198.12,90.7184,2015
jrue holiday,193.04,92.98636,2009
juancho hernangomez,205.74,104.32616,2016
julian washburn,203.2,94.800728,Undrafted
julius randle,205.74,113.398,2014
justin anderson,198.12,104.32616,2015
justin holiday,198.12,82.10015200000001,Undrafted
justin jackson,203.2,95.25432,2017
justin patton,213.36,109.315672,2017
justise winslow,200.66,102.0582,2015
jusuf nurkic,213.36,124.7378,2014
kalin lucas,185.42,88.45044,Undrafted
karlanthony towns,213.36,112.490816,2015
kawhi leonard,200.66,104.32616,2011
josh okogie,193.04,96.161504,2018
lebron james,203.2,113.398,2003
kadeem allen,190.5,90.7184,2017
lonzo ball,198.12,86.18248,2017
michael kiddgilchrist,200.66,105.233344,2012
mikal bridges,200.66,95.25432,2018
mike conley,185.42,79.3786,2007
mike muscala,210.82,108.86208,2013
mike scott,203.2,107.501304,2012
miles bridges,200.66,102.0582,2018
miles plumlee,210.82,112.944408,2012
milos teodosic,195.58,88.904032,Undrafted
mitchell creek,198.12,102.0582,Undrafted
mitchell robinson,215.9,108.86208,2018
mo bamba,213.36,100.243832,2018
monte morris,190.5,79.3786,2017
montrezl harrell,203.2,108.86208,2015
moritz wagner,210.82,111.13004,2018
naz mitroulong,193.04,98.883056,Undrafted
nemanja bjelica,208.28,106.140528,2010
nene,210.82,113.398,2002
nerlens noel,210.82,99.79024,2013
nick young,200.66,95.25432,2007
nicolas batum,203.2,90.7184,2008
nik stauskas,198.12,92.98636,2014
nikola jokic,213.36,113.398,2014
nikola mirotic,208.28,113.398,2011
nikola vucevic,213.36,117.93392,2011
noah vonleh,205.74,113.398,2014
norman powell,193.04,97.52228,2015
lonnie walker,195.58,92.98636,2018
og anunoby,203.2,105.233344,2017
okaro white,203.2,92.98636,Undrafted
michael carterwilliams,198.12,86.18248,2013
michael beasley,205.74,106.59412,2008
myles turner,210.82,113.398,2015
melvin frazier,198.12,90.7184,2018
lou williams,185.42,79.3786,2005
luc mbah a moute,203.2,104.32616,2008
meyers leonard,215.9,115.66596,2012
lorenzo brown,195.58,85.728888,2013
luka doncic,200.66,98.883056,2018
luke kennard,195.58,93.439952,2017
luke kornet,215.9,113.398,Undrafted
luol deng,205.74,107.501304,2004
malachi richardson,198.12,92.98636,2016
malcolm brogdon,195.58,103.872568,2016
malik beasley,195.58,88.45044,2016
malik monk,190.5,90.7184,2017
marshon brooks,195.58,90.7184,2011
marc gasol,215.9,115.66596,2007
marcin gortat,210.82,108.86208,2005
malcolm miller,200.66,95.25432,Undrafted
marcus derrickson,200.66,112.944408,Undrafted
maxi kleber,210.82,108.86208,Undrafted
maurice harkless,205.74,99.79024,2012
marco belinelli,195.58,95.25432,2007
mason plumlee,210.82,106.59412,2013
marvin williams,205.74,107.501304,2005
marvin bagley,210.82,106.140528,2018
marquese chriss,208.28,108.86208,2016
matthew dellavedova,193.04,90.7184,Undrafted
markelle fultz,193.04,90.7184,2017
mario hezonja,203.2,102.0582,2015
marcus smart,193.04,99.79024,2014
markieff morris,208.28,111.13004,2011
marcus morris,205.74,106.59412,2011
jared dudley,198.12,107.501304,2007
jabari parker,203.2,111.13004,2014
james johnson,200.66,108.86208,2009
james harden,195.58,99.79024,2009
james ennis,198.12,97.52228,2013
jamal murray,193.04,97.52228,2016
jamal crawford,195.58,90.7184,2000
jalen mcdaniels,208.28,92.98636,2019
jalen brunson,185.42,86.18248,2018
jakob poeltl,215.9,111.13004,2016
jake layman,203.2,94.800728,2016
jamychal green,203.2,102.965384,Undrafted
jahlil okafor,208.28,122.46984,2015
jae crowder,198.12,106.59412,2012
javale mcgee,213.36,122.46984,2008
jacob evans,193.04,95.25432,2018
jalen lecque,193.04,83.91452,Undrafted
jared harper,177.8,79.3786,Undrafted
jeff green,203.2,106.59412,2007
jarred vanderbilt,205.74,97.068688,2018
jeremy pargo,187.96,99.336648,2009
jeremy lamb,195.58,81.64656,2012
jakarr sampson,200.66,97.068688,Undrafted
jerian grant,193.04,89.811216,2015
jeremiah martin,187.96,83.91452,Undrafted
jerami grant,203.2,95.25432,2014
jeff teague,190.5,88.45044,2009
jayson tatum,203.2,95.25432,2017
jaylen nowell,193.04,91.171992,2019
jaylen hoard,203.2,97.975872,Undrafted
jaylen brown,198.12,101.151016,2016
jaxson hayes,210.82,99.79024,2019
javonte green,193.04,92.98636,Undrafted
jarrod uthoff,205.74,99.79024,Undrafted
jarrett culver,198.12,88.45044,2019
jarrett allen,210.82,110.222856,2017
jarrell brantley,195.58,113.398,2019
jaren jackson,210.82,109.769264,2018
ja morant,190.5,78.92500799999999,2019
gary payton,190.5,88.45044,Undrafted
jj redick,190.5,90.7184,2006
goga bitadze,210.82,113.398,2019
glenn robinson,198.12,100.697424,2014
giannis antetokounmpo,210.82,109.769264,2013
georges niang,200.66,104.32616,2016
george hill,190.5,85.275296,2008
gary trent,195.58,94.800728,2018
gary harris,193.04,95.25432,2014
goran dragic,190.5,86.18248,2008
gary clark,198.12,102.0582,Undrafted
garrett temple,195.58,88.45044,Undrafted
gabe vincent,190.5,90.7184,Undrafted
furkan korkmaz,200.66,91.625584,2016
fred vanvleet,185.42,89.357624,Undrafted
jerome robinson,193.04,86.18248,2018
frank mason,180.34,86.18248,2017
frank ntilikina,193.04,90.7184,2017
garrison mathews,195.58,97.52228,Undrafted
gordon hayward,200.66,102.0582,2010
gorgui dieng,208.28,114.305184,2013
grant williams,198.12,107.047712,2019
jp macura,193.04,92.079176,2018
jj barea,177.8,81.64656,Undrafted
ivica zubac,213.36,108.86208,2016
ish smith,182.88,79.3786,Undrafted
isaiah thomas,175.26,83.91452,2011
isaiah roby,203.2,104.32616,2019
isaiah hartenstein,213.36,113.398,2017
isaac bonga,203.2,81.64656,2018
iman shumpert,195.58,96.161504,2011
ignas brazdeikis,198.12,100.243832,2019
ian mahinmi,210.82,118.841104,2005
henry ellenson,208.28,108.86208,2016
hassan whiteside,213.36,120.20188,2010
harry giles,210.82,108.86208,2017
harrison barnes,203.2,102.0582,2012
hamidou diallo,195.58,91.625584,2018
grayson allen,193.04,89.811216,2018
jr smith,198.12,99.79024,2004
jevon carter,185.42,90.7184,2018
kostas antetokounmpo,208.28,90.7184,2018
joakim noah,210.82,105.233344,2007
kevin porter,193.04,92.079176,2019
kevin love,203.2,113.851592,2008
kevin knox,200.66,97.52228,2018
kevin huerter,200.66,86.18248,2018
kevin hervey,205.74,104.32616,2018
kentavious caldwellpope,195.58,92.532768,2013
kent bazemore,193.04,88.45044,Undrafted
kevon looney,205.74,100.697424,2015
kenrich williams,198.12,95.25432,Undrafted
kemba walker,182.88,83.46092800000001,2011
kelly oubre jr,200.66,92.079176,2015
kelly olynyk,210.82,108.86208,2013
keldon johnson,195.58,99.79024,2019
kelan martin,195.58,104.32616,Undrafted
keita batesdiop,203.2,103.872568,2018
kawhi leonard,200.66,102.0582,2011
kendrick nunn,187.96,86.18248,Undrafted
khem birch,205.74,105.68693600000002,Undrafted
khris middleton,200.66,100.697424,2012
khyri thomas,190.5,95.25432,2018
larry nance,200.66,111.13004,2015
frank kaminsky,213.36,108.86208,2015
langston galloway,185.42,90.7184,Undrafted
landry shamet,193.04,86.18248,2018
lance thomas,203.2,102.0582,Undrafted
lamarcus aldridge,210.82,113.398,2006
kyrie irving,187.96,88.45044,2011
kyle oquinn,205.74,113.398,2012
kyle lowry,182.88,88.904032,2006
kyle kuzma,203.2,100.243832,2017
kyle korver,200.66,96.161504,2003
kyle guy,185.42,75.749864,2019
kyle anderson,205.74,104.32616,2014
kyle alexander,208.28,97.975872,Undrafted
ky bowman,185.42,84.821704,Undrafted
kristaps porzingis,220.98,108.86208,2015
kris dunn,190.5,92.98636,2016
karlanthony towns,210.82,112.490816,2015
kadeem allen,185.42,90.7184,2017
kz okpala,203.2,97.52228,2019
juwan morgan,200.66,105.233344,Undrafted
jordan mcrae,195.58,81.19296800000001,2014
jordan mclaughlin,180.34,83.91452,Undrafted
jordan clarkson,193.04,87.996848,2014
jordan bone,190.5,81.64656,2019
jordan bell,203.2,97.975872,2017
jonathan isaac,210.82,104.32616,2017
jonas valanciunas,210.82,120.20188,2011
jonah bolden,203.2,102.0582,2017
johnathan williams,205.74,103.418976,Undrafted
johnathan motley,203.2,104.32616,Undrafted
john konchar,195.58,95.25432,Undrafted
john henson,205.74,99.336648,2012
john collins,205.74,106.59412,2017
joel embiid,213.36,127.00576,2014
joe ingles,200.66,99.79024,Undrafted
joe harris,198.12,99.79024,2014
joe chealey,193.04,86.18248,2018
jordan poole,193.04,87.996848,2019
jimmy butler,200.66,104.32616,2011
josh gray,182.88,81.64656,Undrafted
josh jackson,203.2,93.893544,2017
jusuf nurkic,213.36,131.54168,2014
justise winslow,198.12,100.697424,2015
justin wrightforeman,182.88,86.18248,2019
justin robinson,185.42,88.45044,2019
justin patton,210.82,109.315672,2017
justin james,200.66,86.18248,2019
justin jackson,200.66,99.79024,2017
justin holiday,198.12,81.64656,Undrafted
justin anderson,195.58,104.779752,2015
julius randle,203.2,113.398,2014
juancho hernangomez,205.74,97.068688,2016
juan toscanoanderson,198.12,94.800728,Undrafted
jrue holiday,190.5,92.98636,2009
josh richardson,195.58,90.7184,2015
josh reaves,193.04,97.068688,Undrafted
josh okogie,193.04,96.615096,2018
josh magette,185.42,72.57472,2012
josh hart,195.58,97.52228,2017
frank jackson,190.5,92.98636,2017
bam adebayo,205.74,115.66596,2017
evan fournier,200.66,92.98636,2012
caleb martin,195.58,92.98636,Undrafted
cj miles,198.12,99.79024,2005
cj mccollum,190.5,86.18248,2013
buddy hield,193.04,99.79024,2016
bryn forbes,187.96,92.98636,Undrafted
bruno fernando,205.74,108.86208,2019
bruno caboclo,205.74,98.883056,2014
caleb swanigan,205.74,117.93392,2017
bruce brown,193.04,91.625584,2018
brian bowen,198.12,86.18248,Undrafted
brandon knight,187.96,82.553744,2011
brandon ingram,200.66,86.18248,2016
brandon goodwin,182.88,81.64656,Undrafted
brandon clarke,203.2,97.52228,2019
bradley beal,190.5,93.893544,2012
brad wanamaker,190.5,95.25432,Undrafted
brook lopez,213.36,127.912944,2008
cam reddish,203.2,98.883056,2019
cameron johnson,203.2,95.25432,2019
cameron payne,185.42,83.007336,2015
clint capela,208.28,108.86208,2014
christian wood,208.28,97.068688,Undrafted
chris silva,203.2,106.140528,Undrafted
chris paul,185.42,79.3786,2005
chris clemons,175.26,81.64656,Undrafted
chris chiozza,180.34,79.3786,Undrafted
chris boucher,205.74,90.7184,Undrafted
chimezie metu,205.74,102.0582,2018
cheick diallo,203.2,99.336648,2016
chasson randle,187.96,83.91452,2015
charlie brown,198.12,90.264808,Undrafted
chandler parsons,205.74,104.32616,2011
chandler hutchison,200.66,95.25432,2018
cedi osman,200.66,104.32616,2015
carsen edwards,180.34,90.7184,2019
carmelo anthony,203.2,107.954896,2003
caris levert,198.12,92.98636,2016
bol bol,218.44,99.79024,2019
coby white,193.04,88.45044,2019
bojan bogdanovic,203.2,102.511792,2011
bobby portis,208.28,113.398,2015
allonzo trier,193.04,90.7184,2018
allen crabbe,195.58,96.161504,2013
alize johnson,200.66,96.161504,2018
alfonzo mckinnie,200.66,97.52228,Undrafted
alex len,213.36,113.398,2013
alex caruso,195.58,84.368112,Undrafted
alen smailagic,208.28,97.52228,2019
amile jefferson,205.74,100.697424,2017
alec burks,198.12,97.068688,2011
al horford,205.74,108.86208,2007
admiral schofield,195.58,109.315672,2019
adam mokoka,195.58,86.18248,Undrafted
abdel nader,195.58,102.0582,2016
aaron holiday,182.88,83.91452,2018
aaron gordon,203.2,106.59412,2014
lauri markkanen,213.36,108.86208,2017
alfarouq aminu,203.2,99.79024,2010
amir coffey,200.66,95.25432,Undrafted
andre drummond,208.28,126.552168,2012
andre iguodala,198.12,97.52228,2004
boban marjanovic,223.52,131.54168,Undrafted
blake griffin,205.74,113.398,2009
bismack biyombo,203.2,115.66596,2011
ben simmons,208.28,108.86208,2016
ben mclemore,190.5,88.45044,2013
bj johnson,200.66,90.7184,Undrafted
avery bradley,190.5,81.64656,2010
austin rivers,190.5,90.7184,2012
aron baynes,208.28,117.93392,Undrafted
anzejs pasecniks,218.44,103.872568,2017
antonius cleveland,195.58,88.45044,Undrafted
anthony tolliver,203.2,108.86208,Undrafted
anthony davis,208.28,114.758776,2012
ante zizic,208.28,120.655472,2016
anfernee simons,190.5,82.10015200000001,2018
andrew wiggins,200.66,89.357624,2014
andre roberson,200.66,95.25432,2013
bogdan bogdanovic,198.12,99.79024,2014
cody martin,195.58,92.98636,2019
cody zeller,213.36,108.86208,2013
collin sexton,185.42,86.18248,2018
doug mcdermott,200.66,102.0582,2014
dorian finneysmith,200.66,99.79024,Undrafted
donte divincenzo,193.04,92.079176,2018
donta hall,205.74,103.872568,Undrafted
donovan mitchell,185.42,97.52228,2017
domantas sabonis,210.82,108.86208,2016
dion waiters,190.5,95.25432,2012
dragan bender,213.36,112.944408,2016
dillon brooks,200.66,102.0582,2017
dewan hernandez,208.28,106.59412,2019
devonte graham,185.42,88.45044,2018
devontae cacok,203.2,108.86208,Undrafted
devon hall,195.58,97.52228,2018
devin booker,195.58,93.439952,2015
derrick white,193.04,86.18248,2017
derrick walton,182.88,83.91452,Undrafted
dewayne dedmon,213.36,111.13004,Undrafted
draymond green,198.12,104.32616,2012
drew eubanks,205.74,111.13004,Undrafted
duncan robinson,200.66,97.52228,Undrafted
ersan ilyasova,205.74,106.59412,2005
eric paschall,198.12,115.66596,2019
eric mika,208.28,105.68693600000002,2017
eric gordon,190.5,97.52228,2008
eric bledsoe,185.42,97.068688,2010
enes kanter,208.28,113.398,2011
emmanuel mudiay,190.5,90.7184,2015
elie okobo,190.5,86.18248,2018
elfrid payton,190.5,88.45044,2014
edmond sumner,193.04,88.904032,2017
ed davis,205.74,98.883056,2010
etwaun moore,190.5,86.636072,2011
dzanan musa,205.74,98.429464,2018
dwight powell,208.28,108.86208,2014
dwight howard,208.28,120.20188,2004
dwayne bacon,198.12,100.243832,2017
dusty hannahs,190.5,95.25432,2017
derrick rose,187.96,90.7184,2008
derrick jones,198.12,95.25432,Undrafted
derrick favors,205.74,120.20188,2010
deonte burton,193.04,108.86208,Undrafted
dante exum,195.58,97.068688,2014
danny green,198.12,97.52228,2009
danilo gallinari,208.28,105.68693600000002,2008
daniel theis,203.2,111.13004,Undrafted
daniel gafford,208.28,106.140528,2019
damyean dotson,195.58,95.25432,2017
damion lee,195.58,95.25432,Undrafted
damian lillard,187.96,88.45044,2012
damian jones,210.82,111.13004,2016
daquan jeffries,195.58,104.32616,Undrafted
dj wilson,208.28,104.779752,2017
dj augustin,180.34,83.007336,2008
dangelo russell,193.04,87.543256,2015
cristiano felicio,208.28,122.46984,Undrafted
courtney lee,195.58,97.52228,2008
cory joseph,190.5,90.7184,2011
corey brewer,205.74,85.275296,2007
danuel house,198.12,99.79024,Undrafted
evan turner,198.12,99.79024,2010
dario saric,208.28,102.0582,2014
darius garland,185.42,87.089664,2019
denzel valentine,193.04,99.79024,2016
dennis smith,187.96,92.98636,2017
dennis schroder,185.42,78.017824,2013
delon wright,195.58,83.91452,2015
dejounte murray,193.04,81.64656,2016
deandre ayton,210.82,113.398,2018
dean wade,205.74,103.418976,Undrafted
demarre carroll,198.12,97.52228,2009
demar derozan,198.12,99.79024,2009
deandre bembry,195.58,95.25432,2016
deandre jordan,210.82,120.20188,2008
deanthony melton,187.96,90.7184,2018
deandre hunter,200.66,102.0582,2019
deaaron fox,190.5,83.91452,2017
davis bertans,208.28,102.0582,2011
david nwaba,195.58,99.336648,Undrafted
daryl macon,187.96,83.91452,2018
darius bazley,203.2,94.347136,2019
lebron james,205.74,113.398,2003
michael kiddgilchrist,198.12,105.233344,2012
lonzo ball,198.12,86.18248,2017
stephen curry,190.5,83.91452,2009
sterling brown,195.58,99.336648,2017
steven adams,210.82,120.20188,2013
svi mykhailiuk,200.66,92.98636,2018
tj leaf,208.28,100.697424,2017
tj mcconnell,185.42,86.18248,2015
tj warren,203.2,99.79024,2014
tacko fall,226.06,141.067112,Undrafted
taj gibson,205.74,105.233344,2009
talen hortontucker,193.04,106.140528,2019
tariq owens,208.28,92.98636,Undrafted
taurean prince,200.66,98.883056,2016
terance mann,195.58,97.52228,2019
terence davis,193.04,91.171992,Undrafted
terrance ferguson,198.12,86.18248,2017
terrence ross,198.12,93.439952,2012
terry rozier,185.42,86.18248,2015
thabo sefolosha,198.12,97.52228,2006
thaddeus young,203.2,106.59412,2007
thanasis antetokounmpo,198.12,99.336648,2014
theo pinson,195.58,96.161504,Undrafted
stanton kidd,198.12,97.975872,Undrafted
thomas bryant,208.28,112.490816,2017
stanley johnson,198.12,109.769264,2015
solomon hill,198.12,102.511792,2013
romeo langford,193.04,97.975872,2019
rondae hollisjefferson,198.12,98.429464,2015
royce oneale,193.04,102.511792,Undrafted
rudy gay,203.2,113.398,2006
rudy gobert,215.9,117.026736,2013
rui hachimura,203.2,104.32616,2019
russell westbrook,190.5,90.7184,2008
ryan anderson,205.74,108.86208,2008
ryan arcidiacono,190.5,88.45044,Undrafted
ryan broekhoff,198.12,97.52228,Undrafted
sekou doumbouya,203.2,104.32616,2019
semi ojeleye,198.12,108.86208,2017
serge ibaka,213.36,106.59412,2008
seth curry,187.96,83.91452,Undrafted
shabazz napier,182.88,79.3786,2014
shai gilgeousalexander,195.58,81.64656,2018
shake milton,195.58,92.98636,2018
shamorie ponds,182.88,79.3786,Undrafted
shaquille harrison,200.66,86.18248,Undrafted
sindarius thornwell,193.04,97.52228,2017
skal labissiere,208.28,106.59412,2016
spencer dinwiddie,195.58,97.52228,2014
thon maker,213.36,100.243832,2016
tim frazier,182.88,77.11064,Undrafted
tim hardaway,195.58,92.98636,2013
vincent poirier,213.36,106.59412,Undrafted
vlatko cancar,203.2,107.047712,2017
wayne ellington,193.04,93.893544,2009
wendell carter,205.74,122.46984,2018
wenyen gabriel,205.74,92.98636,Undrafted
wes iwundu,198.12,88.45044,2017
wesley matthews,193.04,99.79024,Undrafted
will barton,195.58,82.10015200000001,2012
william howard,203.2,93.893544,Undrafted
willie cauleystein,213.36,108.86208,2015
willy hernangomez,210.82,113.398,2015
wilson chandler,203.2,106.59412,2007
yogi ferrell,182.88,80.73937600000001,Undrafted
yuta watanabe,203.2,97.52228,Undrafted
zach collins,210.82,113.398,2017
zach lavine,198.12,90.7184,2014
zach norvell,195.58,92.98636,2019
zhaire smith,190.5,92.98636,2018
zion williamson,198.12,128.820128,2019
zylan cheatham,195.58,99.79024,Undrafted
lonnie walker,195.58,92.532768,2018
vince carter,198.12,99.79024,1998
victor oladipo,193.04,96.615096,2013
vic law,200.66,91.171992,Undrafted
udonis haslem,203.2,106.59412,Undrafted
timothe luwawucabarrot,200.66,99.79024,2016
tobias harris,203.2,102.511792,2011
tomas satoransky,200.66,95.25432,2012
tony bradley,208.28,112.490816,2017
tony snell,198.12,96.615096,2013
torrey craig,200.66,100.243832,Undrafted
trae young,185.42,81.64656,2018
tremont waters,177.8,79.3786,2019
treveon graham,195.58,99.336648,Undrafted
trevor ariza,203.2,97.52228,2004
rodney mcgruder,193.04,92.98636,Undrafted
trey burke,182.88,83.91452,2013
tristan thompson,205.74,115.212368,2011
troy daniels,193.04,90.7184,Undrafted
ty jerome,195.58,88.45044,2019
tyler cook,203.2,115.66596,Undrafted
tyler herro,195.58,88.45044,2019
tyler johnson,190.5,84.368112,Undrafted
tyler zeller,210.82,113.398,2012
tyrone wallace,195.58,89.811216,2016
tyson chandler,213.36,106.59412,2001
tyus jones,182.88,88.904032,2015
trey lyles,205.74,106.140528,2015
rodney hood,203.2,94.347136,2014
troy brown,198.12,97.52228,2018
robin lopez,213.36,127.459352,2008
marvin williams,203.2,107.501304,2005
mason plumlee,210.82,115.212368,2013
matisse thybulle,195.58,91.171992,2019
matt mooney,187.96,90.264808,Undrafted
matt thomas,193.04,86.18248,Undrafted
matthew dellavedova,190.5,90.7184,Undrafted
maurice harkless,200.66,99.79024,2012
max strus,195.58,97.52228,Undrafted
maxi kleber,208.28,108.86208,Undrafted
melvin frazier,195.58,97.52228,2018
meyers leonard,213.36,117.93392,2012
mfiondu kabengele,205.74,113.398,2019
michael carterwilliams,195.58,86.18248,2013
michael frazier,190.5,90.7184,Undrafted
michael porter,208.28,98.883056,2018
mikal bridges,198.12,94.800728,2018
mike conley,185.42,79.3786,2007
mike muscala,208.28,108.86208,2013
mike scott,200.66,107.501304,2012
miles bridges,198.12,102.0582,2018
mitchell robinson,213.36,108.86208,2018
marvin bagley,210.82,106.59412,2018
miye oni,195.58,93.439952,2019
marquese chriss,205.74,108.86208,2016
marko guduric,198.12,91.171992,Undrafted
lou williams,185.42,79.3786,2005
rodions kurucs,205.74,103.418976,2018
louis king,200.66,92.98636,Undrafted
luc mbah a moute,203.2,104.32616,2008
luguentz dort,190.5,97.52228,Undrafted
luka doncic,200.66,104.32616,2018
luka samanic,208.28,102.965384,2019
luke kennard,195.58,93.439952,2017
luke kornet,218.44,113.398,Undrafted
malcolm brogdon,195.58,103.872568,2016
malcolm miller,200.66,95.25432,Undrafted
malik beasley,193.04,84.821704,2016
malik monk,190.5,90.7184,2017
malik newman,190.5,86.18248,2018
marc gasol,210.82,115.66596,2007
marco belinelli,195.58,99.79024,2007
marcus morris,203.2,98.883056,2011
marcus smart,190.5,99.79024,2014
marial shayok,195.58,89.811216,2019
markelle fultz,190.5,94.800728,2017
markieff morris,203.2,111.13004,2011
marques bolden,208.28,112.944408,2019
mo bamba,213.36,104.779752,2018
mario hezonja,203.2,99.79024,2015
montrezl harrell,200.66,108.86208,2015
pj dozier,198.12,92.98636,Undrafted
pascal siakam,205.74,104.32616,2016
pat connaughton,195.58,94.800728,2015
patrick beverley,185.42,81.64656,2009
patrick mccaw,200.66,82.10015200000001,2016
patrick patterson,203.2,106.59412,2010
patty mills,185.42,81.64656,2009
paul george,203.2,99.79024,2010
paul millsap,200.66,116.573144,2006
paul watson,198.12,95.25432,Undrafted
pj washington,200.66,104.32616,2019
quinndary weatherspoon,190.5,92.98636,2019
rajon rondo,185.42,81.64656,2006
raul neto,185.42,81.64656,2013
rayjon tucker,190.5,94.800728,Undrafted
reggie bullock,198.12,92.98636,2013
reggie jackson,190.5,94.347136,2011
richaun holmes,208.28,106.59412,2015
ricky rubio,190.5,86.18248,2009
monte morris,187.96,83.007336,2017
robert williams,203.2,107.501304,2018
robert covington,200.66,94.800728,Undrafted
rj barrett,198.12,97.068688,2019
pj tucker,195.58,111.13004,2006
quinn cook,185.42,81.64656,Undrafted
oshae brissett,200.66,95.25432,Undrafted
moritz wagner,210.82,111.13004,2018
moses brown,218.44,111.13004,Undrafted
mychal mulder,190.5,83.46092800000001,Undrafted
otto porter,203.2,89.811216,2013
myles turner,210.82,113.398,2015
nassir little,195.58,99.79024,2019
naz mitroulong,190.5,98.883056,Undrafted
naz reid,205.74,119.748288,Undrafted
nerlens noel,208.28,99.79024,2013
nickeil alexanderwalker,195.58,92.98636,2019
nicolas batum,205.74,104.32616,2008
nemanja bjelica,208.28,106.140528,2010
nicolo melli,205.74,107.047712,Undrafted
omari spellman,203.2,111.13004,2018
nigel williamsgoss,187.96,86.18248,2017
og anunoby,200.66,105.233344,2017
nikola jokic,213.36,128.820128,2014
nikola vucevic,210.82,117.93392,2011
noah vonleh,208.28,116.573144,2014
norvel pelle,208.28,104.779752,Undrafted
nic claxton,210.82,97.52228,2019
norman powell,190.5,97.52228,2015
freddie gillespie,205.74,111.13004,Undrafted
gary trent,195.58,94.800728,2018
gary payton,190.5,88.45044,Undrafted
gary harris,193.04,95.25432,2014
gary clark,198.12,102.0582,Undrafted
gabriel deck,198.12,104.779752,Undrafted
garrett temple,195.58,88.45044,Undrafted
gabe vincent,190.5,90.7184,Undrafted
frank ntilikina,193.04,90.7184,2017
george hill,193.04,85.275296,2008
furkan korkmaz,200.66,91.625584,2016
fred vanvleet,185.42,89.357624,Undrafted
garrison mathews,195.58,97.52228,Undrafted
georges niang,200.66,104.32616,2016
grayson allen,193.04,89.811216,2018
glenn robinson,198.12,100.697424,2014
goga bitadze,210.82,113.398,2019
goran dragic,190.5,86.18248,2008
gordon hayward,200.66,102.0582,2010
gorgui dieng,208.28,114.305184,2013
grant riller,187.96,86.18248,2020
grant williams,198.12,107.047712,2019
greg whittington,203.2,95.25432,Undrafted
hamidou diallo,195.58,91.625584,2018
harrison barnes,203.2,102.0582,2012
henry ellenson,208.28,108.86208,2016
frank mason,180.34,86.18248,2017
hassan whiteside,213.36,120.20188,2010
harry giles,210.82,108.86208,2017
giannis antetokounmpo,210.82,109.769264,2013
frank kaminsky,213.36,108.86208,2015
dorian finneysmith,200.66,99.79024,Undrafted
facundo campazzo,177.8,88.45044,Undrafted
devontae cacok,200.66,108.86208,Undrafted
devonte graham,185.42,88.45044,2018
ignas brazdeikis,198.12,100.243832,2019
dewayne dedmon,213.36,111.13004,Undrafted
didi louzada,195.58,85.275296,2019
dillon brooks,200.66,102.0582,2017
domantas sabonis,210.82,108.86208,2016
donovan mitchell,185.42,97.52228,2017
donta hall,208.28,104.32616,Undrafted
donte divincenzo,193.04,92.079176,2018
doug mcdermott,200.66,102.0582,2014
draymond green,198.12,104.32616,2012
drew eubanks,205.74,111.13004,Undrafted
duncan robinson,200.66,97.52228,Undrafted
frank jackson,190.5,92.98636,2017
dwayne bacon,198.12,100.243832,2017
dwight powell,208.28,108.86208,2014
dylan windler,198.12,88.904032,2019
etwaun moore,190.5,86.636072,2011
ed davis,205.74,98.883056,2010
edmond sumner,193.04,88.904032,2017
elfrid payton,190.5,88.45044,2014
elijah bryant,195.58,95.25432,Undrafted
elijah hughes,195.58,97.52228,2020
enes kanter,208.28,113.398,2011
eric bledsoe,185.42,97.068688,2010
eric gordon,190.5,97.52228,2008
eric paschall,198.12,115.66596,2019
ersan ilyasova,205.74,106.59412,2005
evan fournier,200.66,92.98636,2012
dwight howard,208.28,120.20188,2004
iman shumpert,195.58,96.161504,2011
jayson tatum,203.2,95.25432,2017
isaac bonga,203.2,81.64656,2018
jaren jackson,210.82,109.769264,2018
jarred vanderbilt,205.74,97.068688,2018
jarrell brantley,195.58,113.398,2019
jarrett allen,210.82,110.222856,2017
jarrett culver,198.12,88.45044,2019
javonte green,193.04,92.98636,Undrafted
jaxson hayes,210.82,99.79024,2019
jay scrubb,195.58,99.79024,2020
jaylen adams,182.88,102.0582,Undrafted
jaylen brown,198.12,101.151016,2016
jaylen hoard,203.2,97.975872,Undrafted
jaylen nowell,193.04,91.171992,2019
jeff green,203.2,106.59412,2007
jeff teague,190.5,88.45044,2009
jared harper,177.8,79.3786,Undrafted
jerami grant,203.2,95.25432,2014
jeremy lamb,195.58,81.64656,2012
jerome robinson,193.04,86.18248,2018
jevon carter,185.42,90.7184,2018
jimmy butler,200.66,104.32616,2011
joe harris,198.12,99.79024,2014
joe ingles,203.2,99.79024,Undrafted
joel embiid,213.36,127.00576,2014
john collins,205.74,106.59412,2017
john konchar,195.58,95.25432,Undrafted
john wall,190.5,95.25432,2010
jonas valanciunas,210.82,120.20188,2011
jontay porter,210.82,108.86208,Undrafted
devon dotson,187.96,83.91452,Undrafted
jordan bell,203.2,97.975872,2017
jeremiah martin,187.96,83.91452,Undrafted
immanuel quickley,190.5,86.18248,2020
jared dudley,198.12,107.501304,2007
james nunnally,200.66,92.98636,Undrafted
isaac okoro,195.58,102.0582,2020
isaiah hartenstein,213.36,113.398,2017
isaiah joe,193.04,74.84268,2020
isaiah roby,203.2,104.32616,2019
isaiah stewart,203.2,113.398,2020
isaiah thomas,175.26,83.91452,2011
ish smith,182.88,79.3786,Undrafted
ivica zubac,213.36,108.86208,2016
jj redick,190.5,90.7184,2006
ja morant,190.5,78.92500799999999,2019
jakarr sampson,200.66,97.068688,Undrafted
jamychal green,203.2,102.965384,Undrafted
javale mcgee,213.36,122.46984,2008
jabari parker,203.2,111.13004,2014
james wiseman,213.36,108.86208,2020
jaden mcdaniels,205.74,83.91452,2020
jaesean tate,193.04,104.32616,Undrafted
jahlil okafor,208.28,122.46984,2015
jahmius ramsey,190.5,86.18248,2020
jake layman,203.2,94.800728,2016
jakob poeltl,215.9,111.13004,2016
jalen brunson,185.42,86.18248,2018
jalen harris,195.58,88.45044,2020
jalen lecque,193.04,83.91452,Undrafted
jalen mcdaniels,205.74,92.98636,2019
jalen smith,208.28,97.52228,2020
jamal murray,190.5,97.52228,2016
james ennis,198.12,97.52228,2013
james harden,195.58,99.79024,2009
james johnson,200.66,108.86208,2009
jae crowder,198.12,106.59412,2012
devin vassell,195.58,90.7184,2020
bam adebayo,205.74,115.66596,2017
devin booker,195.58,93.439952,2015
axel toupane,200.66,95.25432,Undrafted
jordan bone,187.96,81.64656,2019
ben mclemore,190.5,88.45044,2013
ben simmons,210.82,108.86208,2016
bismack biyombo,203.2,115.66596,2011
blake griffin,205.74,113.398,2009
boban marjanovic,223.52,131.54168,Undrafted
bobby portis,208.28,113.398,2015
bogdan bogdanovic,198.12,99.79024,2014
bojan bogdanovic,200.66,102.511792,2011
bol bol,218.44,99.79024,2019
brad wanamaker,190.5,95.25432,Undrafted
bradley beal,190.5,93.893544,2012
brandon clarke,203.2,97.52228,2019
avery bradley,190.5,81.64656,2010
brandon goodwin,182.88,81.64656,Undrafted
brian bowen,198.12,86.18248,Undrafted
brodric thomas,195.58,83.91452,Undrafted
brook lopez,213.36,127.912944,2008
bruce brown,193.04,91.625584,2018
bruno caboclo,205.74,98.883056,2014
bruno fernando,205.74,108.86208,2019
bryn forbes,187.96,92.98636,Undrafted
buddy hield,193.04,99.79024,2016
cj elleby,198.12,90.7184,2020
cj mccollum,190.5,86.18248,2013
caleb martin,195.58,92.98636,Undrafted
cam reddish,203.2,98.883056,2019
cameron johnson,203.2,95.25432,2019
cameron oliver,203.2,102.0582,Undrafted
brandon ingram,203.2,86.18248,2016
cameron payne,185.42,83.007336,2015
austin rivers,193.04,90.7184,2012
aron baynes,208.28,117.93392,Undrafted
zion williamson,200.66,128.820128,2019
aaron gordon,203.2,106.59412,2014
aaron holiday,182.88,83.91452,2018
aaron nesmith,195.58,97.52228,2020
abdel nader,195.58,102.0582,2016
adam mokoka,193.04,86.18248,Undrafted
al horford,205.74,108.86208,2007
alfarouq aminu,203.2,99.79024,2010
alec burks,198.12,97.068688,2011
aleksej pokusevski,213.36,86.18248,2020
alen smailagic,208.28,97.52228,2019
alex caruso,193.04,84.368112,Undrafted
alex len,213.36,113.398,2013
alfonzo mckinnie,200.66,97.52228,Undrafted
ashton hagans,190.5,86.18248,Undrafted
alize johnson,200.66,96.161504,2018
amir coffey,200.66,95.25432,Undrafted
anderson varejao,210.82,117.93392,2004
andre drummond,208.28,126.552168,2012
andre iguodala,198.12,97.52228,2004
andre roberson,200.66,95.25432,2013
andrew wiggins,200.66,89.357624,2014
anfernee simons,190.5,82.10015200000001,2018
anthony davis,208.28,114.758776,2012
anthony edwards,193.04,102.0582,2020
anthony gill,200.66,104.32616,Undrafted
anthony lamb,198.12,102.965384,Undrafted
anthony tolliver,203.2,108.86208,Undrafted
anzejs pasecniks,215.9,103.872568,2017
armoni brooks,190.5,88.45044,2019
amida brimah,208.28,104.32616,Undrafted
cameron reynolds,200.66,102.0582,Undrafted
caris levert,198.12,92.98636,2016
carmelo anthony,200.66,107.954896,2003
danny green,198.12,97.52228,2009
dante exum,195.58,97.068688,2014
danuel house,198.12,99.79024,Undrafted
dario saric,208.28,102.0582,2014
darius bazley,203.2,94.347136,2019
darius garland,185.42,87.089664,2019
darius miller,198.12,102.0582,2012
david nwaba,195.58,99.336648,Undrafted
davis bertans,208.28,102.0582,2011
deaaron fox,190.5,83.91452,2017
deandre hunter,203.2,102.0582,2019
deanthony melton,187.96,90.7184,2018
deandre jordan,210.82,120.20188,2008
deandre bembry,195.58,95.25432,2016
danilo gallinari,208.28,105.68693600000002,2008
demar derozan,198.12,99.79024,2009
dean wade,205.74,103.418976,Undrafted
deandre ayton,210.82,113.398,2018
deividas sirvydis,203.2,86.18248,2019
dejounte murray,193.04,81.64656,2016
delon wright,195.58,83.91452,2015
deni avdija,205.74,95.25432,2020
dennis schroder,190.5,78.017824,2013
dennis smith,187.96,92.98636,2017
denzel valentine,193.04,99.79024,2016
derrick favors,205.74,120.20188,2010
derrick jones,195.58,95.25432,Undrafted
derrick rose,187.96,90.7184,2008
derrick white,193.04,86.18248,2017
desmond bane,195.58,97.52228,2020
demarcus cousins,208.28,122.46984,2010
daniel theis,203.2,111.13004,Undrafted
daniel oturu,203.2,108.86208,2020
daniel gafford,208.28,106.140528,2019
carsen edwards,180.34,90.7184,2019
cassius stanley,195.58,86.18248,2020
cassius winston,185.42,83.91452,2020
cedi osman,200.66,104.32616,2015
chandler hutchison,198.12,95.25432,2018
charlie brown,198.12,90.264808,Undrafted
chasson randle,187.96,83.91452,2015
chimezie metu,205.74,102.0582,2018
chris boucher,205.74,90.7184,Undrafted
chris chiozza,180.34,79.3786,Undrafted
chris paul,182.88,79.3786,2005
chris silva,203.2,106.140528,Undrafted
christian wood,208.28,97.068688,Undrafted
chuma okeke,198.12,103.872568,2019
clint capela,208.28,108.86208,2014
coby white,195.58,88.45044,2019
cody martin,195.58,92.98636,2019
damyean dotson,195.58,95.25432,2017
damion lee,195.58,95.25432,Undrafted
damian lillard,187.96,88.45044,2012
damian jones,210.82,111.13004,2016
dakota mathias,193.04,90.7184,2018
daquan jeffries,195.58,104.32616,Undrafted
devin cannady,187.96,83.007336,2019
dj wilson,208.28,104.779752,2017
dangelo russell,193.04,87.543256,2015
cristiano felicio,210.82,122.46984,Undrafted
cory joseph,190.5,90.7184,2011
collin sexton,185.42,86.18248,2018
cole anthony,187.96,83.91452,2020
cody zeller,210.82,108.86208,2013
dj augustin,180.34,83.007336,2008
jordan clarkson,193.04,87.996848,2014
marcus smart,190.5,99.79024,2014
jordan nwora,203.2,102.0582,2020
tristan thompson,205.74,115.212368,2011
trey lyles,205.74,106.140528,2015
trey burke,182.88,83.91452,2013
trevor ariza,203.2,97.52228,2004
trent forrest,193.04,95.25432,Undrafted
tremont waters,177.8,79.3786,2019
tre jones,185.42,83.91452,2020
trae young,185.42,81.64656,2018
torrey craig,200.66,100.243832,Undrafted
tony snell,198.12,96.615096,2013
tony bradley,208.28,112.490816,2017
tomas satoransky,200.66,95.25432,2012
tobias harris,203.2,102.511792,2011
timothe luwawucabarrot,200.66,99.79024,2016
tim hardaway,195.58,92.98636,2013
tim frazier,182.88,77.11064,Undrafted
thon maker,213.36,100.243832,2016
thomas bryant,208.28,112.490816,2017
theo pinson,195.58,96.161504,Undrafted
theo maledon,193.04,79.3786,2020
thanasis antetokounmpo,198.12,99.336648,2014
thaddeus young,203.2,106.59412,2007
terry rozier,185.42,86.18248,2015
terrence ross,198.12,93.439952,2012
terrance ferguson,198.12,86.18248,2017
terence davis,193.04,91.171992,Undrafted
terance mann,195.58,97.52228,2019
taurean prince,200.66,98.883056,2016
talen hortontucker,193.04,106.140528,2019
troy brown,198.12,97.52228,2018
ty jerome,195.58,88.45044,2019
tyshon alexander,190.5,88.45044,Undrafted
tyler bey,200.66,97.52228,2020
otto porter,203.2,89.811216,2013
pj tucker,195.58,111.13004,2006
pj washington,200.66,104.32616,2019
zeke nnaji,205.74,108.86208,2020
zach lavine,195.58,90.7184,2014
yuta watanabe,205.74,97.52228,Undrafted
yogi ferrell,182.88,80.73937600000001,Undrafted
xavier tillman,203.2,111.13004,2020
willy hernangomez,210.82,113.398,2015
willie cauleystein,213.36,108.86208,2015
will magnay,208.28,106.140528,Undrafted
will barton,198.12,82.10015200000001,2012
wesley matthews,193.04,99.79024,Undrafted
wes iwundu,198.12,88.45044,2017
taj gibson,205.74,105.233344,2009
wenyen gabriel,205.74,92.98636,Undrafted
wayne ellington,193.04,93.893544,2009
vlatko cancar,203.2,107.047712,2017
vincent poirier,213.36,106.59412,Undrafted
victor oladipo,193.04,96.615096,2013
vernon carey,205.74,122.46984,2020
udonis haslem,203.2,106.59412,Undrafted
udoka azubuike,208.28,127.00576,2020
tyus jones,182.88,88.904032,2015
tyrese maxey,187.96,90.7184,2020
tyrese haliburton,195.58,83.91452,2020
tyrell terry,187.96,72.57472,2020
tyler johnson,190.5,84.368112,Undrafted
tyler herro,195.58,88.45044,2019
tyler cook,203.2,115.66596,Undrafted
jordan mclaughlin,180.34,83.91452,Undrafted
tacko fall,226.06,141.067112,Undrafted
tj warren,203.2,99.79024,2014
tj mcconnell,185.42,86.18248,2015
robert williams,203.2,107.501304,2018
robert franks,200.66,102.0582,2019
robert covington,200.66,94.800728,Undrafted
ricky rubio,190.5,86.18248,2009
richaun holmes,208.28,106.59412,2015
reggie perry,203.2,113.398,2020
reggie jackson,187.96,94.347136,2011
reggie bullock,198.12,92.98636,2013
rayjon tucker,190.5,94.800728,Undrafted
ray spalding,205.74,102.0582,2018
raul neto,185.42,81.64656,2013
rajon rondo,185.42,81.64656,2006
rj barrett,198.12,97.068688,2019
rj hampton,193.04,79.3786,2020
robert woodard,198.12,106.59412,2020
quinndary weatherspoon,190.5,92.98636,2019
precious achiuwa,203.2,102.0582,2020
payton pritchard,185.42,88.45044,2020
paul watson,198.12,95.25432,Undrafted
paul reed,205.74,95.25432,2020
paul millsap,200.66,116.573144,2006
paul george,203.2,99.79024,2010
patty mills,185.42,81.64656,2009
patrick williams,200.66,97.52228,2020
patrick patterson,203.2,106.59412,2010
patrick mccaw,200.66,82.10015200000001,2016
patrick beverley,185.42,81.64656,2009
pat connaughton,195.58,94.800728,2015
pascal siakam,205.74,104.32616,2016
pj dozier,198.12,92.98636,Undrafted
quinn cook,185.42,81.64656,Undrafted
oshae brissett,200.66,95.25432,Undrafted
robin lopez,213.36,127.459352,2008
rodney hood,203.2,94.347136,2014
tj leaf,208.28,100.697424,2017
svi mykhailiuk,200.66,92.98636,2018
steven adams,210.82,120.20188,2013
sterling brown,195.58,99.336648,2017
stephen curry,190.5,83.91452,2009
stanley johnson,198.12,109.769264,2015
spencer dinwiddie,195.58,97.52228,2014
solomon hill,198.12,102.511792,2013
skylar mays,193.04,92.98636,2020
sindarius thornwell,193.04,97.52228,2017
shaquille harrison,200.66,86.18248,Undrafted
shake milton,195.58,92.98636,2018
shai gilgeousalexander,198.12,81.64656,2018
seth curry,187.96,83.91452,Undrafted
rodions kurucs,205.74,103.418976,2018
serge ibaka,208.28,106.59412,2008
sekou doumbouya,203.2,104.32616,2019
sean mcdermott,198.12,88.45044,Undrafted
sam merrill,193.04,92.98636,2020
saddiq bey,200.66,97.52228,2020
saben lee,187.96,83.007336,2020
ryan arcidiacono,190.5,88.45044,Undrafted
russell westbrook,190.5,90.7184,2008
rui hachimura,203.2,104.32616,2019
rudy gobert,215.9,117.026736,2013
rudy gay,203.2,113.398,2006
royce oneale,193.04,102.511792,Undrafted
rondae hollisjefferson,198.12,98.429464,2015
romeo langford,193.04,97.975872,2019
rodney mcgruder,193.04,92.98636,Undrafted
semi ojeleye,198.12,108.86208,2017
onyeka okongwu,203.2,106.59412,2020
wendell carter,208.28,122.46984,2018
og anunoby,200.66,105.233344,2017
kenyon martin,198.12,97.52228,2020
kevin durant,208.28,108.86208,2007
kevin huerter,200.66,86.18248,2018
kevin knox,200.66,97.52228,2018
kevin love,203.2,113.851592,2008
kevin porter,193.04,92.079176,2019
kevon looney,205.74,100.697424,2015
khem birch,205.74,105.68693600000002,Undrafted
khris middleton,200.66,100.697424,2012
khyri thomas,190.5,95.25432,2018
killian hayes,195.58,88.45044,2020
killian tillie,205.74,99.79024,Undrafted
kira lewis,185.42,77.11064,2020
kostas antetokounmpo,208.28,90.7184,2018
kentavious caldwellpope,195.58,92.532768,2013
obi toppin,205.74,99.79024,2020
kyle anderson,205.74,104.32616,2014
kyle guy,185.42,75.749864,2019
kyle kuzma,208.28,100.243832,2017
kyle lowry,182.88,88.904032,2006
kyrie irving,187.96,88.45044,2011
lamarcus aldridge,210.82,113.398,2006
lamelo ball,198.12,81.64656,2020
lamar stevens,198.12,104.32616,Undrafted
landry shamet,193.04,86.18248,2018
langston galloway,185.42,90.7184,Undrafted
larry nance,200.66,111.13004,2015
lauri markkanen,213.36,108.86208,2017
lebron james,205.74,113.398,2003
lonnie walker,193.04,92.532768,2018
kristaps porzingis,220.98,108.86208,2015
lonzo ball,198.12,86.18248,2017
kent bazemore,193.04,88.45044,Undrafted
kendrick nunn,187.96,86.18248,Undrafted
jordan poole,193.04,87.996848,2019
josh green,195.58,90.7184,2020
josh hall,205.74,86.18248,Undrafted
josh hart,195.58,97.52228,2017
josh jackson,203.2,93.893544,2017
josh okogie,193.04,96.615096,2018
josh richardson,195.58,90.7184,2015
jrue holiday,190.5,92.98636,2009
juan toscanoanderson,198.12,94.800728,Undrafted
juancho hernangomez,205.74,97.068688,2016
julius randle,203.2,113.398,2014
justin holiday,198.12,81.64656,Undrafted
justin jackson,203.2,99.79024,2017
justin james,200.66,86.18248,2019
kenrich williams,198.12,95.25432,Undrafted
justin patton,210.82,109.315672,2017
justise winslow,198.12,100.697424,2015
jusuf nurkic,210.82,131.54168,2014
juwan morgan,200.66,105.233344,Undrafted
kz okpala,203.2,97.52228,2019
karim mane,190.5,86.18248,Undrafted
karlanthony towns,210.82,112.490816,2015
kawhi leonard,200.66,102.0582,2011
keita batesdiop,203.2,103.872568,2018
kelan martin,195.58,104.32616,Undrafted
keldon johnson,195.58,99.79024,2019
keljin blevins,193.04,90.7184,2019
kelly olynyk,210.82,108.86208,2013
kelly oubre jr,200.66,92.079176,2015
kemba walker,182.88,83.46092800000001,2011
justin robinson,185.42,88.45044,2019
lou williams,185.42,79.3786,2005
kris dunn,190.5,92.98636,2016
luguentz dort,190.5,97.52228,Undrafted
mike scott,200.66,107.501304,2012
miles bridges,198.12,102.0582,2018
mitchell robinson,213.36,108.86208,2018
miye oni,195.58,93.439952,2019
mo bamba,213.36,104.779752,2018
monte morris,187.96,83.007336,2017
montrezl harrell,200.66,108.86208,2015
moritz wagner,210.82,111.13004,2018
moses brown,218.44,111.13004,Undrafted
mychal mulder,190.5,83.46092800000001,Undrafted
myles turner,210.82,113.398,2015
naji marshall,200.66,99.79024,Undrafted
nassir little,195.58,99.79024,2019
nate darling,198.12,90.7184,Undrafted
mike muscala,208.28,108.86208,2013
nate hinton,195.58,95.25432,Undrafted
naz reid,205.74,119.748288,Undrafted
nemanja bjelica,208.28,106.140528,2010
nerlens noel,210.82,99.79024,2013
nick richards,213.36,111.13004,2020
nickeil alexanderwalker,198.12,92.98636,2019
nico mannion,187.96,86.18248,2020
nicolas batum,203.2,104.32616,2008
nic claxton,210.82,97.52228,2019
nicolo melli,205.74,107.047712,Undrafted
nikola jokic,210.82,128.820128,2014
nikola vucevic,210.82,117.93392,2011
noah vonleh,208.28,116.573144,2014
norman powell,190.5,97.52228,2015
norvel pelle,208.28,104.779752,Undrafted
louis king,200.66,92.98636,Undrafted
mike james,185.42,79.3786,Undrafted
nathan knight,208.28,114.758776,Undrafted
mikal bridges,198.12,94.800728,2018
mike conley,185.42,79.3786,2007
luka doncic,200.66,104.32616,2018
luka samanic,208.28,102.965384,2019
luke kennard,195.58,93.439952,2017
luke kornet,218.44,113.398,Undrafted
malachi flynn,185.42,79.3786,2020
malcolm brogdon,195.58,103.872568,2016
malik fitts,203.2,104.32616,Undrafted
malik monk,190.5,90.7184,2017
mamadi diakite,205.74,103.418976,Undrafted
marc gasol,210.82,115.66596,2007
marcus morris,203.2,98.883056,2011
markelle fultz,190.5,94.800728,2017
markieff morris,205.74,111.13004,2011
markus howard,177.8,79.3786,Undrafted
malik beasley,193.04,84.821704,2016
marquese chriss,205.74,108.86208,2016
michael porter,208.28,98.883056,2018
marques bolden,208.28,112.944408,2019
michael carterwilliams,195.58,86.18248,2013
mfiondu kabengele,205.74,113.398,2019
meyers leonard,213.36,117.93392,2012
max strus,195.58,97.52228,Undrafted
maurice harkless,200.66,99.79024,2012
maxi kleber,208.28,108.86208,Undrafted
matthew dellavedova,190.5,90.7184,Undrafted
matt thomas,193.04,86.18248,Undrafted
matisse thybulle,195.58,91.171992,2019
mason plumlee,210.82,115.212368,2013
mason jones,193.04,90.7184,Undrafted
marvin bagley,210.82,106.59412,2018
usman garuba,203.2,103.872568,2021
vlatko cancar,203.2,107.047712,2017
vit krejci,203.2,88.45044,2020
victor oladipo,193.04,96.615096,2013
vernon carey,205.74,122.46984,2020
wayne ellington,193.04,93.893544,2009
udonis haslem,203.2,106.59412,Undrafted
tyler johnson,190.5,84.368112,Undrafted
tyus jones,182.88,88.904032,2015
tyrone wallace,195.58,89.811216,2016
tyrese maxey,187.96,90.7184,2020
tyrese haliburton,195.58,83.91452,2020
tyrell terry,187.96,72.57472,2020
tyler herro,195.58,88.45044,2019
wayne selden,193.04,105.233344,2016
udoka azubuike,213.36,122.46984,2020
wendell carter,208.28,122.46984,2018
ziaire williams,205.74,83.91452,2021
wes iwundu,198.12,88.45044,2017
tyler hall,195.58,94.800728,Undrafted
zylan cheatham,195.58,99.79024,Undrafted
zeke nnaji,205.74,108.86208,2020
zavier simpson,182.88,86.18248,Undrafted
zach lavine,195.58,90.7184,2014
zach collins,210.82,113.398,2017
yves pons,195.58,93.439952,Undrafted
yuta watanabe,205.74,97.52228,Undrafted
xavier tillman,203.2,111.13004,2020
xavier sneed,195.58,97.52228,Undrafted
xavier moon,187.96,74.84268,Undrafted
willy hernangomez,210.82,113.398,2015
willie cauleystein,213.36,108.86208,2015
will barton,195.58,82.10015200000001,2012
wesley matthews,193.04,99.79024,Undrafted
wenyen gabriel,205.74,92.98636,Undrafted
tyler cook,203.2,115.66596,Undrafted
darius bazley,203.2,94.347136,2019
troy brown,198.12,97.52228,2018
evan fournier,198.12,92.98636,2012
evan mobley,210.82,97.52228,2021
facundo campazzo,177.8,88.45044,Undrafted
feron hunt,203.2,88.45044,Undrafted
frank jackson,190.5,92.98636,2017
frank kaminsky,213.36,108.86208,2015
frank ntilikina,193.04,90.7184,2017
franz wagner,208.28,99.79024,2021
fred vanvleet,185.42,89.357624,Undrafted
freddie gillespie,205.74,111.13004,Undrafted
furkan korkmaz,200.66,91.625584,2016
gabe vincent,190.5,90.7184,Undrafted
gabe york,190.5,86.18248,Undrafted
gabriel deck,198.12,104.779752,Undrafted
gabriel lundberg,193.04,92.079176,Undrafted
garrett temple,195.58,88.45044,Undrafted
garrison mathews,195.58,97.52228,Undrafted
gorgui dieng,208.28,112.490816,2013
gordon hayward,200.66,102.0582,2010
ty jerome,195.58,88.45044,2019
goran dragic,190.5,86.18248,2008
goga bitadze,213.36,113.398,2019
giannis antetokounmpo,210.82,109.769264,2013
eugene omoruyi,198.12,106.59412,Undrafted
georgios kalaitzakis,200.66,87.089664,2021
george king,198.12,99.79024,2018
george hill,193.04,85.275296,2008
gary trent,195.58,94.800728,2018
gary payton,190.5,88.45044,Undrafted
gary harris,193.04,95.25432,2014
gary clark,198.12,102.0582,Undrafted
georges niang,200.66,104.32616,2016
eric paschall,198.12,115.66596,2019
eric gordon,190.5,97.52228,2008
eric bledsoe,185.42,97.068688,2010
dillon brooks,200.66,102.0582,2017
didi louzada,195.58,85.275296,2019
dewayne dedmon,213.36,111.13004,Undrafted
devonte graham,185.42,88.45044,2018
devontae cacok,200.66,108.86208,Undrafted
devon dotson,185.42,83.91452,Undrafted
domantas sabonis,210.82,108.86208,2016
devin vassell,195.58,90.7184,2020
devin booker,195.58,93.439952,2015
desmond bane,195.58,97.52228,2020
derrick white,193.04,86.18248,2017
derrick walton,182.88,83.91452,Undrafted
derrick rose,187.96,90.7184,2008
derrick jones,198.12,95.25432,Undrafted
devin cannady,187.96,83.007336,2019
grant williams,198.12,107.047712,2019
donovan mitchell,185.42,97.52228,2017
dorian finneysmith,200.66,99.79024,Undrafted
enes freedom,208.28,113.398,2011
emmanuel mudiay,190.5,90.7184,2015
emanuel terry,205.74,99.79024,Undrafted
elijah hughes,195.58,97.52228,2020
elfrid payton,190.5,88.45044,2014
ed davis,205.74,98.883056,2010
donte divincenzo,193.04,92.079176,2018
dylan windler,198.12,88.904032,2019
dwight howard,208.28,120.20188,2004
duncan robinson,200.66,97.52228,Undrafted
duane washington,190.5,89.357624,Undrafted
drew eubanks,205.74,111.13004,Undrafted
draymond green,198.12,104.32616,2012
doug mcdermott,200.66,102.0582,2014
dwight powell,208.28,108.86208,2014
derrick favors,205.74,120.20188,2010
grayson allen,193.04,89.811216,2018
greg monroe,208.28,113.398,2010
jalen green,193.04,84.368112,2021
jalen johnson,203.2,99.336648,2021
jalen mcdaniels,205.74,92.98636,2019
jalen smith,208.28,97.52228,2020
jalen suggs,195.58,92.98636,2021
james bouknight,193.04,86.18248,2021
james ennis,198.12,97.52228,2013
james harden,195.58,99.79024,2009
james johnson,200.66,108.86208,2009
jamorko pickett,205.74,93.439952,Undrafted
jared butler,190.5,87.543256,2021
jared harper,177.8,79.3786,Undrafted
jaren jackson,210.82,109.769264,2018
jarred vanderbilt,205.74,97.068688,2018
jarrett allen,208.28,110.222856,2017
jarrett culver,198.12,88.45044,2019
jarron cumberland,195.58,92.98636,Undrafted
jeff green,203.2,106.59412,2007
jeff dowtin,190.5,80.28578399999998,Undrafted
jayson tatum,203.2,95.25432,2017
jaysean paige,187.96,90.7184,Undrafted
jaylen nowell,193.04,91.171992,2019
jaylen morris,195.58,83.91452,Undrafted
jalen brunson,185.42,86.18248,2018
jaylen hoard,203.2,97.975872,Undrafted
jay scrubb,195.58,99.79024,2020
jay huff,215.9,108.86208,Undrafted
jaxson hayes,210.82,99.79024,2019
javonte smart,193.04,92.98636,Undrafted
javonte green,195.58,92.98636,Undrafted
javin delaurier,208.28,106.140528,Undrafted
jaylen brown,198.12,101.151016,2016
jakob poeltl,215.9,111.13004,2016
jake layman,203.2,94.800728,2016
jaime echenique,208.28,117.026736,Undrafted
isaiah livers,198.12,105.233344,2021
isaiah joe,193.04,74.84268,2020
isaiah jackson,208.28,92.98636,2021
isaiah hartenstein,213.36,113.398,2017
isaac okoro,195.58,102.0582,2020
isaac bonga,203.2,81.64656,2018
isaiah roby,203.2,104.32616,2019
immanuel quickley,190.5,86.18248,2020
herbert jones,200.66,93.439952,2021
haywood highsmith,193.04,99.79024,2018
hassani gravett,187.96,84.821704,2019
hassan whiteside,213.36,120.20188,2010
harrison barnes,203.2,102.0582,2012
hamidou diallo,195.58,91.625584,2018
ignas brazdeikis,198.12,100.243832,2019
greg brown,200.66,93.439952,2021
isaiah stewart,203.2,113.398,2020
isaiah todd,205.74,99.336648,2021
jahmius ramsey,190.5,86.18248,2020
jaesean tate,193.04,104.32616,Undrafted
jae crowder,198.12,106.59412,2012
jaden springer,193.04,91.625584,2021
jaden mcdaniels,205.74,83.91452,2020
jabari parker,200.66,111.13004,2014
isaiah thomas,175.26,83.91452,2011
javale mcgee,213.36,122.46984,2008
jamychal green,203.2,102.965384,Undrafted
ja morant,190.5,78.92500799999999,2019
jt thor,205.74,92.079176,2021
ivica zubac,213.36,108.86208,2016
ish wainright,195.58,113.398,Undrafted
ish smith,182.88,79.3786,Undrafted
jaquori mclaughlin,193.04,86.18248,Undrafted
denzel valentine,193.04,99.79024,2016
dennis smith,187.96,92.98636,2017
dennis schroder,185.42,78.017824,2013
charlie brown,198.12,90.264808,Undrafted
charles bassey,205.74,104.32616,2021
chandler hutchison,198.12,95.25432,2018
cedi osman,200.66,104.32616,2015
cat barber,185.42,78.471416,2016
cassius winston,185.42,83.91452,2020
cassius stanley,195.58,86.18248,2020
carsen edwards,180.34,90.7184,2019
carmelo anthony,200.66,107.954896,2003
carlik jones,182.88,78.92500799999999,Undrafted
caris levert,198.12,92.98636,2016
cameron payne,185.42,83.007336,2015
cameron oliver,203.2,108.408488,Undrafted
cameron mcgriff,200.66,99.79024,Undrafted
cameron johnson,203.2,95.25432,2019
cam thomas,190.5,95.25432,2021
cam reddish,203.2,98.429464,2019
brandon knight,187.96,82.553744,2011
brandon williams,187.96,86.18248,Undrafted
braxton key,203.2,102.0582,Undrafted
brodric thomas,195.58,83.91452,Undrafted
brook lopez,213.36,127.912944,2008
bruce brown,193.04,91.625584,2018
chaundee brown,195.58,97.52228,Undrafted
bruno fernando,205.74,108.86208,2019
buddy hield,193.04,99.79024,2016
cj elleby,198.12,90.7184,2020
cj mccollum,190.5,86.18248,2013
cj miles,198.12,99.79024,2005
cade cunningham,198.12,99.79024,2021
caleb martin,195.58,92.98636,Undrafted
bryn forbes,187.96,92.98636,Undrafted
cheick diallo,203.2,99.336648,2016
chimezie metu,205.74,102.0582,2018
chris boucher,205.74,90.7184,Undrafted
daquan jeffries,195.58,100.697424,Undrafted
daishen nix,193.04,102.511792,Undrafted
dakota mathias,193.04,90.7184,2018
dalano banton,200.66,92.532768,2021
damian jones,210.82,111.13004,2016
damian lillard,187.96,88.45044,2012
dj wilson,208.28,104.779752,2017
damion lee,195.58,95.25432,Undrafted
daniel gafford,205.74,106.140528,2019
daniel oturu,203.2,108.86208,2020
daniel theis,205.74,111.13004,Undrafted
danilo gallinari,208.28,107.047712,2008
danny green,198.12,97.52228,2009
danuel house,198.12,99.79024,Undrafted
damyean dotson,195.58,95.25432,2017
brandon ingram,203.2,86.18248,2016
dj augustin,180.34,83.007336,2008
craig sword,190.5,88.904032,Undrafted
chris chiozza,180.34,79.3786,Undrafted
chris duarte,195.58,86.18248,2021
chris paul,182.88,79.3786,2005
chris silva,203.2,106.140528,Undrafted
christian wood,205.74,97.068688,Undrafted
chuma okeke,198.12,103.872568,2019
dangelo russell,193.04,87.543256,2015
clint capela,208.28,116.119552,2014
cody martin,198.12,92.98636,2019
cody zeller,210.82,108.86208,2013
cole anthony,190.5,83.91452,2020
collin sexton,185.42,86.18248,2018
corey kispert,198.12,101.604608,2021
cory joseph,190.5,90.7184,2011
coby white,193.04,88.45044,2019
brandon goodwin,182.88,81.64656,Undrafted
brandon clarke,203.2,97.52228,2019
brandon boston,198.12,85.275296,2021
david nwaba,195.58,99.336648,Undrafted
david johnson,193.04,92.079176,2021
david duke,193.04,92.532768,Undrafted
darren collison,182.88,72.57472,2009
aaron gordon,203.2,106.59412,2014
aaron henry,195.58,95.25432,Undrafted
davion mitchell,182.88,91.625584,2021
aaron holiday,182.88,83.91452,2018
aaron wiggins,193.04,86.18248,2021
abdel nader,195.58,102.0582,2016
ade murkey,195.58,90.7184,Undrafted
admiral schofield,195.58,109.315672,2019
ahmad caver,187.96,78.92500799999999,2019
al horford,205.74,108.86208,2007
aaron nesmith,195.58,97.52228,2020
alec burks,198.12,97.068688,2011
davis bertans,208.28,102.0582,2011
dayron sharpe,205.74,120.20188,2021
deni avdija,205.74,95.25432,2020
delon wright,195.58,83.91452,2015
dejounte murray,193.04,81.64656,2016
deividas sirvydis,203.2,86.18248,2019
deandre ayton,210.82,113.398,2018
dean wade,205.74,103.418976,Undrafted
davon reed,195.58,93.439952,2017
demarcus cousins,208.28,122.46984,2010
dejon jarreau,195.58,83.91452,Undrafted
deandre bembry,195.58,95.25432,2016
deandre jordan,210.82,120.20188,2008
deanthony melton,187.96,90.7184,2018
deandre hunter,203.2,100.243832,2019
deaaron fox,190.5,83.91452,2017
demar derozan,198.12,99.79024,2009
jemerrio jones,195.58,79.3786,2018
aleem ford,203.2,99.79024,Undrafted
alex caruso,195.58,84.368112,Undrafted
ayo dosunmu,193.04,90.7184,2021
bj johnson,198.12,90.7184,Undrafted
bam adebayo,205.74,115.66596,2017
ben mclemore,190.5,88.45044,2013
bismack biyombo,203.2,115.66596,2011
blake griffin,205.74,113.398,2009
avery bradley,190.5,81.64656,2010
boban marjanovic,220.98,131.54168,Undrafted
bogdan bogdanovic,198.12,102.0582,2014
bojan bogdanovic,200.66,102.511792,2011
bol bol,218.44,99.79024,2019
bones hyland,187.96,76.657048,2021
brad wanamaker,190.5,95.25432,Undrafted
bradley beal,193.04,93.893544,2012
bobby portis,208.28,113.398,2015
alekesej pokusevski,213.36,86.18248,2020
austin rivers,193.04,90.7184,2012
arnoldas kulboka,208.28,94.800728,2018
alex len,213.36,113.398,2013
alfonzo mckinnie,200.66,97.52228,Undrafted
alize johnson,203.2,96.161504,2018
alperen sengun,208.28,110.222856,2021
amir coffey,200.66,95.25432,Undrafted
andre drummond,208.28,126.552168,2012
austin reaves,195.58,89.357624,Undrafted
andre iguodala,198.12,97.52228,2004
anfernee simons,190.5,82.10015200000001,2018
anthony davis,208.28,114.758776,2012
anthony edwards,193.04,102.0582,2020
anthony gill,200.66,104.32616,Undrafted
anthony lamb,198.12,102.965384,Undrafted
armoni brooks,190.5,88.45044,2019
andrew wiggins,200.66,89.357624,2014
jerami grant,203.2,95.25432,2014
jordan mclaughlin,180.34,83.91452,Undrafted
jeremy lamb,195.58,81.64656,2012
pj dozier,198.12,92.98636,Undrafted
otto porter,203.2,89.811216,2013
oshae brissett,200.66,95.25432,Undrafted
onyeka okongwu,203.2,108.86208,2020
omer yurtseven,210.82,124.7378,Undrafted
olivier sarr,213.36,108.86208,Undrafted
obi toppin,205.74,99.79024,2020
og anunoby,200.66,105.233344,2017
norvel pelle,208.28,104.779752,Undrafted
norman powell,190.5,97.52228,2015
nikola vucevic,208.28,117.93392,2011
nikola jokic,210.82,128.820128,2014
nik stauskas,198.12,93.893544,2014
nicolas batum,203.2,104.32616,2008
nickeil alexanderwalker,195.58,92.98636,2019
nick richards,213.36,111.13004,2020
nic claxton,210.82,97.52228,2019
moses brown,218.44,111.13004,Undrafted
moses moody,195.58,95.707912,2021
moses wright,203.2,102.511792,Undrafted
mychal mulder,190.5,88.45044,Undrafted
myles powell,187.96,88.45044,Undrafted
myles turner,210.82,113.398,2015
pj tucker,195.58,111.13004,2006
naji marshall,200.66,99.79024,Undrafted
nate hinton,195.58,95.25432,Undrafted
nathan knight,208.28,114.758776,Undrafted
naz reid,205.74,119.748288,Undrafted
neemias queta,213.36,112.490816,2021
nemanja bjelica,205.74,106.140528,2010
nerlens noel,210.82,99.79024,2013
nassir little,195.58,99.79024,2019
pj washington,200.66,104.32616,2019
paris bass,203.2,90.7184,Undrafted
pascal siakam,203.2,104.32616,2016
rayjon tucker,190.5,94.800728,Undrafted
reggie bullock,198.12,92.98636,2013
reggie jackson,187.96,94.347136,2011
reggie perry,203.2,113.398,2020
richaun holmes,208.28,106.59412,2015
ricky rubio,187.96,86.18248,2009
raul neto,187.96,81.64656,2013
rob edwards,195.58,92.98636,Undrafted
robert williams,205.74,107.501304,2018
robert woodard,198.12,106.59412,2020
robin lopez,213.36,127.459352,2008
rodney hood,203.2,94.347136,2014
rodney mcgruder,193.04,92.98636,Undrafted
romeo langford,195.58,97.975872,2019
robert covington,200.66,94.800728,Undrafted
moritz wagner,210.82,111.13004,2018
rajon rondo,185.42,81.64656,2006
rj barrett,198.12,97.068688,2019
pat connaughton,195.58,94.800728,2015
patrick beverley,185.42,81.64656,2009
patrick williams,200.66,97.52228,2020
patty mills,182.88,81.64656,2009
paul george,203.2,99.79024,2010
paul millsap,200.66,116.573144,2006
rj nembhard,193.04,90.7184,Undrafted
paul reed,205.74,95.25432,2020
payton pritchard,185.42,88.45044,2020
petr cornelie,210.82,99.79024,2016
precious achiuwa,203.2,102.0582,2020
quentin grimes,193.04,95.25432,2021
quinndary weatherspoon,190.5,92.98636,2019
rj hampton,193.04,79.3786,2020
paul watson,198.12,95.25432,Undrafted
royce oneale,195.58,102.511792,Undrafted
montrezl harrell,200.66,108.86208,2015
mo bamba,213.36,104.779752,2018
mac mcclung,187.96,83.91452,Undrafted
mj walker,195.58,96.615096,Undrafted
luke kornet,218.44,113.398,Undrafted
luke kennard,195.58,93.439952,2017
luka garza,208.28,110.222856,2021
luka doncic,200.66,104.32616,2018
luguentz dort,190.5,97.52228,Undrafted
louis king,200.66,92.98636,Undrafted
lou williams,187.96,79.3786,2005
lonzo ball,198.12,86.18248,2017
lonnie walker,193.04,92.532768,2018
lindy waters,198.12,97.52228,Undrafted
lindell wigginton,185.42,85.728888,2019
leandro bolmaro,198.12,90.7184,2020
lebron james,205.74,113.398,2003
lauri markkanen,210.82,108.86208,2017
kris dunn,190.5,92.98636,2016
jeremiah robinsonearl,203.2,109.769264,2021
kristaps porzingis,220.98,108.86208,2015
kyle anderson,205.74,104.32616,2014
kyle guy,185.42,75.749864,2019
kyle kuzma,205.74,100.243832,2017
kyle lowry,182.88,88.904032,2006
malachi flynn,185.42,79.3786,2020
kyrie irving,187.96,88.45044,2011
lamelo ball,200.66,81.64656,2020
lamar stevens,198.12,104.32616,Undrafted
lance stephenson,195.58,95.25432,2010
landry shamet,193.04,86.18248,2018
langston galloway,185.42,90.7184,Undrafted
larry nance,200.66,111.13004,2015
lamarcus aldridge,210.82,113.398,2006
malcolm brogdon,195.58,103.872568,2016
malcolm hill,198.12,99.79024,Undrafted
malik beasley,193.04,84.821704,2016
matt thomas,190.5,86.18248,Undrafted
maurice harkless,200.66,99.79024,2012
max strus,195.58,97.52228,Undrafted
maxi kleber,208.28,108.86208,Undrafted
mckinley wright,180.34,87.089664,Undrafted
melvin frazier,195.58,97.52228,2018
matt ryan,200.66,97.52228,Undrafted
michael porter,208.28,98.883056,2018
mike conley,185.42,79.3786,2007
mike muscala,208.28,108.86208,2013
miles bridges,200.66,102.0582,2018
miles mcbride,185.42,88.45044,2021
mitchell robinson,213.36,108.86208,2018
miye oni,195.58,93.439952,2019
mikal bridges,198.12,94.800728,2018
monte morris,187.96,83.007336,2017
matt mooney,187.96,90.264808,Undrafted
mason plumlee,210.82,115.212368,2013
malik fitts,195.58,104.32616,Undrafted
malik monk,190.5,90.7184,2017
malik newman,190.5,86.18248,2018
mamadi diakite,205.74,103.418976,Undrafted
marcus garrett,195.58,92.98636,Undrafted
marcus morris,203.2,98.883056,2011
matisse thybulle,195.58,91.171992,2019
marcus smart,193.04,99.79024,2014
markieff morris,205.74,111.13004,2011
marko simonovic,210.82,99.79024,2020
markus howard,177.8,79.3786,Undrafted
marquese chriss,205.74,108.86208,2016
marvin bagley,210.82,106.59412,2018
mason jones,193.04,90.7184,Undrafted
markelle fultz,193.04,94.800728,2017
rudy gay,203.2,113.398,2006
micah potter,208.28,112.490816,Undrafted
rui hachimura,203.2,104.32616,2019
justin champagnie,198.12,93.439952,Undrafted
justin holiday,198.12,81.64656,Undrafted
justin jackson,203.2,99.79024,2017
justin robinson,185.42,88.45044,2019
justise winslow,198.12,100.697424,2015
jusuf nurkic,210.82,131.54168,2014
juwan morgan,200.66,105.233344,Undrafted
kz okpala,203.2,97.52228,2019
kai jones,208.28,100.243832,2021
karlanthony towns,210.82,112.490816,2015
keifer sykes,180.34,75.749864,Undrafted
keita batesdiop,203.2,103.872568,2018
kelan martin,195.58,104.32616,Undrafted
keldon johnson,198.12,99.79024,2019
keljin blevins,193.04,90.7184,2019
kelly olynyk,210.82,108.86208,2013
kelly oubre jr,198.12,92.079176,2015
kevon looney,205.74,100.697424,2015
kevin porter,193.04,92.079176,2019
kevin pangos,185.42,81.19296800000001,Undrafted
kevin love,203.2,113.851592,2008
kevin knox,200.66,97.52228,2018
kevin huerter,200.66,89.811216,2018
justin anderson,195.58,104.779752,2015
kevin durant,208.28,108.86208,2007
keon johnson,193.04,83.91452,2021
kenyon martin,195.58,97.52228,2020
kentavious caldwellpope,195.58,92.532768,2013
kent bazemore,193.04,88.45044,Undrafted
kenrich williams,198.12,95.25432,Undrafted
kemba walker,182.88,83.46092800000001,2011
kessler edwards,200.66,92.079176,2021
julius randle,203.2,113.398,2014
juancho hernangomez,205.74,97.068688,2016
juan toscanoanderson,198.12,94.800728,Undrafted
jon teske,215.9,120.20188,Undrafted
john konchar,195.58,95.25432,Undrafted
john collins,205.74,102.511792,2017
joel embiid,213.36,127.00576,2014
joel ayayi,193.04,81.64656,Undrafted
joe wieskamp,198.12,92.98636,2021
jonas valanciunas,210.82,120.20188,2011
joe johnson,200.66,108.86208,2001
joe harris,198.12,99.79024,2014
jock landale,210.82,115.66596,Undrafted
jimmy butler,200.66,104.32616,2011
jevon carter,185.42,90.7184,2018
rudy gobert,215.9,117.026736,2013
jericho sims,205.74,113.398,2021
joe ingles,203.2,99.79024,Undrafted
khem birch,205.74,105.68693600000002,Undrafted
jonathan kuminga,200.66,102.0582,2021
jordan clarkson,193.04,87.996848,2014
jrue holiday,190.5,92.98636,2009
josh richardson,195.58,90.7184,2015
josh okogie,193.04,96.615096,2018
josh jackson,203.2,93.893544,2017
josh hart,195.58,97.52228,2017
josh green,195.58,90.7184,2020
jordan bell,200.66,97.975872,2017
josh giddey,203.2,92.98636,2021
jose alvarado,182.88,81.19296800000001,Undrafted
jordan schakel,198.12,90.7184,Undrafted
jordan poole,193.04,87.996848,2019
jordan nwora,203.2,102.0582,2020
darius garland,185.42,87.089664,2019
jordan goodwin,190.5,90.7184,Undrafted
josh christopher,190.5,97.52228,2021
khris middleton,200.66,100.697424,2012
joshua primo,193.04,85.728888,2021
killian tillie,205.74,99.79024,Undrafted
shaq buchanan,190.5,86.18248,Undrafted
shaquille harrison,193.04,88.45044,Undrafted
sharife cooper,185.42,79.83219199999998,2021
skylar mays,193.04,92.98636,2020
solomon hill,198.12,102.511792,2013
spencer dinwiddie,198.12,97.52228,2014
shake milton,195.58,92.98636,2018
stanley johnson,198.12,109.769264,2015
sterling brown,195.58,99.336648,2017
steven adams,210.82,120.20188,2013
svi mykhailiuk,200.66,92.98636,2018
tj mcconnell,185.42,86.18248,2015
tacko fall,228.6,141.067112,Undrafted
taj gibson,205.74,105.233344,2009
stephen curry,187.96,83.91452,2009
talen hortontucker,193.04,106.140528,2019
seth curry,187.96,83.91452,Undrafted
semi ojeleye,198.12,108.86208,2017
russell westbrook,190.5,90.7184,2008
ryan arcidiacono,190.5,88.45044,Undrafted
killian hayes,195.58,88.45044,2020
saben lee,187.96,83.007336,2020
saddiq bey,200.66,97.52228,2020
sam dekker,203.2,99.336648,2015
serge ibaka,208.28,106.59412,2008
sam hauser,200.66,98.429464,Undrafted
sandro mamukelashvili,205.74,108.86208,2021
santi aldama,210.82,97.52228,2021
scottie barnes,200.66,102.0582,2021
scottie lewis,195.58,83.91452,2021
scotty hopson,200.66,92.532768,2011
sekou doumbouya,205.74,104.32616,2019
sam merrill,193.04,92.98636,2020
taurean prince,198.12,98.883056,2016
shai gilgeousalexander,198.12,81.64656,2018
terence davis,193.04,91.171992,Undrafted
tre jones,185.42,83.91452,2020
tre mann,190.5,80.73937600000001,2021
tremont waters,177.8,79.3786,2019
trendon watford,203.2,107.501304,Undrafted
kira lewis,185.42,77.11064,2020
trevelin queen,198.12,86.18248,Undrafted
trayvon palmer,198.12,90.7184,Undrafted
trevon scott,203.2,102.0582,Undrafted
trey burke,182.88,83.91452,2013
trey lyles,205.74,106.140528,2015
trey murphy,203.2,93.439952,2021
terance mann,195.58,97.52228,2019
tristan thompson,205.74,115.212368,2011
klay thompson,198.12,99.79024,2011
trevor ariza,203.2,97.52228,2004
trae young,185.42,74.389088,2018
trent forrest,193.04,95.25432,Undrafted
theo maledon,193.04,79.3786,2020
terrence ross,198.12,93.439952,2012
terry taylor,195.58,104.32616,Undrafted
thaddeus young,203.2,106.59412,2007
thanasis antetokounmpo,198.12,99.336648,2014
theo pinson,195.58,96.161504,Undrafted
thomas bryant,208.28,112.490816,2017
torrey craig,200.66,100.243832,Undrafted
tim frazier,182.88,77.11064,Undrafted
tim hardaway,195.58,92.98636,2013
timothe luwawucabarrot,200.66,97.52228,2016
tobias harris,200.66,102.511792,2011
tomas satoransky,200.66,95.25432,2012
tony bradley,208.28,112.490816,2017
tony snell,198.12,96.615096,2013
terry rozier,185.42,86.18248,2015
quentin grimes,195.58,95.25432,2021
quenton jackson,195.58,78.471416,Undrafted
pat connaughton,195.58,94.800728,2015
rj barrett,198.12,97.068688,2019
precious achiuwa,203.2,102.0582,2020
raiquan gray,200.66,122.016248,2021
rj hampton,193.04,79.3786,2020
peyton watson,200.66,90.7184,2022
patrick beverley,187.96,81.64656,2009
paul reed,205.74,95.25432,2020
paul george,203.2,99.79024,2010
patty mills,182.88,81.64656,2009
pascal siakam,203.2,104.32616,2016
patrick williams,200.66,97.52228,2020
patrick baldwin,205.74,99.79024,2022
raul neto,187.96,81.64656,2013
payton pritchard,185.42,88.45044,2020
reggie bullock,198.12,92.98636,2013
russell westbrook,190.5,90.7184,2008
richaun holmes,203.2,106.59412,2015
saddiq bey,200.66,97.52228,2020
paolo banchero,208.28,113.398,2022
sam hauser,200.66,98.429464,Undrafted
saben lee,187.96,83.007336,2020
ryan rollins,190.5,81.64656,2022
ryan arcidiacono,190.5,88.45044,Undrafted
rui hachimura,203.2,104.32616,2019
rudy gobert,215.9,117.026736,2013
rudy gay,203.2,113.398,2006
royce oneale,198.12,102.511792,Undrafted
ron harper,195.58,111.13004,Undrafted
romeo langford,195.58,97.975872,2019
rodney mcgruder,193.04,92.98636,Undrafted
robin lopez,213.36,127.459352,2008
robert williams,205.74,107.501304,2018
robert covington,200.66,94.800728,Undrafted
ricky rubio,187.96,86.18248,2009
reggie jackson,187.96,94.347136,2011
pj dozier,198.12,92.98636,Undrafted
montrezl harrell,200.66,108.86208,2015
pj tucker,195.58,111.13004,2006
naz reid,205.74,119.748288,Undrafted
nathan knight,203.2,114.758776,Undrafted
nassir little,195.58,99.79024,2019
naji marshall,200.66,99.79024,Undrafted
myles turner,210.82,113.398,2015
moussa diabate,208.28,95.25432,2022
moses moody,195.58,95.707912,2021
moses brown,218.44,111.13004,Undrafted
moritz wagner,210.82,111.13004,2018
monte morris,187.96,83.007336,2017
mo bamba,213.36,104.779752,2018
mitchell robinson,213.36,108.86208,2018
miles mcbride,187.96,88.45044,2021
mike muscala,210.82,108.86208,2013
mike conley,185.42,79.3786,2007
sam merrill,193.04,92.98636,2020
mikal bridges,198.12,94.800728,2018
neemias queta,213.36,112.490816,2021
pj washington,200.66,104.32616,2019
nerlens noel,208.28,99.79024,2013
nick richards,213.36,111.13004,2020
ousmane dieng,205.74,83.91452,2022
otto porter,203.2,89.811216,2013
oshae brissett,200.66,95.25432,Undrafted
orlando robinson,208.28,106.59412,Undrafted
onyeka okongwu,205.74,108.86208,2020
omer yurtseven,210.82,124.7378,Undrafted
olivier sarr,210.82,108.86208,Undrafted
ochai agbaji,195.58,97.52228,2022
obi toppin,205.74,99.79024,2020
og anunoby,200.66,105.233344,2017
norman powell,193.04,97.52228,2015
noah vonleh,208.28,116.573144,2014
nikola vucevic,208.28,117.93392,2011
nikola jovic,208.28,92.98636,2022
nikola jokic,210.82,128.820128,2014
nicolas batum,203.2,104.32616,2008
nickeil alexanderwalker,195.58,92.98636,2019
nic claxton,210.82,97.52228,2019
sandro mamukelashvili,208.28,108.86208,2021
wesley matthews,195.58,99.79024,Undrafted
scottie barnes,203.2,102.0582,2021
vernon carey,208.28,122.46984,2020
usman garuba,203.2,103.872568,2021
udonis haslem,200.66,106.59412,Undrafted
udoka azubuike,210.82,122.46984,2020
tyus jones,187.96,88.904032,2015
tyrese maxey,187.96,90.7184,2020
tyrese martin,198.12,97.52228,2022
tyrese haliburton,195.58,83.91452,2020
tyler herro,195.58,88.45044,2019
tyler dorsey,193.04,81.64656,2017
tyty washington,190.5,88.45044,2022
ty jerome,195.58,88.45044,2019
troy brown,200.66,97.52228,2018
trey murphy,203.2,93.439952,2021
trey lyles,205.74,106.140528,2015
trevor keels,193.04,100.243832,2022
trevor hudgins,182.88,81.64656,Undrafted
victor oladipo,190.5,96.615096,2013
trevelin queen,198.12,86.18248,Undrafted
vince williams,193.04,92.98636,2022
vlatko cancar,203.2,107.047712,2017
michael porter,208.28,98.883056,2018
zion williamson,198.12,128.820128,2019
ziaire williams,205.74,83.91452,2021
zeke nnaji,205.74,108.86208,2020
zach lavine,195.58,90.7184,2014
zach collins,210.82,113.398,2017
yuta watanabe,203.2,97.52228,Undrafted
xavier tillman,200.66,111.13004,2020
xavier sneed,195.58,97.52228,Undrafted
xavier moon,182.88,74.84268,Undrafted
xavier cooks,203.2,83.007336,Undrafted
willy hernangomez,210.82,113.398,2015
will barton,195.58,82.10015200000001,2012
wenyen gabriel,205.74,92.98636,Undrafted
wendell moore,195.58,97.52228,2022
wendell carter,208.28,122.46984,2018
walker kessler,213.36,111.13004,2022
vit krejci,203.2,88.45044,2020
santi aldama,213.36,97.52228,2021
trent forrest,193.04,95.25432,Undrafted
tre mann,190.5,80.73937600000001,2021
tj mcconnell,185.42,86.18248,2015
svi mykhailiuk,200.66,92.98636,2018
steven adams,210.82,120.20188,2013
sterling brown,195.58,99.336648,2017
stephen curry,187.96,83.91452,2009
stanley umude,198.12,95.25432,Undrafted
stanley johnson,198.12,109.769264,2015
spencer dinwiddie,195.58,97.52228,2014
skylar mays,193.04,92.98636,2020
simone fontecchio,200.66,94.800728,Undrafted
shaquille harrison,193.04,88.45044,Undrafted
shake milton,195.58,92.98636,2018
shai gilgeousalexander,198.12,88.45044,2018
shaedon sharpe,195.58,90.7184,2022
seth curry,185.42,83.91452,Undrafted
serge ibaka,210.82,106.59412,2008
scotty pippen,185.42,77.11064,Undrafted
tj warren,203.2,99.79024,2014
trendon watford,203.2,107.501304,Undrafted
taj gibson,205.74,105.233344,2009
tari eason,203.2,97.52228,2022
tre jones,185.42,83.91452,2020
trae young,185.42,74.389088,2018
torrey craig,200.66,100.243832,Undrafted
tony bradley,210.82,112.490816,2017
tobias harris,200.66,102.511792,2011
tim hardaway,195.58,92.98636,2013
thomas bryant,208.28,112.490816,2017
theo pinson,200.66,96.161504,Undrafted
theo maledon,195.58,79.3786,2020
thanasis antetokounmpo,200.66,99.336648,2014
thaddeus young,203.2,106.59412,2007
terry taylor,193.04,104.32616,Undrafted
terry rozier,185.42,86.18248,2015
terrence ross,200.66,93.439952,2012
terence davis,193.04,91.171992,Undrafted
terance mann,195.58,97.52228,2019
taurean prince,198.12,98.883056,2016
talen hortontucker,193.04,106.140528,2019
michael foster,203.2,113.398,Undrafted
lindell wigginton,185.42,85.728888,2019
micah potter,203.2,112.490816,Undrafted
dennis smith,187.96,92.98636,2017
deonte burton,193.04,108.86208,Undrafted
dereon seabron,195.58,81.64656,Undrafted
derrick jones,198.12,95.25432,Undrafted
derrick rose,190.5,90.7184,2008
derrick white,193.04,86.18248,2017
desmond bane,195.58,97.52228,2020
devin booker,195.58,93.439952,2015
devin vassell,195.58,90.7184,2020
devon dotson,185.42,83.91452,Undrafted
devonte graham,185.42,88.45044,2018
dewayne dedmon,208.28,111.13004,Undrafted
dillon brooks,198.12,102.0582,2017
domantas sabonis,215.9,108.86208,2016
dominick barlow,205.74,97.52228,Undrafted
donovan mitchell,185.42,97.52228,2017
donovan williams,198.12,86.18248,Undrafted
donte divincenzo,193.04,92.079176,2018
dorian finneysmith,200.66,99.79024,Undrafted
dennis schroder,185.42,78.017824,2013
doug mcdermott,198.12,102.0582,2014
deni avdija,205.74,95.25432,2020
dejounte murray,195.58,81.64656,2016
danny green,198.12,97.52228,2009
danuel house,198.12,99.79024,Undrafted
dario saric,208.28,102.0582,2014
darius bazley,205.74,97.975872,2019
darius days,200.66,111.13004,Undrafted
darius garland,185.42,87.089664,2019
david duke,193.04,92.532768,Undrafted
david roddy,193.04,115.66596,2022
davion mitchell,182.88,91.625584,2021
davis bertans,208.28,102.0582,2011
davon reed,195.58,93.439952,2017
dayron sharpe,205.74,120.20188,2021
deaaron fox,190.5,83.91452,2017
deandre hunter,203.2,100.243832,2019
deanthony melton,187.96,90.7184,2018
deandre jordan,210.82,120.20188,2008
demar derozan,198.12,99.79024,2009
dean wade,205.74,103.418976,Undrafted
deandre ayton,213.36,113.398,2018
delon wright,195.58,83.91452,2015
draymond green,198.12,104.32616,2012
drew eubanks,208.28,111.13004,Undrafted
dru smith,190.5,92.079176,Undrafted
george hill,193.04,85.275296,2008
georges niang,200.66,104.32616,2016
giannis antetokounmpo,213.36,110.222856,2013
goga bitadze,210.82,113.398,2019
goran dragic,193.04,86.18248,2008
gordon hayward,200.66,102.0582,2010
gorgui dieng,208.28,112.490816,2013
grant williams,198.12,107.047712,2019
grayson allen,193.04,89.811216,2018
greg brown,200.66,93.439952,2021
hamidou diallo,195.58,91.625584,2018
harrison barnes,203.2,102.0582,2012
haywood highsmith,195.58,99.79024,2018
herbert jones,200.66,93.439952,2021
immanuel quickley,187.96,86.18248,2020
isaac okoro,195.58,102.0582,2020
isaiah hartenstein,213.36,113.398,2017
isaiah jackson,205.74,92.98636,2021
isaiah joe,190.5,74.84268,2020
gary trent,195.58,94.800728,2018
gary payton,187.96,88.45044,Undrafted
gary harris,193.04,95.25432,2014
garrison mathews,198.12,97.52228,Undrafted
duane washington,187.96,89.357624,Undrafted
duncan robinson,200.66,97.52228,Undrafted
dwight powell,208.28,108.86208,2014
dylan windler,200.66,88.904032,2019
dyson daniels,200.66,90.264808,2022
edmond sumner,193.04,88.904032,2017
eric gordon,190.5,97.52228,2008
eugene omoruyi,198.12,106.59412,Undrafted
evan fournier,198.12,92.98636,2012
daniel theis,203.2,111.13004,Undrafted
evan mobley,210.82,97.52228,2021
frank jackson,190.5,92.98636,2017
frank kaminsky,213.36,108.86208,2015
frank ntilikina,193.04,90.7184,2017
franz wagner,208.28,99.79024,2021
fred vanvleet,182.88,89.357624,Undrafted
furkan korkmaz,200.66,91.625584,2016
gabe vincent,187.96,90.7184,Undrafted
gabe york,190.5,86.18248,Undrafted
garrett temple,198.12,88.45044,Undrafted
facundo campazzo,177.8,88.45044,Undrafted
daniel gafford,208.28,106.140528,2019
damion lee,195.58,95.25432,Undrafted
damian lillard,187.96,88.45044,2012
anthony gill,203.2,104.32616,Undrafted
anthony lamb,198.12,102.965384,Undrafted
austin reaves,195.58,89.357624,Undrafted
austin rivers,193.04,90.7184,2012
ayo dosunmu,195.58,90.7184,2021
bam adebayo,205.74,115.66596,2017
ben simmons,208.28,108.86208,2016
bennedict mathurin,195.58,95.25432,2022
bismack biyombo,203.2,115.66596,2011
blake griffin,205.74,113.398,2009
blake wesley,193.04,83.91452,2022
boban marjanovic,223.52,131.54168,Undrafted
bobby portis,210.82,113.398,2015
bogdan bogdanovic,195.58,102.0582,2014
bojan bogdanovic,200.66,102.511792,2011
bol bol,218.44,99.79024,2019
bones hyland,187.96,76.657048,2021
bradley beal,193.04,93.893544,2012
brandon boston,198.12,85.275296,2021
anthony edwards,193.04,102.0582,2020
anthony davis,208.28,114.758776,2012
anfernee simons,190.5,82.10015200000001,2018
andrew wiggins,200.66,89.357624,2014
aj lawson,198.12,81.19296800000001,Undrafted
aj green,195.58,86.18248,Undrafted
aj griffin,198.12,99.79024,2022
aaron gordon,203.2,106.59412,2014
aaron holiday,182.88,83.91452,2018
aaron nesmith,195.58,97.52228,2020
aaron wiggins,195.58,86.18248,2021
admiral schofield,195.58,109.315672,2019
al horford,205.74,108.86208,2007
brandon clarke,203.2,97.52228,2019
alec burks,198.12,97.068688,2011
alex caruso,195.58,84.368112,Undrafted
alex len,218.44,113.398,2013
alize johnson,203.2,96.161504,2018
alondes williams,193.04,95.25432,Undrafted
alperen sengun,210.82,110.222856,2021
amir coffey,200.66,95.25432,Undrafted
andre drummond,210.82,126.552168,2012
andre iguodala,198.12,97.52228,2004
andrew nembhard,190.5,86.636072,2022
aleksej pokusevski,213.36,95.25432,2020
isaiah livers,198.12,105.233344,2021
brandon ingram,203.2,86.18248,2016
brook lopez,215.9,127.912944,2008
chris silva,203.2,106.140528,Undrafted
christian braun,198.12,99.79024,2022
christian koloko,213.36,104.32616,2022
christian wood,205.74,97.068688,Undrafted
chuma okeke,203.2,103.872568,2019
clint capela,208.28,116.119552,2014
coby white,195.58,88.45044,2019
cody martin,198.12,92.98636,2019
cody zeller,210.82,108.86208,2013
cole anthony,190.5,83.91452,2020
cole swider,205.74,99.79024,Undrafted
collin sexton,187.96,86.18248,2018
corey kispert,198.12,101.604608,2021
cory joseph,190.5,90.7184,2011
dangelo russell,193.04,87.543256,2015
daishen nix,193.04,102.511792,Undrafted
dalano banton,200.66,92.532768,2021
dalen terry,200.66,88.45044,2022
damian jones,210.82,111.13004,2016
chris paul,182.88,79.3786,2005
chris duarte,195.58,86.18248,2021
chris boucher,205.74,90.7184,Undrafted
chimezie metu,205.74,102.0582,2018
bruce brown,193.04,91.625584,2018
bruno fernando,208.28,108.86208,2019
bryce mcgowens,198.12,79.3786,2022
bryn forbes,187.96,92.98636,Undrafted
buddy boeheim,198.12,92.98636,Undrafted
buddy hield,193.04,99.79024,2016
cj mccollum,190.5,86.18248,2013
cade cunningham,200.66,99.79024,2021
caleb houstan,203.2,92.98636,2022
braxton key,203.2,102.0582,Undrafted
caleb martin,195.58,92.98636,Undrafted
cam thomas,190.5,95.25432,2021
cameron johnson,203.2,95.25432,2019
cameron payne,185.42,83.007336,2015
caris levert,198.12,92.98636,2016
carlik jones,182.88,78.92500799999999,Undrafted
cedi osman,200.66,104.32616,2015
chance comanche,208.28,95.25432,Undrafted
charles bassey,205.74,104.32616,2021
chima moneke,195.58,101.151016,Undrafted
cam reddish,200.66,98.429464,2019
michael carterwilliams,195.58,86.18248,2013
isaiah mobley,203.2,107.954896,2022
isaiah stewart,203.2,113.398,2020
kenyon martin,200.66,97.52228,2020
keon ellis,190.5,79.3786,Undrafted
keon johnson,190.5,83.91452,2021
kessler edwards,200.66,92.079176,2021
kevin durant,208.28,108.86208,2007
kevin huerter,200.66,89.811216,2018
kevin knox,200.66,97.52228,2018
kevin love,203.2,113.851592,2008
kevin porter,193.04,92.079176,2019
kevon harris,198.12,97.975872,Undrafted
kevon looney,205.74,100.697424,2015
khem birch,203.2,105.68693600000002,Undrafted
khris middleton,200.66,100.697424,2012
killian hayes,195.58,88.45044,2020
kira lewis,185.42,77.11064,2020
klay thompson,198.12,99.79024,2011
kobi simmons,195.58,81.64656,Undrafted
kris dunn,190.5,92.98636,2016
kristaps porzingis,220.98,108.86208,2015
kentavious caldwellpope,195.58,92.532768,2013
kyle anderson,205.74,104.32616,2014
kenrich williams,198.12,95.25432,Undrafted
kennedy chandler,180.34,77.11064,2022
julius randle,203.2,113.398,2014
justin champagnie,198.12,93.439952,Undrafted
justin holiday,198.12,81.64656,Undrafted
justin jackson,203.2,99.79024,2017
justin minaya,200.66,95.25432,Undrafted
justise winslow,198.12,100.697424,2015
jusuf nurkic,213.36,131.54168,2014
kz okpala,203.2,97.52228,2019
kai jones,210.82,100.243832,2021
karlanthony towns,213.36,112.490816,2015
kawhi leonard,200.66,102.0582,2011
keegan murray,203.2,102.0582,2022
keita batesdiop,203.2,103.872568,2018
keldon johnson,195.58,99.79024,2019
kelly olynyk,210.82,108.86208,2013
kelly oubre jr,198.12,92.079176,2015
kemba walker,182.88,83.46092800000001,2011
kendall brown,200.66,92.98636,2022
kendrick nunn,190.5,86.18248,Undrafted
kenneth lofton,198.12,124.7378,Undrafted
kyle kuzma,205.74,100.243832,2017
kyle lowry,182.88,88.904032,2006
kyrie irving,187.96,88.45044,2011
mamadi diakite,205.74,103.418976,Undrafted
marjon beauchamp,200.66,90.264808,2022
marcus morris,203.2,98.883056,2011
marcus smart,193.04,99.79024,2014
mark williams,213.36,108.86208,2022
markelle fultz,193.04,94.800728,2017
markieff morris,205.74,111.13004,2011
marko simonovic,213.36,99.79024,2020
marvin bagley,208.28,106.59412,2018
mason plumlee,213.36,115.212368,2013
matisse thybulle,195.58,91.171992,2019
matt ryan,198.12,97.52228,Undrafted
matthew dellavedova,190.5,90.7184,Undrafted
max christie,195.58,86.18248,2022
max strus,195.58,97.52228,Undrafted
maxi kleber,208.28,108.86208,Undrafted
mckinley wright,180.34,87.089664,Undrafted
meyers leonard,213.36,117.93392,2012
mfiondu kabengele,208.28,113.398,2019
malik monk,190.5,90.7184,2017
malik beasley,193.04,84.821704,2016
malcolm hill,198.12,99.79024,Undrafted
malcolm brogdon,193.04,103.872568,2016
lamelo ball,200.66,81.64656,2020
lamar stevens,198.12,104.32616,Undrafted
landry shamet,193.04,86.18248,2018
larry nance,203.2,111.13004,2015
lauri markkanen,213.36,108.86208,2017
lebron james,205.74,113.398,2003
leandro bolmaro,198.12,90.7184,2020
lester quinones,193.04,94.347136,Undrafted
lindy waters,198.12,95.25432,Undrafted
julian champagnie,200.66,98.429464,Undrafted
lonnie walker,193.04,92.532768,2018
luguentz dort,193.04,99.79024,Undrafted
luka doncic,200.66,104.32616,2018
luka garza,208.28,110.222856,2021
luka samanic,208.28,102.965384,2019
luke kennard,195.58,93.439952,2017
luke kornet,218.44,113.398,Undrafted
mac mcclung,187.96,83.91452,Undrafted
malachi flynn,185.42,79.3786,2020
malaki branham,193.04,81.64656,2022
louis king,200.66,92.98636,Undrafted
juancho hernangomez,205.74,97.068688,2016
juan toscanoanderson,198.12,94.800728,Undrafted
jrue holiday,195.58,92.98636,2009
jalen mcdaniels,205.74,92.98636,2019
jalen smith,205.74,97.52228,2020
jalen suggs,195.58,92.98636,2021
jalen williams,195.58,95.707912,2022
jamal cain,198.12,86.636072,Undrafted
jamal murray,193.04,97.52228,2016
jamaree bouyea,187.96,81.64656,Undrafted
james bouknight,193.04,86.18248,2021
james harden,195.58,99.79024,2009
james johnson,200.66,108.86208,2009
james wiseman,213.36,108.86208,2020
jared butler,190.5,87.543256,2021
jared rhoden,198.12,95.25432,Undrafted
jaren jackson,208.28,109.769264,2018
jarred vanderbilt,203.2,97.068688,2018
jarrell brantley,195.58,113.398,2019
jarrett allen,205.74,110.222856,2017
jarrett culver,198.12,88.45044,2019
jason preston,190.5,82.10015200000001,2021
jalen johnson,203.2,99.336648,2021
jalen green,193.04,84.368112,2021
jalen duren,210.82,113.398,2022
jalen brunson,187.96,86.18248,2018
isaiah todd,205.74,99.336648,2021
ish smith,182.88,79.3786,Undrafted
ish wainright,195.58,113.398,Undrafted
ivica zubac,213.36,108.86208,2016
jd davison,185.42,88.45044,2022
jt thor,205.74,92.079176,2021
ja morant,187.96,78.92500799999999,2019
javale mcgee,213.36,122.46984,2008
jabari smith,210.82,99.79024,2022
javonte green,195.58,92.98636,Undrafted
jabari walker,200.66,90.7184,2022
jacob gilyard,175.26,72.57472,Undrafted
jaden hardy,190.5,89.811216,2022
jaden ivey,193.04,88.45044,2022
jaden mcdaniels,205.74,83.91452,2020
jaden springer,193.04,91.625584,2021
jae crowder,198.12,106.59412,2012
jaesean tate,195.58,104.32616,Undrafted
jake laravia,200.66,106.59412,2022
jakob poeltl,215.9,111.13004,2016
jack white,200.66,102.0582,Undrafted
isaiah roby,203.2,104.32616,2019
jaxson hayes,213.36,99.79024,2019
jay scrubb,195.58,99.79024,2020
jonas valanciunas,210.82,120.20188,2011
jonathan isaac,208.28,104.32616,2017
jonathan kuminga,200.66,102.0582,2021
jordan clarkson,195.58,87.996848,2014
jordan goodwin,190.5,90.7184,Undrafted
jordan hall,200.66,97.52228,Undrafted
jordan mclaughlin,182.88,83.91452,Undrafted
jordan nwora,205.74,102.0582,2020
jordan poole,193.04,87.996848,2019
jordan schakel,198.12,90.7184,Undrafted
jose alvarado,182.88,81.19296800000001,Undrafted
josh christopher,193.04,97.52228,2021
josh giddey,203.2,97.975872,2021
josh green,200.66,90.7184,2020
josh hart,193.04,97.52228,2017
josh minott,203.2,92.98636,2022
josh okogie,193.04,96.615096,2018
josh richardson,198.12,90.7184,2015
joshua primo,198.12,85.728888,2021
johnny juzang,198.12,94.800728,Undrafted
johnny davis,193.04,88.45044,2022
john wall,190.5,95.25432,2010
john konchar,195.58,95.25432,Undrafted
jaylen brown,198.12,101.151016,2016
jaylen nowell,193.04,91.171992,2019
jaylin williams,205.74,108.86208,2022
jayson tatum,203.2,95.25432,2017
jeenathan williams,195.58,92.98636,Undrafted
jeff dowtin,190.5,80.28578399999998,Undrafted
jeff green,203.2,106.59412,2007
jerami grant,203.2,95.25432,2014
jeremiah robinsonearl,203.2,108.86208,2021
jay huff,215.9,108.86208,Undrafted
jeremy sochan,203.2,104.32616,2022
jevon carter,185.42,90.7184,2018
jimmy butler,200.66,104.32616,2011
jock landale,210.82,115.66596,Undrafted
joe harris,198.12,99.79024,2014
joe ingles,205.74,99.79024,Undrafted
joe wieskamp,198.12,92.98636,2021
joel embiid,213.36,127.00576,2014
john butler,213.36,86.18248,Undrafted
john collins,205.74,102.511792,2017
jericho sims,208.28,113.398,2021
jamychal green,205.74,102.965384,Undrafted
