Player,Age,Team,Pos,G,MP,FG,FGA,FG%,3P,3PA,3P%,2P,2PA,2P%,eFG%,FT,FTA,FT%,ORB,DRB,TRB,AST,STL,BLK,TOV,PF,PTS,year,Type,PER,TS%,3PAr,FTr,ORB%,DRB%,TRB%,AST%,STL%,BLK%,TOV%,USG%,OWS,DWS,WS,WS/48,OBPM,DBPM,BPM,VORP
aaron brooks,30.0,CHI,PG,12.0,11.0,1.8,5.1,0.344,0.7,2.2,0.308,1.1,2.9,0.371,0.41,0.3,0.6,0.571,0.3,1.3,1.5,0.9,0.3,0.1,0.8,1.3,4.5,2015,Playoffs,6.8,0.421,0.426,0.115,2.5,12.2,7.5,14.9,1.2,0.6,12.3,25.2,-0.2,0.2,-0.1,-0.029,-4.4,-2.2,-6.6,-0.1
aaron brooks,33.0,MIN,PG,2.0,1.5,1.0,1.5,0.667,0.0,0.5,0.0,1.0,1.0,1.0,0.667,0.0,1.0,0.0,0.0,0.0,0.0,0.0,0.0,0.0,0.0,0.0,2.0,2018,Playoffs,27.9,0.515,0.333,0.667,0.0,0.0,0.0,0.0,0.0,0.0,0.0,59.0,0.0,0.0,0.0,-0.2,5.5,-5.3,0.2,0.0
aaron gordon,23.0,ORL,PF,5.0,32.8,5.8,12.4,0.468,1.6,4.0,0.4,4.2,8.4,0.5,0.532,2.0,3.8,0.526,2.2,5.0,7.2,3.6,1.2,0.2,2.6,3.2,15.2,2019,Playoffs,15.3,0.54,0.323,0.306,6.8,17.9,12.0,22.2,1.8,0.6,15.6,22.6,0.0,0.1,0.2,0.047,1.7,1.8,3.5,0.2
aaron gordon,25.0,DEN,PF,10.0,29.9,4.3,9.9,0.434,0.9,2.3,0.391,3.4,7.6,0.447,0.48,1.6,2.5,0.64,2.1,3.3,5.4,2.0,0.5,0.3,1.4,2.3,11.1,2021,Playoffs,10.5,0.505,0.232,0.253,7.4,13.5,10.2,9.4,0.8,0.9,11.3,18.0,0.0,0.0,0.0,-0.001,-2.2,-1.8,-4.0,-0.2
aaron gordon,26.0,DEN,PF,5.0,32.0,4.6,10.8,0.426,0.6,3.0,0.2,4.0,7.8,0.513,0.454,4.0,5.6,0.714,3.6,3.6,7.2,2.6,0.4,1.2,1.6,2.8,13.8,2022,Playoffs,15.7,0.52,0.278,0.519,13.5,14.4,13.9,12.0,0.6,3.9,10.8,20.2,0.3,0.0,0.2,0.063,0.9,-2.2,-1.3,0.0
aaron gordon,27.0,DEN,PF,20.0,35.7,5.1,9.8,0.518,0.9,2.3,0.391,4.2,7.5,0.557,0.564,2.3,3.5,0.652,2.5,3.6,6.0,2.6,0.6,0.7,1.0,2.9,13.3,2023,Playoffs,14.1,0.588,0.236,0.354,8.3,11.2,9.8,9.9,0.8,1.6,8.2,15.5,1.4,0.7,2.1,0.142,0.4,-0.6,-0.2,0.3
aaron gordon,28.0,DEN,PF,12.0,37.1,5.8,9.8,0.585,0.9,2.3,0.407,4.8,7.6,0.637,0.631,1.9,2.3,0.821,3.0,4.3,7.3,4.4,0.8,0.6,1.5,2.3,14.3,2024,Playoffs,18.2,0.66,0.229,0.237,8.9,13.4,11.1,18.2,1.2,1.5,12.1,15.3,1.2,0.4,1.6,0.175,3.1,1.4,4.5,0.7
aaron harrison,21.0,CHO,SG,2.0,3.5,0.0,0.0,0.0,0.0,0.0,0.0,0.0,0.0,0.0,0.0,0.0,0.0,0.0,0.0,0.5,0.5,0.0,0.0,0.0,0.0,0.5,0.0,2016,Playoffs,-0.6,0.0,,,0.0,17.5,8.2,0.0,0.0,0.0,0.0,0.0,0.0,0.0,0.0,0.018,-9.6,1.1,-8.5,0.0
aaron holiday,22.0,IND,PG,3.0,4.3,0.7,1.7,0.4,0.3,0.7,0.5,0.3,1.0,0.333,0.5,0.0,0.0,0.0,0.0,0.0,0.0,0.0,0.0,0.0,0.3,1.0,1.7,2019,Playoffs,-1.3,0.5,0.4,0.0,0.0,0.0,0.0,0.0,0.0,0.0,16.7,21.3,0.0,0.0,0.0,-0.109,-7.7,-2.9,-10.6,0.0
aaron holiday,23.0,IND,PG,4.0,18.0,3.0,5.3,0.571,1.0,2.3,0.444,2.0,3.0,0.667,0.667,0.8,1.3,0.6,0.3,1.0,1.3,2.5,1.0,0.0,1.0,2.5,7.8,2020,Playoffs,16.0,0.668,0.429,0.238,1.6,6.7,4.1,23.4,2.8,0.0,14.7,17.4,0.1,0.0,0.2,0.108,0.2,1.4,1.6,0.1
aaron holiday,25.0,PHO,PG,6.0,3.3,1.3,2.3,0.571,0.8,1.2,0.714,0.5,1.2,0.429,0.75,0.0,0.2,0.0,0.5,0.0,0.5,1.5,0.5,0.2,0.0,0.2,3.5,2022,Playoffs,63.8,0.727,0.5,0.071,18.4,0.0,8.9,98.4,7.7,4.9,0.0,33.2,0.3,0.0,0.3,0.819,35.3,14.2,49.5,0.3
aaron jackson,31.0,HOU,PG,7.0,2.4,0.3,0.6,0.5,0.0,0.3,0.0,0.3,0.3,1.0,0.5,0.1,0.3,0.5,0.3,0.3,0.6,0.3,0.0,0.0,0.3,0.3,0.7,2018,Playoffs,8.7,0.512,0.5,0.5,12.9,13.2,13.0,17.9,0.0,0.0,29.1,18.1,0.0,0.0,0.0,0.002,-4.8,-0.9,-5.7,0.0
aaron nesmith,21.0,BOS,SF,5.0,15.0,1.0,3.6,0.278,0.8,2.8,0.286,0.2,0.8,0.25,0.389,0.4,0.4,1.0,0.4,2.2,2.6,0.2,0.2,0.2,0.4,1.4,3.2,2021,Playoffs,3.5,0.424,0.778,0.111,2.9,18.0,10.0,1.8,0.7,1.3,9.6,11.8,-0.1,-0.1,-0.1,-0.082,-4.9,-2.1,-7.0,-0.1
aaron nesmith,22.0,BOS,SF,15.0,3.5,0.3,1.1,0.235,0.1,0.7,0.091,0.2,0.4,0.5,0.265,0.2,0.3,0.75,0.3,0.7,1.0,0.2,0.1,0.3,0.1,0.4,0.8,2022,Playoffs,8.9,0.32,0.647,0.235,9.0,23.0,16.2,8.4,1.9,7.0,5.1,17.1,-0.1,0.1,0.0,0.026,-4.5,2.7,-1.7,0.0
aaron nesmith,24.0,IND,SF,17.0,32.9,3.6,8.3,0.433,1.3,4.6,0.278,2.3,3.6,0.629,0.511,2.0,2.2,0.919,1.1,3.8,4.9,2.2,0.6,0.5,1.4,3.9,10.5,2024,Playoffs,9.6,0.566,0.56,0.262,4.1,13.4,8.8,8.1,1.0,1.5,12.8,14.6,0.4,0.2,0.6,0.049,-2.6,-0.6,-3.2,-0.2
aaron wiggins,25.0,OKC,SG,10.0,15.7,2.3,4.7,0.489,0.6,2.0,0.3,1.7,2.7,0.63,0.553,1.0,1.1,0.909,0.9,2.3,3.2,1.0,0.6,0.3,0.9,0.8,6.2,2024,Playoffs,14.9,0.598,0.426,0.234,6.6,15.6,11.3,9.4,1.9,1.8,14.8,17.7,0.1,0.3,0.5,0.139,0.1,2.1,2.2,0.2
abdel nader,24.0,BOS,SF,11.0,3.0,0.5,1.4,0.333,0.0,0.4,0.0,0.5,1.0,0.455,0.333,0.2,0.4,0.5,0.1,0.2,0.3,0.3,0.1,0.1,0.2,0.2,1.1,2018,Playoffs,5.2,0.358,0.267,0.267,3.4,7.1,5.2,15.2,1.6,2.7,10.7,26.2,-0.1,0.0,-0.1,-0.122,-6.2,-0.6,-6.8,0.0
abdel nader,25.0,OKC,SF,3.0,1.7,0.3,0.7,0.5,0.0,0.0,0.0,0.3,0.7,0.5,0.5,0.0,0.0,0.0,0.0,0.0,0.0,0.0,0.0,0.3,0.0,0.0,0.7,2019,Playoffs,16.1,0.5,0.0,0.0,0.0,0.0,0.0,0.0,0.0,16.7,0.0,17.1,0.0,0.0,0.0,0.047,2.1,4.4,6.5,0.0
abdel nader,26.0,OKC,SF,3.0,8.3,0.3,2.3,0.143,0.3,1.7,0.2,0.0,0.7,0.0,0.214,0.3,0.7,0.5,0.3,0.7,1.0,0.0,0.3,0.7,0.0,0.3,1.3,2020,Playoffs,3.5,0.254,0.714,0.286,4.3,8.1,6.3,0.0,1.9,9.8,0.0,13.6,-0.1,0.0,0.0,-0.044,-3.1,1.4,-1.7,0.0
abdel nader,27.0,PHO,SF,5.0,5.8,0.4,1.2,0.333,0.0,0.4,0.0,0.4,0.8,0.5,0.333,0.0,0.0,0.0,0.0,1.0,1.0,0.0,0.0,0.0,0.0,0.6,0.8,2021,Playoffs,0.3,0.333,0.333,0.0,0.0,18.1,9.6,0.0,0.0,0.0,0.0,9.4,0.0,0.0,0.0,-0.027,-6.7,-1.3,-8.0,0.0
aj green,24.0,MIL,SG,6.0,11.2,1.0,2.7,0.375,0.3,1.8,0.182,0.7,0.8,0.8,0.438,0.5,0.5,1.0,0.0,1.5,1.5,0.3,0.0,0.0,0.2,1.5,2.8,2024,Playoffs,4.4,0.491,0.688,0.188,0.0,15.1,7.6,4.0,0.0,0.0,5.5,12.6,0.0,0.0,0.0,-0.009,-7.4,-2.1,-9.5,-0.1
aj lawson,23.0,DAL,SG,10.0,3.0,0.4,0.9,0.444,0.2,0.6,0.333,0.2,0.3,0.667,0.556,0.1,0.2,0.5,0.1,0.2,0.3,0.0,0.0,0.1,0.0,0.1,1.1,2024,Playoffs,11.1,0.557,0.667,0.222,3.9,7.6,5.7,0.0,0.0,3.2,0.0,15.0,0.0,0.0,0.1,0.087,0.3,-0.3,0.1,0.0
al harrington,33.0,WAS,PF,7.0,8.4,0.9,2.1,0.4,0.0,1.0,0.0,0.9,1.1,0.75,0.4,0.7,1.0,0.714,0.1,2.1,2.3,0.0,0.4,0.0,0.6,2.0,2.4,2014,Playoffs,5.2,0.47,0.467,0.467,2.0,29.6,15.7,0.0,2.8,0.0,18.1,17.7,-0.1,0.1,0.0,0.037,-8.7,1.4,-7.2,-0.1
al horford,28.0,ATL,C,16.0,32.6,6.7,13.2,0.507,0.1,0.6,0.222,6.6,12.6,0.52,0.512,0.9,1.3,0.75,2.5,6.1,8.6,3.7,0.8,1.4,1.6,2.1,14.4,2015,Playoffs,19.8,0.525,0.043,0.095,8.2,20.1,14.2,20.4,1.3,3.6,10.2,21.4,0.8,0.7,1.5,0.141,2.1,1.6,3.7,0.8
al horford,29.0,ATL,C,10.0,32.7,5.4,11.6,0.466,1.1,2.8,0.393,4.3,8.8,0.489,0.513,1.5,1.6,0.938,1.3,5.2,6.5,3.0,1.2,2.4,1.7,2.5,13.4,2016,Playoffs,17.5,0.545,0.241,0.138,4.5,16.3,10.7,15.6,1.8,6.6,12.1,19.2,0.3,0.5,0.9,0.127,0.9,2.8,3.7,0.5
al horford,30.0,BOS,C,18.0,33.9,6.2,10.6,0.584,1.5,2.9,0.519,4.7,7.7,0.609,0.655,1.2,1.6,0.759,1.7,4.8,6.6,5.4,0.8,0.8,1.8,1.8,15.1,2017,Playoffs,20.1,0.668,0.274,0.153,5.8,17.3,11.3,25.9,1.3,2.0,14.0,17.5,1.7,0.4,2.1,0.165,4.4,1.5,5.9,1.2
al horford,31.0,BOS,C,19.0,35.7,5.8,10.7,0.544,0.8,2.3,0.349,5.1,8.5,0.596,0.581,3.3,3.9,0.827,1.7,6.6,8.3,3.3,1.0,1.2,1.7,2.1,15.7,2018,Playoffs,20.1,0.631,0.211,0.368,5.3,21.6,13.3,15.8,1.4,2.9,11.9,18.3,1.7,1.0,2.7,0.192,2.1,2.3,4.4,1.1
al horford,32.0,BOS,C,9.0,34.4,5.1,12.2,0.418,2.0,4.9,0.409,3.1,7.3,0.424,0.5,1.7,2.0,0.833,1.4,7.6,9.0,4.4,0.4,0.8,2.1,2.3,13.9,2019,Playoffs,14.2,0.53,0.4,0.164,4.5,21.4,13.3,21.7,0.6,2.1,13.9,19.5,0.1,0.5,0.6,0.1,1.5,1.3,2.8,0.4
al horford,33.0,PHI,C,4.0,32.3,3.0,6.3,0.48,0.0,1.0,0.0,3.0,5.3,0.571,0.48,1.0,1.8,0.571,2.3,5.0,7.3,2.3,0.3,1.3,0.8,3.5,7.0,2020,Playoffs,10.7,0.499,0.16,0.28,7.3,17.1,12.1,11.6,0.4,3.6,9.7,10.5,0.1,0.0,0.1,0.049,-1.8,0.4,-1.3,0.0
al horford,35.0,BOS,C,23.0,35.4,4.4,8.4,0.523,2.0,4.3,0.48,2.3,4.1,0.568,0.645,1.2,1.6,0.778,1.5,7.8,9.3,3.3,0.8,1.3,1.3,2.8,12.0,2022,Playoffs,16.6,0.663,0.508,0.187,5.0,23.9,14.8,14.6,1.2,3.5,12.2,13.1,1.7,1.5,3.2,0.187,2.2,3.8,6.0,1.7
al horford,36.0,BOS,C,20.0,30.9,2.6,6.6,0.386,1.4,4.7,0.298,1.2,1.9,0.605,0.492,0.2,0.2,0.75,1.5,5.7,7.2,3.0,1.1,1.7,0.6,2.4,6.7,2023,Playoffs,12.8,0.497,0.712,0.03,5.7,20.4,13.3,12.5,1.8,4.9,7.6,10.6,0.6,0.9,1.5,0.118,-0.4,3.2,2.8,0.7
al horford,37.0,BOS,C,19.0,30.3,3.5,7.3,0.478,1.8,5.0,0.368,1.6,2.3,0.721,0.605,0.4,0.6,0.636,1.8,5.2,7.0,2.1,0.8,0.8,0.6,1.5,9.2,2024,Playoffs,15.0,0.609,0.688,0.08,7.2,19.9,13.6,9.9,1.4,2.6,7.7,12.5,1.1,1.0,2.0,0.17,1.4,1.6,3.1,0.7
al jefferson,29.0,CHA,C,3.0,35.3,8.7,17.7,0.491,0.0,0.0,0.0,8.7,17.7,0.491,0.491,1.3,1.7,0.8,2.0,7.3,9.3,0.7,0.3,1.7,0.3,2.3,18.7,2014,Playoffs,19.2,0.507,0.0,0.094,6.8,27.1,16.6,4.1,0.5,4.2,1.8,25.3,0.1,0.1,0.2,0.082,2.2,0.1,2.3,0.1
al jefferson,31.0,CHO,C,7.0,24.0,6.0,11.9,0.506,0.0,0.0,0.0,6.0,11.9,0.506,0.506,1.3,1.9,0.692,2.0,4.1,6.1,1.1,0.6,0.4,0.9,1.7,13.3,2016,Playoffs,21.8,0.524,0.0,0.157,8.9,21.2,14.6,11.5,1.3,1.4,6.3,26.8,0.2,0.2,0.4,0.108,2.7,-0.2,2.5,0.2
alan anderson,31.0,BRK,SF,12.0,21.8,2.1,5.2,0.403,0.8,2.6,0.29,1.3,2.6,0.516,0.476,1.0,1.5,0.667,0.8,1.8,2.7,1.3,0.8,0.0,0.8,2.7,5.9,2014,Playoffs,9.3,0.508,0.5,0.29,4.6,11.2,7.7,9.1,2.1,0.0,12.5,15.0,0.1,0.1,0.2,0.044,-2.4,0.6,-1.8,0.0
alan anderson,32.0,BRK,SG,6.0,23.7,4.2,6.8,0.61,1.7,2.7,0.625,2.5,4.2,0.6,0.732,1.0,1.5,0.667,0.3,3.2,3.5,1.2,0.7,0.2,1.3,1.5,11.0,2015,Playoffs,17.7,0.734,0.39,0.22,1.5,14.5,8.0,8.7,1.4,0.6,15.1,17.1,0.3,0.1,0.4,0.145,2.9,1.7,4.6,0.2
alec burks,26.0,UTA,SG,9.0,13.3,3.3,7.1,0.469,1.0,2.2,0.45,2.3,4.9,0.477,0.539,1.4,1.7,0.867,0.2,2.4,2.7,1.9,0.4,0.1,0.9,1.0,9.1,2018,Playoffs,22.3,0.581,0.313,0.234,1.8,20.0,10.8,26.4,1.6,0.7,10.2,28.9,0.3,0.2,0.4,0.169,4.2,2.8,7.0,0.3
alec burks,28.0,PHI,SG,4.0,23.8,4.0,12.3,0.327,0.8,4.0,0.188,3.3,8.3,0.394,0.357,1.8,2.3,0.778,1.8,2.0,3.8,1.8,0.3,0.8,0.8,1.8,10.5,2020,Playoffs,9.4,0.397,0.327,0.184,7.7,9.3,8.5,14.1,0.5,3.0,5.4,25.7,-0.1,0.0,-0.1,-0.065,-0.8,-2.7,-3.5,0.0
alec burks,29.0,NYK,SG,5.0,25.6,4.8,11.2,0.429,1.6,4.8,0.333,3.2,6.4,0.5,0.5,2.8,3.8,0.737,1.0,4.0,5.0,2.6,0.2,0.0,0.8,2.2,14.0,2021,Playoffs,16.0,0.544,0.429,0.339,3.9,17.6,10.3,19.2,0.4,0.0,5.9,23.7,0.2,0.1,0.3,0.12,2.3,1.6,3.9,0.2
alec burks,32.0,NYK,SG,6.0,20.2,4.2,8.3,0.5,2.0,4.7,0.429,2.2,3.7,0.591,0.62,4.5,5.3,0.844,0.7,2.7,3.3,1.0,0.2,0.2,0.0,1.0,14.8,2024,Playoffs,26.5,0.694,0.56,0.64,3.7,16.2,9.7,8.1,0.4,0.8,0.0,23.3,0.7,0.0,0.7,0.285,6.6,1.7,8.3,0.3
alex abrines,23.0,OKC,SG,5.0,16.0,1.6,4.6,0.348,1.0,3.4,0.294,0.6,1.2,0.5,0.457,0.6,0.8,0.75,0.4,1.4,1.8,0.8,0.0,0.0,0.0,1.6,4.8,2017,Playoffs,7.0,0.485,0.739,0.174,2.6,10.0,6.1,7.1,0.0,0.0,0.0,13.3,0.1,0.0,0.1,0.033,-2.8,-1.9,-4.7,-0.1
alex abrines,24.0,OKC,SG,6.0,18.3,1.3,3.3,0.4,1.0,2.2,0.462,0.3,1.2,0.286,0.55,0.3,0.3,1.0,0.5,2.2,2.7,0.3,0.8,0.3,0.2,1.8,4.0,2018,Playoffs,9.5,0.575,0.65,0.1,2.9,12.3,7.7,2.6,2.2,1.7,4.6,8.7,0.1,0.1,0.2,0.107,-1.3,1.9,0.5,0.1
alex caruso,25.0,LAL,PG,21.0,24.3,2.3,5.4,0.425,0.8,2.9,0.279,1.5,2.5,0.596,0.5,1.1,1.4,0.8,0.7,1.6,2.3,2.8,1.1,0.6,1.5,2.6,6.5,2020,Playoffs,9.9,0.543,0.54,0.265,3.5,7.6,5.6,15.2,2.2,2.3,19.7,13.4,0.2,0.6,0.8,0.08,-2.4,1.9,-0.5,0.2
alex caruso,26.0,LAL,PG,6.0,20.2,2.3,6.3,0.368,0.8,2.8,0.294,1.5,3.5,0.429,0.434,0.3,0.3,1.0,0.3,1.0,1.3,0.5,0.2,0.7,1.2,2.0,5.8,2021,Playoffs,3.0,0.45,0.447,0.053,1.8,5.9,3.7,4.1,0.4,3.2,15.3,16.9,-0.3,0.1,-0.1,-0.055,-5.4,-0.3,-5.7,-0.1
alex caruso,27.0,CHI,SG,4.0,28.3,2.3,5.8,0.391,1.8,4.5,0.389,0.5,1.3,0.4,0.543,0.0,0.0,0.0,0.5,2.3,2.8,4.3,1.3,1.0,0.3,2.8,6.3,2022,Playoffs,12.4,0.543,0.783,0.0,1.6,8.7,4.9,22.2,2.1,3.5,4.2,9.3,0.1,0.2,0.3,0.128,-0.6,3.9,3.3,0.2
alex len,27.0,WAS,C,5.0,8.4,1.6,2.8,0.571,0.0,0.0,0.0,1.6,2.8,0.571,0.571,0.8,1.4,0.571,0.8,1.4,2.2,0.4,0.2,0.0,0.2,1.6,4.0,2021,Playoffs,15.3,0.585,0.0,0.5,10.0,18.9,14.3,7.3,1.1,0.0,5.5,18.0,0.1,0.0,0.1,0.102,-0.6,-1.2,-1.8,0.0
alex len,29.0,SAC,C,7.0,7.7,1.0,1.3,0.778,0.0,0.0,0.0,1.0,1.3,0.778,0.778,0.7,0.9,0.833,1.0,1.9,2.9,0.1,0.0,0.4,1.0,2.1,2.7,2023,Playoffs,11.2,0.816,0.0,0.667,12.8,25.3,18.9,2.6,0.0,5.3,37.6,13.7,0.0,0.1,0.1,0.084,-6.3,1.3,-5.0,0.0
alexis ajinaa,26.0,NOP,C,3.0,3.3,1.3,1.3,1.0,0.0,0.0,0.0,1.3,1.3,1.0,1.0,0.0,0.0,0.0,0.0,0.3,0.3,0.3,0.3,0.0,0.0,0.7,2.7,2015,Playoffs,42.0,1.0,0.0,0.0,0.0,10.9,5.6,26.9,5.2,0.0,0.0,18.3,0.1,0.0,0.1,0.367,10.9,7.9,18.8,0.1
alfarouq aminu,24.0,DAL,SF,5.0,30.0,3.4,6.2,0.548,1.4,2.2,0.636,2.0,4.0,0.5,0.661,3.0,3.8,0.789,2.8,4.4,7.2,1.2,2.0,1.6,1.2,3.0,11.2,2015,Playoffs,20.4,0.711,0.355,0.613,9.3,15.6,12.3,5.3,3.1,4.3,13.2,12.4,0.5,0.1,0.6,0.199,4.4,3.1,7.5,0.4
alfarouq aminu,25.0,POR,SF,11.0,33.8,5.1,11.6,0.438,2.5,6.4,0.4,2.5,5.3,0.483,0.547,1.9,2.6,0.724,2.1,6.5,8.6,1.8,0.7,0.9,1.9,2.8,14.6,2016,Playoffs,15.5,0.572,0.547,0.227,6.2,20.4,13.1,8.7,1.1,2.1,13.0,18.6,0.5,0.3,0.8,0.1,2.1,0.5,2.7,0.4
alfarouq aminu,26.0,POR,PF,4.0,28.3,4.3,9.3,0.459,1.8,4.3,0.412,2.5,5.0,0.5,0.554,1.8,2.8,0.636,1.3,5.3,6.5,1.0,0.8,1.0,2.3,2.3,12.0,2017,Playoffs,12.4,0.574,0.459,0.297,4.4,21.2,12.2,6.0,1.2,3.0,17.7,18.7,0.0,0.1,0.0,0.016,-0.2,0.1,-0.1,0.1
alfarouq aminu,27.0,POR,PF,4.0,32.8,6.8,13.0,0.519,3.3,7.5,0.433,3.5,5.5,0.636,0.644,0.5,0.5,1.0,3.0,6.0,9.0,1.3,1.0,0.5,1.5,2.0,17.3,2018,Playoffs,21.3,0.652,0.577,0.038,9.4,22.1,15.2,5.8,1.5,1.2,10.2,19.2,0.4,0.0,0.4,0.152,4.4,0.3,4.7,0.2
alfarouq aminu,28.0,POR,PF,16.0,24.9,2.4,6.8,0.349,0.9,3.2,0.294,1.4,3.6,0.397,0.417,1.7,2.3,0.75,1.8,4.4,6.3,1.3,0.6,0.6,1.0,2.1,7.4,2019,Playoffs,11.0,0.473,0.468,0.33,7.7,18.9,13.3,7.5,1.1,2.1,11.4,15.4,0.1,0.3,0.4,0.051,-0.8,-0.1,-0.9,0.1
alfonzo mckinnie,26.0,GSW,SF,22.0,10.7,1.2,2.7,0.441,0.5,1.5,0.313,0.7,1.2,0.593,0.525,0.2,0.5,0.4,0.8,1.5,2.3,0.2,0.1,0.0,0.3,1.5,3.0,2019,Playoffs,7.5,0.521,0.542,0.169,8.6,15.7,12.2,2.3,0.4,0.4,8.6,12.8,0.1,0.1,0.2,0.036,-3.1,-1.8,-4.9,-0.2
alfonzo mckinnie,28.0,LAL,SF,2.0,6.0,0.0,1.5,0.0,0.0,1.0,0.0,0.0,0.5,0.0,0.0,0.0,0.0,0.0,0.0,0.5,0.5,0.0,0.0,0.0,0.0,0.5,0.0,2021,Playoffs,-10.6,0.0,0.667,0.0,0.0,9.8,4.7,0.0,0.0,0.0,0.0,11.2,-0.1,0.0,-0.1,-0.239,-12.5,-3.6,-16.0,0.0
alize johnson,24.0,BRK,PF,5.0,4.6,0.8,1.4,0.571,0.0,0.0,0.0,0.8,1.4,0.571,0.571,0.0,0.0,0.0,0.6,2.0,2.6,0.0,0.6,0.0,0.6,0.2,1.6,2021,Playoffs,18.2,0.571,0.0,0.0,15.1,46.0,31.2,0.0,6.5,0.0,30.0,19.7,0.0,0.1,0.0,0.098,-1.3,2.3,1.0,0.0
allen crabbe,22.0,POR,SG,2.0,19.5,2.0,2.5,0.8,1.0,1.0,1.0,1.0,1.5,0.667,1.0,0.0,0.0,0.0,0.0,1.5,1.5,0.5,1.0,0.5,0.5,0.5,5.0,2015,Playoffs,15.0,1.0,0.4,0.0,0.0,8.4,4.2,4.3,2.7,1.7,16.7,7.1,0.1,0.0,0.1,0.145,2.4,4.1,6.5,0.1
allen crabbe,23.0,POR,SG,11.0,27.5,3.5,6.6,0.521,1.4,3.2,0.429,2.1,3.5,0.605,0.623,1.3,1.7,0.737,0.5,2.5,2.9,1.4,0.6,0.1,0.5,2.1,9.5,2016,Playoffs,12.8,0.645,0.479,0.26,1.7,9.4,5.4,7.8,1.2,0.3,6.9,12.4,0.7,0.1,0.7,0.114,0.2,0.2,0.4,0.2
allen crabbe,24.0,POR,SG,4.0,23.0,2.3,6.0,0.375,0.8,3.3,0.231,1.5,2.8,0.545,0.438,0.3,0.8,0.333,0.0,3.0,3.0,0.5,0.3,0.0,0.3,2.3,5.5,2017,Playoffs,3.7,0.434,0.542,0.125,0.0,14.9,6.9,3.4,0.5,0.0,3.8,11.9,-0.1,0.0,-0.1,-0.043,-4.4,-1.7,-6.2,-0.1
amare stoudemire,32.0,DAL,PF,5.0,15.0,3.0,7.0,0.429,0.0,0.0,0.0,3.0,7.0,0.429,0.429,1.8,2.6,0.692,1.4,1.8,3.2,0.6,0.2,0.6,1.4,3.2,7.8,2015,Playoffs,11.3,0.479,0.0,0.371,9.3,12.8,11.0,6.0,0.6,3.2,14.7,26.0,0.0,0.0,0.0,-0.01,-3.5,-2.1,-5.5,-0.1
amare stoudemire,33.0,MIA,C,9.0,9.1,1.2,2.1,0.579,0.0,0.0,0.0,1.2,2.1,0.579,0.579,0.9,0.9,1.0,0.3,1.1,1.4,0.0,0.6,0.3,1.0,1.6,3.3,2016,Playoffs,12.4,0.666,0.0,0.421,4.6,13.7,9.4,0.0,3.2,2.8,28.6,18.3,0.0,0.2,0.2,0.103,-5.6,1.9,-3.7,0.0
amer aaak,27.0,HOU,C,6.0,27.2,2.7,5.5,0.485,0.0,0.0,0.0,2.7,5.5,0.485,0.485,0.5,0.5,1.0,3.5,4.7,8.2,0.7,0.5,0.7,1.8,4.8,5.8,2014,Playoffs,9.1,0.51,0.0,0.091,13.8,19.4,16.5,3.5,1.0,2.0,24.3,11.8,0.0,0.1,0.1,0.026,-3.7,-0.3,-4.0,-0.1
amer aaak,28.0,NOP,C,4.0,19.8,0.5,2.5,0.2,0.0,0.0,0.0,0.5,2.5,0.2,0.2,1.0,1.8,0.571,3.0,4.3,7.3,1.5,1.3,0.0,1.3,2.5,2.0,2015,Playoffs,9.4,0.306,0.0,0.7,17.3,23.4,20.4,10.2,3.3,0.0,27.7,10.5,0.0,0.0,0.0,-0.001,-2.4,-0.2,-2.6,0.0
amir coffey,22.0,LAC,SG,3.0,2.3,0.0,1.0,0.0,0.0,0.3,0.0,0.0,0.7,0.0,0.0,0.7,0.7,1.0,0.0,0.0,0.0,1.3,0.3,0.0,0.0,0.0,0.7,2020,Playoffs,21.4,0.258,0.333,0.667,0.0,0.0,0.0,67.6,7.0,0.0,0.0,24.3,0.0,0.0,0.0,0.099,3.4,7.1,10.5,0.0
amir coffey,23.0,LAC,SG,10.0,1.6,0.3,0.4,0.75,0.1,0.1,1.0,0.2,0.3,0.667,0.875,0.0,0.1,0.0,0.0,0.2,0.2,0.1,0.1,0.0,0.1,0.0,0.7,2021,Playoffs,18.1,0.788,0.25,0.25,0.0,14.3,7.2,10.0,3.2,0.0,18.4,15.8,0.0,0.0,0.0,0.117,3.1,3.7,6.7,0.0
amir coffey,26.0,LAC,SF,6.0,18.7,1.2,3.7,0.318,0.5,1.8,0.273,0.7,1.8,0.364,0.386,0.0,0.0,0.0,0.3,1.3,1.7,0.3,0.3,0.2,0.8,1.0,2.8,2024,Playoffs,1.2,0.386,0.5,0.0,2.1,8.0,5.1,2.6,0.9,0.9,18.5,11.0,-0.2,0.0,-0.2,-0.084,-6.1,-1.0,-7.1,-0.1
amir johnson,26.0,TOR,PF,7.0,27.3,4.9,7.4,0.654,0.0,0.3,0.0,4.9,7.1,0.68,0.654,1.3,1.7,0.75,2.3,3.7,6.0,1.0,0.4,0.6,1.7,4.1,11.0,2014,Playoffs,16.4,0.672,0.038,0.231,10.6,15.9,13.4,7.3,0.8,1.9,17.3,17.0,0.4,0.2,0.5,0.137,0.6,0.6,1.3,0.2
amir johnson,27.0,TOR,PF,4.0,28.0,5.0,7.3,0.69,0.0,0.3,0.0,5.0,7.0,0.714,0.69,1.5,3.0,0.5,1.8,5.3,7.0,1.0,0.3,0.8,1.8,4.0,11.5,2015,Playoffs,16.0,0.671,0.034,0.414,6.7,22.7,14.2,6.3,0.5,2.3,17.0,16.6,0.2,0.0,0.2,0.089,0.2,-0.2,0.0,0.0
amir johnson,28.0,BOS,PF,6.0,22.3,3.7,5.5,0.667,0.0,0.3,0.0,3.7,5.2,0.71,0.667,1.2,1.5,0.778,1.8,5.3,7.2,0.7,0.2,1.3,1.7,2.2,8.5,2016,Playoffs,16.7,0.69,0.061,0.273,8.1,26.6,16.8,5.5,0.4,5.3,21.3,15.1,0.2,0.3,0.4,0.158,-0.4,1.8,1.4,0.1
amir johnson,29.0,BOS,PF,14.0,10.1,1.1,2.1,0.5,0.1,0.2,0.333,1.0,1.9,0.519,0.517,0.4,0.6,0.625,1.2,0.9,2.1,0.2,0.3,0.4,0.4,1.7,2.6,2017,Playoffs,10.3,0.537,0.1,0.267,13.6,11.1,12.4,3.1,1.4,3.6,15.2,12.6,0.1,0.1,0.2,0.063,-3.9,-1.5,-5.4,-0.1
amir johnson,30.0,PHI,C,8.0,11.8,1.4,2.6,0.524,0.0,0.0,0.0,1.4,2.6,0.524,0.524,0.5,0.6,0.8,1.8,1.1,2.9,1.1,0.3,0.1,0.4,1.3,3.3,2018,Playoffs,15.2,0.56,0.0,0.238,15.7,10.4,13.1,14.1,1.0,1.0,11.5,11.7,0.2,0.1,0.3,0.16,0.6,-0.6,0.0,0.0
amir johnson,31.0,PHI,C,4.0,5.0,1.0,1.0,1.0,0.0,0.0,0.0,1.0,1.0,1.0,1.0,0.0,0.0,0.0,0.8,0.5,1.3,0.5,0.3,0.0,0.3,0.8,2.0,2019,Playoffs,24.3,1.0,0.0,0.0,17.1,10.3,13.5,16.1,2.4,0.0,20.0,10.6,0.1,0.0,0.1,0.274,5.5,3.1,8.5,0.1
anderson varejao,33.0,GSW,C,17.0,5.5,0.3,0.8,0.357,0.0,0.0,0.0,0.3,0.8,0.357,0.357,0.6,1.1,0.526,0.7,0.5,1.2,0.8,0.1,0.1,0.1,1.0,1.2,2016,Playoffs,12.4,0.447,0.0,1.357,14.2,10.3,12.2,18.6,1.1,1.7,8.2,11.5,0.2,0.1,0.3,0.149,-1.1,1.9,0.8,0.1
andray blatche,27.0,BRK,PF,12.0,14.3,2.2,4.8,0.448,0.0,0.2,0.0,2.2,4.7,0.464,0.448,2.1,2.5,0.833,2.1,2.9,5.0,0.3,0.5,0.2,0.8,1.8,6.4,2014,Playoffs,19.7,0.541,0.034,0.517,17.5,27.0,22.0,4.1,1.9,1.1,12.3,23.1,0.3,0.2,0.5,0.141,0.3,-1.5,-1.2,0.0
andre drummond,22.0,DET,C,4.0,32.8,7.0,13.5,0.519,0.0,0.3,0.0,7.0,13.3,0.528,0.519,2.8,8.5,0.324,3.0,6.0,9.0,0.0,0.3,1.5,1.0,2.0,16.8,2016,Playoffs,17.6,0.486,0.019,0.63,11.6,21.6,16.8,0.0,0.4,4.5,5.5,28.0,0.0,0.0,0.0,-0.012,-0.6,-3.0,-3.5,-0.1
andre drummond,25.0,DET,C,4.0,31.8,6.0,13.5,0.444,0.0,0.3,0.0,6.0,13.3,0.453,0.444,2.3,5.3,0.429,5.0,8.0,13.0,2.3,1.5,1.3,2.8,4.3,14.3,2019,Playoffs,15.6,0.451,0.019,0.389,13.9,29.3,20.6,12.0,2.3,3.6,14.8,24.6,-0.2,0.1,-0.1,-0.048,-1.9,-1.0,-2.9,0.0
andre drummond,27.0,LAL,C,5.0,21.0,3.8,6.4,0.594,0.0,0.0,0.0,3.8,6.4,0.594,0.594,1.4,2.0,0.7,3.8,7.2,11.0,0.0,0.8,0.6,2.2,2.4,9.0,2021,Playoffs,19.2,0.618,0.0,0.313,19.6,40.5,29.6,0.0,1.9,2.8,23.2,20.1,0.0,0.2,0.2,0.112,-0.5,0.7,0.2,0.1
andre drummond,28.0,BRK,C,4.0,15.0,1.5,2.8,0.545,0.0,0.0,0.0,1.5,2.8,0.545,0.545,0.8,1.3,0.6,0.8,2.3,3.0,0.8,1.3,0.8,1.5,3.0,3.8,2022,Playoffs,10.0,0.568,0.0,0.455,6.5,19.7,13.1,7.0,4.3,4.8,31.3,14.7,-0.1,0.1,0.0,-0.012,-4.9,1.7,-3.2,0.0
andre iguodala,30.0,GSW,SF,7.0,35.4,4.6,8.9,0.516,1.1,2.1,0.533,3.4,6.7,0.511,0.581,2.9,4.7,0.606,0.7,4.0,4.7,4.4,1.3,0.3,3.0,2.7,13.1,2014,Playoffs,12.6,0.601,0.242,0.532,2.3,13.2,7.6,18.7,1.8,0.7,21.5,16.7,0.2,0.1,0.3,0.049,0.0,1.5,1.5,0.2
andre iguodala,31.0,GSW,SF,21.0,30.2,3.9,8.1,0.474,1.4,3.9,0.354,2.5,4.2,0.584,0.558,1.3,3.1,0.415,0.8,3.7,4.5,3.6,1.2,0.3,0.7,2.0,10.4,2015,Playoffs,15.4,0.546,0.48,0.38,2.8,13.2,8.1,18.0,2.0,0.9,6.6,15.1,1.3,1.0,2.2,0.17,1.7,2.8,4.5,1.0
andre iguodala,32.0,GSW,SF,24.0,32.0,3.3,6.8,0.476,1.0,2.7,0.385,2.2,4.1,0.535,0.552,1.3,2.4,0.561,1.5,2.9,4.4,3.8,1.2,0.4,1.0,1.5,8.9,2016,Playoffs,13.8,0.563,0.396,0.348,5.0,9.7,7.4,16.6,1.9,1.0,10.8,12.1,1.5,0.7,2.1,0.133,1.2,1.8,3.0,1.0
andre iguodala,33.0,GSW,SF,16.0,26.2,2.9,6.3,0.455,0.5,2.6,0.19,2.4,3.7,0.644,0.495,0.9,1.6,0.577,0.6,3.5,4.1,3.2,0.9,0.4,1.0,1.8,7.2,2017,Playoffs,10.5,0.511,0.416,0.257,2.5,13.5,8.4,15.5,1.6,1.4,12.5,13.2,0.2,0.6,0.9,0.099,-1.2,1.3,0.1,0.2
andre iguodala,34.0,GSW,SF,15.0,26.7,2.8,5.7,0.494,0.9,2.5,0.378,1.9,3.2,0.583,0.576,1.6,2.3,0.706,0.7,3.8,4.5,2.7,1.4,0.5,0.9,1.9,8.1,2018,Playoffs,14.7,0.61,0.435,0.4,3.2,14.8,9.3,13.6,2.6,1.5,12.3,12.7,0.7,0.7,1.4,0.171,0.0,2.8,2.9,0.5
andre iguodala,35.0,GSW,SF,21.0,30.0,3.9,7.9,0.494,1.3,3.8,0.35,2.6,4.1,0.628,0.578,0.7,1.8,0.378,1.3,3.0,4.3,4.0,1.1,1.1,1.0,2.0,9.8,2019,Playoffs,15.3,0.565,0.482,0.223,5.1,11.4,8.3,18.4,1.9,3.6,10.3,14.1,1.0,0.5,1.5,0.113,1.7,2.0,3.7,0.9
andre iguodala,36.0,MIA,SF,21.0,19.5,1.4,3.1,0.462,0.7,1.9,0.359,0.8,1.2,0.615,0.569,0.2,0.3,0.714,0.5,2.0,2.6,1.5,0.8,0.6,0.7,2.1,3.8,2020,Playoffs,9.3,0.58,0.6,0.108,3.2,11.7,7.6,10.7,2.1,3.1,17.1,9.1,0.2,0.5,0.7,0.082,-1.6,2.2,0.6,0.3
andre iguodala,37.0,MIA,SF,4.0,17.8,1.5,2.8,0.545,0.8,1.8,0.429,0.8,1.0,0.75,0.682,0.0,0.0,0.0,0.8,2.3,3.0,1.3,1.0,0.5,1.3,2.0,3.8,2021,Playoffs,9.5,0.682,0.636,0.0,3.9,12.9,8.2,11.2,2.7,2.6,31.3,9.9,0.0,0.1,0.1,0.043,-2.7,3.3,0.6,0.0
andre iguodala,38.0,GSW,SF,7.0,8.7,0.6,1.3,0.444,0.1,0.4,0.333,0.4,0.9,0.5,0.5,0.3,0.4,0.667,0.4,0.6,1.0,1.7,0.0,0.3,0.6,1.6,1.6,2022,Playoffs,8.0,0.533,0.333,0.333,5.7,7.2,6.4,24.7,0.0,3.3,27.9,10.3,0.1,0.0,0.1,0.077,-2.7,0.5,-2.2,0.0
andre jackson,22.0,MIL,SG,5.0,12.0,1.0,2.2,0.455,0.4,1.2,0.333,0.6,1.0,0.6,0.545,0.0,0.0,0.0,1.0,1.2,2.2,2.0,1.0,0.2,0.6,2.0,2.4,2024,Playoffs,14.2,0.545,0.545,0.0,9.5,11.2,10.4,22.1,4.3,1.6,21.4,10.7,0.1,0.1,0.2,0.123,-1.7,4.2,2.5,0.1
andre miller,37.0,WAS,SG,11.0,9.8,1.7,3.7,0.463,0.1,0.3,0.333,1.6,3.5,0.474,0.476,0.5,0.8,0.556,0.2,0.8,1.0,0.8,0.3,0.0,0.7,1.1,4.0,2014,Playoffs,9.5,0.489,0.073,0.22,2.1,9.7,5.9,15.6,1.5,0.0,15.1,23.2,-0.1,0.2,0.1,0.025,-3.2,-1.3,-4.5,-0.1
andre miller,39.0,SAS,PG,5.0,7.0,0.6,1.4,0.429,0.2,0.6,0.333,0.4,0.8,0.5,0.5,0.4,0.4,1.0,0.4,0.6,1.0,1.4,0.0,0.0,0.0,0.8,1.8,2016,Playoffs,15.8,0.571,0.429,0.286,7.0,9.3,8.3,27.8,0.0,0.0,0.0,10.5,0.1,0.0,0.2,0.231,1.7,1.0,2.7,0.0
andre roberson,22.0,OKC,SG,2.0,4.5,0.0,1.5,0.0,0.0,0.0,0.0,0.0,1.5,0.0,0.0,0.0,0.0,0.0,0.0,1.0,1.0,0.0,0.0,0.0,0.0,0.0,0.0,2014,Playoffs,-10.7,0.0,0.0,0.0,0.0,23.9,12.6,0.0,0.0,0.0,0.0,15.2,-0.1,0.0,-0.1,-0.313,-9.9,-5.2,-15.1,0.0
andre roberson,24.0,OKC,SG,18.0,26.2,2.2,4.8,0.465,0.7,2.1,0.324,1.6,2.7,0.571,0.535,0.4,1.1,0.4,1.4,4.2,5.6,0.8,1.3,1.1,0.6,2.5,5.6,2016,Playoffs,11.6,0.527,0.43,0.233,6.0,17.7,12.0,4.2,2.5,3.2,10.4,9.8,0.4,0.7,1.1,0.111,-0.5,3.2,2.7,0.6
andre roberson,25.0,OKC,SF,5.0,37.0,4.8,9.2,0.522,1.4,3.4,0.412,3.4,5.8,0.586,0.598,0.6,4.2,0.143,3.6,2.6,6.2,1.8,2.4,3.4,1.4,3.0,11.6,2017,Playoffs,16.2,0.525,0.37,0.457,9.9,8.0,9.0,7.2,3.2,8.8,11.2,14.4,0.1,0.2,0.3,0.08,1.1,3.1,4.2,0.3
andrei kirilenko,32.0,BRK,PF,10.0,14.4,0.7,1.5,0.467,0.0,0.0,0.0,0.7,1.5,0.467,0.467,1.1,1.7,0.647,1.0,1.3,2.3,1.0,1.0,0.3,0.3,1.1,2.5,2014,Playoffs,14.4,0.556,0.0,1.133,8.4,12.0,10.1,10.3,3.9,2.0,11.8,8.6,0.2,0.2,0.4,0.138,1.0,3.3,4.3,0.2
andrew bogut,30.0,GSW,C,19.0,23.2,2.2,3.9,0.56,0.0,0.1,0.0,2.2,3.9,0.568,0.56,0.3,0.7,0.385,2.2,5.9,8.1,1.9,0.6,1.8,1.4,3.6,4.7,2015,Playoffs,14.0,0.551,0.013,0.173,10.3,27.4,19.0,11.9,1.3,6.2,24.4,10.9,0.4,1.0,1.4,0.153,-2.0,3.8,1.8,0.4
andrew bogut,31.0,GSW,C,22.0,16.6,2.2,3.5,0.623,0.0,0.1,0.0,2.2,3.4,0.64,0.623,0.2,0.6,0.357,2.1,3.5,5.7,1.4,0.6,1.6,0.9,3.3,4.6,2016,Playoffs,18.2,0.607,0.026,0.182,14.1,22.8,18.5,12.2,1.9,7.7,18.6,12.3,0.7,0.7,1.5,0.194,-1.1,3.8,2.6,0.4
andrew bogut,34.0,GSW,C,19.0,9.4,1.3,1.9,0.649,0.0,0.0,0.0,1.3,1.9,0.649,0.649,0.2,0.3,0.8,1.2,2.7,3.9,1.1,0.3,0.3,0.5,2.0,2.7,2019,Playoffs,17.4,0.663,0.0,0.135,15.2,31.9,23.8,16.4,1.4,3.3,20.3,12.0,0.5,0.2,0.7,0.183,-1.0,2.8,1.8,0.2
andrew goudelock,27.0,HOU,PG,2.0,5.5,1.5,3.0,0.5,0.0,0.5,0.0,1.5,2.5,0.6,0.5,0.0,0.0,0.0,0.0,1.0,1.0,0.0,0.0,0.0,1.5,0.0,3.0,2016,Playoffs,0.2,0.5,0.167,0.0,0.0,20.4,9.6,0.0,0.0,0.0,33.3,33.7,-0.1,0.0,-0.1,-0.36,-7.5,-4.4,-12.0,0.0
andrew harrison,22.0,MEM,PG,6.0,19.8,2.2,4.8,0.448,0.8,2.2,0.385,1.3,2.7,0.5,0.534,1.3,1.5,0.889,0.7,1.2,1.8,2.2,0.5,0.2,0.5,2.3,6.5,2017,Playoffs,13.8,0.592,0.448,0.31,4.3,7.6,6.0,18.2,1.4,0.8,8.3,15.1,0.3,0.0,0.2,0.099,0.7,0.4,1.1,0.1
andrew nembhard,24.0,IND,PG,17.0,32.6,6.0,10.7,0.56,1.7,3.5,0.483,4.3,7.2,0.598,0.64,1.2,1.5,0.769,0.8,2.5,3.3,5.5,0.4,0.2,1.4,3.3,14.9,2024,Playoffs,16.6,0.654,0.33,0.143,3.0,8.7,5.9,23.0,0.6,0.7,10.6,17.7,1.6,0.0,1.6,0.135,1.5,-0.3,1.2,0.5
andrew wiggins,22.0,MIN,SF,5.0,32.8,6.0,13.6,0.441,1.4,4.2,0.333,4.6,9.4,0.489,0.493,2.4,4.0,0.6,1.0,4.2,5.2,2.0,0.4,0.4,1.8,2.8,15.8,2018,Playoffs,11.7,0.514,0.309,0.294,3.4,13.5,8.6,10.0,0.6,1.3,10.5,23.9,0.0,0.0,0.0,-0.012,-0.8,-1.0,-1.7,0.0
andrew wiggins,26.0,GSW,SF,22.0,34.9,6.5,13.9,0.469,1.6,4.8,0.333,4.9,9.1,0.54,0.526,1.9,3.0,0.646,2.5,5.0,7.5,1.8,1.0,1.0,1.4,2.5,16.5,2022,Playoffs,16.0,0.544,0.344,0.213,8.1,15.8,12.1,7.7,1.4,3.0,8.3,20.8,0.8,0.9,1.7,0.108,0.5,0.3,0.8,0.5
andrew wiggins,27.0,GSW,SF,13.0,34.0,6.4,13.9,0.459,1.5,4.9,0.297,4.9,9.0,0.547,0.511,2.5,3.6,0.681,1.8,3.8,5.6,1.9,0.8,1.2,1.3,3.5,16.7,2023,Playoffs,13.3,0.538,0.354,0.26,5.5,11.6,8.5,8.2,1.2,2.9,7.8,20.4,0.3,0.5,0.8,0.085,-1.3,0.4,-0.9,0.1
anfernee simons,19.0,POR,SG,5.0,2.4,0.0,1.4,0.0,0.0,0.4,0.0,0.0,1.0,0.0,0.0,0.8,1.0,0.8,0.0,0.0,0.0,0.0,0.2,0.0,0.0,0.4,0.8,2019,Playoffs,-9.2,0.217,0.286,0.714,0.0,0.0,0.0,0.0,4.2,0.0,0.0,33.4,-0.1,0.0,-0.1,-0.364,-14.2,-4.2,-18.5,-0.1
anfernee simons,20.0,POR,SG,4.0,20.5,2.0,6.5,0.308,1.5,3.5,0.429,0.5,3.0,0.167,0.423,1.3,1.5,0.833,0.3,2.5,2.8,2.5,1.5,0.0,1.0,1.8,6.8,2020,Playoffs,10.5,0.471,0.538,0.231,1.3,12.9,7.1,17.8,3.4,0.0,12.3,16.6,0.0,0.1,0.1,0.034,0.1,0.8,0.9,0.1
anfernee simons,21.0,POR,SG,6.0,17.8,2.3,4.2,0.56,1.8,3.0,0.611,0.5,1.2,0.429,0.78,0.0,0.0,0.0,0.5,2.2,2.7,0.8,0.3,0.2,0.2,1.0,6.5,2021,Playoffs,15.2,0.78,0.72,0.0,3.3,13.7,8.6,6.5,0.9,0.9,3.8,11.0,0.3,0.0,0.3,0.132,3.8,-0.2,3.6,0.2
ante a½ia¾ia,21.0,CLE,C,8.0,2.9,0.6,1.3,0.5,0.0,0.0,0.0,0.6,1.3,0.5,0.5,0.4,0.8,0.5,0.1,0.6,0.8,0.1,0.0,0.1,0.3,0.3,1.6,2018,Playoffs,14.9,0.514,0.0,0.6,5.1,26.5,15.5,8.0,0.0,4.0,13.7,29.5,0.0,0.0,0.0,-0.001,-2.2,-2.2,-4.4,0.0
anthony black,20.0,ORL,PG,2.0,5.5,1.5,3.5,0.429,0.0,1.0,0.0,1.5,2.5,0.6,0.429,0.0,0.0,0.0,0.5,0.5,1.0,1.0,0.5,0.0,0.5,0.5,3.0,2024,Playoffs,16.2,0.429,0.286,0.0,9.7,10.6,10.1,39.3,4.6,0.0,12.5,31.9,0.0,0.0,0.0,0.039,-4.1,3.0,-1.1,0.0
anthony davis,21.0,NOP,PF,4.0,43.0,11.8,21.8,0.54,0.0,0.5,0.0,11.8,21.3,0.553,0.54,8.0,9.0,0.889,2.3,8.8,11.0,2.0,1.3,3.0,3.3,3.0,31.5,2015,Playoffs,28.5,0.613,0.023,0.414,6.0,22.1,14.2,9.3,1.5,6.1,11.2,30.8,0.6,0.1,0.7,0.183,6.1,1.3,7.4,0.4
anthony davis,24.0,NOP,PF,9.0,39.8,11.8,22.7,0.52,0.7,2.4,0.273,11.1,20.2,0.549,0.534,5.9,7.1,0.828,2.7,10.8,13.4,1.7,2.0,2.3,2.6,3.3,30.1,2018,Playoffs,25.8,0.584,0.108,0.314,7.2,27.2,17.6,7.0,2.3,4.6,9.0,30.5,0.7,0.7,1.4,0.184,3.5,1.4,4.8,0.6
anthony davis,26.0,LAL,PF,21.0,36.6,9.8,17.1,0.571,1.1,2.9,0.383,8.7,14.2,0.609,0.603,7.1,8.5,0.832,2.6,7.1,9.7,3.5,1.2,1.4,2.5,2.7,27.7,2020,Playoffs,29.6,0.665,0.167,0.499,8.5,22.7,15.6,16.1,1.7,3.8,10.8,27.8,3.3,1.2,4.5,0.284,6.5,2.1,8.7,2.1
anthony davis,27.0,LAL,PF,5.0,28.8,5.0,12.4,0.403,0.4,2.2,0.182,4.6,10.2,0.451,0.419,7.0,8.4,0.833,1.4,5.2,6.6,2.6,0.6,1.6,1.2,1.8,17.4,2021,Playoffs,20.9,0.541,0.177,0.677,5.3,21.3,12.9,16.7,1.1,5.4,6.9,26.8,0.2,0.2,0.5,0.159,3.2,2.8,6.0,0.3
anthony davis,29.0,LAL,C,16.0,38.0,8.3,15.9,0.52,0.3,0.9,0.333,7.9,14.9,0.531,0.53,5.8,6.8,0.852,2.4,11.7,14.1,2.6,1.4,3.1,2.1,2.9,22.6,2023,Playoffs,24.0,0.599,0.059,0.425,7.0,30.9,19.7,10.7,1.8,7.4,10.1,24.2,1.1,1.4,2.6,0.202,2.8,3.0,5.7,1.2
anthony davis,30.0,LAL,C,5.0,41.6,11.8,18.6,0.634,0.0,1.0,0.0,11.8,17.6,0.67,0.634,4.2,5.2,0.808,3.0,12.6,15.6,4.0,0.4,1.6,2.2,3.8,27.8,2024,Playoffs,26.9,0.665,0.054,0.28,8.2,32.7,20.8,16.5,0.5,3.3,9.5,25.6,0.7,0.3,1.0,0.239,4.6,2.7,7.3,0.5
anthony edwards,20.0,MIN,SG,6.0,37.8,8.3,18.3,0.455,3.8,9.5,0.404,4.5,8.8,0.509,0.559,4.7,5.7,0.824,0.7,3.5,4.2,3.0,1.2,1.2,2.5,3.7,25.2,2022,Playoffs,17.8,0.604,0.518,0.309,2.1,9.8,6.1,14.8,1.4,2.6,10.7,26.4,0.3,0.2,0.5,0.102,3.2,0.2,3.5,0.3
anthony edwards,21.0,MIN,SG,5.0,39.8,11.0,22.8,0.482,3.0,8.6,0.349,8.0,14.2,0.563,0.548,6.6,7.8,0.846,0.6,4.4,5.0,5.2,1.8,2.0,1.6,2.6,31.6,2023,Playoffs,27.5,0.602,0.377,0.342,1.7,13.2,7.3,26.4,2.3,4.4,5.7,32.3,0.6,0.2,0.8,0.19,7.3,3.2,10.4,0.6
anthony edwards,22.0,MIN,SG,16.0,40.6,9.8,20.3,0.481,2.9,7.2,0.4,6.9,13.1,0.526,0.552,5.2,6.4,0.814,1.1,5.9,7.0,6.5,1.5,0.6,3.3,2.3,27.6,2024,Playoffs,22.5,0.598,0.355,0.315,3.3,17.1,10.2,28.3,1.9,1.3,12.4,29.5,1.5,0.8,2.3,0.172,4.6,2.1,6.7,1.4
anthony gill,28.0,WAS,PF,4.0,8.3,0.0,0.8,0.0,0.0,0.3,0.0,0.0,0.5,0.0,0.0,0.0,0.0,0.0,0.3,0.8,1.0,0.0,0.0,0.0,0.8,1.8,0.0,2021,Playoffs,-8.8,0.0,0.333,0.0,3.2,10.3,6.6,0.0,0.0,0.0,50.0,7.6,-0.1,0.0,-0.1,-0.209,-13.1,-4.0,-17.1,-0.1
anthony lamb,25.0,GSW,SF,6.0,5.2,0.3,0.8,0.4,0.2,0.7,0.25,0.2,0.2,1.0,0.5,0.0,0.0,0.0,0.2,0.8,1.0,0.0,0.2,0.2,0.3,0.5,0.8,2023,Playoffs,3.7,0.5,0.8,0.0,3.3,16.9,10.0,0.0,1.5,2.7,28.6,9.3,0.0,0.0,0.0,-0.01,-6.7,0.7,-6.0,0.0
anthony morrow,30.0,OKC,SG,14.0,5.4,0.8,1.7,0.458,0.4,1.0,0.357,0.4,0.7,0.6,0.563,0.7,0.7,1.0,0.0,0.1,0.1,0.1,0.1,0.0,0.3,0.4,2.6,2016,Playoffs,12.7,0.651,0.583,0.417,0.0,2.9,1.5,2.0,0.7,0.0,12.3,18.5,0.2,0.0,0.2,0.12,1.1,-0.2,0.9,0.1
anthony morrow,31.0,CHI,SG,3.0,9.7,1.7,3.0,0.556,0.0,0.0,0.0,1.7,3.0,0.556,0.556,0.7,0.7,1.0,0.0,1.0,1.0,0.7,0.0,0.0,0.0,0.7,4.0,2017,Playoffs,14.5,0.607,0.0,0.222,0.0,11.4,5.8,11.8,0.0,0.0,0.0,15.3,0.1,0.0,0.1,0.141,-1.3,-0.7,-2.0,0.0
anthony tolliver,28.0,CHA,PF,4.0,5.3,0.3,0.5,0.5,0.3,0.5,0.5,0.0,0.0,0.0,0.75,0.8,0.8,1.0,0.3,0.8,1.0,0.3,0.0,0.0,0.0,0.5,1.5,2014,Playoffs,15.6,0.904,1.0,1.5,5.8,18.7,12.0,7.3,0.0,0.0,0.0,7.5,0.1,0.0,0.1,0.228,2.1,1.6,3.7,0.0
anthony tolliver,30.0,DET,PF,3.0,8.7,0.7,1.3,0.5,0.0,0.7,0.0,0.7,0.7,1.0,0.5,0.0,0.0,0.0,0.3,1.0,1.3,0.3,0.0,0.3,0.0,0.0,1.3,2016,Playoffs,10.2,0.5,0.5,0.0,4.9,13.6,9.4,5.7,0.0,3.8,0.0,7.7,0.0,0.0,0.0,0.014,0.0,-0.5,-0.5,0.0
antonius cleveland,25.0,DAL,SG,2.0,4.5,1.0,2.5,0.4,0.0,0.0,0.0,1.0,2.5,0.4,0.4,0.0,0.0,0.0,0.5,0.0,0.5,0.0,0.5,0.0,0.0,0.5,2.0,2020,Playoffs,13.0,0.4,0.0,0.0,12.0,0.0,6.1,0.0,5.2,0.0,0.0,23.9,0.0,0.0,0.0,-0.05,-3.4,-3.1,-6.5,0.0
armoni brooks,23.0,TOR,PG,4.0,2.0,0.0,1.0,0.0,0.0,1.0,0.0,0.0,0.0,0.0,0.0,0.0,0.0,0.0,0.0,0.5,0.5,0.0,0.0,0.0,0.0,0.0,0.0,2022,Playoffs,-18.9,0.0,1.0,0.0,0.0,34.1,15.4,0.0,0.0,0.0,0.0,23.2,-0.1,0.0,-0.1,-0.577,-20.8,-9.5,-30.3,-0.1
aron baynes,27.0,SAS,C,14.0,7.2,0.9,1.7,0.5,0.0,0.1,0.0,0.9,1.6,0.522,0.5,0.6,0.7,0.8,0.9,1.4,2.2,0.0,0.2,0.0,0.5,1.1,2.3,2014,Playoffs,11.5,0.563,0.042,0.417,14.3,21.5,18.0,0.0,1.5,0.0,19.8,16.3,0.1,0.2,0.2,0.108,-3.3,-0.2,-3.5,0.0
aron baynes,28.0,SAS,C,4.0,10.0,0.8,2.5,0.3,0.0,0.0,0.0,0.8,2.5,0.3,0.3,0.8,0.8,1.0,0.8,1.8,2.5,0.3,0.0,0.0,0.8,2.3,2.3,2015,Playoffs,1.3,0.398,0.0,0.3,7.8,19.3,13.3,3.5,0.0,0.0,20.9,16.1,-0.1,0.0,0.0,-0.056,-8.6,-1.1,-9.7,-0.1
aron baynes,29.0,DET,C,4.0,11.0,1.0,2.3,0.444,0.0,0.0,0.0,1.0,2.3,0.444,0.444,0.5,0.8,0.667,0.8,1.3,2.0,0.5,0.0,0.0,0.8,1.0,2.5,2016,Playoffs,5.9,0.484,0.0,0.333,8.6,13.4,11.1,6.9,0.0,0.0,22.5,15.2,0.0,0.0,-0.1,-0.081,-4.7,-2.8,-7.4,-0.1
aron baynes,31.0,BOS,C,19.0,20.5,2.4,4.7,0.506,0.6,1.2,0.478,1.8,3.5,0.515,0.567,0.7,0.9,0.722,2.4,3.8,6.2,1.0,0.2,0.6,0.4,2.3,6.0,2018,Playoffs,15.6,0.588,0.258,0.202,13.0,22.0,17.4,7.7,0.5,2.5,7.6,12.4,0.9,0.5,1.4,0.174,0.0,0.6,0.7,0.3
aron baynes,32.0,BOS,C,9.0,12.8,0.9,1.6,0.571,0.2,0.7,0.333,0.7,0.9,0.75,0.643,0.1,0.2,0.5,0.7,2.1,2.8,0.3,0.3,0.2,0.6,2.2,2.1,2019,Playoffs,6.4,0.638,0.429,0.143,5.6,16.1,11.1,3.9,1.3,1.6,25.2,7.6,0.0,0.2,0.2,0.095,-4.4,2.1,-2.3,0.0
arron afflalo,29.0,POR,SG,3.0,20.0,0.7,4.0,0.167,0.3,1.3,0.25,0.3,2.7,0.125,0.208,0.0,0.3,0.0,0.0,2.3,2.3,0.7,0.0,0.0,1.0,2.0,1.7,2015,Playoffs,-5.0,0.201,0.333,0.083,0.0,12.8,6.3,5.0,0.0,0.0,19.4,11.8,-0.2,0.0,-0.2,-0.186,-8.8,-3.0,-11.8,-0.1
austin reaves,24.0,LAL,SG,16.0,36.2,5.6,12.1,0.464,2.4,5.5,0.443,3.2,6.6,0.481,0.564,3.2,3.6,0.895,1.3,3.2,4.4,4.6,0.6,0.2,1.6,2.4,16.9,2023,Playoffs,15.4,0.616,0.454,0.294,3.9,8.9,6.5,18.2,0.8,0.5,10.2,18.5,1.2,0.4,1.6,0.135,2.0,0.2,2.2,0.6
austin reaves,25.0,LAL,SG,5.0,34.8,6.0,12.6,0.476,1.4,5.2,0.269,4.6,7.4,0.622,0.532,3.4,3.8,0.895,1.0,2.8,3.8,3.6,1.4,0.6,0.8,1.6,16.8,2024,Playoffs,18.0,0.589,0.413,0.302,3.3,8.7,6.1,14.9,2.0,1.5,5.3,20.0,0.4,0.2,0.5,0.144,2.2,1.6,3.8,0.3
austin rivers,22.0,LAC,SG,14.0,17.9,3.3,7.5,0.438,0.9,2.5,0.371,2.4,5.0,0.471,0.5,0.9,1.4,0.632,0.4,1.3,1.7,1.1,0.7,0.3,0.9,2.0,8.4,2015,Playoffs,12.9,0.516,0.333,0.181,2.6,7.5,5.0,10.1,1.9,1.4,9.6,21.8,0.1,0.1,0.2,0.045,-0.2,-0.3,-0.4,0.1
austin rivers,23.0,LAC,SG,6.0,24.0,4.3,10.2,0.426,0.7,2.8,0.235,3.7,7.3,0.5,0.459,1.0,1.5,0.667,0.7,2.0,2.7,2.7,0.5,0.0,1.2,2.0,10.3,2016,Playoffs,12.4,0.477,0.279,0.148,2.8,8.2,5.5,18.7,1.1,0.0,9.7,22.3,0.0,0.1,0.1,0.037,-1.3,-0.4,-1.8,0.0
austin rivers,24.0,LAC,SG,3.0,30.0,3.0,8.7,0.346,1.3,4.3,0.308,1.7,4.3,0.385,0.423,0.7,0.7,1.0,0.3,2.3,2.7,0.7,0.3,0.3,1.7,2.0,8.0,2017,Playoffs,3.1,0.446,0.5,0.077,1.4,10.2,5.7,3.4,0.6,1.1,15.7,17.1,-0.2,0.1,-0.1,-0.062,-3.6,-1.2,-4.8,-0.1
austin rivers,26.0,HOU,SG,10.0,21.5,2.7,6.2,0.435,1.6,3.5,0.457,1.1,2.7,0.407,0.565,0.4,0.6,0.667,0.2,1.9,2.1,1.0,0.5,0.1,0.8,3.1,7.4,2019,Playoffs,8.4,0.572,0.565,0.097,1.1,9.7,5.5,7.2,1.2,0.4,11.0,15.0,0.1,0.2,0.3,0.069,-2.5,0.4,-2.0,0.0
austin rivers,27.0,HOU,SG,12.0,17.6,1.6,5.1,0.311,0.8,2.9,0.257,0.8,2.2,0.385,0.385,0.8,1.1,0.769,0.2,2.3,2.5,1.3,0.6,0.1,0.7,1.8,4.8,2020,Playoffs,5.4,0.427,0.574,0.213,1.0,15.6,7.9,11.1,1.6,0.5,10.7,15.9,-0.3,0.3,0.0,-0.001,-4.9,0.1,-4.8,-0.1
austin rivers,28.0,DEN,SG,10.0,30.5,3.0,6.9,0.435,1.9,4.6,0.413,1.1,2.3,0.478,0.572,1.3,1.6,0.813,0.1,1.6,1.7,2.1,0.2,0.3,0.9,3.2,9.2,2021,Playoffs,7.5,0.605,0.667,0.232,0.3,6.4,3.1,9.0,0.3,0.9,10.6,12.1,0.3,-0.1,0.1,0.022,-3.4,-1.0,-4.4,-0.2
austin rivers,29.0,DEN,SG,5.0,21.6,1.6,3.6,0.444,0.8,2.4,0.333,0.8,1.2,0.667,0.556,0.2,0.2,1.0,0.0,0.6,0.6,1.2,1.4,0.2,0.8,3.0,4.2,2022,Playoffs,6.1,0.569,0.667,0.056,0.0,3.5,1.7,7.4,3.2,1.0,17.8,9.0,0.0,0.0,0.0,0.003,-3.5,1.1,-2.4,0.0
austin rivers,30.0,MIN,SG,4.0,11.5,1.0,2.0,0.5,0.5,1.5,0.333,0.5,0.5,1.0,0.625,0.0,0.0,0.0,0.3,1.0,1.3,0.3,0.3,0.0,0.3,0.3,2.5,2023,Playoffs,7.8,0.625,0.75,0.0,2.5,10.4,6.3,3.2,1.1,0.0,11.1,9.0,0.0,0.0,0.0,0.024,-2.8,0.5,-2.2,0.0
avery bradley,24.0,BOS,SG,4.0,33.3,4.8,12.5,0.38,1.3,4.8,0.263,3.5,7.8,0.452,0.43,1.5,1.8,0.857,0.8,3.0,3.8,0.8,0.8,0.0,0.8,3.3,12.3,2015,Playoffs,8.2,0.462,0.38,0.14,2.4,10.1,6.2,3.9,1.2,0.0,5.3,18.8,0.0,0.0,0.0,-0.017,-2.3,-0.4,-2.6,0.0
avery bradley,26.0,BOS,SG,18.0,35.8,6.7,15.1,0.441,2.2,6.3,0.351,4.4,8.8,0.506,0.515,1.2,1.5,0.778,1.0,2.9,3.9,2.3,1.3,0.2,1.7,2.2,16.7,2017,Playoffs,12.0,0.53,0.419,0.099,3.2,10.0,6.4,10.4,1.8,0.4,9.8,22.1,-0.1,0.3,0.2,0.016,-0.5,-1.6,-2.1,0.0
axel toupane,28.0,MIL,SF,4.0,2.5,0.5,1.0,0.5,0.3,0.5,0.5,0.3,0.5,0.5,0.625,0.0,0.0,0.0,0.5,0.5,1.0,0.0,0.0,0.0,0.0,0.0,1.3,2021,Playoffs,22.7,0.625,0.5,0.0,21.0,21.9,21.4,0.0,0.0,0.0,0.0,17.1,0.0,0.0,0.1,0.241,5.9,-1.2,4.8,0.0
ayo dosunmu,22.0,CHI,SG,5.0,17.2,1.6,5.2,0.308,0.6,2.6,0.231,1.0,2.6,0.385,0.365,0.2,0.2,1.0,0.8,1.8,2.6,2.2,0.2,0.0,0.6,1.0,4.0,2022,Playoffs,6.0,0.378,0.5,0.038,4.3,11.4,7.6,19.2,0.6,0.0,10.2,15.0,-0.1,0.1,-0.1,-0.029,-3.9,-1.4,-5.3,-0.1
bam adebayo,20.0,MIA,C,5.0,15.4,1.4,3.0,0.467,0.0,0.2,0.0,1.4,2.8,0.5,0.467,0.6,2.8,0.214,1.8,2.2,4.0,0.0,0.0,0.4,0.4,1.6,3.4,2018,Playoffs,6.1,0.402,0.067,0.933,12.1,15.4,13.7,0.0,0.0,2.2,8.6,13.0,-0.1,0.0,-0.1,-0.036,-4.3,-4.5,-8.8,-0.1
bam adebayo,22.0,MIA,PF,19.0,36.2,6.5,11.6,0.564,0.0,0.1,0.0,6.5,11.5,0.566,0.564,4.7,6.1,0.783,2.5,7.8,10.3,4.4,1.0,0.8,2.5,3.1,17.8,2020,Playoffs,20.8,0.625,0.005,0.523,8.2,24.2,16.5,20.5,1.4,2.3,14.8,21.0,1.7,0.9,2.6,0.18,2.3,1.8,4.1,1.0
bam adebayo,23.0,MIA,C,4.0,34.0,6.5,14.3,0.456,0.0,0.0,0.0,6.5,14.3,0.456,0.456,2.5,3.3,0.769,3.5,5.8,9.3,4.3,1.3,0.5,2.8,2.8,15.5,2021,Playoffs,14.9,0.494,0.0,0.228,9.6,17.2,13.2,23.8,1.8,1.3,14.9,23.8,-0.1,0.1,0.0,0.011,0.4,0.5,0.9,0.1
bam adebayo,24.0,MIA,C,18.0,34.1,5.8,9.7,0.594,0.0,0.1,0.0,5.8,9.7,0.598,0.594,3.2,4.2,0.763,2.1,5.9,8.0,2.7,1.0,0.7,2.1,3.1,14.8,2022,Playoffs,17.9,0.638,0.006,0.434,6.9,21.3,13.8,12.6,1.5,2.3,15.4,17.9,1.2,1.0,2.2,0.169,0.9,2.0,2.9,0.8
bam adebayo,25.0,MIA,C,23.0,37.0,7.3,15.1,0.481,0.0,0.1,0.0,7.3,15.0,0.485,0.481,3.4,4.1,0.821,2.7,7.1,9.9,3.7,0.8,0.7,2.7,3.1,17.9,2023,Playoffs,15.8,0.53,0.009,0.274,8.3,22.5,15.3,15.9,1.1,1.8,13.8,23.8,0.3,1.1,1.4,0.077,-1.2,0.5,-0.7,0.3
bam adebayo,26.0,MIA,C,5.0,38.4,9.6,19.4,0.495,0.4,2.0,0.2,9.2,17.4,0.529,0.505,3.0,4.2,0.714,2.2,7.2,9.4,3.8,0.4,0.0,1.6,3.0,22.6,2024,Playoffs,18.2,0.532,0.103,0.216,6.5,22.7,14.4,20.1,0.6,0.0,7.0,29.1,0.1,0.1,0.2,0.047,1.7,0.4,2.1,0.2
ben mclemore,26.0,HOU,SF,11.0,11.8,1.4,3.6,0.375,1.3,3.3,0.389,0.1,0.4,0.25,0.55,0.0,0.0,0.0,0.2,0.8,1.0,0.5,0.4,0.0,0.3,0.7,4.0,2020,Playoffs,9.0,0.55,0.9,0.0,1.6,8.1,4.7,7.0,1.5,0.0,7.0,14.8,0.0,0.1,0.2,0.061,0.1,-0.7,-0.6,0.0
ben mclemore,27.0,LAL,SG,4.0,9.0,0.5,2.3,0.222,0.5,1.5,0.333,0.0,0.8,0.0,0.333,0.0,0.0,0.0,0.3,1.5,1.8,0.3,0.3,0.0,0.3,1.3,1.5,2021,Playoffs,1.0,0.333,0.667,0.0,3.0,19.7,11.0,4.2,1.4,0.0,10.0,12.4,-0.1,0.0,0.0,-0.039,-6.6,1.4,-5.2,0.0
ben sheppard,22.0,IND,SG,17.0,19.7,1.8,4.2,0.437,1.1,2.9,0.38,0.7,1.2,0.571,0.57,0.4,0.5,0.778,0.6,2.4,3.0,1.0,0.5,0.1,0.6,1.9,5.2,2024,Playoffs,8.3,0.587,0.704,0.127,3.6,14.1,8.9,6.1,1.2,0.3,12.8,11.6,0.2,0.1,0.3,0.042,-2.5,0.0,-2.5,0.0
ben simmons,21.0,PHI,PG,10.0,36.9,6.1,12.5,0.488,0.0,0.1,0.0,6.1,12.4,0.492,0.488,4.1,5.8,0.707,1.6,7.8,9.4,7.7,1.7,0.8,4.4,3.4,16.3,2018,Playoffs,16.6,0.541,0.008,0.464,4.6,22.9,13.6,33.0,2.3,2.0,22.6,22.1,0.2,0.6,0.8,0.103,0.3,1.8,2.1,0.4
ben simmons,22.0,PHI,PG,12.0,35.1,6.0,9.7,0.621,0.0,0.0,0.0,6.0,9.7,0.621,0.621,1.9,3.3,0.575,1.9,5.1,7.0,6.0,1.3,1.0,2.7,3.8,13.9,2019,Playoffs,18.0,0.625,0.0,0.345,6.2,14.9,10.8,26.3,1.7,2.6,19.3,16.7,0.8,0.6,1.4,0.156,1.6,2.0,3.7,0.6
ben simmons,24.0,PHI,PG,12.0,33.5,4.9,7.9,0.621,0.0,0.1,0.0,4.9,7.8,0.628,0.621,2.1,6.1,0.342,2.1,5.8,7.9,8.8,1.3,0.8,2.3,3.3,11.9,2021,Playoffs,18.1,0.562,0.011,0.768,7.1,18.5,13.0,35.7,1.8,2.0,17.5,16.5,0.7,0.7,1.4,0.173,1.5,2.8,4.3,0.6
beno udrih,31.0,MEM,SG,7.0,16.4,3.0,6.4,0.467,0.6,1.7,0.333,2.4,4.7,0.515,0.511,1.3,1.9,0.692,0.3,1.4,1.7,1.7,0.4,0.0,1.3,1.6,7.9,2014,Playoffs,13.2,0.542,0.267,0.289,1.9,10.2,5.8,19.3,1.4,0.0,15.1,23.9,0.0,0.1,0.1,0.034,-0.4,0.4,0.0,0.0
beno udrih,32.0,MEM,PG,10.0,17.5,3.1,7.3,0.425,0.4,1.6,0.25,2.7,5.7,0.474,0.452,1.0,1.2,0.833,0.4,1.6,2.0,2.1,0.5,0.0,0.4,1.6,7.6,2015,Playoffs,14.8,0.485,0.219,0.164,2.5,10.3,6.3,21.2,1.5,0.0,4.9,21.5,0.2,0.1,0.3,0.09,0.0,0.5,0.4,0.1
bernard james,28.0,DAL,C,2.0,4.0,0.0,0.0,0.0,0.0,0.0,0.0,0.0,0.0,0.0,0.0,0.0,0.0,0.0,0.5,0.0,0.5,0.0,0.5,0.0,0.0,0.0,0.0,2014,Playoffs,12.1,0.0,,,13.5,0.0,7.3,0.0,6.5,0.0,0.0,0.0,0.0,0.0,0.0,0.131,1.6,1.0,2.6,0.0
bismack biyombo,21.0,CHA,C,3.0,16.0,1.0,1.7,0.6,0.0,0.0,0.0,1.0,1.7,0.6,0.6,0.7,2.0,0.333,1.7,2.0,3.7,0.3,0.0,0.7,0.0,1.3,2.7,2014,Playoffs,11.2,0.524,0.0,1.2,12.6,16.3,14.4,3.3,0.0,3.7,0.0,7.6,0.1,0.0,0.1,0.103,-1.0,-0.6,-1.6,0.0
bismack biyombo,23.0,TOR,C,20.0,25.3,2.0,3.5,0.58,0.0,0.0,0.0,2.0,3.5,0.58,0.58,2.2,3.6,0.597,2.7,6.7,9.4,0.4,0.4,1.4,1.1,2.4,6.2,2016,Playoffs,15.9,0.611,0.0,1.043,11.9,33.8,22.2,2.5,0.8,4.7,17.3,11.1,0.8,0.8,1.5,0.146,0.3,1.2,1.5,0.4
bismack biyombo,29.0,PHO,C,9.0,9.6,1.2,1.9,0.647,0.0,0.0,0.0,1.2,1.9,0.647,0.647,0.3,0.7,0.5,0.9,1.2,2.1,0.6,0.1,0.2,0.7,1.4,2.8,2022,Playoffs,11.4,0.636,0.0,0.353,11.4,14.8,13.1,8.0,0.6,2.3,23.4,13.7,0.1,0.0,0.1,0.054,-2.8,0.5,-2.3,0.0
bismack biyombo,30.0,PHO,C,8.0,9.8,1.1,2.0,0.563,0.0,0.0,0.0,1.1,2.0,0.563,0.563,1.1,2.3,0.5,1.3,2.1,3.4,0.8,0.0,1.3,0.8,2.3,3.4,2023,Playoffs,15.4,0.564,0.0,1.125,15.3,24.9,20.2,9.8,0.0,10.6,20.1,16.9,0.1,0.1,0.1,0.088,-4.4,2.9,-1.5,0.0
blake griffin,24.0,LAC,PF,13.0,36.8,9.0,18.0,0.5,0.1,0.5,0.143,8.9,17.5,0.511,0.502,5.5,7.4,0.74,2.7,4.7,7.4,3.8,1.2,1.1,2.4,4.2,23.5,2014,Playoffs,21.7,0.554,0.03,0.41,8.1,15.2,11.5,18.2,1.7,2.5,10.1,27.9,1.1,0.3,1.4,0.143,3.9,0.5,4.4,0.8
blake griffin,25.0,LAC,PF,14.0,39.8,10.0,19.6,0.511,0.1,0.5,0.143,9.9,19.1,0.521,0.513,5.4,7.6,0.717,2.7,10.0,12.7,6.1,1.0,1.0,3.2,3.1,25.5,2015,Playoffs,24.8,0.557,0.026,0.387,7.3,26.1,16.8,27.3,1.2,2.2,12.3,28.5,1.5,0.6,2.1,0.179,5.5,1.1,6.6,1.2
blake griffin,26.0,LAC,PF,4.0,31.8,5.0,13.3,0.377,0.3,0.5,0.5,4.8,12.8,0.373,0.387,4.8,6.3,0.76,1.8,7.0,8.8,4.0,0.8,0.5,2.3,2.3,15.0,2016,Playoffs,16.5,0.469,0.038,0.472,5.5,21.7,13.6,20.4,1.2,1.3,12.3,25.6,0.0,0.2,0.2,0.074,0.9,0.9,1.8,0.1
blake griffin,27.0,LAC,PF,3.0,33.0,8.3,17.0,0.49,1.3,2.0,0.667,7.0,15.0,0.467,0.529,2.3,2.3,1.0,1.0,5.0,6.0,2.3,0.7,0.3,2.0,0.7,20.3,2017,Playoffs,20.1,0.564,0.118,0.137,3.8,19.8,11.6,14.0,1.1,1.0,10.0,29.2,0.1,0.1,0.2,0.092,4.8,-0.6,4.2,0.2
blake griffin,29.0,DET,PF,2.0,29.0,9.0,19.5,0.462,3.0,6.5,0.462,6.0,13.0,0.462,0.538,3.5,3.5,1.0,2.0,4.0,6.0,6.0,1.0,0.0,3.0,4.5,24.5,2019,Playoffs,25.3,0.582,0.333,0.179,6.1,16.1,10.4,43.9,1.6,0.0,12.5,34.9,0.1,0.0,0.1,0.082,9.5,0.4,10.0,0.2
blake griffin,31.0,BRK,PF,12.0,26.5,3.5,6.6,0.532,1.2,3.0,0.389,2.3,3.6,0.651,0.62,0.8,1.2,0.714,1.3,4.7,5.9,1.8,0.8,0.5,0.4,3.3,9.0,2021,Playoffs,14.6,0.634,0.456,0.177,5.4,18.6,12.3,9.3,1.6,1.7,5.5,12.9,0.7,0.5,1.2,0.181,0.9,1.6,2.4,0.4
blake griffin,32.0,BRK,C,2.0,12.5,1.0,3.5,0.286,1.0,2.5,0.4,0.0,1.0,0.0,0.429,1.0,1.0,1.0,1.0,1.0,2.0,2.0,0.5,0.5,0.5,1.5,4.0,2022,Playoffs,15.5,0.508,0.714,0.286,10.4,10.5,10.4,21.7,2.0,3.9,11.3,16.3,0.1,0.0,0.1,0.099,2.9,1.0,3.9,0.0
boban marjanovic,27.0,SAS,C,7.0,6.0,1.1,1.7,0.667,0.0,0.0,0.0,1.1,1.7,0.667,0.667,1.1,1.3,0.889,0.6,1.4,2.0,0.4,0.0,0.3,0.4,1.4,3.4,2016,Playoffs,25.3,0.752,0.0,0.75,11.7,25.9,19.3,11.6,0.0,3.7,15.8,21.0,0.2,0.1,0.3,0.336,0.3,2.5,2.8,0.1
boban marjanovic,30.0,PHI,C,11.0,9.5,2.2,3.6,0.6,0.0,0.3,0.0,2.2,3.4,0.649,0.6,1.5,1.7,0.842,1.2,2.1,3.3,1.0,0.2,0.3,1.3,1.6,5.8,2019,Playoffs,21.8,0.662,0.075,0.475,14.1,22.6,18.6,17.7,0.9,2.6,22.5,25.2,0.2,0.2,0.4,0.168,0.2,0.6,0.8,0.1
boban marjanovic,31.0,DAL,C,6.0,13.7,2.8,5.0,0.567,0.0,0.2,0.0,2.8,4.8,0.586,0.567,1.2,1.5,0.778,1.0,4.8,5.8,0.8,0.0,0.3,0.5,1.5,6.8,2020,Playoffs,19.8,0.604,0.033,0.3,7.9,39.1,23.3,9.3,0.0,2.1,8.1,19.4,0.2,0.0,0.2,0.11,1.9,-1.1,0.8,0.1
boban marjanovic,32.0,DAL,C,4.0,20.8,5.0,9.8,0.513,0.0,0.0,0.0,5.0,9.8,0.513,0.513,1.8,2.3,0.778,3.5,4.5,8.0,1.0,0.0,0.3,1.0,3.3,11.8,2021,Playoffs,20.4,0.547,0.0,0.231,18.6,26.6,22.4,8.4,0.0,1.3,8.5,25.7,0.2,0.0,0.2,0.102,1.8,-1.5,0.3,0.0
boban marjanovic,33.0,DAL,C,3.0,2.0,0.3,1.3,0.25,0.0,0.0,0.0,0.3,1.3,0.25,0.25,0.7,0.7,1.0,0.0,1.0,1.0,0.0,0.3,0.0,0.7,0.0,1.3,2022,Playoffs,5.4,0.41,0.0,0.5,0.0,59.8,29.4,0.0,8.6,0.0,29.1,54.3,-0.1,0.0,-0.1,-0.456,-15.9,-0.4,-16.3,0.0
bobby brown,32.0,HOU,PG,5.0,4.4,2.0,4.0,0.5,1.0,2.2,0.455,1.0,1.8,0.556,0.625,0.0,0.0,0.0,0.0,0.4,0.4,0.2,0.0,0.0,0.0,0.2,5.0,2017,Playoffs,31.7,0.625,0.55,0.0,0.0,9.6,4.9,14.4,0.0,0.0,0.0,39.9,0.1,0.0,0.1,0.158,12.0,-1.7,10.3,0.1
bobby portis,21.0,CHI,PF,6.0,20.2,2.8,5.5,0.515,1.0,2.2,0.462,1.8,3.3,0.55,0.606,0.0,0.0,0.0,0.8,5.2,6.0,1.2,0.5,0.5,1.0,1.7,6.7,2017,Playoffs,14.1,0.606,0.394,0.0,4.7,28.3,16.7,9.4,1.3,2.6,15.4,14.5,0.1,0.2,0.3,0.101,0.1,1.5,1.6,0.1
bobby portis,25.0,MIL,C,20.0,18.3,3.5,7.6,0.464,0.9,2.6,0.346,2.6,5.0,0.525,0.523,0.9,1.3,0.72,1.7,3.4,5.0,0.6,0.7,0.4,0.5,1.6,8.8,2021,Playoffs,17.1,0.543,0.344,0.166,9.5,20.0,14.6,4.8,1.9,1.7,5.3,20.0,0.5,0.7,1.2,0.159,0.9,0.0,1.0,0.3
bobby portis,26.0,MIL,C,12.0,24.8,4.0,9.6,0.417,1.2,3.9,0.298,2.8,5.7,0.5,0.478,1.4,1.8,0.773,2.1,7.9,10.0,0.8,0.4,0.3,1.3,2.2,10.6,2022,Playoffs,13.7,0.509,0.409,0.191,8.9,31.6,20.6,4.7,0.8,1.0,11.4,20.4,0.0,0.7,0.6,0.101,-0.2,-0.3,-0.5,0.1
bobby portis,27.0,MIL,PF,5.0,21.4,4.0,8.2,0.488,1.0,3.6,0.278,3.0,4.6,0.652,0.549,0.6,0.6,1.0,2.0,6.2,8.2,1.2,0.6,0.4,0.8,3.0,9.6,2023,Playoffs,16.2,0.567,0.439,0.073,10.1,34.1,21.6,7.9,1.3,1.6,8.6,18.2,0.1,0.1,0.2,0.103,-0.5,-0.3,-0.8,0.0
bobby portis,28.0,MIL,PF,6.0,31.2,7.3,15.2,0.484,0.5,2.0,0.25,6.8,13.2,0.519,0.5,1.3,2.2,0.615,2.7,8.7,11.3,1.0,0.5,0.2,1.5,2.2,16.5,2024,Playoffs,16.3,0.512,0.132,0.143,9.7,31.2,20.5,5.3,0.8,0.5,8.5,26.0,0.0,0.1,0.1,0.032,-1.6,-1.9,-3.4,-0.1
bogdan bogdanovic,28.0,ATL,SG,18.0,33.2,5.4,13.8,0.39,2.6,7.9,0.329,2.8,5.9,0.472,0.484,0.7,0.9,0.706,0.6,3.6,4.2,2.9,1.6,0.3,1.5,2.8,14.1,2021,Playoffs,10.9,0.493,0.574,0.068,2.0,11.6,6.8,13.4,2.4,0.7,9.5,21.0,-0.4,0.9,0.5,0.037,-0.1,0.5,0.4,0.4
bogdan bogdanovic,29.0,ATL,SG,4.0,26.8,5.0,12.3,0.408,2.3,6.5,0.346,2.8,5.8,0.478,0.5,2.0,2.5,0.8,1.0,3.8,4.8,3.0,0.3,0.3,1.0,3.0,14.3,2022,Playoffs,15.6,0.534,0.531,0.204,4.4,17.3,10.7,21.2,0.5,1.0,7.0,24.7,0.2,0.0,0.2,0.09,1.6,-0.5,1.1,0.1
bogdan bogdanovic,30.0,ATL,SG,6.0,26.2,5.0,9.0,0.556,2.5,5.5,0.455,2.5,3.5,0.714,0.694,0.8,1.2,0.714,0.3,2.7,3.0,2.5,1.0,0.8,0.5,2.7,13.3,2023,Playoffs,19.1,0.701,0.611,0.13,1.3,12.1,6.2,13.2,1.8,3.0,5.0,15.7,0.5,0.0,0.5,0.165,3.3,2.7,6.0,0.3
bojan bogdanovic,25.0,BRK,SF,6.0,34.3,3.8,9.8,0.39,1.8,5.5,0.333,2.0,4.3,0.462,0.483,0.8,1.2,0.714,0.5,3.3,3.8,1.7,0.7,0.3,1.3,2.0,10.3,2015,Playoffs,8.3,0.499,0.559,0.119,1.6,10.5,6.0,7.7,1.0,0.9,11.4,15.6,0.0,0.1,0.1,0.015,-1.3,-0.7,-2.0,0.0
bojan bogdanovic,27.0,WAS,SF,13.0,20.3,2.8,6.7,0.414,1.2,3.5,0.356,1.5,3.2,0.476,0.506,2.1,2.5,0.844,0.8,3.5,4.3,0.7,0.5,0.1,0.6,1.3,8.8,2017,Playoffs,13.6,0.569,0.517,0.368,4.4,20.2,12.3,4.9,1.1,0.3,7.3,17.8,0.4,0.2,0.6,0.113,1.3,-1.3,0.0,0.1
bojan bogdanovic,28.0,IND,SF,7.0,34.0,4.6,11.6,0.395,2.4,6.4,0.378,2.1,5.1,0.417,0.5,0.9,1.4,0.6,0.1,3.3,3.4,1.9,0.9,0.0,1.9,3.3,12.4,2018,Playoffs,7.5,0.509,0.556,0.123,0.5,11.3,6.1,8.2,1.3,0.0,13.2,19.5,-0.2,0.3,0.1,0.023,-2.7,-0.5,-3.2,-0.1
bojan bogdanovic,29.0,IND,SF,4.0,37.0,6.3,15.8,0.397,1.8,5.5,0.318,4.5,10.3,0.439,0.452,3.8,4.3,0.882,0.8,5.0,5.8,2.8,2.0,0.0,1.5,1.8,18.0,2019,Playoffs,15.2,0.511,0.349,0.27,2.0,16.3,8.5,14.1,2.7,0.0,7.8,23.9,0.0,0.3,0.2,0.079,0.4,1.4,1.9,0.1
bojan bogdanovic,31.0,UTA,SF,11.0,35.5,5.8,12.5,0.467,3.2,6.9,0.461,2.6,5.5,0.475,0.595,3.3,3.7,0.878,0.5,3.7,4.3,1.5,0.9,0.0,2.1,2.5,18.1,2021,Playoffs,13.8,0.642,0.555,0.299,1.9,11.7,7.0,6.2,1.3,0.0,12.9,20.2,0.6,0.0,0.5,0.067,1.1,-0.6,0.5,0.2
bojan bogdanovic,32.0,UTA,PF,6.0,35.7,6.5,13.5,0.481,1.8,5.5,0.333,4.7,8.0,0.583,0.549,3.2,4.0,0.792,0.5,3.7,4.2,1.7,0.3,0.0,2.0,4.0,18.0,2022,Playoffs,13.1,0.59,0.407,0.296,1.6,11.9,6.8,8.5,0.5,0.0,11.6,22.7,0.2,0.0,0.3,0.057,0.2,-0.7,-0.5,0.1
bojan bogdanovic,34.0,NYK,SF,4.0,12.8,1.8,6.0,0.292,1.5,3.8,0.4,0.3,2.3,0.111,0.417,1.0,1.8,0.571,0.3,2.8,3.0,1.0,0.0,0.3,0.3,0.8,6.0,2024,Playoffs,10.3,0.443,0.625,0.292,2.2,26.3,13.8,11.5,0.0,1.8,3.6,24.3,0.0,0.0,0.0,0.006,-0.5,-1.0,-1.5,0.0
bol bol,20.0,DEN,PF,4.0,5.3,1.3,2.3,0.556,0.5,0.8,0.667,0.8,1.5,0.5,0.667,1.8,2.0,0.875,0.8,0.5,1.3,0.0,0.5,0.5,0.5,0.3,4.8,2020,Playoffs,42.6,0.759,0.333,0.889,17.1,11.3,14.2,0.0,4.9,9.3,13.8,31.5,0.1,0.0,0.2,0.379,13.6,4.0,17.6,0.1
bol bol,21.0,DEN,PF,3.0,2.0,0.0,0.3,0.0,0.0,0.3,0.0,0.0,0.0,0.0,0.0,0.0,0.0,0.0,0.0,0.3,0.3,0.7,0.0,0.0,0.0,0.0,0.0,2021,Playoffs,5.7,0.0,1.0,0.0,0.0,20.4,9.4,38.8,0.0,0.0,0.0,7.3,0.0,0.0,0.0,-0.042,-0.5,3.3,2.8,0.0
bol bol,24.0,PHO,PF,3.0,4.3,0.3,1.0,0.333,0.0,0.0,0.0,0.3,1.0,0.333,0.333,0.0,0.0,0.0,0.0,1.3,1.3,0.0,0.3,0.0,0.0,0.7,0.7,2024,Playoffs,5.6,0.333,0.0,0.0,0.0,37.9,18.8,0.0,3.9,0.0,0.0,10.8,0.0,0.0,0.0,-0.044,-5.6,-1.2,-6.8,0.0
bones hyland,21.0,DEN,SG,5.0,17.4,2.6,7.2,0.361,1.6,4.6,0.348,1.0,2.6,0.385,0.472,2.4,2.8,0.857,0.2,1.8,2.0,3.2,0.2,0.0,1.2,2.4,9.2,2022,Playoffs,13.6,0.546,0.639,0.389,1.4,13.2,7.1,27.4,0.6,0.0,12.5,24.1,0.2,-0.1,0.1,0.058,0.9,-2.1,-1.1,0.0
bones hyland,22.0,LAC,PG,5.0,16.4,3.0,8.8,0.341,1.0,4.0,0.25,2.0,4.8,0.417,0.398,1.6,2.0,0.8,0.2,0.6,0.8,0.8,0.8,0.2,0.8,1.8,8.6,2023,Playoffs,8.0,0.444,0.455,0.227,1.3,4.5,2.8,7.3,2.4,0.9,7.6,26.9,-0.1,0.0,-0.1,-0.086,-4.7,-2.2,-6.8,-0.1
bones hyland,23.0,LAC,PG,3.0,4.0,1.0,2.3,0.429,0.3,1.7,0.2,0.7,0.7,1.0,0.5,1.3,1.3,1.0,0.0,0.7,0.7,1.3,0.0,0.0,0.3,0.0,3.7,2024,Playoffs,34.0,0.628,0.714,0.571,0.0,18.7,9.5,67.6,0.0,0.0,10.2,37.1,0.1,0.0,0.1,0.346,14.0,2.4,16.3,0.1
boris diaw,31.0,SAS,PF,23.0,26.3,3.5,7.0,0.5,0.8,2.0,0.4,2.7,5.0,0.539,0.556,1.4,2.1,0.688,1.1,3.7,4.8,3.4,0.6,0.1,1.3,1.9,9.2,2014,Playoffs,15.3,0.582,0.281,0.3,5.0,16.3,10.8,18.7,1.2,0.4,13.8,16.2,1.1,0.8,2.0,0.155,1.9,1.9,3.8,0.9
boris diaw,32.0,SAS,PF,7.0,28.3,4.9,10.1,0.479,0.6,2.6,0.222,4.3,7.6,0.566,0.507,1.3,1.9,0.692,1.9,4.3,6.1,3.6,0.7,0.4,1.3,3.4,11.6,2015,Playoffs,16.5,0.528,0.254,0.183,6.8,16.7,11.6,20.6,1.3,1.2,10.5,19.4,0.4,0.2,0.5,0.127,0.9,2.2,3.1,0.3
boris diaw,33.0,SAS,PF,9.0,17.7,2.3,5.1,0.457,0.2,0.7,0.333,2.1,4.4,0.475,0.478,0.3,0.4,0.75,0.2,1.9,2.1,2.3,0.2,0.4,0.7,1.0,5.2,2016,Playoffs,12.0,0.492,0.13,0.087,1.5,11.6,6.9,19.6,0.7,2.0,11.2,15.7,0.1,0.2,0.3,0.083,-0.5,0.7,0.1,0.1
boris diaw,34.0,UTA,PF,11.0,18.5,2.2,4.4,0.5,0.5,1.3,0.429,1.6,3.1,0.529,0.563,0.8,0.9,0.9,0.3,1.6,1.9,2.0,0.6,0.4,1.3,1.1,5.7,2017,Playoffs,11.9,0.601,0.292,0.208,1.8,10.7,6.2,17.4,1.8,1.8,21.1,15.6,0.1,0.2,0.3,0.061,-0.1,1.8,1.7,0.2
brad wanamaker,29.0,BOS,PG,4.0,4.3,0.8,1.8,0.429,0.3,0.3,1.0,0.5,1.5,0.333,0.5,0.8,1.0,0.75,0.0,0.0,0.0,0.8,0.5,0.0,0.5,0.0,2.5,2019,Playoffs,20.1,0.571,0.143,0.571,0.0,0.0,0.0,31.1,5.7,0.0,18.6,28.0,0.0,0.0,0.0,0.118,2.7,1.5,4.2,0.0
brad wanamaker,30.0,BOS,PG,17.0,16.1,1.7,3.5,0.483,0.7,1.6,0.444,1.0,1.9,0.515,0.583,0.8,0.9,0.875,0.1,1.9,2.0,1.8,0.7,0.2,1.1,1.9,4.9,2020,Playoffs,11.1,0.626,0.45,0.267,0.9,12.7,7.0,16.1,2.2,1.5,21.2,13.9,0.2,0.5,0.6,0.111,-1.7,2.9,1.2,0.2
bradley beal,20.0,WAS,SG,11.0,41.6,6.8,16.1,0.424,2.0,4.8,0.415,4.8,11.3,0.427,0.486,3.5,4.5,0.796,1.4,3.6,5.0,4.5,1.6,0.6,2.1,2.8,19.2,2014,Playoffs,17.0,0.531,0.299,0.277,3.8,10.2,7.0,19.9,2.1,1.2,10.4,22.9,0.6,0.8,1.4,0.152,3.3,1.4,4.7,0.8
bradley beal,21.0,WAS,SG,10.0,41.8,8.1,20.0,0.405,2.3,6.3,0.365,5.8,13.7,0.423,0.463,4.9,5.9,0.831,1.4,4.1,5.5,4.6,1.6,0.7,2.6,1.9,23.4,2015,Playoffs,17.9,0.518,0.315,0.295,3.8,10.3,7.1,19.1,1.9,1.3,10.3,26.7,0.7,0.6,1.2,0.14,1.7,1.3,3.0,0.5
bradley beal,23.0,WAS,SG,13.0,38.8,9.4,19.9,0.471,2.2,7.8,0.287,7.2,12.2,0.589,0.527,3.8,4.7,0.82,1.2,2.2,3.4,2.7,1.6,0.6,2.1,2.9,24.8,2017,Playoffs,18.0,0.565,0.39,0.236,3.4,6.7,5.0,11.8,2.1,1.4,8.6,26.7,0.8,0.4,1.2,0.112,3.3,-0.8,2.5,0.6
bradley beal,24.0,WAS,SG,6.0,36.0,8.2,18.0,0.454,3.5,7.5,0.467,4.7,10.5,0.444,0.551,3.3,3.8,0.87,0.3,3.0,3.3,2.8,1.2,0.3,2.5,3.2,23.2,2018,Playoffs,17.0,0.588,0.417,0.213,1.1,9.9,5.5,13.1,1.6,0.8,11.3,27.2,0.3,0.1,0.4,0.078,3.1,-0.6,2.5,0.2
bradley beal,27.0,WAS,SG,5.0,39.0,11.2,24.6,0.455,1.4,6.4,0.219,9.8,18.2,0.538,0.484,6.2,7.2,0.861,1.2,5.0,6.2,4.2,0.8,0.6,4.0,1.2,30.0,2021,Playoffs,17.5,0.54,0.26,0.293,3.2,14.5,8.7,19.3,1.0,1.2,12.6,34.1,-0.1,0.0,0.0,-0.01,3.9,-2.3,1.6,0.2
bradley beal,30.0,PHO,SG,4.0,38.5,6.5,14.8,0.441,2.5,5.8,0.435,4.0,9.0,0.444,0.525,1.0,1.3,0.8,1.5,1.3,2.8,4.5,0.8,0.3,3.3,3.8,16.5,2024,Playoffs,9.9,0.539,0.39,0.085,4.7,4.0,4.4,20.7,1.0,0.6,17.5,22.6,-0.1,-0.2,-0.3,-0.078,-0.3,-3.5,-3.8,-0.1
brandan wright,26.0,DAL,C,6.0,15.0,2.5,3.0,0.833,0.0,0.0,0.0,2.5,3.0,0.833,0.833,0.5,1.0,0.5,0.8,1.2,2.0,1.3,0.3,1.0,0.3,1.3,5.5,2014,Playoffs,22.1,0.799,0.0,0.333,6.0,9.9,7.8,13.7,1.2,5.4,8.8,11.3,0.4,0.1,0.4,0.225,4.5,4.2,8.7,0.2
brandan wright,29.0,MEM,PF,2.0,6.0,1.0,2.5,0.4,0.0,0.0,0.0,1.0,2.5,0.4,0.4,0.0,0.0,0.0,0.5,0.5,1.0,0.0,0.0,1.0,0.5,0.0,2.0,2017,Playoffs,11.4,0.4,0.0,0.0,10.8,10.8,10.8,0.0,0.0,15.3,16.7,25.1,0.0,0.0,0.0,-0.151,-2.2,-0.7,-2.9,0.0
brandon bass,29.0,BOS,PF,4.0,21.5,1.8,5.0,0.35,0.0,0.0,0.0,1.8,5.0,0.35,0.35,1.5,2.5,0.6,0.8,1.3,2.0,2.5,0.3,0.8,0.8,1.0,5.0,2015,Playoffs,9.0,0.41,0.0,0.5,3.7,6.5,5.1,18.1,0.6,3.4,10.9,14.2,0.0,0.0,0.0,-0.022,-0.4,0.8,0.4,0.1
brandon boston,22.0,LAC,SF,3.0,3.3,0.7,1.3,0.5,0.0,0.0,0.0,0.7,1.3,0.5,0.5,0.3,0.7,0.5,0.3,0.3,0.7,0.3,0.0,0.0,0.0,0.7,1.7,2024,Playoffs,16.0,0.512,0.0,0.5,11.6,11.2,11.4,18.4,0.0,0.0,0.0,22.3,0.0,0.0,0.0,0.121,-0.7,-0.1,-0.8,0.0
brandon clarke,24.0,MEM,PF,2.0,4.5,0.5,1.0,0.5,0.0,0.0,0.0,0.5,1.0,0.5,0.5,0.0,0.0,0.0,0.0,0.5,0.5,0.0,0.0,0.5,0.0,0.0,1.0,2021,Playoffs,9.9,0.5,0.0,0.0,0.0,13.4,6.1,0.0,0.0,11.9,0.0,9.4,0.0,0.0,0.0,-0.001,-2.9,0.3,-2.6,0.0
brandon clarke,25.0,MEM,PF,12.0,24.7,4.7,7.6,0.615,0.0,0.1,0.0,4.7,7.5,0.622,0.615,3.0,4.5,0.667,3.1,3.8,6.9,2.0,0.8,0.8,1.0,1.9,12.3,2022,Playoffs,22.4,0.645,0.011,0.593,12.5,17.3,14.8,12.7,1.4,3.3,9.5,17.5,1.0,0.4,1.4,0.226,3.5,1.4,4.8,0.5
brandon ingram,24.0,NOP,SF,6.0,39.3,9.3,19.7,0.475,1.8,4.5,0.407,7.5,15.2,0.495,0.521,6.5,7.8,0.83,0.7,5.5,6.2,6.2,0.7,0.3,3.8,1.8,27.0,2022,Playoffs,21.3,0.584,0.229,0.398,1.9,17.7,9.3,27.3,0.9,0.7,14.2,29.5,0.6,0.0,0.6,0.12,4.5,-0.5,3.9,0.4
brandon ingram,26.0,NOP,SF,4.0,36.3,4.8,13.8,0.345,0.5,2.0,0.25,4.3,11.8,0.362,0.364,4.3,4.8,0.895,0.3,4.3,4.5,3.3,1.0,1.3,2.3,2.0,14.3,2024,Playoffs,9.1,0.45,0.145,0.345,0.7,13.8,6.7,15.8,1.4,3.5,12.4,21.9,-0.2,0.2,-0.1,-0.017,-1.9,0.7,-1.3,0.0
brandon jennings,27.0,WAS,PG,13.0,13.7,1.1,2.8,0.389,0.2,1.0,0.154,0.9,1.8,0.522,0.417,0.5,0.6,0.875,0.4,1.1,1.5,1.8,0.2,0.0,0.6,1.0,2.8,2017,Playoffs,6.9,0.468,0.361,0.222,3.2,9.1,6.2,18.0,0.6,0.0,16.8,11.5,0.0,0.1,0.1,0.025,-3.7,-2.3,-6.0,-0.2
brandon rush,29.0,GSW,SG,3.0,2.3,0.3,2.0,0.167,0.3,0.7,0.5,0.0,1.3,0.0,0.25,0.0,0.0,0.0,0.3,0.7,1.0,0.0,0.0,0.0,0.0,0.7,1.0,2015,Playoffs,-4.5,0.25,0.333,0.0,15.8,30.8,23.4,0.0,0.0,0.0,0.0,38.4,0.0,0.0,0.0,-0.223,-11.4,-6.3,-17.7,0.0
brandon rush,30.0,GSW,SG,14.0,7.9,0.6,1.4,0.45,0.3,0.9,0.333,0.4,0.6,0.625,0.55,0.1,0.1,0.5,0.0,1.6,1.6,0.2,0.1,0.1,0.1,0.6,1.6,2016,Playoffs,7.8,0.551,0.6,0.1,0.0,22.3,11.3,3.8,0.9,1.5,8.7,9.1,0.0,0.1,0.2,0.073,-2.8,0.7,-2.1,0.0
brian roberts,30.0,POR,PG,10.0,3.6,0.2,0.9,0.222,0.0,0.4,0.0,0.2,0.5,0.4,0.222,0.4,0.6,0.667,0.1,0.0,0.1,0.3,0.0,0.0,0.1,0.5,0.8,2016,Playoffs,1.1,0.344,0.444,0.667,2.8,0.0,1.4,11.7,0.0,0.0,7.9,15.0,0.0,0.0,-0.1,-0.075,-7.4,-4.7,-12.1,-0.1
briante weber,23.0,MIA,PG,2.0,3.0,0.0,0.5,0.0,0.0,0.0,0.0,0.0,0.5,0.0,0.0,0.0,0.0,0.0,0.0,0.0,0.0,0.5,0.5,0.0,0.0,0.5,0.0,2016,Playoffs,5.4,0.0,0.0,0.0,0.0,0.0,0.0,22.2,8.9,0.0,0.0,7.9,0.0,0.0,0.0,0.024,-6.2,9.6,3.4,0.0
brook lopez,26.0,BRK,C,6.0,39.0,7.2,14.5,0.494,0.0,0.0,0.0,7.2,14.5,0.494,0.494,5.5,6.7,0.825,3.3,5.7,9.0,0.8,0.7,2.2,1.0,3.0,19.8,2015,Playoffs,21.0,0.569,0.0,0.46,9.2,15.8,12.5,3.8,0.9,4.9,5.4,21.6,0.7,0.2,0.9,0.182,2.5,-0.2,2.4,0.3
brook lopez,30.0,MIL,C,15.0,29.2,4.1,8.9,0.455,1.5,5.0,0.293,2.6,3.9,0.661,0.537,1.6,1.9,0.828,0.8,4.7,5.5,1.4,0.4,1.9,0.7,3.1,11.2,2019,Playoffs,13.9,0.572,0.56,0.216,2.9,15.5,9.4,7.1,0.7,5.8,6.4,15.4,0.5,0.8,1.4,0.151,0.0,2.4,2.4,0.5
brook lopez,31.0,MIL,C,10.0,32.8,6.1,11.4,0.535,2.1,5.3,0.396,4.0,6.1,0.656,0.627,1.5,2.0,0.75,1.9,3.6,5.5,0.5,1.0,1.3,1.2,2.7,15.8,2020,Playoffs,17.1,0.643,0.465,0.175,6.1,12.0,9.0,2.4,1.5,4.3,8.9,17.7,0.6,0.5,1.0,0.149,1.8,1.4,3.2,0.4
brook lopez,32.0,MIL,C,23.0,29.0,5.2,9.4,0.548,1.0,3.1,0.319,4.2,6.3,0.662,0.601,1.6,1.9,0.86,2.1,3.8,5.9,0.3,0.7,1.5,1.1,2.1,13.0,2021,Playoffs,16.9,0.632,0.332,0.198,7.6,14.3,10.9,1.3,1.3,4.7,9.6,16.8,1.1,1.3,2.4,0.17,0.6,1.5,2.1,0.7
brook lopez,33.0,MIL,C,12.0,27.7,4.2,8.5,0.49,0.5,2.3,0.214,3.7,6.2,0.595,0.52,1.8,1.9,0.913,2.3,3.7,5.9,0.7,0.5,1.5,0.9,2.8,10.6,2022,Playoffs,15.0,0.566,0.275,0.225,8.6,13.1,11.0,3.7,0.9,5.5,8.9,16.1,0.4,0.7,1.1,0.159,-0.4,1.4,1.0,0.2
brook lopez,34.0,MIL,C,5.0,36.4,7.8,13.4,0.582,1.4,3.4,0.412,6.4,10.0,0.64,0.634,2.0,2.6,0.769,2.8,3.6,6.4,1.2,1.4,1.8,2.2,2.0,19.0,2023,Playoffs,18.4,0.653,0.254,0.194,8.3,11.6,9.9,4.8,1.8,4.4,13.1,19.4,0.3,0.1,0.4,0.113,1.0,0.4,1.4,0.2
brook lopez,35.0,MIL,C,6.0,33.3,7.3,12.5,0.587,1.7,3.8,0.435,5.7,8.7,0.654,0.653,1.3,2.5,0.533,1.8,2.5,4.3,1.8,0.0,1.3,1.5,1.7,17.7,2024,Playoffs,18.2,0.65,0.307,0.2,6.2,8.4,7.3,8.9,0.0,3.9,9.9,20.8,0.4,0.0,0.4,0.106,1.6,-0.2,1.4,0.2
bruce brown,22.0,DET,SG,4.0,14.3,1.3,3.5,0.357,0.3,1.3,0.2,1.0,2.3,0.444,0.393,0.5,0.5,1.0,0.3,1.8,2.0,0.5,0.5,0.3,0.5,2.0,3.3,2019,Playoffs,4.6,0.437,0.357,0.143,1.6,14.3,7.1,5.1,1.7,1.6,11.8,12.5,-0.1,0.0,-0.1,-0.067,-6.2,-0.3,-6.4,-0.1
bruce brown,24.0,BRK,PG,12.0,23.1,3.3,6.6,0.506,0.2,0.9,0.182,3.2,5.7,0.559,0.519,1.1,1.3,0.813,1.9,3.2,5.1,2.1,0.7,0.4,0.9,2.6,7.9,2021,Playoffs,14.0,0.552,0.139,0.203,9.6,14.5,12.2,13.0,1.4,1.6,11.3,15.9,0.4,0.4,0.8,0.137,-0.3,1.0,0.7,0.2
bruce brown,25.0,BRK,SF,4.0,34.8,5.3,9.3,0.568,1.5,3.5,0.429,3.8,5.8,0.652,0.649,2.0,2.5,0.8,1.5,3.3,4.8,2.8,1.3,0.8,2.3,4.0,14.0,2022,Playoffs,15.4,0.676,0.378,0.27,5.6,12.3,8.9,11.9,1.8,2.1,17.9,16.6,0.3,0.0,0.2,0.078,2.1,0.3,2.4,0.2
bruce brown,26.0,DEN,SF,20.0,26.5,4.5,8.8,0.511,0.9,2.9,0.316,3.6,6.0,0.605,0.563,2.1,2.5,0.857,0.8,3.3,4.0,1.9,1.1,0.5,1.2,2.5,12.0,2023,Playoffs,15.5,0.607,0.324,0.278,3.4,13.8,8.8,10.2,2.0,1.5,10.4,18.7,0.8,0.7,1.6,0.141,-0.3,1.4,1.1,0.4
bruno caboclo,24.0,HOU,C,2.0,3.5,0.5,1.0,0.5,0.0,0.5,0.0,0.5,0.5,1.0,0.5,0.0,0.0,0.0,0.0,1.5,1.5,0.0,0.5,0.0,0.0,1.0,1.0,2020,Playoffs,13.4,0.5,0.5,0.0,0.0,50.3,23.9,0.0,7.0,0.0,0.0,12.8,0.0,0.0,0.0,0.157,-4.7,4.6,-0.1,0.0
bruno fernando,22.0,ATL,C,6.0,2.0,0.3,0.5,0.667,0.0,0.0,0.0,0.3,0.5,0.667,0.667,0.3,0.3,1.0,0.2,0.0,0.2,0.0,0.0,0.0,0.0,0.0,1.0,2021,Playoffs,20.2,0.773,0.0,0.667,9.2,0.0,4.5,0.0,0.0,0.0,0.0,14.3,0.1,0.0,0.1,0.248,5.7,-1.7,4.0,0.0
bryn forbes,23.0,SAS,SG,6.0,12.2,1.0,3.5,0.286,0.3,1.5,0.222,0.7,2.0,0.333,0.333,1.0,1.0,1.0,0.0,1.0,1.0,0.5,0.0,0.2,0.3,0.8,3.3,2017,Playoffs,3.8,0.423,0.429,0.286,0.0,9.9,4.7,5.6,0.0,1.4,7.8,15.5,-0.1,0.0,0.0,-0.026,-6.1,-2.6,-8.7,-0.1
bryn forbes,24.0,SAS,SG,4.0,13.5,1.3,4.3,0.294,0.5,2.3,0.222,0.8,2.0,0.375,0.353,1.3,1.8,0.714,0.3,0.5,0.8,0.5,0.0,0.0,0.0,0.8,4.3,2018,Playoffs,5.5,0.423,0.529,0.412,2.0,4.5,3.1,5.9,0.0,0.0,0.0,17.0,0.0,0.0,0.0,-0.039,-3.2,-3.3,-6.5,-0.1
bryn forbes,25.0,SAS,SG,7.0,30.3,3.9,8.0,0.482,2.1,4.4,0.484,1.7,3.6,0.48,0.616,0.9,1.3,0.667,0.1,3.4,3.6,1.0,0.1,0.1,0.4,2.0,10.7,2019,Playoffs,11.5,0.625,0.554,0.161,0.5,12.1,6.3,4.8,0.2,0.4,4.8,13.8,0.3,0.0,0.4,0.08,-0.2,-0.6,-0.8,0.1
bryn forbes,27.0,MIL,SG,20.0,13.7,2.3,5.6,0.411,1.7,4.5,0.371,0.7,1.2,0.565,0.558,0.3,0.4,0.75,0.1,1.3,1.4,0.3,0.1,0.1,0.4,0.8,6.6,2021,Playoffs,10.5,0.567,0.795,0.071,0.8,10.4,5.5,3.1,0.4,0.7,5.7,19.2,0.2,0.3,0.5,0.093,-0.1,-0.6,-0.7,0.1
bryn forbes,28.0,DEN,SG,5.0,15.2,1.2,3.0,0.4,0.8,2.2,0.364,0.4,0.8,0.5,0.533,0.8,1.0,0.8,0.2,0.4,0.6,1.4,0.2,0.0,0.4,1.4,4.0,2022,Playoffs,7.8,0.581,0.733,0.333,1.6,3.4,2.4,12.4,0.7,0.0,10.4,11.0,0.1,-0.1,0.0,0.028,-0.8,-1.9,-2.8,0.0
buddy hield,31.0,PHI,SG,4.0,12.8,1.8,4.3,0.412,1.5,3.3,0.462,0.3,1.0,0.25,0.588,0.5,0.5,1.0,0.5,0.8,1.3,0.5,0.0,0.3,0.5,1.0,5.5,2024,Playoffs,11.4,0.615,0.765,0.118,4.6,6.4,5.5,6.3,0.0,1.7,10.1,18.0,0.1,0.0,0.1,0.058,1.5,-2.8,-1.3,0.0
caleb houstan,21.0,ORL,SF,3.0,4.7,0.3,0.7,0.5,0.3,0.7,0.5,0.0,0.0,0.0,0.75,0.0,0.0,0.0,0.3,0.3,0.7,0.0,0.0,0.0,0.0,0.0,1.0,2024,Playoffs,9.9,0.75,1.0,0.0,7.6,8.3,8.0,0.0,0.0,0.0,0.0,6.3,0.0,0.0,0.1,0.173,1.4,0.6,1.9,0.0
caleb martin,26.0,MIA,SF,17.0,12.3,1.9,4.7,0.4,0.6,1.9,0.303,1.3,2.8,0.468,0.463,0.1,0.4,0.333,0.7,1.5,2.2,0.3,0.6,0.1,0.6,1.0,4.5,2022,Playoffs,9.3,0.46,0.413,0.075,6.5,14.6,10.4,3.7,2.4,1.0,10.8,19.7,-0.3,0.3,0.1,0.016,-2.4,0.1,-2.3,0.0
caleb martin,27.0,MIA,SF,23.0,30.2,4.7,9.0,0.529,1.9,4.5,0.423,2.8,4.4,0.637,0.636,1.3,1.5,0.829,1.2,4.3,5.4,1.6,0.9,0.4,1.0,2.4,12.7,2023,Playoffs,15.3,0.657,0.505,0.17,4.4,16.4,10.3,7.8,1.5,1.3,9.8,15.9,1.2,0.8,2.0,0.14,0.6,1.7,2.3,0.8
caleb martin,28.0,MIA,SF,5.0,35.2,4.2,9.0,0.467,2.2,5.0,0.44,2.0,4.0,0.5,0.589,1.0,1.0,1.0,1.0,2.6,3.6,1.4,0.6,0.0,0.6,2.8,11.6,2024,Playoffs,10.6,0.614,0.556,0.111,3.2,9.0,6.0,6.4,0.9,0.0,6.0,14.0,0.2,0.0,0.2,0.059,-1.2,0.3,-0.9,0.0
cam reddish,21.0,ATL,SF,4.0,23.0,4.8,9.0,0.528,2.3,3.5,0.643,2.5,5.5,0.455,0.653,1.0,1.3,0.8,0.3,3.3,3.5,1.8,1.5,0.5,1.3,2.8,12.8,2021,Playoffs,19.2,0.668,0.389,0.139,1.2,15.3,8.3,12.6,3.2,1.9,11.6,20.8,0.2,0.2,0.3,0.173,2.6,3.9,6.5,0.2
cam thomas,21.0,BRK,SG,2.0,8.0,1.5,3.5,0.429,0.0,1.0,0.0,1.5,2.5,0.6,0.429,0.0,0.0,0.0,0.0,0.5,0.5,0.5,0.0,0.0,0.5,1.0,3.0,2023,Playoffs,1.9,0.429,0.286,0.0,0.0,7.1,3.6,12.0,0.0,0.0,12.5,24.6,-0.1,0.0,-0.1,-0.182,-9.2,-4.0,-13.2,0.0
cameron johnson,24.0,PHO,PF,21.0,21.1,2.6,5.2,0.5,1.6,3.5,0.446,1.0,1.7,0.611,0.65,1.4,1.5,0.906,0.8,2.4,3.1,0.8,0.9,0.2,0.7,1.3,8.2,2021,Playoffs,14.8,0.693,0.673,0.291,4.3,11.9,8.3,5.0,2.2,0.8,10.8,14.3,0.8,0.7,1.5,0.163,2.4,1.9,4.3,0.7
cameron johnson,25.0,PHO,PF,13.0,24.6,3.5,7.6,0.465,1.7,4.5,0.373,1.8,3.1,0.6,0.576,2.0,2.5,0.813,0.7,2.8,3.5,1.5,0.4,0.1,0.9,2.4,10.8,2022,Playoffs,13.8,0.619,0.596,0.323,3.4,13.3,8.5,8.8,0.8,0.3,9.6,18.0,0.6,0.0,0.6,0.094,0.9,-0.5,0.4,0.2
cameron johnson,26.0,BRK,PF,4.0,38.0,7.0,13.8,0.509,3.0,7.0,0.429,4.0,6.8,0.593,0.618,1.5,1.8,0.857,0.8,5.0,5.8,2.8,0.8,0.3,1.3,2.5,18.5,2023,Playoffs,16.4,0.637,0.509,0.127,2.3,14.9,8.7,13.8,1.1,0.6,7.9,20.4,0.2,0.1,0.3,0.105,2.2,1.0,3.2,0.2
cameron payne,21.0,OKC,PG,10.0,6.4,0.7,2.6,0.269,0.2,1.0,0.2,0.5,1.6,0.313,0.308,0.2,0.4,0.5,0.0,0.4,0.4,0.8,0.2,0.2,0.8,0.7,1.8,2016,Playoffs,-0.6,0.324,0.385,0.154,0.0,6.9,3.5,18.2,1.6,2.5,22.4,24.3,-0.3,0.1,-0.3,-0.189,-7.6,-3.6,-11.1,-0.1
cameron payne,26.0,PHO,PG,22.0,19.0,3.7,8.8,0.425,1.1,3.1,0.362,2.6,5.6,0.46,0.49,0.7,0.8,0.889,0.3,2.2,2.5,3.2,0.8,0.5,1.1,1.8,9.3,2021,Playoffs,15.1,0.51,0.358,0.093,1.7,12.3,7.3,25.5,2.1,2.4,10.7,24.6,0.0,0.7,0.7,0.078,1.1,1.1,2.2,0.4
cameron payne,27.0,PHO,PG,13.0,13.2,1.7,5.7,0.297,0.4,2.3,0.167,1.3,3.4,0.386,0.331,0.4,0.5,0.833,0.2,1.4,1.5,2.1,0.5,0.1,1.0,1.9,4.2,2022,Playoffs,3.4,0.352,0.405,0.081,1.4,12.1,6.9,21.5,2.1,0.6,14.5,24.0,-0.6,0.1,-0.5,-0.134,-7.2,-1.8,-9.0,-0.3
cameron payne,28.0,PHO,PG,7.0,21.7,3.3,6.9,0.479,1.6,3.9,0.407,1.7,3.0,0.571,0.594,0.0,0.4,0.0,0.0,2.0,2.0,2.9,0.4,0.3,1.3,2.1,8.1,2023,Playoffs,10.3,0.578,0.563,0.063,0.0,10.5,5.4,17.6,1.0,1.1,15.4,16.9,0.0,0.0,0.1,0.017,-1.3,-0.4,-1.7,0.0
cameron payne,29.0,PHI,PG,5.0,12.2,2.0,5.0,0.4,1.6,3.6,0.444,0.4,1.4,0.286,0.56,0.0,0.0,0.0,0.0,1.2,1.2,1.4,0.2,0.8,0.6,2.0,5.6,2024,Playoffs,12.7,0.56,0.72,0.0,0.0,10.7,5.5,19.3,0.9,5.6,10.7,21.1,0.0,0.0,0.1,0.059,0.7,0.9,1.6,0.1
caris levert,24.0,BRK,SF,5.0,28.8,7.2,14.6,0.493,2.4,5.2,0.462,4.8,9.4,0.511,0.575,4.2,5.8,0.724,1.2,3.4,4.6,3.0,1.0,0.4,2.0,1.6,21.0,2019,Playoffs,23.1,0.612,0.356,0.397,4.0,13.2,8.2,18.9,1.6,1.0,10.4,27.1,0.4,0.0,0.4,0.133,4.9,0.9,5.7,0.3
caris levert,25.0,BRK,SG,4.0,35.0,6.8,18.3,0.37,2.3,5.3,0.429,4.5,13.0,0.346,0.432,4.5,6.3,0.72,2.0,4.0,6.0,9.5,1.3,0.3,3.3,1.8,20.3,2020,Playoffs,17.1,0.482,0.288,0.342,5.4,12.4,8.6,48.3,1.7,0.7,13.4,28.5,0.0,0.0,0.0,0.0,3.2,-0.7,2.6,0.2
caris levert,28.0,CLE,SG,5.0,34.0,5.4,12.6,0.429,2.6,7.2,0.361,2.8,5.4,0.519,0.532,1.6,2.6,0.615,0.8,3.8,4.6,2.6,0.4,0.2,1.0,2.0,15.0,2023,Playoffs,12.4,0.546,0.571,0.206,2.9,12.5,7.9,13.3,0.6,0.5,6.8,20.3,0.1,0.2,0.3,0.092,1.2,0.8,2.1,0.2
caris levert,29.0,CLE,SG,11.0,25.3,4.0,9.3,0.431,0.5,3.0,0.182,3.5,6.3,0.551,0.461,1.5,2.4,0.654,0.7,2.9,3.6,2.3,0.8,0.5,1.3,1.3,10.1,2024,Playoffs,11.9,0.489,0.324,0.255,3.3,13.1,8.3,14.5,1.7,2.2,11.0,21.4,-0.2,0.3,0.1,0.019,-1.7,0.7,-1.0,0.1
carlos boozer,32.0,CHI,PF,5.0,24.2,4.0,9.4,0.426,0.0,0.0,0.0,4.0,9.4,0.426,0.426,1.6,1.8,0.889,1.6,6.2,7.8,1.0,0.2,0.0,1.4,2.6,9.6,2014,Playoffs,11.7,0.471,0.0,0.191,7.4,30.6,18.6,8.1,0.5,0.0,12.1,23.0,-0.1,0.2,0.1,0.035,-2.7,-0.7,-3.4,0.0
carmelo anthony,33.0,OKC,PF,6.0,32.3,4.5,12.0,0.375,1.0,4.7,0.214,3.5,7.3,0.477,0.417,1.8,2.5,0.733,0.5,5.2,5.7,0.3,1.7,0.7,1.0,2.3,11.8,2018,Playoffs,9.7,0.452,0.389,0.208,1.7,16.7,9.3,1.6,2.5,1.9,7.1,19.1,-0.2,0.3,0.1,0.018,-2.0,-0.1,-2.2,0.0
carmelo anthony,35.0,POR,PF,5.0,35.2,5.6,13.6,0.412,1.6,3.8,0.421,4.0,9.8,0.408,0.471,2.4,2.8,0.857,0.2,4.8,5.0,2.0,1.0,0.4,2.6,4.0,15.2,2020,Playoffs,8.4,0.512,0.279,0.206,0.6,14.4,7.5,9.1,1.3,1.0,14.9,20.6,-0.2,0.1,-0.1,-0.021,-2.3,-0.7,-2.9,0.0
carmelo anthony,36.0,POR,PF,6.0,23.8,4.2,10.0,0.417,2.3,6.2,0.378,1.8,3.8,0.478,0.533,1.7,1.8,0.909,0.3,2.8,3.2,1.5,0.3,0.2,1.2,2.5,12.3,2021,Playoffs,12.2,0.571,0.617,0.183,1.7,13.4,7.7,9.4,0.7,0.6,9.7,22.7,0.1,0.0,0.1,0.023,0.3,-2.1,-1.8,0.0
caron butler,33.0,OKC,SF,18.0,23.3,1.9,6.0,0.324,1.2,3.3,0.356,0.8,2.7,0.286,0.421,1.2,1.6,0.786,0.6,2.6,3.2,0.8,0.3,0.1,0.6,1.8,6.3,2014,Playoffs,6.8,0.47,0.546,0.259,3.1,12.1,7.8,5.4,0.6,0.4,8.4,14.3,0.0,0.2,0.3,0.03,-1.7,-1.0,-2.7,-0.1
carsen edwards,22.0,BOS,SG,2.0,2.5,1.0,1.5,0.667,0.5,1.0,0.5,0.5,0.5,1.0,0.833,0.0,0.0,0.0,0.0,0.5,0.5,0.0,0.0,0.0,0.0,0.0,2.5,2021,Playoffs,34.9,0.833,0.667,0.0,0.0,24.5,11.6,0.0,0.0,0.0,0.0,25.4,0.0,0.0,0.0,0.186,12.6,0.6,13.2,0.0
cartier martin,29.0,ATL,SF,3.0,5.0,0.7,1.0,0.667,0.0,0.0,0.0,0.7,1.0,0.667,0.667,0.0,0.0,0.0,0.3,0.7,1.0,0.0,0.7,0.0,0.3,0.7,1.3,2014,Playoffs,15.0,0.667,0.0,0.0,7.2,16.2,11.4,0.0,7.1,0.0,25.0,12.4,0.0,0.0,0.0,0.146,-1.2,5.4,4.1,0.0
cason wallace,20.0,OKC,SG,10.0,19.8,1.6,4.1,0.39,0.9,2.8,0.321,0.7,1.3,0.538,0.5,0.1,0.2,0.5,0.7,0.6,1.3,1.0,0.9,0.2,0.4,1.4,4.2,2024,Playoffs,7.6,0.501,0.683,0.049,4.1,3.2,3.6,6.8,2.3,1.0,8.7,10.6,0.0,0.3,0.3,0.082,-2.9,1.5,-1.4,0.0
cedi osman,22.0,CLE,SF,14.0,4.4,0.4,1.3,0.333,0.1,0.5,0.143,0.4,0.8,0.455,0.361,0.1,0.3,0.25,0.1,0.4,0.5,0.2,0.2,0.0,0.0,0.4,1.0,2018,Playoffs,5.6,0.354,0.389,0.222,1.9,11.8,6.7,7.3,2.5,0.0,0.0,14.7,-0.1,0.0,0.0,-0.02,-3.6,-1.1,-4.6,0.0
cedi osman,27.0,CLE,SF,5.0,18.6,1.8,5.0,0.36,1.2,4.0,0.3,0.6,1.0,0.6,0.48,1.2,1.8,0.667,0.2,2.8,3.0,1.0,0.4,0.2,1.0,2.4,6.0,2023,Playoffs,6.7,0.518,0.8,0.36,1.3,16.8,9.4,8.4,1.1,1.0,14.7,17.1,-0.1,0.1,0.1,0.038,-4.1,1.4,-2.8,0.0
chandler hutchison,24.0,WAS,SF,2.0,9.0,1.0,2.5,0.4,0.0,0.0,0.0,1.0,2.5,0.4,0.4,1.0,1.0,1.0,0.0,1.5,1.5,0.5,0.0,0.0,0.5,0.5,3.0,2021,Playoffs,6.3,0.51,0.0,0.4,0.0,18.9,9.1,7.6,0.0,0.0,14.5,16.0,0.0,0.0,0.0,-0.04,-3.7,-0.2,-3.9,0.0
chandler parsons,25.0,HOU,SF,6.0,41.7,7.7,17.5,0.438,2.2,6.0,0.361,5.5,11.5,0.478,0.5,1.8,2.5,0.733,1.0,5.8,6.8,2.3,0.7,0.3,0.8,3.2,19.3,2014,Playoffs,14.8,0.52,0.343,0.143,2.6,15.8,9.0,9.0,0.8,0.6,4.3,19.9,0.5,0.0,0.5,0.104,1.7,-0.2,1.4,0.2
channing frye,32.0,CLE,C,17.0,13.9,2.4,4.1,0.594,1.5,2.7,0.565,0.9,1.4,0.652,0.783,0.4,0.4,0.857,0.3,2.1,2.4,0.3,0.4,0.5,0.3,2.2,6.7,2016,Playoffs,20.5,0.791,0.667,0.101,2.5,17.7,10.2,3.4,1.3,3.7,6.5,15.0,0.9,0.3,1.2,0.247,4.1,2.2,6.3,0.5
channing frye,33.0,CLE,C,12.0,12.8,2.6,5.0,0.517,1.7,3.3,0.513,0.9,1.8,0.524,0.683,0.5,0.6,0.857,0.0,1.8,1.8,1.1,0.3,0.3,0.2,0.9,7.3,2017,Playoffs,21.3,0.698,0.65,0.117,0.0,15.8,8.3,13.0,1.0,2.2,3.1,18.8,0.6,0.1,0.7,0.23,6.3,1.0,7.3,0.4
charles bassey,21.0,PHI,C,3.0,4.0,0.3,0.7,0.5,0.0,0.0,0.0,0.3,0.7,0.5,0.5,0.0,0.3,0.0,0.3,1.3,1.7,0.3,0.0,0.3,0.0,0.3,0.7,2022,Playoffs,14.6,0.41,0.0,0.5,10.7,39.0,25.5,12.5,0.0,7.7,0.0,9.6,0.0,0.0,0.0,0.13,0.2,1.6,1.8,0.0
charlie villanueva,30.0,DAL,PF,5.0,8.6,2.2,5.0,0.44,1.6,3.8,0.421,0.6,1.2,0.5,0.6,0.0,0.0,0.0,0.8,1.8,2.6,0.6,0.2,0.2,0.0,2.0,6.0,2015,Playoffs,24.6,0.6,0.76,0.0,9.2,22.3,15.5,11.4,1.1,1.9,0.0,23.8,0.2,0.0,0.2,0.259,8.1,0.1,8.2,0.1
charlie villanueva,31.0,DAL,PF,4.0,5.0,0.8,3.0,0.25,0.3,1.3,0.2,0.5,1.8,0.286,0.292,0.5,0.5,1.0,0.0,0.5,0.5,0.3,0.0,0.0,0.3,0.5,2.3,2016,Playoffs,0.5,0.349,0.417,0.167,0.0,12.2,5.8,8.5,0.0,0.0,7.2,32.1,-0.1,0.0,-0.1,-0.287,-4.5,-3.5,-8.0,0.0
cheick diallo,21.0,NOP,PF,7.0,6.9,0.7,1.7,0.417,0.0,0.0,0.0,0.7,1.7,0.417,0.417,0.0,0.0,0.0,0.6,0.7,1.3,0.0,0.1,0.1,0.1,1.3,1.4,2018,Playoffs,4.7,0.417,0.0,0.0,9.0,10.5,9.7,0.0,1.0,1.7,7.7,11.6,0.0,0.0,0.0,0.014,-6.4,-2.2,-8.5,-0.1
chet holmgren,21.0,OKC,C,10.0,34.5,5.9,11.9,0.496,1.3,5.0,0.26,4.6,6.9,0.667,0.55,2.5,3.3,0.758,1.4,5.8,7.2,2.1,0.7,2.5,1.9,2.6,15.6,2024,Playoffs,16.4,0.584,0.42,0.277,4.7,17.9,11.5,9.4,1.0,6.8,12.5,20.2,0.2,0.8,1.0,0.14,-0.3,2.5,2.1,0.4
chimezie metu,25.0,SAC,PF,3.0,2.0,0.0,0.3,0.0,0.0,0.0,0.0,0.0,0.3,0.0,0.0,0.7,1.0,0.667,0.3,0.0,0.3,0.0,0.0,0.0,0.3,0.0,0.7,2023,Playoffs,2.1,0.431,0.0,3.0,16.5,0.0,8.5,0.0,0.0,0.0,30.1,21.9,0.0,0.0,0.0,-0.161,-7.2,-5.6,-12.7,0.0
chris andersen,35.0,MIA,C,18.0,17.6,1.8,3.2,0.579,0.0,0.1,0.0,1.8,3.1,0.589,0.579,1.4,2.1,0.684,1.4,4.5,5.9,0.3,0.3,1.0,0.5,1.9,5.1,2014,Playoffs,17.7,0.624,0.018,0.667,11.3,32.9,22.5,2.5,0.9,5.3,10.9,13.3,0.7,0.5,1.2,0.175,1.0,0.1,1.2,0.3
chris andersen,37.0,MEM,C,4.0,19.8,1.3,3.0,0.417,0.0,0.0,0.0,1.3,3.0,0.417,0.417,1.3,2.0,0.625,3.3,4.5,7.8,0.8,0.5,0.8,1.3,1.0,3.8,2016,Playoffs,14.7,0.483,0.0,0.667,16.5,31.0,22.7,6.3,1.4,3.3,24.4,11.9,0.0,0.0,0.0,0.021,-0.3,-1.0,-1.3,0.0
chris bosh,29.0,MIA,C,20.0,34.3,5.8,11.5,0.507,1.5,3.7,0.405,4.3,7.8,0.555,0.572,1.8,2.4,0.75,1.2,4.4,5.6,1.1,0.9,1.0,0.7,2.6,14.9,2014,Playoffs,18.2,0.596,0.323,0.21,4.8,16.5,10.9,5.4,1.4,2.7,5.3,19.7,1.4,0.6,2.0,0.14,2.9,-0.8,2.1,0.7
chris boucher,26.0,TOR,PF,2.0,2.0,1.0,2.5,0.4,0.5,1.5,0.333,0.5,1.0,0.5,0.5,0.0,0.5,0.0,0.0,0.5,0.5,0.0,0.0,0.5,0.0,0.0,2.5,2019,Playoffs,31.5,0.46,0.6,0.2,0.0,27.6,13.8,0.0,0.0,24.5,0.0,61.8,0.0,0.0,0.0,-0.104,7.6,-0.6,7.0,0.0
chris boucher,27.0,TOR,C,7.0,6.1,0.4,1.6,0.273,0.3,0.7,0.4,0.1,0.9,0.167,0.364,0.0,0.1,0.0,0.4,1.3,1.7,0.1,0.0,0.3,0.1,0.7,1.1,2020,Playoffs,4.3,0.35,0.455,0.091,7.4,23.1,15.0,3.2,0.0,5.0,8.0,12.8,-0.1,0.1,0.0,0.013,-5.0,-2.2,-7.2,-0.1
chris boucher,29.0,TOR,SF,6.0,21.7,4.3,7.0,0.619,1.0,2.5,0.4,3.3,4.5,0.741,0.69,1.5,1.7,0.9,2.0,3.8,5.8,0.2,0.2,1.2,0.3,2.2,11.2,2022,Playoffs,24.5,0.722,0.357,0.238,10.4,24.1,16.6,1.3,0.4,5.9,4.1,17.3,0.5,0.0,0.6,0.209,4.8,0.4,5.3,0.2
chris chiozza,24.0,BRK,PG,4.0,16.3,2.0,6.0,0.333,1.3,4.0,0.313,0.8,2.0,0.375,0.438,0.5,1.0,0.5,0.3,1.3,1.5,4.3,1.3,0.0,0.8,1.8,5.8,2020,Playoffs,13.0,0.446,0.667,0.167,1.4,8.3,4.7,41.4,3.6,0.0,10.4,18.2,0.0,0.0,0.0,0.016,-0.2,1.5,1.3,0.1
chris chiozza,25.0,BRK,PG,6.0,3.2,0.3,1.2,0.286,0.2,0.5,0.333,0.2,0.7,0.25,0.357,0.0,0.0,0.0,0.0,0.2,0.2,0.2,0.2,0.0,0.2,0.3,0.8,2021,Playoffs,0.7,0.357,0.429,0.0,0.0,5.6,2.9,7.2,2.6,0.0,12.5,19.1,-0.1,0.0,0.0,-0.106,-7.5,-0.6,-8.1,0.0
chris clemons,22.0,HOU,SG,2.0,4.0,1.0,2.5,0.4,1.0,2.5,0.4,0.0,0.0,0.0,0.6,0.5,1.0,0.5,0.0,1.0,1.0,0.0,0.0,0.0,0.0,0.0,3.5,2020,Playoffs,22.8,0.595,1.0,0.4,0.0,29.3,13.9,0.0,0.0,0.0,0.0,32.9,0.0,0.0,0.0,0.121,11.0,0.6,11.6,0.0
chris copeland,29.0,IND,SF,12.0,6.8,1.0,2.3,0.429,0.5,1.3,0.375,0.5,1.0,0.5,0.536,0.5,0.8,0.667,0.1,0.3,0.4,0.1,0.3,0.3,0.4,1.1,3.0,2014,Playoffs,10.6,0.563,0.571,0.321,1.5,5.8,3.7,2.2,2.0,3.4,13.5,22.0,0.0,0.1,0.1,0.055,-1.2,-1.1,-2.3,0.0
chris douglasroberts,27.0,CHA,SF,4.0,17.5,2.8,4.0,0.688,1.0,2.0,0.5,1.8,2.0,0.875,0.813,3.0,3.5,0.857,0.5,1.5,2.0,0.5,0.0,0.0,1.0,2.8,9.5,2014,Playoffs,18.9,0.857,0.5,0.875,3.5,11.2,7.2,5.2,0.0,0.0,15.3,17.8,0.3,0.0,0.3,0.211,1.8,1.2,3.1,0.1
chris kaman,32.0,POR,C,3.0,12.3,1.3,2.7,0.5,0.0,0.0,0.0,1.3,2.7,0.5,0.5,0.3,0.3,1.0,1.7,3.0,4.7,1.0,0.0,0.0,1.0,1.7,3.0,2015,Playoffs,11.7,0.533,0.0,0.125,14.4,26.7,20.5,13.8,0.0,0.0,26.2,14.2,0.0,0.0,0.0,0.056,-0.7,-1.0,-1.7,0.0
chris kaman,33.0,POR,C,4.0,8.0,1.8,4.5,0.389,0.0,0.0,0.0,1.8,4.5,0.389,0.389,0.0,0.0,0.0,0.5,1.5,2.0,0.3,0.5,0.0,1.5,2.5,3.5,2016,Playoffs,-1.2,0.389,0.0,0.0,6.3,19.8,12.8,5.7,3.1,0.0,25.0,32.0,-0.2,0.0,-0.2,-0.26,-13.6,-0.5,-14.1,-0.1
chris livingston,20.0,MIL,SF,2.0,3.0,0.5,0.5,1.0,0.0,0.0,0.0,0.5,0.5,1.0,1.0,0.0,1.5,0.0,0.0,0.0,0.0,0.0,0.0,0.0,0.0,0.0,1.0,2024,Playoffs,3.3,0.431,0.0,3.0,0.0,0.0,0.0,0.0,0.0,0.0,0.0,17.8,0.0,0.0,0.0,-0.179,-4.9,-4.3,-9.3,0.0
chris paul,28.0,LAC,PG,13.0,36.3,7.1,15.2,0.467,2.5,5.4,0.457,4.6,9.8,0.472,0.548,3.2,4.1,0.774,0.9,3.3,4.2,10.3,2.8,0.0,3.0,3.8,19.8,2014,Playoffs,23.6,0.583,0.355,0.269,2.8,10.8,6.7,45.4,3.9,0.0,15.0,23.9,1.5,0.5,1.9,0.195,6.4,2.4,8.8,1.3
chris paul,29.0,LAC,PG,12.0,37.1,7.9,15.8,0.503,2.3,5.4,0.415,5.7,10.3,0.548,0.574,4.0,4.3,0.941,0.6,3.8,4.4,8.8,1.8,0.3,2.2,3.1,22.1,2015,Playoffs,25.7,0.627,0.344,0.27,1.7,10.7,6.3,39.1,2.4,0.6,11.0,23.2,2.0,0.3,2.3,0.248,7.2,1.5,8.6,1.2
chris paul,30.0,LAC,PG,4.0,31.3,9.3,19.0,0.487,1.5,5.0,0.3,7.8,14.0,0.554,0.526,3.8,3.8,1.0,1.0,3.0,4.0,7.3,2.3,0.0,1.0,3.0,23.8,2016,Playoffs,33.2,0.575,0.263,0.197,3.2,9.4,6.3,48.5,3.7,0.0,4.6,30.9,0.7,0.2,0.8,0.322,9.1,4.9,14.0,0.5
chris paul,31.0,LAC,PG,7.0,37.1,9.6,19.3,0.496,2.0,5.4,0.368,7.6,13.9,0.546,0.548,4.1,4.7,0.879,0.6,4.4,5.0,9.9,1.7,0.1,2.7,3.4,25.3,2017,Playoffs,27.8,0.592,0.281,0.244,1.9,15.6,8.6,52.9,2.5,0.4,11.3,31.2,1.0,0.4,1.3,0.246,8.0,2.3,10.4,0.8
chris paul,32.0,HOU,PG,15.0,34.5,7.9,17.1,0.459,2.5,6.6,0.374,5.4,10.5,0.513,0.531,2.9,3.5,0.83,0.6,5.3,5.9,5.8,2.0,0.3,1.9,3.1,21.1,2018,Playoffs,22.8,0.565,0.385,0.206,1.9,17.4,9.5,30.8,2.9,0.7,9.1,26.7,1.4,0.7,2.1,0.193,4.2,2.5,6.6,1.1
chris paul,33.0,HOU,PG,11.0,36.1,6.0,13.5,0.446,1.5,5.7,0.27,4.5,7.7,0.576,0.503,3.5,4.1,0.844,1.3,5.1,6.4,5.5,2.2,0.6,3.4,3.3,17.0,2019,Playoffs,17.6,0.557,0.426,0.304,4.1,15.4,9.9,25.1,3.0,1.6,18.1,22.9,0.5,0.6,1.1,0.128,0.7,1.7,2.5,0.4
chris paul,34.0,OKC,PG,7.0,37.3,7.9,16.0,0.491,2.3,6.1,0.372,5.6,9.9,0.565,0.563,3.3,3.7,0.885,0.4,7.0,7.4,5.3,1.6,0.4,3.3,2.6,21.3,2020,Playoffs,19.3,0.604,0.384,0.232,1.2,18.9,10.4,26.1,2.0,1.4,15.7,24.2,0.4,0.4,0.8,0.141,1.9,2.2,4.1,0.4
chris paul,35.0,PHO,PG,20.0,34.2,7.5,15.0,0.497,1.5,3.3,0.446,6.0,11.8,0.511,0.545,2.9,3.3,0.877,0.5,3.1,3.5,8.6,1.2,0.2,2.2,2.4,19.2,2021,Playoffs,20.7,0.584,0.217,0.217,1.6,9.4,5.7,39.5,1.7,0.4,11.6,24.8,1.7,0.9,2.5,0.178,4.3,0.7,5.0,1.2
chris paul,36.0,PHO,PG,13.0,34.5,6.7,11.9,0.561,1.5,3.8,0.388,5.2,8.2,0.642,0.623,2.7,2.8,0.946,0.5,3.6,4.2,8.3,1.5,0.2,2.4,3.1,17.5,2022,Playoffs,22.8,0.666,0.316,0.239,1.9,12.1,7.2,36.4,2.2,0.4,15.3,20.8,1.6,0.2,1.8,0.196,3.7,1.2,4.9,0.8
chris paul,37.0,PHO,PG,7.0,35.7,5.4,13.0,0.418,1.3,4.0,0.321,4.1,9.0,0.46,0.467,0.3,0.6,0.5,0.7,4.3,5.0,7.4,1.7,0.7,1.0,2.3,12.4,2023,Playoffs,14.7,0.469,0.308,0.044,2.4,13.7,8.2,27.9,2.4,1.7,7.0,17.5,0.2,0.1,0.3,0.064,0.2,0.7,0.8,0.2
christian braun,21.0,DEN,SG,19.0,13.0,1.3,2.4,0.533,0.1,0.5,0.2,1.2,1.8,0.629,0.556,0.6,1.0,0.579,0.6,1.4,2.1,0.6,0.6,0.2,0.5,1.5,3.2,2023,Playoffs,9.5,0.572,0.222,0.422,5.9,12.3,9.2,5.7,2.3,1.4,15.8,11.5,0.1,0.4,0.5,0.091,-3.3,2.0,-1.4,0.0
christian braun,22.0,DEN,SG,12.0,17.0,1.9,4.5,0.426,0.3,1.5,0.222,1.6,3.0,0.528,0.463,0.9,1.3,0.688,0.8,1.9,2.7,0.8,0.2,0.4,0.1,1.5,5.1,2024,Playoffs,10.0,0.5,0.333,0.296,4.9,13.2,8.9,6.3,0.5,2.3,1.6,14.0,0.1,0.2,0.3,0.076,-1.9,-0.3,-2.2,0.0
chuck hayes,30.0,TOR,C,5.0,7.6,0.4,1.6,0.25,0.0,0.0,0.0,0.4,1.6,0.25,0.25,0.4,0.4,1.0,0.8,0.8,1.6,0.4,0.6,0.0,0.2,1.0,1.2,2014,Playoffs,9.1,0.338,0.0,0.25,13.3,12.3,12.8,8.4,4.3,0.0,10.1,12.2,0.0,0.1,0.0,0.052,-2.8,0.8,-1.9,0.0
chuma okeke,25.0,ORL,SF,2.0,5.0,1.0,1.5,0.667,0.5,1.0,0.5,0.5,0.5,1.0,0.833,0.5,0.5,1.0,0.0,0.0,0.0,0.5,0.0,0.0,0.0,0.0,3.0,2024,Playoffs,23.9,0.872,0.667,0.333,0.0,0.0,0.0,18.7,0.0,0.0,0.0,15.1,0.1,0.0,0.1,0.362,9.3,4.1,13.4,0.0
cj elleby,20.0,POR,SF,2.0,4.0,0.0,0.5,0.0,0.0,0.0,0.0,0.0,0.5,0.0,0.0,0.0,0.0,0.0,0.5,1.0,1.5,0.5,0.0,0.0,0.5,0.0,0.0,2021,Playoffs,0.4,0.0,0.0,0.0,14.8,28.2,21.7,14.8,0.0,0.0,50.0,11.3,0.0,0.0,0.0,-0.177,-4.6,-2.3,-6.8,0.0
cj mccollum,22.0,POR,SG,6.0,4.0,0.2,1.8,0.091,0.0,0.8,0.0,0.2,1.0,0.167,0.091,0.3,0.3,1.0,0.0,0.2,0.2,0.0,0.0,0.0,0.2,0.3,0.7,2014,Playoffs,-12.3,0.168,0.455,0.182,0.0,4.5,2.3,0.0,0.0,0.0,7.8,23.6,-0.2,0.0,-0.2,-0.392,-12.5,-5.3,-17.9,-0.1
cj mccollum,23.0,POR,SG,5.0,33.2,6.4,13.4,0.478,2.2,4.6,0.478,4.2,8.8,0.477,0.56,2.0,2.6,0.769,0.2,3.8,4.0,0.4,1.2,0.2,1.2,2.6,17.0,2015,Playoffs,16.1,0.584,0.343,0.194,0.6,12.5,6.5,2.4,1.9,0.4,7.6,21.7,0.3,0.1,0.4,0.103,0.6,1.4,1.9,0.2
cj mccollum,24.0,POR,SG,11.0,40.2,7.6,17.9,0.426,1.8,5.3,0.345,5.8,12.6,0.46,0.477,3.4,4.2,0.804,0.6,3.0,3.6,3.3,0.9,0.5,1.8,2.7,20.5,2016,Playoffs,14.0,0.518,0.294,0.234,1.6,7.9,4.6,14.2,1.1,0.9,8.4,22.9,0.5,0.1,0.6,0.062,0.6,-1.4,-0.8,0.1
cj mccollum,25.0,POR,SG,4.0,35.0,8.0,20.0,0.4,2.8,5.5,0.5,5.3,14.5,0.362,0.469,3.8,4.0,0.938,2.0,4.0,6.0,1.0,1.0,0.5,3.8,2.5,22.5,2017,Playoffs,13.0,0.517,0.275,0.2,5.7,13.1,9.1,5.6,1.3,1.2,14.7,30.3,-0.2,0.0,-0.2,-0.054,1.2,-2.8,-1.6,0.0
cj mccollum,26.0,POR,SG,4.0,38.8,10.0,19.3,0.519,2.8,6.5,0.423,7.3,12.8,0.569,0.591,2.5,3.3,0.769,0.0,2.0,2.0,3.5,1.3,0.3,2.3,2.8,25.3,2018,Playoffs,19.6,0.61,0.338,0.169,0.0,6.2,2.9,15.0,1.6,0.5,9.8,25.3,0.4,0.0,0.4,0.111,3.0,-0.3,2.8,0.2
cj mccollum,27.0,POR,SG,16.0,39.7,9.6,21.9,0.44,2.9,7.3,0.393,6.8,14.6,0.464,0.506,2.6,3.5,0.732,0.9,4.1,5.0,3.7,0.8,0.6,1.9,2.1,24.7,2019,Playoffs,17.8,0.527,0.334,0.16,2.3,11.0,6.7,16.8,1.0,1.3,7.4,27.7,0.7,0.3,1.0,0.075,3.4,-0.7,2.6,0.7
cj mccollum,28.0,POR,SG,5.0,39.2,8.8,19.8,0.444,2.6,7.0,0.371,6.2,12.8,0.484,0.51,3.0,4.4,0.682,1.0,4.8,5.8,3.2,1.2,0.4,3.0,2.0,23.2,2020,Playoffs,14.9,0.534,0.354,0.222,2.7,12.9,7.8,14.6,1.4,0.9,12.1,26.3,0.0,0.1,0.1,0.021,2.4,-1.4,1.0,0.1
cj mccollum,29.0,POR,SG,6.0,40.0,8.3,19.0,0.439,2.3,7.0,0.333,6.0,12.0,0.5,0.5,1.7,2.2,0.769,1.0,5.0,6.0,4.3,0.3,0.7,2.0,4.2,20.7,2021,Playoffs,12.8,0.518,0.368,0.114,3.0,14.1,8.7,17.0,0.4,1.5,9.1,24.7,0.1,0.0,0.0,0.007,-0.4,-2.9,-3.3,-0.1
cj mccollum,30.0,NOP,PG,6.0,39.0,8.2,20.8,0.392,2.8,8.5,0.333,5.3,12.3,0.432,0.46,3.0,4.3,0.692,1.8,4.8,6.7,4.8,0.7,0.8,2.5,2.5,22.2,2022,Playoffs,15.5,0.487,0.408,0.208,5.2,15.7,10.1,20.5,0.9,1.8,9.9,27.9,0.2,0.0,0.2,0.047,2.6,-2.0,0.6,0.2
cj mccollum,32.0,NOP,PG,4.0,37.0,7.8,18.5,0.419,1.8,7.3,0.241,6.0,11.3,0.533,0.466,0.5,0.5,1.0,0.5,4.3,4.8,4.8,1.8,0.8,4.0,3.5,17.8,2024,Playoffs,9.9,0.474,0.392,0.027,1.4,13.5,7.0,26.3,2.4,2.0,17.6,26.9,-0.4,0.2,-0.2,-0.059,-1.4,1.5,0.2,0.1
cj miles,28.0,IND,SF,7.0,13.1,1.4,5.4,0.263,0.3,2.9,0.1,1.1,2.6,0.444,0.289,0.3,0.4,0.667,0.6,2.9,3.4,0.6,0.1,0.1,0.4,1.0,3.4,2016,Playoffs,3.2,0.305,0.526,0.079,5.4,23.3,15.0,7.5,0.6,0.9,7.1,22.1,-0.3,0.1,-0.2,-0.091,-6.3,-2.7,-8.9,-0.2
cj miles,29.0,IND,SF,4.0,20.5,2.8,6.0,0.458,1.3,4.0,0.313,1.5,2.0,0.75,0.563,0.5,0.5,1.0,1.0,1.0,2.0,0.3,0.5,0.3,0.5,3.0,7.3,2017,Playoffs,9.6,0.583,0.667,0.083,5.6,5.8,5.7,1.7,1.2,1.2,7.4,14.3,0.1,0.0,0.1,0.048,-2.3,-1.2,-3.5,0.0
cj miles,30.0,TOR,SF,10.0,22.7,3.2,7.1,0.451,1.9,4.5,0.422,1.3,2.6,0.5,0.585,1.3,1.6,0.813,0.6,1.8,2.4,0.8,0.7,0.3,0.9,2.1,9.6,2018,Playoffs,13.1,0.615,0.634,0.225,3.2,9.9,6.5,5.3,1.6,1.0,10.3,17.4,0.4,0.0,0.3,0.073,1.2,-0.2,1.0,0.2
cj watson,29.0,IND,PG,19.0,18.0,1.9,4.7,0.411,0.8,2.1,0.4,1.1,2.6,0.42,0.5,0.9,1.5,0.607,0.2,1.9,2.1,0.9,0.8,0.1,0.7,1.5,5.6,2014,Playoffs,10.2,0.523,0.444,0.311,1.1,12.8,7.1,8.9,2.5,0.3,12.0,16.6,0.0,0.5,0.5,0.068,-3.2,1.6,-1.6,0.0
cj wilcox,25.0,LAC,SG,2.0,3.5,0.0,0.5,0.0,0.0,0.0,0.0,0.0,0.5,0.0,0.0,0.0,0.0,0.0,0.0,0.5,0.5,0.5,0.0,0.0,0.0,0.5,0.0,2016,Playoffs,-1.4,0.0,0.0,0.0,0.0,14.0,7.1,18.4,0.0,0.0,0.0,6.4,0.0,0.0,0.0,-0.066,-8.2,-0.9,-9.1,0.0
clint capela,20.0,HOU,C,17.0,7.5,1.2,1.8,0.677,0.0,0.0,0.0,1.2,1.8,0.677,0.677,0.9,1.7,0.517,0.8,1.7,2.5,0.3,0.2,0.5,0.2,1.1,3.4,2015,Playoffs,21.8,0.651,0.0,0.935,10.8,23.4,17.2,6.4,1.1,5.6,6.4,15.4,0.4,0.1,0.6,0.217,1.9,2.9,4.9,0.2
clint capela,21.0,HOU,C,5.0,8.6,0.6,1.8,0.333,0.0,0.0,0.0,0.6,1.8,0.333,0.333,0.4,1.0,0.4,1.6,2.4,4.0,0.4,0.6,0.4,0.6,1.0,1.6,2016,Playoffs,13.4,0.357,0.0,0.556,18.5,31.3,24.5,7.5,3.4,4.0,21.1,13.6,-0.1,0.1,0.0,0.01,-1.2,0.5,-0.7,0.0
clint capela,22.0,HOU,C,11.0,26.0,4.2,7.5,0.561,0.0,0.1,0.0,4.2,7.4,0.568,0.561,2.2,3.5,0.615,2.4,6.4,8.7,1.1,0.7,2.5,0.7,2.5,10.5,2017,Playoffs,21.1,0.585,0.012,0.476,10.1,25.8,18.1,6.9,1.4,7.5,7.5,16.5,0.6,0.6,1.2,0.199,2.4,2.1,4.4,0.5
clint capela,23.0,HOU,C,17.0,30.6,5.6,8.5,0.66,0.0,0.0,0.0,5.6,8.5,0.66,0.66,1.5,3.2,0.473,3.6,8.0,11.6,1.3,0.8,2.1,0.9,2.2,12.7,2018,Playoffs,24.1,0.642,0.0,0.382,12.8,29.4,21.0,7.1,1.4,6.1,8.2,15.8,1.6,0.9,2.6,0.238,3.6,1.8,5.5,1.0
clint capela,24.0,HOU,C,11.0,30.1,4.2,7.5,0.561,0.0,0.0,0.0,4.2,7.5,0.561,0.561,1.4,3.2,0.429,3.7,6.5,10.3,1.5,0.3,1.1,1.5,2.4,9.7,2019,Playoffs,15.8,0.549,0.0,0.427,14.4,23.8,19.2,7.7,0.5,3.4,14.1,15.2,0.5,0.4,0.9,0.128,0.3,-1.0,-0.6,0.1
clint capela,26.0,ATL,C,18.0,31.6,4.6,7.6,0.603,0.0,0.0,0.0,4.6,7.6,0.603,0.603,0.9,2.2,0.436,3.4,7.8,11.2,0.9,0.7,1.1,1.0,2.6,10.1,2021,Playoffs,15.8,0.591,0.0,0.287,11.8,26.6,19.3,4.5,1.0,2.9,10.5,13.3,0.8,1.0,1.7,0.147,0.8,0.5,1.3,0.5
clint capela,27.0,ATL,C,2.0,20.0,1.0,3.0,0.333,0.0,0.0,0.0,1.0,3.0,0.333,0.333,0.0,0.0,0.0,2.0,5.5,7.5,0.0,0.5,0.5,0.5,1.0,2.0,2022,Playoffs,7.8,0.333,0.0,0.0,11.9,33.8,22.7,0.0,1.3,2.5,14.3,8.1,0.0,0.0,0.0,0.021,-2.2,-1.0,-3.1,0.0
clint capela,28.0,ATL,C,6.0,25.2,3.8,6.3,0.605,0.0,0.0,0.0,3.8,6.3,0.605,0.605,0.7,1.0,0.667,2.5,5.8,8.3,0.5,1.0,0.5,0.7,0.8,8.3,2023,Playoffs,16.5,0.615,0.0,0.158,9.8,27.6,17.9,2.6,1.9,1.9,9.0,12.2,0.2,0.1,0.3,0.103,0.4,-0.6,-0.2,0.1
coby white,21.0,CHI,PG,5.0,19.6,3.0,9.0,0.333,1.6,5.8,0.276,1.4,3.2,0.438,0.422,0.8,1.0,0.8,0.0,3.4,3.4,1.8,0.2,0.0,1.2,1.0,8.4,2022,Playoffs,6.5,0.445,0.644,0.111,0.0,18.9,8.7,15.2,0.5,0.0,11.3,23.8,-0.2,0.1,-0.2,-0.078,-3.2,-1.3,-4.5,-0.1
cody zeller,21.0,CHA,C,4.0,13.3,0.8,2.3,0.333,0.0,0.0,0.0,0.8,2.3,0.333,0.333,0.5,1.0,0.5,1.3,1.0,2.3,0.5,0.0,0.8,0.5,0.8,2.0,2014,Playoffs,6.9,0.372,0.0,0.444,11.4,9.9,10.7,5.8,0.0,5.0,15.7,11.5,0.0,0.0,0.0,-0.01,-3.2,-0.8,-4.0,0.0
cody zeller,23.0,CHO,C,7.0,19.6,3.0,5.4,0.553,0.0,0.0,0.0,3.0,5.4,0.553,0.553,2.4,3.0,0.81,1.3,4.0,5.3,0.3,0.1,0.4,1.0,2.9,8.4,2016,Playoffs,16.8,0.624,0.0,0.553,7.0,25.1,15.4,2.9,0.4,1.7,12.9,18.9,0.3,0.1,0.4,0.141,-0.9,0.5,-0.4,0.1
cody zeller,30.0,MIA,C,21.0,8.3,1.0,1.7,0.571,0.0,0.0,0.0,1.0,1.7,0.571,0.571,0.3,0.7,0.4,0.5,1.8,2.3,0.3,0.1,0.2,0.6,1.3,2.2,2023,Playoffs,7.5,0.553,0.0,0.429,7.1,24.7,15.8,5.7,0.6,2.3,23.8,14.1,-0.1,0.2,0.1,0.024,-6.7,-0.1,-6.8,-0.2
cole aldrich,27.0,LAC,C,6.0,12.8,1.7,2.5,0.667,0.0,0.0,0.0,1.7,2.5,0.667,0.667,0.5,1.0,0.5,1.3,3.7,5.0,0.5,1.0,0.5,0.3,1.8,3.8,2016,Playoffs,21.4,0.652,0.0,0.4,10.4,28.1,19.3,6.0,4.0,3.3,10.2,11.4,0.2,0.2,0.4,0.254,1.1,3.3,4.4,0.1
cole anthony,23.0,ORL,PG,7.0,14.7,1.9,5.9,0.317,0.3,1.9,0.154,1.6,4.0,0.393,0.341,1.1,1.3,0.889,0.3,1.9,2.1,1.3,0.6,0.1,0.7,2.3,5.1,2024,Playoffs,5.9,0.4,0.317,0.22,2.1,14.7,8.1,14.4,2.0,0.9,10.0,21.3,-0.2,0.2,0.0,0.021,-6.0,1.2,-4.8,-0.1
corey brewer,28.0,HOU,SF,17.0,25.2,4.2,9.8,0.431,0.7,2.5,0.286,3.5,7.4,0.48,0.467,2.1,3.2,0.636,0.6,2.1,2.8,1.1,0.6,0.2,0.9,2.8,11.2,2015,Playoffs,10.9,0.499,0.251,0.329,2.7,8.6,5.7,7.3,1.2,0.7,7.3,20.1,0.2,0.1,0.3,0.031,-1.6,-0.7,-2.2,0.0
corey brewer,29.0,HOU,SF,5.0,15.4,1.4,5.4,0.259,0.2,2.0,0.1,1.2,3.4,0.353,0.278,1.4,1.6,0.875,0.6,0.8,1.4,1.6,0.0,0.2,1.2,2.6,4.4,2016,Playoffs,1.3,0.36,0.37,0.296,3.9,5.8,4.8,17.4,0.0,1.1,16.4,19.5,-0.2,0.0,-0.2,-0.123,-6.0,-2.5,-8.5,-0.1
corey brewer,31.0,OKC,SG,6.0,25.2,2.2,4.2,0.52,0.8,1.8,0.455,1.3,2.3,0.571,0.62,1.0,1.0,1.0,0.7,1.5,2.2,0.8,1.2,0.8,0.3,2.8,6.2,2018,Playoffs,11.8,0.669,0.44,0.24,2.8,6.2,4.5,4.8,2.3,3.0,6.7,8.6,0.3,0.2,0.4,0.14,-0.5,2.4,1.8,0.1
cory joseph,22.0,SAS,SG,17.0,5.1,1.0,2.1,0.486,0.0,0.2,0.0,1.0,1.9,0.531,0.486,0.8,1.1,0.778,0.1,0.5,0.5,0.5,0.2,0.0,0.2,0.4,2.8,2014,Playoffs,18.3,0.559,0.086,0.514,1.4,10.5,6.1,16.5,1.8,0.0,8.5,25.0,0.2,0.1,0.3,0.159,0.5,1.9,2.3,0.1
cory joseph,23.0,SAS,PG,4.0,5.5,1.3,1.5,0.833,0.0,0.0,0.0,1.3,1.5,0.833,0.833,0.3,0.5,0.5,0.0,0.3,0.3,0.0,0.0,0.3,0.3,0.5,2.8,2015,Playoffs,17.3,0.799,0.0,0.333,0.0,5.0,2.4,0.0,0.0,3.6,12.7,16.1,0.0,0.0,0.1,0.122,0.1,1.7,1.8,0.0
cory joseph,24.0,TOR,SG,20.0,22.6,3.5,7.4,0.466,0.4,1.2,0.333,3.1,6.2,0.492,0.493,1.2,1.6,0.75,0.6,1.5,2.1,2.4,0.9,0.1,1.1,2.4,8.5,2016,Playoffs,13.8,0.524,0.162,0.216,2.8,8.5,5.4,18.9,2.1,0.4,12.0,18.9,0.4,0.3,0.8,0.082,-0.3,1.2,0.8,0.3
cory joseph,25.0,TOR,PG,10.0,21.2,3.1,7.1,0.437,0.9,2.2,0.409,2.2,4.9,0.449,0.5,0.8,0.8,1.0,0.4,1.7,2.1,3.1,0.4,0.2,1.4,1.7,7.9,2017,Playoffs,11.4,0.53,0.31,0.113,2.3,9.6,6.0,24.8,1.0,0.9,15.8,19.6,0.0,0.2,0.2,0.035,-0.8,-1.1,-1.9,0.0
cory joseph,26.0,IND,PG,7.0,20.4,1.7,4.7,0.364,0.4,1.6,0.273,1.3,3.1,0.409,0.409,0.9,0.9,1.0,0.3,2.1,2.4,3.0,1.3,0.3,0.6,1.4,4.7,2018,Playoffs,12.7,0.463,0.333,0.182,1.8,12.3,7.2,20.4,3.3,1.5,10.1,13.1,0.1,0.3,0.4,0.125,-1.2,3.9,2.7,0.2
cory joseph,27.0,IND,PG,4.0,21.3,3.0,6.0,0.5,1.0,2.3,0.444,2.0,3.8,0.533,0.583,0.5,0.5,1.0,0.3,1.5,1.8,1.0,0.8,0.0,0.0,1.8,7.5,2019,Playoffs,12.9,0.603,0.375,0.083,1.2,8.5,4.5,8.5,1.8,0.0,0.0,13.5,0.1,0.1,0.2,0.137,-0.7,2.8,2.1,0.1
courtney lee,28.0,MEM,SG,7.0,32.0,3.6,8.6,0.417,0.9,2.7,0.316,2.7,5.9,0.463,0.467,2.0,2.6,0.778,0.4,1.6,2.0,1.6,0.7,0.3,0.9,2.9,10.0,2014,Playoffs,8.8,0.515,0.317,0.3,1.4,5.8,3.5,8.0,1.2,0.8,8.1,15.2,0.1,0.1,0.2,0.043,-1.9,0.2,-1.6,0.0
courtney lee,29.0,MEM,SG,11.0,33.4,5.0,9.1,0.55,1.3,2.7,0.467,3.7,6.4,0.586,0.62,2.0,2.1,0.957,0.3,2.3,2.5,2.2,1.1,0.0,1.2,2.2,13.3,2015,Playoffs,15.5,0.663,0.3,0.23,0.9,7.7,4.2,11.0,1.7,0.0,10.6,15.3,0.9,0.2,1.1,0.145,0.9,1.7,2.6,0.4
courtney lee,30.0,CHO,SG,7.0,36.7,3.0,7.3,0.412,0.6,1.3,0.444,2.4,6.0,0.405,0.451,2.0,2.1,0.933,0.7,2.1,2.9,1.3,0.9,0.4,0.7,2.7,8.6,2016,Playoffs,8.5,0.521,0.176,0.294,2.1,7.2,4.4,6.0,1.2,0.9,8.0,11.6,0.1,0.1,0.2,0.045,-2.8,0.6,-2.2,0.0
cristiano felacio,24.0,CHI,C,6.0,13.7,1.5,2.5,0.6,0.0,0.0,0.0,1.5,2.5,0.6,0.6,0.2,0.3,0.5,1.2,3.2,4.3,0.3,0.5,0.3,1.2,2.7,3.2,2017,Playoffs,8.9,0.598,0.0,0.133,9.7,25.6,17.8,3.8,1.9,2.5,30.6,12.6,-0.1,0.1,0.1,0.034,-6.6,0.7,-5.9,-0.1
dahntay jones,34.0,LAC,SF,11.0,1.6,0.2,0.2,1.0,0.0,0.0,0.0,0.2,0.2,1.0,1.0,0.0,0.0,0.0,0.0,0.1,0.1,0.0,0.2,0.0,0.0,0.6,0.4,2015,Playoffs,9.6,1.0,0.0,0.0,0.0,5.8,2.9,0.0,5.4,0.0,0.0,4.8,0.0,0.0,0.1,0.175,-5.7,7.0,1.3,0.0
dahntay jones,35.0,CLE,SF,15.0,3.3,0.4,0.9,0.462,0.1,0.2,0.333,0.3,0.7,0.5,0.5,0.3,0.3,0.8,0.0,0.5,0.5,0.1,0.1,0.1,0.1,0.2,1.1,2016,Playoffs,12.6,0.559,0.231,0.385,0.0,16.3,8.3,5.9,1.1,1.9,6.2,15.0,0.1,0.0,0.1,0.116,-0.6,1.0,0.4,0.0
dahntay jones,36.0,CLE,SF,10.0,3.3,0.5,1.0,0.5,0.1,0.2,0.5,0.4,0.8,0.5,0.55,0.5,0.5,1.0,0.1,0.6,0.7,0.1,0.0,0.1,0.1,0.7,1.6,2017,Playoffs,14.9,0.656,0.2,0.5,3.7,20.2,12.4,4.3,0.0,2.5,7.6,17.8,0.1,0.0,0.1,0.177,-2.0,0.3,-1.7,0.0
dakari johnson,22.0,OKC,C,2.0,1.5,0.0,0.0,0.0,0.0,0.0,0.0,0.0,0.0,0.0,0.0,0.0,0.0,0.0,0.0,0.0,0.0,0.0,0.0,0.0,0.0,0.0,0.0,2018,Playoffs,0.0,0.0,,,0.0,0.0,0.0,0.0,0.0,0.0,0.0,0.0,0.0,0.0,0.0,-0.001,-3.0,-3.3,-6.3,0.0
dalano banton,22.0,TOR,PG,4.0,2.0,0.5,0.5,1.0,0.0,0.0,0.0,0.5,0.5,1.0,1.0,0.8,1.5,0.5,0.5,0.0,0.5,0.3,0.3,0.0,0.3,0.0,1.8,2022,Playoffs,46.9,0.754,0.0,3.0,28.1,0.0,15.4,23.4,6.6,0.0,17.7,32.7,0.1,0.0,0.1,0.373,16.8,4.6,21.4,0.0
damian jones,21.0,GSW,C,4.0,5.3,0.8,1.8,0.429,0.0,0.0,0.0,0.8,1.8,0.429,0.429,0.3,0.5,0.5,1.0,0.5,1.5,0.0,0.5,0.3,0.0,0.8,1.8,2017,Playoffs,17.3,0.444,0.0,0.286,22.1,9.6,15.4,0.0,4.6,3.9,0.0,16.1,0.0,0.1,0.1,0.185,-2.8,-0.8,-3.6,0.0
damian jones,22.0,GSW,C,4.0,2.8,0.3,0.5,0.5,0.0,0.0,0.0,0.3,0.5,0.5,0.5,0.5,0.8,0.667,0.3,0.5,0.8,0.0,0.0,0.0,0.8,1.0,1.0,2018,Playoffs,-4.7,0.602,0.0,1.5,10.5,19.0,14.9,0.0,0.0,0.0,47.5,25.7,-0.1,0.0,0.0,-0.177,-18.4,-2.9,-21.4,-0.1
damian jones,23.0,GSW,C,4.0,2.0,0.3,0.3,1.0,0.0,0.0,0.0,0.3,0.3,1.0,1.0,0.3,0.5,0.5,0.0,0.5,0.5,0.0,0.0,0.0,0.3,0.8,0.8,2019,Playoffs,2.7,0.798,0.0,2.0,0.0,28.0,14.4,0.0,0.0,0.0,34.7,15.7,0.0,0.0,0.0,-0.025,-12.3,-0.4,-12.7,0.0
damian jones,28.0,CLE,C,2.0,4.5,0.0,0.0,0.0,0.0,0.0,0.0,0.0,0.0,0.0,0.0,0.0,0.0,0.0,0.5,0.5,1.0,1.0,0.0,0.5,1.0,0.0,0.0,2024,Playoffs,5.7,0.0,,,12.9,12.6,12.8,28.5,0.0,11.1,100.0,10.3,0.0,0.0,0.0,-0.111,-5.9,4.1,-1.7,0.0
damian lillard,23.0,POR,PG,11.0,42.4,7.5,17.2,0.439,2.5,6.4,0.386,5.1,10.8,0.471,0.511,5.4,6.0,0.894,1.1,4.0,5.1,6.5,1.0,0.1,2.7,2.6,22.9,2014,Playoffs,19.3,0.578,0.37,0.349,2.8,10.1,6.5,25.8,1.2,0.2,12.1,23.4,1.2,0.1,1.3,0.13,5.2,-0.3,4.9,0.8
damian lillard,24.0,POR,PG,5.0,40.2,7.8,19.2,0.406,1.0,6.2,0.161,6.8,13.0,0.523,0.432,5.0,6.4,0.781,0.4,3.6,4.0,4.6,0.4,0.6,2.4,3.0,21.6,2015,Playoffs,15.0,0.491,0.323,0.333,1.1,9.8,5.4,22.8,0.5,1.0,9.8,27.8,0.1,0.0,0.2,0.038,1.9,-1.4,0.5,0.1
damian lillard,25.0,POR,PG,11.0,39.7,8.1,22.0,0.368,3.8,9.7,0.393,4.3,12.3,0.348,0.455,6.5,7.1,0.91,1.1,3.2,4.3,6.3,1.3,0.3,3.0,2.1,26.5,2016,Playoffs,19.8,0.527,0.442,0.322,2.7,8.4,5.5,28.1,1.6,0.5,10.7,30.2,0.9,0.1,1.1,0.118,5.7,-1.2,4.5,0.7
damian lillard,26.0,POR,PG,4.0,37.8,9.8,22.5,0.433,2.3,8.0,0.281,7.5,14.5,0.517,0.483,6.0,6.3,0.96,1.0,3.5,4.5,3.3,1.3,0.5,3.3,2.8,27.8,2017,Playoffs,18.4,0.55,0.356,0.278,2.6,10.6,6.3,17.9,1.6,1.1,11.4,31.4,0.1,0.0,0.1,0.041,4.0,-1.4,2.6,0.2
damian lillard,27.0,POR,PG,4.0,40.5,6.3,17.8,0.352,2.3,7.5,0.3,4.0,10.3,0.39,0.415,3.8,4.3,0.882,0.8,3.8,4.5,4.8,1.3,0.0,4.0,2.0,18.5,2018,Playoffs,9.5,0.471,0.423,0.239,1.9,11.2,6.1,16.6,1.5,0.0,16.9,24.9,-0.2,0.0,-0.2,-0.062,-1.9,-2.8,-4.7,-0.1
damian lillard,28.0,POR,PG,16.0,40.6,8.6,20.6,0.418,3.7,9.9,0.373,4.9,10.8,0.459,0.508,5.9,7.1,0.833,0.5,4.3,4.8,6.6,1.7,0.3,3.8,2.5,26.9,2019,Playoffs,20.5,0.566,0.479,0.345,1.3,11.1,6.2,28.0,2.1,0.6,13.6,29.5,1.1,0.4,1.6,0.115,4.9,-0.2,4.6,1.1
damian lillard,29.0,POR,PG,4.0,35.8,6.5,16.0,0.406,3.3,8.3,0.394,3.3,7.8,0.419,0.508,8.0,8.3,0.97,0.3,3.3,3.5,4.3,0.5,0.3,3.5,1.0,24.3,2020,Playoffs,18.7,0.618,0.516,0.516,0.7,9.6,5.2,19.8,0.7,0.6,15.1,27.0,0.3,0.0,0.3,0.102,5.9,-1.5,4.5,0.2
damian lillard,30.0,POR,PG,6.0,41.3,10.3,22.3,0.463,5.8,13.0,0.449,4.5,9.3,0.482,0.593,7.8,8.3,0.94,0.2,4.2,4.3,10.2,1.0,0.7,2.2,1.5,34.3,2021,Playoffs,30.4,0.66,0.582,0.373,0.5,11.4,6.1,41.3,1.2,1.5,7.7,30.7,1.5,0.0,1.5,0.286,12.2,0.0,12.2,0.8
damian lillard,33.0,MIL,PG,4.0,39.0,8.5,20.3,0.42,5.0,12.0,0.417,3.5,8.3,0.424,0.543,9.3,9.5,0.974,0.5,2.8,3.3,5.0,1.0,0.0,2.3,2.0,31.3,2024,Playoffs,24.8,0.64,0.593,0.469,1.5,7.9,4.7,20.7,1.3,0.0,8.4,31.4,0.6,0.0,0.6,0.2,7.5,-0.2,7.3,0.4
damion lee,29.0,GSW,SG,16.0,7.8,0.8,2.1,0.382,0.3,1.0,0.25,0.6,1.1,0.5,0.441,0.1,0.2,0.667,0.3,1.3,1.6,0.4,0.1,0.0,0.4,0.5,2.0,2022,Playoffs,5.8,0.453,0.471,0.088,4.7,18.5,11.8,7.5,0.4,0.0,14.5,14.6,-0.1,0.1,0.0,-0.005,-4.1,-1.1,-5.2,-0.1
damion lee,30.0,PHO,SG,8.0,11.1,0.8,2.5,0.3,0.4,1.9,0.2,0.4,0.6,0.6,0.375,0.3,0.3,1.0,0.5,0.9,1.4,0.6,0.3,0.0,0.1,1.0,2.1,2023,Playoffs,5.2,0.407,0.75,0.1,5.4,9.0,7.2,6.8,1.1,0.0,4.6,10.8,0.0,0.0,0.0,-0.009,-3.6,-0.8,-4.5,-0.1
dangelo russell,22.0,BRK,PG,5.0,29.6,7.4,20.6,0.359,2.4,7.4,0.324,5.0,13.2,0.379,0.417,2.2,2.6,0.846,0.4,3.2,3.6,3.6,1.4,0.2,2.8,2.4,19.4,2019,Playoffs,11.5,0.446,0.359,0.126,1.3,12.1,6.3,22.1,2.2,0.5,11.4,33.8,-0.4,0.0,-0.3,-0.105,-1.1,-2.0,-3.1,0.0
dangelo russell,25.0,MIN,PG,6.0,32.7,4.0,12.0,0.333,2.0,5.2,0.387,2.0,6.8,0.293,0.417,2.0,2.7,0.75,0.0,2.5,2.5,6.7,1.5,0.0,2.8,2.8,12.0,2022,Playoffs,8.5,0.455,0.431,0.222,0.0,8.1,4.3,32.2,2.1,0.0,17.7,21.0,-0.2,0.1,-0.1,-0.022,-1.8,-1.1,-2.9,0.0
dangelo russell,26.0,LAL,PG,16.0,29.6,5.2,12.2,0.426,1.7,5.4,0.31,3.5,6.8,0.519,0.495,1.3,1.6,0.769,0.6,2.3,2.9,4.6,0.7,0.3,1.8,2.0,13.3,2023,Playoffs,12.2,0.516,0.446,0.133,2.4,7.9,5.3,23.2,1.1,1.0,12.3,21.9,0.0,0.4,0.4,0.039,-0.6,-1.1,-1.7,0.0
dangelo russell,27.0,LAL,PG,5.0,37.0,5.6,14.6,0.384,2.8,8.8,0.318,2.8,5.8,0.483,0.479,0.2,0.4,0.5,0.2,2.6,2.8,4.2,0.8,0.2,1.8,1.2,14.2,2024,Playoffs,8.8,0.481,0.603,0.027,0.6,7.6,4.2,15.9,1.1,0.5,10.9,20.7,-0.2,0.1,-0.1,-0.028,-1.7,-1.6,-3.3,-0.1
daniel gafford,22.0,WAS,C,5.0,23.4,4.4,5.2,0.846,0.0,0.0,0.0,4.4,5.2,0.846,0.846,3.0,4.8,0.625,2.8,3.0,5.8,0.6,1.0,2.0,0.6,3.4,11.8,2021,Playoffs,25.1,0.807,0.0,0.923,12.5,14.5,13.5,3.9,2.0,6.9,7.6,14.1,0.5,0.1,0.6,0.244,4.2,1.9,6.1,0.2
daniel gafford,25.0,DAL,PF,22.0,20.2,3.5,5.6,0.634,0.0,0.0,0.0,3.5,5.6,0.634,0.634,1.9,3.0,0.631,1.9,3.6,5.5,0.7,0.3,1.5,0.9,1.7,9.0,2024,Playoffs,20.4,0.65,0.0,0.528,10.9,20.4,15.7,5.3,0.7,7.1,11.1,17.4,1.0,0.7,1.7,0.187,1.5,1.2,2.7,0.5
daniel ochefu,23.0,WAS,C,4.0,1.3,0.0,0.3,0.0,0.0,0.0,0.0,0.0,0.3,0.0,0.0,0.0,0.0,0.0,0.0,0.3,0.3,0.0,0.0,0.0,0.3,0.3,0.0,2017,Playoffs,-19.4,0.0,0.0,0.0,0.0,23.2,11.6,0.0,0.0,0.0,50.0,17.2,-0.1,0.0,0.0,-0.454,-18.6,-4.3,-23.0,0.0
daniel oturu,21.0,LAC,C,8.0,1.9,0.3,0.6,0.4,0.0,0.1,0.0,0.3,0.5,0.5,0.4,0.1,0.3,0.5,0.3,0.3,0.5,0.0,0.0,0.1,0.0,0.3,0.6,2021,Playoffs,12.1,0.425,0.2,0.4,15.7,15.2,15.4,0.0,0.0,6.5,0.0,18.3,0.0,0.0,0.0,0.056,-3.8,-2.2,-6.0,0.0
daniel theis,26.0,BOS,C,7.0,6.0,0.7,2.0,0.357,0.0,0.3,0.0,0.7,1.7,0.417,0.357,0.3,0.3,1.0,0.6,0.9,1.4,0.0,0.1,0.1,0.1,0.6,1.7,2019,Playoffs,8.0,0.403,0.143,0.143,10.2,14.0,12.2,0.0,1.2,2.2,6.3,16.7,0.0,0.1,0.0,0.026,-3.0,-1.2,-4.2,0.0
daniel theis,27.0,BOS,C,17.0,28.4,3.6,6.9,0.521,0.2,1.5,0.154,3.4,5.4,0.626,0.538,1.5,1.9,0.788,1.9,5.2,7.1,1.5,0.4,1.2,0.9,3.9,8.9,2020,Playoffs,13.4,0.578,0.222,0.282,7.8,19.9,14.1,7.8,0.6,4.3,10.2,13.6,0.7,0.8,1.5,0.148,-1.0,1.5,0.5,0.3
daniel theis,29.0,BOS,C,16.0,12.5,1.9,3.2,0.588,0.2,0.9,0.214,1.7,2.3,0.73,0.618,0.4,0.5,0.75,0.8,2.4,3.3,0.7,0.3,0.5,0.7,1.6,4.3,2022,Playoffs,14.2,0.633,0.275,0.157,7.6,21.2,14.6,8.9,1.0,3.7,16.8,14.7,0.2,0.3,0.6,0.134,-1.3,1.8,0.4,0.1
danilo gallinari,30.0,LAC,SF,6.0,33.5,6.5,18.5,0.351,2.2,7.2,0.302,4.3,11.3,0.382,0.41,4.7,5.5,0.848,1.5,4.7,6.2,2.7,1.3,0.2,1.8,2.3,19.8,2019,Playoffs,13.6,0.474,0.387,0.297,4.7,16.5,10.3,12.5,1.9,0.4,8.1,28.3,-0.1,-0.1,-0.1,-0.035,0.6,-3.0,-2.4,0.0
danilo gallinari,31.0,OKC,PF,7.0,30.3,4.6,11.3,0.405,1.7,5.3,0.324,2.9,6.0,0.476,0.481,4.1,4.3,0.967,0.7,4.7,5.4,1.0,0.7,0.1,2.1,1.6,15.0,2020,Playoffs,12.7,0.569,0.468,0.38,2.6,15.7,9.4,5.5,1.1,0.6,14.0,21.8,0.1,0.3,0.3,0.07,-0.2,-0.5,-0.6,0.1
danilo gallinari,32.0,ATL,PF,18.0,24.6,4.1,9.7,0.425,1.9,4.7,0.405,2.2,5.0,0.444,0.523,2.7,2.9,0.942,0.4,3.4,3.9,0.8,0.3,0.2,0.8,2.6,12.8,2021,Playoffs,13.3,0.587,0.483,0.299,2.0,15.2,8.6,4.9,0.7,0.6,7.1,21.2,0.5,0.5,1.0,0.108,1.2,-0.6,0.7,0.3
danilo gallinari,33.0,ATL,PF,5.0,22.4,3.6,9.0,0.4,0.8,3.0,0.267,2.8,6.0,0.467,0.444,2.2,2.2,1.0,0.4,3.8,4.2,0.8,0.2,0.0,1.0,1.2,10.2,2022,Playoffs,10.8,0.512,0.333,0.244,2.1,20.9,11.3,6.4,0.5,0.0,9.1,22.5,0.0,0.0,0.0,0.011,-0.6,-1.3,-1.8,0.0
danilo gallinari,35.0,MIL,SF,3.0,12.3,1.3,2.7,0.5,0.0,0.7,0.0,1.3,2.0,0.667,0.5,1.0,1.3,0.75,0.3,2.7,3.0,0.7,0.0,0.0,0.3,0.0,3.7,2024,Playoffs,11.5,0.564,0.25,0.5,3.1,24.3,13.7,7.4,0.0,0.0,9.3,13.4,0.0,0.0,0.0,0.054,-3.6,-0.5,-4.0,0.0
danny granger,30.0,LAC,SF,13.0,10.3,0.8,3.1,0.275,0.4,1.7,0.227,0.5,1.4,0.333,0.338,0.5,0.7,0.778,0.2,1.4,1.5,0.2,0.5,0.1,0.2,1.8,2.6,2014,Playoffs,3.6,0.387,0.55,0.225,1.6,16.0,8.6,3.0,2.2,0.6,6.4,15.2,-0.2,0.1,-0.1,-0.025,-5.9,-0.8,-6.7,-0.2
danny green,26.0,SAS,SG,23.0,23.0,3.4,6.9,0.491,2.1,4.4,0.475,1.3,2.5,0.517,0.642,0.4,0.5,0.818,0.4,2.6,3.0,0.9,1.4,0.7,0.9,2.2,9.3,2014,Playoffs,16.5,0.65,0.635,0.069,2.0,13.0,7.6,5.9,3.1,2.6,10.9,16.1,0.9,1.0,1.9,0.172,2.5,3.7,6.2,1.1
danny green,27.0,SAS,SG,7.0,29.1,3.0,8.7,0.344,1.7,5.7,0.3,1.3,3.0,0.429,0.443,0.6,0.9,0.667,1.0,2.1,3.1,2.1,1.0,1.0,0.7,1.7,8.3,2015,Playoffs,10.5,0.456,0.656,0.098,3.5,8.1,5.8,10.8,1.7,2.7,7.3,15.1,0.1,0.2,0.2,0.053,0.5,1.4,2.0,0.2
danny green,28.0,SAS,SG,10.0,26.7,3.0,6.4,0.469,2.4,4.7,0.511,0.6,1.7,0.353,0.656,0.2,0.3,0.667,0.0,3.1,3.1,0.7,2.1,0.8,0.6,2.0,8.6,2016,Playoffs,15.3,0.658,0.734,0.047,0.0,12.6,6.7,3.8,4.1,2.4,8.4,12.4,0.4,0.6,0.9,0.17,1.7,5.0,6.8,0.6
danny green,29.0,SAS,SG,16.0,27.3,2.8,6.9,0.405,1.6,4.8,0.342,1.2,2.2,0.543,0.523,0.5,0.9,0.571,0.8,2.8,3.6,1.4,0.6,0.9,1.1,1.9,7.8,2017,Playoffs,9.6,0.529,0.685,0.126,3.3,12.2,7.6,7.3,1.2,3.4,12.7,13.6,0.1,0.3,0.5,0.051,-0.4,1.3,0.9,0.3
danny green,30.0,SAS,SG,5.0,20.6,1.6,6.0,0.267,1.0,4.0,0.25,0.6,2.0,0.3,0.35,0.0,0.0,0.0,0.8,1.4,2.2,0.2,0.2,0.8,0.4,1.6,4.2,2018,Playoffs,2.7,0.35,0.667,0.0,4.1,8.2,6.0,1.5,0.5,3.4,6.3,14.2,-0.2,0.0,-0.2,-0.092,-4.3,-2.2,-6.5,-0.1
danny green,31.0,TOR,SG,24.0,28.5,2.2,6.5,0.342,1.6,5.0,0.328,0.6,1.5,0.389,0.468,0.9,1.0,0.913,0.7,2.9,3.6,1.1,1.3,0.5,1.1,2.5,6.9,2019,Playoffs,7.7,0.503,0.768,0.148,2.7,11.3,7.0,5.4,2.4,1.6,13.6,12.7,-0.3,1.1,0.8,0.058,-2.2,1.5,-0.7,0.2
danny green,32.0,LAL,SG,21.0,25.0,2.8,8.1,0.347,1.9,5.5,0.339,1.0,2.6,0.364,0.462,0.5,0.7,0.667,1.2,2.0,3.1,1.2,1.0,0.8,0.6,2.3,8.0,2020,Playoffs,9.6,0.473,0.676,0.088,5.7,9.2,7.4,6.7,1.9,3.0,6.4,15.6,0.1,0.7,0.8,0.07,-1.2,0.5,-0.7,0.2
danny green,33.0,PHI,SF,8.0,24.9,2.6,6.0,0.438,1.8,4.6,0.378,0.9,1.4,0.636,0.583,0.0,0.0,0.0,1.1,1.5,2.6,2.6,1.1,1.0,0.6,1.6,7.0,2021,Playoffs,13.0,0.583,0.771,0.0,5.1,6.4,5.8,13.5,2.2,3.3,9.4,11.5,0.3,0.3,0.6,0.143,1.4,2.0,3.5,0.3
danny green,34.0,PHI,SF,12.0,26.6,3.0,7.4,0.404,2.6,6.3,0.408,0.4,1.1,0.385,0.579,0.0,0.1,0.0,0.8,2.3,3.1,0.8,1.0,0.3,1.1,1.9,8.6,2022,Playoffs,9.9,0.576,0.854,0.011,3.6,10.3,7.1,4.9,2.0,1.2,12.7,15.1,0.0,0.3,0.3,0.049,0.4,0.9,1.3,0.3
danny green,35.0,CLE,SG,4.0,10.0,0.3,1.3,0.2,0.3,1.0,0.25,0.0,0.3,0.0,0.3,0.0,0.0,0.0,0.5,1.3,1.8,0.3,0.5,0.3,0.5,1.8,0.8,2023,Playoffs,1.7,0.3,0.8,0.0,6.1,14.0,10.2,3.5,2.6,2.2,28.6,8.2,-0.1,0.1,0.0,-0.003,-7.8,3.1,-4.8,0.0
danta exum,21.0,UTA,PG,7.0,12.0,1.6,3.9,0.407,0.6,1.7,0.333,1.0,2.1,0.467,0.481,0.9,0.9,1.0,0.3,0.6,0.9,1.3,0.7,0.0,0.4,1.4,4.6,2017,Playoffs,13.3,0.54,0.444,0.222,2.8,5.7,4.3,17.5,3.1,0.0,9.2,18.5,0.1,0.1,0.2,0.097,0.7,2.3,3.0,0.1
danta exum,22.0,UTA,PG,10.0,11.4,2.0,4.1,0.488,0.2,0.7,0.286,1.8,3.4,0.529,0.512,0.9,1.2,0.75,0.4,1.0,1.4,1.0,0.1,0.1,1.5,1.5,5.1,2018,Playoffs,8.0,0.551,0.171,0.293,3.7,9.5,6.6,14.4,0.4,0.8,24.5,23.7,-0.2,0.1,-0.1,-0.032,-4.4,-1.8,-6.2,-0.1
danta exum,28.0,DAL,PG,21.0,6.9,0.8,2.1,0.364,0.3,1.0,0.35,0.4,1.1,0.375,0.443,0.2,0.3,0.667,0.1,0.7,0.8,0.6,0.1,0.0,0.2,0.4,2.0,2024,Playoffs,7.7,0.461,0.455,0.136,2.4,11.1,6.8,11.9,1.1,0.7,9.7,16.3,-0.1,0.1,0.1,0.024,-2.6,-0.5,-3.1,0.0
dante cunningham,27.0,NOP,PF,4.0,18.8,2.3,2.8,0.818,0.0,0.0,0.0,2.3,2.8,0.818,0.818,0.8,0.8,1.0,1.0,3.5,4.5,0.5,0.8,1.0,0.0,1.8,5.3,2015,Playoffs,19.8,0.852,0.0,0.273,6.1,20.3,13.4,4.1,2.1,4.6,0.0,7.5,0.3,0.0,0.3,0.193,3.4,4.3,7.7,0.2
dante cunningham,31.0,SAS,PF,5.0,2.6,0.4,0.6,0.667,0.4,0.4,1.0,0.0,0.2,0.0,1.0,0.0,0.0,0.0,0.4,0.8,1.2,0.0,0.0,0.0,0.0,0.0,1.2,2019,Playoffs,29.5,1.0,0.667,0.0,16.7,32.9,24.9,0.0,0.0,0.0,0.0,10.7,0.1,0.0,0.1,0.314,12.1,0.0,12.1,0.0
danuel house,25.0,HOU,SF,7.0,20.1,1.6,5.3,0.297,1.1,4.4,0.258,0.4,0.9,0.5,0.405,0.6,1.1,0.5,0.3,2.9,3.1,0.1,0.4,0.3,0.6,1.6,4.9,2019,Playoffs,4.0,0.42,0.838,0.216,1.7,15.5,8.8,1.0,1.1,1.3,9.0,14.0,-0.2,0.1,0.0,-0.016,-3.9,-1.5,-5.4,-0.1
danuel house,26.0,HOU,SF,9.0,31.0,4.1,9.4,0.435,2.1,5.9,0.358,2.0,3.6,0.563,0.547,1.1,1.4,0.769,1.1,4.7,5.8,1.4,0.9,0.0,0.8,2.4,11.4,2020,Playoffs,12.0,0.568,0.624,0.153,3.8,17.7,10.4,7.3,1.4,0.0,7.2,15.7,0.2,0.4,0.6,0.103,-0.4,0.5,0.1,0.2
danuel house,28.0,UTA,SF,6.0,18.7,1.5,3.7,0.409,0.3,1.7,0.2,1.2,2.0,0.583,0.455,1.0,1.3,0.75,0.3,2.5,2.8,0.7,0.0,0.2,1.0,1.2,4.3,2022,Playoffs,5.2,0.509,0.455,0.364,2.1,15.5,8.8,5.5,0.0,1.1,19.0,13.2,-0.1,0.0,-0.1,-0.027,-2.7,-0.7,-3.4,0.0
danuel house,29.0,PHI,SF,7.0,6.0,1.3,3.0,0.429,0.1,1.4,0.1,1.1,1.6,0.727,0.452,0.1,0.1,1.0,0.0,1.7,1.7,0.1,0.0,0.0,0.1,0.6,2.9,2023,Playoffs,9.9,0.466,0.476,0.048,0.0,34.1,16.6,4.4,0.0,0.0,4.5,24.7,-0.1,0.0,0.0,-0.025,-4.2,-1.1,-5.3,0.0
daquan jeffries,25.0,NYK,SG,2.0,2.5,0.0,0.0,0.0,0.0,0.0,0.0,0.0,0.0,0.0,0.0,0.0,0.0,0.0,0.0,0.0,0.0,0.0,0.0,0.0,0.0,1.0,0.0,2023,Playoffs,-6.7,0.0,,,0.0,0.0,0.0,0.0,0.0,0.0,0.0,0.0,0.0,0.0,0.0,0.03,-19.0,-1.0,-20.1,0.0
daquan jeffries,26.0,NYK,SG,4.0,5.0,0.8,2.0,0.375,0.5,1.3,0.4,0.3,0.8,0.333,0.5,0.0,0.0,0.0,0.3,0.8,1.0,0.0,0.3,0.0,0.0,0.5,2.0,2024,Playoffs,11.8,0.5,0.625,0.0,5.6,18.3,11.7,0.0,2.6,0.0,0.0,17.6,0.0,0.0,0.0,0.064,-1.2,1.7,0.5,0.0
dario a aria,23.0,PHI,PF,10.0,32.9,5.9,14.0,0.421,2.0,5.2,0.385,3.9,8.8,0.443,0.493,3.4,4.0,0.85,3.2,4.1,7.3,3.5,1.0,0.4,1.5,2.8,17.2,2018,Playoffs,18.6,0.546,0.371,0.286,10.3,13.5,11.9,17.2,1.5,1.1,8.7,22.0,0.8,0.4,1.2,0.173,4.1,-0.1,3.9,0.5
dario a aria,26.0,PHO,C,14.0,10.5,1.5,3.2,0.467,0.6,1.3,0.444,0.9,1.9,0.481,0.556,0.9,1.0,0.929,0.6,1.9,2.5,1.0,0.1,0.1,0.4,1.5,4.5,2021,Playoffs,15.2,0.616,0.4,0.311,7.2,18.6,13.2,13.4,0.7,0.6,10.5,17.8,0.3,0.2,0.5,0.169,0.5,1.2,1.7,0.1
darius bazley,19.0,OKC,PF,7.0,18.0,1.9,4.4,0.419,1.6,3.1,0.5,0.3,1.3,0.222,0.597,1.3,1.4,0.9,0.3,6.4,6.7,0.9,0.0,0.4,0.9,0.3,6.6,2020,Playoffs,14.3,0.65,0.71,0.323,1.7,36.0,19.5,7.3,0.0,2.9,14.5,14.2,0.2,0.2,0.3,0.133,2.7,3.0,5.7,0.2
darius garland,23.0,CLE,PG,5.0,37.8,7.0,16.0,0.438,2.4,6.2,0.387,4.6,9.8,0.469,0.513,4.2,5.0,0.84,0.0,1.8,1.8,5.0,1.6,0.2,3.6,3.4,20.6,2023,Playoffs,13.3,0.566,0.388,0.313,0.0,5.3,2.8,24.1,2.2,0.5,16.5,27.0,0.0,0.2,0.2,0.056,0.7,0.5,1.2,0.2
darius garland,24.0,CLE,PG,12.0,36.0,6.1,14.3,0.427,2.1,5.9,0.352,4.0,8.3,0.48,0.5,1.4,1.8,0.81,0.1,3.5,3.6,5.8,1.1,0.2,2.3,2.8,15.7,2024,Playoffs,12.4,0.522,0.415,0.123,0.3,11.1,5.7,26.2,1.6,0.5,13.0,22.3,-0.1,0.4,0.3,0.037,-0.9,0.0,-0.9,0.1
darius miller,27.0,NOP,SF,9.0,18.0,1.6,3.8,0.412,1.0,2.7,0.375,0.6,1.1,0.5,0.544,0.7,0.7,1.0,0.2,2.0,2.2,1.2,0.6,0.0,0.7,1.1,4.8,2018,Playoffs,8.6,0.587,0.706,0.176,1.3,11.2,6.4,8.4,1.4,0.0,14.1,11.3,0.1,0.1,0.2,0.067,-1.6,0.5,-1.1,0.0
darren collison,26.0,LAC,PG,13.0,19.2,2.7,6.9,0.389,0.1,0.9,0.083,2.6,6.0,0.436,0.394,3.0,3.5,0.867,0.8,1.3,2.1,2.4,0.5,0.1,0.9,1.3,8.5,2014,Playoffs,13.9,0.501,0.133,0.5,4.4,8.1,6.2,18.3,1.2,0.3,9.9,21.2,0.3,0.0,0.4,0.07,0.5,-1.3,-0.7,0.1
darren collison,30.0,IND,PG,7.0,30.6,4.4,9.7,0.456,1.1,3.3,0.348,3.3,6.4,0.511,0.515,1.3,1.7,0.75,0.1,2.9,3.0,4.7,1.0,0.0,1.3,1.0,11.3,2018,Playoffs,14.8,0.539,0.338,0.176,0.6,10.9,6.0,23.4,1.7,0.0,10.9,18.1,0.3,0.3,0.6,0.126,0.5,0.4,0.9,0.2
darren collison,31.0,IND,PG,4.0,29.3,4.8,11.3,0.422,1.0,2.8,0.364,3.8,8.5,0.441,0.467,1.5,1.5,1.0,1.0,2.0,3.0,4.0,0.5,0.0,2.5,2.8,12.0,2019,Playoffs,9.9,0.504,0.244,0.133,3.4,8.3,5.6,25.5,0.9,0.0,17.3,22.8,-0.1,0.1,0.0,0.002,-2.6,-1.5,-4.1,-0.1
david lee,30.0,GSW,PF,7.0,31.0,5.9,11.0,0.532,0.0,0.0,0.0,5.9,11.0,0.532,0.532,2.1,2.7,0.789,3.4,5.7,9.1,2.6,0.6,0.0,2.4,4.0,13.9,2014,Playoffs,15.6,0.568,0.0,0.247,12.4,21.6,16.9,13.6,0.9,0.0,16.6,20.1,0.3,0.1,0.4,0.081,0.3,-0.1,0.2,0.1
david lee,31.0,GSW,PF,13.0,8.2,1.2,3.1,0.4,0.0,0.0,0.0,1.2,3.1,0.4,0.4,0.6,1.2,0.533,0.8,1.8,2.6,0.6,0.2,0.2,0.2,1.3,3.1,2015,Playoffs,14.1,0.429,0.0,0.375,11.3,23.2,17.3,11.8,1.4,1.5,4.1,20.4,0.1,0.2,0.3,0.133,-1.4,0.6,-0.9,0.0
david lee,32.0,DAL,PF,2.0,16.5,3.0,4.0,0.75,0.0,0.0,0.0,3.0,4.0,0.75,0.75,0.0,0.0,0.0,0.5,2.5,3.0,0.5,0.0,0.0,0.0,3.5,6.0,2016,Playoffs,14.1,0.75,0.0,0.0,3.4,18.5,10.6,5.5,0.0,0.0,0.0,11.2,0.1,0.0,0.1,0.104,-0.8,-2.4,-3.2,0.0
david lee,33.0,SAS,PF,15.0,16.3,1.7,3.2,0.521,0.0,0.1,0.0,1.7,3.1,0.532,0.521,0.7,1.1,0.647,1.3,2.5,3.8,0.7,0.3,0.3,0.4,1.3,4.1,2017,Playoffs,12.1,0.55,0.021,0.354,9.1,18.2,13.4,6.2,0.8,2.0,9.8,11.1,0.3,0.2,0.5,0.098,-0.5,-0.1,-0.6,0.1
david roddy,21.0,MEM,PF,6.0,12.7,1.3,4.8,0.276,1.0,3.3,0.3,0.3,1.5,0.222,0.379,0.2,0.2,1.0,0.7,2.2,2.8,0.7,0.0,0.3,0.2,1.0,3.8,2023,Playoffs,6.2,0.391,0.69,0.034,5.0,18.7,11.4,7.7,0.0,2.3,3.3,16.8,-0.1,0.1,0.0,0.002,-2.0,0.3,-1.6,0.0
david roddy,22.0,PHO,PF,2.0,1.5,0.0,0.0,0.0,0.0,0.0,0.0,0.0,0.0,0.0,0.0,0.0,0.0,0.0,0.0,0.0,0.0,0.0,0.0,0.0,0.0,0.0,0.0,2024,Playoffs,0.0,0.0,,,0.0,0.0,0.0,0.0,0.0,0.0,0.0,0.0,0.0,0.0,0.0,-0.073,-2.8,-1.2,-4.0,0.0
david stockton,26.0,UTA,PG,2.0,3.0,0.5,1.5,0.333,0.0,0.5,0.0,0.5,1.0,0.5,0.333,0.0,0.0,0.0,0.0,0.5,0.5,0.0,0.0,0.0,0.0,0.5,1.0,2018,Playoffs,-0.7,0.333,0.333,0.0,0.0,18.1,9.0,0.0,0.0,0.0,0.0,22.1,0.0,0.0,0.0,-0.136,-10.5,-1.4,-11.9,0.0
david west,33.0,IND,PF,19.0,36.2,6.4,12.9,0.494,0.1,0.5,0.2,6.3,12.4,0.506,0.498,2.3,3.2,0.705,1.3,5.5,6.7,3.9,0.7,0.8,2.3,3.0,15.1,2014,Playoffs,15.5,0.528,0.041,0.249,4.3,17.9,11.3,20.8,1.1,2.0,13.7,22.4,0.3,1.0,1.3,0.093,0.2,1.4,1.6,0.6
david west,35.0,SAS,PF,10.0,17.6,2.5,5.5,0.455,0.3,0.6,0.5,2.2,4.9,0.449,0.482,0.5,0.9,0.556,1.3,2.4,3.7,1.3,0.6,0.7,0.7,1.9,5.8,2016,Playoffs,14.4,0.492,0.109,0.164,9.1,14.8,12.1,11.1,1.8,3.1,10.6,17.4,0.1,0.3,0.4,0.116,-0.4,1.4,0.9,0.1
david west,36.0,GSW,C,17.0,13.0,2.0,3.5,0.576,0.1,0.1,0.5,1.9,3.4,0.579,0.585,0.4,0.5,0.778,0.4,2.3,2.7,2.1,0.4,0.8,0.6,1.5,4.5,2017,Playoffs,16.6,0.604,0.034,0.153,3.7,17.8,11.2,22.0,1.5,4.8,13.7,14.2,0.4,0.4,0.9,0.185,1.1,3.9,5.0,0.4
david west,37.0,GSW,C,18.0,9.7,1.5,2.5,0.6,0.1,0.1,0.5,1.4,2.4,0.605,0.611,0.2,0.2,1.0,0.6,1.4,2.1,1.8,0.3,0.6,0.6,1.3,3.3,2018,Playoffs,19.2,0.631,0.044,0.089,7.2,15.5,11.6,26.1,1.7,5.0,17.6,14.5,0.5,0.3,0.8,0.217,1.7,4.1,5.8,0.3
davion mitchell,24.0,SAC,PG,7.0,20.0,2.7,6.6,0.413,1.0,3.9,0.259,1.7,2.7,0.632,0.489,0.7,0.9,0.833,0.4,0.9,1.3,1.7,0.9,0.1,0.9,1.0,7.1,2023,Playoffs,9.6,0.514,0.587,0.13,2.1,4.5,3.3,11.9,2.0,0.7,11.0,15.5,0.0,0.1,0.1,0.047,-1.6,0.7,-0.9,0.0
davis bertans,24.0,SAS,PF,13.0,8.6,0.9,2.1,0.444,0.6,1.5,0.4,0.3,0.5,0.571,0.593,0.3,0.5,0.667,0.4,1.2,1.5,0.2,0.2,0.3,0.5,0.5,2.8,2017,Playoffs,11.7,0.607,0.741,0.222,5.0,16.1,10.3,3.7,1.4,3.5,16.8,14.1,0.1,0.1,0.2,0.076,0.0,0.0,0.0,0.1
davis bertans,25.0,SAS,PF,5.0,16.4,0.6,3.6,0.167,0.6,3.2,0.188,0.0,0.4,0.0,0.25,1.6,2.2,0.727,0.2,2.0,2.2,1.2,0.4,0.0,0.2,2.0,3.4,2018,Playoffs,4.1,0.372,0.889,0.611,1.3,14.8,7.6,10.7,1.3,0.0,4.2,13.3,-0.1,0.0,-0.1,-0.029,-4.6,-1.4,-6.0,-0.1
davis bertans,26.0,SAS,PF,5.0,15.8,1.0,3.0,0.333,0.6,2.2,0.273,0.4,0.8,0.5,0.433,0.6,1.0,0.6,0.0,1.6,1.6,1.0,0.0,0.2,0.2,2.0,3.2,2019,Playoffs,4.5,0.465,0.733,0.333,0.0,10.8,5.5,8.3,0.0,1.0,5.5,10.7,0.0,0.0,0.0,0.006,-3.8,-1.0,-4.8,-0.1
davis bertans,28.0,WAS,PF,4.0,26.5,2.8,6.8,0.407,2.0,5.8,0.348,0.8,1.0,0.75,0.556,1.8,1.8,1.0,0.0,2.8,2.8,0.3,0.3,0.5,0.3,3.0,9.3,2021,Playoffs,8.5,0.615,0.852,0.259,0.0,11.7,5.6,1.3,0.4,1.5,3.2,12.3,0.1,0.0,0.1,0.057,-1.6,-1.1,-2.7,0.0
davis bertans,29.0,DAL,PF,18.0,10.7,1.2,3.1,0.4,1.1,2.8,0.373,0.2,0.2,0.75,0.573,0.6,0.7,0.833,0.2,1.2,1.4,0.3,0.4,0.1,0.2,1.4,4.1,2022,Playoffs,13.0,0.606,0.927,0.218,2.4,13.7,8.0,4.9,2.2,0.9,4.7,15.6,0.3,0.2,0.4,0.112,0.0,0.9,0.9,0.1
dayron sharpe,21.0,BRK,C,2.0,10.0,1.0,1.5,0.667,0.0,0.0,0.0,1.0,1.5,0.667,0.667,1.0,1.0,1.0,1.0,2.0,3.0,2.5,0.0,0.5,1.0,1.5,3.0,2023,Playoffs,19.8,0.773,0.0,0.667,11.7,22.6,17.2,41.1,0.0,4.6,34.0,14.5,0.1,0.0,0.1,0.206,1.4,5.8,7.2,0.0
da¾anan musa,19.0,BRK,SG,2.0,7.5,1.0,1.5,0.667,0.0,0.5,0.0,1.0,1.0,1.0,0.667,0.0,0.0,0.0,0.0,0.0,0.0,0.0,1.0,0.0,1.5,2.0,2.0,2019,Playoffs,0.4,0.667,0.333,0.0,0.0,0.0,0.0,0.0,6.2,0.0,50.0,16.3,-0.1,0.0,-0.1,-0.163,-13.0,2.4,-10.7,0.0
da¾anan musa,20.0,BRK,SF,3.0,13.0,0.7,3.7,0.182,0.0,2.0,0.0,0.7,1.7,0.4,0.182,3.3,4.7,0.714,0.3,0.7,1.0,1.3,0.0,0.3,1.0,0.7,4.7,2020,Playoffs,4.1,0.408,0.545,1.273,2.4,5.6,3.9,14.6,0.0,2.5,14.9,21.3,-0.1,0.0,-0.1,-0.137,-5.8,-3.7,-9.5,-0.1
deaaron fox,25.0,SAC,PG,7.0,38.6,10.0,23.6,0.424,3.0,9.0,0.333,7.0,14.6,0.48,0.488,4.4,5.9,0.756,1.7,3.7,5.4,7.7,2.1,0.6,4.0,3.3,27.4,2023,Playoffs,18.9,0.524,0.382,0.248,4.4,10.1,7.2,33.6,2.6,1.4,13.3,31.0,0.2,0.3,0.5,0.092,4.0,1.0,5.0,0.5
dean wade,26.0,CLE,PF,2.0,5.5,0.0,0.5,0.0,0.0,0.5,0.0,0.0,0.0,0.0,0.0,1.0,1.0,1.0,0.0,1.5,1.5,0.0,0.0,0.0,0.0,0.0,1.0,2023,Playoffs,7.8,0.532,1.0,2.0,0.0,30.4,15.8,0.0,0.0,0.0,0.0,8.0,0.0,0.0,0.0,0.129,-3.2,1.6,-1.6,0.0
dean wade,27.0,CLE,PF,3.0,21.0,1.3,4.3,0.308,1.0,3.3,0.3,0.3,1.0,0.333,0.423,0.0,0.0,0.0,0.3,1.7,2.0,1.7,0.3,0.7,0.7,1.3,3.7,2024,Playoffs,5.3,0.423,0.769,0.0,1.8,9.0,5.5,11.1,0.8,3.2,13.3,11.1,-0.1,0.1,0.0,-0.003,-3.9,0.9,-3.1,0.0
deandre ayton,22.0,PHO,C,22.0,36.4,7.0,10.6,0.658,0.0,0.0,0.0,7.0,10.6,0.658,0.658,1.8,2.4,0.736,3.0,8.8,11.8,1.1,0.8,1.1,1.3,2.9,15.8,2021,Playoffs,19.5,0.674,0.0,0.226,9.9,25.3,18.1,4.7,1.1,2.8,9.8,16.3,1.9,1.5,3.4,0.203,2.1,0.9,3.0,1.0
deandre ayton,23.0,PHO,C,13.0,30.5,8.1,12.6,0.64,0.2,0.3,0.5,7.9,12.3,0.644,0.646,1.6,2.5,0.636,2.5,6.4,8.9,1.7,0.4,0.8,1.5,2.6,17.9,2022,Playoffs,23.5,0.653,0.024,0.201,10.2,24.1,17.4,9.3,0.6,2.4,9.6,22.9,1.2,0.2,1.4,0.167,3.4,0.2,3.6,0.6
deandre ayton,24.0,PHO,C,10.0,31.9,6.1,11.1,0.55,0.0,0.0,0.0,6.1,11.1,0.55,0.55,1.2,2.3,0.522,2.9,6.8,9.7,1.0,0.6,0.7,1.7,3.5,13.4,2023,Playoffs,13.9,0.553,0.0,0.207,10.9,24.4,17.8,4.4,0.9,1.8,12.3,19.0,0.1,0.2,0.3,0.047,-1.9,-1.6,-3.5,-0.1
deandre hunter,23.0,ATL,SF,5.0,30.4,3.6,9.0,0.4,1.2,3.2,0.375,2.4,5.8,0.414,0.467,2.4,3.2,0.75,0.4,3.6,4.0,0.6,0.2,0.6,1.4,2.2,10.8,2021,Playoffs,7.1,0.519,0.356,0.356,1.4,12.8,7.2,2.8,0.3,1.7,11.9,17.2,-0.1,0.2,0.0,0.012,-2.5,-0.7,-3.2,0.0
deandre hunter,24.0,ATL,SF,5.0,35.0,7.8,14.0,0.557,2.4,5.2,0.462,5.4,8.8,0.614,0.643,3.2,4.0,0.8,0.4,3.4,3.8,0.6,0.8,0.2,2.2,4.0,21.2,2022,Playoffs,16.8,0.673,0.371,0.286,1.4,12.0,6.6,3.5,1.2,0.6,12.2,23.6,0.3,0.1,0.4,0.108,2.1,0.8,2.9,0.2
deandre hunter,25.0,ATL,SF,6.0,37.3,6.5,14.2,0.459,2.3,6.3,0.368,4.2,7.8,0.532,0.541,1.3,1.7,0.8,1.2,4.5,5.7,1.2,0.7,0.3,1.5,3.3,16.7,2023,Playoffs,10.8,0.559,0.447,0.118,3.1,14.3,8.2,4.2,0.9,0.8,9.1,18.1,0.1,0.0,0.1,0.016,-1.9,-1.2,-3.1,-0.1
deandre jordan,25.0,LAC,C,13.0,34.0,3.5,4.8,0.73,0.0,0.0,0.0,3.5,4.8,0.73,0.73,2.5,5.8,0.434,3.3,9.2,12.5,0.8,0.9,2.5,1.8,3.5,9.6,2014,Playoffs,16.5,0.648,0.0,1.206,10.7,32.3,21.1,3.2,1.4,6.3,19.3,11.7,0.5,0.7,1.2,0.13,0.6,1.8,2.4,0.5
deandre jordan,26.0,LAC,C,14.0,34.4,4.1,5.8,0.716,0.0,0.0,0.0,4.1,5.8,0.716,0.716,4.8,11.2,0.427,3.5,9.9,13.4,1.1,1.1,2.4,1.2,3.0,13.1,2015,Playoffs,20.7,0.61,0.0,1.938,10.9,29.7,20.4,4.8,1.6,5.9,10.2,15.0,1.2,0.8,1.9,0.192,2.9,1.5,4.4,0.8
deandre jordan,27.0,LAC,C,6.0,33.0,4.0,6.3,0.632,0.0,0.0,0.0,4.0,6.3,0.632,0.632,3.7,9.8,0.373,5.0,11.3,16.3,1.8,1.2,2.7,1.2,2.8,11.7,2016,Playoffs,24.0,0.547,0.0,1.553,15.1,33.8,24.5,8.5,1.8,6.8,9.9,16.0,0.4,0.5,1.0,0.231,2.7,2.6,5.3,0.4
deandre jordan,28.0,LAC,C,7.0,37.7,6.1,8.7,0.705,0.0,0.1,0.0,6.1,8.6,0.717,0.705,3.1,8.0,0.393,3.6,10.9,14.4,0.7,0.4,0.9,2.4,4.1,15.4,2017,Playoffs,17.3,0.631,0.016,0.918,11.7,37.6,24.3,3.2,0.6,2.2,16.6,18.7,0.3,0.4,0.7,0.128,0.8,-0.1,0.7,0.2
deandre jordan,33.0,PHI,C,3.0,10.3,1.7,1.7,1.0,0.0,0.0,0.0,1.7,1.7,1.0,1.0,0.0,0.0,0.0,0.3,2.0,2.3,0.3,0.0,0.7,0.7,1.3,3.3,2022,Playoffs,15.7,1.0,0.0,0.0,4.1,22.7,13.8,5.5,0.0,6.0,28.6,10.6,0.1,0.0,0.1,0.136,-1.3,2.3,1.0,0.0
deandre jordan,34.0,DEN,C,4.0,3.5,0.5,0.8,0.667,0.0,0.0,0.0,0.5,0.8,0.667,0.667,0.3,0.5,0.5,0.0,1.0,1.0,0.3,0.0,0.3,0.5,0.5,1.3,2023,Playoffs,8.8,0.644,0.0,0.667,0.0,32.1,16.6,9.7,0.0,6.2,34.0,18.9,0.0,0.0,0.0,-0.011,-7.2,4.6,-2.6,0.0
deandre jordan,35.0,DEN,C,2.0,6.5,0.5,1.0,0.5,0.0,0.0,0.0,0.5,1.0,0.5,0.5,1.0,1.0,1.0,0.5,1.0,1.5,0.0,0.5,0.5,0.0,2.0,2.0,2024,Playoffs,17.3,0.694,0.0,1.0,8.5,18.0,13.1,0.0,4.0,7.2,0.0,10.2,0.0,0.0,0.1,0.268,-5.0,4.7,-0.3,0.0
deandre liggins,29.0,NOP,SG,3.0,4.7,0.0,0.3,0.0,0.0,0.0,0.0,0.0,0.3,0.0,0.0,0.3,0.7,0.5,0.0,0.3,0.3,0.0,0.0,0.0,0.7,0.0,0.3,2018,Playoffs,-7.7,0.266,0.0,2.0,0.0,7.2,3.7,0.0,0.0,0.0,51.5,11.8,-0.1,0.0,-0.1,-0.237,-11.0,-3.8,-14.8,0.0
deanthony melton,22.0,MEM,PG,5.0,16.6,2.2,6.2,0.355,1.2,4.0,0.3,1.0,2.2,0.455,0.452,0.6,1.0,0.6,0.8,2.4,3.2,1.0,0.2,0.8,0.6,1.4,6.2,2021,Playoffs,9.9,0.467,0.645,0.161,4.9,17.4,10.7,7.6,0.6,5.1,8.3,18.4,0.0,0.0,-0.1,-0.03,-1.2,-1.7,-2.9,0.0
deanthony melton,23.0,MEM,SG,10.0,17.0,2.1,6.5,0.323,1.1,4.4,0.25,1.0,2.1,0.476,0.408,0.3,0.4,0.75,0.9,2.2,3.1,1.6,1.0,0.5,1.4,0.9,5.6,2022,Playoffs,8.5,0.419,0.677,0.062,5.3,14.4,9.6,13.4,2.8,2.9,17.3,19.4,-0.3,0.3,0.0,-0.014,-2.8,0.3,-2.4,0.0
deanthony melton,24.0,PHI,SG,11.0,24.9,2.8,7.4,0.383,1.7,4.5,0.388,1.1,2.9,0.375,0.5,0.5,0.7,0.75,1.3,2.0,3.3,1.6,1.2,0.8,0.7,1.8,7.9,2023,Playoffs,12.6,0.515,0.605,0.099,5.8,9.6,7.7,10.2,2.5,3.6,8.6,15.6,0.2,0.3,0.5,0.086,0.2,1.7,1.9,0.3
dejounte murray,20.0,SAS,PG,11.0,15.3,2.1,5.5,0.377,0.0,0.3,0.0,2.1,5.3,0.397,0.377,1.5,2.3,0.68,0.4,2.1,2.5,2.5,1.5,0.1,1.5,1.3,5.7,2017,Playoffs,12.7,0.438,0.049,0.41,2.6,16.5,9.3,23.4,4.9,0.6,18.2,23.2,-0.3,0.3,0.0,0.004,-4.0,2.6,-1.4,0.0
dejounte murray,21.0,SAS,PG,5.0,19.2,2.8,6.2,0.452,0.8,1.2,0.667,2.0,5.0,0.4,0.516,1.4,1.8,0.778,0.8,3.4,4.2,1.8,1.0,0.4,1.0,2.2,7.8,2018,Playoffs,16.3,0.558,0.194,0.29,4.4,21.5,12.4,16.3,2.7,1.8,12.5,19.0,0.1,0.1,0.2,0.094,0.6,2.7,3.3,0.1
dejounte murray,26.0,ATL,SG,5.0,38.0,9.2,20.6,0.447,2.8,7.4,0.378,6.4,13.2,0.485,0.515,1.8,1.8,1.0,1.8,5.4,7.2,6.8,2.0,0.2,2.0,1.4,23.0,2023,Playoffs,20.5,0.538,0.359,0.087,4.7,16.9,10.2,26.5,2.5,0.5,8.5,25.3,0.3,0.1,0.4,0.1,3.9,1.3,5.1,0.3
dejuan blair,24.0,DAL,PF,6.0,13.5,2.7,4.5,0.593,0.0,0.0,0.0,2.7,4.5,0.593,0.593,1.3,2.2,0.615,2.3,3.8,6.2,0.2,2.0,0.0,0.8,2.3,6.7,2014,Playoffs,28.8,0.611,0.0,0.481,18.7,36.0,26.6,2.0,7.7,0.0,13.3,21.0,0.2,0.2,0.4,0.255,3.6,3.8,7.4,0.2
delon wright,23.0,TOR,PG,9.0,4.6,0.3,1.1,0.3,0.0,0.1,0.0,0.3,1.0,0.333,0.3,0.9,1.4,0.615,0.1,0.3,0.4,0.3,0.3,0.0,0.2,0.2,1.6,2016,Playoffs,12.0,0.445,0.1,1.3,2.8,9.3,5.9,11.6,3.9,0.0,11.3,20.0,0.0,0.0,0.0,0.035,-1.0,0.3,-0.7,0.0
delon wright,24.0,TOR,PG,9.0,10.2,1.0,1.9,0.529,0.2,0.7,0.333,0.8,1.2,0.636,0.588,0.6,0.8,0.714,0.4,1.0,1.4,1.4,0.4,0.1,0.6,0.4,2.8,2017,Playoffs,14.7,0.623,0.353,0.412,5.3,11.7,8.6,22.2,2.2,1.0,19.9,12.8,0.1,0.1,0.2,0.123,1.4,1.8,3.1,0.1
delon wright,25.0,TOR,PG,10.0,21.5,3.1,6.8,0.456,0.9,2.1,0.429,2.2,4.7,0.468,0.522,1.5,1.6,0.938,0.3,1.9,2.2,2.3,1.5,0.9,0.9,1.0,8.6,2018,Playoffs,18.0,0.573,0.309,0.235,1.7,11.0,6.3,16.3,3.5,3.3,10.7,17.7,0.4,0.2,0.5,0.114,2.1,3.0,5.2,0.4
delon wright,27.0,DAL,PG,4.0,13.3,1.5,2.5,0.6,0.3,0.5,0.5,1.3,2.0,0.625,0.65,0.8,1.3,0.6,0.3,0.5,0.8,1.8,1.3,0.0,1.3,0.5,4.0,2020,Playoffs,13.6,0.656,0.2,0.5,2.0,4.2,3.1,17.6,4.4,0.0,29.1,14.0,0.0,0.0,0.0,0.03,-0.3,0.9,0.5,0.0
delon wright,29.0,ATL,SG,5.0,27.4,3.0,5.8,0.517,1.0,2.6,0.385,2.0,3.2,0.625,0.603,1.2,1.8,0.667,2.2,2.6,4.8,2.8,0.8,0.2,1.0,0.4,8.2,2022,Playoffs,15.9,0.622,0.448,0.31,9.5,11.7,10.6,16.8,1.5,0.7,13.2,12.8,0.3,0.1,0.4,0.13,3.3,1.5,4.8,0.2
delon wright,31.0,MIA,PG,4.0,26.8,3.0,5.0,0.6,1.5,2.5,0.6,1.5,2.5,0.6,0.75,0.5,0.5,1.0,0.5,2.5,3.0,1.8,1.0,0.3,0.0,1.3,8.0,2024,Playoffs,15.5,0.766,0.5,0.1,2.1,11.3,6.6,10.4,2.0,1.1,0.0,9.6,0.3,0.1,0.4,0.158,0.1,3.8,3.9,0.2
demar derozan,24.0,TOR,SG,7.0,40.3,6.4,16.7,0.385,0.9,2.6,0.333,5.6,14.1,0.394,0.41,10.1,11.3,0.899,0.4,3.7,4.1,3.6,1.1,0.3,2.6,3.3,23.9,2014,Playoffs,18.2,0.55,0.154,0.675,1.3,10.8,6.3,17.0,1.5,0.6,10.6,28.3,0.6,0.2,0.8,0.136,2.3,-0.2,2.1,0.3
demar derozan,25.0,TOR,SG,4.0,39.8,8.0,20.0,0.4,0.8,2.0,0.375,7.3,18.0,0.403,0.419,3.5,4.3,0.824,1.3,5.0,6.3,5.8,1.5,0.0,2.5,3.0,20.3,2015,Playoffs,15.7,0.463,0.1,0.213,3.4,15.2,8.9,26.5,1.9,0.0,10.3,27.5,0.0,0.0,0.0,-0.007,1.6,-0.8,0.8,0.1
demar derozan,26.0,TOR,SG,20.0,37.3,7.9,19.9,0.394,0.2,1.3,0.154,7.7,18.6,0.411,0.399,5.0,6.2,0.813,0.7,3.5,4.2,2.7,1.1,0.2,2.3,2.6,20.9,2016,Playoffs,14.2,0.462,0.065,0.309,2.0,12.0,6.7,14.7,1.6,0.4,9.1,30.9,-0.4,0.5,0.1,0.009,0.2,-1.5,-1.3,0.1
demar derozan,27.0,TOR,SG,10.0,37.3,7.6,17.5,0.434,0.1,1.5,0.067,7.5,16.0,0.469,0.437,7.1,8.0,0.888,0.4,4.5,4.9,3.4,1.4,0.0,2.5,2.6,22.4,2017,Playoffs,16.6,0.533,0.086,0.457,1.3,14.5,8.0,17.1,1.9,0.0,10.6,29.6,0.1,0.4,0.5,0.062,0.7,-0.5,0.2,0.2
demar derozan,28.0,TOR,SG,10.0,35.4,8.7,19.9,0.437,1.0,3.5,0.286,7.7,16.4,0.47,0.462,4.3,5.3,0.811,0.6,3.0,3.6,4.0,0.5,0.6,2.3,2.4,22.7,2018,Playoffs,16.3,0.511,0.176,0.266,2.0,10.6,6.2,20.3,0.7,1.3,9.4,31.5,0.2,-0.1,0.2,0.023,0.6,-2.5,-1.8,0.0
demar derozan,29.0,SAS,SG,7.0,35.9,8.3,17.0,0.487,0.0,0.1,0.0,8.3,16.9,0.492,0.487,5.4,6.3,0.864,1.4,5.3,6.7,4.6,1.1,0.1,1.7,2.3,22.0,2019,Playoffs,23.2,0.557,0.008,0.37,4.3,15.8,10.1,21.6,1.7,0.3,8.0,27.8,0.6,0.1,0.8,0.145,3.0,0.8,3.8,0.4
demar derozan,32.0,CHI,PF,5.0,40.6,7.8,19.0,0.411,0.0,1.8,0.0,7.8,17.2,0.453,0.411,5.2,6.0,0.867,0.2,5.2,5.4,4.8,1.8,0.4,2.2,2.4,20.8,2022,Playoffs,13.4,0.481,0.095,0.316,0.5,14.0,6.7,20.9,2.1,1.0,9.2,25.7,-0.2,0.3,0.1,0.019,-1.3,0.5,-0.8,0.1
demarcus cousins,28.0,GSW,C,8.0,16.6,2.6,6.6,0.396,0.4,1.5,0.25,2.3,5.1,0.439,0.425,2.0,3.1,0.64,1.1,3.8,4.9,2.4,0.6,0.8,2.4,3.0,7.6,2019,Playoffs,11.0,0.477,0.226,0.472,8.0,25.2,16.9,20.7,1.9,4.4,22.9,27.1,-0.2,0.2,-0.1,-0.029,-4.9,1.4,-3.5,-0.1
demarcus cousins,30.0,LAC,C,7.0,8.3,2.7,6.0,0.452,0.6,1.4,0.4,2.1,4.6,0.469,0.5,1.6,2.0,0.786,0.9,1.1,2.0,0.7,0.3,0.4,0.7,1.9,7.6,2021,Playoffs,25.6,0.55,0.238,0.333,12.2,15.7,14.0,17.7,1.8,5.0,9.4,42.7,0.1,0.1,0.1,0.115,0.6,-0.3,0.4,0.0
demarcus cousins,31.0,DEN,C,5.0,11.4,3.8,5.8,0.655,0.8,1.2,0.667,3.0,4.6,0.652,0.724,2.2,3.0,0.733,0.6,2.8,3.4,1.2,0.6,0.2,1.4,1.8,10.6,2022,Playoffs,32.9,0.744,0.207,0.517,6.3,31.4,18.4,21.6,2.6,1.8,16.4,32.5,0.2,0.0,0.3,0.216,8.2,3.5,11.8,0.2
demarre carroll,27.0,ATL,SF,7.0,35.1,3.3,7.0,0.469,1.3,3.1,0.409,2.0,3.9,0.519,0.561,1.0,1.6,0.636,1.7,3.1,4.9,1.6,0.7,0.4,1.1,3.0,8.9,2014,Playoffs,10.0,0.576,0.449,0.224,5.2,10.8,7.9,8.3,1.1,1.1,12.9,11.7,0.2,0.3,0.5,0.107,-0.4,0.1,-0.3,0.1
demarre carroll,28.0,ATL,SF,16.0,34.9,5.4,11.1,0.486,1.8,4.5,0.403,3.6,6.6,0.543,0.568,2.0,2.6,0.78,1.6,4.4,6.1,2.0,1.1,0.3,0.9,2.3,14.6,2015,Playoffs,16.8,0.597,0.407,0.232,5.0,13.6,9.3,9.5,1.7,0.7,7.1,17.1,1.2,0.6,1.8,0.157,2.1,0.6,2.7,0.7
demarre carroll,29.0,TOR,SF,20.0,29.8,3.1,8.0,0.39,1.3,4.0,0.329,1.8,4.0,0.45,0.472,1.4,1.8,0.75,1.2,2.9,4.1,0.9,0.9,0.4,0.9,3.1,8.9,2016,Playoffs,9.9,0.506,0.497,0.226,4.4,12.4,8.1,4.8,1.6,1.0,9.3,15.0,0.3,0.5,0.8,0.062,-1.1,0.6,-0.6,0.2
demarre carroll,30.0,TOR,SF,10.0,15.5,1.5,3.7,0.405,0.7,2.2,0.318,0.8,1.5,0.533,0.5,0.5,0.9,0.556,0.4,2.3,2.7,0.5,0.8,0.5,0.5,1.3,4.2,2017,Playoffs,10.4,0.513,0.595,0.243,3.2,17.8,10.5,5.1,2.7,2.9,10.9,13.9,-0.1,0.2,0.2,0.06,-1.3,2.2,0.9,0.1
demarre carroll,32.0,BRK,PF,5.0,23.8,1.8,7.6,0.237,1.4,4.8,0.292,0.4,2.8,0.143,0.329,1.6,1.6,1.0,1.2,2.8,4.0,0.4,0.8,0.0,0.6,1.6,6.6,2019,Playoffs,5.4,0.397,0.632,0.211,4.8,13.1,8.6,2.3,1.6,0.0,6.7,15.2,-0.1,0.0,-0.1,-0.049,-3.4,-2.0,-5.4,-0.1
demarre carroll,33.0,HOU,C,2.0,3.0,0.5,1.0,0.5,0.0,0.0,0.0,0.5,1.0,0.5,0.5,0.0,0.0,0.0,0.0,1.5,1.5,0.5,0.0,0.0,0.0,0.5,1.0,2020,Playoffs,14.9,0.5,0.0,0.0,0.0,58.7,27.9,27.5,0.0,0.0,0.0,14.9,0.0,0.0,0.0,0.17,-3.6,4.5,0.9,0.0
dennis schrader,20.0,ATL,PG,2.0,3.5,1.0,1.0,1.0,0.5,0.5,1.0,0.5,0.5,1.0,1.25,0.0,0.0,0.0,0.0,1.0,1.0,0.0,0.0,0.0,0.0,0.5,2.5,2014,Playoffs,34.3,1.25,0.5,0.0,0.0,34.7,16.3,0.0,0.0,0.0,0.0,13.3,0.0,0.0,0.0,0.314,12.1,6.1,18.1,0.0
dennis schrader,21.0,ATL,PG,16.0,18.1,3.5,9.1,0.386,0.5,2.1,0.235,3.0,6.9,0.432,0.414,1.5,1.8,0.857,0.3,1.5,1.8,3.9,0.6,0.0,1.7,1.8,9.0,2015,Playoffs,13.4,0.458,0.234,0.193,1.8,8.9,5.4,37.8,1.6,0.0,14.6,28.9,-0.2,0.2,0.1,0.009,-1.0,-1.3,-2.3,0.0
dennis schrader,22.0,ATL,PG,10.0,19.1,4.7,10.4,0.452,1.2,3.5,0.343,3.5,6.9,0.507,0.51,1.1,1.3,0.846,0.6,1.3,1.9,3.6,0.4,0.1,2.1,2.4,11.7,2016,Playoffs,16.1,0.533,0.337,0.125,3.5,7.0,5.3,37.1,1.1,0.5,16.1,30.7,0.1,0.1,0.2,0.05,1.5,-1.3,0.2,0.1
dennis schrader,23.0,ATL,PG,6.0,35.2,8.3,18.3,0.455,2.8,6.7,0.425,5.5,11.7,0.471,0.532,5.2,6.2,0.838,0.7,1.7,2.3,7.7,1.0,0.0,1.7,3.2,24.7,2017,Playoffs,22.6,0.586,0.364,0.336,2.1,5.3,3.7,40.1,1.4,0.0,7.3,27.4,0.8,0.2,1.0,0.226,6.7,1.0,7.7,0.5
dennis schrader,25.0,OKC,PG,5.0,30.2,5.0,11.0,0.455,1.2,4.0,0.3,3.8,7.0,0.543,0.509,2.6,3.6,0.722,0.4,2.8,3.2,3.4,0.8,0.0,1.2,2.2,13.8,2019,Playoffs,13.7,0.548,0.364,0.327,1.4,10.2,5.7,18.1,1.3,0.0,8.7,19.5,0.2,0.1,0.3,0.08,-0.2,0.6,0.4,0.1
dennis schrader,26.0,OKC,PG,7.0,32.4,6.3,15.6,0.404,1.9,6.4,0.289,4.4,9.1,0.484,0.463,2.9,3.6,0.8,0.3,3.4,3.7,3.6,0.6,0.1,2.4,2.1,17.3,2020,Playoffs,11.6,0.504,0.413,0.229,1.0,10.7,6.0,19.7,0.8,0.5,12.4,26.0,-0.1,0.2,0.1,0.019,-0.4,-0.9,-1.3,0.0
dennis schrader,27.0,LAL,SG,6.0,32.7,4.7,11.7,0.4,1.3,4.3,0.308,3.3,7.3,0.455,0.457,3.7,4.3,0.846,0.2,2.8,3.0,2.8,1.0,0.2,1.7,2.2,14.3,2021,Playoffs,11.1,0.528,0.371,0.371,0.6,10.2,5.2,15.2,1.6,0.5,10.9,20.8,0.0,0.2,0.2,0.056,-1.6,0.7,-0.9,0.1
dennis schrader,29.0,LAL,PG,16.0,26.1,2.6,6.4,0.398,0.8,2.4,0.333,1.8,4.0,0.438,0.461,1.4,1.8,0.821,0.2,1.8,1.9,2.9,1.0,0.2,1.3,2.5,7.4,2023,Playoffs,7.9,0.512,0.379,0.272,0.8,6.7,3.9,14.7,1.9,0.6,14.8,14.3,-0.1,0.4,0.3,0.036,-4.1,0.8,-3.4,-0.1
denzel valentine,23.0,CHI,SG,4.0,5.5,0.5,1.5,0.333,0.3,1.0,0.25,0.3,0.5,0.5,0.417,0.0,0.0,0.0,0.0,2.0,2.0,0.5,0.0,0.3,0.5,0.3,1.3,2017,Playoffs,6.2,0.417,0.667,0.0,0.0,40.1,20.4,13.6,0.0,4.7,25.0,16.4,-0.1,0.0,0.0,-0.053,-4.5,1.4,-3.2,0.0
deonte burton,25.0,OKC,SG,3.0,1.3,0.3,1.7,0.2,0.0,0.7,0.0,0.3,1.0,0.333,0.2,0.0,0.0,0.0,0.3,0.3,0.7,0.0,0.0,0.0,0.0,0.0,0.7,2019,Playoffs,-7.3,0.2,0.4,0.0,26.7,27.5,27.1,0.0,0.0,0.0,0.0,53.4,-0.1,0.0,0.0,-0.596,-9.5,-10.4,-19.9,0.0
dereck lively,19.0,DAL,C,21.0,22.0,3.0,4.5,0.674,0.0,0.0,1.0,3.0,4.5,0.67,0.679,1.7,2.9,0.59,2.7,4.7,7.4,1.3,0.4,1.0,1.0,2.3,7.9,2024,Playoffs,19.3,0.677,0.011,0.642,14.3,24.4,19.3,8.7,1.0,4.2,14.7,14.1,1.2,0.7,1.9,0.2,1.3,1.9,3.2,0.6
derek fisher,39.0,OKC,SG,19.0,15.7,1.2,3.8,0.315,0.6,2.2,0.293,0.6,1.7,0.344,0.397,0.8,0.8,1.0,0.3,1.4,1.7,0.8,0.7,0.0,0.3,1.4,3.8,2014,Playoffs,7.9,0.459,0.562,0.205,2.4,9.7,6.2,8.0,2.3,0.0,7.0,13.1,0.1,0.3,0.3,0.053,-2.3,1.0,-1.3,0.0
deron williams,29.0,BRK,PG,12.0,35.7,5.0,12.7,0.395,1.5,4.4,0.34,3.5,8.3,0.424,0.454,3.0,3.8,0.8,0.6,2.6,3.2,5.8,1.1,0.2,2.3,2.6,14.5,2014,Playoffs,14.6,0.506,0.349,0.296,2.0,9.6,5.6,28.0,1.7,0.5,13.6,22.7,0.4,0.2,0.5,0.061,0.9,-1.3,-0.4,0.2
deron williams,30.0,BRK,PG,6.0,32.0,4.5,11.5,0.391,1.8,4.3,0.423,2.7,7.2,0.372,0.471,1.0,1.2,0.857,0.5,5.7,6.2,5.5,1.3,0.0,2.7,3.0,11.8,2015,Playoffs,12.9,0.493,0.377,0.101,1.7,19.2,10.4,28.6,2.1,0.0,18.2,21.0,0.0,0.2,0.2,0.039,-1.3,0.0,-1.3,0.0
deron williams,31.0,DAL,PG,3.0,16.3,2.0,6.0,0.333,1.0,2.3,0.429,1.0,3.7,0.273,0.417,0.0,0.0,0.0,0.0,0.7,0.7,2.7,0.3,0.0,2.3,2.0,5.0,2016,Playoffs,1.2,0.417,0.389,0.0,0.0,5.0,2.4,26.5,1.1,0.0,28.0,23.6,-0.2,-0.1,-0.3,-0.254,-4.3,-1.4,-5.8,0.0
deron williams,32.0,CLE,PG,18.0,14.6,1.6,3.6,0.438,0.7,1.7,0.387,0.9,1.8,0.485,0.531,0.6,0.6,0.909,0.2,1.1,1.3,2.1,0.6,0.1,0.9,1.6,4.3,2017,Playoffs,10.0,0.567,0.484,0.172,1.4,8.5,5.1,19.4,1.9,0.3,19.8,14.6,0.2,0.2,0.4,0.073,-1.9,-0.5,-2.4,0.0
derrick favors,25.0,UTA,PF,11.0,20.5,3.3,5.6,0.581,0.0,0.0,0.0,3.3,5.6,0.581,0.581,1.0,2.1,0.478,1.4,4.1,5.5,0.9,0.7,0.5,0.4,2.3,7.5,2017,Playoffs,17.0,0.575,0.0,0.371,8.0,24.1,16.0,7.6,1.9,2.4,5.3,16.1,0.4,0.3,0.7,0.145,0.8,2.0,2.8,0.3
derrick favors,26.0,UTA,C,11.0,26.0,3.8,6.2,0.618,0.2,0.5,0.4,3.6,5.7,0.635,0.632,1.5,3.0,0.485,1.8,3.4,5.2,1.2,0.7,1.0,0.9,1.5,9.3,2018,Playoffs,16.4,0.618,0.074,0.485,7.4,14.1,10.7,7.1,1.4,3.4,10.8,14.3,0.5,0.4,0.9,0.146,1.0,1.9,2.9,0.4
derrick favors,27.0,UTA,C,5.0,20.6,4.6,7.2,0.639,0.0,0.6,0.0,4.6,6.6,0.697,0.639,2.6,3.8,0.684,3.0,4.4,7.4,0.8,0.8,1.8,1.0,2.4,11.8,2019,Playoffs,27.9,0.665,0.083,0.528,14.7,23.3,18.9,7.8,1.9,10.0,10.1,20.5,0.3,0.2,0.5,0.245,4.1,3.7,7.9,0.3
derrick favors,29.0,UTA,C,11.0,13.2,1.5,2.1,0.696,0.0,0.0,0.0,1.5,2.1,0.696,0.696,0.5,0.8,0.556,1.7,2.5,4.2,0.3,0.2,0.9,0.5,2.3,3.4,2021,Playoffs,14.7,0.686,0.0,0.391,15.9,20.8,18.4,2.9,0.7,6.2,18.2,10.1,0.3,0.1,0.4,0.125,-1.8,1.0,-0.7,0.0
derrick jones,22.0,MIA,SF,15.0,6.5,0.5,1.1,0.471,0.3,0.6,0.444,0.3,0.5,0.5,0.588,0.1,0.3,0.4,0.4,0.4,0.8,0.5,0.4,0.3,0.1,0.8,1.5,2020,Playoffs,13.4,0.573,0.529,0.294,7.4,6.9,7.1,10.4,3.1,5.1,9.4,9.9,0.1,0.1,0.3,0.135,-0.1,3.2,3.1,0.1
derrick jones,23.0,POR,SF,2.0,5.0,1.0,2.5,0.4,0.0,1.0,0.0,1.0,1.5,0.667,0.4,0.0,0.0,0.0,0.0,0.0,0.0,0.0,0.5,0.0,0.0,1.0,2.0,2021,Playoffs,5.8,0.4,0.4,0.0,0.0,0.0,0.0,0.0,5.1,0.0,0.0,22.5,0.0,0.0,0.0,-0.099,-7.9,-0.7,-8.6,0.0
derrick jones,24.0,CHI,PF,5.0,11.8,1.4,3.4,0.412,0.6,2.2,0.273,0.8,1.2,0.667,0.5,0.4,0.6,0.667,0.6,0.8,1.4,0.4,0.2,0.0,0.6,1.6,3.8,2022,Playoffs,6.0,0.519,0.647,0.176,4.7,7.4,5.9,5.3,0.8,0.0,14.1,15.8,0.0,0.0,0.0,0.002,-4.7,-1.1,-5.8,-0.1
derrick jones,26.0,DAL,SF,22.0,29.4,3.5,7.3,0.481,1.1,3.0,0.369,2.4,4.3,0.558,0.556,1.0,1.4,0.733,1.5,2.0,3.5,1.2,0.5,1.0,0.8,2.5,9.1,2024,Playoffs,11.2,0.577,0.406,0.188,5.9,7.6,6.7,6.0,0.9,3.1,9.4,13.4,0.7,0.6,1.3,0.095,-0.5,0.9,0.4,0.4
derrick rose,26.0,CHI,PG,12.0,37.8,7.8,19.6,0.396,1.9,5.5,0.348,5.8,14.1,0.414,0.445,2.9,3.3,0.897,1.1,3.8,4.8,6.5,1.2,0.5,3.2,1.8,20.3,2015,Playoffs,16.8,0.484,0.281,0.166,3.2,10.7,7.0,33.5,1.6,1.1,13.1,29.1,0.3,0.6,0.8,0.088,2.6,-0.8,1.8,0.4
derrick rose,29.0,MIN,PG,5.0,23.8,5.8,11.4,0.509,1.4,2.0,0.7,4.4,9.4,0.468,0.57,1.2,1.4,0.857,0.2,1.6,1.8,2.6,0.4,0.0,1.6,1.8,14.2,2018,Playoffs,16.6,0.591,0.175,0.123,0.9,7.1,4.1,19.9,0.8,0.0,11.8,26.1,0.1,0.0,0.1,0.044,1.1,-0.4,0.7,0.1
derrick rose,32.0,NYK,PG,5.0,35.0,8.0,16.8,0.476,1.6,3.4,0.471,6.4,13.4,0.478,0.524,1.8,1.8,1.0,0.8,3.2,4.0,5.0,0.4,0.2,1.6,1.0,19.4,2021,Playoffs,17.1,0.551,0.202,0.107,2.3,10.3,6.1,29.3,0.6,0.6,8.3,24.3,0.2,0.2,0.4,0.108,3.2,1.1,4.3,0.3
derrick white,23.0,SAS,PG,3.0,6.0,1.0,2.0,0.5,0.3,0.7,0.5,0.7,1.3,0.5,0.583,0.0,0.0,0.0,0.0,0.0,0.0,0.3,0.3,0.7,0.0,0.0,2.3,2018,Playoffs,20.0,0.583,0.333,0.0,0.0,0.0,0.0,10.0,2.9,9.7,0.0,15.2,0.0,0.0,0.0,0.125,5.2,3.1,8.3,0.0
derrick white,24.0,SAS,PG,7.0,27.3,5.9,10.7,0.547,0.7,2.4,0.294,5.1,8.3,0.621,0.58,2.7,3.7,0.731,0.1,2.9,3.0,3.0,0.7,0.7,2.1,2.4,15.1,2019,Playoffs,18.9,0.613,0.227,0.347,0.6,11.2,5.9,18.1,1.4,2.1,14.8,24.7,0.3,0.1,0.4,0.09,1.1,1.0,2.1,0.2
derrick white,27.0,BOS,SG,23.0,25.4,2.8,7.7,0.364,1.1,3.6,0.313,1.7,4.0,0.409,0.438,1.8,2.2,0.824,0.3,2.7,3.0,2.7,0.9,0.6,1.3,2.0,8.5,2022,Playoffs,10.1,0.494,0.472,0.29,1.6,11.5,6.7,15.9,1.8,2.0,12.8,17.5,-0.1,0.9,0.8,0.065,-2.0,1.8,-0.1,0.3
derrick white,28.0,BOS,SG,20.0,29.7,4.7,9.2,0.505,2.5,5.5,0.455,2.2,3.7,0.581,0.641,1.6,1.7,0.912,0.7,2.3,3.0,2.1,0.6,1.0,0.9,1.9,13.4,2023,Playoffs,16.2,0.671,0.598,0.185,2.6,8.6,5.7,10.3,1.0,3.0,8.3,16.5,1.4,0.5,1.9,0.151,2.2,0.8,3.0,0.8
derrick white,29.0,BOS,SG,19.0,35.6,5.7,12.7,0.452,3.4,8.5,0.404,2.3,4.2,0.55,0.587,1.8,2.0,0.921,1.0,3.3,4.3,4.1,0.9,1.2,0.8,2.3,16.7,2024,Playoffs,18.3,0.617,0.668,0.158,3.3,10.7,7.0,17.4,1.4,3.1,5.8,18.8,1.9,1.0,2.9,0.205,3.6,1.7,5.3,1.3
derrick williams,25.0,CLE,PF,8.0,4.8,1.0,1.9,0.533,0.4,0.6,0.6,0.6,1.3,0.5,0.633,0.3,0.3,1.0,0.1,0.3,0.4,0.5,0.0,0.1,0.4,0.0,2.6,2017,Playoffs,17.9,0.661,0.333,0.133,3.2,5.8,4.6,16.4,0.0,2.2,15.9,22.2,0.1,0.0,0.1,0.118,4.2,-0.8,3.4,0.1
desmond bane,22.0,MEM,SG,5.0,19.8,2.2,3.8,0.579,1.2,2.4,0.5,1.0,1.4,0.714,0.737,0.0,0.0,0.0,0.4,3.0,3.4,2.0,0.8,0.4,0.6,1.2,5.6,2021,Playoffs,14.2,0.737,0.632,0.0,2.1,18.3,9.5,12.5,1.9,2.2,13.6,9.4,0.2,0.0,0.2,0.093,1.8,1.9,3.7,0.1
desmond bane,23.0,MEM,SG,12.0,35.7,6.3,13.3,0.478,3.6,7.3,0.489,2.8,5.9,0.465,0.613,2.5,2.9,0.857,0.4,3.3,3.8,2.2,0.9,0.8,1.3,1.9,18.8,2022,Playoffs,16.0,0.645,0.553,0.22,1.2,10.4,5.5,9.3,1.2,2.1,8.4,18.2,0.9,0.5,1.3,0.15,2.9,0.6,3.5,0.6
desmond bane,24.0,MEM,SG,6.0,38.5,8.2,19.3,0.422,2.7,8.3,0.32,5.5,11.0,0.5,0.491,4.5,4.8,0.931,1.2,4.8,6.0,3.2,0.5,0.0,2.8,3.2,23.5,2023,Playoffs,13.3,0.548,0.431,0.25,2.9,13.7,7.9,14.4,0.6,0.0,11.7,26.4,0.1,0.2,0.3,0.056,1.1,-0.2,0.8,0.2
devin booker,24.0,PHO,SG,22.0,40.4,9.6,21.5,0.447,2.0,6.2,0.321,7.6,15.3,0.499,0.494,6.0,6.7,0.905,0.7,5.0,5.6,4.5,0.8,0.2,3.7,3.5,27.3,2021,Playoffs,16.1,0.558,0.289,0.31,2.0,12.9,7.8,18.3,1.0,0.4,13.1,31.8,0.1,1.1,1.2,0.066,0.7,-1.1,-0.4,0.4
devin booker,25.0,PHO,SG,10.0,36.6,7.9,17.5,0.451,2.8,6.5,0.431,5.1,11.0,0.464,0.531,4.7,5.3,0.887,1.0,3.8,4.8,4.4,0.5,0.4,3.2,2.5,23.3,2022,Playoffs,18.0,0.587,0.371,0.303,3.3,12.0,7.8,18.7,0.7,1.1,13.9,28.9,0.5,0.0,0.6,0.072,3.3,-1.3,1.9,0.4
devin booker,26.0,PHO,SG,11.0,41.7,12.8,21.9,0.585,2.8,5.5,0.508,10.0,16.4,0.611,0.649,5.3,6.1,0.866,1.1,3.7,4.8,7.2,1.7,0.8,2.9,3.4,33.7,2023,Playoffs,28.6,0.686,0.253,0.278,3.1,10.2,6.7,29.1,2.0,1.6,10.6,29.0,2.1,0.2,2.3,0.236,8.7,2.0,10.7,1.5
devin booker,27.0,PHO,PG,4.0,41.5,8.0,16.3,0.492,1.8,5.0,0.35,6.3,11.3,0.556,0.546,9.8,10.3,0.951,0.3,3.0,3.3,6.0,1.8,0.3,2.8,4.5,27.5,2024,Playoffs,22.2,0.662,0.308,0.631,0.7,8.9,4.8,26.7,2.2,0.6,11.7,26.6,0.6,-0.1,0.5,0.145,4.7,-0.3,4.5,0.3
devin harris,30.0,DAL,PG,7.0,25.1,4.4,9.4,0.47,1.6,3.6,0.44,2.9,5.9,0.488,0.553,1.0,1.1,0.875,0.1,2.3,2.4,3.9,0.3,0.3,1.6,1.9,11.4,2014,Playoffs,15.7,0.575,0.379,0.121,0.6,11.5,5.6,24.0,0.6,0.9,13.7,20.6,0.3,0.0,0.3,0.092,2.8,-0.4,2.4,0.2
devin harris,31.0,DAL,PG,4.0,18.5,2.0,5.8,0.348,0.0,2.8,0.0,2.0,3.0,0.667,0.348,2.0,2.3,0.889,0.3,1.8,2.0,1.0,0.5,0.0,1.0,2.5,6.0,2015,Playoffs,5.8,0.445,0.478,0.391,1.3,10.1,5.6,7.1,1.3,0.0,12.9,17.1,0.0,0.0,0.0,-0.031,-5.7,-2.1,-7.7,-0.1
devin harris,32.0,DAL,PG,5.0,24.2,3.0,6.0,0.5,0.8,2.6,0.308,2.2,3.4,0.647,0.567,1.0,2.0,0.5,0.2,2.6,2.8,1.6,0.6,0.0,0.6,3.2,7.8,2016,Playoffs,10.4,0.567,0.433,0.333,0.9,13.1,6.8,10.8,1.3,0.0,8.0,14.3,0.1,-0.1,0.0,0.007,-2.3,0.1,-2.2,0.0
devonte graham,26.0,NOP,PG,6.0,10.0,1.0,3.0,0.333,0.8,2.3,0.357,0.2,0.7,0.25,0.472,1.2,1.3,0.875,0.3,1.2,1.5,0.7,0.2,0.2,0.7,0.5,4.0,2022,Playoffs,11.5,0.558,0.778,0.444,3.7,14.7,8.9,9.4,0.9,1.4,15.7,18.3,0.1,0.0,0.1,0.049,-0.2,-1.0,-1.1,0.0
dewayne dedmon,27.0,SAS,C,12.0,8.1,1.2,1.9,0.609,0.0,0.0,0.0,1.2,1.9,0.609,0.609,1.4,2.7,0.531,1.8,2.2,3.9,0.3,0.2,0.3,0.7,1.3,3.8,2017,Playoffs,21.7,0.607,0.0,1.391,24.0,32.3,28.0,4.6,1.1,3.1,17.7,20.6,0.2,0.1,0.3,0.17,0.8,-0.5,0.2,0.1
dewayne dedmon,31.0,MIA,C,4.0,14.3,2.5,4.5,0.556,0.3,0.8,0.333,2.3,3.8,0.6,0.583,1.0,1.3,0.8,2.0,2.5,4.5,0.8,0.0,0.5,1.5,2.5,6.3,2021,Playoffs,13.6,0.619,0.167,0.278,13.1,17.8,15.4,9.7,0.0,3.2,22.9,20.2,0.0,0.0,0.0,0.037,-2.4,-1.0,-3.4,0.0
dewayne dedmon,32.0,MIA,C,14.0,9.9,1.5,3.2,0.467,0.1,0.7,0.1,1.4,2.5,0.571,0.478,0.7,0.9,0.833,1.1,1.9,3.0,0.4,0.1,0.2,0.5,2.6,3.8,2022,Playoffs,11.2,0.527,0.222,0.267,12.4,23.9,17.9,5.7,0.4,2.4,12.2,18.5,0.1,0.2,0.3,0.104,-5.8,-0.4,-6.2,-0.1
deyonta davis,20.0,MEM,C,3.0,3.7,1.0,1.7,0.6,0.0,0.0,0.0,1.0,1.7,0.6,0.6,0.3,0.7,0.5,0.7,1.0,1.7,0.0,0.0,0.0,0.0,0.7,2.3,2017,Playoffs,27.7,0.595,0.0,0.4,23.5,35.4,29.4,0.0,0.0,0.0,0.0,26.8,0.0,0.0,0.0,0.215,3.7,-4.6,-0.8,0.0
dillon brooks,25.0,MEM,SF,5.0,35.0,10.0,19.4,0.515,1.6,4.0,0.4,8.4,15.4,0.545,0.557,4.2,5.2,0.808,1.0,3.2,4.2,2.2,1.4,0.4,1.8,3.4,25.8,2021,Playoffs,20.6,0.595,0.206,0.268,2.9,11.0,6.6,9.9,1.9,1.2,7.7,28.3,0.3,0.0,0.3,0.08,2.3,0.3,2.6,0.2
dillon brooks,26.0,MEM,SF,11.0,30.5,5.5,15.6,0.349,2.3,6.5,0.347,3.2,9.1,0.35,0.422,1.5,2.3,0.64,0.7,2.0,2.7,2.7,1.0,0.3,2.0,3.3,14.6,2022,Playoffs,6.9,0.44,0.419,0.145,2.4,7.3,4.7,13.8,1.5,0.9,10.7,25.1,-0.6,0.3,-0.3,-0.036,-3.3,-1.3,-4.6,-0.2
dillon brooks,27.0,MEM,SF,6.0,27.8,4.0,12.8,0.312,1.7,7.0,0.238,2.3,5.8,0.4,0.377,0.8,1.2,0.714,0.5,2.5,3.0,1.8,0.2,0.0,1.2,3.3,10.5,2023,Playoffs,2.4,0.393,0.545,0.091,1.7,9.8,5.5,10.3,0.3,0.0,8.0,21.8,-0.4,0.1,-0.3,-0.082,-6.1,-1.4,-7.5,-0.2
dion waiters,24.0,OKC,SG,18.0,27.3,3.1,7.3,0.417,1.2,3.1,0.375,1.9,4.2,0.447,0.496,1.1,1.7,0.667,0.3,2.3,2.6,2.3,0.6,0.2,1.1,2.3,8.4,2016,Playoffs,9.3,0.52,0.424,0.227,1.4,9.2,5.3,12.5,1.0,0.5,12.1,14.6,0.4,0.3,0.7,0.065,-1.7,0.6,-1.1,0.1
dion waiters,28.0,LAL,SG,5.0,7.6,0.8,2.4,0.333,0.0,0.8,0.0,0.8,1.6,0.5,0.333,0.4,0.4,1.0,0.0,0.4,0.4,0.4,0.2,0.2,0.2,0.4,2.0,2020,Playoffs,4.4,0.388,0.333,0.167,0.0,6.2,3.1,7.0,1.3,2.6,7.2,15.9,-0.1,0.0,0.0,-0.022,-6.4,-1.0,-7.3,-0.1
dirk nowitzki,35.0,DAL,PF,7.0,37.6,7.7,18.0,0.429,0.1,1.7,0.083,7.6,16.3,0.465,0.433,3.6,4.4,0.806,0.7,7.3,8.0,1.6,0.9,0.9,2.1,2.9,19.1,2014,Playoffs,13.9,0.48,0.095,0.246,2.1,24.6,12.4,6.9,1.2,1.8,9.7,26.5,-0.2,0.2,0.1,0.011,-0.5,-0.8,-1.3,0.0
dirk nowitzki,36.0,DAL,PF,5.0,36.2,7.6,16.8,0.452,0.8,3.4,0.235,6.8,13.4,0.507,0.476,5.2,5.6,0.929,0.8,9.6,10.4,2.4,0.4,0.4,2.0,3.2,21.2,2015,Playoffs,18.0,0.55,0.202,0.333,2.2,28.3,14.8,10.1,0.5,0.9,9.4,24.0,0.4,0.1,0.4,0.114,2.1,-0.4,1.7,0.2
dirk nowitzki,37.0,DAL,PF,5.0,34.0,8.2,16.6,0.494,0.8,2.2,0.364,7.4,14.4,0.514,0.518,3.2,3.4,0.941,0.6,4.2,4.8,1.6,0.4,0.6,1.4,1.8,20.4,2016,Playoffs,18.7,0.564,0.133,0.205,2.0,15.0,8.2,9.5,0.6,1.5,7.2,26.6,0.3,-0.2,0.1,0.034,3.2,-1.0,2.2,0.2
dj augustin,26.0,CHI,PG,5.0,28.2,4.2,14.4,0.292,1.4,5.2,0.269,2.8,9.2,0.304,0.34,3.4,3.8,0.895,0.8,0.8,1.6,4.8,0.6,0.0,1.8,3.2,13.2,2014,Playoffs,9.5,0.411,0.361,0.264,3.2,3.4,3.3,32.2,1.2,0.0,10.1,30.5,-0.2,0.1,-0.1,-0.031,-0.5,-2.5,-3.0,0.0
dj augustin,31.0,ORL,PG,5.0,28.2,4.0,8.2,0.488,2.0,4.2,0.476,2.0,4.0,0.5,0.61,2.8,3.2,0.875,0.2,1.4,1.6,3.8,0.4,0.2,1.4,1.4,12.8,2019,Playoffs,16.6,0.666,0.512,0.39,0.7,5.8,3.1,25.5,0.7,0.7,12.7,17.3,0.4,0.0,0.4,0.137,3.2,0.4,3.5,0.2
dj augustin,32.0,ORL,PG,5.0,25.6,3.6,9.2,0.391,1.6,3.4,0.471,2.0,5.8,0.345,0.478,4.4,4.6,0.957,0.0,2.0,2.0,6.0,0.2,0.0,2.4,1.2,13.2,2020,Playoffs,15.0,0.588,0.37,0.5,0.0,8.4,4.0,36.9,0.4,0.0,17.6,22.7,0.2,0.1,0.2,0.089,1.6,-1.7,0.0,0.1
dj wilson,22.0,MIL,PF,8.0,5.4,1.0,2.0,0.5,0.1,0.6,0.2,0.9,1.4,0.636,0.531,0.3,0.3,1.0,0.1,1.1,1.3,0.5,0.0,0.1,0.9,0.9,2.4,2019,Playoffs,6.6,0.563,0.313,0.125,2.4,20.2,11.7,14.7,0.0,2.1,29.3,23.9,-0.1,0.1,0.0,-0.04,-7.9,0.7,-7.1,-0.1
domantas sabonis,20.0,OKC,PF,2.0,3.0,0.0,1.5,0.0,0.0,0.5,0.0,0.0,1.0,0.0,0.0,2.0,2.0,1.0,0.0,1.0,1.0,0.0,0.5,0.5,0.0,2.0,2.0,2017,Playoffs,17.5,0.42,0.333,1.333,0.0,38.1,18.0,0.0,8.1,16.0,0.0,34.0,0.0,0.0,0.0,0.189,-11.8,11.3,-0.5,0.0
domantas sabonis,21.0,IND,C,7.0,23.7,5.1,8.9,0.581,0.1,1.0,0.143,5.0,7.9,0.636,0.589,2.0,2.6,0.778,2.0,2.6,4.6,0.7,0.1,0.3,1.0,3.1,12.4,2018,Playoffs,18.7,0.622,0.113,0.29,10.7,12.7,11.8,5.1,0.3,1.3,9.1,21.9,0.5,0.2,0.6,0.183,0.4,-0.9,-0.5,0.1
domantas sabonis,22.0,IND,C,4.0,24.0,3.0,7.3,0.414,0.3,1.0,0.25,2.8,6.3,0.44,0.431,2.3,3.5,0.643,1.8,5.5,7.3,4.0,0.8,0.3,1.3,3.0,8.5,2019,Playoffs,15.6,0.484,0.138,0.483,7.3,27.7,16.5,29.1,1.6,1.0,12.5,19.4,0.1,0.2,0.2,0.113,0.2,3.0,3.2,0.1
domantas sabonis,26.0,SAC,C,7.0,34.7,7.0,14.1,0.495,0.1,0.7,0.2,6.9,13.4,0.511,0.5,2.3,4.0,0.571,4.4,6.6,11.0,4.7,1.4,0.9,3.7,4.0,16.4,2023,Playoffs,15.9,0.517,0.051,0.283,12.6,19.9,16.2,20.8,1.9,2.3,18.9,22.4,0.0,0.3,0.3,0.064,0.1,0.7,0.7,0.2
donald sloan,26.0,IND,SG,4.0,3.8,0.5,1.8,0.286,0.3,1.0,0.25,0.3,0.8,0.333,0.357,0.5,1.0,0.5,0.0,0.3,0.3,0.8,0.3,0.0,0.5,0.0,1.8,2014,Playoffs,9.3,0.4,0.571,0.571,0.0,7.9,4.0,35.3,3.6,0.0,18.6,35.0,-0.1,0.0,0.0,-0.132,-1.2,-1.3,-2.5,0.0
donatas motiejanas,25.0,HOU,PF,5.0,19.6,3.2,7.4,0.432,0.8,1.8,0.444,2.4,5.6,0.429,0.486,1.6,3.4,0.471,2.0,3.2,5.2,1.0,0.8,0.4,2.4,2.2,8.8,2016,Playoffs,11.6,0.495,0.243,0.459,10.2,18.3,14.0,9.7,2.0,1.8,21.2,23.7,-0.1,0.1,-0.1,-0.044,-1.1,-0.7,-1.7,0.0
donatas motiejanas,28.0,SAS,PF,5.0,3.8,1.2,2.0,0.6,0.0,0.2,0.0,1.2,1.8,0.667,0.6,0.2,0.4,0.5,0.6,0.8,1.4,0.4,0.0,0.0,0.0,0.2,2.6,2019,Playoffs,33.0,0.597,0.1,0.2,17.1,22.5,19.8,20.8,0.0,0.0,0.0,26.6,0.1,0.0,0.1,0.268,9.2,-0.6,8.6,0.0
donovan mitchell,21.0,UTA,SG,11.0,37.4,9.3,22.1,0.42,2.3,7.3,0.313,7.0,14.8,0.472,0.471,3.5,3.9,0.907,0.8,5.1,5.9,4.2,1.5,0.4,2.9,3.2,24.4,2018,Playoffs,16.8,0.512,0.329,0.177,2.3,14.8,8.5,20.8,1.9,0.9,10.9,31.5,0.0,0.5,0.5,0.062,1.1,0.9,2.0,0.4
donovan mitchell,22.0,UTA,SG,5.0,38.6,7.2,22.4,0.321,2.2,8.6,0.256,5.0,13.8,0.362,0.371,4.8,6.6,0.727,1.4,3.6,5.0,3.2,1.6,0.2,4.2,3.0,21.4,2019,Playoffs,6.7,0.423,0.384,0.295,3.7,10.2,6.8,15.5,2.0,0.6,14.2,32.7,-0.7,0.2,-0.5,-0.125,-3.3,-1.3,-4.6,-0.1
donovan mitchell,23.0,UTA,SG,7.0,37.7,11.9,22.4,0.529,4.7,9.1,0.516,7.1,13.3,0.538,0.634,7.9,8.3,0.948,0.9,4.1,5.0,4.9,1.0,0.3,4.1,1.6,36.3,2020,Playoffs,33.7,0.696,0.408,0.369,2.7,12.6,7.8,25.6,1.4,0.7,13.7,37.5,1.4,0.0,1.4,0.26,9.3,0.2,9.5,0.7
donovan mitchell,24.0,UTA,PG,10.0,34.6,10.5,23.5,0.447,5.0,11.5,0.435,5.5,12.0,0.458,0.553,6.3,7.6,0.829,0.3,3.9,4.2,5.5,1.1,0.2,2.8,2.0,32.3,2021,Playoffs,26.4,0.602,0.489,0.323,1.1,12.6,7.1,30.3,1.6,0.5,9.4,38.0,1.2,0.0,1.2,0.173,8.2,-0.4,7.8,0.9
donovan mitchell,25.0,UTA,SG,6.0,38.2,8.8,22.2,0.398,1.7,8.0,0.208,7.2,14.2,0.506,0.436,6.2,7.0,0.881,1.0,3.3,4.3,5.7,0.7,0.5,2.7,2.3,25.5,2022,Playoffs,19.0,0.505,0.361,0.316,3.1,10.1,6.6,29.8,0.9,1.6,9.6,34.3,0.2,0.1,0.3,0.054,3.9,-1.1,2.8,0.3
donovan mitchell,26.0,CLE,SG,5.0,41.4,9.0,20.8,0.433,2.6,9.0,0.289,6.4,11.8,0.542,0.495,2.6,3.6,0.722,0.6,4.4,5.0,7.2,2.0,0.6,3.8,2.8,23.2,2023,Playoffs,15.7,0.518,0.433,0.173,1.8,11.9,7.0,33.7,2.5,1.3,14.5,29.7,-0.1,0.3,0.3,0.059,2.7,2.0,4.8,0.4
donovan mitchell,27.0,CLE,SG,10.0,38.2,10.7,22.5,0.476,2.9,8.2,0.354,7.8,14.3,0.545,0.54,5.3,6.5,0.815,0.6,4.8,5.4,4.7,1.3,0.3,2.8,2.9,29.6,2024,Playoffs,22.2,0.584,0.364,0.289,1.8,14.3,8.1,24.6,1.8,0.8,9.9,34.3,0.5,0.4,1.0,0.12,5.8,1.4,7.2,0.9
donta hall,22.0,BRK,C,3.0,6.7,1.0,1.7,0.6,0.0,0.0,0.0,1.0,1.7,0.6,0.6,0.3,1.3,0.25,1.0,0.7,1.7,0.0,0.0,0.7,0.3,0.3,2.3,2020,Playoffs,14.2,0.518,0.0,0.8,14.1,10.8,12.6,0.0,0.0,9.6,12.9,16.0,0.0,0.0,0.0,-0.011,-2.5,-3.1,-5.6,0.0
donte divincenzo,23.0,MIL,SG,10.0,16.5,2.3,5.1,0.451,0.7,2.1,0.333,1.6,3.0,0.533,0.52,1.3,2.0,0.65,0.8,2.4,3.2,1.2,0.7,0.3,1.0,2.1,6.6,2020,Playoffs,12.4,0.552,0.412,0.392,5.1,15.9,10.4,10.6,2.0,2.0,14.3,18.2,0.1,0.2,0.3,0.088,-2.1,2.1,-0.1,0.1
donte divincenzo,24.0,MIL,SG,3.0,23.3,1.0,5.3,0.188,0.7,4.0,0.167,0.3,1.3,0.25,0.25,0.0,0.0,0.0,0.7,5.7,6.3,2.7,1.0,0.3,2.0,1.3,2.7,2021,Playoffs,2.3,0.25,0.75,0.0,3.0,26.6,14.6,13.8,2.1,1.3,27.3,13.5,-0.2,0.1,-0.1,-0.064,-6.7,2.2,-4.5,0.0
donte divincenzo,26.0,GSW,SG,13.0,18.1,1.8,4.9,0.375,1.2,3.4,0.341,0.7,1.5,0.45,0.492,0.6,0.9,0.667,0.8,2.2,3.0,2.8,0.8,0.2,1.3,1.5,5.5,2023,Playoffs,10.4,0.512,0.688,0.188,4.8,12.5,8.6,19.9,2.2,1.1,19.7,15.1,0.0,0.3,0.3,0.06,-1.8,1.9,0.1,0.1
donte divincenzo,27.0,NYK,SG,13.0,35.8,6.2,14.7,0.419,3.5,8.2,0.425,2.7,6.5,0.412,0.537,2.0,2.3,0.867,1.0,3.0,4.0,2.6,1.2,0.9,1.2,2.2,17.8,2024,Playoffs,15.7,0.566,0.555,0.157,3.1,10.2,6.5,11.2,1.8,2.4,7.3,20.8,0.8,0.1,0.9,0.093,1.7,0.4,2.0,0.5
dorell wright,28.0,POR,SF,8.0,11.0,0.9,2.4,0.368,0.5,1.5,0.333,0.4,0.9,0.429,0.474,1.4,1.9,0.733,0.3,1.8,2.0,0.4,0.4,1.1,0.6,1.0,3.6,2014,Playoffs,14.2,0.566,0.632,0.789,2.5,17.1,9.9,4.9,1.7,7.5,16.3,15.3,0.0,0.1,0.1,0.08,0.7,2.6,3.3,0.1
dorell wright,30.0,MIA,SF,5.0,3.8,1.0,2.0,0.5,0.4,1.0,0.4,0.6,1.0,0.6,0.6,0.8,0.8,1.0,0.0,1.2,1.2,0.4,0.0,0.0,0.0,0.4,3.2,2016,Playoffs,36.1,0.68,0.5,0.4,0.0,35.5,18.7,21.6,0.0,0.0,0.0,29.5,0.2,0.0,0.2,0.479,9.1,4.6,13.6,0.1
dorian finneysmith,26.0,DAL,PF,6.0,31.8,3.8,8.7,0.442,1.8,5.0,0.367,2.0,3.7,0.545,0.548,0.7,0.8,0.8,2.0,3.7,5.7,3.2,1.2,0.5,1.5,3.7,10.2,2020,Playoffs,12.4,0.563,0.577,0.096,6.8,12.7,9.7,13.4,1.7,1.4,14.2,14.2,0.2,0.0,0.2,0.044,0.6,0.6,1.2,0.2
dorian finneysmith,27.0,DAL,PF,7.0,38.7,3.7,9.1,0.406,2.3,5.3,0.432,1.4,3.9,0.37,0.531,0.6,0.7,0.8,2.4,4.1,6.6,2.1,1.1,0.3,1.7,3.3,10.3,2021,Playoffs,9.5,0.544,0.578,0.078,6.9,13.1,9.9,7.7,1.5,0.8,15.3,13.1,0.1,0.1,0.2,0.027,-0.9,0.0,-0.9,0.1
dorian finneysmith,28.0,DAL,PF,18.0,38.2,4.1,8.7,0.471,2.6,6.0,0.426,1.6,2.7,0.571,0.618,0.9,1.3,0.708,1.8,3.7,5.5,1.9,0.9,0.4,1.0,2.9,11.7,2022,Playoffs,12.6,0.63,0.688,0.153,5.4,11.6,8.5,7.8,1.3,0.9,9.7,12.8,1.2,0.3,1.5,0.106,0.5,0.5,1.0,0.5
dorian finneysmith,29.0,BRK,PF,4.0,25.3,2.3,5.8,0.391,1.8,4.3,0.412,0.5,1.5,0.333,0.543,0.0,0.0,0.0,1.5,3.0,4.5,0.8,0.8,0.5,1.3,1.8,6.3,2023,Playoffs,8.5,0.543,0.739,0.0,7.0,13.4,10.2,4.8,1.6,1.8,17.9,13.6,-0.1,0.1,0.0,0.009,-2.1,0.9,-1.2,0.0
doug mcdermott,23.0,CHI,SF,3.0,3.3,0.3,1.0,0.333,0.3,0.7,0.5,0.0,0.3,0.0,0.5,0.7,0.7,1.0,0.3,0.3,0.7,0.3,0.0,0.0,0.3,0.0,1.7,2015,Playoffs,19.1,0.644,0.667,0.667,11.2,10.8,11.0,16.2,0.0,0.0,20.5,22.2,0.0,0.0,0.0,0.193,4.1,-0.2,3.9,0.0
doug mcdermott,25.0,OKC,SF,5.0,13.2,1.8,3.6,0.5,1.4,2.6,0.538,0.4,1.0,0.4,0.694,0.0,0.0,0.0,0.0,1.0,1.0,0.2,0.2,0.2,0.2,0.4,5.0,2017,Playoffs,12.1,0.694,0.722,0.0,0.0,8.7,4.1,2.3,0.7,1.5,5.3,12.3,0.1,0.0,0.1,0.091,1.9,-0.6,1.3,0.1
doug mcdermott,27.0,IND,SF,3.0,9.7,0.7,3.3,0.2,0.0,2.3,0.0,0.7,1.0,0.667,0.2,0.7,1.3,0.5,1.0,0.7,1.7,1.3,0.0,0.3,0.0,0.7,2.0,2019,Playoffs,6.0,0.255,0.7,0.4,10.3,8.3,9.4,21.9,0.0,3.3,0.0,18.8,-0.1,0.0,0.0,-0.062,-2.5,-0.9,-3.4,0.0
doug mcdermott,28.0,IND,PF,4.0,13.5,1.0,3.8,0.267,0.5,2.5,0.2,0.5,1.3,0.4,0.333,0.0,0.0,0.0,0.0,0.8,0.8,0.3,0.3,0.0,0.3,0.8,2.5,2020,Playoffs,-0.6,0.333,0.667,0.0,0.0,6.7,3.3,2.7,0.9,0.0,6.3,13.6,-0.2,0.0,-0.2,-0.142,-5.5,-4.4,-9.9,-0.1
doug mcdermott,32.0,IND,SF,10.0,6.4,0.5,1.1,0.455,0.3,0.8,0.375,0.2,0.3,0.667,0.591,0.0,0.0,0.0,0.2,0.1,0.3,0.7,0.0,0.2,0.1,0.5,1.3,2024,Playoffs,8.6,0.591,0.727,0.0,3.8,1.8,2.8,13.0,0.0,2.9,8.3,8.5,0.1,0.0,0.1,0.063,0.1,0.3,0.5,0.0
draymond green,23.0,GSW,SF,7.0,32.6,4.0,8.6,0.467,1.1,4.1,0.276,2.9,4.4,0.645,0.533,2.7,3.4,0.792,2.6,5.7,8.3,2.9,1.7,1.7,2.4,4.7,11.9,2014,Playoffs,16.2,0.588,0.483,0.4,8.9,20.5,14.6,13.0,2.6,4.5,19.4,16.4,0.3,0.2,0.5,0.109,0.9,4.2,5.0,0.4
draymond green,24.0,GSW,PF,21.0,37.3,4.8,11.4,0.417,1.1,4.3,0.264,3.6,7.1,0.51,0.467,3.0,4.1,0.736,2.2,7.9,10.1,5.2,1.8,1.2,2.8,4.2,13.7,2015,Playoffs,16.6,0.517,0.379,0.363,6.5,22.8,14.7,21.2,2.5,2.5,17.2,19.2,0.9,1.7,2.6,0.16,0.7,3.8,4.5,1.3
draymond green,25.0,GSW,PF,23.0,38.2,5.2,12.0,0.431,1.7,4.5,0.365,3.5,7.5,0.471,0.5,3.4,4.7,0.738,1.7,8.3,9.9,6.0,1.6,1.8,2.4,3.5,15.4,2016,Playoffs,18.6,0.549,0.377,0.388,4.8,23.1,14.0,23.4,2.1,3.8,14.8,18.9,1.6,1.5,3.1,0.171,2.6,3.2,5.7,1.7
draymond green,26.0,GSW,PF,17.0,34.9,4.2,9.5,0.447,1.9,4.6,0.41,2.4,4.9,0.482,0.547,2.7,3.9,0.687,1.2,7.9,9.1,6.5,1.8,1.6,2.1,3.5,13.1,2017,Playoffs,17.9,0.583,0.484,0.416,3.9,23.0,14.1,24.0,2.5,3.8,15.9,16.4,1.1,1.4,2.4,0.196,2.6,4.2,6.8,1.3
draymond green,27.0,GSW,PF,21.0,39.0,4.0,9.1,0.432,1.0,3.8,0.266,3.0,5.4,0.549,0.487,1.9,2.3,0.796,2.0,8.6,10.6,8.1,2.0,1.5,3.0,3.6,10.8,2018,Playoffs,16.2,0.529,0.411,0.255,5.9,23.0,14.9,27.7,2.5,3.3,22.8,15.1,0.9,1.8,2.8,0.162,1.1,3.9,5.0,1.4
draymond green,28.0,GSW,PF,22.0,38.7,5.2,10.4,0.498,0.6,2.6,0.228,4.6,7.8,0.587,0.526,2.3,3.2,0.718,1.9,8.3,10.1,8.5,1.5,1.5,3.8,3.9,13.3,2019,Playoffs,16.6,0.561,0.249,0.31,5.7,23.9,15.1,30.8,1.9,3.8,24.2,17.5,0.9,1.0,1.9,0.106,0.3,3.2,3.6,1.2
draymond green,31.0,GSW,PF,22.0,32.0,3.1,6.5,0.479,0.4,1.8,0.205,2.8,4.8,0.581,0.507,1.4,2.1,0.638,1.2,6.0,7.2,6.3,1.1,1.0,2.7,4.0,8.0,2022,Playoffs,12.3,0.534,0.271,0.326,4.3,20.6,12.7,25.7,1.8,3.2,26.4,14.0,0.4,1.0,1.4,0.094,-2.0,2.9,0.9,0.5
draymond green,32.0,GSW,PF,12.0,30.6,3.5,7.6,0.462,0.4,1.7,0.25,3.1,5.9,0.521,0.489,2.0,2.8,0.727,1.6,5.3,6.9,6.8,1.5,1.0,2.3,4.0,9.4,2023,Playoffs,14.6,0.535,0.22,0.363,5.3,18.3,11.7,29.4,2.3,2.8,20.4,14.9,0.4,0.6,1.0,0.126,-1.2,4.1,2.8,0.5
drew eubanks,26.0,PHO,C,3.0,12.3,2.3,4.0,0.583,0.0,0.0,0.0,2.3,4.0,0.583,0.583,1.0,1.0,1.0,0.0,1.3,1.3,0.0,0.7,0.3,0.7,2.0,5.7,2024,Playoffs,13.1,0.638,0.0,0.25,0.0,13.3,6.6,0.0,2.8,2.5,13.1,19.4,0.0,0.0,0.0,0.007,-2.8,1.1,-1.7,0.0
drew gooden,32.0,WAS,C,10.0,14.6,1.4,3.8,0.368,0.0,0.4,0.0,1.4,3.4,0.412,0.368,0.6,0.8,0.75,2.0,2.2,4.2,0.4,0.3,0.4,0.4,3.0,3.4,2014,Playoffs,9.5,0.409,0.105,0.211,15.8,17.5,16.7,4.5,1.1,2.2,8.8,14.7,0.0,0.3,0.3,0.097,-4.1,-1.6,-5.7,-0.1
drew gooden,33.0,WAS,PF,10.0,17.8,2.3,6.1,0.377,1.2,2.6,0.462,1.1,3.5,0.314,0.475,1.0,1.3,0.769,1.3,4.2,5.5,0.8,0.2,1.0,1.4,2.1,6.8,2015,Playoffs,12.5,0.51,0.426,0.213,8.2,24.8,16.8,7.0,0.6,4.4,17.3,20.1,0.0,0.3,0.3,0.083,-2.2,1.4,-0.8,0.1
duncan robinson,25.0,MIA,SG,21.0,28.6,3.6,8.4,0.426,3.0,7.4,0.397,0.6,1.0,0.65,0.602,1.6,1.8,0.868,0.2,2.5,2.8,1.8,0.7,0.3,0.8,3.1,11.7,2020,Playoffs,12.3,0.636,0.886,0.216,1.0,9.9,5.6,9.7,1.2,1.0,7.7,15.8,1.0,0.4,1.4,0.111,1.2,0.0,1.2,0.5
duncan robinson,26.0,MIA,SF,4.0,25.0,2.8,7.3,0.379,2.5,6.8,0.37,0.3,0.5,0.5,0.552,2.3,2.5,0.9,0.0,2.8,2.8,0.8,0.8,0.0,1.0,3.3,10.3,2021,Playoffs,9.0,0.614,0.931,0.345,0.0,11.2,5.4,5.0,1.5,0.0,10.7,16.4,0.0,0.1,0.1,0.045,-1.6,0.8,-0.8,0.0
duncan robinson,27.0,MIA,SG,13.0,12.2,1.9,4.4,0.439,1.4,3.6,0.383,0.5,0.8,0.7,0.596,0.4,0.5,0.833,0.2,1.6,1.8,0.4,0.3,0.1,0.2,1.7,5.6,2022,Playoffs,13.2,0.612,0.825,0.105,1.4,16.1,8.5,5.0,1.3,0.7,4.8,17.5,0.3,0.2,0.5,0.142,0.8,2.0,2.8,0.2
duncan robinson,28.0,MIA,SF,23.0,18.2,3.3,6.9,0.475,2.2,4.9,0.442,1.1,2.0,0.556,0.633,0.3,0.3,0.875,0.0,1.4,1.5,1.7,0.3,0.1,0.9,1.6,9.0,2023,Playoffs,14.0,0.641,0.715,0.051,0.3,9.2,4.6,14.5,1.0,0.7,11.0,19.5,0.6,0.3,0.9,0.101,1.4,0.9,2.3,0.5
duncan robinson,29.0,MIA,SF,5.0,12.0,1.0,3.2,0.313,0.6,2.6,0.231,0.4,0.6,0.667,0.406,0.0,0.0,0.0,0.0,1.0,1.0,1.2,0.4,0.0,1.0,1.2,2.6,2024,Playoffs,1.7,0.406,0.813,0.0,0.0,10.1,4.9,15.2,1.8,0.0,23.8,17.1,-0.2,0.0,-0.2,-0.141,-8.4,-1.3,-9.7,-0.1
dwight howard,28.0,HOU,C,6.0,38.5,9.7,17.7,0.547,0.0,0.0,0.0,9.7,17.7,0.547,0.547,6.7,10.7,0.625,4.5,9.2,13.7,1.8,0.7,2.8,3.2,4.2,26.0,2014,Playoffs,27.2,0.581,0.0,0.604,12.5,26.9,19.5,8.5,0.9,6.0,12.4,28.2,0.7,0.2,0.9,0.185,4.3,1.5,5.7,0.4
dwight howard,29.0,HOU,C,17.0,33.8,6.2,10.7,0.577,0.0,0.0,0.0,6.2,10.7,0.577,0.577,4.0,9.7,0.412,3.6,10.4,14.0,1.2,1.4,2.3,2.2,3.5,16.4,2015,Playoffs,20.4,0.546,0.0,0.907,11.3,31.4,21.5,5.9,1.9,5.4,12.7,21.2,0.6,0.9,1.5,0.126,1.2,1.2,2.4,0.6
dwight howard,30.0,HOU,C,5.0,36.0,5.2,9.6,0.542,0.0,0.2,0.0,5.2,9.4,0.553,0.542,2.8,7.6,0.368,5.2,8.8,14.0,1.6,0.8,1.4,2.4,4.2,13.2,2016,Playoffs,15.7,0.51,0.021,0.792,14.4,27.4,20.5,8.2,1.1,3.4,15.6,17.5,0.0,0.1,0.2,0.046,0.4,-0.9,-0.4,0.1
dwight howard,31.0,ATL,C,6.0,26.2,3.0,6.0,0.5,0.0,0.0,0.0,3.0,6.0,0.5,0.5,2.0,3.2,0.632,3.0,7.7,10.7,1.3,1.0,0.8,1.8,3.5,8.0,2017,Playoffs,13.9,0.541,0.0,0.528,12.8,33.0,22.8,7.6,1.9,2.5,19.9,14.9,0.0,0.3,0.4,0.114,-2.5,1.5,-1.0,0.0
dwight howard,34.0,LAL,C,18.0,15.7,2.2,3.2,0.684,0.1,0.1,0.5,2.1,3.1,0.691,0.693,1.4,2.5,0.556,1.8,2.8,4.6,0.5,0.4,0.4,0.9,3.1,5.8,2020,Playoffs,15.7,0.677,0.035,0.789,13.5,21.2,17.4,4.5,1.4,2.8,17.2,14.3,0.6,0.4,1.0,0.162,-2.3,0.3,-2.1,0.0
dwight howard,35.0,PHI,C,12.0,12.4,1.3,2.5,0.533,0.0,0.1,0.0,1.3,2.4,0.552,0.533,2.0,3.3,0.6,2.2,4.1,6.3,0.7,0.2,0.5,1.0,2.6,4.7,2021,Playoffs,16.2,0.588,0.033,1.333,19.9,34.9,27.6,6.9,0.6,3.3,20.1,17.2,0.2,0.3,0.5,0.171,-2.7,0.2,-2.5,0.0
dwight powell,23.0,DAL,PF,2.0,1.5,0.0,0.5,0.0,0.0,0.0,0.0,0.0,0.5,0.0,0.0,0.0,0.0,0.0,0.0,0.5,0.5,0.5,0.0,0.0,0.0,0.5,0.0,2015,Playoffs,-2.7,0.0,0.0,0.0,0.0,35.6,17.1,38.5,0.0,0.0,0.0,13.6,0.0,0.0,0.0,-0.158,-10.1,3.8,-6.3,0.0
dwight powell,24.0,DAL,PF,4.0,16.0,2.3,4.8,0.474,0.0,0.3,0.0,2.3,4.5,0.5,0.474,1.5,2.8,0.545,2.3,2.0,4.3,1.0,0.3,0.0,0.3,1.3,6.0,2016,Playoffs,17.1,0.503,0.053,0.579,15.8,15.2,15.5,10.5,0.8,0.0,4.0,18.0,0.1,-0.1,0.1,0.063,3.2,-1.9,1.2,0.1
dwight powell,29.0,DAL,C,7.0,7.4,1.0,1.1,0.875,0.0,0.0,0.0,1.0,1.1,0.875,0.875,0.7,0.9,0.833,0.7,1.1,1.9,0.9,0.3,0.0,0.1,1.1,2.7,2021,Playoffs,22.7,0.893,0.0,0.75,10.6,18.9,14.5,16.9,2.0,0.0,8.6,10.2,0.3,0.0,0.3,0.274,4.1,4.1,8.2,0.1
dwight powell,30.0,DAL,C,18.0,13.8,1.2,1.9,0.629,0.0,0.1,0.0,1.2,1.8,0.667,0.629,0.8,1.3,0.609,0.9,1.7,2.6,0.2,0.2,0.3,0.5,2.2,3.2,2022,Playoffs,9.3,0.643,0.057,0.657,7.9,14.4,11.1,2.4,0.6,2.2,16.6,10.3,0.3,0.1,0.4,0.086,-4.0,-0.4,-4.4,-0.2
dwight powell,32.0,DAL,C,13.0,3.4,0.1,0.2,0.333,0.0,0.0,0.0,0.1,0.2,0.333,0.333,0.3,0.5,0.667,0.2,0.7,0.9,0.2,0.1,0.0,0.2,0.7,0.5,2024,Playoffs,5.1,0.532,0.0,2.0,7.9,23.3,15.6,8.7,1.2,0.0,34.7,8.9,0.0,0.1,0.0,0.049,-7.0,1.0,-6.0,0.0
dwyane wade,32.0,MIA,SG,20.0,34.7,7.0,13.9,0.5,0.5,1.2,0.375,6.5,12.7,0.512,0.516,3.5,4.5,0.767,0.8,3.1,3.9,3.9,1.5,0.3,2.7,2.8,17.8,2014,Playoffs,18.5,0.56,0.086,0.324,3.2,11.3,7.4,20.7,2.4,0.7,14.5,27.4,0.7,0.5,1.2,0.086,1.6,-0.7,0.9,0.5
dwyane wade,34.0,MIA,SG,14.0,33.8,8.5,18.1,0.469,0.9,1.6,0.522,7.6,16.5,0.463,0.492,3.6,4.6,0.781,0.9,4.8,5.6,4.3,0.8,0.9,2.7,1.6,21.4,2016,Playoffs,22.3,0.532,0.091,0.252,3.2,15.9,9.9,25.4,1.2,2.1,11.9,32.2,0.7,0.8,1.5,0.148,4.2,0.7,4.9,0.8
dwyane wade,35.0,CHI,SG,6.0,31.7,5.3,14.3,0.372,1.0,2.8,0.353,4.3,11.5,0.377,0.407,3.3,3.5,0.952,1.0,4.0,5.0,4.0,0.8,1.3,1.7,1.3,15.0,2017,Playoffs,15.5,0.472,0.198,0.244,3.6,13.9,8.8,21.5,1.4,4.3,9.5,25.0,0.1,0.2,0.2,0.063,1.0,0.0,1.0,0.1
dwyane wade,36.0,MIA,SG,5.0,25.4,6.2,14.0,0.443,0.0,0.8,0.0,6.2,13.2,0.47,0.443,4.2,5.2,0.808,0.6,3.6,4.2,3.6,1.4,0.2,2.2,2.2,16.6,2018,Playoffs,17.4,0.51,0.057,0.371,2.4,15.3,8.7,27.3,2.6,0.7,11.9,31.4,0.0,0.1,0.1,0.032,0.1,0.6,0.6,0.1
dyson daniels,20.0,NOP,PG,3.0,5.7,0.7,2.0,0.333,0.0,0.7,0.0,0.7,1.3,0.5,0.333,0.0,0.0,0.0,0.0,0.7,0.7,0.0,0.7,0.0,0.3,0.0,1.3,2024,Playoffs,4.4,0.333,0.333,0.0,0.0,13.9,6.4,0.0,6.0,0.0,14.3,18.0,-0.1,0.0,0.0,-0.107,-6.8,2.3,-4.6,0.0
earl clark,27.0,BRK,PF,2.0,6.5,1.0,5.0,0.2,1.0,1.5,0.667,0.0,3.5,0.0,0.3,0.0,0.0,0.0,0.0,1.0,1.0,0.0,0.5,0.0,0.0,0.5,3.0,2015,Playoffs,1.2,0.3,0.3,0.0,0.0,16.7,8.3,0.0,3.9,0.0,0.0,35.2,-0.1,0.0,-0.1,-0.235,-3.5,-3.2,-6.7,0.0
earl watson,34.0,POR,PG,4.0,3.5,0.0,0.3,0.0,0.0,0.3,0.0,0.0,0.0,0.0,0.0,0.0,0.0,0.0,0.0,0.3,0.3,0.3,0.0,0.0,0.3,0.3,0.0,2014,Playoffs,-4.5,0.0,1.0,0.0,0.0,7.7,3.9,9.2,0.0,0.0,50.0,6.3,0.0,0.0,0.0,-0.163,-8.0,-2.2,-10.2,0.0
ed davis,24.0,MEM,PF,7.0,3.6,0.4,1.4,0.3,0.0,0.0,0.0,0.4,1.4,0.3,0.3,0.0,0.1,0.0,1.1,1.0,2.1,0.0,0.1,0.4,0.3,0.3,0.9,2014,Playoffs,16.9,0.287,0.0,0.1,34.2,32.9,33.6,0.0,2.2,10.4,16.1,22.9,-0.1,0.1,0.0,-0.028,-2.4,-2.5,-4.9,0.0
ed davis,26.0,POR,PF,11.0,18.6,1.9,3.6,0.525,0.0,0.2,0.0,1.9,3.5,0.553,0.525,1.7,3.0,0.576,2.4,4.5,6.8,1.3,0.2,0.6,0.9,3.0,5.5,2016,Playoffs,14.9,0.559,0.05,0.825,12.7,25.2,18.8,10.3,0.5,2.7,15.5,13.4,0.4,0.2,0.5,0.127,-0.9,0.1,-0.7,0.1
ed davis,28.0,POR,C,4.0,17.8,1.3,2.5,0.5,0.0,0.0,0.0,1.3,2.5,0.5,0.5,0.3,1.0,0.25,1.3,6.8,8.0,0.0,0.0,0.3,1.0,1.8,2.8,2018,Playoffs,6.1,0.468,0.0,0.4,7.2,45.9,24.9,0.0,0.0,1.2,25.4,9.5,-0.1,0.0,-0.1,-0.035,-4.6,-1.3,-5.9,-0.1
ed davis,29.0,BRK,C,3.0,13.7,2.3,3.3,0.7,0.0,0.0,0.0,2.3,3.3,0.7,0.7,0.7,0.7,1.0,1.3,5.0,6.3,0.7,0.0,0.3,0.0,3.0,5.3,2019,Playoffs,19.7,0.735,0.0,0.2,9.3,40.8,23.8,7.8,0.0,1.8,0.0,10.8,0.2,0.0,0.2,0.228,1.7,2.1,3.8,0.1
edmond sumner,24.0,IND,SG,3.0,13.7,0.7,2.3,0.286,0.0,1.0,0.0,0.7,1.3,0.5,0.286,0.7,0.7,1.0,0.3,1.7,2.0,0.0,0.0,0.0,0.7,1.7,2.0,2020,Playoffs,-1.4,0.381,0.429,0.286,2.8,14.6,8.6,0.0,0.0,0.0,20.2,11.1,-0.1,0.0,-0.1,-0.113,-9.6,-3.3,-12.9,-0.1
ekpe udoh,27.0,LAC,PF,4.0,3.0,0.3,0.8,0.333,0.0,0.0,0.0,0.3,0.8,0.333,0.333,0.0,0.0,0.0,0.0,0.8,0.8,0.0,0.0,0.0,0.0,0.8,0.5,2015,Playoffs,-0.3,0.333,0.0,0.0,0.0,25.9,13.2,0.0,0.0,0.0,0.0,10.9,0.0,0.0,0.0,-0.042,-9.0,-1.9,-10.9,0.0
ekpe udoh,30.0,UTA,C,6.0,3.5,0.2,0.2,1.0,0.0,0.0,0.0,0.2,0.2,1.0,1.0,0.0,0.7,0.0,0.2,0.3,0.5,0.0,0.0,0.3,0.2,0.3,0.3,2018,Playoffs,3.1,0.362,0.0,4.0,5.1,10.4,7.7,0.0,0.0,8.4,26.6,7.9,0.0,0.0,0.0,-0.044,-5.7,1.2,-4.5,0.0
ekpe udoh,31.0,UTA,C,2.0,3.0,0.0,0.5,0.0,0.0,0.0,0.0,0.0,0.5,0.0,0.0,0.0,0.0,0.0,0.0,0.0,0.0,0.0,0.0,0.0,0.0,0.0,0.0,2019,Playoffs,-6.9,0.0,0.0,0.0,0.0,0.0,0.0,0.0,0.0,0.0,0.0,7.1,0.0,0.0,0.0,-0.174,-8.4,-5.3,-13.7,0.0
elfrid payton,26.0,NYK,PG,2.0,6.5,0.0,2.5,0.0,0.0,0.0,0.0,0.0,2.5,0.0,0.0,0.5,1.0,0.5,0.0,0.0,0.0,0.5,0.5,0.0,0.0,0.5,0.5,2021,Playoffs,-8.8,0.085,0.0,0.4,0.0,0.0,0.0,10.7,3.9,0.0,0.0,20.1,-0.1,0.0,-0.1,-0.298,-13.1,0.0,-13.0,0.0
elfrid payton,27.0,PHO,PG,2.0,4.0,1.0,1.5,0.667,0.0,0.0,0.0,1.0,1.5,0.667,0.667,0.0,0.0,0.0,0.0,0.0,0.0,1.5,0.0,0.0,0.0,0.0,2.0,2022,Playoffs,28.3,0.667,0.0,0.0,0.0,0.0,0.0,61.7,0.0,0.0,0.0,17.2,0.1,0.0,0.1,0.303,10.9,2.2,13.1,0.0
elijah bryant,25.0,MIL,SG,11.0,4.5,0.6,1.8,0.35,0.0,0.7,0.0,0.6,1.1,0.583,0.35,0.0,0.0,0.0,0.2,0.9,1.1,0.4,0.2,0.1,0.2,0.1,1.3,2021,Playoffs,7.5,0.35,0.4,0.0,4.2,21.9,12.9,11.0,2.0,1.8,9.1,18.9,-0.1,0.1,0.0,-0.018,-4.6,1.0,-3.6,0.0
elton brand,34.0,ATL,C,7.0,11.6,0.3,1.7,0.167,0.0,0.0,0.0,0.3,1.7,0.167,0.167,0.6,0.7,0.8,1.0,2.3,3.3,0.9,0.1,0.9,0.0,1.4,1.1,2014,Playoffs,9.8,0.282,0.0,0.417,9.3,24.0,16.2,12.2,0.7,6.4,0.0,8.2,0.0,0.2,0.2,0.106,-1.5,2.0,0.5,0.1
elton brand,35.0,ATL,C,3.0,1.3,0.0,0.3,0.0,0.0,0.0,0.0,0.0,0.3,0.0,0.0,0.3,0.7,0.5,0.0,0.3,0.3,0.0,0.0,0.0,0.0,1.0,0.3,2015,Playoffs,-12.7,0.266,0.0,2.0,0.0,26.8,13.4,0.0,0.0,0.0,0.0,21.4,0.0,0.0,0.0,-0.139,-22.5,-2.3,-24.8,0.0
emmanuel mudiay,23.0,UTA,PG,3.0,11.3,1.7,4.7,0.357,0.7,1.0,0.667,1.0,3.7,0.273,0.429,0.3,0.7,0.5,0.3,1.7,2.0,0.7,0.0,0.3,0.3,0.0,4.3,2020,Playoffs,9.8,0.437,0.214,0.143,3.5,16.9,10.3,8.8,0.0,2.9,6.3,21.9,0.0,0.0,0.0,-0.043,-3.0,-3.6,-6.6,0.0
enes freedom,23.0,OKC,C,18.0,17.9,3.6,6.6,0.551,0.1,0.8,0.143,3.5,5.8,0.606,0.559,2.1,2.5,0.844,2.6,3.6,6.2,0.3,0.3,0.6,0.9,2.2,9.4,2016,Playoffs,22.4,0.617,0.119,0.381,16.5,21.7,19.2,2.6,0.8,2.7,11.0,20.8,1.1,0.4,1.5,0.219,2.9,-1.0,1.9,0.3
enes freedom,24.0,OKC,C,5.0,9.0,2.0,5.2,0.385,0.0,0.0,0.0,2.0,5.2,0.385,0.385,0.8,0.8,1.0,0.6,1.2,1.8,0.2,0.0,0.8,0.4,1.6,4.8,2017,Playoffs,10.9,0.432,0.0,0.154,6.8,15.2,10.8,3.8,0.0,8.5,6.7,28.3,-0.1,0.0,0.0,-0.045,-4.9,-2.9,-7.8,-0.1
enes freedom,26.0,POR,C,16.0,28.8,4.7,9.1,0.514,0.1,0.3,0.25,4.6,8.9,0.521,0.517,1.9,2.6,0.756,3.3,6.4,9.6,1.2,0.7,0.6,1.6,2.3,11.4,2019,Playoffs,16.9,0.555,0.027,0.281,11.9,23.5,17.7,6.5,1.2,1.6,13.7,17.9,0.6,0.5,1.0,0.106,1.0,-1.3,-0.3,0.2
enes freedom,27.0,BOS,C,11.0,9.3,2.0,3.8,0.524,0.1,0.1,1.0,1.9,3.7,0.512,0.536,0.5,0.9,0.5,1.7,2.2,3.9,0.6,0.0,0.0,0.4,1.7,4.5,2020,Playoffs,18.9,0.539,0.024,0.238,21.8,25.4,23.7,12.0,0.0,0.0,7.9,22.0,0.2,0.1,0.4,0.178,0.7,-1.9,-1.2,0.0
enes freedom,28.0,POR,C,5.0,11.2,0.8,1.6,0.5,0.0,0.0,0.0,0.8,1.6,0.5,0.5,0.4,0.4,1.0,1.2,1.4,2.6,0.0,0.0,0.4,0.6,1.8,2.0,2021,Playoffs,6.4,0.563,0.0,0.25,12.7,14.1,13.4,0.0,0.0,3.3,25.3,9.6,0.0,0.0,0.0,0.004,-5.3,-3.0,-8.3,-0.1
eric bledsoe,28.0,MIL,PG,7.0,32.1,5.3,12.0,0.44,1.0,3.1,0.318,4.3,8.9,0.484,0.482,2.0,2.9,0.7,0.4,3.1,3.6,3.7,1.0,0.9,2.1,2.7,13.6,2018,Playoffs,12.9,0.512,0.262,0.238,1.7,10.9,6.6,18.1,1.6,2.4,13.9,23.3,-0.1,0.2,0.1,0.027,-0.7,-2.1,-2.8,0.0
eric bledsoe,29.0,MIL,PG,15.0,28.2,5.1,12.3,0.411,1.1,4.8,0.236,3.9,7.5,0.522,0.457,2.4,3.4,0.706,1.3,2.4,3.7,4.3,1.1,0.4,2.1,1.9,13.7,2019,Playoffs,14.2,0.494,0.389,0.276,4.9,8.2,6.6,23.7,1.8,1.3,13.4,24.4,0.0,0.7,0.7,0.08,-0.2,0.0,-0.2,0.2
eric bledsoe,30.0,MIL,PG,9.0,29.7,4.2,10.9,0.388,0.9,3.6,0.25,3.3,7.3,0.455,0.429,2.3,2.9,0.808,0.6,4.0,4.6,5.9,1.2,0.7,2.6,2.2,11.7,2020,Playoffs,12.6,0.48,0.327,0.265,2.0,14.7,8.2,29.0,2.0,2.4,17.4,21.3,-0.1,0.4,0.3,0.051,-1.4,1.2,-0.2,0.1
eric gordon,26.0,NOP,SG,4.0,35.8,7.0,16.0,0.438,3.3,8.0,0.406,3.8,8.0,0.469,0.539,1.3,1.5,0.833,0.8,1.8,2.5,3.8,0.5,0.5,2.5,2.8,18.5,2015,Playoffs,14.6,0.555,0.5,0.094,2.4,5.3,3.9,18.2,0.7,1.2,13.0,24.5,0.2,-0.1,0.0,0.008,3.2,-2.0,1.3,0.1
eric gordon,28.0,HOU,SG,11.0,32.5,4.6,11.0,0.421,2.5,6.4,0.386,2.2,4.6,0.471,0.533,1.2,1.6,0.722,0.5,3.5,3.9,2.0,0.7,0.5,1.3,1.8,12.9,2017,Playoffs,11.5,0.551,0.579,0.149,1.5,11.2,6.5,9.8,1.1,1.3,9.8,17.5,0.2,0.3,0.5,0.072,1.0,-0.6,0.4,0.2
eric gordon,29.0,HOU,SG,17.0,32.3,4.9,13.0,0.38,2.5,7.6,0.331,2.4,5.4,0.451,0.477,3.0,3.6,0.836,0.5,2.1,2.6,1.6,0.6,0.5,1.4,1.7,15.4,2018,Playoffs,12.1,0.529,0.588,0.276,1.8,7.4,4.5,8.2,0.9,1.3,8.8,22.2,0.3,0.4,0.6,0.056,0.8,-1.3,-0.5,0.2
eric gordon,30.0,HOU,SG,11.0,37.3,6.1,13.6,0.447,3.5,8.6,0.4,2.6,5.0,0.527,0.573,2.2,2.5,0.857,0.5,2.1,2.5,1.3,0.6,1.0,2.5,2.0,17.8,2019,Playoffs,12.7,0.604,0.633,0.187,1.4,6.1,3.8,5.7,0.9,2.5,14.3,20.5,0.3,0.3,0.6,0.069,1.3,-0.8,0.5,0.3
eric gordon,31.0,HOU,SF,12.0,34.2,6.0,14.7,0.409,2.4,7.5,0.322,3.6,7.2,0.5,0.491,2.9,3.3,0.875,0.5,2.2,2.7,3.0,0.8,0.6,2.0,2.2,17.3,2020,Playoffs,12.8,0.537,0.511,0.227,1.6,7.4,4.4,14.7,1.2,1.7,11.0,23.8,0.0,0.4,0.4,0.053,-0.4,-0.6,-1.0,0.1
eric gordon,34.0,LAC,SG,5.0,29.8,3.6,8.8,0.409,2.0,5.8,0.345,1.6,3.0,0.533,0.523,1.0,1.2,0.833,0.2,1.2,1.4,2.6,0.6,0.4,0.8,2.4,10.2,2023,Playoffs,9.2,0.547,0.659,0.136,0.7,5.0,2.7,12.0,1.0,1.0,7.9,14.3,0.1,-0.1,0.1,0.019,-0.9,-0.4,-1.3,0.0
eric gordon,35.0,PHO,SG,4.0,29.5,2.3,7.0,0.321,1.8,4.3,0.412,0.5,2.8,0.182,0.446,1.8,2.0,0.875,0.3,1.5,1.8,1.3,1.3,0.5,1.0,1.3,8.0,2024,Playoffs,7.6,0.508,0.607,0.286,1.0,6.3,3.6,6.4,2.2,1.6,11.3,14.1,-0.1,-0.1,-0.1,-0.053,-1.2,-1.1,-2.3,0.0
eric moreland,27.0,TOR,PF,8.0,3.5,0.1,0.3,0.5,0.0,0.0,0.0,0.1,0.3,0.5,0.5,0.0,0.0,0.0,0.3,1.5,1.8,0.4,0.0,0.0,0.0,0.6,0.3,2019,Playoffs,10.3,0.5,0.0,0.0,7.9,47.3,27.6,14.4,0.0,0.0,0.0,3.2,0.1,0.1,0.1,0.193,-2.2,3.7,1.4,0.0
eric paschall,25.0,UTA,PF,4.0,6.0,0.8,1.5,0.5,0.3,0.5,0.5,0.5,1.0,0.5,0.583,0.3,0.3,1.0,0.3,1.0,1.3,0.0,0.3,0.0,0.0,0.8,2.0,2022,Playoffs,14.1,0.621,0.333,0.167,4.9,19.3,12.1,0.0,2.2,0.0,0.0,12.6,0.1,0.0,0.1,0.142,0.2,0.6,0.8,0.0
ersan alyasova,27.0,MIL,PF,6.0,23.7,3.3,10.2,0.328,0.8,3.8,0.217,2.5,6.3,0.395,0.369,1.2,1.7,0.7,1.0,2.8,3.8,0.5,0.8,0.5,0.8,1.7,8.7,2015,Playoffs,8.0,0.398,0.377,0.164,4.1,13.9,8.6,3.9,1.8,1.9,7.1,22.3,-0.3,0.1,-0.1,-0.046,-2.9,-1.4,-4.3,-0.1
ersan alyasova,29.0,ATL,PF,6.0,15.0,1.3,3.8,0.348,0.2,0.8,0.2,1.2,3.0,0.389,0.37,1.2,1.5,0.778,2.3,2.8,5.2,0.3,0.2,0.0,0.8,1.2,4.0,2017,Playoffs,9.3,0.445,0.217,0.391,17.4,21.3,19.3,3.2,0.5,0.0,15.6,15.0,0.0,0.1,0.1,0.049,-2.7,-1.8,-4.5,-0.1
ersan alyasova,30.0,PHI,PF,10.0,23.3,3.6,8.4,0.429,0.9,3.1,0.29,2.7,5.3,0.509,0.482,1.2,2.1,0.571,2.6,5.0,7.6,1.3,0.7,0.4,1.0,2.5,9.3,2018,Playoffs,14.4,0.499,0.369,0.25,11.8,23.3,17.4,8.7,1.5,1.6,9.7,18.6,0.2,0.3,0.5,0.112,0.4,-0.4,0.0,0.1
ersan alyasova,31.0,MIL,PF,15.0,18.1,2.3,5.4,0.432,0.8,2.7,0.3,1.5,2.7,0.561,0.506,1.3,1.7,0.8,1.3,3.4,4.7,1.4,0.7,0.4,0.5,2.7,6.8,2019,Playoffs,15.2,0.554,0.494,0.309,7.7,18.1,13.1,11.2,1.8,2.0,7.1,15.7,0.5,0.5,1.0,0.183,0.0,2.8,2.8,0.3
ersan alyasova,32.0,MIL,PF,3.0,7.7,1.0,3.0,0.333,0.3,1.7,0.2,0.7,1.3,0.5,0.389,0.7,0.7,1.0,0.0,1.3,1.3,0.0,0.7,0.0,0.3,1.0,3.0,2020,Playoffs,7.4,0.455,0.556,0.222,0.0,19.0,9.3,0.0,4.2,0.0,9.2,20.4,0.0,0.0,0.0,0.006,-5.9,1.1,-4.8,0.0
etwaun moore,25.0,CHI,SG,3.0,3.0,0.7,2.0,0.333,0.3,0.3,1.0,0.3,1.7,0.2,0.417,0.0,0.0,0.0,0.0,1.0,1.0,0.0,0.7,0.0,0.0,0.3,1.7,2015,Playoffs,21.9,0.417,0.167,0.0,0.0,35.8,18.3,0.0,11.8,0.0,0.0,30.4,0.0,0.0,0.0,0.161,-1.6,14.4,12.8,0.0
etwaun moore,28.0,NOP,SG,9.0,31.6,4.6,9.8,0.466,1.0,2.8,0.36,3.6,7.0,0.508,0.517,1.2,1.8,0.688,0.7,1.9,2.6,1.7,0.7,0.1,1.2,2.2,11.3,2018,Playoffs,8.7,0.537,0.284,0.182,2.3,6.0,4.2,7.1,1.0,0.3,10.4,16.0,0.0,0.2,0.2,0.034,-2.7,-0.6,-3.3,-0.1
etwaun moore,31.0,PHO,SG,7.0,6.6,1.1,2.6,0.444,0.1,0.7,0.2,1.0,1.9,0.538,0.472,0.0,0.0,0.0,0.0,1.4,1.4,1.3,0.1,0.0,0.4,0.4,2.4,2021,Playoffs,11.4,0.472,0.278,0.0,0.0,22.9,12.1,28.8,1.1,0.0,14.3,20.8,0.0,0.1,0.0,0.034,-2.6,1.8,-0.7,0.0
evan fournier,26.0,ORL,SG,5.0,35.0,4.8,13.8,0.348,1.6,6.8,0.235,3.2,7.0,0.457,0.406,1.2,1.6,0.75,0.6,2.6,3.2,2.0,1.4,0.0,2.4,2.8,12.4,2019,Playoffs,5.0,0.427,0.493,0.116,1.7,8.7,5.0,10.7,2.0,0.0,14.2,21.4,-0.5,0.1,-0.3,-0.092,-4.4,-0.5,-4.8,-0.1
evan fournier,27.0,ORL,SF,5.0,34.2,4.0,11.4,0.351,2.4,7.0,0.343,1.6,4.4,0.364,0.456,2.4,3.4,0.706,0.6,3.4,4.0,2.6,1.2,0.6,1.8,2.0,12.8,2020,Playoffs,8.9,0.496,0.614,0.298,1.7,10.7,6.0,11.6,1.6,1.8,12.2,18.3,-0.2,0.2,0.0,0.006,-1.5,-0.6,-2.1,0.0
evan fournier,28.0,BOS,SF,5.0,33.4,5.4,12.6,0.429,2.6,6.0,0.433,2.8,6.6,0.424,0.532,2.0,2.4,0.833,1.0,2.6,3.6,1.4,1.2,0.0,1.0,4.0,15.4,2021,Playoffs,11.8,0.564,0.476,0.19,3.3,9.5,6.2,6.6,1.8,0.0,6.8,18.6,0.2,-0.1,0.1,0.015,-1.4,-0.8,-2.3,0.0
evan mobley,21.0,CLE,PF,5.0,37.6,4.4,9.6,0.458,0.0,0.2,0.0,4.4,9.4,0.468,0.458,1.0,1.6,0.625,3.0,7.0,10.0,2.0,0.6,1.2,2.4,2.6,9.8,2023,Playoffs,9.5,0.476,0.021,0.167,9.7,20.8,15.5,8.6,0.8,2.8,18.9,15.8,-0.2,0.3,0.1,0.036,-3.0,0.8,-2.2,0.0
evan mobley,22.0,CLE,PF,12.0,35.2,6.8,12.2,0.555,0.4,1.5,0.278,6.3,10.7,0.594,0.572,2.1,3.0,0.694,2.5,6.8,9.3,2.3,0.8,2.2,1.8,2.8,16.0,2024,Playoffs,18.9,0.593,0.123,0.247,8.3,21.8,15.1,11.3,1.2,6.2,12.0,20.3,0.5,0.7,1.2,0.136,1.2,2.1,3.3,0.6
evan turner,25.0,IND,SF,12.0,12.4,1.3,2.9,0.429,0.3,0.6,0.571,0.9,2.3,0.393,0.486,0.4,0.4,1.0,0.0,2.2,2.2,1.6,0.3,0.0,0.9,0.8,3.3,2014,Playoffs,9.8,0.524,0.2,0.143,0.0,20.6,10.5,21.3,1.5,0.0,22.8,15.8,-0.1,0.2,0.1,0.045,-2.6,1.8,-0.8,0.0
evan turner,26.0,BOS,SG,4.0,29.5,4.0,11.0,0.364,0.5,1.0,0.5,3.5,10.0,0.35,0.386,2.0,2.3,0.889,0.5,6.8,7.3,4.8,0.8,0.0,2.3,2.8,10.5,2015,Playoffs,11.2,0.438,0.091,0.205,1.8,25.7,13.4,27.4,1.3,0.0,15.8,21.6,-0.1,0.1,-0.1,-0.02,-2.2,0.8,-1.4,0.0
evan turner,27.0,BOS,SG,6.0,35.7,5.2,14.2,0.365,0.5,2.3,0.214,4.7,11.8,0.394,0.382,2.3,3.0,0.778,1.3,4.3,5.7,4.5,1.3,1.0,2.8,3.2,13.2,2016,Playoffs,9.8,0.425,0.165,0.212,3.7,13.5,8.3,22.6,1.8,2.5,15.5,22.1,-0.4,0.4,0.0,0.005,-2.4,0.8,-1.6,0.0
evan turner,28.0,POR,SF,4.0,31.0,3.0,8.3,0.364,1.3,3.8,0.333,1.8,4.5,0.389,0.439,3.0,4.0,0.75,0.8,5.0,5.8,3.8,1.8,0.5,1.8,1.8,10.3,2017,Playoffs,12.8,0.512,0.455,0.485,2.4,18.4,9.8,18.8,2.6,1.4,14.9,15.8,0.0,0.1,0.1,0.041,-0.1,1.7,1.5,0.1
evan turner,29.0,POR,SF,3.0,29.0,4.0,11.0,0.364,0.7,2.3,0.286,3.3,8.7,0.385,0.394,0.7,0.7,1.0,1.7,2.3,4.0,3.3,1.0,0.3,2.0,2.7,9.3,2018,Playoffs,8.3,0.413,0.212,0.061,5.9,9.7,7.6,15.9,1.7,0.9,15.0,19.6,-0.1,0.0,-0.1,-0.058,-3.3,-0.9,-4.2,0.0
evan turner,30.0,POR,PG,16.0,15.3,0.9,2.9,0.326,0.1,0.1,1.0,0.9,2.8,0.311,0.337,0.8,0.9,0.8,0.8,3.7,4.5,2.2,0.2,0.2,0.8,1.4,2.7,2019,Playoffs,9.0,0.409,0.022,0.326,5.6,25.6,15.6,19.4,0.6,1.0,19.8,11.7,0.0,0.2,0.2,0.033,-3.1,0.6,-2.6,0.0
facundo campazzo,29.0,DEN,PG,10.0,27.0,2.9,7.4,0.392,1.9,4.8,0.396,1.0,2.6,0.385,0.52,1.6,1.9,0.842,0.7,2.3,3.0,4.1,1.4,0.4,1.5,3.5,9.3,2021,Playoffs,12.4,0.565,0.649,0.257,2.7,10.4,6.3,20.2,2.6,1.4,15.4,15.7,0.3,0.1,0.4,0.064,-1.8,1.5,-0.3,0.1
facundo campazzo,30.0,DEN,PG,4.0,3.3,0.0,0.5,0.0,0.0,0.5,0.0,0.0,0.0,0.0,0.0,0.0,0.0,0.0,0.0,0.8,0.8,0.5,0.0,0.0,0.5,0.8,0.0,2022,Playoffs,-10.5,0.0,1.0,0.0,0.0,29.5,14.3,18.7,0.0,0.0,50.0,13.4,-0.1,0.0,-0.1,-0.323,-15.7,-3.6,-19.4,-0.1
festus ezeli,25.0,GSW,C,20.0,9.2,1.4,2.5,0.54,0.0,0.0,0.0,1.4,2.5,0.54,0.54,0.8,1.5,0.552,1.2,1.9,3.1,0.3,0.1,0.5,0.6,1.3,3.5,2015,Playoffs,16.1,0.558,0.0,0.58,14.5,22.4,18.5,5.2,0.3,4.4,16.1,18.3,0.3,0.3,0.6,0.15,-1.1,0.5,-0.7,0.1
festus ezeli,26.0,GSW,C,23.0,8.8,1.6,3.0,0.536,0.0,0.0,0.0,1.6,3.0,0.536,0.536,0.8,1.9,0.432,1.0,1.7,2.7,0.3,0.0,0.3,0.6,1.5,4.0,2016,Playoffs,13.9,0.526,0.0,0.638,12.4,20.0,16.3,6.3,0.2,2.8,13.7,22.1,0.1,0.2,0.3,0.08,-3.2,-0.7,-3.9,-0.1
francisco garcaa,32.0,HOU,SF,2.0,11.0,1.0,3.0,0.333,0.0,1.5,0.0,1.0,1.5,0.667,0.333,1.5,2.0,0.75,0.5,0.5,1.0,0.0,0.0,0.0,0.0,1.5,3.5,2014,Playoffs,6.3,0.451,0.5,0.667,4.9,5.1,5.0,0.0,0.0,0.0,0.0,15.0,0.0,0.0,0.0,0.028,-3.0,-1.5,-4.4,0.0
frank kaminsky,22.0,CHO,C,7.0,27.1,2.0,6.6,0.304,0.7,2.4,0.294,1.3,4.1,0.31,0.359,2.4,3.0,0.81,0.4,3.9,4.3,1.1,0.9,0.7,0.3,2.1,7.1,2016,Playoffs,10.3,0.453,0.37,0.457,1.7,17.4,9.0,7.1,1.7,2.1,3.5,14.3,0.0,0.2,0.2,0.048,-1.4,1.6,0.2,0.1
frank kaminsky,27.0,PHO,C,10.0,6.8,1.0,2.2,0.455,0.1,0.5,0.2,0.9,1.7,0.529,0.477,0.1,0.1,1.0,0.2,1.2,1.4,1.4,0.2,0.3,0.4,0.9,2.2,2021,Playoffs,13.8,0.49,0.227,0.045,3.5,18.6,11.5,29.2,1.5,4.1,15.1,17.8,0.0,0.1,0.1,0.1,-0.5,5.4,4.9,0.1
frank mason,25.0,MIL,PG,2.0,1.0,0.0,0.0,0.0,0.0,0.0,0.0,0.0,0.0,0.0,0.0,0.0,0.0,0.0,0.0,0.0,0.0,0.5,0.0,0.0,0.0,0.0,0.0,2020,Playoffs,16.4,0.0,,,0.0,0.0,0.0,60.5,0.0,0.0,0.0,0.0,0.0,0.0,0.0,0.237,4.4,0.0,4.4,0.0
frank ntilikina,22.0,NYK,PG,3.0,1.3,0.0,0.3,0.0,0.0,0.3,0.0,0.0,0.0,0.0,0.0,0.0,0.0,0.0,0.0,0.0,0.0,0.0,0.0,0.0,0.0,0.0,0.0,2021,Playoffs,-10.4,0.0,1.0,0.0,0.0,0.0,0.0,0.0,0.0,0.0,0.0,11.1,0.0,0.0,0.0,-0.246,-13.7,-5.9,-19.6,0.0
frank ntilikina,23.0,DAL,SG,12.0,10.4,0.7,2.0,0.333,0.5,1.7,0.3,0.2,0.3,0.5,0.458,0.1,0.1,1.0,0.2,0.8,1.0,0.8,0.7,0.1,0.5,1.6,1.9,2022,Playoffs,5.7,0.471,0.833,0.042,1.9,9.6,5.7,10.4,3.3,0.7,19.7,11.5,-0.1,0.1,0.0,0.007,-5.7,2.0,-3.7,-0.1
franz wagner,22.0,ORL,SF,7.0,37.0,6.0,14.7,0.408,1.3,4.9,0.265,4.7,9.9,0.478,0.451,5.6,6.3,0.886,1.4,5.4,6.9,4.4,0.7,1.3,1.3,2.9,18.9,2024,Playoffs,17.7,0.539,0.33,0.427,4.1,17.1,10.3,20.9,1.0,3.3,6.9,22.2,0.5,0.6,1.1,0.203,2.3,2.6,4.9,0.5
fred vanvleet,22.0,TOR,PG,7.0,4.1,0.9,1.3,0.667,0.3,0.7,0.4,0.6,0.6,1.0,0.778,0.0,0.0,0.0,0.0,0.1,0.1,0.6,0.1,0.0,0.1,0.4,2.0,2017,Playoffs,19.9,0.778,0.556,0.0,0.0,4.1,2.1,26.1,1.8,0.0,10.0,16.2,0.1,0.0,0.1,0.213,3.4,1.9,5.2,0.1
fred vanvleet,23.0,TOR,PG,6.0,19.0,2.2,6.5,0.333,1.3,4.7,0.286,0.8,1.8,0.455,0.436,1.2,1.3,0.875,0.0,1.7,1.7,2.2,0.0,0.0,0.7,1.3,6.8,2018,Playoffs,8.1,0.482,0.718,0.205,0.0,11.0,5.4,16.6,0.0,0.0,8.6,18.5,0.0,-0.1,0.0,-0.006,-1.1,-3.0,-4.1,-0.1
fred vanvleet,24.0,TOR,PG,24.0,24.7,2.7,6.9,0.392,1.6,4.1,0.388,1.1,2.8,0.397,0.506,1.0,1.3,0.774,0.3,1.4,1.7,2.6,0.8,0.3,0.9,2.0,8.0,2019,Playoffs,10.4,0.534,0.59,0.187,1.3,6.2,3.7,15.7,1.5,1.0,10.5,15.4,0.4,0.7,1.1,0.085,-0.7,0.8,0.1,0.3
fred vanvleet,25.0,TOR,SG,11.0,39.1,6.9,17.3,0.4,3.9,10.0,0.391,3.0,7.3,0.413,0.513,1.9,2.3,0.84,0.5,3.9,4.4,6.9,1.6,0.6,2.0,2.5,19.6,2020,Playoffs,16.4,0.537,0.579,0.132,1.2,11.0,6.0,28.4,2.0,1.7,9.9,22.9,0.4,0.8,1.2,0.134,2.9,1.9,4.7,0.7
fred vanvleet,27.0,TOR,PG,4.0,35.0,4.8,13.5,0.352,3.0,9.0,0.333,1.8,4.5,0.389,0.463,1.3,1.5,0.833,0.5,2.5,3.0,6.3,1.8,1.0,1.0,3.0,13.8,2022,Playoffs,15.7,0.486,0.667,0.111,1.6,9.7,5.3,27.5,2.6,3.1,6.6,20.1,0.1,0.0,0.2,0.06,2.6,0.9,3.5,0.2
furkan korkmaz,21.0,PHI,SG,4.0,9.0,1.5,4.5,0.333,0.8,2.0,0.375,0.8,2.5,0.3,0.417,1.0,1.3,0.8,0.0,1.5,1.5,1.3,0.0,0.3,0.3,1.3,4.8,2019,Playoffs,12.2,0.47,0.444,0.278,0.0,17.2,9.0,21.2,0.0,2.5,4.7,25.0,0.0,0.0,0.1,0.088,-1.3,-0.1,-1.4,0.0
furkan korkmaz,22.0,PHI,SG,4.0,10.0,0.0,1.8,0.0,0.0,1.5,0.0,0.0,0.3,0.0,0.0,0.8,1.3,0.6,0.0,1.5,1.5,0.5,0.3,0.0,0.5,0.8,0.8,2020,Playoffs,-4.6,0.163,0.857,0.714,0.0,16.6,8.1,7.2,1.3,0.0,17.9,12.2,-0.2,0.0,-0.2,-0.193,-9.8,-2.0,-11.8,-0.1
furkan korkmaz,23.0,PHI,SG,12.0,16.3,2.5,6.1,0.411,1.2,3.7,0.318,1.3,2.4,0.552,0.507,0.8,1.2,0.714,0.3,1.7,2.0,0.6,0.6,0.3,0.4,0.8,7.0,2021,Playoffs,11.3,0.531,0.603,0.192,2.3,10.9,6.8,4.9,1.7,1.3,5.9,18.6,0.0,0.3,0.3,0.076,-1.0,0.6,-0.4,0.1
furkan korkmaz,24.0,PHI,SG,9.0,6.8,1.2,2.6,0.478,0.4,1.1,0.4,0.8,1.4,0.538,0.565,0.2,0.2,1.0,0.1,1.2,1.3,0.4,0.1,0.1,0.2,0.8,3.1,2022,Playoffs,14.8,0.586,0.435,0.087,2.1,21.1,12.1,11.5,0.9,1.5,7.7,19.9,0.1,0.1,0.1,0.107,1.1,1.5,2.6,0.1
furkan korkmaz,25.0,PHI,SG,3.0,3.7,0.0,0.7,0.0,0.0,0.3,0.0,0.0,0.3,0.0,0.0,0.7,0.7,1.0,0.0,0.3,0.3,0.3,0.0,0.0,0.3,0.0,0.7,2023,Playoffs,-0.1,0.347,0.5,1.0,0.0,10.9,5.3,12.0,0.0,0.0,25.8,16.3,0.0,0.0,0.0,-0.145,-6.7,-3.1,-9.8,0.0
gabe vincent,24.0,MIA,PG,3.0,4.7,0.7,1.0,0.667,0.3,0.7,0.5,0.3,0.3,1.0,0.833,0.0,0.0,0.0,0.0,0.3,0.3,0.7,0.0,0.0,0.3,0.0,1.7,2021,Playoffs,12.7,0.833,0.667,0.0,0.0,7.3,3.5,24.9,0.0,0.0,25.0,12.5,0.0,0.0,0.0,0.073,2.3,-0.5,1.8,0.0
gabe vincent,25.0,MIA,PG,18.0,23.5,2.8,7.3,0.382,1.4,4.5,0.309,1.4,2.8,0.5,0.477,1.1,1.1,0.95,0.2,1.8,1.9,3.2,0.8,0.3,1.4,2.3,8.0,2022,Playoffs,10.0,0.515,0.618,0.153,0.8,9.2,4.9,20.0,1.7,1.3,15.2,17.4,0.0,0.5,0.6,0.065,-1.7,1.4,-0.3,0.2
gabe vincent,26.0,MIA,PG,22.0,30.5,4.5,11.2,0.402,2.3,6.1,0.378,2.2,5.0,0.432,0.506,1.4,1.5,0.882,0.4,1.0,1.4,3.5,0.9,0.2,1.4,3.0,12.7,2023,Playoffs,10.5,0.535,0.549,0.138,1.3,4.0,2.6,17.1,1.4,0.6,10.6,19.5,0.3,0.5,0.7,0.051,-1.9,0.4,-1.5,0.1
gabe vincent,27.0,LAL,PG,5.0,13.8,0.6,2.4,0.25,0.2,1.4,0.143,0.4,1.0,0.4,0.292,0.0,0.0,0.0,0.2,1.4,1.6,0.6,0.4,0.0,0.6,1.6,1.4,2024,Playoffs,-0.4,0.292,0.583,0.0,1.6,11.0,6.4,5.3,1.5,0.0,20.0,10.0,-0.2,0.1,-0.1,-0.085,-9.6,1.3,-8.3,-0.1
garrett temple,27.0,WAS,SG,10.0,0.9,0.2,0.2,1.0,0.1,0.1,1.0,0.1,0.1,1.0,1.25,0.0,0.0,0.0,0.0,0.0,0.0,0.0,0.0,0.0,0.1,0.5,0.5,2014,Playoffs,9.7,1.25,0.5,0.0,0.0,0.0,0.0,0.0,0.0,0.0,33.3,15.8,0.0,0.0,0.0,0.111,-5.0,4.1,-0.9,0.0
garrett temple,28.0,WAS,SG,4.0,6.5,0.3,1.5,0.167,0.0,0.8,0.0,0.3,0.8,0.333,0.167,1.3,2.0,0.625,0.3,0.5,0.8,0.3,0.5,0.0,0.8,1.0,1.8,2015,Playoffs,1.5,0.368,0.5,1.333,4.3,8.1,6.3,5.3,3.9,0.0,24.0,21.3,-0.1,0.0,-0.1,-0.095,-10.2,-0.2,-10.3,-0.1
garrett temple,32.0,LAC,SG,6.0,10.5,0.5,1.8,0.273,0.2,1.2,0.143,0.3,0.7,0.5,0.318,1.2,1.7,0.7,0.2,1.0,1.2,0.3,0.5,0.2,0.3,1.3,2.3,2019,Playoffs,5.3,0.455,0.636,0.909,1.7,11.3,6.2,4.1,2.2,1.3,11.5,11.5,0.0,0.0,-0.1,-0.039,-5.5,0.5,-5.0,0.0
garrett temple,33.0,BRK,SG,4.0,34.3,4.3,12.3,0.347,2.3,9.0,0.25,2.0,3.3,0.615,0.439,1.3,1.5,0.833,0.0,2.8,2.8,2.0,0.8,0.3,1.5,3.0,12.0,2020,Playoffs,4.6,0.465,0.735,0.122,0.0,8.7,4.0,9.3,1.0,0.7,10.4,17.3,-0.2,-0.1,-0.3,-0.095,-4.2,-1.8,-6.1,-0.1
garrison mathews,24.0,WAS,SG,3.0,5.7,0.0,1.3,0.0,0.0,1.3,0.0,0.0,0.0,0.0,0.0,1.3,1.7,0.8,0.0,0.7,0.7,0.0,0.0,0.0,0.0,1.3,1.3,2021,Playoffs,-2.6,0.323,1.0,1.25,0.0,13.3,6.4,0.0,0.0,0.0,0.0,15.3,0.0,0.0,0.0,-0.11,-11.1,-2.7,-13.7,-0.1
gary clark,24.0,HOU,PF,2.0,2.0,0.0,0.0,0.0,0.0,0.0,0.0,0.0,0.0,0.0,0.0,0.0,0.0,0.0,0.0,0.5,0.5,0.0,0.0,0.0,0.0,0.0,0.0,2019,Playoffs,3.1,0.0,,,0.0,27.3,14.1,0.0,0.0,0.0,0.0,0.0,0.0,0.0,0.0,0.048,-1.6,1.0,-0.6,0.0
gary clark,25.0,ORL,SF,5.0,28.8,2.2,6.6,0.333,2.2,6.4,0.344,0.0,0.2,0.0,0.5,0.8,1.0,0.8,0.8,4.8,5.6,1.4,1.0,0.4,0.4,1.4,7.4,2020,Playoffs,9.6,0.526,0.97,0.152,2.7,18.0,10.0,7.0,1.6,1.4,5.4,11.0,0.0,0.2,0.2,0.07,-0.2,1.1,0.9,0.1
gary harris,24.0,DEN,SG,14.0,36.9,5.2,11.3,0.462,1.4,4.1,0.351,3.8,7.2,0.525,0.525,2.4,2.7,0.868,0.6,3.5,4.1,2.3,0.9,0.6,0.8,2.7,14.2,2019,Playoffs,13.5,0.569,0.361,0.241,1.8,10.1,5.9,9.3,1.2,1.2,5.9,16.1,0.8,0.2,1.1,0.099,-1.1,0.8,-0.3,0.2
gary harris,25.0,DEN,SG,14.0,27.1,2.4,6.4,0.378,1.4,3.7,0.365,1.1,2.7,0.395,0.483,1.2,1.6,0.773,0.5,1.5,2.0,1.7,1.1,0.3,1.5,3.2,7.4,2020,Playoffs,6.8,0.522,0.578,0.244,2.2,6.5,4.4,8.9,2.2,1.0,17.4,14.5,-0.1,0.2,0.0,0.003,-3.4,1.0,-2.3,0.0
gary harris,29.0,ORL,SG,6.0,26.5,1.3,4.7,0.286,1.2,3.7,0.318,0.2,1.0,0.167,0.411,0.3,0.3,1.0,0.8,1.2,2.0,0.7,1.2,0.5,0.3,3.0,4.2,2024,Playoffs,4.9,0.433,0.786,0.071,3.4,5.1,4.2,3.7,2.2,1.8,6.5,8.5,0.0,0.4,0.3,0.096,-4.7,2.7,-2.0,0.0
gary neal,29.0,CHA,SG,4.0,26.0,4.5,12.8,0.353,1.0,4.5,0.222,3.5,8.3,0.424,0.392,1.3,1.8,0.714,0.8,1.3,2.0,1.0,0.0,0.0,2.0,2.3,11.3,2014,Playoffs,3.1,0.416,0.353,0.137,3.5,6.3,4.8,7.3,0.0,0.0,12.9,28.5,-0.4,0.0,-0.4,-0.165,-5.9,-4.8,-10.7,-0.2
gary payton,29.0,GSW,SG,12.0,16.9,2.4,3.7,0.659,0.7,1.3,0.533,1.8,2.4,0.724,0.75,1.0,1.5,0.667,1.1,2.0,3.1,1.3,1.2,0.6,0.5,1.9,6.5,2022,Playoffs,20.6,0.751,0.341,0.409,7.4,12.9,10.2,11.0,3.4,3.5,10.4,12.5,0.7,0.3,1.0,0.235,2.7,4.7,7.4,0.5
gary payton,30.0,GSW,SG,12.0,16.0,3.0,4.5,0.667,0.3,1.3,0.267,2.7,3.3,0.821,0.704,0.5,0.8,0.667,1.8,1.8,3.7,0.8,0.7,0.5,0.9,1.6,6.8,2023,Playoffs,17.7,0.707,0.278,0.167,11.7,12.0,11.8,6.8,2.0,2.6,16.0,14.8,0.4,0.2,0.6,0.154,0.9,2.0,2.9,0.2
gary trent,21.0,POR,SF,5.0,30.6,3.2,9.0,0.356,2.0,4.8,0.417,1.2,4.2,0.286,0.467,1.2,1.4,0.857,1.0,1.0,2.0,0.6,0.8,0.0,1.0,3.2,9.6,2020,Playoffs,5.8,0.499,0.533,0.156,3.4,3.5,3.4,2.9,1.2,0.0,9.4,14.5,0.0,0.0,0.0,-0.007,-2.1,-2.1,-4.2,-0.1
gary trent,23.0,TOR,SG,6.0,33.2,5.2,13.7,0.378,2.2,6.5,0.333,3.0,7.2,0.419,0.457,2.8,3.2,0.895,0.2,1.5,1.7,1.3,1.0,0.5,0.5,1.8,15.3,2022,Playoffs,12.4,0.509,0.476,0.232,0.6,6.2,3.1,6.4,1.6,1.6,3.2,21.8,0.1,-0.1,0.1,0.014,-0.7,-0.7,-1.4,0.0
george hill,27.0,IND,PG,19.0,36.2,4.2,9.4,0.444,1.5,4.1,0.364,2.7,5.3,0.505,0.522,2.3,3.2,0.721,0.7,3.1,3.7,3.0,1.2,0.2,1.5,2.3,12.1,2014,Playoffs,12.8,0.561,0.433,0.343,2.3,10.0,6.2,14.2,1.8,0.5,12.0,16.5,0.7,0.9,1.5,0.107,-0.2,1.2,1.0,0.5
george hill,29.0,IND,PG,7.0,33.6,4.6,8.1,0.561,1.9,3.9,0.481,2.7,4.3,0.633,0.675,2.6,3.1,0.818,0.9,1.9,2.7,2.1,0.9,0.1,1.1,2.3,13.6,2016,Playoffs,17.0,0.712,0.474,0.386,3.2,5.9,4.6,11.6,1.4,0.4,10.7,15.3,0.8,0.2,0.9,0.191,3.0,1.3,4.2,0.4
george hill,30.0,UTA,PG,8.0,35.1,5.8,12.3,0.469,1.5,3.9,0.387,4.3,8.4,0.507,0.531,2.6,3.6,0.724,1.0,3.1,4.1,3.6,0.3,0.1,1.6,3.1,15.6,2017,Playoffs,13.4,0.564,0.316,0.296,3.4,10.7,7.0,17.8,0.4,0.3,10.5,21.0,0.3,0.1,0.4,0.075,0.7,-1.6,-0.9,0.1
george hill,31.0,CLE,PG,19.0,29.3,3.1,6.9,0.45,0.8,2.7,0.314,2.3,4.2,0.538,0.511,2.2,2.8,0.774,0.7,1.5,2.2,2.2,0.5,0.4,1.2,2.7,9.2,2018,Playoffs,10.5,0.567,0.389,0.405,2.7,6.1,4.4,11.5,0.9,1.3,12.5,14.6,0.6,0.2,0.8,0.072,-1.4,-0.6,-2.0,0.0
george hill,32.0,MIL,PG,15.0,26.3,4.2,7.9,0.534,1.3,3.2,0.417,2.9,4.7,0.614,0.619,1.8,2.2,0.818,1.0,2.5,3.5,2.8,0.8,0.3,0.4,2.3,11.5,2019,Playoffs,18.2,0.653,0.407,0.28,4.0,9.3,6.7,16.2,1.5,0.9,4.3,15.1,1.3,0.6,1.9,0.227,2.0,3.1,5.2,0.7
george hill,33.0,MIL,PG,10.0,26.8,3.2,6.7,0.478,1.0,2.8,0.357,2.2,3.9,0.564,0.552,2.1,2.6,0.808,0.5,1.9,2.4,3.1,0.6,0.0,1.6,1.7,9.5,2020,Playoffs,11.3,0.606,0.418,0.388,2.0,7.7,4.8,16.4,1.1,0.0,16.9,15.2,0.3,0.2,0.5,0.091,-1.4,-0.2,-1.6,0.0
george hill,34.0,PHI,PG,12.0,17.1,1.6,3.6,0.442,0.7,1.6,0.421,0.9,2.0,0.458,0.535,0.8,1.1,0.769,0.4,0.9,1.3,1.5,0.7,0.3,0.8,1.5,4.7,2021,Playoffs,8.8,0.575,0.442,0.302,2.8,5.7,4.3,11.1,1.9,1.2,17.0,12.3,0.1,0.3,0.4,0.083,-2.7,1.6,-1.1,0.0
george hill,35.0,MIL,PG,5.0,15.2,0.2,1.0,0.2,0.2,0.4,0.5,0.0,0.6,0.0,0.3,0.4,0.4,1.0,0.2,1.0,1.2,0.6,0.0,0.0,0.2,2.0,1.0,2022,Playoffs,0.5,0.425,0.4,0.4,1.4,6.5,4.0,5.0,0.0,0.0,14.5,3.9,0.0,0.1,0.1,0.056,-7.3,-0.7,-8.0,-0.1
georges niang,25.0,UTA,PF,5.0,11.0,1.8,4.4,0.409,0.8,2.6,0.308,1.0,1.8,0.556,0.5,0.0,0.0,0.0,0.0,2.8,2.8,1.0,0.2,0.2,0.4,1.0,4.4,2019,Playoffs,11.2,0.5,0.591,0.0,0.0,27.8,13.4,16.3,0.9,2.1,8.3,18.7,0.0,0.1,0.0,0.044,-0.9,2.1,1.2,0.0
georges niang,26.0,UTA,PF,7.0,16.3,3.1,6.3,0.5,1.7,4.1,0.414,1.4,2.1,0.667,0.636,0.3,0.3,1.0,0.6,1.6,2.1,0.6,0.0,0.1,0.3,1.3,8.3,2020,Playoffs,16.9,0.646,0.659,0.045,4.2,11.1,7.7,5.6,0.0,0.9,4.3,19.2,0.3,0.0,0.3,0.114,2.4,-2.1,0.3,0.1
georges niang,27.0,UTA,PF,11.0,11.7,1.0,3.5,0.282,0.8,2.7,0.3,0.2,0.8,0.222,0.397,0.4,0.4,1.0,0.2,1.5,1.7,0.7,0.0,0.1,0.7,1.7,3.2,2021,Playoffs,1.6,0.429,0.769,0.103,1.9,14.7,8.6,8.4,0.0,0.7,16.4,16.8,-0.2,0.0,-0.3,-0.094,-6.1,-2.2,-8.2,-0.2
georges niang,28.0,PHI,PF,12.0,16.5,1.7,4.0,0.417,1.3,3.6,0.372,0.3,0.4,0.8,0.583,0.2,0.2,1.0,0.3,1.2,1.5,0.9,0.3,0.0,0.6,2.5,4.8,2022,Playoffs,7.1,0.593,0.896,0.042,2.6,8.3,5.6,8.5,0.8,0.0,12.5,13.3,0.1,0.1,0.2,0.053,-1.8,-0.4,-2.2,0.0
georges niang,29.0,PHI,PF,11.0,14.3,1.6,3.3,0.5,1.1,2.4,0.462,0.5,0.9,0.6,0.667,0.0,0.0,0.0,0.0,0.4,0.4,0.2,0.0,0.2,0.5,1.5,4.4,2023,Playoffs,6.4,0.667,0.722,0.0,0.0,3.0,1.5,2.0,0.0,1.4,12.2,12.1,0.1,0.0,0.1,0.04,-2.2,-1.7,-3.9,-0.1
georges niang,30.0,CLE,PF,10.0,12.1,0.9,4.1,0.22,0.3,2.3,0.13,0.6,1.8,0.333,0.256,0.7,0.8,0.875,0.3,0.9,1.2,0.4,0.4,0.2,0.7,1.8,2.8,2024,Playoffs,-1.1,0.314,0.561,0.195,2.9,8.5,5.7,4.7,1.7,1.7,13.6,19.8,-0.5,0.1,-0.4,-0.164,-9.3,-1.4,-10.8,-0.3
gerald green,30.0,MIA,SG,12.0,9.2,1.3,4.1,0.327,0.3,1.2,0.286,1.0,2.9,0.343,0.367,0.3,0.4,0.8,0.2,1.3,1.4,0.1,0.3,0.1,0.2,1.2,3.3,2016,Playoffs,6.7,0.391,0.286,0.102,2.3,15.3,9.1,1.5,1.9,0.7,3.8,23.0,-0.2,0.2,0.0,-0.007,-5.3,0.0,-5.3,-0.1
gerald green,31.0,BOS,SF,13.0,14.8,2.6,5.5,0.472,1.6,3.5,0.467,1.0,2.1,0.481,0.618,0.6,0.7,0.889,0.2,1.4,1.5,0.7,0.2,0.1,0.5,1.6,7.5,2017,Playoffs,13.3,0.638,0.625,0.125,1.2,11.4,6.1,7.6,0.8,0.4,8.4,19.6,0.3,0.0,0.3,0.076,1.3,-1.2,0.1,0.1
gerald green,32.0,HOU,SG,17.0,16.0,2.2,5.5,0.394,1.6,4.2,0.375,0.6,1.3,0.455,0.537,0.4,0.4,0.857,0.4,2.6,2.9,0.1,0.2,0.4,0.6,1.6,6.3,2018,Playoffs,10.1,0.551,0.766,0.074,2.4,18.2,10.2,0.6,0.7,2.3,9.3,17.6,0.0,0.3,0.3,0.054,-0.3,-0.3,-0.6,0.1
gerald green,33.0,HOU,SG,11.0,8.8,1.1,3.6,0.3,0.9,2.6,0.345,0.2,1.0,0.182,0.425,0.5,0.5,1.0,0.0,1.1,1.1,0.1,0.3,0.3,0.3,1.1,3.5,2019,Playoffs,7.2,0.462,0.725,0.125,0.0,13.5,7.0,1.6,1.5,2.9,6.6,20.7,-0.1,0.1,0.0,0.009,-2.7,-0.7,-3.3,0.0
gerald henderson,26.0,CHA,SG,4.0,29.8,3.5,9.3,0.378,0.0,2.3,0.0,3.5,7.0,0.5,0.378,2.8,4.3,0.647,0.3,3.8,4.0,2.3,1.0,0.3,1.5,3.0,9.8,2014,Playoffs,8.0,0.438,0.243,0.459,1.0,16.5,8.4,12.9,1.8,0.7,11.9,20.2,-0.2,0.1,-0.1,-0.032,-5.0,0.5,-4.5,-0.1
gerald henderson,28.0,POR,SG,11.0,21.3,2.7,7.5,0.366,0.6,1.7,0.368,2.1,5.7,0.365,0.409,0.8,1.1,0.75,0.5,2.6,3.2,1.5,0.5,0.3,0.5,1.9,6.9,2016,Playoffs,9.3,0.435,0.232,0.146,2.6,13.1,7.7,11.4,1.3,1.0,5.4,16.8,0.0,0.1,0.1,0.023,-2.1,-0.5,-2.6,0.0
giannis antetokounmpo,20.0,MIL,SG,6.0,33.5,4.3,11.8,0.366,0.0,0.2,0.0,4.3,11.7,0.371,0.366,2.8,3.8,0.739,2.0,5.0,7.0,2.7,0.5,1.5,1.8,3.0,11.5,2015,Playoffs,10.9,0.425,0.014,0.324,5.8,17.3,11.1,14.3,0.8,4.0,11.9,20.6,-0.2,0.2,0.0,-0.003,-2.6,0.3,-2.3,0.0
giannis antetokounmpo,22.0,MIL,SF,6.0,40.5,10.0,18.7,0.536,0.7,1.7,0.4,9.3,17.0,0.549,0.554,4.2,7.7,0.543,1.7,7.8,9.5,4.0,2.2,1.7,3.3,3.5,24.8,2017,Playoffs,21.9,0.563,0.089,0.411,4.6,25.1,14.1,20.6,2.8,4.0,13.1,29.9,0.1,0.6,0.7,0.138,3.8,2.8,6.6,0.5
giannis antetokounmpo,23.0,MIL,PF,7.0,40.0,9.9,17.3,0.57,0.6,2.0,0.286,9.3,15.3,0.607,0.587,5.4,7.9,0.691,1.1,8.4,9.6,6.3,1.4,0.9,2.4,4.0,25.7,2018,Playoffs,26.6,0.62,0.116,0.455,3.7,23.5,14.3,28.2,1.9,1.9,10.5,28.2,1.0,0.4,1.4,0.239,5.6,1.4,7.1,0.6
giannis antetokounmpo,24.0,MIL,PF,15.0,34.3,8.6,17.4,0.494,1.2,3.7,0.327,7.4,13.7,0.539,0.529,7.1,11.2,0.637,2.4,9.8,12.2,4.9,1.2,2.0,3.3,3.2,25.5,2019,Playoffs,26.5,0.572,0.211,0.644,7.3,27.7,17.9,25.1,1.7,5.3,13.0,32.2,1.0,1.3,2.3,0.216,5.0,3.4,8.3,1.4
giannis antetokounmpo,25.0,MIL,PF,9.0,30.8,10.0,17.9,0.559,1.4,4.4,0.325,8.6,13.4,0.636,0.599,5.2,9.0,0.58,3.0,10.8,13.8,5.7,0.7,0.9,3.3,3.4,26.7,2020,Playoffs,31.3,0.61,0.248,0.503,10.3,38.2,24.0,36.7,1.0,3.1,13.2,35.2,0.9,0.5,1.4,0.238,7.8,3.4,11.2,0.9
giannis antetokounmpo,26.0,MIL,PF,21.0,38.1,11.9,20.9,0.569,0.6,3.3,0.186,11.3,17.6,0.642,0.584,5.8,9.8,0.587,2.8,10.0,12.8,5.1,1.0,1.2,3.0,2.9,30.2,2021,Playoffs,27.6,0.599,0.159,0.469,7.8,28.7,18.0,24.3,1.3,2.9,10.8,31.8,2.0,1.7,3.7,0.224,6.7,3.2,9.9,2.4
giannis antetokounmpo,27.0,MIL,PF,12.0,37.3,11.7,23.8,0.491,0.8,3.4,0.22,10.9,20.3,0.537,0.507,7.6,11.2,0.679,2.2,12.0,14.2,6.8,0.7,1.3,4.5,3.6,31.7,2022,Playoffs,26.8,0.552,0.144,0.47,6.2,31.8,19.4,36.9,0.9,3.4,13.6,38.5,0.6,1.1,1.7,0.178,6.5,4.0,10.4,1.4
giannis antetokounmpo,28.0,MIL,PF,3.0,30.3,9.3,17.7,0.528,0.0,1.0,0.0,9.3,16.7,0.56,0.528,4.7,10.3,0.452,2.7,8.3,11.0,5.3,0.3,0.7,4.7,3.0,23.3,2023,Playoffs,18.8,0.525,0.057,0.585,9.5,32.4,20.4,29.8,0.5,1.9,17.4,37.3,-0.1,0.1,0.0,-0.026,1.3,0.6,2.0,0.1
gigi datome,27.0,BOS,SF,3.0,4.7,0.7,2.0,0.333,0.0,0.7,0.0,0.7,1.3,0.5,0.333,0.0,0.0,0.0,0.0,0.3,0.3,0.3,0.0,0.0,0.0,1.3,1.3,2015,Playoffs,-0.4,0.333,0.333,0.0,0.0,8.0,3.9,12.3,0.0,0.0,0.0,19.1,0.0,0.0,0.0,-0.124,-8.0,-1.2,-9.2,0.0
glen davis,28.0,LAC,PF,13.0,12.2,1.9,3.2,0.61,0.0,0.0,0.0,1.9,3.2,0.61,0.61,0.0,0.0,0.0,1.1,1.7,2.8,0.7,0.2,0.2,0.5,1.8,3.8,2014,Playoffs,13.1,0.61,0.0,0.0,9.8,16.6,13.1,8.6,0.9,1.6,14.6,13.2,0.2,0.1,0.3,0.097,-0.6,0.8,0.2,0.1
glen davis,29.0,LAC,PF,14.0,10.3,1.2,2.7,0.447,0.0,0.1,0.0,1.2,2.6,0.459,0.447,0.5,0.6,0.778,0.6,1.3,1.9,0.2,0.4,0.4,0.6,2.4,2.9,2015,Playoffs,7.1,0.489,0.026,0.237,6.7,13.0,9.9,3.0,1.7,3.0,17.7,15.4,-0.1,0.1,0.1,0.018,-5.3,0.3,-5.0,-0.1
glenn robinson,22.0,IND,SF,4.0,2.5,0.8,1.0,0.75,0.0,0.0,0.0,0.8,1.0,0.75,0.75,0.3,0.3,1.0,0.0,0.0,0.0,0.0,0.0,0.3,0.0,0.0,1.8,2016,Playoffs,32.4,0.788,0.0,0.25,0.0,0.0,0.0,0.0,0.0,8.4,0.0,21.4,0.1,0.0,0.1,0.284,10.2,4.1,14.2,0.0
glenn robinson,23.0,IND,SF,3.0,10.3,2.0,2.0,1.0,0.7,0.7,1.0,1.3,1.3,1.0,1.167,0.3,0.7,0.5,0.0,1.0,1.0,0.3,0.0,0.0,0.0,0.7,5.0,2017,Playoffs,21.0,1.09,0.333,0.333,0.0,11.5,5.7,5.0,0.0,0.0,0.0,9.7,0.1,0.0,0.1,0.199,5.3,1.7,7.0,0.1
glenn robinson,24.0,IND,SF,2.0,3.0,0.5,0.5,1.0,0.0,0.0,0.0,0.5,0.5,1.0,1.0,0.0,0.0,0.0,0.0,0.5,0.5,0.0,0.0,0.0,0.0,0.0,1.0,2018,Playoffs,17.0,1.0,0.0,0.0,0.0,19.5,10.2,0.0,0.0,0.0,0.0,7.9,0.0,0.0,0.0,0.204,1.2,2.4,3.6,0.0
glenn robinson,25.0,DET,SF,3.0,12.0,1.3,5.0,0.267,0.3,2.7,0.125,1.0,2.3,0.429,0.3,1.3,1.3,1.0,0.7,1.7,2.3,0.7,0.7,0.0,0.3,1.7,4.3,2019,Playoffs,7.5,0.388,0.533,0.267,4.9,16.2,9.8,8.3,2.7,0.0,5.6,20.8,-0.1,0.0,-0.1,-0.083,-4.7,-0.4,-5.1,0.0
goga bitadze,24.0,ORL,C,2.0,5.0,0.0,1.0,0.0,0.0,0.0,0.0,0.0,1.0,0.0,0.0,0.0,0.0,0.0,0.5,1.0,1.5,1.0,0.0,0.0,0.5,0.0,0.0,2024,Playoffs,-0.4,0.0,0.0,0.0,10.7,23.3,16.7,27.2,0.0,0.0,33.3,13.2,0.0,0.0,0.0,-0.136,-6.5,1.2,-5.3,0.0
goran dragia,29.0,MIA,PG,14.0,33.7,6.5,14.7,0.442,1.1,3.3,0.348,5.4,11.4,0.469,0.481,2.4,3.1,0.767,0.8,4.1,4.9,3.9,0.4,0.2,2.2,3.3,16.5,2016,Playoffs,15.1,0.514,0.223,0.209,2.9,13.8,8.6,20.5,0.7,0.5,12.1,25.8,0.4,0.6,1.0,0.099,0.0,-0.8,-0.7,0.1
goran dragia,31.0,MIA,PG,5.0,31.2,7.0,15.0,0.467,1.6,4.2,0.381,5.4,10.8,0.5,0.52,3.0,4.4,0.682,0.6,2.0,2.6,4.6,1.0,0.0,3.0,3.0,18.6,2018,Playoffs,14.3,0.549,0.28,0.293,2.0,6.9,4.4,27.4,1.5,0.0,15.0,27.5,0.0,0.0,0.0,0.01,0.9,-1.8,-0.9,0.0
goran dragia,33.0,MIA,PG,17.0,32.5,7.0,15.8,0.444,2.2,6.3,0.346,4.8,9.5,0.509,0.513,2.9,3.6,0.803,0.8,3.3,4.1,4.4,1.0,0.1,2.3,2.9,19.1,2020,Playoffs,15.9,0.549,0.399,0.228,2.8,11.3,7.2,24.1,1.5,0.4,11.7,27.4,0.4,0.4,0.8,0.07,1.1,-0.8,0.3,0.3
goran dragia,34.0,MIA,PG,4.0,29.3,5.8,13.5,0.426,2.3,6.5,0.346,3.5,7.0,0.5,0.509,2.3,3.0,0.75,0.3,1.5,1.8,2.8,1.0,0.5,1.5,2.8,16.0,2021,Playoffs,12.7,0.54,0.481,0.222,0.8,5.2,2.9,18.1,1.7,1.6,9.2,24.5,0.0,0.1,0.0,0.005,1.0,0.6,1.6,0.1
goran dragia,35.0,BRK,PG,4.0,19.8,4.5,8.0,0.563,1.0,3.0,0.333,3.5,5.0,0.7,0.625,0.5,0.5,1.0,1.5,3.0,4.5,1.5,0.8,0.0,1.3,2.8,10.5,2022,Playoffs,19.3,0.639,0.375,0.063,9.9,20.0,14.9,12.9,1.9,0.0,13.2,22.0,0.2,0.0,0.2,0.106,1.1,-0.1,1.1,0.1
goran dragia,36.0,MIL,PG,2.0,3.5,0.0,1.0,0.0,0.0,0.5,0.0,0.0,0.5,0.0,0.0,2.0,2.0,1.0,0.0,0.0,0.0,0.5,0.0,0.0,0.0,0.0,2.0,2023,Playoffs,16.4,0.532,0.5,2.0,0.0,0.0,0.0,15.9,0.0,0.0,0.0,22.6,0.0,0.0,0.0,0.156,-0.4,-3.1,-3.5,0.0
gordon hayward,26.0,UTA,SF,11.0,37.4,7.5,17.1,0.441,2.5,6.2,0.412,5.0,10.9,0.458,0.516,6.5,6.9,0.934,0.6,5.5,6.1,3.4,0.9,0.3,2.2,2.1,24.1,2017,Playoffs,20.7,0.598,0.362,0.404,2.0,17.6,9.8,16.7,1.3,0.6,9.8,28.5,0.8,0.4,1.2,0.142,5.2,0.4,5.6,0.8
gordon hayward,28.0,BOS,PF,9.0,29.7,3.2,7.8,0.414,1.0,2.7,0.375,2.2,5.1,0.435,0.479,2.1,2.1,1.0,0.3,3.7,4.0,2.4,0.7,0.3,1.6,1.8,9.6,2019,Playoffs,9.9,0.549,0.343,0.271,1.2,12.1,6.9,13.0,1.1,1.1,15.2,15.3,0.0,0.4,0.4,0.075,-1.4,0.6,-0.8,0.1
gordon hayward,29.0,BOS,SF,5.0,31.4,4.0,10.0,0.4,1.4,4.8,0.292,2.6,5.2,0.5,0.47,1.4,1.6,0.875,0.6,3.4,4.0,2.8,1.4,0.4,1.4,2.0,10.8,2020,Playoffs,11.0,0.504,0.48,0.16,2.2,11.7,7.2,13.5,2.2,1.3,11.6,17.2,0.0,0.3,0.2,0.076,-0.5,0.3,-0.1,0.1
gordon hayward,33.0,OKC,SF,7.0,6.6,0.0,0.4,0.0,0.0,0.0,0.0,0.0,0.4,0.0,0.0,0.0,0.0,0.0,0.1,1.7,1.9,0.4,0.1,0.1,0.0,0.3,0.0,2024,Playoffs,5.0,0.0,0.0,0.0,2.5,27.8,15.6,7.9,1.1,2.1,0.0,3.0,0.0,0.1,0.1,0.078,-5.3,3.4,-1.9,0.0
gorgui dieng,28.0,MIN,C,5.0,14.0,1.2,3.6,0.333,0.4,1.0,0.4,0.8,2.6,0.308,0.389,0.6,0.8,0.75,0.6,3.0,3.6,0.8,0.4,0.8,0.2,1.2,3.4,2018,Playoffs,11.2,0.43,0.278,0.222,4.8,22.6,14.0,8.1,1.4,6.1,4.8,13.5,0.0,0.1,0.1,0.037,-0.6,1.8,1.1,0.1
gorgui dieng,32.0,ATL,C,2.0,5.0,0.5,1.0,0.5,0.0,0.5,0.0,0.5,0.5,1.0,0.5,0.5,0.5,1.0,0.5,1.0,1.5,0.0,0.0,0.0,0.0,0.0,1.5,2022,Playoffs,15.4,0.615,0.5,0.5,11.9,24.6,18.1,0.0,0.0,0.0,0.0,11.2,0.0,0.0,0.0,0.149,1.9,-3.2,-1.3,0.0
grant williams,21.0,BOS,PF,17.0,10.0,0.9,1.5,0.577,0.6,1.0,0.588,0.3,0.5,0.556,0.769,0.4,0.6,0.7,0.4,1.1,1.5,0.4,0.1,0.3,0.2,1.9,2.8,2020,Playoffs,10.6,0.773,0.654,0.385,4.8,12.1,8.6,5.0,0.6,2.9,11.6,9.0,0.4,0.2,0.6,0.165,-0.6,2.7,2.1,0.2
grant williams,22.0,BOS,PF,5.0,11.4,1.2,2.4,0.5,0.4,0.8,0.5,0.8,1.6,0.5,0.583,0.6,0.6,1.0,0.6,1.4,2.0,0.8,0.2,0.8,0.2,1.4,3.4,2021,Playoffs,14.6,0.638,0.333,0.25,5.8,15.0,10.1,10.1,0.9,6.6,7.0,10.6,0.1,0.0,0.1,0.084,0.4,1.7,2.1,0.1
grant williams,23.0,BOS,PF,24.0,27.3,2.7,6.3,0.433,1.5,3.7,0.393,1.3,2.5,0.492,0.55,1.8,2.2,0.808,1.0,2.8,3.8,0.8,0.3,0.8,0.8,3.5,8.6,2022,Playoffs,9.5,0.599,0.593,0.347,4.1,11.3,7.8,4.4,0.6,2.5,10.4,13.3,0.6,0.8,1.4,0.104,-2.0,1.2,-0.8,0.2
grant williams,24.0,BOS,PF,15.0,17.7,1.7,3.5,0.472,1.2,2.7,0.45,0.5,0.9,0.538,0.642,0.5,0.7,0.8,0.7,1.5,2.2,1.2,0.3,0.4,0.3,1.7,5.1,2023,Playoffs,12.0,0.662,0.755,0.189,4.9,9.2,7.1,9.0,1.0,2.0,6.5,10.5,0.6,0.2,0.8,0.137,0.1,1.0,1.1,0.2
grayson allen,23.0,UTA,SG,2.0,7.0,1.0,3.5,0.286,0.0,1.5,0.0,1.0,2.0,0.5,0.286,2.5,3.5,0.714,0.0,0.5,0.5,0.0,0.0,0.0,0.0,0.0,4.5,2019,Playoffs,10.4,0.446,0.429,1.0,0.0,7.8,3.8,0.0,0.0,0.0,0.0,30.8,0.0,0.0,0.0,-0.002,-1.6,-3.5,-5.1,0.0
grayson allen,25.0,MEM,SG,5.0,23.2,2.4,6.6,0.364,1.6,4.2,0.381,0.8,2.4,0.333,0.485,0.0,0.2,0.0,0.6,2.0,2.6,0.2,0.4,0.2,0.2,2.6,6.4,2021,Playoffs,5.3,0.478,0.636,0.03,2.6,10.4,6.2,1.1,0.8,0.9,2.9,12.5,0.0,-0.1,-0.1,-0.035,-3.7,-2.1,-5.7,-0.1
grayson allen,26.0,MIL,SG,12.0,25.4,3.1,6.8,0.451,1.6,4.0,0.396,1.5,2.8,0.529,0.567,0.6,0.9,0.636,0.4,2.5,2.9,1.3,0.7,0.3,0.8,1.8,8.3,2022,Playoffs,10.3,0.576,0.585,0.134,1.7,9.7,5.9,7.2,1.3,1.3,9.4,13.6,0.2,0.5,0.7,0.115,-1.0,1.2,0.2,0.2
grayson allen,27.0,MIL,SG,5.0,29.8,3.8,8.2,0.463,2.8,5.8,0.483,1.0,2.4,0.417,0.634,1.2,1.4,0.857,0.2,2.2,2.4,1.8,0.4,0.0,0.8,1.4,11.6,2023,Playoffs,11.0,0.658,0.707,0.171,0.7,8.7,4.5,7.8,0.6,0.0,8.3,13.6,0.2,0.0,0.2,0.073,-0.2,-1.0,-1.1,0.0
grayson allen,28.0,PHO,SG,2.0,21.5,0.5,2.5,0.2,0.5,2.5,0.2,0.0,0.0,0.0,0.3,2.0,2.0,1.0,1.0,3.0,4.0,1.0,0.5,0.0,1.5,2.0,3.5,2024,Playoffs,4.5,0.518,1.0,0.8,5.6,17.2,11.3,6.5,1.2,0.0,30.7,10.6,0.0,0.0,-0.1,-0.062,-4.3,-1.2,-5.5,0.0
greg monroe,26.0,MIL,C,6.0,23.5,4.5,8.5,0.529,0.0,0.0,0.0,4.5,8.5,0.529,0.529,4.2,5.0,0.833,2.8,4.5,7.3,1.7,1.3,0.5,1.8,2.7,13.2,2017,Playoffs,24.3,0.615,0.0,0.588,13.5,24.8,18.8,13.3,3.0,2.0,14.6,25.4,0.3,0.3,0.7,0.229,3.1,2.3,5.4,0.3
greg monroe,27.0,BOS,C,11.0,9.5,1.7,3.5,0.5,0.0,0.0,0.0,1.7,3.5,0.5,0.5,1.4,2.0,0.682,1.3,1.9,3.2,0.5,0.2,0.2,1.3,0.8,4.8,2018,Playoffs,15.9,0.556,0.0,0.579,14.9,23.5,19.1,8.4,1.0,1.7,22.7,27.1,0.0,0.1,0.1,0.047,-1.9,-1.8,-3.7,0.0
greg monroe,28.0,PHI,C,10.0,9.0,1.6,4.0,0.4,0.1,0.4,0.25,1.5,3.6,0.417,0.413,0.7,0.9,0.778,1.4,1.7,3.1,0.4,0.5,0.3,0.4,1.1,4.0,2019,Playoffs,17.0,0.455,0.1,0.225,17.8,19.5,18.7,6.9,2.7,3.0,8.3,22.6,0.0,0.2,0.2,0.11,0.4,-0.8,-0.4,0.0
greg monroe,31.0,MIN,C,2.0,3.5,1.0,2.5,0.4,0.0,0.0,0.0,1.0,2.5,0.4,0.4,0.0,0.0,0.0,0.5,0.5,1.0,0.5,1.0,0.0,0.5,0.5,2.0,2022,Playoffs,21.5,0.4,0.0,0.0,16.8,15.1,15.9,30.3,13.4,0.0,16.7,36.7,0.0,0.0,0.0,-0.033,-2.4,5.9,3.5,0.0
greg oden,26.0,MIA,C,3.0,2.3,0.0,0.0,0.0,0.0,0.0,0.0,0.0,0.0,0.0,0.0,0.0,0.0,0.0,0.0,0.3,0.3,0.3,0.3,0.0,0.0,0.7,0.0,2014,Playoffs,10.6,0.0,,,0.0,18.4,9.5,19.4,8.0,0.0,0.0,0.0,0.0,0.0,0.0,0.194,-0.6,9.0,8.4,0.0
greivis vasquez,27.0,TOR,PG,7.0,27.1,3.9,9.1,0.422,1.4,3.9,0.37,2.4,5.3,0.459,0.5,1.0,1.3,0.778,0.4,3.3,3.7,5.1,0.6,0.1,1.4,3.1,10.1,2014,Playoffs,14.5,0.522,0.422,0.141,2.0,14.2,8.3,35.1,1.1,0.5,12.8,19.3,0.3,0.1,0.4,0.105,1.9,0.3,2.2,0.2
greivis vasquez,28.0,TOR,PG,4.0,25.3,2.8,7.3,0.379,1.3,3.5,0.357,1.5,3.8,0.4,0.466,0.8,0.8,1.0,0.0,1.8,1.8,3.0,0.5,0.0,1.0,3.8,7.5,2015,Playoffs,7.9,0.495,0.483,0.103,0.0,8.4,3.9,18.6,1.0,0.0,11.7,15.3,0.0,0.0,0.0,-0.009,-2.1,-1.8,-3.9,-0.1
guerschon yabusele,22.0,BOS,PF,12.0,4.0,0.1,0.8,0.111,0.0,0.5,0.0,0.1,0.3,0.333,0.111,0.2,0.4,0.4,0.3,0.7,0.9,0.3,0.2,0.0,0.0,0.8,0.3,2018,Playoffs,1.2,0.179,0.667,0.556,7.0,19.6,13.1,8.6,2.1,0.0,0.0,10.8,-0.1,0.1,0.0,-0.032,-8.6,-0.4,-9.0,-0.1
guerschon yabusele,23.0,BOS,PF,4.0,3.5,0.5,1.0,0.5,0.0,0.3,0.0,0.5,0.8,0.667,0.5,1.0,1.8,0.571,0.3,0.3,0.5,0.3,0.0,0.3,0.3,0.8,2.0,2019,Playoffs,15.7,0.565,0.25,1.75,7.6,7.0,7.3,11.9,0.0,6.7,12.4,25.5,0.0,0.0,0.0,0.143,-0.6,2.5,1.9,0.0
hamidou diallo,21.0,OKC,SF,3.0,8.3,1.3,3.7,0.364,0.3,1.7,0.2,1.0,2.0,0.5,0.409,1.3,2.3,0.571,0.7,1.3,2.0,0.3,0.0,0.7,0.7,0.0,4.3,2020,Playoffs,13.8,0.462,0.455,0.636,8.7,16.1,12.6,6.7,0.0,9.8,12.4,27.7,0.0,0.0,0.0,-0.005,0.6,-0.3,0.3,0.0
harrison barnes,21.0,GSW,SF,7.0,22.3,2.7,6.9,0.396,1.1,3.0,0.381,1.6,3.9,0.407,0.479,1.3,2.3,0.563,1.0,3.0,4.0,1.1,0.1,0.4,0.7,1.9,7.9,2014,Playoffs,9.9,0.5,0.438,0.333,5.0,15.8,10.3,7.6,0.3,1.6,8.3,16.4,0.1,0.0,0.1,0.033,0.1,-0.1,0.0,0.1
harrison barnes,22.0,GSW,SF,21.0,32.4,4.2,9.5,0.44,1.0,3.0,0.355,3.1,6.6,0.478,0.495,1.2,1.6,0.735,2.1,3.1,5.2,1.5,0.8,0.5,1.0,2.1,10.6,2015,Playoffs,12.2,0.519,0.31,0.17,7.3,10.3,8.8,7.2,1.3,1.3,9.3,15.6,0.8,0.8,1.6,0.115,0.4,0.3,0.7,0.5
harrison barnes,23.0,GSW,SF,24.0,31.0,3.4,8.9,0.385,1.1,3.2,0.342,2.3,5.7,0.409,0.446,1.1,1.4,0.765,1.1,3.5,4.7,1.3,0.7,0.2,0.8,1.9,9.0,2016,Playoffs,8.6,0.474,0.357,0.16,4.0,12.2,8.2,5.8,1.1,0.4,7.3,14.5,0.2,0.6,0.7,0.047,-1.8,-0.7,-2.4,-0.1
harrison barnes,30.0,SAC,PF,7.0,28.0,3.6,8.6,0.417,0.9,3.6,0.24,2.7,5.0,0.543,0.467,2.7,3.7,0.731,1.4,2.0,3.4,0.7,1.1,0.3,0.4,0.7,10.7,2023,Playoffs,12.0,0.525,0.417,0.433,5.1,7.5,6.2,3.5,1.9,1.0,4.0,15.1,0.2,0.2,0.4,0.091,0.0,0.0,0.0,0.1
hasheem thabeet,26.0,OKC,C,2.0,3.5,0.0,0.0,0.0,0.0,0.0,0.0,0.0,0.0,0.0,0.0,0.0,0.0,0.0,0.0,0.0,0.0,0.0,0.0,0.0,0.0,2.0,0.0,2014,Playoffs,-9.8,0.0,,,0.0,0.0,0.0,0.0,0.0,0.0,0.0,0.0,0.0,0.0,0.0,0.004,-13.7,1.8,-11.9,0.0
hassan whiteside,26.0,MIA,C,10.0,29.1,4.7,6.9,0.681,0.0,0.0,0.0,4.7,6.9,0.681,0.681,2.6,4.4,0.591,2.6,8.3,10.9,0.3,0.8,2.8,1.3,3.4,12.0,2016,Playoffs,24.3,0.679,0.0,0.638,11.1,32.1,22.1,1.7,1.5,7.5,12.8,16.6,0.8,0.8,1.7,0.275,2.1,3.7,5.8,0.6
hassan whiteside,28.0,MIA,C,5.0,15.4,1.8,4.0,0.45,0.0,0.0,0.0,1.8,4.0,0.45,0.45,1.6,2.6,0.615,2.0,4.0,6.0,0.2,0.0,1.2,2.4,3.2,5.2,2018,Playoffs,6.9,0.505,0.0,0.65,13.4,28.0,20.6,2.0,0.0,6.7,31.8,21.1,-0.2,0.1,-0.1,-0.082,-7.9,-1.9,-9.8,-0.2
hassan whiteside,30.0,POR,C,5.0,21.2,2.6,4.8,0.542,0.2,0.2,1.0,2.4,4.6,0.522,0.563,1.4,2.8,0.5,1.4,5.6,7.0,0.4,0.2,2.0,1.2,3.4,6.8,2020,Playoffs,12.9,0.564,0.042,0.583,6.9,27.9,17.4,2.9,0.4,8.5,16.6,14.2,0.0,0.1,0.1,0.066,-1.9,0.8,-1.1,0.0
hassan whiteside,32.0,UTA,C,6.0,10.8,0.8,2.0,0.417,0.0,0.0,0.0,0.8,2.0,0.417,0.417,0.2,0.7,0.25,1.3,3.8,5.2,0.0,0.3,1.3,0.0,1.5,1.8,2022,Playoffs,16.7,0.4,0.0,0.333,14.4,40.9,27.7,0.0,1.6,15.2,0.0,9.9,0.0,0.2,0.2,0.139,-0.6,2.8,2.2,0.1
haywood highsmith,25.0,MIA,SF,8.0,3.9,0.4,0.9,0.429,0.4,0.6,0.6,0.0,0.3,0.0,0.643,0.0,0.0,0.0,0.3,0.4,0.6,0.4,0.0,0.0,0.4,0.3,1.1,2022,Playoffs,8.3,0.643,0.714,0.0,7.3,11.8,9.5,13.9,0.0,0.0,30.0,14.4,0.0,0.0,0.0,0.044,-0.2,0.6,0.4,0.0
haywood highsmith,26.0,MIA,PF,18.0,8.9,1.3,2.2,0.615,0.4,0.9,0.5,0.9,1.3,0.696,0.718,0.2,0.3,0.8,0.6,0.8,1.3,0.3,0.6,0.1,0.1,1.1,3.3,2023,Playoffs,17.0,0.728,0.41,0.128,7.0,10.1,8.5,4.6,3.2,1.2,4.6,12.1,0.4,0.2,0.7,0.198,1.2,3.5,4.7,0.3
haywood highsmith,27.0,MIA,PF,5.0,25.2,2.0,5.6,0.357,0.6,3.2,0.188,1.4,2.4,0.583,0.411,0.2,0.2,1.0,0.4,2.4,2.8,1.6,0.2,0.2,0.8,2.8,4.8,2024,Playoffs,3.4,0.422,0.571,0.036,1.8,11.5,6.5,9.6,0.4,0.9,12.3,12.6,-0.2,0.0,-0.2,-0.06,-6.4,0.0,-6.4,-0.1
hedo ta¼rkoalu,34.0,LAC,SF,5.0,8.2,1.2,2.6,0.462,0.8,2.0,0.4,0.4,0.6,0.667,0.615,0.0,0.0,0.0,0.0,1.0,1.0,0.2,0.6,0.0,0.0,0.6,3.2,2014,Playoffs,15.1,0.615,0.769,0.0,0.0,14.5,7.0,3.6,3.7,0.0,0.0,13.8,0.1,0.0,0.1,0.137,3.2,1.3,4.4,0.1
hedo ta¼rkoalu,35.0,LAC,SF,11.0,5.0,0.4,1.5,0.235,0.2,1.2,0.154,0.2,0.4,0.5,0.294,0.0,0.0,0.0,0.1,0.5,0.6,0.4,0.4,0.1,0.2,0.9,0.9,2015,Playoffs,2.9,0.294,0.765,0.0,1.9,11.3,6.7,9.8,3.5,1.6,10.5,15.0,-0.1,0.1,-0.1,-0.068,-5.9,0.9,-5.0,0.0
herbert jones,23.0,NOP,PF,6.0,37.7,3.5,7.3,0.477,0.8,2.0,0.417,2.7,5.3,0.5,0.534,2.8,3.7,0.773,1.3,2.0,3.3,1.8,1.8,0.8,1.3,3.7,10.7,2022,Playoffs,11.6,0.596,0.273,0.5,3.9,6.7,5.2,6.8,2.5,1.9,13.0,11.7,0.3,0.1,0.4,0.077,-1.1,1.5,0.4,0.1
herbert jones,25.0,NOP,SF,4.0,35.3,4.0,10.3,0.39,2.0,6.0,0.333,2.0,4.3,0.471,0.488,3.0,3.0,1.0,1.5,3.5,5.0,2.5,1.3,0.3,2.8,3.8,13.0,2024,Playoffs,9.8,0.562,0.585,0.293,4.3,11.7,7.7,12.1,1.8,0.7,19.2,17.8,0.0,0.1,0.1,0.036,-1.5,1.3,-0.2,0.1
hilton armstrong,29.0,GSW,C,7.0,2.4,0.6,1.1,0.5,0.0,0.1,0.0,0.6,1.0,0.571,0.5,0.0,0.3,0.0,0.4,0.1,0.6,0.3,0.0,0.3,0.6,0.9,1.1,2014,Playoffs,5.4,0.45,0.125,0.25,19.8,6.9,13.5,20.9,0.0,10.1,31.1,32.3,-0.1,0.0,-0.1,-0.218,-12.3,0.0,-12.3,0.0
hunter tyson,23.0,DEN,PF,3.0,4.7,0.0,1.3,0.0,0.0,1.0,0.0,0.0,0.3,0.0,0.0,0.3,0.7,0.5,0.3,0.7,1.0,0.3,0.0,0.0,0.3,0.0,0.3,2024,Playoffs,-6.8,0.102,0.75,0.5,7.9,16.7,12.2,8.8,0.0,0.0,17.0,19.3,-0.1,0.0,-0.1,-0.315,-11.0,-5.5,-16.5,-0.1
ian clark,24.0,GSW,SG,16.0,9.6,1.6,3.3,0.491,0.4,1.1,0.333,1.3,2.2,0.571,0.547,0.5,0.6,0.8,0.1,0.9,1.1,1.0,0.5,0.0,0.6,1.1,4.1,2016,Playoffs,13.9,0.575,0.34,0.189,1.4,10.4,6.0,16.3,2.6,0.0,13.6,18.9,0.2,0.2,0.4,0.109,-1.4,1.4,0.0,0.1
ian clark,25.0,GSW,SG,16.0,13.7,2.5,4.9,0.506,0.8,2.3,0.361,1.7,2.7,0.628,0.589,1.0,1.1,0.941,0.3,1.4,1.6,0.7,0.4,0.0,0.7,1.1,6.8,2017,Playoffs,13.6,0.63,0.456,0.215,2.1,10.1,6.4,7.1,1.3,0.0,11.3,19.1,0.3,0.3,0.6,0.122,-0.6,-0.3,-0.9,0.1
ian clark,26.0,NOP,SG,9.0,21.1,3.1,7.3,0.424,1.1,3.1,0.357,2.0,4.2,0.474,0.5,0.4,0.4,1.0,0.2,0.9,1.1,1.2,0.9,0.2,1.0,2.2,7.8,2018,Playoffs,8.1,0.517,0.424,0.061,1.1,4.2,2.7,7.8,2.0,0.8,11.7,17.3,-0.1,0.2,0.1,0.015,-2.9,0.6,-2.3,0.0
ian mahinmi,27.0,IND,C,19.0,12.7,0.7,1.4,0.481,0.0,0.0,0.0,0.7,1.4,0.481,0.481,0.6,0.9,0.611,1.2,1.2,2.4,0.2,0.3,0.8,0.5,2.0,1.9,2014,Playoffs,8.6,0.53,0.0,0.667,11.3,11.3,11.3,1.9,1.1,6.1,22.3,9.1,0.1,0.4,0.5,0.092,-4.0,2.1,-1.9,0.0
ian mahinmi,29.0,IND,C,7.0,24.6,3.0,6.0,0.5,0.0,0.0,0.0,3.0,6.0,0.5,0.5,2.1,3.6,0.6,1.7,3.4,5.1,1.1,0.7,0.9,2.0,3.6,8.1,2016,Playoffs,11.6,0.538,0.0,0.595,8.6,14.9,12.0,8.2,1.6,2.9,20.9,18.7,0.0,0.3,0.2,0.066,-3.5,1.1,-2.4,0.0
ian mahinmi,30.0,WAS,C,5.0,12.6,1.0,1.8,0.556,0.0,0.0,0.0,1.0,1.8,0.556,0.556,0.8,2.2,0.364,0.6,1.6,2.2,1.2,0.2,1.2,0.6,3.4,2.8,2017,Playoffs,8.6,0.506,0.0,1.222,5.5,14.7,10.1,12.7,0.8,8.7,17.8,11.5,0.0,0.1,0.1,0.066,-5.6,4.4,-1.2,0.0
ian mahinmi,31.0,WAS,C,6.0,8.7,1.7,2.3,0.714,0.0,0.0,0.0,1.7,2.3,0.714,0.714,1.7,1.8,0.909,0.7,1.2,1.8,0.2,0.7,0.8,0.2,1.7,5.0,2018,Playoffs,30.3,0.796,0.0,0.786,9.2,16.0,12.6,3.0,3.8,8.2,5.0,16.8,0.3,0.1,0.4,0.358,3.4,5.4,8.8,0.1
iman shumpert,24.0,CLE,SG,20.0,34.8,3.0,8.2,0.36,1.7,4.7,0.355,1.3,3.6,0.366,0.46,1.5,2.0,0.75,1.2,3.8,4.9,1.2,1.3,0.8,0.7,2.5,9.1,2015,Playoffs,10.6,0.498,0.567,0.244,3.7,11.7,7.8,5.3,1.9,1.9,6.7,12.7,0.6,0.9,1.5,0.104,-0.5,1.6,1.0,0.5
iman shumpert,25.0,CLE,SG,21.0,17.5,1.2,2.9,0.417,0.6,1.6,0.382,0.6,1.2,0.462,0.525,0.3,0.5,0.636,0.5,1.8,2.2,0.8,0.5,0.1,0.6,1.7,3.3,2016,Playoffs,7.1,0.54,0.567,0.183,3.3,11.7,7.6,6.3,1.4,0.8,16.7,9.8,0.2,0.3,0.5,0.062,-2.7,0.9,-1.9,0.0
iman shumpert,26.0,CLE,SG,17.0,16.2,1.5,3.5,0.417,0.6,1.5,0.385,0.9,2.0,0.441,0.5,0.8,1.0,0.824,0.4,2.4,2.8,0.9,0.6,0.2,0.4,1.9,4.4,2017,Playoffs,9.9,0.548,0.433,0.283,2.7,16.5,10.0,7.6,1.8,0.9,8.2,11.9,0.3,0.3,0.6,0.098,-2.2,1.3,-0.9,0.1
iman shumpert,28.0,HOU,SG,8.0,13.6,1.3,3.3,0.385,1.0,2.8,0.364,0.3,0.5,0.5,0.538,0.1,0.5,0.25,0.1,1.4,1.5,0.3,0.1,0.0,0.4,1.3,3.6,2019,Playoffs,5.0,0.522,0.846,0.154,1.1,11.0,6.2,2.7,0.5,0.0,9.8,12.5,0.0,0.1,0.1,0.022,-2.5,-0.7,-3.2,0.0
immanuel quickley,21.0,NYK,PG,5.0,15.4,2.0,6.6,0.303,0.8,2.2,0.364,1.2,4.4,0.273,0.364,1.0,1.4,0.714,0.0,1.4,1.4,1.0,0.6,0.0,1.2,1.6,5.8,2021,Playoffs,2.4,0.402,0.333,0.212,0.0,10.2,4.8,11.1,2.0,0.0,14.3,24.2,-0.3,0.1,-0.2,-0.112,-6.5,-0.1,-6.6,-0.1
immanuel quickley,23.0,NYK,SG,8.0,21.9,2.9,8.3,0.348,1.1,4.6,0.243,1.8,3.6,0.483,0.417,2.1,2.5,0.85,0.3,1.4,1.6,1.0,0.5,0.0,1.1,1.4,9.0,2023,Playoffs,7.4,0.481,0.561,0.303,1.3,7.1,4.2,7.6,1.2,0.0,10.7,21.3,-0.1,0.2,0.1,0.024,-2.6,-1.2,-3.7,-0.1
isaac bonga,21.0,WAS,SF,4.0,2.5,0.0,1.3,0.0,0.0,0.8,0.0,0.0,0.5,0.0,0.0,0.0,0.0,0.0,0.0,0.0,0.0,0.0,0.0,0.3,0.0,0.0,0.0,2021,Playoffs,-15.3,0.0,0.6,0.0,0.0,0.0,0.0,0.0,0.0,8.1,0.0,20.9,-0.1,0.0,-0.1,-0.497,-13.8,-6.2,-20.0,0.0
isaac okoro,22.0,CLE,SF,5.0,15.0,2.2,4.6,0.478,0.8,2.6,0.308,1.4,2.0,0.7,0.565,1.2,1.2,1.0,0.6,0.8,1.4,0.8,0.4,0.4,0.8,2.0,6.4,2023,Playoffs,12.8,0.624,0.565,0.261,4.8,6.0,5.4,9.1,1.4,2.4,13.5,18.5,0.1,0.1,0.2,0.111,0.0,2.4,2.4,0.1
isaac okoro,23.0,CLE,SF,12.0,21.9,2.1,5.8,0.357,0.8,2.9,0.257,1.3,2.9,0.457,0.421,0.6,0.8,0.778,0.4,1.3,1.8,1.1,0.9,0.3,0.9,2.5,5.5,2024,Playoffs,5.4,0.446,0.5,0.129,2.2,6.9,4.6,7.2,2.2,1.5,12.9,15.0,-0.4,0.3,-0.1,-0.02,-5.0,0.8,-4.2,-0.1
isaiah canaan,25.0,CHI,SG,3.0,31.7,4.3,8.7,0.5,1.7,4.7,0.357,2.7,4.0,0.667,0.596,1.3,2.0,0.667,0.0,1.3,1.3,1.3,1.0,0.0,1.7,2.0,11.7,2017,Playoffs,9.7,0.611,0.538,0.231,0.0,4.6,2.4,6.8,1.6,0.0,14.9,16.0,0.1,0.0,0.1,0.047,-1.7,0.0,-1.7,0.0
isaiah hartenstein,20.0,HOU,PF,2.0,1.0,1.0,1.0,1.0,0.0,0.0,0.0,1.0,1.0,1.0,1.0,0.0,0.0,0.0,0.5,0.0,0.5,0.0,0.0,0.0,0.0,0.5,2.0,2019,Playoffs,98.5,1.0,0.0,0.0,58.2,0.0,28.2,0.0,0.0,0.0,0.0,44.4,0.1,0.0,0.1,1.591,23.6,2.2,25.8,0.0
isaiah hartenstein,24.0,NYK,C,11.0,20.0,1.0,2.1,0.478,0.0,0.0,0.0,1.0,2.1,0.478,0.478,1.1,1.5,0.75,2.1,2.5,4.6,1.3,0.8,1.4,0.5,2.6,3.1,2023,Playoffs,13.5,0.566,0.0,0.696,12.0,14.5,13.2,9.3,2.1,6.9,14.3,7.1,0.3,0.5,0.8,0.17,-1.4,3.9,2.5,0.2
isaiah hartenstein,25.0,NYK,C,13.0,29.8,3.5,5.8,0.592,0.1,0.2,0.5,3.4,5.7,0.595,0.599,1.5,1.7,0.864,3.8,4.1,7.8,3.5,0.3,0.9,1.5,3.2,8.5,2024,Playoffs,16.4,0.642,0.026,0.289,14.2,16.7,15.4,16.8,0.5,2.8,18.2,11.9,1.0,0.0,1.0,0.126,-0.1,1.4,1.3,0.3
isaiah jackson,22.0,IND,C,15.0,10.3,1.5,2.9,0.535,0.0,0.0,0.0,1.5,2.9,0.535,0.535,0.7,1.2,0.611,1.4,1.8,3.2,0.5,0.2,0.9,0.3,1.6,3.8,2024,Playoffs,18.1,0.56,0.0,0.419,16.4,20.2,18.3,5.9,1.0,7.7,7.3,16.1,0.3,0.2,0.5,0.149,-0.9,-0.3,-1.2,0.0
isaiah joe,21.0,PHI,SG,4.0,2.3,0.3,0.8,0.333,0.0,0.5,0.0,0.3,0.3,1.0,0.333,0.0,0.0,0.0,0.0,0.0,0.0,0.3,0.0,0.0,0.0,0.5,0.5,2021,Playoffs,-0.3,0.333,0.667,0.0,0.0,0.0,0.0,14.3,0.0,0.0,0.0,14.4,0.0,0.0,0.0,-0.038,-9.0,-2.2,-11.2,0.0
isaiah joe,22.0,PHI,SG,7.0,2.1,0.3,0.7,0.4,0.1,0.4,0.333,0.1,0.3,0.5,0.5,0.0,0.0,0.0,0.0,0.3,0.3,0.0,0.0,0.0,0.4,0.1,0.7,2022,Playoffs,-4.6,0.5,0.6,0.0,0.0,15.6,8.2,0.0,0.0,0.0,37.5,25.1,-0.1,0.0,-0.1,-0.289,-10.4,-4.6,-15.0,0.0
isaiah joe,24.0,OKC,SG,10.0,17.3,2.4,5.4,0.444,1.6,3.9,0.41,0.8,1.5,0.533,0.593,0.0,0.0,0.0,0.4,1.8,2.2,1.0,0.5,0.0,0.5,1.0,6.4,2024,Playoffs,11.5,0.593,0.722,0.0,2.7,11.1,7.0,8.5,1.5,0.0,8.5,15.6,0.1,0.3,0.4,0.116,0.2,0.7,0.9,0.1
isaiah taylor,22.0,HOU,PG,3.0,3.3,0.0,0.7,0.0,0.0,0.3,0.0,0.0,0.3,0.0,0.0,0.0,0.0,0.0,0.3,0.3,0.7,0.3,0.0,0.0,0.0,0.3,0.0,2017,Playoffs,-1.2,0.0,0.5,0.0,11.1,10.5,10.8,13.0,0.0,0.0,0.0,8.8,0.0,0.0,0.0,-0.09,-6.3,-3.0,-9.3,0.0
isaiah thomas,25.0,BOS,PG,4.0,29.8,4.5,13.5,0.333,0.8,4.5,0.167,3.8,9.0,0.417,0.361,7.8,8.0,0.969,0.3,2.8,3.0,7.0,0.8,0.0,3.5,2.5,17.5,2015,Playoffs,17.9,0.514,0.333,0.593,0.9,10.4,5.5,41.1,1.3,0.0,17.1,30.8,0.1,0.0,0.1,0.044,3.3,-0.5,2.8,0.1
isaiah thomas,26.0,BOS,PG,6.0,36.7,7.8,19.8,0.395,2.2,7.7,0.283,5.7,12.2,0.466,0.45,6.3,7.8,0.809,0.3,2.7,3.0,5.0,0.7,0.8,2.3,3.0,24.2,2016,Playoffs,17.4,0.519,0.387,0.395,0.9,8.1,4.3,27.9,0.9,2.0,9.1,30.1,0.2,0.3,0.5,0.118,3.9,-0.2,3.7,0.3
isaiah thomas,27.0,BOS,PG,15.0,34.7,7.4,17.4,0.425,2.4,7.2,0.333,5.0,10.2,0.49,0.494,6.1,7.4,0.82,0.3,2.8,3.1,6.7,0.9,0.1,3.3,2.3,23.3,2017,Playoffs,18.1,0.563,0.414,0.425,1.1,9.8,5.3,33.0,1.3,0.3,13.9,31.3,0.7,0.1,0.8,0.077,2.9,-2.3,0.6,0.3
ish smith,30.0,DET,PG,4.0,20.3,2.5,9.5,0.263,0.3,1.8,0.143,2.3,7.8,0.29,0.276,0.8,1.0,0.75,0.3,2.5,2.8,3.5,0.8,0.3,1.0,2.0,6.0,2019,Playoffs,3.6,0.302,0.184,0.105,1.1,14.4,6.8,26.3,1.8,1.1,9.1,22.7,-0.3,0.0,-0.3,-0.201,-5.9,-1.9,-7.8,-0.1
ish smith,32.0,WAS,PG,5.0,22.2,3.2,8.6,0.372,0.4,1.4,0.286,2.8,7.2,0.389,0.395,0.0,0.0,0.0,0.2,3.0,3.2,2.8,1.4,0.4,1.0,2.2,6.8,2021,Playoffs,7.9,0.395,0.163,0.0,0.9,15.3,7.8,18.0,3.0,1.5,10.4,18.1,-0.2,0.1,-0.1,-0.059,-3.6,0.9,-2.6,0.0
ish smith,34.0,DEN,PG,4.0,3.0,0.3,0.5,0.5,0.0,0.0,0.0,0.3,0.5,0.5,0.5,0.0,0.0,0.0,0.0,0.3,0.3,0.3,0.0,0.0,0.0,0.5,0.5,2023,Playoffs,4.2,0.5,0.0,0.0,0.0,9.4,4.9,10.5,0.0,0.0,0.0,7.5,0.0,0.0,0.0,0.069,-7.4,0.5,-6.9,0.0
ish wainright,27.0,PHO,PF,7.0,3.7,0.7,1.7,0.417,0.4,0.9,0.5,0.3,0.9,0.333,0.542,0.0,0.0,0.0,1.0,0.6,1.6,0.1,0.1,0.1,0.4,0.3,1.9,2022,Playoffs,21.3,0.542,0.5,0.0,33.0,17.7,25.1,5.8,2.0,3.7,20.0,26.5,0.0,0.0,0.0,0.076,7.0,-0.4,6.6,0.1
ish wainright,28.0,PHO,SF,6.0,3.5,0.2,0.7,0.25,0.2,0.7,0.25,0.0,0.0,0.0,0.375,0.0,0.0,0.0,0.0,0.2,0.2,0.0,0.0,0.2,0.0,0.3,0.5,2023,Playoffs,1.2,0.375,1.0,0.0,0.0,5.4,2.8,0.0,0.0,3.9,0.0,8.4,0.0,0.0,0.0,-0.054,-4.6,-1.0,-5.6,0.0
ivica zubac,21.0,LAC,C,4.0,9.8,2.3,4.5,0.5,0.0,0.0,0.0,2.3,4.5,0.5,0.5,0.5,0.8,0.667,2.8,2.8,5.5,0.3,0.5,0.5,1.0,1.3,5.0,2019,Playoffs,23.0,0.518,0.0,0.167,29.6,33.4,31.4,4.3,2.4,4.3,17.2,24.9,0.0,0.0,0.1,0.065,2.2,-2.4,-0.2,0.0
ivica zubac,22.0,LAC,C,13.0,24.6,3.4,6.0,0.564,0.0,0.0,0.0,3.4,6.0,0.564,0.564,2.3,2.8,0.811,2.4,4.8,7.2,0.6,0.2,0.8,0.9,2.6,9.1,2020,Playoffs,16.0,0.626,0.0,0.474,10.7,21.9,16.2,3.5,0.3,3.0,11.3,14.5,0.7,0.3,1.0,0.151,0.0,-0.5,-0.5,0.1
ivica zubac,23.0,LAC,C,17.0,17.7,2.0,3.4,0.596,0.0,0.0,0.0,2.0,3.4,0.596,0.596,2.3,2.9,0.796,2.5,3.3,5.8,0.4,0.1,0.7,0.9,1.9,6.3,2021,Playoffs,17.6,0.681,0.0,0.86,16.8,21.2,19.0,3.3,0.3,3.9,16.9,14.6,0.8,0.3,1.1,0.177,0.2,-0.4,-0.3,0.1
ivica zubac,25.0,LAC,C,5.0,26.0,3.4,6.0,0.567,0.0,0.0,0.0,3.4,6.0,0.567,0.567,2.4,3.2,0.75,3.2,6.4,9.6,0.6,0.6,0.2,2.2,1.6,9.2,2023,Playoffs,14.1,0.621,0.0,0.533,13.4,30.5,21.4,3.2,1.1,0.6,22.9,15.5,0.1,0.0,0.1,0.041,-1.2,-1.0,-2.3,0.0
ivica zubac,26.0,LAC,C,6.0,32.0,7.0,11.7,0.6,0.0,0.0,0.0,7.0,11.7,0.6,0.6,2.2,3.3,0.65,3.0,6.3,9.3,1.0,0.8,0.5,1.3,3.5,16.2,2024,Playoffs,19.6,0.615,0.0,0.286,10.8,22.2,16.6,6.0,1.4,1.6,9.2,20.6,0.4,0.2,0.6,0.141,1.2,0.3,1.4,0.2
ja morant,21.0,MEM,PG,5.0,40.6,11.0,22.6,0.487,2.0,6.2,0.323,9.0,16.4,0.549,0.531,6.2,8.0,0.775,1.4,3.4,4.8,8.2,0.4,0.0,3.4,1.8,30.2,2021,Playoffs,21.5,0.578,0.274,0.354,3.5,10.1,6.5,31.1,0.5,0.0,11.5,30.7,0.5,-0.1,0.3,0.074,5.1,-2.3,2.8,0.2
ja morant,22.0,MEM,PG,9.0,37.6,9.0,20.4,0.44,1.9,5.6,0.34,7.1,14.9,0.478,0.486,7.2,9.7,0.747,1.4,6.6,8.0,9.8,2.0,0.4,3.6,2.4,27.1,2022,Playoffs,24.3,0.549,0.272,0.473,3.8,19.5,11.2,44.2,2.5,1.2,12.6,30.8,0.8,0.5,1.3,0.191,6.0,2.4,8.4,0.9
ja morant,23.0,MEM,PG,5.0,37.4,9.0,21.2,0.425,2.6,6.2,0.419,6.4,15.0,0.427,0.486,4.0,5.2,0.769,1.6,5.2,6.8,7.0,1.8,0.2,3.4,2.4,24.6,2023,Playoffs,18.4,0.524,0.292,0.245,4.1,15.2,9.2,34.4,2.3,0.5,12.6,30.1,0.0,0.3,0.3,0.082,4.2,2.1,6.3,0.4
jabari parker,22.0,MIL,PF,7.0,23.9,4.0,8.9,0.452,0.9,2.7,0.316,3.1,6.1,0.512,0.5,1.1,1.9,0.615,1.1,5.0,6.1,1.4,1.0,0.6,0.9,2.1,10.0,2018,Playoffs,15.9,0.517,0.306,0.21,6.1,23.4,15.4,9.4,2.2,2.1,8.1,21.5,0.1,0.2,0.3,0.091,0.3,-0.6,-0.2,0.1
jabari parker,25.0,BOS,PF,4.0,14.8,3.3,5.3,0.619,0.5,1.3,0.4,2.8,4.0,0.688,0.667,1.5,2.0,0.75,0.5,3.3,3.8,0.5,0.0,0.8,1.5,1.8,8.5,2021,Playoffs,17.0,0.693,0.238,0.381,3.7,27.0,14.7,5.8,0.0,4.8,19.7,21.9,0.1,0.0,0.0,0.02,-0.9,0.5,-0.4,0.0
jacob evans,21.0,GSW,SG,7.0,2.6,0.3,0.7,0.4,0.1,0.3,0.5,0.1,0.4,0.333,0.5,0.0,0.0,0.0,0.0,0.1,0.1,0.1,0.0,0.0,0.3,0.1,0.7,2019,Playoffs,0.3,0.5,0.4,0.0,0.0,6.2,3.2,7.5,0.0,0.0,28.6,16.9,0.0,0.0,-0.1,-0.137,-6.5,-3.2,-9.7,0.0
jaden hardy,21.0,DAL,SG,19.0,6.8,1.5,3.6,0.426,0.6,1.4,0.407,0.9,2.2,0.439,0.507,0.6,0.8,0.733,0.1,0.7,0.8,0.9,0.2,0.0,0.4,0.7,4.2,2024,Playoffs,16.1,0.536,0.397,0.221,1.8,11.5,6.7,22.5,1.2,0.0,8.6,28.8,0.1,0.1,0.3,0.095,1.0,0.0,1.0,0.1
jaden mcdaniels,21.0,MIN,PF,6.0,21.7,3.0,5.7,0.529,1.7,3.3,0.5,1.3,2.3,0.571,0.676,1.7,2.0,0.833,0.8,2.0,2.8,0.7,0.3,1.8,1.0,3.0,9.3,2022,Playoffs,15.3,0.713,0.588,0.353,4.5,9.7,7.3,5.0,0.7,7.2,13.3,14.9,0.2,0.1,0.4,0.13,1.8,2.3,4.1,0.2
jaden mcdaniels,23.0,MIN,SF,16.0,33.6,4.5,8.8,0.514,1.5,3.5,0.429,3.0,5.3,0.571,0.6,1.7,2.2,0.771,1.8,2.1,3.8,1.1,0.9,1.1,1.1,3.4,12.2,2024,Playoffs,13.1,0.627,0.4,0.25,6.2,7.3,6.7,5.0,1.4,3.2,9.9,14.6,0.8,0.5,1.4,0.121,-0.4,2.0,1.6,0.5
jaden springer,19.0,PHI,SG,5.0,2.6,0.6,1.2,0.5,0.0,0.2,0.0,0.6,1.0,0.6,0.5,0.0,0.0,0.0,0.0,0.8,0.8,0.4,0.0,0.0,0.0,0.2,1.2,2022,Playoffs,17.4,0.5,0.167,0.0,0.0,36.0,18.9,29.5,0.0,0.0,0.0,21.7,0.0,0.0,0.0,0.126,-1.1,1.5,0.4,0.0
jaden springer,20.0,PHI,SG,4.0,4.3,1.0,1.0,1.0,0.0,0.0,0.0,1.0,1.0,1.0,1.0,0.3,0.5,0.5,0.0,0.0,0.0,0.0,0.3,0.0,0.3,0.5,2.3,2023,Playoffs,19.1,0.922,0.0,0.5,0.0,0.0,0.0,0.0,3.1,0.0,17.0,16.0,0.0,0.0,0.1,0.154,0.8,2.7,3.5,0.0
jaden springer,21.0,BOS,SG,4.0,5.5,0.5,0.8,0.667,0.0,0.0,0.0,0.5,0.8,0.667,0.667,0.0,0.0,0.0,0.0,0.8,0.8,0.3,0.0,0.3,0.5,0.3,1.0,2024,Playoffs,4.9,0.667,0.0,0.0,0.0,15.9,8.0,6.3,0.0,4.2,40.0,10.6,0.0,0.0,0.0,-0.006,-5.3,1.4,-3.9,0.0
jae crowder,23.0,DAL,SF,7.0,11.6,1.1,2.6,0.444,0.4,1.0,0.429,0.7,1.6,0.455,0.528,0.0,0.0,0.0,0.6,1.1,1.7,0.3,0.3,0.1,0.4,1.9,2.7,2014,Playoffs,6.9,0.528,0.389,0.0,5.3,12.5,8.6,3.4,1.3,1.0,14.3,11.7,0.0,0.0,0.1,0.034,-3.0,0.5,-2.5,0.0
jae crowder,24.0,BOS,SF,4.0,25.0,3.8,7.3,0.517,0.8,2.5,0.3,3.0,4.8,0.632,0.569,2.5,3.3,0.769,2.0,3.0,5.0,2.0,1.0,0.8,1.3,3.5,10.8,2015,Playoffs,19.2,0.619,0.345,0.448,8.5,13.5,10.9,13.9,2.1,2.9,12.6,17.7,0.3,0.1,0.3,0.154,2.7,3.2,5.9,0.2
jae crowder,25.0,BOS,SF,6.0,32.8,3.3,12.0,0.278,1.7,6.8,0.244,1.7,5.2,0.323,0.347,1.2,1.8,0.636,0.8,5.7,6.5,2.2,1.5,0.5,1.2,2.8,9.5,2016,Playoffs,6.7,0.371,0.569,0.153,2.5,19.2,10.3,11.0,2.2,1.3,8.3,18.3,-0.4,0.4,0.0,-0.001,-3.3,0.7,-2.6,0.0
jae crowder,26.0,BOS,SF,18.0,33.1,4.8,11.1,0.435,1.7,4.9,0.352,3.1,6.2,0.5,0.513,2.2,2.7,0.833,1.1,5.3,6.4,2.7,1.1,0.3,0.7,2.9,13.6,2017,Playoffs,14.5,0.554,0.44,0.24,3.8,19.3,11.3,12.4,1.6,0.9,5.1,17.7,0.9,0.4,1.3,0.108,0.4,-0.1,0.3,0.3
jae crowder,27.0,UTA,SF,11.0,29.4,3.2,9.8,0.324,2.0,6.0,0.333,1.2,3.8,0.31,0.426,1.6,2.5,0.643,0.4,4.7,5.1,1.7,1.4,0.2,1.3,2.3,10.0,2018,Playoffs,8.4,0.457,0.611,0.259,1.3,17.5,9.3,8.7,2.3,0.5,10.4,18.3,-0.3,0.4,0.1,0.02,-2.3,1.5,-0.7,0.1
jae crowder,28.0,UTA,SF,5.0,26.0,3.4,9.2,0.37,1.8,6.0,0.3,1.6,3.2,0.5,0.467,2.8,3.8,0.737,0.8,5.0,5.8,0.8,1.0,0.0,0.2,1.4,11.4,2019,Playoffs,14.0,0.524,0.652,0.413,3.1,21.0,11.7,5.2,1.9,0.0,1.8,18.2,0.2,0.1,0.3,0.109,1.1,2.0,3.1,0.2
jae crowder,29.0,MIA,PF,21.0,31.4,3.9,9.6,0.403,2.6,7.7,0.342,1.2,1.9,0.65,0.54,1.7,2.2,0.761,0.5,5.0,5.6,1.9,0.7,0.6,0.7,2.6,12.0,2020,Playoffs,12.2,0.57,0.801,0.229,2.0,17.9,10.2,9.0,1.1,1.8,6.3,16.2,0.6,0.7,1.3,0.095,1.0,0.0,0.9,0.5
jae crowder,30.0,PHO,PF,22.0,33.1,3.5,8.4,0.413,2.5,6.5,0.38,1.0,1.9,0.524,0.56,1.4,1.6,0.886,0.5,5.6,6.1,1.9,0.9,0.8,0.9,3.0,10.8,2021,Playoffs,11.4,0.594,0.772,0.19,1.6,17.9,10.2,7.5,1.3,2.3,8.7,13.7,0.6,1.2,1.8,0.119,0.2,1.7,1.9,0.7
jae crowder,31.0,PHO,PF,13.0,29.5,3.2,8.1,0.4,1.5,4.8,0.302,1.8,3.2,0.548,0.49,1.5,2.0,0.731,0.6,4.1,4.7,2.4,1.0,0.5,1.5,3.6,9.4,2022,Playoffs,9.8,0.524,0.6,0.248,2.6,16.0,9.5,10.8,1.8,1.8,14.0,16.3,0.0,0.2,0.2,0.029,-2.2,1.4,-0.9,0.1
jae crowder,32.0,MIL,PF,4.0,10.3,0.8,3.3,0.231,0.0,1.5,0.0,0.8,1.8,0.429,0.231,0.3,0.5,0.5,0.3,0.8,1.0,0.8,0.5,0.0,0.3,1.3,1.8,2023,Playoffs,0.0,0.252,0.462,0.154,2.6,8.6,5.5,8.9,2.3,0.0,6.7,15.3,-0.1,0.0,-0.1,-0.132,-9.3,-2.5,-11.8,-0.1
jae crowder,33.0,MIL,PF,4.0,10.5,0.8,3.0,0.25,0.3,1.8,0.143,0.5,1.3,0.4,0.292,0.5,0.5,1.0,0.5,1.0,1.5,0.5,0.0,0.5,0.0,1.0,2.3,2024,Playoffs,5.5,0.349,0.583,0.167,5.4,10.7,8.1,6.2,0.0,4.7,0.0,14.1,0.0,0.0,0.0,-0.033,-6.1,-1.7,-7.8,-0.1
jaime jaquez,22.0,MIA,SF,4.0,30.8,5.3,13.0,0.404,0.8,3.3,0.231,4.5,9.8,0.462,0.433,1.5,1.8,0.857,0.5,2.8,3.3,3.0,0.8,0.5,1.8,1.5,12.8,2024,Playoffs,9.8,0.463,0.25,0.135,1.8,10.8,6.2,17.1,1.3,1.8,11.3,24.7,-0.3,0.1,-0.2,-0.079,-3.7,-0.2,-3.9,-0.1
jakarr sampson,26.0,IND,PF,4.0,12.5,2.5,4.0,0.625,0.0,0.0,0.0,2.5,4.0,0.625,0.625,0.0,0.0,0.0,0.3,3.0,3.3,1.0,0.5,0.0,0.5,2.5,5.0,2020,Playoffs,14.2,0.625,0.0,0.0,2.3,28.8,15.2,14.3,2.0,0.0,11.1,16.6,0.1,0.0,0.1,0.089,-2.7,1.9,-0.8,0.0
jake layman,22.0,POR,SF,2.0,8.0,1.0,2.0,0.5,0.5,0.5,1.0,0.5,1.5,0.333,0.625,0.5,1.0,0.5,0.0,0.5,0.5,0.5,0.5,0.0,0.0,1.0,3.0,2017,Playoffs,13.3,0.615,0.25,0.5,0.0,7.1,3.3,10.2,2.9,0.0,0.0,12.7,0.0,0.0,0.0,0.121,-0.5,2.8,2.3,0.0
jake layman,24.0,POR,SF,6.0,3.3,0.2,1.2,0.143,0.0,0.8,0.0,0.2,0.3,0.5,0.143,0.5,0.7,0.75,0.2,0.5,0.7,0.0,0.0,0.0,0.0,0.5,0.8,2019,Playoffs,-1.1,0.285,0.714,0.571,5.3,15.9,10.6,0.0,0.0,0.0,0.0,19.1,-0.1,0.0,-0.1,-0.124,-8.2,-3.7,-11.9,-0.1
jakob poeltl,21.0,TOR,C,6.0,4.3,0.8,1.8,0.455,0.0,0.0,0.0,0.8,1.8,0.455,0.455,0.0,0.3,0.0,1.0,1.0,2.0,0.0,0.2,0.2,0.0,0.5,1.7,2017,Playoffs,19.3,0.421,0.0,0.182,28.2,27.7,27.9,0.0,2.0,3.5,0.0,21.4,0.0,0.0,0.1,0.106,2.1,-2.8,-0.7,0.0
jakob poeltl,22.0,TOR,C,9.0,15.6,1.9,3.4,0.548,0.0,0.1,0.0,1.9,3.3,0.567,0.548,1.7,2.1,0.789,1.7,2.3,4.0,0.7,0.3,0.4,0.9,2.8,5.4,2018,Playoffs,14.6,0.622,0.032,0.613,12.8,18.8,15.7,6.3,1.1,2.2,16.9,15.4,0.3,0.0,0.3,0.108,-1.7,0.0,-1.7,0.0
jakob poeltl,23.0,SAS,C,7.0,25.3,3.3,5.1,0.639,0.0,0.1,0.0,3.3,5.0,0.657,0.639,0.7,1.3,0.556,3.6,4.1,7.7,1.7,0.3,0.7,0.4,3.7,7.3,2019,Playoffs,18.3,0.638,0.028,0.25,15.3,17.5,16.4,9.8,0.6,2.3,7.0,11.3,0.6,0.1,0.7,0.182,0.9,0.0,0.9,0.1
jalen brunson,24.0,DAL,PG,7.0,16.3,2.9,6.3,0.455,0.9,1.9,0.462,2.0,4.4,0.452,0.523,1.4,1.9,0.769,0.9,1.7,2.6,1.4,0.0,0.0,0.6,0.9,8.0,2021,Playoffs,15.3,0.563,0.295,0.295,5.8,12.9,9.2,13.7,0.0,0.0,7.4,21.4,0.2,0.0,0.2,0.071,2.2,-2.1,0.1,0.1
jalen brunson,25.0,DAL,SG,18.0,34.9,8.1,17.3,0.466,1.4,4.2,0.347,6.6,13.1,0.504,0.508,4.0,5.0,0.8,0.8,3.8,4.6,3.7,0.8,0.1,1.1,2.1,21.6,2022,Playoffs,20.1,0.553,0.241,0.289,2.8,12.9,7.8,20.0,1.2,0.1,5.1,27.8,1.3,0.3,1.6,0.123,2.0,-0.5,1.5,0.6
jalen brunson,26.0,NYK,PG,11.0,40.3,9.9,20.9,0.474,2.4,7.3,0.325,7.5,13.6,0.553,0.53,5.6,6.2,0.912,0.8,4.1,4.9,5.6,1.5,0.1,2.1,2.4,27.8,2023,Playoffs,22.8,0.589,0.348,0.296,2.3,11.5,7.0,28.6,1.9,0.2,8.1,28.4,1.4,0.6,2.1,0.225,6.1,1.5,7.6,1.1
jalen brunson,27.0,NYK,PG,13.0,39.8,11.6,26.2,0.444,2.0,6.5,0.31,9.6,19.7,0.488,0.482,7.2,9.2,0.775,0.6,2.7,3.3,7.5,0.8,0.2,2.7,2.0,32.4,2024,Playoffs,22.1,0.536,0.247,0.353,1.7,8.3,4.9,35.3,1.0,0.4,8.2,36.4,1.4,-0.1,1.2,0.115,5.0,-1.2,3.8,0.8
jalen johnson,20.0,ATL,PF,2.0,4.5,0.0,1.5,0.0,0.0,0.5,0.0,0.0,1.0,0.0,0.0,0.0,0.0,0.0,0.0,0.0,0.0,0.0,0.0,0.0,0.5,0.0,0.0,2022,Playoffs,-20.1,0.0,0.333,0.0,0.0,0.0,0.0,0.0,0.0,0.0,25.0,20.5,-0.1,0.0,-0.1,-0.545,-17.0,-8.3,-25.2,-0.1
jalen johnson,21.0,ATL,SF,6.0,9.3,1.7,4.0,0.417,0.7,1.8,0.364,1.0,2.2,0.462,0.5,0.3,0.3,1.0,0.3,2.2,2.5,1.3,0.5,0.0,0.8,0.8,4.3,2023,Playoffs,13.9,0.523,0.458,0.083,3.5,27.6,14.5,19.4,2.6,0.0,16.7,22.0,0.0,0.0,0.0,0.013,-0.4,2.2,1.8,0.1
jalen mcdaniels,25.0,PHI,SF,8.0,12.8,1.0,2.5,0.4,0.4,1.1,0.333,0.6,1.4,0.455,0.475,0.0,0.0,0.0,0.4,1.6,2.0,0.6,0.1,0.0,0.4,1.0,2.4,2023,Playoffs,5.2,0.475,0.45,0.0,3.3,15.2,9.1,7.2,0.5,0.0,13.0,10.4,0.0,0.1,0.0,0.011,-4.3,-0.8,-5.0,-0.1
jalen pickett,24.0,DEN,SG,3.0,3.7,0.7,1.0,0.667,0.0,0.3,0.0,0.7,0.7,1.0,0.667,0.0,0.0,0.0,0.0,0.3,0.3,0.3,0.0,0.3,0.0,0.3,1.3,2024,Playoffs,17.0,0.667,0.333,0.0,0.0,10.6,5.2,14.5,0.0,8.5,0.0,12.5,0.0,0.0,0.0,0.173,2.9,4.3,7.2,0.0
jalen smith,20.0,PHO,PF,6.0,3.0,0.3,0.7,0.5,0.2,0.2,1.0,0.2,0.5,0.333,0.625,0.0,0.0,0.0,0.3,0.5,0.8,0.2,0.0,0.0,0.2,0.3,0.8,2021,Playoffs,10.6,0.625,0.25,0.0,13.1,17.5,15.5,7.5,0.0,0.0,20.0,12.7,0.0,0.0,0.0,0.108,-1.3,0.2,-1.0,0.0
jalen smith,23.0,IND,C,7.0,6.0,0.4,1.1,0.375,0.3,0.6,0.5,0.1,0.6,0.25,0.5,0.7,1.1,0.625,1.0,1.0,2.0,0.3,0.3,0.1,0.6,1.1,1.9,2024,Playoffs,12.5,0.564,0.5,1.0,20.0,19.2,19.6,5.6,2.4,2.2,25.8,16.7,0.0,0.0,0.1,0.072,-3.4,-1.0,-4.4,0.0
jalen suggs,22.0,ORL,SG,7.0,33.1,4.7,11.7,0.402,2.0,6.9,0.292,2.7,4.9,0.559,0.488,3.3,4.3,0.767,1.6,3.6,5.1,3.3,1.3,0.4,2.9,2.6,14.7,2024,Playoffs,12.6,0.541,0.585,0.366,5.1,12.6,8.6,16.7,2.0,1.2,17.4,21.8,0.0,0.5,0.5,0.104,-0.3,1.8,1.5,0.2
jalen williams,22.0,OKC,PF,10.0,37.7,7.5,16.0,0.469,1.5,3.9,0.385,6.0,12.1,0.496,0.516,2.2,2.7,0.815,1.3,5.5,6.8,5.4,1.7,0.5,1.9,2.1,18.7,2024,Playoffs,17.8,0.544,0.244,0.169,4.0,15.6,10.0,23.0,2.3,1.3,10.0,23.1,0.4,0.8,1.2,0.152,1.4,2.3,3.8,0.6
jamaal franklin,22.0,MEM,SG,2.0,2.0,0.0,1.0,0.0,0.0,0.0,0.0,0.0,1.0,0.0,0.0,0.5,1.0,0.5,0.0,0.5,0.5,0.0,0.0,0.0,0.0,0.0,0.5,2014,Playoffs,-11.1,0.174,0.0,1.0,0.0,29.4,14.0,0.0,0.0,0.0,0.0,33.1,0.0,0.0,0.0,-0.428,-13.7,-7.6,-21.3,0.0
jamal crawford,33.0,LAC,SG,13.0,24.1,5.2,13.2,0.398,2.1,6.1,0.342,3.2,7.1,0.446,0.477,3.0,3.4,0.886,0.4,1.1,1.5,2.0,0.9,0.2,1.2,1.8,15.5,2014,Playoffs,16.7,0.531,0.462,0.257,1.8,5.3,3.5,13.8,1.9,0.5,7.3,28.5,0.4,0.1,0.5,0.079,3.7,-1.1,2.6,0.4
jamal crawford,34.0,LAC,SG,14.0,27.1,4.8,13.3,0.36,1.3,5.3,0.243,3.5,8.0,0.438,0.409,1.9,2.1,0.867,0.4,1.7,2.1,1.9,0.9,0.2,1.2,2.4,12.7,2015,Playoffs,10.0,0.447,0.398,0.161,1.7,6.6,4.2,11.1,1.7,0.7,7.9,24.8,-0.3,0.1,-0.2,-0.02,-1.4,-2.2,-3.6,-0.2
jamal crawford,35.0,LAC,SG,6.0,33.2,6.5,17.2,0.379,0.7,3.5,0.19,5.8,13.7,0.427,0.398,3.7,4.2,0.88,0.3,1.8,2.2,2.2,1.7,0.0,1.5,1.5,17.3,2016,Playoffs,13.3,0.456,0.204,0.243,1.0,5.4,3.2,11.3,2.6,0.0,7.3,27.6,-0.1,0.2,0.1,0.015,-1.1,-0.2,-1.3,0.0
jamal crawford,36.0,LAC,SG,7.0,28.0,5.0,11.9,0.422,0.9,3.6,0.24,4.1,8.3,0.5,0.458,1.7,1.7,1.0,0.3,1.0,1.3,1.9,0.6,0.1,1.3,1.7,12.6,2017,Playoffs,10.6,0.498,0.301,0.145,1.3,4.7,2.9,11.4,1.1,0.5,9.3,23.9,-0.1,0.2,0.1,0.012,-0.8,-1.2,-2.0,0.0
jamal crawford,37.0,MIN,SG,5.0,24.6,4.2,9.4,0.447,1.4,3.4,0.412,2.8,6.0,0.467,0.521,2.0,2.6,0.769,0.2,2.4,2.6,2.4,1.0,0.0,1.0,1.2,11.8,2018,Playoffs,15.6,0.56,0.362,0.277,0.9,10.3,5.7,15.7,2.1,0.0,8.7,21.4,0.2,0.0,0.2,0.065,1.6,0.9,2.5,0.1
jamal murray,21.0,DEN,PG,14.0,36.3,7.6,18.0,0.425,2.0,5.9,0.337,5.6,12.1,0.467,0.48,4.0,4.4,0.903,1.4,3.0,4.4,4.7,1.0,0.1,1.6,1.7,21.3,2019,Playoffs,19.4,0.534,0.329,0.246,3.9,8.8,6.3,21.8,1.4,0.3,7.3,26.5,1.0,0.2,1.2,0.116,3.2,-0.4,2.8,0.6
jamal murray,22.0,DEN,PG,19.0,39.6,9.8,19.4,0.505,3.3,7.2,0.453,6.5,12.2,0.537,0.59,3.7,4.1,0.897,1.1,3.8,4.8,6.6,0.9,0.3,2.8,2.2,26.5,2020,Playoffs,23.7,0.626,0.372,0.212,3.2,11.3,7.3,30.0,1.2,0.8,11.6,27.6,2.5,0.2,2.7,0.174,6.1,-0.2,5.9,1.5
jamal murray,25.0,DEN,PG,20.0,40.0,9.7,20.5,0.473,3.0,7.5,0.396,6.8,13.1,0.517,0.545,3.8,4.1,0.926,0.8,4.9,5.7,7.1,1.5,0.3,2.5,2.1,26.1,2023,Playoffs,21.6,0.586,0.363,0.198,2.3,13.8,8.2,28.1,1.9,0.5,10.1,27.9,2.0,1.0,3.0,0.181,4.1,0.7,4.8,1.4
jamal murray,26.0,DEN,PG,12.0,38.5,8.3,20.8,0.402,1.9,6.1,0.315,6.4,14.7,0.438,0.448,2.0,2.2,0.923,0.8,3.6,4.3,5.6,0.8,0.5,2.6,2.3,20.6,2024,Playoffs,12.2,0.474,0.293,0.104,2.2,10.9,6.4,24.4,1.1,1.2,10.6,29.0,-0.5,0.4,-0.1,-0.012,0.2,-1.7,-1.4,0.1
james ennis,26.0,MEM,SF,6.0,26.5,2.7,6.3,0.421,1.0,3.2,0.316,1.7,3.2,0.526,0.5,2.0,2.3,0.857,1.3,2.8,4.2,1.2,0.8,0.3,1.2,3.3,8.3,2017,Playoffs,11.3,0.566,0.5,0.368,6.5,13.9,10.2,7.2,1.8,1.2,13.7,16.1,0.1,0.0,0.2,0.046,-0.8,0.2,-0.6,0.1
james ennis,28.0,PHI,SF,11.0,21.1,2.8,5.8,0.484,0.8,2.9,0.281,2.0,2.9,0.688,0.555,1.1,1.7,0.632,1.5,2.4,3.8,1.1,0.4,0.3,0.9,2.8,7.5,2019,Playoffs,11.3,0.574,0.5,0.297,7.9,11.5,9.8,7.5,0.8,1.2,12.1,15.1,0.3,0.2,0.5,0.102,-0.7,0.5,-0.2,0.1
james ennis,29.0,ORL,SG,5.0,23.8,2.4,7.0,0.343,0.8,3.2,0.25,1.6,3.8,0.421,0.4,1.4,1.8,0.778,1.2,4.6,5.8,1.2,1.0,0.4,1.2,3.8,7.0,2020,Playoffs,6.9,0.449,0.457,0.257,4.9,20.9,12.5,7.5,1.9,1.7,13.3,16.1,-0.1,0.2,0.0,0.005,-4.4,0.9,-3.5,0.0
james harden,24.0,HOU,SG,6.0,43.8,8.3,22.2,0.376,2.7,9.0,0.296,5.7,13.2,0.43,0.436,7.5,8.3,0.9,0.8,3.8,4.7,5.8,2.0,0.2,3.5,3.5,26.8,2014,Playoffs,18.3,0.519,0.406,0.376,2.0,9.9,5.9,21.5,2.4,0.3,11.9,28.5,0.5,0.1,0.6,0.111,4.0,0.2,4.2,0.4
james harden,25.0,HOU,SG,17.0,37.4,7.6,17.3,0.439,2.4,6.3,0.383,5.2,11.0,0.471,0.509,9.6,10.5,0.916,0.7,5.0,5.7,7.5,1.6,0.4,4.5,2.9,27.2,2015,Playoffs,24.8,0.62,0.364,0.605,2.0,13.7,7.9,35.0,2.1,0.9,17.1,29.5,2.3,0.3,2.7,0.202,6.1,1.5,7.6,1.5
james harden,26.0,HOU,SG,5.0,38.6,8.2,20.0,0.41,2.6,8.4,0.31,5.6,11.6,0.483,0.475,7.6,9.0,0.844,1.4,3.8,5.2,7.6,2.4,0.2,5.2,2.6,26.6,2016,Playoffs,21.8,0.555,0.42,0.45,3.6,11.0,7.1,41.4,3.0,0.4,17.8,31.1,0.3,0.1,0.4,0.106,7.5,1.3,8.8,0.5
james harden,27.0,HOU,PG,11.0,37.0,8.2,19.8,0.413,2.9,10.5,0.278,5.3,9.4,0.563,0.486,9.2,10.5,0.878,0.6,4.8,5.5,8.5,1.9,0.5,5.4,3.9,28.5,2017,Playoffs,23.0,0.583,0.528,0.528,1.9,13.7,8.0,41.7,2.6,0.9,18.0,35.3,0.8,0.6,1.3,0.157,6.0,1.0,7.0,0.9
james harden,28.0,HOU,SG,17.0,36.5,9.3,22.6,0.41,3.1,10.2,0.299,6.2,12.4,0.502,0.478,6.9,7.8,0.887,0.8,4.4,5.2,6.8,2.2,0.6,3.8,2.7,28.6,2018,Playoffs,24.9,0.548,0.452,0.345,2.5,13.6,7.9,35.9,3.1,1.6,12.8,36.7,1.2,0.9,2.1,0.163,6.3,1.8,8.1,1.6
james harden,29.0,HOU,PG,11.0,38.5,9.9,24.0,0.413,4.4,12.5,0.35,5.5,11.5,0.48,0.504,7.5,8.9,0.837,0.8,6.0,6.8,6.6,2.2,0.9,4.6,3.7,31.6,2019,Playoffs,25.2,0.567,0.519,0.371,2.5,17.0,10.0,33.7,2.8,2.2,14.2,37.5,0.9,0.7,1.6,0.182,6.4,1.7,8.1,1.1
james harden,30.0,HOU,SG,12.0,37.3,9.1,19.0,0.478,3.3,9.8,0.333,5.8,9.3,0.631,0.564,8.2,9.7,0.845,1.0,4.6,5.6,7.7,1.5,0.8,3.8,3.6,29.6,2020,Playoffs,27.5,0.636,0.513,0.509,2.8,14.4,8.3,38.8,2.0,2.2,13.9,32.4,1.7,0.7,2.4,0.253,7.5,1.9,9.4,1.3
james harden,31.0,BRK,PG,9.0,35.8,5.7,12.0,0.472,2.7,7.3,0.364,3.0,4.7,0.643,0.583,6.2,6.9,0.903,0.8,5.6,6.3,8.6,1.7,0.7,2.9,2.6,20.2,2021,Playoffs,23.9,0.673,0.611,0.574,2.5,16.4,9.8,35.1,2.3,1.7,16.1,22.7,1.2,0.6,1.8,0.263,7.0,2.0,9.1,0.9
james harden,32.0,PHI,PG,12.0,39.9,5.3,13.2,0.405,2.3,6.3,0.368,3.0,6.8,0.439,0.494,5.6,6.3,0.893,0.9,4.8,5.7,8.6,0.8,0.7,4.2,2.4,18.6,2022,Playoffs,16.8,0.584,0.481,0.475,3.0,13.9,8.7,34.8,1.0,1.5,20.7,23.7,0.7,0.4,1.1,0.112,2.5,-0.6,1.9,0.5
james harden,33.0,PHI,PG,11.0,38.8,6.5,16.6,0.393,2.8,7.5,0.378,3.7,9.2,0.406,0.478,4.4,5.0,0.873,0.5,5.6,6.2,8.3,1.8,0.4,3.2,2.5,20.3,2023,Playoffs,18.5,0.538,0.448,0.301,1.6,17.4,9.3,36.2,2.5,1.0,14.5,26.2,0.5,0.5,1.0,0.111,3.0,1.1,4.1,0.6
james harden,34.0,LAC,PG,6.0,40.3,6.7,14.8,0.449,3.0,7.8,0.383,3.7,7.0,0.524,0.551,4.8,5.3,0.906,0.5,4.0,4.5,8.0,1.0,1.0,2.3,2.2,21.2,2024,Playoffs,20.5,0.616,0.528,0.36,1.4,11.1,6.4,34.3,1.3,2.5,12.0,22.1,0.8,0.1,0.9,0.173,6.0,1.6,7.7,0.6
james johnson,26.0,MEM,SF,3.0,9.3,1.7,5.0,0.333,0.7,1.7,0.4,1.0,3.3,0.3,0.4,2.3,3.3,0.7,1.3,0.7,2.0,0.0,0.3,0.0,0.0,1.0,6.3,2014,Playoffs,21.4,0.49,0.333,0.667,15.3,8.4,12.0,0.0,1.9,0.0,0.0,31.8,0.1,0.0,0.1,0.16,8.1,-0.6,7.5,0.1
james johnson,27.0,TOR,PF,2.0,6.0,1.0,3.0,0.333,0.0,0.0,0.0,1.0,3.0,0.333,0.333,0.0,3.0,0.0,0.0,1.0,1.0,0.5,0.0,0.0,0.0,0.0,2.0,2015,Playoffs,-3.9,0.231,0.0,1.0,0.0,20.1,9.5,14.4,0.0,0.0,0.0,32.4,-0.1,0.0,-0.1,-0.439,-6.6,-8.7,-15.3,0.0
james johnson,28.0,TOR,PF,10.0,9.8,1.2,2.5,0.48,0.4,0.9,0.444,0.8,1.6,0.5,0.56,0.2,0.3,0.667,0.3,1.2,1.5,0.6,0.3,0.0,0.7,1.3,3.0,2016,Playoffs,9.5,0.57,0.36,0.12,3.5,15.6,9.2,10.6,1.6,0.0,21.0,15.8,0.0,0.1,0.1,0.041,-1.9,0.1,-1.9,0.0
james johnson,30.0,MIA,PF,5.0,32.2,4.6,8.4,0.548,1.4,2.6,0.538,3.2,5.8,0.552,0.631,1.8,2.8,0.643,0.6,5.4,6.0,4.8,1.2,1.2,2.0,3.4,12.4,2018,Playoffs,16.3,0.644,0.31,0.333,1.9,18.0,9.8,24.1,1.8,3.2,17.2,15.6,0.3,0.1,0.4,0.113,1.8,2.0,3.8,0.2
james jones,33.0,MIA,SF,15.0,8.4,1.2,2.7,0.45,1.0,2.1,0.469,0.2,0.5,0.375,0.638,0.1,0.2,0.667,0.2,0.5,0.7,0.3,0.2,0.1,0.0,1.1,3.5,2014,Playoffs,16.2,0.641,0.8,0.075,3.3,8.2,5.8,6.7,1.3,1.5,0.0,16.7,0.4,0.1,0.4,0.167,4.4,-0.5,3.9,0.2
james jones,34.0,CLE,SF,20.0,15.6,1.3,3.8,0.347,1.1,3.2,0.344,0.2,0.6,0.364,0.493,0.7,0.7,0.929,0.1,1.4,1.5,0.5,0.4,0.2,0.3,2.1,4.4,2015,Playoffs,7.9,0.536,0.853,0.187,0.4,9.8,5.1,4.6,1.4,0.8,5.8,12.6,0.4,0.3,0.6,0.1,-1.9,0.8,-1.1,0.1
james jones,35.0,CLE,SF,12.0,4.6,0.2,0.8,0.2,0.1,0.6,0.143,0.1,0.3,0.333,0.25,0.1,0.3,0.25,0.1,0.3,0.3,0.3,0.0,0.0,0.1,0.3,0.5,2016,Playoffs,-0.7,0.255,0.7,0.4,2.2,6.3,4.3,7.2,0.0,0.0,7.8,10.7,-0.1,0.0,-0.1,-0.079,-5.5,-3.1,-8.6,-0.1
james jones,36.0,CLE,SF,8.0,3.8,0.1,0.6,0.2,0.0,0.4,0.0,0.1,0.3,0.5,0.2,0.0,0.0,0.0,0.1,0.4,0.5,0.0,0.0,0.0,0.3,0.4,0.3,2017,Playoffs,-5.3,0.2,0.6,0.0,4.1,11.1,7.8,0.0,0.0,0.0,28.6,10.4,-0.1,0.0,-0.1,-0.163,-9.8,-4.6,-14.4,-0.1
james michael mcadoo,22.0,GSW,PF,5.0,2.0,0.4,0.6,0.667,0.0,0.0,0.0,0.4,0.6,0.667,0.667,0.0,0.0,0.0,0.2,0.6,0.8,0.0,0.0,0.2,0.2,0.0,0.8,2015,Playoffs,19.7,0.667,0.0,0.0,11.0,32.3,21.8,0.0,0.0,8.0,25.0,17.9,0.0,0.0,0.0,0.121,1.1,2.6,3.7,0.0
james michael mcadoo,23.0,GSW,PF,8.0,4.8,0.3,0.5,0.5,0.0,0.0,0.0,0.3,0.5,0.5,0.5,0.1,0.5,0.25,0.0,1.0,1.0,0.3,0.4,0.3,0.1,0.8,0.6,2016,Playoffs,8.5,0.434,0.0,1.0,0.0,22.5,11.4,7.0,3.9,4.2,14.8,7.8,0.0,0.1,0.1,0.079,-4.9,4.9,0.0,0.0
james michael mcadoo,24.0,GSW,PF,13.0,4.3,0.7,1.3,0.529,0.2,0.4,0.4,0.5,0.9,0.583,0.588,0.3,0.5,0.667,0.4,0.6,1.0,0.0,0.2,0.2,0.1,0.4,1.8,2017,Playoffs,16.5,0.611,0.294,0.353,10.3,14.4,12.5,0.0,1.7,2.9,4.8,15.8,0.1,0.1,0.2,0.182,0.2,0.3,0.5,0.0
james young,20.0,BOS,SG,3.0,3.3,0.3,1.0,0.333,0.0,0.3,0.0,0.3,0.7,0.5,0.333,0.0,0.0,0.0,0.0,0.0,0.0,0.0,0.0,0.0,0.3,0.3,0.7,2016,Playoffs,-6.5,0.333,0.333,0.0,0.0,0.0,0.0,0.0,0.0,0.0,25.0,17.2,0.0,0.0,0.0,-0.201,-11.1,-4.0,-15.1,0.0
james young,21.0,BOS,SG,10.0,3.9,0.5,1.5,0.333,0.5,1.4,0.357,0.0,0.1,0.0,0.5,0.0,0.0,0.0,0.1,0.6,0.7,0.3,0.0,0.0,0.1,0.2,1.5,2017,Playoffs,9.1,0.5,0.933,0.0,2.9,18.6,10.5,11.5,0.0,0.0,6.3,18.6,0.0,0.0,0.0,0.014,0.2,-2.4,-2.2,0.0
jamychal green,24.0,MEM,PF,5.0,1.6,0.0,0.4,0.0,0.0,0.2,0.0,0.0,0.2,0.0,0.0,0.4,0.4,1.0,0.0,0.6,0.6,0.0,0.2,0.2,0.0,0.2,0.4,2015,Playoffs,16.8,0.347,0.5,1.0,0.0,42.2,20.7,0.0,6.5,11.4,0.0,16.4,0.0,0.0,0.0,0.143,-3.1,7.1,4.0,0.0
jamychal green,25.0,MEM,PF,4.0,18.0,3.0,5.5,0.545,0.0,0.3,0.0,3.0,5.3,0.571,0.545,0.8,1.5,0.5,1.3,2.5,3.8,0.8,0.8,1.3,1.0,3.0,6.8,2016,Playoffs,16.4,0.548,0.045,0.273,7.0,18.9,12.0,8.3,2.2,6.1,14.0,18.3,0.0,0.0,0.1,0.056,-0.9,2.2,1.3,0.1
jamychal green,26.0,MEM,PF,6.0,19.7,2.8,6.0,0.472,1.2,2.7,0.438,1.7,3.3,0.5,0.569,0.5,0.5,1.0,0.5,2.8,3.3,0.3,0.0,0.0,0.7,3.5,7.3,2017,Playoffs,8.8,0.589,0.444,0.083,3.3,18.7,11.0,3.0,0.0,0.0,9.7,17.5,0.1,0.0,0.0,0.02,-2.4,-1.9,-4.3,-0.1
jamychal green,28.0,LAC,PF,6.0,23.5,3.8,7.2,0.535,2.0,3.8,0.522,1.8,3.3,0.55,0.674,1.3,1.7,0.8,1.0,4.3,5.3,0.8,0.7,0.0,1.8,3.7,11.0,2019,Playoffs,13.0,0.696,0.535,0.233,4.5,21.9,12.6,5.3,1.3,0.0,18.8,17.2,0.2,-0.1,0.1,0.034,-0.2,-0.5,-0.6,0.0
jamychal green,29.0,LAC,PF,13.0,17.1,2.4,4.2,0.564,0.8,1.8,0.435,1.6,2.5,0.656,0.655,0.5,0.7,0.778,1.0,2.8,3.8,0.5,0.2,0.2,0.4,2.2,6.1,2020,Playoffs,13.7,0.67,0.418,0.164,6.5,18.3,12.3,4.5,0.4,1.3,7.8,12.6,0.5,0.2,0.7,0.146,0.6,0.9,1.5,0.2
jamychal green,30.0,DEN,PF,10.0,19.0,2.0,4.5,0.444,0.6,2.0,0.3,1.4,2.5,0.56,0.511,0.8,0.9,0.889,1.7,3.5,5.2,1.1,0.2,0.2,0.3,1.2,5.4,2021,Playoffs,12.8,0.551,0.444,0.2,9.4,22.5,15.4,7.7,0.5,1.0,5.8,11.9,0.3,0.0,0.3,0.08,-0.1,-1.2,-1.3,0.0
jamychal green,31.0,DEN,PF,5.0,13.8,1.2,3.2,0.375,0.2,1.0,0.2,1.0,2.2,0.455,0.406,1.4,1.4,1.0,0.6,1.8,2.4,0.4,0.0,0.2,0.4,2.4,4.0,2022,Playoffs,6.7,0.524,0.313,0.438,5.2,16.7,10.8,3.9,0.0,1.5,9.5,13.3,0.1,0.0,0.0,0.012,-4.4,-2.7,-7.1,-0.1
jamychal green,32.0,GSW,PF,7.0,7.0,1.3,3.3,0.391,0.7,2.6,0.278,0.6,0.7,0.8,0.5,0.0,0.0,0.0,0.0,0.7,0.7,0.4,0.0,0.1,0.3,1.4,3.3,2023,Playoffs,5.6,0.5,0.783,0.0,0.0,10.7,5.3,8.9,0.0,1.7,8.0,21.0,0.0,0.0,0.0,-0.004,-5.4,-0.7,-6.1,-0.1
jarace walker,20.0,IND,PF,9.0,3.4,0.3,1.1,0.3,0.0,0.3,0.0,0.3,0.8,0.429,0.3,0.2,0.3,0.667,0.1,0.3,0.4,0.4,0.2,0.1,0.7,0.2,0.9,2024,Playoffs,0.6,0.353,0.3,0.3,3.9,11.1,7.6,15.6,3.3,3.0,34.6,25.3,-0.2,0.0,-0.2,-0.262,-10.1,-0.8,-10.9,-0.1
jared dudley,28.0,LAC,SF,7.0,6.4,0.4,1.6,0.273,0.4,0.9,0.5,0.0,0.7,0.0,0.409,0.0,0.0,0.0,0.0,0.9,0.9,0.3,0.1,0.0,0.0,0.7,1.3,2014,Playoffs,4.3,0.409,0.545,0.0,0.0,15.9,7.6,5.9,1.1,0.0,0.0,10.6,0.0,0.0,0.0,0.011,-2.7,-0.5,-3.2,0.0
jared dudley,29.0,MIL,SG,6.0,18.3,2.3,5.0,0.467,1.3,2.3,0.571,1.0,2.7,0.375,0.6,0.7,1.2,0.571,0.5,1.3,1.8,1.3,2.0,0.3,0.8,2.0,6.7,2015,Playoffs,17.2,0.605,0.467,0.233,2.7,8.4,5.3,13.0,5.6,1.6,13.1,15.6,0.1,0.2,0.3,0.143,0.8,5.4,6.2,0.2
jared dudley,33.0,BRK,PF,4.0,20.5,0.8,2.8,0.273,0.5,2.3,0.222,0.3,0.5,0.5,0.364,1.0,1.0,1.0,0.0,0.5,0.5,2.8,0.8,0.3,1.0,2.5,3.0,2019,Playoffs,4.7,0.47,0.818,0.364,0.0,2.7,1.3,17.6,1.7,0.9,23.9,8.3,0.0,0.0,0.0,-0.019,-4.0,2.0,-2.0,0.0
jared dudley,34.0,LAL,PF,9.0,3.4,0.0,0.4,0.0,0.0,0.3,0.0,0.0,0.1,0.0,0.0,0.0,0.0,0.0,0.0,0.2,0.2,0.0,0.4,0.1,0.2,0.2,0.0,2020,Playoffs,-1.1,0.0,0.75,0.0,0.0,7.6,3.8,0.0,6.4,3.2,33.3,8.4,-0.1,0.1,-0.1,-0.106,-9.1,3.5,-5.5,0.0
jared dudley,35.0,LAL,PF,2.0,2.5,0.0,0.0,0.0,0.0,0.0,0.0,0.0,0.0,0.0,0.0,0.0,0.0,0.0,0.0,0.0,0.0,0.0,0.0,0.0,0.0,0.0,0.0,2021,Playoffs,0.0,0.0,,,0.0,0.0,0.0,0.0,0.0,0.0,0.0,0.0,0.0,0.0,0.0,0.022,-5.2,0.0,-5.2,0.0
jared sullinger,22.0,BOS,PF,4.0,20.0,5.3,9.5,0.553,0.8,2.3,0.333,4.5,7.3,0.621,0.592,1.0,1.8,0.571,2.3,4.8,7.0,0.3,0.0,0.8,1.3,3.0,12.3,2015,Playoffs,21.7,0.596,0.237,0.184,12.0,26.7,19.1,2.7,0.0,3.6,10.9,25.7,0.2,0.0,0.2,0.118,4.1,0.5,4.6,0.1
jared sullinger,23.0,BOS,PF,6.0,13.5,2.2,7.0,0.31,0.3,0.7,0.5,1.8,6.3,0.289,0.333,0.5,0.7,0.75,1.7,2.8,4.5,1.2,0.2,0.0,1.0,2.7,5.2,2016,Playoffs,5.6,0.354,0.095,0.095,12.1,23.4,17.4,15.9,0.6,0.0,12.1,26.5,-0.3,0.1,-0.1,-0.077,-5.3,-2.0,-7.4,-0.1
jarell martin,21.0,MEM,PF,2.0,23.0,1.5,4.0,0.375,0.0,0.0,0.0,1.5,4.0,0.375,0.375,1.5,3.0,0.5,2.0,1.5,3.5,0.5,1.5,0.0,1.5,2.0,4.5,2016,Playoffs,7.1,0.423,0.0,0.75,8.7,8.9,8.8,3.6,3.5,0.0,22.0,13.6,-0.1,0.0,-0.1,-0.065,-4.6,-1.3,-6.0,0.0
jarell martin,22.0,MEM,PF,3.0,3.3,0.3,1.0,0.333,0.0,0.0,0.0,0.3,1.0,0.333,0.333,0.0,0.0,0.0,0.7,0.7,1.3,0.0,0.3,0.0,0.0,0.7,0.7,2017,Playoffs,14.1,0.333,0.0,0.0,25.8,25.9,25.9,0.0,5.6,0.0,0.0,15.0,0.0,0.0,0.0,0.077,-4.1,-3.2,-7.3,0.0
jarell martin,24.0,ORL,PF,3.0,6.0,1.3,3.0,0.444,0.7,2.3,0.286,0.7,0.7,1.0,0.556,0.0,0.7,0.0,0.3,0.3,0.7,0.3,0.0,0.3,0.0,0.3,3.3,2019,Playoffs,16.7,0.506,0.778,0.222,5.6,6.5,6.1,12.4,0.0,5.1,0.0,24.4,0.0,0.0,0.0,0.048,5.9,0.4,6.3,0.0
jaren jackson,21.0,MEM,C,5.0,27.4,4.6,10.8,0.426,1.6,5.6,0.286,3.0,5.2,0.577,0.5,2.8,3.2,0.875,1.8,3.8,5.6,1.0,1.0,1.2,0.8,4.2,13.6,2021,Playoffs,15.9,0.557,0.519,0.296,6.7,16.7,11.3,4.8,1.8,4.7,6.2,20.0,0.2,0.0,0.2,0.076,-0.1,-0.4,-0.4,0.1
jaren jackson,22.0,MEM,PF,12.0,27.7,4.9,13.0,0.378,2.3,6.0,0.375,2.7,7.0,0.381,0.465,3.3,4.4,0.755,2.2,4.6,6.8,0.9,0.8,2.5,1.4,4.4,15.4,2022,Playoffs,15.9,0.516,0.462,0.34,7.8,18.5,12.9,5.1,1.3,8.9,8.7,24.2,0.2,0.6,0.8,0.111,-0.4,1.2,0.7,0.2
jaren jackson,23.0,MEM,C,6.0,36.7,5.8,13.8,0.422,1.2,4.2,0.28,4.7,9.7,0.483,0.464,5.2,6.0,0.861,3.3,4.5,7.8,1.5,1.0,2.0,3.0,4.0,18.0,2023,Playoffs,14.1,0.546,0.301,0.434,8.6,13.4,10.8,6.5,1.3,4.8,15.4,22.2,0.0,0.3,0.3,0.072,-1.5,1.4,-0.1,0.1
jarred vanderbilt,19.0,DEN,PF,3.0,1.7,0.0,0.0,0.0,0.0,0.0,0.0,0.0,0.0,0.0,0.0,0.0,0.0,0.0,0.0,0.3,0.3,0.0,0.0,0.3,0.0,0.0,0.0,2019,Playoffs,11.3,0.0,,,0.0,21.4,10.5,0.0,0.0,15.7,0.0,0.0,0.0,0.0,0.0,0.086,-1.3,4.8,3.5,0.0
jarred vanderbilt,22.0,MIN,PF,6.0,21.5,2.2,4.5,0.481,0.0,0.0,0.0,2.2,4.5,0.481,0.481,1.2,1.7,0.7,2.0,5.2,7.2,0.7,1.2,0.3,0.8,2.7,5.5,2022,Playoffs,12.0,0.525,0.0,0.37,10.9,25.4,18.5,4.7,2.5,1.3,13.7,12.1,0.1,0.2,0.3,0.098,-1.8,1.2,-0.5,0.0
jarred vanderbilt,23.0,LAL,PF,15.0,16.5,1.6,4.0,0.4,0.5,1.9,0.241,1.1,2.1,0.548,0.458,0.9,1.3,0.7,1.3,1.9,3.2,0.8,0.7,0.8,0.9,2.1,4.6,2023,Playoffs,10.3,0.501,0.483,0.333,8.7,11.8,10.3,6.5,2.2,4.4,15.9,14.5,-0.1,0.4,0.3,0.061,-3.1,1.9,-1.2,0.0
jarrell brantley,23.0,UTA,PF,2.0,6.5,0.0,2.5,0.0,0.0,1.5,0.0,0.0,1.0,0.0,0.0,0.5,1.0,0.5,1.5,0.5,2.0,1.0,0.0,0.5,0.5,2.0,0.5,2020,Playoffs,-5.3,0.085,0.6,0.4,27.6,8.8,18.0,18.8,0.0,7.5,14.5,24.8,-0.1,0.0,-0.1,-0.287,-16.9,-4.8,-21.7,-0.1
jarrell brantley,24.0,UTA,PF,2.0,1.5,0.0,0.5,0.0,0.0,0.0,0.0,0.0,0.5,0.0,0.0,0.5,1.0,0.5,0.0,0.5,0.5,0.0,0.0,0.0,0.5,0.0,0.5,2021,Playoffs,-19.3,0.266,0.0,2.0,0.0,37.2,19.4,0.0,0.0,0.0,34.7,42.5,0.0,0.0,0.0,-0.754,-19.3,-8.8,-28.1,0.0
jarrett allen,20.0,BRK,C,5.0,22.0,3.8,6.4,0.594,0.0,0.0,0.0,3.8,6.4,0.594,0.594,3.4,4.0,0.85,3.0,3.8,6.8,2.2,0.6,0.6,1.6,2.6,11.0,2019,Playoffs,22.5,0.674,0.0,0.625,13.0,19.3,15.9,15.9,1.3,2.0,16.4,18.1,0.4,0.0,0.4,0.18,2.0,1.4,3.4,0.2
jarrett allen,21.0,BRK,C,4.0,33.0,3.5,6.0,0.583,0.0,0.0,0.0,3.5,6.0,0.583,0.583,3.3,4.0,0.813,4.3,10.5,14.8,2.3,0.5,1.8,2.8,1.8,10.3,2020,Playoffs,17.1,0.66,0.0,0.667,12.1,34.5,22.5,10.5,0.7,5.1,26.2,13.1,0.2,0.1,0.2,0.078,-0.3,0.3,-0.1,0.1
jarrett allen,24.0,CLE,C,5.0,38.2,4.4,7.2,0.611,0.0,0.0,0.0,4.4,7.2,0.611,0.611,0.6,1.2,0.5,3.0,4.4,7.4,2.4,0.8,1.0,0.6,2.0,9.4,2023,Playoffs,13.9,0.608,0.0,0.167,9.5,12.9,11.3,10.2,1.1,2.3,7.2,10.2,0.3,0.3,0.6,0.15,0.6,1.8,2.4,0.2
jarrett allen,25.0,CLE,C,4.0,31.8,6.3,9.3,0.676,0.0,0.0,0.0,6.3,9.3,0.676,0.676,4.5,6.5,0.692,3.8,10.0,13.8,1.3,1.3,1.0,1.3,2.0,17.0,2024,Playoffs,27.2,0.702,0.0,0.703,13.7,35.9,24.9,6.8,2.0,3.2,9.4,19.6,0.5,0.3,0.8,0.285,5.8,2.5,8.4,0.3
jarrett culver,22.0,MEM,SG,3.0,7.3,1.0,3.3,0.3,0.0,0.7,0.0,1.0,2.7,0.375,0.3,0.3,0.7,0.5,0.7,1.7,2.3,0.3,0.7,0.0,0.7,1.3,2.3,2022,Playoffs,3.6,0.322,0.2,0.2,9.1,25.4,16.8,6.6,4.3,0.0,15.5,24.0,-0.1,0.0,-0.1,-0.111,-12.4,0.8,-11.5,-0.1
jarrett jack,31.0,BRK,PG,6.0,25.5,4.7,9.0,0.519,0.8,2.5,0.333,3.8,6.5,0.59,0.565,2.2,2.2,1.0,0.3,3.8,4.2,4.5,1.2,0.2,3.3,2.3,12.3,2015,Playoffs,17.6,0.62,0.278,0.241,1.4,16.3,8.8,31.6,2.3,0.6,25.1,23.9,0.1,0.2,0.3,0.09,0.4,1.3,1.7,0.1
jason smith,30.0,WAS,C,13.0,12.1,1.5,3.0,0.487,0.2,0.8,0.3,1.2,2.2,0.552,0.526,0.8,1.1,0.714,0.8,1.5,2.2,0.3,0.2,0.5,0.8,2.3,3.9,2017,Playoffs,8.6,0.565,0.256,0.359,7.3,14.0,10.7,3.6,0.6,4.1,18.1,15.1,0.0,0.1,0.2,0.047,-4.5,-1.0,-5.5,-0.1
jason terry,37.0,HOU,SG,17.0,28.6,3.4,7.9,0.425,1.7,4.8,0.354,1.6,3.1,0.538,0.534,0.8,0.9,0.813,0.4,1.9,2.2,2.8,0.9,0.1,1.2,2.7,9.2,2015,Playoffs,10.1,0.553,0.612,0.119,1.3,6.7,4.0,14.9,1.5,0.3,12.4,13.8,0.5,0.0,0.5,0.054,-0.8,0.4,-0.4,0.2
jason terry,38.0,HOU,SG,5.0,24.8,2.6,7.6,0.342,1.2,3.8,0.316,1.4,3.8,0.368,0.421,0.6,0.6,1.0,0.2,2.0,2.2,1.2,0.4,0.2,0.6,2.6,7.0,2016,Playoffs,5.5,0.445,0.5,0.079,0.8,9.0,4.7,8.3,0.8,0.7,7.1,14.0,0.0,0.0,0.0,-0.011,-3.1,-1.3,-4.4,-0.1
jason terry,39.0,MIL,SG,6.0,11.3,1.0,3.0,0.333,0.3,1.7,0.2,0.7,1.3,0.5,0.389,0.2,0.2,1.0,0.3,1.0,1.3,0.8,0.5,0.2,0.3,1.2,2.5,2017,Playoffs,6.7,0.407,0.556,0.056,3.3,11.4,7.1,11.5,2.3,1.4,9.8,14.3,-0.1,0.1,0.0,0.032,-3.7,2.0,-1.7,0.0
jason terry,40.0,MIL,SG,3.0,14.7,0.7,1.7,0.4,0.7,1.7,0.4,0.0,0.0,0.0,0.6,0.0,0.0,0.0,0.3,0.3,0.7,0.7,0.3,0.0,0.3,0.7,2.0,2018,Playoffs,5.5,0.6,1.0,0.0,2.9,2.5,2.7,6.0,1.2,0.0,16.7,6.6,0.0,0.0,0.0,0.038,-0.7,-1.2,-2.0,0.0
jason thompson,29.0,TOR,C,10.0,5.5,0.4,0.9,0.444,0.0,0.1,0.0,0.4,0.8,0.5,0.444,0.0,0.3,0.0,0.6,0.5,1.1,0.1,0.0,0.1,0.1,0.6,0.8,2016,Playoffs,6.2,0.388,0.111,0.333,12.4,11.6,12.0,2.9,0.0,1.6,8.8,9.5,0.0,0.0,0.0,0.014,-2.7,-3.3,-6.1,-0.1
javale mcgee,28.0,DAL,C,2.0,7.0,0.5,1.0,0.5,0.0,0.0,0.0,0.5,1.0,0.5,0.5,1.0,3.0,0.333,1.0,0.5,1.5,0.0,0.5,0.0,1.5,1.5,2.0,2016,Playoffs,-0.5,0.431,0.0,3.0,16.0,8.7,12.5,0.0,3.7,0.0,39.3,25.3,-0.1,0.0,-0.1,-0.3,-12.4,-2.3,-14.7,0.0
javale mcgee,29.0,GSW,C,16.0,9.3,2.6,3.5,0.732,0.0,0.0,0.0,2.6,3.5,0.732,0.732,0.8,1.1,0.722,1.4,1.6,3.0,0.3,0.1,0.9,0.5,1.9,5.9,2017,Playoffs,26.9,0.743,0.0,0.321,17.1,17.6,17.4,4.3,0.6,8.2,11.1,20.7,0.6,0.3,0.9,0.295,2.3,1.7,4.0,0.2
javale mcgee,30.0,GSW,C,13.0,12.2,3.0,4.5,0.672,0.0,0.1,0.0,3.0,4.4,0.684,0.672,0.5,0.7,0.667,1.2,2.0,3.2,0.3,0.2,0.8,0.4,1.5,6.5,2018,Playoffs,23.6,0.678,0.017,0.155,11.7,17.2,14.6,4.2,0.9,6.1,7.5,19.0,0.5,0.3,0.8,0.243,1.9,0.8,2.7,0.2
javale mcgee,32.0,LAL,C,14.0,9.6,1.4,2.3,0.625,0.0,0.1,0.0,1.4,2.1,0.667,0.625,0.1,0.1,0.5,1.1,2.0,3.1,0.5,0.1,0.7,0.6,1.6,2.9,2020,Playoffs,15.3,0.623,0.063,0.063,14.1,24.3,19.2,7.3,0.7,7.3,21.5,13.5,0.1,0.2,0.4,0.132,-2.6,1.6,-1.1,0.0
javale mcgee,33.0,DEN,C,4.0,8.5,0.8,2.5,0.3,0.0,0.5,0.0,0.8,2.0,0.375,0.3,0.5,1.5,0.333,0.8,2.3,3.0,0.8,0.3,1.3,0.3,1.0,2.0,2021,Playoffs,12.3,0.316,0.2,0.6,9.3,32.3,19.9,11.4,1.5,13.9,7.3,17.5,-0.1,0.1,0.0,-0.022,-4.5,3.5,-1.0,0.0
javale mcgee,34.0,PHO,C,12.0,11.1,2.9,4.2,0.7,0.0,0.1,0.0,2.9,4.1,0.714,0.7,0.9,1.1,0.846,1.3,2.7,4.0,0.6,0.3,0.4,0.8,2.3,6.8,2022,Playoffs,26.3,0.727,0.02,0.26,14.7,27.8,21.4,8.9,1.2,3.6,13.9,22.4,0.5,0.1,0.6,0.226,2.1,1.5,3.5,0.2
javonte green,28.0,CHI,SF,5.0,14.4,0.6,3.4,0.176,0.0,1.2,0.0,0.6,2.2,0.273,0.176,0.2,0.4,0.5,1.6,1.4,3.0,0.4,1.8,0.0,0.8,1.6,1.4,2022,Playoffs,4.1,0.196,0.353,0.118,10.3,10.6,10.4,3.9,6.0,0.0,18.3,13.3,-0.3,0.2,-0.1,-0.075,-7.8,1.5,-6.3,-0.1
jaxson hayes,21.0,NOP,C,6.0,13.8,2.3,4.2,0.56,0.0,0.5,0.0,2.3,3.7,0.636,0.56,1.2,1.8,0.636,0.7,1.8,2.5,0.2,0.0,0.3,0.7,1.8,5.8,2022,Playoffs,11.9,0.586,0.12,0.44,5.3,16.7,10.7,1.9,0.0,2.1,11.8,17.5,0.1,0.0,0.1,0.044,-3.0,-1.9,-4.9,-0.1
jaxson hayes,23.0,LAL,C,4.0,6.0,0.0,0.5,0.0,0.0,0.0,0.0,0.0,0.5,0.0,0.0,0.3,0.5,0.5,0.8,2.3,3.0,0.3,0.0,0.0,0.5,1.8,0.3,2024,Playoffs,0.0,0.174,0.0,1.0,14.2,40.5,27.7,4.8,0.0,0.0,41.0,9.4,-0.1,0.0,0.0,-0.05,-11.6,-0.7,-12.3,-0.1
jay scrubb,20.0,LAC,SG,6.0,1.3,0.0,0.0,0.0,0.0,0.0,0.0,0.0,0.0,0.0,0.0,0.0,0.0,0.0,0.0,0.2,0.2,0.0,0.0,0.0,0.0,0.0,0.0,2021,Playoffs,1.6,0.0,,,0.0,14.3,7.2,0.0,0.0,0.0,0.0,0.0,0.0,0.0,0.0,0.013,-4.6,-0.4,-5.0,0.0
jaylen adams,23.0,POR,PG,3.0,7.0,1.0,3.0,0.333,0.0,1.3,0.0,1.0,1.7,0.6,0.333,0.0,0.0,0.0,0.3,0.7,1.0,0.7,0.3,0.0,0.0,0.3,2.0,2020,Playoffs,7.7,0.333,0.444,0.0,5.0,10.1,7.5,14.9,2.2,0.0,0.0,17.9,0.0,0.0,0.0,-0.051,-3.6,-2.6,-6.1,0.0
jaylen brown,20.0,BOS,SF,17.0,12.6,2.0,4.2,0.479,0.3,1.4,0.217,1.7,2.8,0.604,0.514,0.7,1.1,0.667,0.7,1.4,2.1,0.8,0.4,0.1,0.8,1.5,5.0,2017,Playoffs,10.6,0.539,0.324,0.254,6.3,13.5,9.8,9.5,1.4,0.8,14.1,19.4,0.0,0.1,0.1,0.022,-2.8,-1.0,-3.8,-0.1
jaylen brown,21.0,BOS,SG,18.0,32.4,6.9,14.8,0.466,2.4,6.2,0.393,4.4,8.6,0.519,0.549,1.8,2.8,0.64,0.9,3.9,4.8,1.4,0.8,0.6,1.3,3.2,18.0,2018,Playoffs,16.0,0.563,0.421,0.188,3.1,14.3,8.6,8.3,1.2,1.5,7.4,24.6,0.6,0.7,1.3,0.105,0.6,0.6,1.2,0.5
jaylen brown,22.0,BOS,SG,9.0,30.4,4.9,9.7,0.506,1.6,4.4,0.35,3.3,5.2,0.638,0.586,2.6,3.3,0.767,0.7,5.1,5.8,1.1,0.7,0.2,1.8,3.3,13.9,2019,Playoffs,13.0,0.624,0.46,0.345,2.3,16.4,9.7,6.3,1.1,0.7,13.8,18.7,0.2,0.4,0.6,0.113,-0.5,1.2,0.7,0.2
jaylen brown,23.0,BOS,SG,17.0,39.5,8.1,16.9,0.476,2.5,7.1,0.358,5.5,9.9,0.56,0.55,3.1,3.7,0.841,1.4,6.1,7.5,2.3,1.5,0.5,2.4,2.8,21.8,2020,Playoffs,17.1,0.586,0.417,0.219,4.2,16.5,10.6,9.9,1.9,1.3,11.5,23.7,0.7,1.1,1.8,0.13,2.2,1.1,3.3,0.9
jaylen brown,25.0,BOS,SF,24.0,38.3,8.2,17.5,0.47,2.5,6.7,0.373,5.7,10.8,0.531,0.542,4.2,5.5,0.763,1.4,5.5,6.9,3.5,1.1,0.4,3.1,3.0,23.1,2022,Playoffs,17.2,0.581,0.384,0.313,4.2,15.7,10.2,16.8,1.5,1.0,13.4,26.9,0.9,1.3,2.2,0.115,1.8,0.8,2.6,1.1
jaylen brown,26.0,BOS,SF,20.0,37.6,9.1,18.3,0.496,2.0,5.7,0.354,7.1,12.6,0.56,0.551,2.6,3.7,0.689,1.3,4.4,5.6,3.4,1.1,0.4,3.3,3.1,22.7,2023,Playoffs,15.5,0.57,0.31,0.203,3.9,12.9,8.5,15.0,1.4,0.9,14.2,27.9,0.2,0.6,0.8,0.051,-0.4,-0.6,-0.9,0.2
jaylen brown,27.0,BOS,SF,19.0,37.2,9.2,17.8,0.516,1.9,5.8,0.327,7.3,12.1,0.607,0.569,3.6,5.4,0.66,1.2,4.8,5.9,3.3,1.2,0.6,2.7,2.7,23.9,2024,Playoffs,19.1,0.591,0.324,0.304,3.7,15.0,9.4,15.5,1.7,1.6,11.7,28.6,0.9,1.1,2.0,0.133,1.0,0.8,1.8,0.7
jaylen hoard,20.0,POR,PF,3.0,13.7,2.3,4.0,0.583,0.0,0.0,0.0,2.3,4.0,0.583,0.583,0.0,0.0,0.0,1.7,1.3,3.0,0.3,0.0,0.0,0.7,1.7,4.7,2020,Playoffs,11.4,0.583,0.0,0.0,12.8,10.3,11.6,4.0,0.0,0.0,14.3,14.2,0.0,0.0,0.0,0.048,-0.8,-3.4,-4.2,0.0
jaylen nowell,23.0,MIN,SG,5.0,12.4,1.2,5.2,0.231,0.6,1.8,0.333,0.6,3.4,0.176,0.288,0.2,0.4,0.5,0.8,0.2,1.0,0.6,0.0,0.0,0.4,0.8,3.2,2023,Playoffs,-1.1,0.298,0.346,0.077,7.4,1.9,4.7,7.2,0.0,0.0,6.9,21.5,-0.2,0.0,-0.3,-0.213,-6.5,-5.7,-12.2,-0.2
jaylin williams,21.0,OKC,C,10.0,12.7,1.6,3.3,0.485,0.9,2.2,0.409,0.7,1.1,0.636,0.621,0.3,0.4,0.75,0.4,2.8,3.2,1.5,0.4,0.3,0.3,1.1,4.4,2024,Playoffs,16.5,0.633,0.667,0.121,3.6,23.5,13.9,17.0,1.6,2.2,7.9,13.6,0.3,0.3,0.6,0.214,2.4,4.1,6.5,0.3
jayson tatum,19.0,BOS,SF,19.0,35.9,6.5,13.7,0.471,1.2,3.7,0.324,5.3,10.0,0.526,0.515,4.3,5.1,0.845,0.5,3.8,4.4,2.7,1.2,0.5,2.2,2.6,18.5,2018,Playoffs,16.2,0.578,0.272,0.372,1.6,12.6,7.0,13.3,1.7,1.3,11.9,23.3,0.8,0.8,1.6,0.116,0.0,1.5,1.5,0.6
jayson tatum,20.0,BOS,SF,9.0,32.8,5.4,12.4,0.438,1.1,3.4,0.323,4.3,9.0,0.481,0.482,3.2,4.3,0.744,0.8,5.9,6.7,1.9,1.1,0.8,2.0,2.3,15.2,2019,Playoffs,13.5,0.53,0.277,0.348,2.5,17.6,10.4,10.0,1.6,2.2,12.2,22.0,-0.1,0.6,0.5,0.075,-0.5,1.6,1.0,0.2
jayson tatum,21.0,BOS,PF,17.0,40.6,8.5,19.6,0.434,2.8,7.4,0.373,5.8,12.2,0.471,0.504,5.9,7.2,0.813,1.3,8.7,10.0,5.0,1.0,1.2,2.8,2.4,25.7,2020,Playoffs,20.7,0.563,0.377,0.368,3.7,23.1,13.8,21.3,1.2,2.9,11.0,28.2,1.1,1.3,2.3,0.163,4.5,1.8,6.3,1.4
jayson tatum,22.0,BOS,SF,5.0,37.0,9.4,22.2,0.423,2.8,7.2,0.389,6.6,15.0,0.44,0.486,9.0,9.8,0.918,0.6,5.2,5.8,4.6,1.2,1.6,2.6,3.0,30.6,2021,Playoffs,24.1,0.577,0.324,0.441,1.8,17.2,9.1,22.8,1.6,4.1,8.9,33.3,0.5,-0.1,0.4,0.114,5.7,0.7,6.5,0.4
jayson tatum,23.0,BOS,SF,24.0,41.0,8.4,19.7,0.426,3.2,8.2,0.393,5.2,11.5,0.449,0.507,5.7,7.1,0.8,1.0,5.7,6.7,6.2,1.2,0.9,4.2,3.0,25.6,2022,Playoffs,17.6,0.562,0.415,0.36,2.8,15.2,9.2,26.9,1.5,2.0,15.5,29.6,0.8,1.5,2.2,0.11,3.1,1.4,4.5,1.6
jayson tatum,24.0,BOS,SF,20.0,40.0,9.3,20.2,0.458,2.7,8.2,0.323,6.6,12.0,0.55,0.524,6.0,6.9,0.876,1.3,9.2,10.5,5.3,1.1,1.1,2.8,2.2,27.2,2023,Playoffs,22.6,0.585,0.406,0.339,3.8,25.6,15.0,21.4,1.3,2.3,10.8,29.4,1.7,1.1,2.8,0.168,4.0,1.3,5.3,1.5
jayson tatum,25.0,BOS,PF,19.0,40.4,8.4,19.6,0.427,2.1,7.3,0.283,6.3,12.3,0.513,0.48,6.2,7.2,0.861,0.9,8.8,9.7,6.3,1.1,0.7,2.6,2.8,25.0,2024,Playoffs,20.1,0.549,0.371,0.368,2.6,25.3,14.1,25.5,1.4,1.6,10.4,29.2,1.3,1.3,2.7,0.167,2.3,1.4,3.7,1.1
jeff ayres,26.0,SAS,PF,17.0,3.8,0.4,0.8,0.462,0.0,0.0,0.0,0.4,0.8,0.462,0.462,0.3,0.5,0.625,0.4,0.8,1.1,0.3,0.0,0.0,0.1,0.4,1.0,2014,Playoffs,13.0,0.515,0.0,0.615,11.1,22.8,17.1,10.5,0.0,0.0,5.7,12.5,0.1,0.1,0.2,0.158,0.5,0.6,1.0,0.1
jeff ayres,27.0,SAS,PF,3.0,4.0,0.0,0.3,0.0,0.0,0.0,0.0,0.0,0.3,0.0,0.0,0.0,0.0,0.0,0.0,1.0,1.0,0.7,0.0,0.0,0.0,0.0,0.0,2015,Playoffs,5.7,0.0,0.0,0.0,0.0,27.6,13.3,21.2,0.0,0.0,0.0,3.7,0.0,0.0,0.0,0.014,-1.5,3.5,2.0,0.0
jeff ayres,28.0,LAC,C,2.0,1.0,0.5,0.5,1.0,0.0,0.0,0.0,0.5,0.5,1.0,1.0,0.5,0.5,1.0,0.0,0.0,0.0,0.0,0.0,0.0,0.0,0.0,1.5,2016,Playoffs,68.8,1.042,0.0,1.0,0.0,0.0,0.0,0.0,0.0,0.0,0.0,32.1,0.0,0.0,0.0,0.768,23.2,6.1,29.3,0.0
jeff green,28.0,MEM,SF,11.0,27.1,3.3,9.8,0.333,0.4,1.6,0.222,2.9,8.2,0.356,0.352,2.0,2.4,0.846,0.8,3.9,4.7,1.7,0.5,0.5,1.5,1.6,8.9,2015,Playoffs,7.9,0.41,0.167,0.241,3.3,16.2,9.6,10.2,0.9,1.5,11.8,20.8,-0.5,0.3,-0.2,-0.033,-3.1,-0.9,-4.0,-0.1
jeff green,29.0,LAC,SF,6.0,26.5,3.5,7.7,0.457,0.7,1.7,0.4,2.8,6.0,0.472,0.5,2.5,4.2,0.6,0.5,2.7,3.2,0.7,1.0,0.3,0.5,2.0,10.2,2016,Playoffs,13.2,0.535,0.217,0.543,1.9,9.9,5.9,3.9,1.9,1.1,5.0,16.8,0.2,0.2,0.4,0.106,-0.8,0.8,0.0,0.1
jeff green,31.0,CLE,PF,22.0,23.8,2.6,6.5,0.408,1.0,3.2,0.3,1.7,3.3,0.514,0.482,1.5,2.1,0.717,0.3,2.1,2.4,1.5,0.3,0.7,0.8,1.6,7.7,2018,Playoffs,10.3,0.524,0.493,0.324,1.6,10.7,6.0,9.4,0.7,2.6,9.5,15.9,0.3,0.3,0.6,0.053,-0.5,-0.7,-1.1,0.1
jeff green,33.0,HOU,C,12.0,28.4,4.3,8.6,0.495,1.9,4.5,0.426,2.3,4.1,0.571,0.607,1.2,1.4,0.824,0.4,4.6,5.0,1.6,0.5,0.5,1.3,2.3,11.6,2020,Playoffs,13.1,0.629,0.524,0.165,1.6,18.9,9.8,8.9,0.9,1.7,12.0,16.5,0.3,0.4,0.8,0.109,0.4,-0.3,0.1,0.2
jeff green,34.0,BRK,PF,6.0,24.7,2.7,5.5,0.485,1.7,3.0,0.556,1.0,2.5,0.4,0.636,1.2,1.3,0.875,0.7,2.2,2.8,1.7,0.5,0.3,0.5,2.3,8.2,2021,Playoffs,12.3,0.671,0.545,0.242,3.1,9.3,6.3,9.2,1.0,1.2,7.6,12.1,0.3,0.2,0.5,0.156,1.5,1.1,2.6,0.2
jeff green,35.0,DEN,PF,5.0,22.6,1.2,3.4,0.353,0.6,1.6,0.375,0.6,1.8,0.333,0.441,0.8,1.0,0.8,1.4,2.2,3.6,0.4,0.6,0.4,0.4,1.2,3.8,2022,Playoffs,7.6,0.495,0.471,0.294,7.4,12.4,9.9,2.3,1.3,1.9,9.4,8.2,0.1,0.0,0.0,0.012,-1.4,-1.9,-3.3,0.0
jeff green,36.0,DEN,PF,20.0,17.2,1.4,3.1,0.452,0.5,1.4,0.321,1.0,1.7,0.559,0.524,0.9,1.0,0.895,0.3,1.3,1.6,0.7,0.3,0.4,0.5,2.2,4.1,2023,Playoffs,6.8,0.583,0.452,0.306,2.1,8.2,5.3,5.1,0.7,1.8,11.3,10.4,0.2,0.3,0.6,0.078,-3.7,-0.1,-3.8,-0.2
jeff teague,25.0,ATL,PG,7.0,34.6,6.3,16.0,0.393,1.3,3.9,0.333,5.0,12.1,0.412,0.433,5.4,5.7,0.95,0.7,3.0,3.7,5.0,1.0,0.6,3.0,2.1,19.3,2014,Playoffs,17.1,0.521,0.241,0.357,2.2,10.5,6.1,32.2,1.5,1.4,13.9,28.9,0.1,0.4,0.5,0.095,2.9,-0.4,2.6,0.3
jeff teague,26.0,ATL,PG,16.0,33.1,6.1,14.9,0.41,1.3,4.1,0.323,4.8,10.9,0.443,0.454,3.3,3.8,0.867,0.6,2.6,3.2,6.7,1.5,0.4,2.7,2.1,16.8,2015,Playoffs,17.8,0.507,0.272,0.251,2.0,8.3,5.2,35.3,2.3,1.1,13.9,26.5,0.5,0.5,1.0,0.094,2.2,-0.2,2.0,0.5
jeff teague,27.0,ATL,PG,10.0,27.9,4.6,12.1,0.38,0.9,3.6,0.25,3.7,8.5,0.435,0.417,4.4,5.2,0.846,0.3,1.6,1.9,6.2,0.6,0.2,2.5,3.0,14.5,2016,Playoffs,14.9,0.504,0.298,0.43,1.2,5.9,3.7,37.7,1.1,0.6,14.8,27.1,0.3,0.2,0.4,0.071,0.0,-1.6,-1.5,0.0
jeff teague,28.0,IND,PG,4.0,35.5,5.5,11.3,0.489,2.3,4.3,0.529,3.3,7.0,0.464,0.589,3.8,4.5,0.833,0.0,3.3,3.3,6.3,1.0,0.8,2.0,3.0,17.0,2017,Playoffs,18.3,0.642,0.378,0.4,0.0,10.9,5.4,25.6,1.4,2.1,13.1,18.8,0.4,0.0,0.4,0.143,2.5,0.1,2.6,0.2
jeff teague,29.0,MIN,PG,5.0,30.6,4.6,10.2,0.451,1.4,3.6,0.389,3.2,6.6,0.485,0.52,2.4,3.4,0.706,0.6,3.0,3.6,5.8,0.6,0.4,2.8,3.8,13.0,2018,Playoffs,13.2,0.556,0.353,0.333,2.2,10.3,6.4,29.6,1.0,1.4,19.3,21.6,0.1,0.0,0.1,0.028,-0.1,-1.1,-1.2,0.0
jeff teague,32.0,MIL,PG,16.0,7.4,0.6,1.9,0.29,0.3,0.7,0.455,0.3,1.3,0.2,0.371,0.6,0.7,0.818,0.1,0.4,0.5,0.8,0.2,0.0,0.4,0.6,2.0,2021,Playoffs,5.6,0.446,0.355,0.355,1.8,5.5,3.6,13.8,1.2,0.0,14.3,15.1,-0.1,0.2,0.1,0.032,-5.0,-1.3,-6.3,-0.1
jeff withey,26.0,UTA,C,3.0,7.0,0.7,1.3,0.5,0.0,0.0,0.0,0.7,1.3,0.5,0.5,0.3,0.7,0.5,1.0,0.3,1.3,0.3,0.3,0.3,0.0,1.7,1.7,2017,Playoffs,14.1,0.512,0.0,0.5,17.1,5.7,11.4,7.4,2.5,4.2,0.0,11.1,0.0,0.0,0.1,0.178,-1.6,2.6,1.0,0.0
jerami grant,22.0,OKC,PF,5.0,22.2,3.8,6.2,0.613,0.4,1.2,0.333,3.4,5.0,0.68,0.645,1.2,1.4,0.857,1.4,2.4,3.8,0.8,0.2,0.4,0.6,1.4,9.2,2017,Playoffs,16.2,0.675,0.194,0.226,6.4,12.4,9.2,5.7,0.4,1.7,8.1,14.3,0.3,0.0,0.3,0.129,1.2,-0.3,0.9,0.1
jerami grant,23.0,OKC,PF,6.0,22.2,3.0,5.8,0.514,0.3,1.3,0.25,2.7,4.5,0.593,0.543,0.8,1.8,0.455,1.3,2.0,3.3,1.0,0.7,0.5,1.0,2.5,7.2,2018,Playoffs,11.3,0.54,0.229,0.314,6.4,9.4,7.9,7.1,1.5,2.1,13.1,15.1,0.1,0.1,0.2,0.069,-1.4,-0.2,-1.6,0.0
jerami grant,24.0,OKC,PF,5.0,35.2,4.0,8.0,0.5,1.8,4.0,0.45,2.2,4.0,0.55,0.613,1.8,2.6,0.692,1.2,4.2,5.4,0.8,0.6,2.0,0.8,2.6,11.6,2019,Playoffs,13.1,0.634,0.5,0.325,3.6,13.1,8.3,3.4,0.8,4.8,8.0,12.1,0.3,0.1,0.4,0.108,0.6,1.9,2.5,0.2
jerami grant,25.0,DEN,PF,19.0,34.4,3.7,9.2,0.406,1.6,5.0,0.326,2.1,4.2,0.5,0.494,2.5,2.8,0.889,0.4,2.9,3.3,1.3,0.6,0.8,1.3,3.1,11.6,2020,Playoffs,9.0,0.556,0.543,0.309,1.5,10.0,5.7,5.5,0.9,2.2,11.2,15.6,0.3,0.2,0.5,0.033,-1.7,-1.0,-2.8,-0.1
jeremiah martin,23.0,BRK,PG,3.0,9.0,1.3,4.7,0.286,1.0,1.7,0.6,0.3,3.0,0.111,0.393,0.3,0.3,1.0,0.0,1.0,1.0,1.3,0.0,0.3,0.7,0.7,4.0,2020,Playoffs,5.1,0.416,0.357,0.071,0.0,12.1,5.6,24.4,0.0,3.6,12.2,25.1,-0.1,0.0,-0.1,-0.157,-2.4,-4.4,-6.9,0.0
jeremy lamb,21.0,OKC,SG,11.0,9.1,1.5,3.8,0.405,0.2,1.3,0.143,1.4,2.5,0.536,0.429,0.4,0.4,1.0,0.4,1.1,1.5,0.6,0.6,0.1,0.3,0.7,3.6,2014,Playoffs,14.4,0.457,0.333,0.095,4.8,12.9,9.1,12.2,3.6,0.7,6.4,21.3,0.0,0.1,0.1,0.072,-0.1,1.2,1.2,0.1
jeremy lamb,23.0,CHO,SG,3.0,4.0,1.7,3.0,0.556,0.3,0.3,1.0,1.3,2.7,0.5,0.611,0.0,0.0,0.0,0.3,1.0,1.3,0.3,0.0,0.0,0.0,0.0,3.7,2016,Playoffs,39.5,0.611,0.111,0.0,8.9,30.7,19.0,33.7,0.0,0.0,0.0,35.7,0.1,0.0,0.1,0.255,17.0,1.0,18.0,0.1
jeremy lin,25.0,HOU,PG,6.0,29.5,4.2,10.2,0.41,0.8,3.8,0.217,3.3,6.3,0.526,0.451,2.2,2.7,0.813,1.2,2.5,3.7,4.3,0.5,0.2,2.2,2.5,11.3,2014,Playoffs,12.4,0.5,0.377,0.262,4.2,9.6,6.8,22.0,0.9,0.5,16.0,19.5,0.2,0.0,0.1,0.039,0.2,-1.0,-0.8,0.1
jeremy lin,27.0,CHO,SG,7.0,27.0,3.7,9.0,0.413,0.4,2.0,0.214,3.3,7.0,0.469,0.437,4.6,5.6,0.821,0.4,1.9,2.3,2.6,0.7,0.0,1.6,3.0,12.4,2016,Playoffs,14.5,0.543,0.222,0.619,1.7,8.4,4.8,18.1,1.4,0.0,12.1,23.0,0.2,0.1,0.3,0.069,-0.7,0.2,-0.5,0.1
jeremy lin,30.0,TOR,PG,8.0,3.4,0.3,1.1,0.222,0.1,0.3,0.5,0.1,0.9,0.143,0.278,0.5,0.5,1.0,0.0,0.4,0.4,0.5,0.1,0.0,0.6,0.3,1.1,2019,Playoffs,0.9,0.418,0.222,0.444,0.0,12.3,6.1,21.0,1.9,0.0,31.7,26.5,-0.1,0.0,-0.1,-0.174,-8.3,-0.9,-9.2,0.0
jerian grant,24.0,CHI,PG,5.0,10.4,1.2,4.6,0.261,0.2,1.8,0.111,1.0,2.8,0.357,0.283,0.6,0.6,1.0,0.0,0.8,0.8,1.0,0.4,0.0,1.4,0.6,3.2,2017,Playoffs,-2.5,0.329,0.391,0.13,0.0,8.5,4.3,15.0,2.0,0.0,22.3,27.1,-0.3,0.0,-0.3,-0.253,-10.2,-3.7,-13.9,-0.2
jerian grant,26.0,ORL,PG,3.0,4.7,0.7,3.3,0.2,0.0,2.3,0.0,0.7,1.0,0.667,0.2,0.3,0.3,1.0,0.0,1.3,1.3,1.0,0.0,0.0,0.3,0.3,1.7,2019,Playoffs,-3.2,0.239,0.7,0.1,0.0,33.6,15.6,40.6,0.0,0.0,8.7,36.3,-0.1,0.0,-0.1,-0.389,-10.8,-3.9,-14.7,0.0
jericho sims,25.0,NYK,C,5.0,5.4,0.4,0.4,1.0,0.0,0.0,0.0,0.4,0.4,1.0,1.0,0.6,0.8,0.75,0.6,1.0,1.6,0.2,0.4,0.2,0.0,0.2,1.4,2024,Playoffs,23.0,0.931,0.0,2.0,12.5,22.6,17.4,5.0,3.9,3.4,0.0,6.1,0.1,0.0,0.1,0.258,2.5,4.3,6.7,0.1
jermaine oneal,35.0,GSW,PF,7.0,12.0,2.6,4.6,0.563,0.0,0.0,0.0,2.6,4.6,0.563,0.563,0.9,1.1,0.75,1.7,1.7,3.4,0.1,0.1,0.4,0.6,1.7,6.0,2014,Playoffs,18.4,0.591,0.0,0.25,16.1,16.7,16.4,2.0,0.6,3.1,10.1,20.0,0.2,0.0,0.2,0.118,1.1,-0.7,0.4,0.1
jerome robinson,21.0,LAC,SG,5.0,9.2,1.0,2.8,0.357,0.6,1.2,0.5,0.4,1.6,0.25,0.464,1.0,1.0,1.0,0.4,0.8,1.2,1.4,0.4,0.0,0.2,0.8,3.6,2019,Playoffs,15.7,0.556,0.429,0.357,4.6,10.3,7.3,21.1,2.0,0.0,5.8,15.6,0.1,0.0,0.1,0.097,2.6,1.6,4.2,0.1
jerryd bayless,26.0,MIL,PG,6.0,20.0,2.0,5.8,0.343,0.3,1.2,0.286,1.7,4.7,0.357,0.371,2.2,2.8,0.765,0.7,1.8,2.5,3.0,0.3,0.3,0.7,2.0,6.5,2015,Playoffs,12.2,0.459,0.2,0.486,3.3,10.6,6.6,25.5,0.9,1.5,8.6,17.4,0.1,0.1,0.2,0.06,-1.4,0.2,-1.2,0.0
jett howard,20.0,ORL,SF,2.0,5.0,1.0,1.5,0.667,0.5,0.5,1.0,0.5,1.0,0.5,0.833,0.0,0.0,0.0,0.0,0.5,0.5,0.5,0.0,0.0,1.0,0.5,2.5,2024,Playoffs,9.0,0.833,0.333,0.0,0.0,11.7,5.6,18.7,0.0,0.0,40.0,21.9,0.0,0.0,0.0,0.012,-2.5,1.3,-1.2,0.0
jevon carter,25.0,PHO,PG,7.0,3.1,0.4,1.1,0.375,0.0,0.3,0.0,0.4,0.9,0.5,0.375,0.0,0.3,0.0,0.0,0.3,0.3,0.6,0.0,0.0,0.0,0.0,0.9,2021,Playoffs,6.5,0.338,0.25,0.25,0.0,9.6,5.1,25.4,0.0,0.0,0.0,18.4,0.0,0.0,0.0,-0.041,-3.4,-0.9,-4.2,0.0
jevon carter,26.0,MIL,PG,11.0,11.5,0.8,1.7,0.474,0.3,0.6,0.429,0.5,1.1,0.5,0.553,0.2,0.2,1.0,0.3,1.2,1.5,0.9,0.7,0.0,0.5,1.1,2.1,2022,Playoffs,8.6,0.578,0.368,0.105,2.5,10.2,6.5,10.9,3.1,0.0,23.2,8.9,0.0,0.3,0.3,0.109,-4.2,3.0,-1.2,0.0
jevon carter,27.0,MIL,PG,4.0,12.3,0.5,2.3,0.222,0.3,1.8,0.143,0.3,0.5,0.5,0.278,0.0,0.0,0.0,0.0,1.0,1.0,1.0,0.3,0.0,0.0,0.3,1.3,2023,Playoffs,2.6,0.278,0.778,0.0,0.0,9.6,4.6,9.5,1.0,0.0,0.0,7.7,0.0,0.0,0.0,-0.04,-6.0,-1.8,-7.7,-0.1
jimmy butler,24.0,CHI,SG,5.0,43.6,4.4,11.4,0.386,1.2,4.0,0.3,3.2,7.4,0.432,0.439,3.6,4.6,0.783,1.2,4.0,5.2,2.2,1.2,0.0,0.6,2.6,13.6,2014,Playoffs,11.4,0.507,0.351,0.404,3.1,11.0,6.9,8.8,1.5,0.0,4.3,15.5,0.2,0.2,0.4,0.096,-0.9,1.2,0.3,0.1
jimmy butler,25.0,CHI,SG,12.0,42.2,7.8,17.8,0.441,2.3,6.0,0.389,5.5,11.8,0.468,0.507,4.9,6.0,0.819,1.5,4.1,5.6,3.2,2.4,0.8,1.8,2.3,22.9,2015,Playoffs,20.8,0.562,0.338,0.338,4.0,10.4,7.3,14.1,3.0,1.4,7.9,23.9,1.3,0.8,2.1,0.203,4.0,1.9,5.8,1.0
jimmy butler,27.0,CHI,SF,6.0,39.8,7.7,18.0,0.426,1.0,3.8,0.261,6.7,14.2,0.471,0.454,6.3,7.8,0.809,1.5,5.8,7.3,4.3,1.7,0.8,2.5,1.7,22.7,2017,Playoffs,19.4,0.528,0.213,0.435,4.3,16.2,10.3,19.3,2.2,2.2,10.4,27.1,0.3,0.3,0.6,0.116,2.7,0.6,3.3,0.3
jimmy butler,28.0,MIN,SG,5.0,34.0,5.6,12.6,0.444,1.6,3.4,0.471,4.0,9.2,0.435,0.508,3.0,3.6,0.833,0.6,5.4,6.0,4.0,0.8,0.2,1.0,1.8,15.8,2018,Playoffs,16.9,0.557,0.27,0.286,2.0,16.7,9.6,18.8,1.2,0.6,6.6,20.4,0.3,0.0,0.3,0.098,2.3,0.3,2.6,0.2
jimmy butler,29.0,PHI,SF,12.0,35.1,6.6,14.6,0.451,1.0,3.8,0.267,5.6,10.8,0.515,0.486,5.3,6.0,0.875,1.8,4.2,6.0,5.2,1.5,0.6,1.8,1.7,19.4,2019,Playoffs,21.3,0.564,0.257,0.411,6.0,12.2,9.3,23.2,2.1,1.5,9.6,23.1,1.1,0.6,1.7,0.192,4.4,1.8,6.2,0.9
jimmy butler,30.0,MIA,SF,21.0,38.4,6.9,14.0,0.488,0.7,2.0,0.349,6.1,12.0,0.512,0.514,7.8,9.1,0.859,2.2,4.3,6.5,6.0,2.0,0.7,2.8,1.8,22.2,2020,Playoffs,23.8,0.616,0.146,0.647,6.8,12.5,9.7,26.3,2.5,1.7,13.5,24.7,2.5,1.0,3.5,0.209,4.4,1.5,5.9,1.6
jimmy butler,31.0,MIA,SF,4.0,38.5,4.8,16.0,0.297,1.0,3.8,0.267,3.8,12.3,0.306,0.328,4.0,5.5,0.727,1.5,6.0,7.5,7.0,1.3,0.3,2.3,1.5,14.5,2021,Playoffs,9.7,0.394,0.234,0.344,3.6,15.8,9.5,30.7,1.6,0.6,10.9,23.6,-0.3,0.1,-0.2,-0.064,-0.9,-0.5,-1.4,0.0
jimmy butler,32.0,MIA,SF,17.0,37.0,9.8,19.3,0.506,1.4,4.0,0.338,8.4,15.3,0.55,0.541,6.5,7.8,0.841,2.4,4.9,7.4,4.6,2.1,0.6,1.5,1.5,27.4,2022,Playoffs,29.9,0.604,0.207,0.402,7.4,16.3,11.7,23.5,2.8,1.9,6.1,29.1,2.7,1.1,3.8,0.291,8.3,3.5,11.8,2.2
jimmy butler,33.0,MIA,PF,22.0,39.7,9.4,20.1,0.468,1.3,3.5,0.359,8.1,16.5,0.492,0.5,6.8,8.5,0.806,2.1,4.3,6.5,5.9,1.8,0.6,1.9,1.7,26.9,2023,Playoffs,24.0,0.565,0.176,0.421,6.0,12.6,9.3,25.1,2.3,1.6,7.3,29.1,2.4,1.1,3.5,0.19,5.0,1.5,6.6,1.9
jj barea,30.0,DAL,PG,5.0,30.8,5.0,11.4,0.439,0.8,3.2,0.25,4.2,8.2,0.512,0.474,1.0,1.2,0.833,1.0,3.8,4.8,7.4,0.8,0.0,2.8,3.4,11.8,2015,Playoffs,13.7,0.495,0.281,0.105,3.2,13.2,8.0,34.1,1.2,0.0,19.0,19.6,0.1,0.0,0.1,0.04,0.4,-0.7,-0.2,0.1
jj barea,31.0,DAL,PG,4.0,25.0,2.8,8.5,0.324,0.3,2.0,0.125,2.5,6.5,0.385,0.338,0.5,0.5,1.0,0.0,1.5,1.5,5.0,0.0,0.0,2.8,2.0,6.3,2016,Playoffs,2.0,0.358,0.235,0.059,0.0,7.3,3.5,31.9,0.0,0.0,24.0,21.2,-0.3,-0.2,-0.5,-0.241,-5.6,-6.3,-11.8,-0.3
jj redick,29.0,LAC,SG,13.0,27.0,4.7,10.2,0.459,2.0,5.0,0.4,2.7,5.2,0.515,0.556,1.9,2.0,0.962,0.3,1.4,1.7,1.5,0.8,0.0,1.0,1.8,13.3,2014,Playoffs,14.4,0.599,0.489,0.195,1.3,6.1,3.6,8.4,1.6,0.0,8.3,19.5,0.6,0.1,0.7,0.095,2.6,-0.8,1.8,0.3
jj redick,30.0,LAC,SG,14.0,38.6,5.0,11.5,0.435,2.5,6.3,0.398,2.5,5.2,0.479,0.543,2.4,2.5,0.943,0.0,2.1,2.1,1.7,0.7,0.4,1.9,2.6,14.9,2015,Playoffs,10.2,0.59,0.547,0.217,0.0,5.8,2.9,6.5,0.9,0.8,12.8,16.3,0.5,0.1,0.5,0.047,0.4,-1.9,-1.4,0.1
jj redick,31.0,LAC,SG,6.0,27.7,5.7,13.2,0.43,1.8,5.2,0.355,3.8,8.0,0.479,0.5,0.3,0.5,0.667,0.2,1.8,2.0,0.8,0.2,0.2,0.8,1.8,13.5,2016,Playoffs,11.1,0.504,0.392,0.038,0.6,6.5,3.6,5.3,0.3,0.5,5.9,22.9,0.0,0.1,0.1,0.026,-0.2,-2.3,-2.5,0.0
jj redick,32.0,LAC,SG,7.0,29.4,2.7,7.1,0.38,1.3,3.7,0.346,1.4,3.4,0.417,0.47,2.4,2.9,0.85,0.0,1.7,1.7,0.9,0.3,0.0,1.9,2.4,9.1,2017,Playoffs,4.8,0.544,0.52,0.4,0.0,7.6,3.7,4.4,0.5,0.0,18.1,16.8,-0.2,0.1,0.0,-0.01,-3.3,-2.1,-5.4,-0.2
jj redick,33.0,PHI,SG,10.0,34.2,6.0,13.5,0.444,2.6,7.5,0.347,3.4,6.0,0.567,0.541,3.6,4.2,0.857,0.3,1.2,1.5,2.6,0.8,0.1,1.1,2.1,18.2,2018,Playoffs,14.9,0.593,0.556,0.311,0.9,3.8,2.3,12.2,1.2,0.3,6.7,20.2,0.8,0.2,1.1,0.148,2.7,-1.1,1.6,0.3
jj redick,34.0,PHI,SG,12.0,31.3,4.5,10.3,0.435,3.0,7.3,0.414,1.5,3.1,0.486,0.581,1.4,1.7,0.85,0.2,1.3,1.5,1.6,0.1,0.3,1.8,2.7,13.4,2019,Playoffs,8.9,0.606,0.702,0.161,0.6,4.4,2.6,7.5,0.1,0.7,14.2,17.5,0.3,0.2,0.4,0.056,-0.1,-2.0,-2.1,0.0
joakim noah,28.0,CHI,C,5.0,42.0,4.2,8.2,0.512,0.0,0.0,0.0,4.2,8.2,0.512,0.512,2.0,3.4,0.588,3.0,9.8,12.8,4.6,1.0,1.4,3.8,3.8,10.4,2014,Playoffs,13.1,0.536,0.0,0.415,8.0,27.9,17.6,19.0,1.3,2.6,28.2,15.5,-0.1,0.4,0.3,0.06,-1.6,2.7,1.1,0.2
joakim noah,29.0,CHI,C,12.0,32.9,2.6,6.3,0.408,0.0,0.0,0.0,2.6,6.3,0.408,0.408,0.6,1.7,0.35,3.8,7.3,11.0,3.2,0.8,1.2,1.7,3.1,5.8,2015,Playoffs,12.0,0.407,0.0,0.263,12.8,23.7,18.3,15.0,1.3,2.8,19.1,12.1,0.0,0.8,0.8,0.095,-1.8,0.7,-1.1,0.1
joakim noah,34.0,LAC,C,2.0,1.0,0.0,0.0,0.0,0.0,0.0,0.0,0.0,0.0,0.0,0.0,0.0,0.0,0.0,0.0,0.0,0.0,0.0,0.0,0.0,0.0,0.0,0.0,2020,Playoffs,0.0,0.0,,,0.0,0.0,0.0,0.0,0.0,0.0,0.0,0.0,0.0,0.0,0.0,0.004,-3.2,-2.6,-5.8,0.0
jock landale,27.0,PHO,C,7.0,16.1,2.4,3.9,0.63,0.0,0.1,0.0,2.4,3.7,0.654,0.63,1.3,2.0,0.643,1.4,2.6,4.0,0.4,0.4,0.4,0.3,2.1,6.1,2023,Playoffs,16.2,0.648,0.037,0.519,10.6,18.2,14.5,3.6,1.3,2.2,5.7,13.7,0.3,0.1,0.3,0.144,-0.1,0.1,0.1,0.1
jodie meeks,31.0,TOR,SG,14.0,4.7,0.6,2.1,0.31,0.1,0.9,0.154,0.5,1.1,0.438,0.345,0.1,0.2,0.667,0.0,0.6,0.6,0.1,0.3,0.1,0.2,0.5,1.6,2019,Playoffs,3.1,0.363,0.448,0.103,0.0,15.1,7.5,2.4,3.0,1.5,9.0,23.0,-0.3,0.1,-0.1,-0.104,-7.5,0.0,-7.6,-0.1
joe harris,23.0,CLE,SG,6.0,2.7,0.3,1.0,0.333,0.2,0.5,0.333,0.2,0.5,0.333,0.417,0.5,0.7,0.75,0.0,0.2,0.2,0.2,0.0,0.0,0.2,0.2,1.3,2015,Playoffs,10.9,0.515,0.5,0.667,0.0,6.8,3.4,10.7,0.0,0.0,11.4,24.8,0.0,0.0,0.0,0.064,-2.8,-2.0,-4.8,0.0
joe harris,27.0,BRK,SG,5.0,29.8,3.2,8.6,0.372,0.8,4.2,0.19,2.4,4.4,0.545,0.419,1.6,1.6,1.0,1.2,3.0,4.2,0.6,0.6,0.0,1.8,2.4,8.8,2019,Playoffs,5.1,0.473,0.488,0.186,3.8,11.2,7.2,2.9,0.9,0.0,16.2,15.2,-0.2,0.0,-0.2,-0.061,-4.8,-2.5,-7.3,-0.2
joe harris,28.0,BRK,SF,2.0,36.0,6.0,11.5,0.522,3.5,6.0,0.583,2.5,5.5,0.455,0.674,1.0,2.0,0.5,1.0,9.0,10.0,1.0,0.5,0.0,1.5,4.5,16.5,2020,Playoffs,12.7,0.666,0.522,0.174,2.6,27.1,14.0,4.7,0.6,0.0,10.8,15.9,0.1,0.0,0.0,0.03,0.4,0.0,0.4,0.0
joe harris,29.0,BRK,SF,12.0,36.2,4.1,10.3,0.398,2.8,6.8,0.402,1.3,3.4,0.39,0.533,0.3,0.3,0.75,0.4,3.2,3.6,1.6,0.3,0.2,0.8,2.8,11.2,2021,Playoffs,7.1,0.537,0.667,0.033,1.3,9.3,5.5,6.0,0.5,0.4,6.7,14.0,0.0,0.4,0.5,0.053,-1.5,-1.7,-3.2,-0.1
joe harris,31.0,BRK,SF,4.0,11.0,0.5,3.3,0.154,0.3,3.0,0.083,0.3,0.3,1.0,0.192,0.5,0.5,1.0,0.0,1.3,1.3,0.0,0.5,0.0,0.8,1.3,1.8,2023,Playoffs,-5.4,0.252,0.923,0.154,0.0,12.8,6.5,0.0,2.4,0.0,17.8,18.9,-0.3,0.0,-0.2,-0.262,-13.1,-2.5,-15.6,-0.2
joe ingles,29.0,UTA,SF,11.0,30.4,2.3,5.6,0.403,1.4,3.7,0.366,0.9,1.9,0.476,0.524,0.5,0.8,0.667,0.2,3.5,3.7,3.3,2.0,0.5,1.5,2.5,6.5,2017,Playoffs,10.2,0.538,0.661,0.145,0.7,14.1,7.4,16.1,3.4,1.3,19.5,11.7,0.0,0.5,0.4,0.064,-1.6,3.3,1.7,0.3
joe ingles,30.0,UTA,SF,11.0,34.7,5.2,11.0,0.471,3.2,7.0,0.455,2.0,4.0,0.5,0.616,1.0,1.5,0.647,0.5,3.9,4.4,3.4,0.5,0.2,2.4,2.6,14.5,2018,Playoffs,12.3,0.623,0.636,0.14,1.4,12.3,6.8,15.2,0.8,0.5,16.8,17.8,0.4,0.3,0.7,0.085,0.7,0.3,0.9,0.3
joe ingles,31.0,UTA,PF,5.0,30.2,2.4,7.4,0.324,1.6,5.8,0.276,0.8,1.6,0.5,0.432,0.0,0.0,0.0,0.6,4.2,4.8,5.0,2.2,0.0,1.6,2.8,6.4,2019,Playoffs,9.6,0.432,0.784,0.0,2.0,15.2,8.3,25.8,3.6,0.0,17.8,12.7,-0.1,0.2,0.1,0.039,-2.9,3.4,0.5,0.1
joe ingles,32.0,UTA,PF,7.0,33.4,3.1,7.7,0.407,2.0,5.7,0.35,1.1,2.0,0.571,0.537,0.9,0.9,1.0,0.1,3.3,3.4,4.7,0.6,0.1,0.6,2.1,9.1,2020,Playoffs,12.0,0.565,0.741,0.111,0.5,11.3,6.0,19.5,0.9,0.4,6.6,12.1,0.5,0.0,0.5,0.093,-0.1,-0.2,-0.3,0.1
joe ingles,33.0,UTA,SF,11.0,27.8,3.5,7.2,0.494,2.2,5.3,0.414,1.4,1.9,0.714,0.646,0.9,1.2,0.769,0.1,3.0,3.1,3.5,0.6,0.0,0.8,1.7,10.2,2021,Playoffs,13.8,0.661,0.734,0.165,0.4,12.0,6.5,17.7,1.1,0.0,9.6,13.6,0.8,0.0,0.7,0.115,2.1,0.2,2.2,0.3
joe ingles,35.0,MIL,SF,5.0,17.8,2.4,4.6,0.522,2.0,4.0,0.5,0.4,0.6,0.667,0.739,0.0,0.0,0.0,0.2,1.0,1.2,2.0,0.6,0.2,1.2,1.4,6.8,2023,Playoffs,12.2,0.739,0.87,0.0,1.2,6.6,3.8,14.7,1.6,1.0,20.7,13.7,0.1,0.0,0.1,0.078,0.2,0.0,0.2,0.1
joe ingles,36.0,ORL,SF,7.0,9.7,0.6,1.7,0.333,0.3,1.0,0.286,0.3,0.7,0.4,0.417,0.1,0.3,0.5,0.3,1.6,1.9,1.7,0.4,0.0,0.0,0.4,1.6,2024,Playoffs,12.1,0.427,0.583,0.167,3.1,18.9,10.7,26.1,2.2,0.0,0.0,8.3,0.1,0.2,0.3,0.181,-1.3,4.0,2.6,0.1
joe johnson,32.0,BRK,SG,12.0,39.1,8.2,15.3,0.533,1.8,4.4,0.415,6.3,10.9,0.58,0.592,3.0,3.6,0.837,0.8,3.1,3.8,2.9,0.5,0.3,1.6,1.7,21.2,2014,Playoffs,20.3,0.626,0.288,0.234,2.3,10.5,6.2,14.5,0.7,0.6,8.6,23.1,1.4,0.1,1.5,0.153,4.4,-0.5,3.8,0.7
joe johnson,33.0,BRK,SG,6.0,41.5,5.7,15.7,0.362,2.0,6.8,0.293,3.7,8.8,0.415,0.426,3.2,4.0,0.792,0.8,6.8,7.7,4.8,1.2,0.0,0.8,2.7,16.5,2015,Playoffs,14.2,0.473,0.436,0.255,2.2,17.9,10.0,19.3,1.4,0.0,4.6,20.1,0.3,0.2,0.5,0.089,0.8,0.3,1.1,0.2
joe johnson,34.0,MIA,SF,14.0,35.1,4.9,11.3,0.43,0.9,3.3,0.283,3.9,8.0,0.491,0.472,1.5,1.7,0.875,0.5,4.2,4.7,2.5,0.6,0.2,1.3,1.9,12.1,2016,Playoffs,11.6,0.504,0.291,0.152,1.8,13.5,7.9,11.6,0.9,0.5,9.6,18.1,0.3,0.6,0.9,0.09,-1.1,-0.2,-1.3,0.1
joe johnson,35.0,UTA,SF,11.0,29.6,5.3,12.1,0.436,1.4,4.1,0.333,3.9,8.0,0.489,0.492,1.0,1.4,0.733,0.7,3.2,3.9,2.5,0.5,0.1,1.2,1.9,12.9,2017,Playoffs,12.1,0.509,0.338,0.113,2.9,12.9,7.9,14.7,1.0,0.3,8.5,22.3,-0.1,0.2,0.2,0.025,0.0,-0.7,-0.6,0.1
joe johnson,36.0,HOU,SF,8.0,6.8,0.8,2.1,0.353,0.0,0.4,0.0,0.8,1.8,0.429,0.353,0.0,0.0,0.0,0.0,1.3,1.3,0.4,0.0,0.1,0.4,0.5,1.5,2018,Playoffs,1.5,0.353,0.176,0.0,0.0,20.8,10.3,8.4,0.0,1.6,15.0,16.6,-0.2,0.0,-0.1,-0.109,-7.7,-0.6,-8.2,-0.1
joe young,23.0,IND,PG,4.0,2.5,0.8,2.0,0.375,0.3,1.0,0.25,0.5,1.0,0.5,0.438,0.5,0.5,1.0,0.0,0.3,0.3,0.3,0.0,0.0,0.5,0.8,2.3,2016,Playoffs,9.7,0.507,0.5,0.25,0.0,10.7,5.7,25.8,0.0,0.0,18.4,52.3,0.0,0.0,0.0,-0.126,-6.1,-4.3,-10.4,0.0
joel anthony,34.0,SAS,C,3.0,5.0,1.0,1.3,0.75,0.0,0.0,0.0,1.0,1.3,0.75,0.75,0.0,0.3,0.0,0.7,0.7,1.3,0.0,0.0,0.7,0.3,0.7,2.0,2017,Playoffs,19.6,0.676,0.0,0.25,14.8,16.1,15.4,0.0,0.0,13.2,18.4,16.1,0.0,0.0,0.0,0.119,-1.9,1.0,-0.8,0.0
joel bolomboy,23.0,UTA,PF,2.0,4.5,1.0,1.5,0.667,0.0,0.0,0.0,1.0,1.5,0.667,0.667,0.0,0.0,0.0,0.0,1.0,1.0,0.0,0.0,0.5,0.0,0.0,2.0,2017,Playoffs,21.8,0.667,0.0,0.0,0.0,26.8,13.3,0.0,0.0,9.9,0.0,15.9,0.0,0.0,0.0,0.164,3.9,2.8,6.6,0.0
joel embiid,23.0,PHI,C,8.0,34.8,7.5,17.3,0.435,1.0,3.6,0.276,6.5,13.6,0.477,0.464,5.4,7.6,0.705,2.9,9.8,12.6,3.0,0.9,1.8,3.6,3.9,21.4,2018,Playoffs,18.1,0.519,0.21,0.442,8.7,30.4,19.4,14.8,1.2,4.6,15.0,29.3,0.0,0.5,0.6,0.096,1.4,0.4,1.8,0.3
joel embiid,24.0,PHI,C,11.0,30.4,6.2,14.5,0.428,1.1,3.5,0.308,5.1,10.9,0.467,0.465,6.7,8.2,0.822,1.9,8.5,10.5,3.4,0.7,2.3,3.6,3.1,20.2,2019,Playoffs,21.8,0.559,0.245,0.566,7.2,29.0,18.7,17.9,1.2,6.7,16.8,30.4,0.3,0.7,1.0,0.143,2.5,2.6,5.1,0.6
joel embiid,25.0,PHI,C,4.0,36.3,8.5,18.5,0.459,1.0,4.0,0.25,7.5,14.5,0.517,0.486,12.0,14.8,0.814,2.8,9.5,12.3,1.3,1.5,1.3,3.8,4.5,30.0,2020,Playoffs,26.6,0.6,0.216,0.797,8.0,28.9,18.2,7.5,2.1,3.2,13.0,34.6,0.3,0.2,0.5,0.165,5.1,1.0,6.2,0.3
joel embiid,26.0,PHI,C,11.0,32.5,9.2,17.9,0.513,1.5,3.7,0.39,7.7,14.2,0.545,0.553,8.3,9.9,0.835,1.5,9.1,10.5,3.4,1.0,1.5,3.8,3.0,28.1,2021,Playoffs,26.2,0.631,0.208,0.553,5.1,29.7,17.8,17.2,1.5,3.6,14.6,34.6,0.7,0.8,1.5,0.197,4.7,2.8,7.5,0.9
joel embiid,27.0,PHI,C,10.0,38.5,7.8,16.1,0.484,0.7,3.3,0.212,7.1,12.8,0.555,0.506,7.3,8.9,0.82,2.1,8.6,10.7,2.1,0.4,0.8,3.2,3.4,23.6,2022,Playoffs,19.1,0.59,0.205,0.553,7.0,26.2,17.0,9.9,0.5,1.9,13.8,28.4,0.5,0.4,0.9,0.117,1.1,-1.0,0.1,0.2
joel embiid,28.0,PHI,C,9.0,37.3,7.3,17.0,0.431,0.6,3.1,0.179,6.8,13.9,0.488,0.448,8.4,9.3,0.905,1.8,8.0,9.8,2.7,0.7,2.8,3.9,3.0,23.7,2023,Playoffs,20.3,0.561,0.183,0.549,5.4,25.6,15.3,12.7,0.9,8.1,15.6,31.0,0.1,0.5,0.6,0.09,0.9,1.0,1.9,0.3
joel embiid,29.0,PHI,C,6.0,41.3,9.8,22.2,0.444,2.2,6.5,0.333,7.7,15.7,0.489,0.492,11.2,13.0,0.859,3.2,7.7,10.8,5.7,1.2,1.5,4.2,3.3,33.0,2024,Playoffs,26.3,0.592,0.293,0.586,9.0,20.1,14.8,26.4,1.5,3.1,13.0,35.7,0.7,0.3,1.0,0.193,6.8,1.6,8.4,0.7
joel freeland,26.0,POR,C,9.0,2.7,0.0,0.3,0.0,0.0,0.0,0.0,0.0,0.3,0.0,0.0,0.1,0.2,0.5,0.4,0.4,0.9,0.1,0.1,0.1,0.4,0.8,0.1,2014,Playoffs,-3.5,0.129,0.0,0.667,18.3,17.9,18.1,5.4,2.1,3.0,50.8,14.4,-0.1,0.0,-0.1,-0.214,-11.7,-0.6,-12.3,-0.1
joel freeland,27.0,POR,C,2.0,3.5,0.0,0.0,0.0,0.0,0.0,0.0,0.0,0.0,0.0,0.0,0.0,0.0,0.0,0.0,0.5,0.5,0.0,0.5,0.0,0.0,0.0,0.0,2015,Playoffs,9.7,0.0,,,0.0,15.7,7.7,0.0,7.5,0.0,0.0,0.0,0.0,0.0,0.0,0.1,-1.5,4.0,2.5,0.0
joey dorsey,31.0,HOU,PF,6.0,2.2,0.0,0.3,0.0,0.0,0.0,0.0,0.0,0.3,0.0,0.0,0.2,0.3,0.5,0.2,0.5,0.7,0.3,0.0,0.0,0.2,0.3,0.2,2015,Playoffs,0.6,0.174,0.0,1.0,8.1,23.7,16.0,19.8,0.0,0.0,25.8,12.5,0.0,0.0,0.0,-0.117,-6.2,0.2,-5.9,0.0
joffrey lauvergne,25.0,CHI,C,3.0,8.7,1.3,3.7,0.364,0.0,0.7,0.0,1.3,3.0,0.444,0.364,2.0,2.0,1.0,1.7,1.3,3.0,1.7,0.0,0.0,0.7,0.3,4.7,2017,Playoffs,24.1,0.513,0.182,0.545,21.9,17.0,19.4,31.9,0.0,0.0,12.8,27.1,0.1,0.0,0.1,0.161,6.2,-0.1,6.1,0.1
john collins,23.0,ATL,PF,18.0,32.0,5.6,10.1,0.549,1.1,3.1,0.357,4.4,7.0,0.635,0.604,1.7,2.0,0.833,2.0,6.7,8.7,0.9,0.4,0.6,1.3,3.3,13.9,2021,Playoffs,15.3,0.632,0.308,0.198,6.9,22.7,14.9,4.4,0.7,1.6,10.4,17.0,0.9,0.8,1.7,0.14,1.1,-0.2,0.9,0.4
john collins,24.0,ATL,PF,5.0,24.4,3.8,7.8,0.487,0.8,2.2,0.364,3.0,5.6,0.536,0.538,1.0,2.0,0.5,0.4,4.2,4.6,1.2,0.4,0.2,1.0,2.4,9.4,2022,Playoffs,10.7,0.541,0.282,0.256,1.9,21.2,11.4,8.8,0.8,0.8,10.3,18.3,0.0,0.1,0.1,0.034,-0.8,0.0,-0.9,0.0
john collins,25.0,ATL,PF,6.0,27.3,4.3,10.0,0.433,1.8,5.3,0.344,2.5,4.7,0.536,0.525,0.8,1.0,0.833,1.2,3.2,4.3,0.8,0.3,1.0,1.5,2.2,11.3,2023,Playoffs,10.1,0.543,0.533,0.1,4.2,13.8,8.6,4.0,0.6,3.4,12.6,18.0,0.0,0.0,0.0,-0.007,-2.3,-1.1,-3.5,-0.1
john henson,24.0,MIL,C,6.0,25.5,4.0,6.8,0.585,0.0,0.2,0.0,4.0,6.7,0.6,0.585,0.8,2.3,0.357,3.5,4.5,8.0,0.7,0.8,1.7,1.8,2.3,8.8,2015,Playoffs,17.4,0.562,0.024,0.341,13.4,20.5,16.6,4.9,1.7,5.8,18.9,17.1,0.1,0.2,0.3,0.087,-1.1,0.7,-0.3,0.1
john henson,26.0,MIL,C,2.0,6.0,0.5,2.0,0.25,0.0,0.0,0.0,0.5,2.0,0.25,0.25,0.5,0.5,1.0,1.0,1.0,2.0,0.0,0.5,0.0,0.5,0.5,1.5,2017,Playoffs,8.1,0.338,0.0,0.25,18.7,21.6,20.0,0.0,4.4,0.0,18.4,21.6,0.0,0.0,0.0,-0.044,-6.2,-5.1,-11.3,0.0
john henson,27.0,MIL,C,2.0,37.0,4.5,6.5,0.692,0.0,0.0,0.0,4.5,6.5,0.692,0.692,0.5,1.0,0.5,2.0,4.0,6.0,2.5,0.0,3.5,2.0,2.0,9.5,2018,Playoffs,15.0,0.684,0.0,0.154,6.9,12.0,9.7,9.9,0.0,8.4,22.4,11.8,0.1,0.1,0.2,0.11,1.3,1.0,2.3,0.1
john jenkins,23.0,ATL,SG,4.0,5.3,1.0,1.5,0.667,0.5,1.0,0.5,0.5,0.5,1.0,0.833,0.0,0.0,0.0,0.3,0.5,0.8,0.0,0.0,0.0,0.0,0.5,2.5,2015,Playoffs,19.0,0.833,0.667,0.0,5.1,10.2,7.6,0.0,0.0,0.0,0.0,13.0,0.1,0.0,0.1,0.202,4.3,-1.0,3.3,0.0
john konchar,25.0,MEM,SG,8.0,7.0,0.4,1.4,0.273,0.1,0.8,0.167,0.3,0.6,0.4,0.318,0.3,0.3,1.0,0.4,2.0,2.4,0.6,0.4,0.1,0.1,0.9,1.1,2022,Playoffs,9.5,0.379,0.545,0.182,5.3,31.9,17.9,11.5,2.5,1.7,7.8,9.4,0.0,0.1,0.1,0.1,-4.1,2.8,-1.3,0.0
john konchar,26.0,MEM,SF,5.0,9.8,0.4,1.8,0.222,0.0,0.8,0.0,0.4,1.0,0.4,0.222,0.0,0.0,0.0,0.8,1.2,2.0,0.8,0.4,0.4,0.2,1.2,0.8,2023,Playoffs,5.3,0.222,0.444,0.0,7.7,13.4,10.4,11.0,2.0,3.6,10.0,8.5,-0.1,0.1,0.0,0.012,-5.4,3.4,-2.0,0.0
john salmons,34.0,TOR,SG,6.0,12.8,0.8,2.8,0.294,0.3,2.0,0.167,0.5,0.8,0.6,0.353,0.2,0.2,1.0,0.0,1.0,1.0,0.8,0.3,0.0,0.2,1.5,2.2,2014,Playoffs,3.3,0.373,0.706,0.059,0.0,9.1,4.7,10.5,1.4,0.0,5.4,11.2,-0.1,0.0,0.0,-0.003,-4.7,0.1,-4.6,0.0
john wall,23.0,WAS,PG,11.0,38.2,5.5,14.9,0.366,0.6,2.9,0.219,4.8,12.0,0.402,0.387,4.7,6.2,0.765,0.5,3.5,4.0,7.1,1.6,0.7,3.3,2.6,16.3,2014,Playoffs,14.1,0.462,0.195,0.415,1.4,10.8,6.1,32.7,2.3,1.5,15.7,25.9,-0.2,0.8,0.6,0.067,0.9,0.0,1.0,0.3
john wall,24.0,WAS,PG,7.0,39.0,6.1,15.7,0.391,0.4,2.4,0.176,5.7,13.3,0.43,0.405,4.7,5.6,0.846,0.7,4.0,4.7,11.9,1.4,1.4,3.9,1.9,17.4,2015,Playoffs,19.2,0.48,0.155,0.355,2.1,10.8,6.6,49.7,1.9,2.9,17.5,25.0,0.4,0.4,0.8,0.138,2.6,1.8,4.4,0.4
john wall,26.0,WAS,PG,13.0,39.0,9.8,21.6,0.452,1.6,4.7,0.344,8.2,16.9,0.482,0.489,6.0,7.2,0.839,0.5,3.2,3.7,10.3,1.7,1.2,4.2,2.0,27.2,2017,Playoffs,23.0,0.548,0.217,0.331,1.6,9.4,5.5,45.7,2.2,2.7,14.6,32.1,0.9,0.5,1.4,0.136,6.2,-0.4,5.7,1.0
john wall,27.0,WAS,PG,6.0,39.0,9.3,21.2,0.441,0.7,3.5,0.19,8.7,17.7,0.491,0.457,6.7,7.8,0.851,0.5,5.2,5.7,11.5,2.3,1.3,4.5,2.7,26.0,2018,Playoffs,24.2,0.528,0.165,0.37,1.5,15.8,8.7,50.2,3.0,2.9,15.5,32.9,0.4,0.2,0.6,0.125,4.8,1.9,6.7,0.5
jon leuer,24.0,MEM,PF,3.0,7.7,1.0,2.3,0.429,0.3,0.7,0.5,0.7,1.7,0.4,0.5,0.7,0.7,1.0,0.7,2.0,2.7,0.7,0.3,0.0,0.0,0.7,3.0,2014,Playoffs,22.1,0.571,0.286,0.286,9.3,30.7,19.5,14.7,2.3,0.0,0.0,15.7,0.1,0.0,0.1,0.252,6.1,0.8,6.9,0.1
jon leuer,25.0,MEM,PF,4.0,2.3,0.5,1.0,0.5,0.0,0.0,0.0,0.5,1.0,0.5,0.5,0.0,0.0,0.0,0.5,0.8,1.3,0.0,0.0,0.0,0.0,0.3,1.0,2015,Playoffs,22.4,0.5,0.0,0.0,24.0,37.5,30.6,0.0,0.0,0.0,0.0,20.3,0.0,0.0,0.0,0.193,4.2,-1.7,2.5,0.0
jonah bolden,23.0,PHI,PF,10.0,7.9,0.5,1.9,0.263,0.4,1.6,0.25,0.1,0.3,0.333,0.368,0.2,0.4,0.5,0.4,1.0,1.4,0.3,0.2,0.1,0.9,1.2,1.6,2019,Playoffs,-1.0,0.385,0.842,0.211,5.8,13.0,9.6,5.0,1.2,1.1,30.2,16.0,-0.3,0.1,-0.2,-0.106,-7.7,-1.4,-9.0,-0.1
jonas jerebko,27.0,BOS,PF,4.0,17.0,1.3,3.8,0.333,0.0,1.0,0.0,1.3,2.8,0.455,0.333,0.3,0.5,0.5,1.0,2.5,3.5,0.3,0.5,0.3,0.8,2.3,2.8,2015,Playoffs,3.3,0.346,0.267,0.133,6.3,16.5,11.3,2.3,1.5,1.4,15.9,12.4,-0.1,0.0,-0.1,-0.073,-5.7,-0.8,-6.6,-0.1
jonas jerebko,28.0,BOS,PF,6.0,27.0,3.7,7.7,0.478,1.2,3.7,0.318,2.5,4.0,0.625,0.554,0.7,0.8,0.8,1.2,5.7,6.8,1.7,0.3,0.7,0.8,2.5,9.2,2016,Playoffs,13.3,0.571,0.478,0.109,4.2,23.4,13.2,10.9,0.6,2.2,9.4,14.1,0.2,0.3,0.5,0.138,0.3,1.6,2.0,0.2
jonas jerebko,29.0,BOS,PF,12.0,10.7,1.3,2.6,0.484,0.4,1.3,0.333,0.8,1.3,0.625,0.565,0.7,0.7,1.0,0.6,1.8,2.4,1.0,0.4,0.3,0.5,1.1,3.6,2017,Playoffs,15.1,0.623,0.484,0.258,6.2,20.8,13.3,13.8,2.0,2.0,14.8,14.4,0.2,0.1,0.3,0.127,0.0,2.1,2.1,0.1
jonas jerebko,30.0,UTA,PF,10.0,7.9,0.8,1.9,0.421,0.1,0.6,0.167,0.7,1.3,0.538,0.447,0.2,0.2,1.0,0.4,1.2,1.6,0.3,0.3,0.0,0.1,0.9,1.9,2018,Playoffs,9.1,0.478,0.316,0.105,5.4,16.5,10.9,5.5,1.9,0.0,4.8,11.7,0.0,0.1,0.1,0.08,-2.3,1.4,-0.9,0.0
jonas jerebko,31.0,GSW,PF,16.0,7.6,0.8,2.6,0.286,0.3,1.2,0.263,0.4,1.4,0.304,0.345,0.3,0.4,0.833,0.9,1.2,2.1,0.8,0.1,0.1,0.1,0.6,2.1,2019,Playoffs,10.6,0.381,0.452,0.143,14.7,17.6,16.2,13.2,0.4,1.6,4.3,16.8,0.1,0.0,0.1,0.043,-0.7,-2.4,-3.1,0.0
jonas valanaianas,21.0,TOR,C,7.0,28.6,4.4,7.0,0.633,0.0,0.0,0.0,4.4,7.0,0.633,0.633,2.0,3.1,0.636,2.7,7.0,9.7,0.3,0.0,1.0,2.7,3.1,10.9,2014,Playoffs,14.8,0.648,0.0,0.449,12.0,28.7,20.7,1.9,0.0,3.2,24.5,18.2,0.1,0.2,0.3,0.079,-1.0,-0.5,-1.5,0.0
jonas valanaianas,22.0,TOR,C,4.0,26.5,4.8,9.5,0.5,0.0,0.0,0.0,4.8,9.5,0.5,0.5,1.8,2.0,0.875,2.3,7.0,9.3,0.5,0.5,0.3,1.0,1.8,11.3,2015,Playoffs,17.3,0.542,0.0,0.211,9.1,31.9,19.8,3.3,1.0,0.8,8.8,19.3,0.1,0.0,0.2,0.079,2.1,-2.6,-0.5,0.0
jonas valanaianas,23.0,TOR,C,12.0,26.8,5.7,10.0,0.567,0.0,0.0,0.0,5.7,10.0,0.567,0.567,2.4,3.3,0.744,4.0,6.8,10.8,0.9,0.8,1.2,1.5,2.7,13.8,2016,Playoffs,26.8,0.601,0.0,0.325,16.9,32.2,24.1,7.0,1.7,3.9,11.6,22.4,1.0,0.5,1.5,0.226,4.9,0.8,5.7,0.6
jonas valanaianas,24.0,TOR,C,10.0,22.6,4.4,8.1,0.543,0.0,0.1,0.0,4.4,8.0,0.55,0.543,2.4,3.3,0.727,0.9,5.8,6.7,0.2,0.2,0.6,1.3,2.2,11.2,2017,Playoffs,15.6,0.586,0.012,0.407,4.9,30.8,17.9,1.6,0.5,2.4,12.0,22.5,0.1,0.3,0.4,0.081,-1.0,-0.8,-1.8,0.0
jonas valanaianas,25.0,TOR,C,10.0,24.4,5.8,10.7,0.542,0.2,0.5,0.4,5.6,10.2,0.549,0.551,2.8,3.4,0.824,3.0,7.5,10.5,1.2,0.4,1.5,1.9,2.2,14.6,2018,Playoffs,25.2,0.599,0.047,0.318,14.7,38.4,26.3,8.7,0.8,4.8,13.5,26.2,0.6,0.2,0.8,0.155,3.1,0.2,3.3,0.3
jonas valanaianas,28.0,MEM,C,5.0,33.2,6.6,11.6,0.569,0.4,1.6,0.25,6.2,10.0,0.62,0.586,1.4,1.6,0.875,4.0,5.8,9.8,2.6,0.6,0.6,2.0,3.6,15.0,2021,Playoffs,17.7,0.61,0.138,0.138,12.3,21.1,16.3,10.8,0.9,1.9,14.0,18.2,0.3,0.0,0.3,0.081,1.0,-1.2,-0.2,0.1
jonas valanaianas,29.0,NOP,C,6.0,29.2,5.5,11.3,0.485,0.2,1.0,0.167,5.3,10.3,0.516,0.493,3.3,4.3,0.769,5.5,8.8,14.3,3.0,0.7,0.2,2.0,2.8,14.5,2022,Playoffs,23.9,0.548,0.088,0.382,20.9,38.3,29.0,16.5,1.2,0.5,13.1,22.5,0.5,0.1,0.6,0.154,4.6,-0.9,3.7,0.3
jonas valanaianas,31.0,NOP,C,4.0,22.5,5.5,10.5,0.524,0.0,0.3,0.0,5.5,10.3,0.537,0.524,3.5,4.3,0.824,4.5,6.5,11.0,1.3,0.5,0.0,2.5,2.3,14.5,2024,Playoffs,23.6,0.586,0.024,0.405,20.1,34.0,26.5,12.3,1.1,0.0,16.8,29.0,0.1,0.1,0.2,0.107,3.4,-0.2,3.2,0.1
jonathan isaac,21.0,ORL,PF,5.0,27.4,2.2,8.0,0.275,0.8,4.0,0.2,1.4,4.0,0.35,0.325,1.4,1.6,0.875,2.0,4.2,6.2,0.4,0.4,1.0,1.0,1.8,6.6,2019,Playoffs,6.2,0.379,0.5,0.2,7.4,18.0,12.3,2.5,0.7,3.4,10.3,15.7,-0.2,0.1,-0.1,-0.043,-3.6,-0.5,-4.1,-0.1
jonathan isaac,26.0,ORL,PF,7.0,21.0,2.3,5.6,0.41,1.4,3.9,0.37,0.9,1.7,0.5,0.538,0.3,0.3,1.0,1.4,3.4,4.9,0.4,0.7,1.3,0.6,1.0,6.3,2024,Playoffs,13.6,0.552,0.692,0.051,7.3,19.0,12.9,3.3,1.7,5.7,9.1,13.1,0.1,0.4,0.5,0.165,0.4,2.2,2.6,0.2
jonathan kuminga,19.0,GSW,SF,16.0,8.6,1.9,3.8,0.5,0.2,0.8,0.231,1.7,2.9,0.574,0.525,1.3,1.6,0.769,0.3,1.4,1.7,0.5,0.2,0.1,0.7,0.7,5.2,2022,Playoffs,16.1,0.581,0.217,0.433,3.3,18.2,11.0,9.0,1.1,1.5,13.3,26.2,0.1,0.1,0.2,0.08,-1.3,-0.7,-2.0,0.0
jonathan kuminga,20.0,GSW,PF,10.0,6.1,1.3,2.4,0.542,0.3,0.7,0.429,1.0,1.7,0.588,0.604,0.5,0.9,0.556,0.4,0.5,0.9,0.5,0.2,0.0,0.4,0.5,3.4,2023,Playoffs,15.6,0.608,0.292,0.375,6.7,8.6,7.6,12.4,1.6,0.0,12.5,21.6,0.1,0.1,0.1,0.099,0.5,0.2,0.7,0.0
jonathon simmons,26.0,SAS,SG,3.0,8.7,1.3,3.3,0.4,0.7,1.0,0.667,0.7,2.3,0.286,0.5,0.3,0.7,0.5,1.0,0.3,1.3,0.7,0.7,0.0,0.3,1.3,3.7,2016,Playoffs,16.7,0.506,0.3,0.2,14.2,4.2,8.9,11.8,4.0,0.0,8.4,21.3,0.0,0.0,0.1,0.156,0.4,0.6,1.0,0.0
jonathon simmons,27.0,SAS,SG,15.0,20.4,4.1,9.1,0.456,0.9,2.5,0.351,3.3,6.6,0.495,0.504,1.4,2.1,0.677,0.6,1.3,1.9,1.9,0.6,0.1,0.7,2.0,10.5,2017,Playoffs,15.0,0.528,0.272,0.228,3.3,7.5,5.3,15.3,1.5,0.6,6.8,23.2,0.4,0.2,0.6,0.09,0.2,0.4,0.6,0.2
jonathon simmons,29.0,PHI,SF,7.0,7.4,1.4,4.3,0.333,0.3,1.4,0.2,1.1,2.9,0.4,0.367,0.4,0.6,0.75,0.3,1.0,1.3,0.3,0.1,0.0,0.9,0.3,3.6,2019,Playoffs,2.5,0.394,0.333,0.133,4.4,13.9,9.4,6.1,0.9,0.0,15.9,30.9,-0.2,0.0,-0.2,-0.174,-7.1,-5.2,-12.3,-0.1
jordan adams,20.0,MEM,SG,4.0,2.5,0.5,0.8,0.667,0.3,0.3,1.0,0.3,0.5,0.5,0.833,0.5,1.0,0.5,0.0,0.3,0.3,0.0,0.3,0.0,0.0,0.0,1.8,2015,Playoffs,31.4,0.735,0.333,1.333,0.0,11.3,5.5,0.0,5.2,0.0,0.0,21.7,0.1,0.0,0.1,0.327,11.7,7.1,18.8,0.1
jordan bell,23.0,GSW,C,17.0,10.2,1.0,1.9,0.531,0.0,0.1,0.0,1.0,1.8,0.548,0.531,0.4,0.8,0.5,0.9,1.9,2.8,0.9,0.4,0.5,0.4,1.1,2.4,2018,Playoffs,14.6,0.537,0.031,0.438,10.0,19.3,14.9,11.5,1.7,4.6,13.6,11.4,0.2,0.3,0.6,0.165,-0.3,2.5,2.2,0.2
jordan bell,24.0,GSW,C,15.0,7.1,1.1,2.1,0.548,0.0,0.0,0.0,1.1,2.1,0.548,0.548,0.5,0.7,0.7,0.5,0.8,1.3,0.7,0.3,0.5,0.1,0.9,2.7,2019,Playoffs,18.8,0.579,0.0,0.323,7.8,12.7,10.3,15.1,1.9,6.4,5.3,15.3,0.3,0.1,0.4,0.171,0.4,3.0,3.4,0.1
jordan clarkson,25.0,CLE,SG,19.0,15.1,1.9,6.5,0.301,0.6,2.4,0.239,1.4,4.1,0.338,0.346,0.3,0.3,0.833,0.5,1.2,1.7,0.7,0.4,0.2,0.7,1.1,4.7,2018,Playoffs,3.2,0.358,0.374,0.049,3.7,9.8,6.7,7.2,1.5,1.0,9.4,22.4,-0.9,0.2,-0.7,-0.116,-5.3,-3.3,-8.6,-0.5
jordan clarkson,27.0,UTA,SG,7.0,28.6,6.4,13.9,0.464,2.4,7.0,0.347,4.0,6.9,0.583,0.552,1.4,1.4,1.0,0.3,3.1,3.4,2.1,0.9,0.0,1.0,2.1,16.7,2020,Playoffs,18.0,0.577,0.505,0.103,1.2,12.6,7.0,12.6,1.6,0.0,6.5,25.4,0.4,0.0,0.4,0.093,0.9,-0.9,0.0,0.1
jordan clarkson,28.0,UTA,SG,11.0,27.1,6.1,15.0,0.406,3.1,8.8,0.351,3.0,6.2,0.485,0.509,2.3,2.4,0.962,0.5,2.5,3.1,1.5,0.6,0.3,2.1,1.4,17.5,2021,Playoffs,14.1,0.547,0.588,0.158,2.4,10.5,6.6,9.5,1.2,0.9,11.5,29.7,0.0,0.0,0.0,-0.003,0.9,-2.4,-1.5,0.0
jordan clarkson,29.0,UTA,SG,6.0,28.3,6.7,12.2,0.548,1.5,4.0,0.375,5.2,8.2,0.633,0.61,2.7,3.0,0.889,0.8,2.3,3.2,1.3,0.5,0.2,1.7,2.8,17.5,2022,Playoffs,19.8,0.649,0.329,0.247,3.4,9.5,6.5,9.5,0.9,0.7,11.0,25.0,0.4,0.1,0.5,0.133,3.6,0.7,4.3,0.3
jordan crawford,25.0,GSW,SG,6.0,9.5,2.0,5.5,0.364,0.3,1.2,0.286,1.7,4.3,0.385,0.394,1.8,2.3,0.786,0.7,0.8,1.5,0.3,0.2,0.0,0.8,1.2,6.2,2014,Playoffs,11.0,0.472,0.212,0.424,7.9,10.3,9.1,6.0,0.9,0.0,11.3,33.0,0.0,0.0,0.0,-0.037,-2.0,-3.4,-5.4,0.0
jordan crawford,29.0,NOP,SG,2.0,7.5,4.0,6.5,0.615,1.5,4.0,0.375,2.5,2.5,1.0,0.731,0.0,0.0,0.0,0.0,2.0,2.0,0.5,0.5,0.0,1.5,0.5,9.5,2018,Playoffs,34.7,0.731,0.615,0.0,0.0,26.8,13.9,18.5,3.1,0.0,18.8,45.6,0.0,0.0,0.0,0.071,9.6,2.2,11.8,0.1
jordan farmar,29.0,MEM,PG,4.0,28.3,2.5,7.8,0.323,1.0,3.0,0.333,1.5,4.8,0.316,0.387,0.8,0.8,1.0,0.0,1.5,1.5,4.0,0.8,0.3,2.5,1.0,6.8,2016,Playoffs,5.6,0.418,0.387,0.097,0.0,7.2,3.1,24.5,1.4,0.8,23.6,17.2,-0.2,-0.1,-0.3,-0.115,-2.5,-2.1,-4.6,-0.1
jordan hawkins,21.0,NOP,SG,3.0,4.0,0.0,1.3,0.0,0.0,1.0,0.0,0.0,0.3,0.0,0.0,0.0,0.0,0.0,0.0,0.7,0.7,0.0,0.0,0.0,0.0,0.3,0.0,2024,Playoffs,-12.4,0.0,0.75,0.0,0.0,19.6,9.0,0.0,0.0,0.0,0.0,14.6,-0.1,0.0,-0.1,-0.322,-14.8,-5.4,-20.2,-0.1
jordan hill,28.0,IND,C,5.0,3.0,0.0,0.6,0.0,0.0,0.0,0.0,0.0,0.6,0.0,0.0,0.0,0.0,0.0,0.4,0.8,1.2,0.4,0.0,0.0,0.0,0.2,0.0,2016,Playoffs,4.5,0.0,0.0,0.0,16.5,28.5,22.9,19.4,0.0,0.0,0.0,9.6,0.0,0.0,0.0,-0.013,-2.5,-1.6,-4.1,0.0
jordan mclaughlin,25.0,MIN,PG,5.0,16.6,2.4,3.4,0.706,0.8,1.4,0.571,1.6,2.0,0.8,0.824,0.6,0.8,0.75,0.0,2.4,2.4,3.4,1.0,0.0,0.4,1.0,6.2,2022,Playoffs,21.0,0.826,0.412,0.235,0.0,15.3,8.0,33.4,2.8,0.0,9.6,10.7,0.3,0.1,0.4,0.252,3.4,4.4,7.7,0.2
jordan mclaughlin,26.0,MIN,PG,2.0,7.0,0.0,2.0,0.0,0.0,1.0,0.0,0.0,1.0,0.0,0.0,0.0,0.0,0.0,0.0,1.0,1.0,1.0,0.0,0.0,0.0,1.0,0.0,2023,Playoffs,-7.5,0.0,0.5,0.0,0.0,17.1,8.3,18.5,0.0,0.0,0.0,13.2,-0.1,0.0,-0.1,-0.269,-15.3,-2.9,-18.1,-0.1
jordan mclaughlin,27.0,MIN,PG,6.0,5.0,0.3,1.5,0.222,0.0,0.8,0.0,0.3,0.7,0.5,0.222,0.0,0.3,0.0,0.0,0.7,0.7,0.3,0.0,0.0,0.3,0.2,0.7,2024,Playoffs,-5.8,0.202,0.556,0.222,0.0,15.8,7.9,9.0,0.0,0.0,16.8,18.0,-0.2,0.0,-0.2,-0.254,-12.6,-3.7,-16.3,-0.1
jordan mcrae,24.0,CLE,PG,2.0,2.0,2.0,2.0,1.0,0.5,0.5,1.0,1.5,1.5,1.0,1.125,0.0,0.0,0.0,0.0,1.0,1.0,0.0,0.0,0.0,0.0,0.0,4.5,2016,Playoffs,110.5,1.125,0.25,0.0,0.0,58.2,29.5,0.0,0.0,0.0,0.0,46.2,0.2,0.0,0.2,1.896,42.8,15.0,57.8,0.1
jordan mickey,21.0,BOS,PF,2.0,5.0,1.0,2.0,0.5,0.0,0.0,0.0,1.0,2.0,0.5,0.5,0.0,0.0,0.0,0.5,0.5,1.0,1.0,0.0,0.5,0.0,0.0,2.0,2016,Playoffs,24.1,0.5,0.0,0.0,9.8,11.1,10.4,39.8,0.0,8.9,0.0,17.2,0.0,0.0,0.0,0.229,7.0,5.0,12.0,0.0
jordan mickey,22.0,BOS,PF,2.0,9.0,1.0,2.5,0.4,0.0,0.0,0.0,1.0,2.5,0.4,0.4,0.0,0.0,0.0,0.0,2.5,2.5,0.0,0.0,0.5,0.5,1.5,2.0,2017,Playoffs,1.8,0.4,0.0,0.0,0.0,33.7,16.3,0.0,0.0,4.8,16.7,15.1,-0.1,0.0,0.0,-0.093,-9.2,-1.7,-10.9,0.0
jordan nwora,22.0,MIL,SF,5.0,6.2,0.8,3.6,0.222,0.4,1.6,0.25,0.4,2.0,0.2,0.278,1.0,1.4,0.714,1.0,0.8,1.8,0.2,0.0,0.2,0.2,0.2,3.0,2021,Playoffs,8.7,0.356,0.444,0.389,17.0,14.1,15.6,4.4,0.0,2.9,4.5,30.5,-0.1,0.0,0.0,-0.043,-2.8,-5.1,-8.0,0.0
jordan nwora,23.0,MIL,SF,8.0,2.5,0.3,1.1,0.222,0.0,0.5,0.0,0.3,0.6,0.4,0.222,0.0,0.3,0.0,0.0,0.4,0.4,0.3,0.0,0.0,0.0,0.0,0.5,2022,Playoffs,-3.2,0.202,0.444,0.222,0.0,14.8,7.7,14.2,0.0,0.0,0.0,21.4,-0.1,0.0,-0.1,-0.206,-8.2,-2.9,-11.1,0.0
jordan poole,22.0,GSW,SG,22.0,27.5,5.9,11.5,0.508,2.3,5.8,0.391,3.6,5.7,0.627,0.606,3.0,3.2,0.915,0.5,2.4,2.8,3.8,0.8,0.4,2.4,2.8,17.0,2022,Playoffs,18.8,0.654,0.504,0.28,1.9,9.4,5.7,21.1,1.4,1.3,15.7,24.5,1.4,0.5,1.9,0.151,2.4,0.4,2.8,0.7
jordan poole,23.0,GSW,PG,13.0,21.8,3.5,10.4,0.341,1.2,4.8,0.254,2.3,5.5,0.417,0.4,2.0,2.6,0.765,0.3,1.8,2.2,3.5,0.8,0.2,1.2,2.5,10.3,2023,Playoffs,9.6,0.447,0.467,0.252,1.4,8.8,5.1,22.8,1.7,0.9,9.1,23.9,-0.2,0.3,0.1,0.018,-3.3,-0.6,-3.9,-0.1
jordan walsh,19.0,BOS,SF,3.0,3.7,0.3,1.0,0.333,0.0,0.3,0.0,0.3,0.7,0.5,0.333,0.0,0.0,0.0,0.0,0.7,0.7,0.0,0.0,0.0,0.0,0.0,0.7,2024,Playoffs,2.2,0.333,0.333,0.0,0.0,21.2,10.7,0.0,0.0,0.0,0.0,12.7,0.0,0.0,0.0,-0.046,-6.0,-2.6,-8.6,0.0
jorge gutiarrez,25.0,BRK,PG,2.0,1.5,0.0,0.0,0.0,0.0,0.0,0.0,0.0,0.0,0.0,0.0,1.0,2.0,0.5,0.5,0.0,0.5,0.0,0.0,0.0,0.0,0.0,1.0,2014,Playoffs,33.7,0.568,,,40.1,0.0,21.0,0.0,0.0,0.0,0.0,28.7,0.0,0.0,0.0,0.361,11.3,-3.3,8.0,0.0
jorge gutiarrez,27.0,CHO,PG,3.0,4.0,0.0,1.0,0.0,0.0,0.0,0.0,0.0,1.0,0.0,0.0,0.0,0.0,0.0,0.0,0.7,0.7,0.7,0.0,0.0,0.3,0.0,0.0,2016,Playoffs,-7.0,0.0,0.0,0.0,0.0,20.4,9.5,25.1,0.0,0.0,25.0,15.9,-0.1,0.0,-0.1,-0.357,-12.0,-6.6,-18.6,0.0
josa caldera³n,32.0,DAL,PG,7.0,27.3,4.3,9.3,0.462,1.6,3.3,0.478,2.7,6.0,0.452,0.546,0.1,0.1,1.0,0.3,1.0,1.3,4.4,0.1,0.0,1.0,2.3,10.3,2014,Playoffs,13.1,0.55,0.354,0.015,1.1,4.6,2.7,24.7,0.3,0.0,9.7,17.1,0.4,0.0,0.3,0.085,2.1,-1.3,0.7,0.1
josa caldera³n,35.0,ATL,PG,6.0,12.5,1.8,3.8,0.478,0.7,2.0,0.333,1.2,1.8,0.636,0.565,0.0,0.0,0.0,0.3,1.0,1.3,2.2,0.3,0.2,0.7,1.5,4.3,2017,Playoffs,12.4,0.565,0.522,0.0,3.0,9.0,6.0,27.3,1.3,1.1,14.8,15.3,0.1,0.1,0.2,0.111,-0.5,2.3,1.7,0.1
josa caldera³n,36.0,CLE,PG,13.0,8.0,0.7,2.0,0.346,0.3,1.4,0.222,0.4,0.6,0.625,0.423,0.2,0.2,1.0,0.2,0.7,0.8,0.7,0.4,0.0,0.4,1.2,1.8,2018,Playoffs,6.0,0.446,0.692,0.077,2.2,10.5,6.3,12.8,2.5,0.0,15.7,14.2,-0.1,0.1,0.0,0.005,-4.8,0.3,-4.4,-0.1
josa caldera³n,37.0,DET,PG,3.0,3.3,0.0,0.0,0.0,0.0,0.0,0.0,0.0,0.0,0.0,0.0,0.0,0.0,0.0,0.0,0.0,0.0,1.7,0.3,0.0,0.0,0.0,0.0,2019,Playoffs,21.4,0.0,,,0.0,0.0,0.0,64.0,4.8,0.0,0.0,0.0,0.0,0.0,0.0,0.181,5.0,5.8,10.8,0.0
jose alvarado,23.0,NOP,PG,6.0,19.5,2.7,5.5,0.485,1.0,2.7,0.375,1.7,2.8,0.588,0.576,1.7,2.2,0.769,0.3,1.0,1.3,1.5,1.2,0.2,1.2,3.0,8.0,2022,Playoffs,13.3,0.62,0.485,0.394,1.9,6.5,4.0,11.4,3.1,0.7,15.3,16.8,0.2,0.0,0.2,0.09,-1.8,1.7,-0.1,0.1
jose alvarado,25.0,NOP,PG,4.0,15.5,0.8,5.0,0.15,0.3,3.5,0.071,0.5,1.5,0.333,0.175,0.0,0.0,0.0,0.0,1.0,1.0,2.3,1.3,0.3,1.0,0.8,1.8,2024,Playoffs,-0.2,0.175,0.7,0.0,0.0,7.6,3.5,22.3,4.1,1.6,16.7,17.0,-0.3,0.1,-0.2,-0.177,-7.8,1.9,-6.0,-0.1
josh giddey,21.0,OKC,SG,10.0,18.1,3.4,7.5,0.453,1.2,3.4,0.353,2.2,4.1,0.537,0.533,0.7,0.8,0.875,0.7,2.9,3.6,2.1,0.2,0.4,1.2,0.9,8.7,2024,Playoffs,14.8,0.554,0.453,0.107,4.4,17.1,11.0,18.3,0.6,2.1,13.3,22.8,0.1,0.3,0.4,0.101,1.4,0.9,2.3,0.2
josh green,21.0,DAL,SG,16.0,7.6,0.5,1.8,0.286,0.3,1.4,0.227,0.2,0.4,0.5,0.375,0.1,0.5,0.25,0.1,0.7,0.8,0.4,0.3,0.0,0.0,1.0,1.4,2022,Playoffs,4.0,0.365,0.786,0.286,1.0,10.9,5.8,8.4,2.1,0.0,0.0,12.3,-0.1,0.1,-0.1,-0.021,-5.3,0.3,-5.0,-0.1
josh green,23.0,DAL,SG,22.0,18.1,1.6,3.9,0.424,1.0,2.7,0.39,0.6,1.2,0.5,0.559,0.6,0.9,0.737,1.0,1.6,2.5,1.0,0.8,0.1,0.3,1.3,5.0,2024,Playoffs,12.0,0.584,0.694,0.224,6.1,10.0,8.0,8.0,2.2,0.7,7.0,11.4,0.6,0.4,1.1,0.13,0.3,2.1,2.4,0.4
josh hart,27.0,NYK,SF,11.0,32.1,4.1,8.5,0.479,0.9,2.9,0.313,3.2,5.6,0.565,0.532,1.3,2.0,0.636,1.6,5.7,7.4,2.2,0.8,0.3,1.9,3.5,10.4,2023,Playoffs,10.8,0.55,0.34,0.234,5.8,20.3,13.1,11.2,1.3,0.9,16.8,15.7,0.1,0.6,0.6,0.088,-1.9,1.0,-0.9,0.1
josh hart,28.0,NYK,SF,13.0,42.2,5.1,11.5,0.44,1.7,4.5,0.373,3.4,7.0,0.484,0.513,2.7,3.7,0.729,2.8,8.7,11.5,4.5,1.0,0.8,2.6,3.2,14.5,2024,Playoffs,14.1,0.552,0.393,0.32,7.6,25.2,16.0,15.3,1.2,1.7,16.6,16.5,0.5,0.2,0.8,0.069,-0.6,1.5,0.9,0.4
josh huestis,24.0,OKC,PF,2.0,5.0,0.5,1.5,0.333,0.5,1.0,0.5,0.0,0.5,0.0,0.5,0.0,0.0,0.0,0.5,1.0,1.5,0.0,0.0,0.0,0.0,0.5,1.5,2016,Playoffs,10.6,0.5,0.667,0.0,11.4,21.9,16.7,0.0,0.0,0.0,0.0,13.0,0.0,0.0,0.0,0.119,0.8,-0.9,-0.1,0.0
josh huestis,26.0,OKC,PF,4.0,4.8,0.3,0.5,0.5,0.0,0.0,0.0,0.3,0.5,0.5,0.5,0.3,0.5,0.5,0.0,0.8,0.8,0.0,0.3,0.3,0.0,0.8,0.8,2018,Playoffs,8.0,0.521,0.0,1.0,0.0,16.5,8.3,0.0,2.6,4.8,0.0,6.6,0.0,0.0,0.0,0.098,-4.9,3.7,-1.2,0.0
josh mcroberts,26.0,CHA,PF,4.0,38.5,3.8,8.3,0.455,2.0,4.3,0.471,1.8,4.0,0.438,0.576,2.0,2.5,0.8,0.3,6.5,6.8,3.8,1.0,0.3,1.5,3.3,11.5,2014,Playoffs,12.8,0.615,0.515,0.303,0.8,22.1,11.0,16.1,1.4,0.6,13.8,13.4,0.2,0.1,0.3,0.096,-0.3,1.9,1.6,0.1
josh mcroberts,28.0,MIA,PF,10.0,13.4,1.6,3.4,0.471,0.0,0.7,0.0,1.6,2.7,0.593,0.471,0.6,0.6,1.0,0.7,1.9,2.6,0.9,0.5,0.5,0.4,2.0,3.8,2016,Playoffs,13.7,0.519,0.206,0.176,6.5,15.9,11.5,10.6,2.0,2.9,9.8,14.4,0.2,0.3,0.4,0.153,-1.6,3.0,1.4,0.1
josh minott,21.0,MIN,SF,5.0,3.6,0.4,1.8,0.222,0.4,1.0,0.4,0.0,0.8,0.0,0.333,0.0,0.0,0.0,0.2,0.8,1.0,0.6,0.0,0.0,0.0,0.4,1.2,2024,Playoffs,7.2,0.333,0.556,0.0,6.6,26.3,16.5,23.9,0.0,0.0,0.0,22.8,0.0,0.0,0.0,-0.005,-1.6,-0.7,-2.3,0.0
josh okogie,24.0,PHO,SG,10.0,17.5,1.4,3.7,0.378,0.2,1.4,0.143,1.2,2.3,0.522,0.405,1.1,1.3,0.846,1.2,0.9,2.1,1.3,0.6,0.2,0.3,1.8,4.1,2023,Playoffs,9.3,0.48,0.378,0.351,8.2,5.9,7.0,9.1,1.7,0.9,6.6,11.5,0.2,0.0,0.2,0.048,-2.2,-0.1,-2.3,0.0
josh okogie,25.0,PHO,SG,4.0,7.3,1.3,2.3,0.556,0.3,0.8,0.333,1.0,1.5,0.667,0.611,0.8,1.5,0.5,0.0,1.0,1.0,0.5,0.5,0.0,0.5,1.8,3.5,2024,Playoffs,12.5,0.601,0.333,0.667,0.0,17.0,8.4,12.3,3.5,0.0,14.7,22.1,0.0,0.0,0.0,0.006,-4.6,1.1,-3.6,0.0
josh reaves,22.0,DAL,SF,2.0,4.5,0.5,1.5,0.333,0.0,0.5,0.0,0.5,1.0,0.5,0.333,1.0,1.0,1.0,0.0,1.0,1.0,0.5,0.0,0.5,0.5,0.5,2.0,2020,Playoffs,12.6,0.515,0.333,0.667,0.0,24.6,12.1,14.8,0.0,9.8,20.5,23.3,0.0,0.0,0.0,-0.038,-3.1,-0.8,-3.9,0.0
josh richardson,22.0,MIA,SG,14.0,27.6,2.4,6.4,0.371,1.2,3.3,0.37,1.1,3.1,0.372,0.466,0.7,1.0,0.714,0.7,2.9,3.6,1.6,0.4,0.9,0.9,2.6,6.6,2016,Playoffs,8.8,0.489,0.517,0.157,3.2,11.6,7.6,8.5,0.8,2.6,11.2,13.2,0.1,0.6,0.7,0.085,-1.6,0.9,-0.8,0.1
josh richardson,24.0,MIA,SF,5.0,26.0,3.0,8.0,0.375,1.2,3.8,0.316,1.8,4.2,0.429,0.45,1.2,1.4,0.857,0.8,2.2,3.0,2.8,2.2,1.0,1.0,3.4,8.4,2018,Playoffs,12.8,0.487,0.475,0.175,3.2,9.1,6.1,16.6,4.0,3.3,10.4,15.9,0.0,0.1,0.2,0.057,-1.1,2.5,1.4,0.1
josh richardson,26.0,PHI,SG,4.0,36.0,5.0,14.0,0.357,2.5,7.0,0.357,2.5,7.0,0.357,0.446,4.3,4.5,0.944,1.0,2.8,3.8,3.3,0.5,0.5,2.0,3.0,16.8,2020,Playoffs,11.8,0.524,0.5,0.321,2.9,8.4,5.6,16.3,0.7,1.3,11.1,21.8,0.1,0.0,0.1,0.027,0.5,-0.7,-0.1,0.1
josh richardson,27.0,DAL,SG,7.0,13.4,1.6,4.0,0.393,0.4,1.4,0.3,1.1,2.6,0.444,0.446,1.3,1.3,1.0,0.4,1.1,1.6,0.7,0.3,0.0,0.9,1.1,4.9,2021,Playoffs,8.4,0.532,0.357,0.321,3.5,10.4,6.8,7.6,1.1,0.0,15.8,18.3,0.0,0.0,0.0,-0.017,-3.6,-1.1,-4.7,-0.1
josh smith,29.0,HOU,PF,17.0,23.3,5.0,11.4,0.438,1.6,4.2,0.38,3.4,7.2,0.472,0.508,1.9,4.4,0.432,1.5,4.1,5.6,2.7,0.5,1.0,2.2,2.4,13.5,2015,Playoffs,16.5,0.505,0.366,0.381,6.9,18.1,12.6,20.6,1.1,3.4,14.4,27.9,0.0,0.3,0.3,0.036,1.7,0.7,2.4,0.4
josh smith,30.0,HOU,PF,4.0,9.5,1.5,3.3,0.462,1.0,2.0,0.5,0.5,1.3,0.4,0.615,0.0,0.5,0.0,0.3,0.3,0.5,1.0,0.3,0.3,1.3,1.8,4.0,2016,Playoffs,7.6,0.576,0.615,0.154,2.6,3.0,2.8,19.9,1.3,2.3,26.5,20.4,0.0,0.0,0.0,-0.045,-0.2,0.3,0.1,0.0
jr smith,29.0,CLE,SG,18.0,31.1,4.6,11.4,0.403,2.8,7.9,0.359,1.8,3.6,0.5,0.527,0.8,1.1,0.7,0.5,4.2,4.7,1.2,0.9,0.6,0.8,3.0,12.8,2015,Playoffs,13.5,0.538,0.689,0.097,1.8,14.7,8.4,7.0,1.6,1.5,6.5,18.6,0.8,0.7,1.5,0.128,0.9,1.2,2.1,0.6
jr smith,30.0,CLE,SG,21.0,34.8,3.9,9.0,0.436,3.1,7.2,0.43,0.8,1.8,0.459,0.609,0.6,1.0,0.619,0.3,2.9,3.2,1.4,1.2,0.2,0.5,2.6,11.5,2016,Playoffs,12.5,0.613,0.803,0.112,1.1,9.6,5.4,5.8,1.9,0.7,5.3,13.2,1.4,0.6,2.1,0.135,0.8,0.9,1.8,0.7
jr smith,31.0,CLE,SG,18.0,27.1,2.8,5.5,0.505,2.2,4.4,0.5,0.6,1.1,0.526,0.707,0.3,0.6,0.455,0.3,2.1,2.3,0.7,0.7,0.3,0.7,2.3,8.1,2017,Playoffs,9.9,0.698,0.808,0.111,1.3,8.4,5.0,3.6,1.3,1.0,10.4,10.6,0.7,0.3,1.0,0.095,-0.1,0.6,0.5,0.3
jr smith,32.0,CLE,SG,22.0,32.1,3.0,8.5,0.348,2.0,5.5,0.367,1.0,3.0,0.313,0.465,0.8,1.0,0.773,0.5,2.3,2.7,1.1,1.0,0.2,0.9,2.5,8.7,2018,Playoffs,6.7,0.486,0.642,0.118,1.6,8.6,5.1,5.3,1.6,0.5,8.8,14.1,-0.1,0.4,0.3,0.017,-2.3,-0.6,-2.8,-0.2
jr smith,34.0,LAL,SG,10.0,7.5,0.7,2.6,0.269,0.6,2.2,0.273,0.1,0.4,0.25,0.385,0.0,0.0,0.0,0.0,0.3,0.3,0.3,0.2,0.0,0.7,1.1,2.0,2020,Playoffs,-3.7,0.385,0.846,0.0,0.0,4.7,2.4,5.3,1.3,0.0,21.2,19.2,-0.3,0.1,-0.2,-0.142,-9.6,-2.1,-11.7,-0.2
jrue holiday,24.0,NOP,PG,3.0,18.3,2.3,6.3,0.368,0.3,1.3,0.25,2.0,5.0,0.4,0.395,1.3,1.3,1.0,0.7,0.3,1.0,4.3,0.7,0.3,1.7,1.0,6.3,2015,Playoffs,13.6,0.458,0.211,0.211,4.1,2.0,3.0,36.7,1.9,1.6,19.4,21.4,0.0,0.0,0.0,-0.028,1.8,-2.8,-0.9,0.0
jrue holiday,27.0,NOP,SG,9.0,38.7,9.8,18.9,0.518,1.8,5.6,0.32,8.0,13.3,0.6,0.565,2.3,3.3,0.7,1.0,4.7,5.7,6.3,1.1,0.6,2.6,2.4,23.7,2018,Playoffs,19.7,0.581,0.294,0.176,2.8,12.1,7.6,25.6,1.3,1.1,11.2,25.3,0.6,0.3,1.0,0.132,2.6,0.6,3.2,0.5
jrue holiday,30.0,MIL,PG,23.0,39.7,6.9,16.9,0.406,1.9,6.2,0.303,5.0,10.7,0.466,0.461,1.7,2.4,0.714,1.4,4.3,5.7,8.7,1.7,0.4,2.4,2.1,17.3,2021,Playoffs,15.2,0.482,0.365,0.144,3.7,12.0,7.8,31.4,2.1,1.0,11.9,22.1,0.5,1.6,2.1,0.111,1.2,1.2,2.4,1.0
jrue holiday,31.0,MIL,PG,12.0,38.6,7.4,19.6,0.379,2.1,6.6,0.316,5.3,13.0,0.41,0.432,2.2,2.6,0.839,1.0,4.6,5.6,6.5,1.8,0.6,2.8,2.3,19.1,2022,Playoffs,13.8,0.461,0.336,0.132,2.8,11.8,7.4,27.6,2.2,1.5,12.0,26.4,-0.4,1.0,0.6,0.058,0.9,0.7,1.6,0.4
jrue holiday,32.0,MIL,PG,5.0,38.2,6.8,17.0,0.4,2.4,8.4,0.286,4.4,8.6,0.512,0.471,1.8,2.6,0.692,0.8,5.8,6.6,8.0,1.0,0.4,2.4,2.4,17.8,2023,Playoffs,13.7,0.491,0.494,0.153,2.3,17.9,9.7,29.1,1.2,0.9,11.7,22.6,0.1,0.1,0.2,0.04,-0.2,-1.2,-1.4,0.0
jrue holiday,33.0,BOS,PG,19.0,37.9,5.1,10.2,0.503,1.8,4.6,0.402,3.3,5.6,0.585,0.593,1.1,1.2,0.955,1.9,4.2,6.1,4.4,1.1,0.6,1.5,2.1,13.2,2024,Playoffs,15.4,0.617,0.451,0.114,6.1,12.8,9.5,17.0,1.5,1.5,12.5,15.0,1.5,1.0,2.5,0.167,1.1,1.6,2.8,0.9
juan toscanoanderson,28.0,GSW,SF,14.0,3.5,0.3,0.7,0.4,0.1,0.4,0.4,0.1,0.4,0.4,0.5,0.1,0.2,0.333,0.0,0.7,0.7,0.6,0.1,0.1,0.6,0.2,0.8,2022,Playoffs,4.6,0.486,0.5,0.3,0.0,22.3,11.4,20.9,2.0,2.1,41.4,17.3,-0.2,0.1,-0.1,-0.084,-5.5,1.1,-4.4,0.0
juancho hernanga³mez,23.0,DEN,PF,5.0,3.0,0.2,0.6,0.333,0.2,0.4,0.5,0.0,0.2,0.0,0.5,0.0,0.0,0.0,0.0,0.6,0.6,0.0,0.0,0.0,0.2,0.4,0.6,2019,Playoffs,-0.2,0.5,0.667,0.0,0.0,21.4,10.5,0.0,0.0,0.0,25.0,11.9,0.0,0.0,0.0,-0.067,-7.8,-1.7,-9.5,0.0
juancho hernanga³mez,26.0,UTA,PF,6.0,9.3,0.8,3.0,0.278,0.7,2.0,0.333,0.2,1.0,0.167,0.389,0.0,0.0,0.0,0.3,1.7,2.0,0.8,0.3,0.0,0.3,0.7,2.3,2022,Playoffs,7.3,0.389,0.667,0.0,4.2,20.7,12.5,14.0,1.9,0.0,10.0,16.7,-0.1,0.0,0.0,-0.026,-0.5,0.9,0.4,0.0
julian strawther,21.0,DEN,SF,3.0,5.3,0.7,2.0,0.333,0.3,1.3,0.25,0.3,0.7,0.5,0.417,0.7,1.3,0.5,0.0,0.7,0.7,0.0,0.3,0.0,0.3,1.0,2.3,2024,Playoffs,4.3,0.451,0.667,0.667,0.0,14.6,7.1,0.0,3.2,0.0,11.4,25.1,0.0,0.0,0.0,-0.077,-7.1,0.9,-6.2,0.0
julius randle,26.0,NYK,PF,5.0,36.0,5.6,18.8,0.298,2.2,6.6,0.333,3.4,12.2,0.279,0.356,4.6,5.4,0.852,2.2,9.4,11.6,4.0,0.6,0.0,4.6,3.6,18.0,2021,Playoffs,7.2,0.425,0.351,0.287,6.1,29.4,17.1,19.8,0.9,0.0,17.8,31.8,-0.7,0.3,-0.4,-0.109,-2.8,-0.7,-3.5,-0.1
julius randle,28.0,NYK,PF,10.0,33.0,5.5,14.7,0.374,1.7,6.6,0.258,3.8,8.1,0.469,0.432,3.9,5.5,0.709,1.7,6.6,8.3,3.6,0.5,0.3,3.5,2.4,16.6,2023,Playoffs,11.5,0.485,0.449,0.374,5.9,22.7,14.3,19.2,0.8,0.9,17.0,27.8,-0.4,0.5,0.1,0.017,-0.2,-0.6,-0.8,0.1
justin anderson,22.0,DAL,SF,5.0,19.0,3.4,7.4,0.459,0.8,2.6,0.308,2.6,4.8,0.542,0.514,1.8,2.8,0.643,1.8,2.2,4.0,1.4,0.8,0.6,1.0,2.4,9.4,2016,Playoffs,19.2,0.544,0.351,0.378,10.6,14.1,12.3,13.2,2.2,2.8,10.4,23.5,0.2,0.0,0.1,0.058,2.0,0.7,2.7,0.1
justin anderson,24.0,PHI,SF,7.0,4.7,0.4,1.1,0.375,0.3,1.0,0.286,0.1,0.1,1.0,0.5,0.0,0.0,0.0,0.1,1.1,1.3,0.0,0.1,0.0,0.3,1.1,1.1,2018,Playoffs,2.5,0.5,0.875,0.0,3.2,26.3,14.6,0.0,1.5,0.0,20.0,12.7,0.0,0.0,0.0,0.014,-6.9,-0.6,-7.5,0.0
justin anderson,26.0,BRK,SG,3.0,9.3,1.7,4.0,0.417,1.7,3.7,0.455,0.0,0.3,0.0,0.625,1.3,1.3,1.0,0.0,2.7,2.7,1.0,0.0,0.3,0.7,0.7,6.3,2020,Playoffs,20.6,0.69,0.917,0.333,0.0,31.0,14.4,18.6,0.0,3.4,12.7,23.2,0.1,0.0,0.1,0.112,5.1,2.0,7.0,0.1
justin champagnie,21.0,BOS,SF,4.0,2.5,0.3,1.0,0.25,0.0,0.8,0.0,0.3,0.3,1.0,0.25,0.0,0.0,0.0,0.0,0.0,0.0,0.0,0.0,0.0,0.0,0.5,0.5,2023,Playoffs,-7.4,0.25,0.75,0.0,0.0,0.0,0.0,0.0,0.0,0.0,0.0,18.1,0.0,0.0,0.0,-0.213,-15.3,-4.0,-19.2,0.0
justin holiday,25.0,GSW,SG,5.0,2.2,0.2,0.4,0.5,0.2,0.2,1.0,0.0,0.2,0.0,0.75,0.0,0.0,0.0,0.0,0.2,0.2,0.2,0.0,0.0,0.4,0.2,0.6,2015,Playoffs,1.9,0.75,0.5,0.0,0.0,9.8,5.0,13.1,0.0,0.0,50.0,16.3,0.0,0.0,0.0,-0.078,-4.6,-0.6,-5.2,0.0
justin holiday,30.0,IND,SF,4.0,32.8,2.5,5.3,0.476,2.0,4.0,0.5,0.5,1.3,0.4,0.667,0.3,0.8,0.333,1.0,2.8,3.8,0.8,1.5,1.3,0.8,2.0,7.3,2020,Playoffs,10.7,0.65,0.762,0.143,3.5,10.1,6.7,3.3,2.3,3.9,11.8,8.9,0.1,0.1,0.2,0.06,-0.2,1.3,1.1,0.1
justin holiday,34.0,DEN,SG,12.0,12.5,0.9,2.9,0.314,0.9,2.4,0.379,0.0,0.5,0.0,0.471,0.2,0.3,0.5,0.1,1.6,1.7,0.3,0.5,0.0,0.3,1.3,2.9,2024,Playoffs,5.3,0.476,0.829,0.114,0.7,14.8,7.6,3.6,2.1,0.0,7.5,12.2,-0.1,0.2,0.1,0.021,-4.8,0.9,-3.9,-0.1
justin jackson,24.0,DAL,PF,3.0,5.3,0.3,2.0,0.167,0.0,1.0,0.0,0.3,1.0,0.333,0.167,0.7,1.3,0.5,0.0,1.0,1.0,0.0,0.0,0.0,0.0,0.3,1.3,2020,Playoffs,-4.0,0.258,0.5,0.667,0.0,20.7,10.2,0.0,0.0,0.0,0.0,20.9,-0.1,0.0,-0.1,-0.272,-9.3,-6.9,-16.2,-0.1
justin jackson,25.0,MIL,SF,5.0,3.0,0.6,1.0,0.6,0.0,0.4,0.0,0.6,0.6,1.0,0.6,0.0,0.0,0.0,0.2,0.2,0.4,0.2,0.2,0.0,0.2,0.0,1.2,2021,Playoffs,15.8,0.6,0.4,0.0,7.0,7.3,7.1,10.0,3.3,0.0,16.7,17.1,0.0,0.0,0.0,0.112,1.2,2.9,4.1,0.0
justise winslow,19.0,MIA,SF,13.0,25.4,2.5,5.7,0.432,0.4,1.4,0.278,2.1,4.3,0.482,0.466,1.6,2.3,0.7,1.3,3.5,4.8,0.6,0.6,0.3,0.9,2.7,6.9,2016,Playoffs,10.1,0.516,0.243,0.405,6.4,15.7,11.3,3.7,1.3,0.9,12.1,14.3,0.2,0.5,0.7,0.101,-2.2,0.8,-1.4,0.1
justise winslow,21.0,MIA,PF,5.0,25.0,3.0,8.4,0.357,1.4,3.8,0.368,1.6,4.6,0.348,0.44,2.4,3.4,0.706,1.4,5.2,6.6,2.6,0.8,0.8,1.6,3.4,9.8,2018,Playoffs,12.1,0.495,0.452,0.405,5.8,22.4,13.9,16.2,1.5,2.7,13.9,19.8,0.0,0.1,0.1,0.037,-1.0,0.5,-0.5,0.0
jusuf nurkic,23.0,POR,C,4.0,23.5,4.8,9.8,0.487,0.0,0.0,0.0,4.8,9.8,0.487,0.487,2.3,2.8,0.818,3.0,5.0,8.0,1.0,1.5,1.3,0.8,3.5,11.8,2018,Playoffs,23.0,0.536,0.0,0.282,13.0,25.7,18.8,6.5,3.1,4.3,6.4,21.3,0.2,0.1,0.3,0.16,1.2,0.7,2.0,0.1
jusuf nurkic,25.0,POR,C,5.0,32.2,5.0,11.4,0.439,0.6,2.2,0.273,4.4,9.2,0.478,0.465,3.6,4.6,0.783,2.8,7.6,10.4,3.6,1.4,0.2,2.6,4.2,14.2,2020,Playoffs,15.7,0.529,0.193,0.404,9.1,25.0,17.0,17.8,2.0,0.6,16.2,20.7,0.1,0.2,0.3,0.077,0.9,0.2,1.1,0.1
jusuf nurkic,26.0,POR,C,6.0,28.8,5.0,9.2,0.545,0.2,0.8,0.2,4.8,8.3,0.58,0.555,3.0,4.2,0.72,3.0,7.3,10.3,2.7,0.5,1.2,2.3,5.0,13.2,2021,Playoffs,17.7,0.598,0.091,0.455,12.3,28.7,20.7,13.8,0.9,3.7,17.5,20.9,0.3,0.1,0.4,0.105,-0.8,0.1,-0.8,0.1
jusuf nurkic,29.0,PHO,C,4.0,26.0,3.3,6.5,0.5,0.0,0.5,0.0,3.3,6.0,0.542,0.5,1.3,2.8,0.455,3.3,5.0,8.3,2.8,1.5,1.5,1.5,3.8,7.8,2024,Playoffs,16.7,0.503,0.077,0.423,15.1,23.7,19.3,17.4,3.0,5.3,16.3,16.6,0.1,0.1,0.1,0.056,0.1,1.7,1.7,0.1
juwan morgan,22.0,UTA,PF,7.0,12.3,0.4,1.7,0.25,0.3,1.4,0.2,0.1,0.3,0.5,0.333,0.3,0.9,0.333,0.9,2.1,3.0,0.7,0.3,0.0,0.1,1.6,1.4,2020,Playoffs,5.4,0.342,0.833,0.5,8.3,20.0,14.3,7.4,1.2,0.0,6.4,8.5,0.0,0.0,0.0,0.016,-3.8,-0.3,-4.1,0.0
juwan morgan,23.0,UTA,PF,2.0,3.0,0.0,0.0,0.0,0.0,0.0,0.0,0.0,0.0,0.0,0.0,0.0,0.0,0.0,0.5,0.5,1.0,0.5,0.0,0.0,0.0,0.5,0.0,2021,Playoffs,11.4,0.0,,,20.2,18.6,19.4,20.1,0.0,0.0,0.0,0.0,0.0,0.0,0.0,0.178,1.0,1.7,2.7,0.0
juwan morgan,24.0,BOS,PF,9.0,1.7,0.0,0.1,0.0,0.0,0.1,0.0,0.0,0.0,0.0,0.0,0.1,0.2,0.5,0.2,0.1,0.3,0.0,0.0,0.0,0.0,0.1,0.1,2022,Playoffs,4.1,0.266,1.0,2.0,15.6,7.3,11.3,0.0,0.0,0.0,0.0,5.6,0.0,0.0,0.0,0.05,-4.3,-2.7,-6.9,0.0
karlanthony towns,22.0,MIN,C,5.0,34.0,5.6,12.0,0.467,0.6,2.2,0.273,5.0,9.8,0.51,0.492,3.4,4.6,0.739,3.0,10.4,13.4,2.2,0.4,1.0,2.4,2.8,15.2,2018,Playoffs,16.9,0.542,0.183,0.383,9.9,32.2,21.4,10.3,0.6,3.2,14.6,22.0,0.1,0.1,0.2,0.066,1.3,-0.6,0.8,0.1
karlanthony towns,26.0,MIN,C,6.0,37.0,6.5,13.3,0.488,1.7,3.7,0.455,4.8,9.7,0.5,0.55,7.2,8.3,0.86,1.8,9.0,10.8,2.2,0.7,2.0,4.5,4.2,21.8,2022,Playoffs,17.3,0.642,0.275,0.625,5.8,25.7,16.3,10.1,0.8,4.6,20.9,24.9,0.2,0.3,0.5,0.098,0.2,0.2,0.4,0.1
karlanthony towns,27.0,MIN,PF,5.0,36.0,6.4,14.0,0.457,1.2,4.8,0.25,5.2,9.2,0.565,0.5,4.2,5.6,0.75,1.2,9.0,10.2,2.0,0.6,0.8,3.6,4.2,18.2,2023,Playoffs,12.2,0.553,0.343,0.4,3.8,29.9,16.5,9.4,0.9,2.0,17.9,25.8,-0.2,0.1,-0.1,-0.02,-3.1,-0.7,-3.8,-0.1
karlanthony towns,28.0,MIN,PF,16.0,32.6,6.8,14.5,0.466,1.9,5.2,0.361,4.9,9.3,0.523,0.53,3.7,4.3,0.855,2.2,6.8,9.0,2.6,0.8,0.2,1.7,3.4,19.1,2024,Playoffs,19.2,0.581,0.358,0.297,8.0,24.7,16.3,13.4,1.2,0.5,9.3,25.2,1.1,0.6,1.7,0.155,2.2,0.6,2.8,0.6
kawhi leonard,22.0,SAS,SF,23.0,32.0,5.3,10.4,0.51,1.3,3.2,0.419,4.0,7.2,0.552,0.575,2.3,3.1,0.736,1.3,5.4,6.7,1.7,1.7,0.6,1.3,2.9,14.3,2014,Playoffs,18.7,0.606,0.31,0.301,5.1,19.2,12.3,7.8,2.7,1.5,9.7,18.9,1.5,1.5,2.9,0.191,1.9,2.8,4.7,1.3
kawhi leonard,23.0,SAS,SF,7.0,35.7,7.4,15.6,0.477,1.6,3.7,0.423,5.9,11.9,0.494,0.528,3.9,5.0,0.771,1.9,5.6,7.4,2.6,1.1,0.6,2.1,2.6,20.3,2015,Playoffs,19.9,0.571,0.239,0.321,5.4,17.2,11.1,12.5,1.6,1.3,10.8,25.0,0.5,0.2,0.7,0.143,3.0,1.5,4.4,0.4
kawhi leonard,24.0,SAS,SF,10.0,33.9,8.3,16.6,0.5,1.7,3.9,0.436,6.6,12.7,0.52,0.551,4.2,5.1,0.824,1.4,4.9,6.3,2.8,2.6,1.4,1.6,2.1,22.5,2016,Playoffs,28.6,0.597,0.235,0.307,5.1,15.7,10.7,14.7,4.0,3.2,7.8,28.1,1.1,0.8,1.9,0.271,7.1,4.4,11.5,1.2
kawhi leonard,25.0,SAS,SF,12.0,35.8,8.8,16.8,0.525,2.1,4.6,0.455,6.8,12.3,0.551,0.587,7.9,8.5,0.931,1.6,6.2,7.8,4.6,1.7,0.5,2.2,1.8,27.7,2017,Playoffs,31.5,0.672,0.272,0.505,4.9,20.8,12.5,22.3,2.4,1.4,9.5,28.2,2.3,0.5,2.8,0.314,10.5,3.7,14.2,1.7
kawhi leonard,27.0,TOR,SF,24.0,39.1,10.1,20.7,0.49,2.3,6.0,0.379,7.8,14.6,0.536,0.545,8.0,9.0,0.884,2.3,6.8,9.1,3.9,1.7,0.7,3.1,2.3,30.5,2019,Playoffs,27.9,0.619,0.292,0.435,6.4,19.3,12.8,19.3,2.1,1.8,11.1,32.2,3.1,1.7,4.8,0.244,7.6,2.4,10.1,2.9
kawhi leonard,28.0,LAC,SF,13.0,39.3,10.1,20.6,0.489,1.8,5.6,0.329,8.2,15.0,0.549,0.534,6.2,7.2,0.862,1.8,7.5,9.3,5.5,2.3,0.8,2.5,2.2,28.2,2020,Playoffs,27.8,0.593,0.272,0.351,5.2,21.4,13.2,23.9,2.9,2.1,9.6,29.3,1.6,0.8,2.4,0.228,6.4,2.9,9.4,1.5
kawhi leonard,29.0,LAC,SF,11.0,39.3,11.1,19.4,0.573,2.2,5.5,0.393,8.9,13.8,0.645,0.629,6.0,6.8,0.88,2.0,5.7,7.7,4.4,2.1,0.8,2.2,2.6,30.4,2021,Playoffs,30.6,0.679,0.286,0.352,6.0,16.6,11.4,20.9,2.8,2.0,8.9,29.1,2.0,0.5,2.5,0.277,8.1,2.6,10.7,1.4
kawhi leonard,31.0,LAC,SF,2.0,40.0,12.0,22.0,0.545,3.0,5.0,0.6,9.0,17.0,0.529,0.614,7.5,8.5,0.882,1.5,5.0,6.5,6.0,2.0,0.5,3.0,2.5,34.5,2023,Playoffs,29.9,0.67,0.227,0.386,4.1,15.5,9.4,27.3,2.4,1.0,10.4,30.2,0.4,0.0,0.4,0.227,10.1,3.7,13.8,0.3
kawhi leonard,32.0,LAC,SF,2.0,29.5,5.5,12.0,0.458,0.0,2.5,0.0,5.5,9.5,0.579,0.458,1.0,1.5,0.667,1.5,6.5,8.0,2.0,2.0,0.5,2.0,1.5,12.0,2024,Playoffs,14.3,0.474,0.208,0.125,5.9,24.7,15.4,12.2,3.6,1.7,13.6,22.7,-0.1,0.1,0.0,0.011,-0.6,3.1,2.6,0.1
keegan murray,22.0,SAC,SF,7.0,27.7,3.7,8.3,0.448,1.7,4.6,0.375,2.0,3.7,0.538,0.552,0.6,0.9,0.667,2.1,4.1,6.3,0.7,0.6,0.3,0.6,2.6,9.7,2023,Playoffs,11.4,0.561,0.552,0.103,7.7,15.7,11.6,3.6,1.0,1.0,6.2,13.2,0.2,0.2,0.4,0.102,-0.3,0.3,0.0,0.1
keita batesdiop,24.0,DEN,SF,5.0,4.8,0.2,1.0,0.2,0.0,0.0,0.0,0.2,1.0,0.2,0.2,0.2,0.4,0.5,0.6,0.6,1.2,0.2,0.0,0.0,0.0,0.0,0.6,2020,Playoffs,5.7,0.255,0.0,0.4,15.0,14.8,14.9,5.5,0.0,0.0,0.0,11.2,0.0,0.0,0.0,-0.031,-2.0,-4.7,-6.8,0.0
keljin blevins,25.0,POR,SF,2.0,2.0,0.5,1.0,0.5,0.0,0.5,0.0,0.5,0.5,1.0,0.5,0.0,0.0,0.0,0.0,0.0,0.0,0.0,0.0,0.0,0.0,0.5,1.0,2021,Playoffs,5.8,0.5,0.5,0.0,0.0,0.0,0.0,0.0,0.0,0.0,0.0,22.5,0.0,0.0,0.0,-0.07,-9.3,-3.2,-12.5,0.0
kelly olynyk,23.0,BOS,C,4.0,13.3,1.8,3.3,0.538,0.8,1.5,0.5,1.0,1.8,0.571,0.654,0.3,0.5,0.5,0.5,0.8,1.3,0.5,0.5,0.5,1.0,3.0,4.5,2015,Playoffs,9.8,0.648,0.462,0.154,4.0,6.4,5.2,6.4,1.9,3.7,22.4,15.1,0.0,0.0,0.0,0.031,-2.8,1.7,-1.1,0.0
kelly olynyk,24.0,BOS,C,4.0,8.0,0.3,2.3,0.111,0.0,0.8,0.0,0.3,1.5,0.167,0.111,0.0,0.0,0.0,0.5,0.5,1.0,0.8,0.3,0.0,1.0,1.3,0.5,2016,Playoffs,-8.3,0.111,0.333,0.0,6.1,7.0,6.5,14.0,1.5,0.0,30.8,17.5,-0.2,0.0,-0.2,-0.275,-12.6,-3.3,-16.0,-0.1
kelly olynyk,25.0,BOS,C,18.0,19.2,3.6,6.9,0.512,0.8,2.6,0.319,2.7,4.3,0.628,0.572,1.2,1.7,0.733,0.8,2.4,3.2,1.9,0.7,0.8,1.2,2.6,9.2,2017,Playoffs,16.2,0.597,0.376,0.24,4.6,15.1,9.6,16.1,1.9,3.5,13.7,21.0,0.4,0.3,0.7,0.093,-0.1,1.1,1.0,0.3
kelly olynyk,26.0,MIA,PF,5.0,29.2,4.2,8.8,0.477,1.6,3.8,0.421,2.6,5.0,0.52,0.568,2.8,4.0,0.7,1.4,3.2,4.6,3.8,1.4,1.2,1.6,3.8,12.8,2018,Playoffs,17.4,0.606,0.432,0.455,5.0,11.8,8.3,21.0,2.3,3.5,13.2,17.9,0.3,0.1,0.4,0.125,2.7,1.5,4.2,0.2
kelly olynyk,28.0,MIA,C,17.0,15.2,2.6,5.6,0.474,1.0,2.9,0.347,1.6,2.7,0.609,0.563,1.4,1.6,0.821,0.8,3.9,4.6,1.1,0.2,0.5,0.8,2.1,7.6,2020,Playoffs,17.5,0.606,0.516,0.295,6.0,28.6,17.7,12.2,0.8,3.1,10.8,21.2,0.4,0.3,0.8,0.144,1.4,0.7,2.1,0.3
kelly oubre jr,21.0,WAS,SF,12.0,15.3,2.2,5.1,0.426,0.9,2.5,0.367,1.3,2.6,0.484,0.516,0.6,0.8,0.7,0.8,1.6,2.3,0.3,0.8,0.4,0.6,3.2,5.8,2017,Playoffs,10.3,0.535,0.492,0.164,5.6,12.0,8.8,3.2,2.7,2.5,9.7,17.0,0.1,0.2,0.3,0.078,-2.7,0.8,-2.0,0.0
kelly oubre jr,22.0,WAS,SF,6.0,24.7,3.0,8.0,0.375,0.7,3.2,0.211,2.3,4.8,0.483,0.417,2.7,3.0,0.889,0.2,3.7,3.8,0.7,1.0,0.5,0.8,2.7,9.3,2018,Playoffs,9.8,0.501,0.396,0.375,0.8,17.7,9.3,3.8,2.0,1.7,8.2,18.1,0.0,0.1,0.1,0.03,-3.2,0.5,-2.7,0.0
kelly oubre jr,28.0,PHI,SF,6.0,37.3,5.2,10.7,0.484,1.5,3.8,0.391,3.7,6.8,0.537,0.555,1.3,1.8,0.727,1.5,2.5,4.0,1.7,1.8,1.2,1.3,4.0,13.2,2024,Playoffs,12.5,0.574,0.359,0.172,4.7,7.3,6.0,7.2,2.6,2.7,10.4,15.8,0.2,0.2,0.3,0.071,-0.6,1.5,0.8,0.2
kemba walker,23.0,CHA,PG,4.0,38.3,6.5,13.8,0.473,3.0,6.0,0.5,3.5,7.8,0.452,0.582,3.5,4.5,0.778,0.3,3.5,3.8,6.0,2.0,0.8,3.8,1.5,19.5,2014,Playoffs,19.6,0.62,0.436,0.327,0.8,12.0,6.2,29.4,2.8,1.7,19.3,24.3,0.2,0.2,0.3,0.11,4.1,2.3,6.4,0.3
kemba walker,25.0,CHO,PG,7.0,37.1,8.0,21.9,0.366,2.0,6.1,0.326,6.0,15.7,0.382,0.412,4.7,5.0,0.943,0.4,2.6,3.0,4.0,1.3,0.6,1.7,1.4,22.7,2016,Playoffs,18.2,0.472,0.281,0.229,1.2,8.5,4.6,24.0,1.8,1.2,6.7,33.0,-0.1,0.2,0.1,0.016,3.8,-0.4,3.4,0.4
kemba walker,29.0,BOS,PG,17.0,36.9,6.6,15.1,0.441,2.3,7.4,0.31,4.4,7.6,0.569,0.518,4.1,4.8,0.852,0.4,3.7,4.1,5.1,0.9,0.4,1.9,2.5,19.6,2020,Playoffs,16.9,0.573,0.492,0.316,1.1,10.8,6.2,22.5,1.2,1.1,9.9,23.0,1.1,0.8,1.9,0.148,2.6,0.4,3.0,0.8
kemba walker,30.0,BOS,PG,3.0,30.3,4.3,13.7,0.317,1.0,5.7,0.176,3.3,8.0,0.417,0.354,3.0,3.3,0.9,0.0,4.0,4.0,4.0,0.3,0.0,2.7,3.3,12.7,2021,Playoffs,4.3,0.419,0.415,0.244,0.0,16.1,7.6,20.1,0.6,0.0,15.0,24.9,-0.2,-0.1,-0.3,-0.163,-6.0,-3.0,-9.1,-0.2
kendall brown,20.0,IND,SG,7.0,3.6,0.3,0.9,0.333,0.0,0.0,0.0,0.3,0.9,0.333,0.333,0.0,0.0,0.0,0.0,0.4,0.4,0.3,0.0,0.1,0.4,0.3,0.6,2024,Playoffs,-2.2,0.333,0.0,0.0,0.0,13.8,7.0,9.5,0.0,3.7,33.3,16.3,-0.1,0.0,-0.1,-0.212,-9.7,-2.5,-12.2,-0.1
kendrick nunn,24.0,MIA,PG,15.0,15.9,2.4,6.1,0.391,0.8,2.9,0.279,1.6,3.3,0.49,0.457,0.5,0.5,1.0,0.2,1.9,2.1,1.3,0.2,0.2,0.8,1.4,6.1,2020,Playoffs,7.8,0.482,0.467,0.087,1.5,13.5,7.7,13.3,0.6,1.2,11.2,20.4,-0.2,0.2,-0.1,-0.013,-2.9,-1.5,-4.4,-0.1
kendrick nunn,25.0,MIA,PG,4.0,23.3,4.3,10.8,0.395,1.3,4.5,0.278,3.0,6.3,0.48,0.453,0.5,0.5,1.0,0.0,1.5,1.5,1.5,0.5,0.0,0.8,1.0,10.3,2021,Playoffs,7.5,0.467,0.419,0.047,0.0,6.6,3.1,12.1,1.0,0.0,6.4,22.1,-0.2,0.0,-0.1,-0.071,-2.2,-1.6,-3.8,0.0
kendrick perkins,29.0,OKC,C,19.0,20.2,1.3,2.4,0.533,0.0,0.0,0.0,1.3,2.4,0.533,0.533,0.6,0.8,0.8,1.7,3.6,5.4,0.7,0.2,0.3,1.3,3.4,3.2,2014,Playoffs,6.6,0.581,0.0,0.333,10.3,19.3,15.0,5.4,0.5,1.2,32.6,9.1,0.0,0.3,0.4,0.044,-3.9,0.7,-3.2,-0.1
kendrick perkins,30.0,CLE,C,8.0,4.1,0.3,1.0,0.25,0.0,0.0,0.0,0.3,1.0,0.25,0.25,0.8,1.3,0.6,0.3,0.9,1.1,0.0,0.0,0.4,0.5,0.8,1.3,2015,Playoffs,3.8,0.403,0.0,1.25,6.8,23.0,15.0,0.0,0.0,7.7,24.4,22.5,-0.1,0.1,-0.1,-0.085,-10.2,-0.2,-10.4,-0.1
kenneth faried,29.0,HOU,C,6.0,9.3,1.5,2.2,0.692,0.2,0.2,1.0,1.3,2.0,0.667,0.731,0.8,1.0,0.833,0.5,3.0,3.5,0.3,0.3,0.0,0.0,1.0,4.0,2019,Playoffs,23.0,0.767,0.077,0.462,6.2,35.1,21.1,5.9,1.8,0.0,0.0,12.4,0.3,0.1,0.4,0.302,4.2,2.0,6.3,0.1
kenneth lofton,20.0,MEM,PF,4.0,3.0,0.8,2.0,0.375,0.0,0.5,0.0,0.8,1.5,0.5,0.375,0.3,0.5,0.5,0.3,0.5,0.8,0.3,0.0,0.0,0.0,0.0,1.8,2023,Playoffs,12.2,0.394,0.25,0.25,7.9,18.2,12.7,15.6,0.0,0.0,0.0,30.9,0.0,0.0,0.0,-0.042,2.4,-2.6,-0.2,0.0
kenrich williams,29.0,OKC,PF,7.0,4.6,0.3,1.1,0.25,0.0,0.7,0.0,0.3,0.4,0.667,0.25,0.0,0.0,0.0,0.1,1.0,1.1,0.4,0.1,0.0,0.0,0.4,0.6,2024,Playoffs,4.6,0.25,0.625,0.0,3.6,23.3,13.8,12.4,1.6,0.0,0.0,11.4,-0.1,0.1,0.0,0.023,-6.5,1.8,-4.7,0.0
kent bazemore,25.0,ATL,SG,16.0,18.9,1.9,4.4,0.423,0.4,1.8,0.214,1.5,2.7,0.558,0.465,1.3,1.9,0.677,0.2,3.1,3.3,0.8,0.7,0.6,0.7,1.6,5.4,2015,Playoffs,10.5,0.514,0.394,0.437,1.1,17.7,9.4,6.5,1.9,2.4,11.5,14.4,0.0,0.4,0.5,0.072,-2.7,1.5,-1.2,0.1
kent bazemore,26.0,ATL,SF,10.0,32.5,4.4,12.1,0.364,1.6,6.1,0.262,2.8,6.0,0.467,0.43,1.5,2.2,0.682,0.8,5.8,6.6,1.9,1.4,0.6,1.0,1.4,11.9,2016,Playoffs,11.9,0.455,0.504,0.182,2.8,18.3,10.9,9.4,2.2,1.7,7.1,19.4,-0.1,0.5,0.3,0.049,-1.0,0.7,-0.3,0.1
kent bazemore,27.0,ATL,SF,6.0,25.0,3.5,8.8,0.396,1.2,4.0,0.292,2.3,4.8,0.483,0.462,1.7,2.3,0.714,0.7,3.2,3.8,3.3,0.7,0.8,2.7,2.5,9.8,2017,Playoffs,9.4,0.499,0.453,0.264,3.0,14.3,8.6,20.8,1.3,2.7,21.3,21.2,-0.2,0.2,0.0,0.007,-2.6,1.5,-1.1,0.0
kentavious caldwellpope,22.0,DET,SG,4.0,40.3,5.5,12.5,0.44,3.0,6.8,0.444,2.5,5.8,0.435,0.56,1.3,1.8,0.714,0.5,3.8,4.3,2.8,1.8,0.3,0.5,1.8,15.3,2016,Playoffs,16.2,0.575,0.54,0.14,1.6,11.0,6.4,11.1,2.4,0.6,3.6,17.2,0.3,-0.1,0.2,0.072,2.2,1.3,3.5,0.2
kentavious caldwellpope,26.0,LAL,SG,21.0,29.0,3.8,9.0,0.418,2.1,5.7,0.378,1.6,3.3,0.486,0.537,1.0,1.3,0.815,0.4,1.7,2.1,1.3,1.0,0.2,0.7,1.9,10.7,2020,Playoffs,10.5,0.56,0.63,0.143,1.6,6.9,4.3,6.4,1.7,0.6,6.9,15.5,0.5,0.6,1.1,0.089,-0.9,0.1,-0.8,0.2
kentavious caldwellpope,27.0,LAL,SG,5.0,29.2,2.2,5.8,0.379,0.8,3.8,0.211,1.4,2.0,0.7,0.448,1.0,1.0,1.0,0.4,2.4,2.8,1.0,1.0,0.0,0.4,3.0,6.2,2021,Playoffs,5.9,0.497,0.655,0.172,1.5,9.7,5.4,5.4,1.8,0.0,6.0,10.1,0.0,0.2,0.2,0.057,-4.7,1.1,-3.6,-0.1
kentavious caldwellpope,29.0,DEN,SG,20.0,33.6,3.7,8.1,0.457,1.8,4.6,0.38,2.0,3.5,0.557,0.565,1.5,1.8,0.829,0.7,2.6,3.3,1.6,1.3,0.7,0.8,2.4,10.6,2023,Playoffs,11.3,0.598,0.568,0.216,2.5,8.5,5.6,6.0,2.0,1.7,7.8,12.9,0.8,0.9,1.6,0.117,-1.4,1.3,-0.1,0.3
kentavious caldwellpope,30.0,DEN,SG,12.0,35.0,2.8,7.2,0.395,1.5,4.6,0.327,1.3,2.6,0.516,0.5,0.9,0.9,1.0,0.4,2.5,2.9,2.6,1.4,0.4,0.8,3.1,8.1,2024,Playoffs,8.4,0.534,0.64,0.128,1.3,8.4,4.7,10.1,2.1,1.1,9.9,11.0,0.1,0.4,0.6,0.067,-3.1,1.7,-1.4,0.1
kessler edwards,21.0,BRK,SF,2.0,3.5,0.0,0.0,0.0,0.0,0.0,0.0,0.0,0.0,0.0,0.0,0.0,0.0,0.0,0.0,0.0,0.0,0.5,0.5,0.0,0.5,1.5,0.0,2022,Playoffs,-2.2,0.0,,,0.0,0.0,0.0,17.5,7.3,0.0,100.0,6.6,0.0,0.0,0.0,-0.104,-10.8,6.4,-4.4,0.0
kessler edwards,22.0,SAC,SF,6.0,1.2,0.0,0.0,0.0,0.0,0.0,0.0,0.0,0.0,0.0,0.0,0.0,0.0,0.0,0.0,0.2,0.2,0.0,0.0,0.0,0.0,0.0,0.0,2023,Playoffs,1.7,0.0,,,0.0,15.0,7.3,0.0,0.0,0.0,0.0,0.0,0.0,0.0,0.0,0.026,-5.8,-0.3,-6.2,0.0
kevin durant,25.0,OKC,SF,19.0,42.9,10.2,22.2,0.46,2.3,6.6,0.344,7.9,15.6,0.508,0.511,6.9,8.6,0.81,1.3,7.6,8.9,3.9,1.0,1.3,3.8,2.2,29.6,2014,Playoffs,22.6,0.57,0.296,0.386,3.7,19.1,11.8,18.3,1.2,2.3,12.7,31.6,1.5,0.9,2.5,0.145,6.1,0.4,6.4,1.7
kevin durant,27.0,OKC,SF,18.0,40.3,9.7,22.6,0.43,1.7,6.1,0.282,8.0,16.5,0.485,0.468,7.2,8.1,0.89,0.7,6.4,7.1,3.3,1.0,1.0,3.6,2.1,28.4,2016,Playoffs,20.3,0.542,0.27,0.359,2.0,17.4,9.8,14.9,1.3,2.0,12.1,32.1,1.2,0.8,2.0,0.13,4.3,-0.3,4.0,1.1
kevin durant,28.0,GSW,PF,15.0,35.5,9.9,17.9,0.556,2.5,5.7,0.442,7.4,12.1,0.61,0.627,6.1,6.9,0.893,1.1,6.9,7.9,4.3,0.8,1.3,2.5,2.6,28.5,2017,Playoffs,27.5,0.683,0.321,0.384,3.5,19.5,12.0,19.5,1.1,3.0,10.8,28.3,2.2,0.9,3.1,0.28,8.2,1.7,9.9,1.6
kevin durant,29.0,GSW,SF,21.0,38.4,10.1,20.7,0.487,2.2,6.6,0.341,7.9,14.1,0.556,0.541,6.5,7.2,0.901,0.6,7.1,7.8,4.7,0.7,1.2,2.4,2.0,29.0,2018,Playoffs,25.1,0.606,0.317,0.349,1.9,19.4,11.1,20.7,0.9,2.7,9.1,30.6,2.7,1.3,4.0,0.237,6.7,0.9,7.6,2.0
kevin durant,30.0,GSW,SF,12.0,36.8,10.4,20.3,0.514,2.9,6.7,0.438,7.5,13.6,0.552,0.586,8.5,9.4,0.903,0.1,4.8,4.9,4.5,1.1,1.0,3.6,3.2,32.3,2019,Playoffs,26.8,0.661,0.329,0.465,0.3,14.7,7.7,21.6,1.5,2.6,12.8,33.0,1.5,0.3,1.8,0.199,6.8,0.8,7.6,1.1
kevin durant,32.0,BRK,PF,12.0,40.4,12.1,23.5,0.514,2.8,6.8,0.402,9.3,16.7,0.56,0.573,7.3,8.4,0.871,0.4,8.8,9.3,4.4,1.5,1.6,3.5,2.6,34.3,2021,Playoffs,26.9,0.63,0.291,0.358,1.2,23.1,12.6,20.2,1.9,3.5,11.4,34.5,1.2,1.0,2.2,0.214,7.8,2.2,10.0,1.5
kevin durant,33.0,BRK,PF,4.0,44.0,8.0,20.8,0.386,1.8,5.3,0.333,6.3,15.5,0.403,0.428,8.5,9.5,0.895,0.5,5.3,5.8,6.3,1.0,0.3,5.3,3.8,26.3,2022,Playoffs,13.6,0.526,0.253,0.458,1.5,15.7,8.5,22.3,1.2,0.5,17.4,31.5,0.0,-0.1,-0.1,-0.026,0.4,-3.3,-2.9,0.0
kevin durant,34.0,PHO,PF,11.0,42.4,9.7,20.4,0.478,1.5,4.6,0.333,8.2,15.7,0.52,0.516,8.0,8.7,0.917,0.6,8.1,8.7,5.5,0.8,1.4,3.5,2.6,29.0,2023,Playoffs,21.1,0.599,0.228,0.429,1.8,21.8,12.0,19.6,1.0,2.7,12.8,28.8,0.9,0.2,1.1,0.114,3.7,0.9,4.6,0.8
kevin durant,35.0,PHO,PF,4.0,42.0,9.3,16.8,0.552,1.3,3.0,0.417,8.0,13.8,0.582,0.59,7.0,8.5,0.824,0.3,6.3,6.5,3.3,0.5,1.5,2.5,2.0,26.8,2024,Playoffs,20.9,0.653,0.179,0.507,0.7,18.3,9.4,15.1,0.6,3.3,10.9,25.7,0.4,-0.1,0.3,0.093,4.9,-1.0,3.8,0.2
kevin garnett,37.0,BRK,C,12.0,20.8,2.8,5.3,0.524,0.0,0.2,0.0,2.8,5.1,0.541,0.524,1.4,1.9,0.739,1.6,4.8,6.3,1.3,0.8,0.4,1.1,2.1,6.9,2014,Playoffs,17.2,0.568,0.032,0.365,9.1,30.3,19.2,10.8,2.0,1.9,15.1,16.8,0.3,0.3,0.6,0.123,0.5,1.8,2.3,0.3
kevin huerter,22.0,ATL,SG,18.0,31.0,4.3,10.0,0.428,1.8,5.3,0.347,2.4,4.7,0.518,0.519,0.7,0.9,0.706,0.6,3.2,3.8,2.8,0.8,0.9,1.1,2.7,11.1,2021,Playoffs,11.2,0.531,0.528,0.094,2.2,11.2,6.7,13.6,1.2,2.5,9.2,16.4,0.2,0.7,0.9,0.076,-0.2,1.3,1.2,0.4
kevin huerter,23.0,ATL,SF,5.0,30.8,3.4,9.4,0.362,1.8,6.2,0.29,1.6,3.2,0.5,0.457,0.6,0.8,0.75,0.2,2.8,3.0,3.8,1.2,0.6,2.2,3.0,9.2,2022,Playoffs,7.7,0.472,0.66,0.085,0.8,11.2,5.9,20.3,2.0,2.0,18.4,17.9,-0.2,0.1,-0.1,-0.017,-1.9,1.1,-0.8,0.0
kevin huerter,24.0,SAC,SG,7.0,26.1,3.6,10.3,0.347,1.1,5.6,0.205,2.4,4.7,0.515,0.403,0.9,1.1,0.75,0.1,4.3,4.4,1.1,0.4,1.3,0.6,3.3,9.1,2023,Playoffs,6.6,0.424,0.542,0.111,0.5,17.2,8.6,6.1,0.8,4.7,5.0,17.2,-0.2,0.2,0.0,0.008,-4.6,0.5,-4.1,-0.1
kevin knox,22.0,ATL,SF,2.0,4.5,3.5,5.5,0.636,3.0,5.0,0.6,0.5,0.5,1.0,0.909,1.0,1.0,1.0,0.0,1.0,1.0,0.0,1.0,0.0,1.5,0.0,11.0,2022,Playoffs,86.7,0.926,0.909,0.182,0.0,27.4,13.4,0.0,11.2,0.0,20.2,76.1,0.2,0.0,0.2,1.24,47.5,15.1,62.6,0.2
kevin love,26.0,CLE,PF,4.0,26.8,4.3,10.3,0.415,2.3,5.3,0.429,2.0,5.0,0.4,0.524,3.5,4.8,0.737,1.5,5.5,7.0,2.5,0.3,0.5,1.5,3.0,14.3,2015,Playoffs,20.0,0.577,0.512,0.463,6.3,22.3,14.4,16.9,0.5,1.6,10.8,23.5,0.3,0.1,0.5,0.208,4.1,0.2,4.3,0.2
kevin love,27.0,CLE,PF,20.0,30.7,4.6,12.0,0.385,2.3,5.6,0.414,2.3,6.4,0.359,0.481,3.2,3.8,0.84,1.7,7.1,8.8,2.1,0.5,0.4,1.4,1.7,14.7,2016,Playoffs,17.9,0.539,0.464,0.314,6.6,26.8,16.9,10.6,0.8,1.3,9.0,22.5,1.3,0.7,2.0,0.157,3.1,-0.8,2.4,0.7
kevin love,28.0,CLE,PF,18.0,32.1,5.3,12.1,0.436,2.8,6.2,0.45,2.5,5.9,0.421,0.55,3.5,4.2,0.84,2.0,8.6,10.6,1.7,1.2,0.9,1.7,2.6,16.8,2017,Playoffs,19.7,0.604,0.509,0.344,7.6,29.7,19.3,7.5,1.8,2.3,11.0,21.8,1.3,0.9,2.1,0.178,3.5,-0.3,3.2,0.8
kevin love,29.0,CLE,C,21.0,31.4,5.2,13.2,0.392,1.7,5.0,0.34,3.5,8.2,0.424,0.457,2.8,3.0,0.922,2.3,7.9,10.2,1.6,0.7,0.4,2.0,2.8,14.9,2018,Playoffs,15.5,0.511,0.381,0.23,8.6,30.6,19.4,8.6,1.2,1.1,11.8,24.3,0.3,0.7,1.0,0.073,1.1,-2.0,-0.9,0.2
kevin love,34.0,MIA,PF,20.0,18.0,2.3,6.0,0.378,1.7,4.4,0.375,0.6,1.6,0.387,0.517,0.7,0.8,0.875,0.7,4.9,5.6,1.2,0.5,0.4,0.5,1.8,6.9,2023,Playoffs,13.7,0.543,0.739,0.134,4.4,31.4,17.7,9.6,1.3,2.0,7.4,17.0,0.3,0.6,0.9,0.115,0.1,1.1,1.3,0.3
kevin love,35.0,MIA,PF,5.0,6.4,0.8,1.8,0.444,0.2,0.8,0.25,0.6,1.0,0.6,0.5,0.0,0.0,0.0,0.2,2.6,2.8,0.8,0.0,0.0,0.4,0.4,1.8,2024,Playoffs,11.6,0.5,0.444,0.0,3.6,49.2,25.7,20.3,0.0,0.0,18.2,16.8,0.0,0.0,0.0,0.008,-1.0,1.4,0.4,0.0
kevin martin,32.0,SAS,SG,5.0,9.8,1.6,4.0,0.4,0.8,1.6,0.5,0.8,2.4,0.333,0.5,0.4,0.6,0.667,0.0,0.8,0.8,0.6,0.2,0.0,1.2,1.0,4.4,2016,Playoffs,6.0,0.516,0.4,0.15,0.0,8.9,4.7,9.5,1.1,0.0,22.0,26.0,-0.1,0.0,-0.1,-0.067,-5.6,-1.7,-7.3,-0.1
kevin saraphin,24.0,WAS,C,4.0,1.5,0.0,0.8,0.0,0.0,0.0,0.0,0.0,0.8,0.0,0.0,0.0,0.0,0.0,0.3,0.3,0.5,0.0,0.0,0.0,0.3,0.3,0.0,2014,Playoffs,-24.8,0.0,0.0,0.0,19.2,19.4,19.3,0.0,0.0,0.0,25.0,31.5,-0.1,0.0,-0.1,-0.654,-22.0,-10.4,-32.4,0.0
kevin saraphin,25.0,WAS,C,6.0,12.0,2.5,5.2,0.484,0.0,0.0,0.0,2.5,5.2,0.484,0.484,0.5,1.0,0.5,0.5,2.7,3.2,0.3,0.3,0.2,0.7,1.7,5.5,2015,Playoffs,12.2,0.49,0.0,0.194,4.7,23.4,14.3,5.0,1.4,1.1,10.6,23.2,0.0,0.1,0.1,0.059,-3.7,1.4,-2.3,0.0
kevin saraphin,27.0,IND,PF,4.0,14.8,3.0,6.5,0.462,0.0,0.0,0.0,3.0,6.5,0.462,0.462,1.3,1.8,0.714,2.0,1.5,3.5,1.0,0.0,0.5,1.0,2.5,7.3,2017,Playoffs,14.0,0.499,0.0,0.269,15.7,12.1,13.9,10.6,0.0,3.3,12.1,24.5,0.0,0.0,0.0,0.022,-3.3,-2.0,-5.4,-0.1
kevon looney,21.0,GSW,C,21.0,18.4,1.9,3.4,0.542,0.0,0.1,0.0,1.9,3.3,0.557,0.542,0.4,1.0,0.381,2.0,2.2,4.2,0.9,0.7,0.4,0.4,2.4,4.1,2018,Playoffs,12.1,0.529,0.028,0.292,12.5,12.7,12.6,6.5,1.8,1.8,9.0,10.3,0.6,0.6,1.2,0.15,-1.5,0.8,-0.7,0.1
kevon looney,22.0,GSW,C,21.0,20.6,3.0,4.4,0.688,0.0,0.0,0.0,3.0,4.4,0.688,0.688,1.0,1.4,0.724,2.0,2.5,4.5,1.0,0.6,0.5,0.6,2.4,7.1,2019,Playoffs,16.6,0.704,0.0,0.312,11.2,13.7,12.5,6.6,1.4,2.5,10.9,12.0,1.2,0.3,1.4,0.159,0.2,0.5,0.7,0.3
kevon looney,25.0,GSW,C,22.0,20.4,2.6,4.0,0.659,0.0,0.0,0.0,2.6,4.0,0.659,0.659,0.5,0.8,0.611,2.9,4.8,7.6,2.2,0.4,0.5,0.9,2.3,5.8,2022,Playoffs,18.3,0.662,0.0,0.205,16.2,25.6,21.0,14.6,1.0,2.2,16.5,11.3,1.3,0.6,1.9,0.205,1.1,2.0,3.1,0.6
kevon looney,26.0,GSW,C,13.0,25.0,2.8,4.9,0.578,0.0,0.0,0.0,2.8,4.9,0.578,0.578,0.8,1.4,0.556,4.7,8.4,13.1,3.3,0.6,0.4,1.0,2.8,6.5,2023,Playoffs,18.8,0.584,0.0,0.281,19.1,35.1,27.0,17.4,1.2,1.3,15.3,10.8,0.8,0.6,1.4,0.206,1.4,1.8,3.1,0.4
khem birch,26.0,ORL,C,5.0,18.4,2.0,3.6,0.556,0.0,0.0,0.0,2.0,3.6,0.556,0.556,1.2,1.4,0.857,1.8,4.4,6.2,0.8,0.2,1.0,1.2,1.6,5.2,2019,Playoffs,14.7,0.617,0.0,0.389,9.9,28.1,18.4,7.7,0.5,5.0,22.2,13.1,0.1,0.1,0.2,0.092,-1.1,1.5,0.4,0.1
khem birch,27.0,ORL,C,5.0,17.8,1.4,2.8,0.5,0.0,0.0,0.0,1.4,2.8,0.5,0.5,2.0,2.2,0.909,1.8,3.2,5.0,1.4,0.2,0.0,1.0,2.2,4.8,2020,Playoffs,11.6,0.637,0.0,0.786,9.9,19.4,14.4,11.3,0.5,0.0,21.0,11.4,0.2,0.1,0.2,0.121,-2.0,0.5,-1.4,0.0
khem birch,29.0,TOR,C,6.0,10.5,1.3,2.7,0.5,0.3,0.7,0.5,1.0,2.0,0.5,0.563,0.0,0.0,0.0,0.7,0.8,1.5,0.5,0.2,0.2,0.5,2.2,3.0,2022,Playoffs,8.1,0.563,0.25,0.0,7.1,10.8,8.8,7.2,0.8,1.7,15.8,14.0,0.0,0.0,0.0,0.003,-5.1,-0.1,-5.2,0.0
khris middleton,23.0,MIL,SF,6.0,38.7,5.8,15.3,0.38,1.8,5.7,0.324,4.0,9.7,0.414,0.44,2.3,2.5,0.933,1.2,2.5,3.7,2.0,2.3,0.5,1.7,2.3,15.8,2015,Playoffs,12.7,0.482,0.37,0.163,2.9,7.5,5.0,9.6,3.1,1.2,9.2,21.0,0.0,0.2,0.2,0.04,-0.2,0.9,0.7,0.1
khris middleton,25.0,MIL,SF,6.0,38.5,5.2,13.0,0.397,1.2,3.2,0.368,4.0,9.8,0.407,0.442,3.0,3.7,0.818,0.0,4.7,4.7,5.3,2.0,0.0,1.8,2.8,14.5,2017,Playoffs,12.8,0.496,0.244,0.282,0.0,15.7,7.3,23.4,2.8,0.0,11.1,20.4,0.0,0.4,0.4,0.088,-0.9,1.8,1.0,0.2
khris middleton,26.0,MIL,SF,7.0,39.3,9.6,16.0,0.598,3.6,5.9,0.61,6.0,10.1,0.592,0.71,2.0,2.7,0.737,0.1,5.0,5.1,3.1,0.9,0.7,2.3,4.3,24.7,2018,Playoffs,22.5,0.719,0.366,0.17,0.5,14.2,7.8,14.3,1.1,1.6,11.7,24.1,0.9,0.2,1.1,0.195,5.0,-0.2,4.9,0.5
khris middleton,27.0,MIL,SF,15.0,34.3,5.6,13.4,0.418,2.7,6.1,0.435,2.9,7.3,0.404,0.517,3.1,3.5,0.885,0.6,5.7,6.3,4.4,0.6,0.0,1.9,2.9,16.9,2019,Playoffs,14.7,0.567,0.458,0.259,1.8,16.1,9.3,19.6,0.8,0.0,11.5,21.1,0.7,0.8,1.5,0.136,0.7,0.6,1.3,0.5
khris middleton,28.0,MIL,SF,10.0,35.5,7.1,18.0,0.394,2.3,6.5,0.354,4.8,11.5,0.417,0.458,3.8,4.6,0.826,0.5,6.4,6.9,6.0,1.1,0.2,3.4,4.1,20.3,2020,Playoffs,13.5,0.507,0.361,0.256,1.5,19.6,10.4,27.0,1.5,0.6,14.5,28.4,-0.1,0.5,0.3,0.043,-0.4,0.4,0.0,0.2
khris middleton,29.0,MIL,SF,23.0,40.1,8.6,19.7,0.438,2.6,7.6,0.343,6.0,12.0,0.498,0.504,3.7,4.2,0.887,1.1,6.5,7.6,5.1,1.5,0.2,3.2,2.5,23.6,2021,Playoffs,16.5,0.548,0.387,0.215,2.8,17.7,10.1,19.6,1.9,0.4,13.0,26.4,0.6,1.6,2.2,0.115,1.5,1.1,2.6,1.1
khris middleton,30.0,MIL,SF,2.0,36.0,5.0,12.0,0.417,3.0,7.0,0.429,2.0,5.0,0.4,0.542,1.5,1.5,1.0,0.5,4.5,5.0,7.0,1.5,0.0,5.5,3.0,14.5,2022,Playoffs,10.5,0.573,0.583,0.125,1.5,12.4,7.1,29.3,2.0,0.0,30.3,21.8,-0.1,0.1,0.1,0.035,-0.9,1.9,0.9,0.1
khris middleton,31.0,MIL,SF,5.0,34.6,8.0,17.2,0.465,2.6,6.4,0.406,5.4,10.8,0.5,0.541,5.2,6.0,0.867,1.4,5.0,6.4,6.2,0.6,0.0,3.4,3.0,23.8,2023,Playoffs,19.1,0.6,0.372,0.349,4.4,17.0,10.4,26.9,0.8,0.0,14.6,28.3,0.3,0.0,0.4,0.105,2.5,-0.9,1.6,0.2
khris middleton,32.0,MIL,SF,6.0,38.3,9.2,19.0,0.482,1.8,5.2,0.355,7.3,13.8,0.53,0.531,4.5,5.0,0.9,2.0,7.2,9.2,4.7,0.5,0.2,2.3,4.2,24.7,2024,Playoffs,20.4,0.582,0.272,0.263,5.9,21.0,13.5,20.4,0.7,0.4,9.9,28.2,0.5,0.1,0.6,0.123,1.1,-0.6,0.5,0.1
khyri thomas,22.0,DET,SG,3.0,5.0,2.0,4.0,0.5,0.3,1.3,0.25,1.7,2.7,0.625,0.542,0.3,0.3,1.0,0.0,0.7,0.7,0.0,0.7,0.0,0.0,0.0,4.7,2019,Playoffs,30.4,0.563,0.333,0.083,0.0,15.5,6.7,0.0,6.4,0.0,0.0,34.9,0.0,0.0,0.0,0.088,6.9,4.6,11.5,0.1
kirk hinrich,33.0,CHI,PG,5.0,33.4,4.6,11.2,0.411,1.4,3.8,0.368,3.2,7.4,0.432,0.473,0.4,0.8,0.5,0.2,2.8,3.0,4.4,0.8,0.2,2.2,4.4,11.0,2014,Playoffs,8.2,0.476,0.339,0.071,0.7,10.0,5.2,24.4,1.3,0.5,16.0,19.8,-0.1,0.1,0.0,0.005,-3.1,0.8,-2.2,0.0
kirk hinrich,34.0,CHI,SG,10.0,12.6,0.9,1.9,0.474,0.6,1.0,0.6,0.3,0.9,0.333,0.632,0.2,0.3,0.667,0.0,0.5,0.5,1.1,0.3,0.1,0.1,1.4,2.6,2015,Playoffs,9.2,0.64,0.526,0.158,0.0,4.3,2.2,13.5,1.3,0.6,4.7,7.7,0.2,0.1,0.4,0.134,-2.3,1.4,-0.9,0.0
kirk hinrich,35.0,ATL,PG,6.0,4.5,0.3,1.2,0.286,0.2,0.5,0.333,0.2,0.7,0.25,0.357,0.0,0.0,0.0,0.0,0.7,0.7,0.5,0.0,0.0,0.0,0.3,0.8,2016,Playoffs,5.1,0.357,0.429,0.0,0.0,15.2,8.0,16.3,0.0,0.0,0.0,11.6,0.0,0.0,0.0,0.012,-5.4,-0.8,-6.2,0.0
kj mcdaniels,22.0,HOU,SF,4.0,8.5,1.0,3.3,0.308,0.3,0.8,0.333,0.8,2.5,0.3,0.346,0.0,0.0,0.0,0.3,1.5,1.8,0.3,0.0,0.8,0.0,0.8,2.3,2016,Playoffs,7.3,0.346,0.231,0.0,2.9,19.8,10.9,5.2,0.0,7.6,0.0,15.7,0.0,0.0,0.0,-0.026,-1.4,0.2,-1.2,0.0
klay thompson,23.0,GSW,SG,7.0,36.7,5.7,14.0,0.408,2.3,6.3,0.364,3.4,7.7,0.444,0.49,2.7,3.4,0.792,0.6,2.9,3.4,3.6,1.0,0.7,2.1,3.4,16.4,2014,Playoffs,12.0,0.53,0.449,0.245,1.7,9.1,5.4,15.2,1.4,1.7,12.1,20.5,0.2,0.0,0.2,0.045,0.5,0.6,1.1,0.2
klay thompson,24.0,GSW,SG,21.0,36.2,7.1,15.9,0.446,2.7,7.0,0.39,4.4,9.0,0.489,0.531,1.7,2.1,0.8,0.4,3.4,3.9,2.6,0.8,0.9,2.0,3.0,18.6,2015,Playoffs,14.8,0.553,0.437,0.135,1.3,10.2,5.8,12.1,1.1,2.0,10.4,23.3,0.9,1.0,1.9,0.118,2.0,0.0,1.9,0.7
klay thompson,25.0,GSW,SG,24.0,35.4,8.4,18.9,0.444,4.1,9.6,0.424,4.3,9.3,0.464,0.552,3.4,4.0,0.854,0.6,3.0,3.7,2.3,1.1,0.4,2.0,2.2,24.3,2016,Playoffs,19.5,0.588,0.51,0.212,1.9,9.2,5.6,11.1,1.5,0.9,8.7,28.0,1.9,0.6,2.5,0.143,4.6,-0.4,4.2,1.3
klay thompson,26.0,GSW,SG,17.0,35.1,5.5,13.9,0.397,2.4,6.2,0.387,3.1,7.7,0.405,0.483,1.5,1.9,0.788,0.6,3.2,3.9,2.1,0.8,0.3,1.4,2.6,15.0,2017,Playoffs,9.3,0.507,0.447,0.139,2.1,9.3,6.0,8.0,1.1,0.7,8.7,19.8,-0.1,0.7,0.6,0.049,-1.4,-1.8,-3.3,-0.2
klay thompson,27.0,GSW,SG,21.0,37.8,7.6,16.3,0.465,3.2,7.5,0.427,4.4,8.8,0.497,0.563,1.3,1.5,0.871,0.5,3.6,4.1,1.8,0.8,0.3,1.5,2.3,19.6,2018,Playoffs,13.9,0.579,0.459,0.091,1.6,9.9,5.9,7.3,1.0,0.7,8.0,21.8,0.9,0.9,1.8,0.107,1.1,-1.0,0.1,0.4
klay thompson,28.0,GSW,SG,21.0,39.0,7.8,17.1,0.456,3.3,7.5,0.443,4.5,9.6,0.465,0.553,1.8,2.0,0.902,0.6,3.5,4.1,2.1,1.3,0.7,1.8,2.8,20.7,2019,Playoffs,14.5,0.575,0.439,0.114,1.7,10.1,6.0,8.3,1.7,1.8,9.1,22.1,0.7,0.4,1.1,0.067,0.6,-0.4,0.2,0.5
klay thompson,31.0,GSW,SG,22.0,36.0,7.2,16.7,0.429,3.5,9.1,0.385,3.7,7.6,0.482,0.534,1.2,1.4,0.867,0.3,3.6,3.9,2.3,1.1,0.7,1.3,2.1,19.0,2022,Playoffs,14.1,0.55,0.543,0.082,1.0,10.9,6.1,9.5,1.5,1.9,6.8,22.7,0.6,0.7,1.3,0.079,1.1,-0.4,0.7,0.6
klay thompson,32.0,GSW,SF,13.0,36.0,6.5,16.8,0.388,3.8,10.5,0.368,2.7,6.4,0.422,0.502,1.6,1.8,0.875,0.1,4.1,4.2,2.2,0.5,0.3,2.0,2.2,18.5,2023,Playoffs,9.3,0.525,0.621,0.11,0.2,11.9,6.0,9.0,0.7,0.7,10.2,22.5,-0.2,0.4,0.2,0.016,-1.3,-1.3,-2.6,-0.1
kobe brown,24.0,LAC,PF,3.0,3.3,0.0,0.0,0.0,0.0,0.0,0.0,0.0,0.0,0.0,0.0,0.0,0.0,0.0,0.3,0.3,0.7,0.0,0.0,0.0,0.0,0.3,0.0,2024,Playoffs,3.9,0.0,,,11.6,11.2,11.4,0.0,0.0,0.0,0.0,0.0,0.0,0.0,0.0,0.051,-3.9,-0.8,-4.7,0.0
kosta koufos,24.0,MEM,C,7.0,6.4,1.0,2.3,0.438,0.0,0.0,0.0,1.0,2.3,0.438,0.438,0.6,0.6,1.0,1.0,1.1,2.1,0.3,0.3,0.4,0.4,1.0,2.6,2014,Playoffs,19.1,0.507,0.0,0.25,16.6,20.9,18.7,7.8,2.4,5.8,14.5,21.2,0.0,0.1,0.1,0.117,-0.5,2.3,1.8,0.0
kosta koufos,25.0,MEM,C,11.0,11.5,1.5,2.8,0.548,0.0,0.0,0.0,1.5,2.8,0.548,0.548,0.3,0.5,0.6,1.7,1.8,3.5,0.4,0.4,0.5,0.1,1.3,3.4,2015,Playoffs,19.0,0.557,0.0,0.161,16.2,17.7,16.9,5.2,1.6,4.3,2.9,12.3,0.3,0.2,0.5,0.198,1.9,1.0,2.9,0.2
kostas papanikolaou,24.0,HOU,SF,8.0,2.6,0.1,0.5,0.25,0.0,0.4,0.0,0.1,0.1,1.0,0.25,0.1,0.3,0.5,0.0,0.3,0.3,0.0,0.0,0.0,0.6,0.5,0.4,2015,Playoffs,-14.0,0.307,0.75,0.5,0.0,9.8,4.9,0.0,0.0,0.0,50.6,19.6,-0.2,0.0,-0.2,-0.399,-17.2,-5.5,-22.7,-0.1
kris dunn,26.0,ATL,PG,5.0,6.6,0.2,1.0,0.2,0.0,0.2,0.0,0.2,0.8,0.25,0.2,0.8,0.8,1.0,0.0,1.0,1.0,1.0,0.4,0.4,0.8,1.0,1.2,2021,Playoffs,6.2,0.444,0.2,0.8,0.0,16.4,8.3,19.4,3.0,5.2,37.2,14.4,-0.1,0.1,0.0,-0.019,-6.7,4.9,-1.8,0.0
kris humphries,30.0,ATL,PF,4.0,14.0,3.3,7.0,0.464,1.3,2.5,0.5,2.0,4.5,0.444,0.554,1.5,1.5,1.0,2.0,4.0,6.0,1.0,0.5,1.3,0.5,2.3,9.3,2016,Playoffs,30.8,0.604,0.357,0.214,16.1,29.4,23.0,13.7,1.8,8.0,6.1,26.1,0.2,0.1,0.4,0.319,6.3,2.6,8.9,0.2
kristaps porziaais,24.0,DAL,C,3.0,31.3,7.0,13.3,0.525,3.0,5.7,0.529,4.0,7.7,0.522,0.638,6.7,7.7,0.87,1.0,7.7,8.7,0.7,0.0,1.0,1.0,3.0,23.7,2020,Playoffs,26.0,0.708,0.425,0.575,3.4,27.1,15.1,3.3,0.0,2.8,5.6,24.3,0.4,0.0,0.4,0.205,6.2,-0.6,5.7,0.2
kristaps porziaais,25.0,DAL,C,7.0,33.3,4.9,10.3,0.472,1.1,3.9,0.296,3.7,6.4,0.578,0.528,2.3,2.7,0.842,1.0,4.4,5.4,1.3,1.3,0.7,0.4,2.7,13.1,2021,Playoffs,14.9,0.572,0.375,0.264,3.3,16.3,9.5,5.8,2.0,2.3,3.6,16.2,0.4,0.1,0.5,0.099,0.6,0.1,0.7,0.2
kristaps porziaais,28.0,BOS,C,7.0,23.6,4.0,8.6,0.467,1.4,4.1,0.345,2.6,4.4,0.581,0.55,2.9,3.1,0.909,0.6,3.9,4.4,1.1,0.7,1.6,0.7,2.1,12.3,2024,Playoffs,19.6,0.617,0.483,0.367,2.9,19.1,11.0,7.5,1.6,6.1,6.7,21.0,0.4,0.3,0.7,0.204,2.0,2.5,4.6,0.3
kyle anderson,22.0,SAS,SF,10.0,12.9,0.8,2.5,0.32,0.1,0.3,0.333,0.7,2.2,0.318,0.34,0.6,0.7,0.857,0.2,2.2,2.4,0.7,0.6,0.3,0.4,1.1,2.3,2016,Playoffs,7.7,0.41,0.12,0.28,1.9,18.6,10.7,7.3,2.4,1.8,12.5,11.6,-0.1,0.2,0.1,0.055,-4.5,2.0,-2.4,0.0
kyle anderson,23.0,SAS,SF,15.0,13.0,2.4,4.3,0.563,0.2,0.7,0.3,2.2,3.6,0.611,0.586,0.5,0.7,0.727,0.8,2.3,3.1,1.7,0.7,0.1,0.5,0.5,5.5,2017,Playoffs,21.6,0.603,0.156,0.172,6.8,21.0,13.6,20.1,2.6,1.0,9.2,17.2,0.5,0.2,0.8,0.187,3.5,3.3,6.8,0.4
kyle anderson,24.0,SAS,SF,5.0,14.6,2.4,4.0,0.6,0.0,0.8,0.0,2.4,3.2,0.75,0.6,0.6,0.8,0.75,1.0,1.6,2.6,0.6,1.2,0.2,0.6,2.0,5.4,2018,Playoffs,17.5,0.62,0.2,0.2,7.2,13.3,10.1,7.4,4.2,1.2,12.1,15.5,0.1,0.1,0.2,0.13,-0.8,3.7,2.9,0.1
kyle anderson,27.0,MEM,PF,5.0,28.4,3.6,8.4,0.429,0.6,2.4,0.25,3.0,6.0,0.5,0.464,0.6,0.8,0.75,0.8,4.2,5.0,3.2,2.8,0.0,0.8,1.8,8.4,2021,Playoffs,13.7,0.48,0.286,0.095,2.9,17.8,9.7,14.2,4.8,0.0,8.4,14.2,0.0,0.1,0.1,0.042,0.0,2.4,2.4,0.2
kyle anderson,28.0,MEM,PF,12.0,18.4,2.4,4.3,0.569,0.3,1.0,0.25,2.2,3.3,0.667,0.598,0.9,1.5,0.611,0.8,3.5,4.3,1.8,0.9,0.6,0.8,1.8,6.0,2022,Playoffs,15.0,0.611,0.235,0.353,4.5,21.2,12.4,13.6,2.3,3.1,14.5,12.8,0.3,0.4,0.7,0.147,-0.7,3.5,2.8,0.3
kyle anderson,29.0,MIN,PF,4.0,26.0,3.8,7.5,0.5,0.5,1.5,0.333,3.3,6.0,0.542,0.533,0.5,0.5,1.0,0.8,3.3,4.0,4.5,1.8,0.5,1.5,3.3,8.5,2023,Playoffs,14.9,0.551,0.2,0.067,3.3,14.9,9.0,27.6,3.4,1.7,16.3,16.4,0.1,0.1,0.2,0.079,-0.5,4.2,3.7,0.1
kyle anderson,30.0,MIN,PF,15.0,15.4,1.7,3.8,0.456,0.1,0.5,0.25,1.6,3.3,0.49,0.474,0.7,0.8,0.833,1.2,1.5,2.7,2.5,0.7,0.3,0.7,1.7,4.3,2024,Playoffs,14.5,0.514,0.14,0.211,9.2,11.3,10.3,23.7,2.3,2.1,13.8,14.2,0.4,0.3,0.6,0.132,-0.7,3.0,2.3,0.3
kyle korver,32.0,ATL,SG,7.0,35.7,4.3,9.4,0.455,3.3,7.7,0.426,1.0,1.7,0.583,0.629,1.6,1.7,0.917,0.3,5.0,5.3,0.7,0.6,0.3,1.6,2.1,13.4,2014,Playoffs,12.1,0.659,0.818,0.182,0.9,17.0,8.4,3.9,0.8,0.7,13.4,15.3,0.3,0.4,0.6,0.122,1.5,-0.1,1.4,0.2
kyle korver,33.0,ATL,SG,14.0,37.6,3.7,9.5,0.391,2.8,7.9,0.355,0.9,1.6,0.565,0.538,0.9,1.1,0.813,0.1,4.9,5.0,2.4,1.4,1.1,1.5,1.9,11.1,2015,Playoffs,11.3,0.557,0.827,0.12,0.2,14.1,7.1,9.5,2.0,2.3,13.0,13.9,0.2,0.7,0.8,0.077,-0.2,0.9,0.8,0.4
kyle korver,34.0,ATL,SG,10.0,31.6,3.5,7.5,0.467,2.4,5.4,0.444,1.1,2.1,0.524,0.627,0.9,0.9,1.0,0.3,4.5,4.8,1.0,1.0,0.4,0.8,2.3,10.3,2016,Playoffs,12.3,0.652,0.72,0.12,1.1,14.6,8.2,4.9,1.6,1.1,9.2,12.3,0.5,0.4,0.8,0.122,-0.6,1.4,0.9,0.2
kyle korver,35.0,CLE,SG,18.0,18.1,1.9,4.4,0.425,1.5,3.8,0.391,0.4,0.6,0.636,0.594,0.6,0.6,1.0,0.1,1.6,1.7,0.7,0.4,0.3,0.4,1.2,5.8,2017,Playoffs,10.2,0.622,0.863,0.125,0.8,9.5,5.4,5.3,1.1,1.3,7.7,12.5,0.4,0.2,0.6,0.094,0.6,-1.0,-0.4,0.1
kyle korver,36.0,CLE,SG,22.0,23.0,2.7,6.4,0.418,2.0,5.0,0.413,0.6,1.5,0.438,0.578,0.9,1.0,0.864,0.3,2.1,2.4,0.9,0.4,0.4,0.6,2.0,8.3,2018,Playoffs,11.4,0.604,0.773,0.156,1.4,11.1,6.1,5.8,0.9,1.6,8.5,15.1,0.7,0.3,1.0,0.092,1.1,-0.9,0.2,0.3
kyle korver,37.0,UTA,SG,4.0,7.5,0.8,2.0,0.375,0.5,1.5,0.333,0.3,0.5,0.5,0.5,0.5,0.8,0.667,0.3,1.0,1.3,0.0,0.0,0.0,0.3,1.5,2.5,2019,Playoffs,4.4,0.536,0.75,0.375,3.4,14.5,8.8,0.0,0.0,0.0,9.7,14.7,0.0,0.0,0.0,0.022,-5.1,-1.0,-6.1,0.0
kyle korver,38.0,MIL,SF,10.0,11.9,2.0,4.7,0.426,1.5,3.7,0.405,0.5,1.0,0.5,0.585,0.7,0.7,1.0,0.1,0.7,0.8,0.1,0.3,0.1,0.5,0.9,6.2,2020,Playoffs,12.2,0.619,0.787,0.149,0.9,6.4,3.6,1.3,1.2,0.9,9.1,19.9,0.1,0.1,0.2,0.082,0.4,-0.4,0.0,0.1
kyle kuzma,24.0,LAL,PF,21.0,23.0,3.7,8.5,0.43,1.2,4.0,0.313,2.4,4.6,0.531,0.503,1.4,1.8,0.784,0.9,2.2,3.1,0.8,0.3,0.3,1.0,2.4,10.0,2020,Playoffs,10.0,0.535,0.464,0.207,4.4,11.4,7.9,5.0,0.6,1.4,9.7,19.5,0.2,0.4,0.6,0.059,-2.2,-1.5,-3.6,-0.2
kyle kuzma,25.0,LAL,SF,6.0,21.5,2.3,8.0,0.292,0.7,3.8,0.174,1.7,4.2,0.4,0.333,1.0,1.5,0.667,0.7,3.2,3.8,1.2,0.3,0.2,1.0,1.3,6.3,2021,Playoffs,3.3,0.366,0.479,0.188,3.4,17.4,10.1,8.9,0.8,0.8,10.4,20.0,-0.4,0.2,-0.2,-0.086,-5.1,-0.8,-5.9,-0.1
kyle lowry,27.0,TOR,PG,7.0,38.7,6.3,15.6,0.404,2.4,6.1,0.395,3.9,9.4,0.409,0.482,6.1,7.0,0.878,1.3,3.4,4.7,4.7,0.9,0.0,2.9,3.9,21.1,2014,Playoffs,17.4,0.567,0.394,0.45,4.2,10.4,7.4,23.5,1.2,0.0,13.3,26.1,0.6,0.2,0.7,0.13,3.4,-1.3,2.1,0.3
kyle lowry,28.0,TOR,PG,4.0,32.8,4.5,14.3,0.316,1.3,5.8,0.217,3.3,8.5,0.382,0.36,2.0,2.8,0.727,1.8,3.8,5.5,4.8,1.3,0.0,3.0,4.5,12.3,2015,Playoffs,8.1,0.396,0.404,0.193,5.7,13.8,9.5,23.8,1.9,0.0,16.3,25.3,-0.3,0.0,-0.3,-0.115,-2.5,-2.9,-5.4,-0.1
kyle lowry,29.0,TOR,PG,20.0,38.3,6.6,16.5,0.397,2.1,6.9,0.304,4.5,9.6,0.464,0.461,3.9,5.2,0.75,0.9,3.8,4.7,6.0,1.6,0.2,3.2,3.7,19.1,2016,Playoffs,16.6,0.508,0.418,0.315,2.7,12.6,7.4,29.2,2.2,0.3,14.4,26.5,0.6,0.7,1.2,0.077,2.5,0.0,2.5,0.9
kyle lowry,30.0,TOR,PG,8.0,37.5,5.4,11.6,0.462,1.6,4.8,0.342,3.8,6.9,0.545,0.532,3.4,4.1,0.818,0.4,2.8,3.1,5.9,1.5,0.5,2.1,3.3,15.8,2017,Playoffs,15.7,0.586,0.409,0.355,1.2,8.8,5.0,26.5,2.1,1.2,13.7,19.5,0.4,0.3,0.7,0.116,1.6,0.6,2.2,0.3
kyle lowry,31.0,TOR,PG,10.0,36.1,6.0,11.8,0.508,2.8,6.3,0.444,3.2,5.5,0.582,0.627,2.6,3.2,0.813,0.2,4.1,4.3,8.5,1.5,0.0,3.1,3.3,17.4,2018,Playoffs,19.9,0.659,0.534,0.271,0.7,14.2,7.3,37.0,2.1,0.0,19.0,20.5,1.1,0.0,1.1,0.15,4.6,1.1,5.8,0.7
kyle lowry,32.0,TOR,PG,24.0,37.5,5.1,11.5,0.44,2.2,6.0,0.359,2.9,5.5,0.53,0.534,2.7,3.4,0.802,0.9,4.0,4.9,6.6,1.3,0.3,2.3,4.0,15.0,2019,Playoffs,15.4,0.577,0.523,0.292,2.6,11.8,7.2,27.5,1.7,0.8,14.7,18.5,1.5,1.3,2.7,0.146,1.0,1.3,2.3,1.0
kyle lowry,33.0,TOR,PG,11.0,37.5,5.6,13.5,0.419,2.1,6.5,0.319,3.5,6.9,0.513,0.497,4.4,5.5,0.8,0.7,5.8,6.5,5.8,1.7,0.7,2.5,3.6,17.7,2020,Playoffs,16.1,0.559,0.486,0.405,2.0,17.1,9.4,23.9,2.2,2.1,13.8,21.6,0.4,0.8,1.3,0.146,0.9,2.6,3.5,0.5
kyle lowry,35.0,MIA,PG,10.0,29.5,2.5,8.6,0.291,1.3,5.4,0.241,1.2,3.2,0.375,0.366,1.5,1.9,0.789,0.3,3.3,3.6,4.7,1.2,0.7,1.9,2.9,7.8,2022,Playoffs,7.8,0.413,0.628,0.221,1.2,13.7,7.2,22.5,2.1,2.6,16.8,17.1,-0.4,0.5,0.1,0.018,-3.4,0.7,-2.7,0.0
kyle lowry,36.0,MIA,PG,23.0,26.0,3.2,7.6,0.425,1.4,3.8,0.375,1.8,3.7,0.477,0.52,1.3,1.4,0.939,0.5,3.0,3.5,4.4,1.0,0.6,1.7,2.6,9.2,2023,Playoffs,13.4,0.562,0.506,0.19,2.2,13.4,7.7,24.1,2.0,2.3,17.5,17.2,0.4,0.8,1.2,0.095,-0.6,2.4,1.8,0.6
kyle lowry,37.0,PHI,PG,6.0,29.2,1.8,5.3,0.344,1.3,4.0,0.333,0.5,1.3,0.375,0.469,2.0,2.5,0.8,1.0,2.5,3.5,4.0,1.0,0.7,0.7,3.8,7.0,2024,Playoffs,11.4,0.544,0.75,0.469,4.0,9.3,6.8,19.7,1.8,1.9,9.4,11.2,0.3,0.1,0.4,0.111,-1.1,1.7,0.6,0.1
kyle singler,27.0,OKC,SF,6.0,8.5,0.5,1.5,0.333,0.3,0.7,0.5,0.2,0.8,0.2,0.444,0.0,0.3,0.0,0.2,1.0,1.2,0.0,0.2,0.0,0.0,0.7,1.3,2016,Playoffs,3.6,0.405,0.444,0.222,2.2,12.9,7.7,0.0,1.0,0.0,0.0,8.4,0.0,0.0,0.0,0.02,-3.7,-0.2,-3.9,0.0
kyrie irving,22.0,CLE,PG,13.0,35.7,6.2,14.2,0.438,2.1,4.6,0.45,4.2,9.6,0.432,0.511,4.5,5.3,0.841,0.8,2.8,3.6,3.8,1.3,0.8,1.5,2.2,19.0,2015,Playoffs,20.9,0.573,0.324,0.373,2.4,8.6,5.6,20.1,1.9,2.0,8.5,23.0,1.5,0.5,2.0,0.209,4.5,0.7,5.2,0.8
kyrie irving,23.0,CLE,PG,21.0,36.9,9.6,20.1,0.475,2.4,5.5,0.44,7.1,14.6,0.489,0.535,3.7,4.2,0.875,0.7,2.2,3.0,4.7,1.7,0.6,2.3,2.2,25.2,2016,Playoffs,24.4,0.574,0.274,0.208,2.3,7.1,4.7,23.5,2.5,1.6,9.4,30.4,2.6,0.8,3.4,0.21,5.4,0.6,6.0,1.6
kyrie irving,24.0,CLE,PG,18.0,36.3,9.6,20.6,0.468,2.4,6.6,0.373,7.2,14.0,0.512,0.527,4.2,4.7,0.905,0.7,2.1,2.8,5.3,1.3,0.4,2.7,2.1,25.9,2017,Playoffs,21.3,0.573,0.319,0.227,2.4,6.5,4.6,24.7,1.7,1.0,10.6,31.1,1.6,0.4,2.0,0.147,4.0,-1.8,2.2,0.7
kyrie irving,26.0,BOS,PG,9.0,36.7,7.7,19.9,0.385,2.0,6.4,0.31,5.7,13.4,0.421,0.436,4.0,4.4,0.9,0.6,3.8,4.3,7.0,1.4,0.4,3.1,2.9,21.3,2019,Playoffs,15.5,0.488,0.324,0.223,1.6,10.1,6.0,35.8,1.9,1.1,12.5,30.1,-0.2,0.5,0.4,0.055,2.1,0.3,2.5,0.4
kyrie irving,28.0,BRK,PG,9.0,36.1,8.6,18.1,0.472,2.7,7.2,0.369,5.9,10.9,0.541,0.546,2.9,3.1,0.929,1.3,4.4,5.8,3.4,1.0,0.6,1.2,2.1,22.7,2021,Playoffs,20.0,0.582,0.399,0.172,4.3,13.0,8.8,15.8,1.4,1.4,5.9,26.0,0.6,0.5,1.1,0.164,4.1,-0.6,3.5,0.5
kyrie irving,29.0,BRK,PG,4.0,42.5,7.0,15.8,0.444,2.0,5.3,0.381,5.0,10.5,0.476,0.508,5.3,5.3,1.0,1.5,3.8,5.3,5.3,1.8,1.3,2.3,3.3,21.3,2022,Playoffs,19.2,0.588,0.333,0.333,4.6,11.6,8.1,18.9,2.1,2.8,11.1,21.9,0.4,0.0,0.4,0.115,3.4,-0.7,2.8,0.2
kyrie irving,31.0,DAL,SG,22.0,40.0,8.5,18.1,0.467,2.4,6.2,0.39,6.0,11.9,0.508,0.534,2.8,3.3,0.849,1.0,2.7,3.7,5.1,1.0,0.3,2.3,2.8,22.1,2024,Playoffs,16.6,0.566,0.342,0.183,2.9,7.6,5.3,21.5,1.4,0.8,10.6,24.9,1.4,0.7,2.1,0.116,2.6,-0.2,2.4,1.0
kz okpala,21.0,MIA,PF,2.0,3.0,0.0,0.5,0.0,0.0,0.5,0.0,0.0,0.0,0.0,0.0,0.0,0.0,0.0,0.0,0.0,0.0,0.0,0.0,0.0,0.0,0.0,0.0,2021,Playoffs,-6.6,0.0,1.0,0.0,0.0,0.0,0.0,0.0,0.0,0.0,0.0,7.3,0.0,0.0,0.0,-0.203,-9.6,-5.3,-14.8,0.0
lamar patterson,24.0,ATL,SG,4.0,5.0,0.5,1.8,0.286,0.3,0.8,0.333,0.3,1.0,0.25,0.357,0.3,0.3,1.0,0.0,1.3,1.3,0.8,0.3,0.0,1.0,0.3,1.5,2016,Playoffs,2.7,0.403,0.429,0.143,0.0,25.7,13.4,22.9,2.5,0.0,35.0,25.6,-0.1,0.0,-0.1,-0.183,-7.8,0.5,-7.3,0.0
lamar stevens,25.0,CLE,SF,2.0,4.5,0.5,1.0,0.5,0.5,0.5,1.0,0.0,0.5,0.0,0.75,1.0,1.0,1.0,0.0,1.5,1.5,0.0,0.0,0.0,0.0,0.0,2.5,2023,Playoffs,23.9,0.868,0.5,1.0,0.0,37.2,19.4,0.0,0.0,0.0,0.0,15.0,0.0,0.0,0.1,0.366,9.8,4.1,13.8,0.0
lamarcus aldridge,28.0,POR,PF,11.0,40.1,10.3,22.7,0.452,0.2,0.3,0.667,10.1,22.5,0.449,0.456,5.5,6.8,0.8,2.7,7.9,10.6,1.5,0.6,1.6,1.7,3.6,26.2,2014,Playoffs,21.0,0.509,0.012,0.3,7.5,21.2,14.4,7.0,0.8,3.0,6.3,30.1,0.6,0.3,0.9,0.097,2.7,-0.7,2.1,0.4
lamarcus aldridge,29.0,POR,PF,5.0,41.6,7.4,22.4,0.33,0.6,2.2,0.273,6.8,20.2,0.337,0.344,6.4,7.2,0.889,4.2,7.0,11.2,1.8,0.4,2.4,1.6,3.2,21.8,2015,Playoffs,16.7,0.426,0.098,0.321,10.8,18.4,14.6,8.4,0.5,3.8,5.9,29.9,0.0,0.2,0.1,0.032,1.7,-1.4,0.4,0.1
lamarcus aldridge,30.0,SAS,PF,10.0,33.7,8.8,16.9,0.521,0.2,0.2,1.0,8.6,16.7,0.515,0.527,4.1,4.6,0.891,2.2,6.1,8.3,1.0,0.4,1.4,1.1,1.8,21.9,2016,Playoffs,25.0,0.579,0.012,0.272,8.0,19.7,14.2,5.4,0.6,3.3,5.5,27.7,1.0,0.5,1.6,0.223,3.5,0.2,3.6,0.5
lamarcus aldridge,31.0,SAS,PF,16.0,33.6,6.9,15.0,0.458,0.1,0.9,0.143,6.8,14.1,0.478,0.463,2.6,3.4,0.764,2.7,4.8,7.4,1.5,0.6,1.0,1.8,2.6,16.5,2017,Playoffs,15.2,0.5,0.058,0.229,8.9,17.0,12.8,7.2,1.0,2.9,9.6,24.1,0.2,0.4,0.6,0.058,-0.9,-0.8,-1.7,0.0
lamarcus aldridge,32.0,SAS,C,5.0,35.4,7.4,16.0,0.463,0.6,1.0,0.6,6.8,15.0,0.453,0.481,8.2,8.4,0.976,2.6,6.6,9.2,2.4,0.6,0.4,1.8,1.8,23.6,2018,Playoffs,24.8,0.599,0.063,0.525,7.8,22.6,14.7,13.2,0.9,1.0,8.4,27.8,0.6,0.1,0.7,0.189,5.6,0.1,5.7,0.3
lamarcus aldridge,33.0,SAS,C,7.0,34.9,7.9,17.3,0.455,0.4,1.6,0.273,7.4,15.7,0.473,0.467,3.9,4.7,0.818,2.7,6.9,9.6,2.7,0.7,1.0,1.0,3.0,20.0,2019,Playoffs,21.8,0.517,0.091,0.273,8.4,21.1,14.8,13.1,1.1,2.3,4.9,27.2,0.5,0.2,0.6,0.126,2.5,-0.2,2.3,0.3
lance stephenson,23.0,IND,SG,19.0,37.1,5.3,11.6,0.455,1.3,3.5,0.358,4.0,8.1,0.497,0.509,1.8,2.6,0.714,1.3,5.6,6.9,4.2,0.8,0.2,2.4,2.9,13.6,2014,Playoffs,13.5,0.536,0.305,0.223,4.2,18.0,11.2,20.3,1.2,0.5,16.0,19.9,0.3,1.0,1.2,0.085,0.3,0.6,0.9,0.5
lance stephenson,25.0,MEM,SF,4.0,23.8,5.8,11.0,0.523,0.5,1.3,0.4,5.3,9.8,0.538,0.545,1.0,1.3,0.8,0.3,1.3,1.5,1.8,0.3,0.0,0.8,2.5,13.0,2016,Playoffs,16.8,0.563,0.114,0.114,1.1,7.2,3.7,17.4,0.6,0.0,6.1,23.8,0.2,-0.1,0.1,0.066,2.9,-1.7,1.2,0.1
lance stephenson,26.0,IND,SG,4.0,26.8,6.8,13.3,0.509,1.8,4.5,0.389,5.0,8.8,0.571,0.575,0.8,1.0,0.75,0.3,5.0,5.3,2.8,0.5,0.0,1.0,2.8,16.0,2017,Playoffs,18.4,0.584,0.34,0.075,1.1,22.3,11.5,17.4,0.9,0.0,6.8,24.0,0.2,0.0,0.2,0.109,1.3,0.4,1.7,0.1
lance stephenson,27.0,IND,SG,7.0,21.3,4.3,9.3,0.462,1.1,3.7,0.308,3.1,5.6,0.564,0.523,0.7,1.3,0.556,0.4,2.3,2.7,2.9,0.3,0.1,1.3,2.9,10.4,2018,Playoffs,13.8,0.529,0.4,0.138,2.6,12.6,7.8,22.3,0.7,0.7,11.5,24.7,0.1,0.2,0.3,0.09,-0.3,0.6,0.3,0.1
lance thomas,31.0,BRK,PF,3.0,5.7,0.3,1.7,0.2,0.0,0.7,0.0,0.3,1.0,0.333,0.2,0.7,1.3,0.5,0.3,0.7,1.0,0.0,0.0,0.3,0.0,0.7,1.3,2020,Playoffs,1.5,0.296,0.4,0.8,5.5,12.8,8.9,0.0,0.0,5.6,0.0,16.4,0.0,0.0,-0.1,-0.146,-8.1,-3.7,-11.8,0.0
landry fields,25.0,TOR,SF,3.0,8.7,0.0,0.7,0.0,0.0,0.0,0.0,0.0,0.7,0.0,0.0,0.0,0.0,0.0,0.7,1.7,2.3,0.3,1.3,0.3,0.3,0.7,0.0,2014,Playoffs,11.0,0.0,0.0,0.0,9.8,22.5,16.4,5.6,8.3,3.5,33.3,5.4,0.0,0.1,0.0,0.062,-1.2,9.1,8.0,0.1
landry shamet,21.0,LAC,SG,6.0,29.0,2.2,6.3,0.342,1.7,5.2,0.323,0.5,1.2,0.429,0.474,1.7,1.7,1.0,0.2,1.8,2.0,1.7,1.0,0.0,1.2,2.5,7.7,2019,Playoffs,6.4,0.542,0.816,0.263,0.6,7.5,3.8,7.6,1.6,0.0,14.2,11.8,0.0,-0.1,-0.1,-0.029,-2.9,-1.2,-4.1,-0.1
landry shamet,22.0,LAC,SG,13.0,18.7,1.8,4.5,0.407,1.2,3.2,0.357,0.7,1.3,0.529,0.534,0.4,0.5,0.714,0.0,1.7,1.7,1.3,0.5,0.2,1.0,1.4,5.2,2020,Playoffs,7.1,0.548,0.712,0.119,0.0,10.2,5.0,9.4,1.2,1.2,17.3,13.5,-0.1,0.2,0.1,0.023,-2.4,0.6,-1.8,0.0
landry shamet,23.0,BRK,SG,12.0,17.2,1.5,3.4,0.439,0.8,2.2,0.385,0.7,1.3,0.533,0.561,0.3,0.4,0.8,0.3,1.5,1.8,0.6,0.4,0.1,0.5,1.6,4.2,2021,Playoffs,6.6,0.579,0.634,0.122,1.7,9.2,5.6,4.5,1.2,0.4,12.2,10.8,0.0,0.2,0.3,0.066,-3.2,-0.1,-3.3,-0.1
landry shamet,24.0,PHO,SG,12.0,16.0,1.6,4.0,0.396,0.8,2.2,0.346,0.8,1.8,0.455,0.49,0.4,0.6,0.714,0.3,1.4,1.7,1.3,0.5,0.0,0.6,0.8,4.3,2022,Playoffs,8.4,0.509,0.542,0.146,1.9,10.2,6.2,10.3,1.6,0.0,12.1,13.9,0.0,0.0,0.0,0.011,-1.6,0.1,-1.5,0.0
landry shamet,25.0,PHO,SG,10.0,18.4,1.7,4.5,0.378,1.1,2.9,0.379,0.6,1.6,0.375,0.5,0.3,0.4,0.75,0.3,1.4,1.7,1.1,0.2,0.1,0.4,1.5,4.8,2023,Playoffs,6.3,0.513,0.644,0.089,1.9,8.7,5.4,7.4,0.5,0.4,7.9,12.1,0.0,0.0,0.0,0.002,-2.9,-1.4,-4.3,-0.1
langston galloway,27.0,DET,SG,4.0,27.5,2.8,8.5,0.324,2.3,6.3,0.36,0.5,2.3,0.222,0.456,0.0,0.0,0.0,0.5,3.3,3.8,1.0,0.5,1.0,0.5,2.5,7.8,2019,Playoffs,6.8,0.456,0.735,0.0,1.6,13.8,6.9,5.3,0.9,3.3,5.6,13.8,-0.1,0.0,-0.1,-0.051,-2.5,-1.0,-3.5,0.0
langston galloway,29.0,PHO,SG,2.0,7.5,0.5,3.5,0.143,0.0,1.0,0.0,0.5,2.5,0.2,0.143,0.0,0.5,0.0,0.0,1.0,1.0,0.5,0.0,0.5,0.0,0.5,1.0,2021,Playoffs,-7.1,0.134,0.286,0.143,0.0,14.0,7.4,8.5,0.0,6.1,0.0,22.6,-0.1,0.0,-0.1,-0.318,-12.2,-2.5,-14.6,0.0
larry nance,25.0,CLE,C,20.0,15.4,2.1,3.0,0.683,0.0,0.1,0.0,2.1,3.0,0.695,0.683,0.7,1.6,0.452,1.8,2.8,4.5,0.9,0.8,0.7,0.6,1.8,4.8,2018,Playoffs,20.3,0.652,0.017,0.517,13.3,21.8,17.4,9.3,2.7,4.2,14.0,12.9,0.8,0.5,1.2,0.193,1.8,2.2,3.9,0.5
larry nance,29.0,NOP,PF,6.0,21.7,3.7,6.5,0.564,0.3,1.5,0.222,3.3,5.0,0.667,0.59,1.5,1.8,0.818,3.2,2.7,5.8,1.8,0.5,0.3,1.0,2.5,9.2,2022,Playoffs,20.7,0.627,0.231,0.282,16.2,15.5,15.9,13.2,1.2,1.3,12.0,16.5,0.4,0.0,0.4,0.162,2.9,0.3,3.2,0.2
larry nance,31.0,NOP,C,4.0,21.0,2.5,4.3,0.588,0.3,1.0,0.25,2.3,3.3,0.692,0.618,1.0,1.5,0.667,3.8,4.5,8.3,1.8,0.5,0.0,1.8,2.3,6.3,2024,Playoffs,15.9,0.636,0.235,0.353,18.0,25.2,21.3,14.4,1.2,0.0,26.3,13.9,0.1,0.1,0.2,0.097,0.4,1.3,1.7,0.1
lavoy allen,24.0,IND,PF,4.0,3.8,0.5,1.0,0.5,0.0,0.0,0.0,0.5,1.0,0.5,0.5,0.0,0.0,0.0,0.3,1.0,1.3,0.3,0.0,0.0,0.0,0.3,1.0,2014,Playoffs,14.3,0.5,0.0,0.0,8.2,31.5,20.1,11.8,0.0,0.0,0.0,13.0,0.0,0.0,0.0,0.144,0.8,-1.0,-0.2,0.0
lavoy allen,26.0,IND,PF,6.0,8.5,0.5,1.7,0.3,0.0,0.0,0.0,0.5,1.7,0.3,0.3,0.0,0.0,0.0,0.7,1.7,2.3,0.3,0.2,0.2,0.2,0.3,1.0,2016,Playoffs,7.1,0.3,0.0,0.0,9.7,21.0,15.7,6.2,1.1,1.6,9.1,10.4,0.0,0.1,0.0,0.031,-2.1,-0.4,-2.4,0.0
lavoy allen,27.0,IND,PF,3.0,3.7,0.0,0.0,0.0,0.0,0.0,0.0,0.0,0.0,0.0,0.0,0.0,0.0,0.0,0.0,0.7,0.7,0.0,0.0,0.0,0.3,0.0,0.0,2017,Playoffs,-2.6,0.0,,,0.0,21.7,10.7,0.0,0.0,0.0,100.0,4.0,0.0,0.0,0.0,-0.145,-6.8,-1.9,-8.8,0.0
leandro barbosa,32.0,GSW,SG,21.0,10.9,1.9,4.2,0.443,0.4,1.1,0.348,1.5,3.1,0.477,0.489,0.9,1.0,0.818,0.4,0.9,1.3,0.9,0.3,0.0,0.6,1.1,5.0,2015,Playoffs,13.3,0.532,0.261,0.25,3.9,8.9,6.4,12.8,1.3,0.3,10.9,21.5,0.3,0.3,0.5,0.113,-0.8,-0.1,-0.9,0.1
leandro barbosa,33.0,GSW,SG,23.0,11.0,2.2,3.8,0.58,0.5,1.2,0.393,1.7,2.6,0.667,0.642,0.7,0.9,0.762,0.5,0.7,1.2,0.7,0.5,0.0,0.5,1.0,5.6,2016,Playoffs,18.4,0.663,0.318,0.239,4.8,6.7,5.8,9.7,2.1,0.3,10.2,18.7,0.7,0.2,0.9,0.172,1.7,1.6,3.3,0.3
lebron james,29.0,MIA,PF,20.0,38.2,9.6,17.0,0.565,1.8,4.3,0.407,7.9,12.7,0.618,0.616,6.5,8.0,0.806,0.7,6.4,7.1,4.8,1.8,0.6,3.1,2.3,27.4,2014,Playoffs,31.0,0.668,0.253,0.471,2.5,21.4,12.3,25.6,2.6,1.4,12.9,31.6,3.4,0.9,4.3,0.269,8.5,1.8,10.3,2.4
lebron james,30.0,CLE,SF,20.0,42.2,11.4,27.2,0.417,1.3,5.5,0.227,10.1,21.7,0.465,0.44,6.1,8.4,0.731,1.9,9.5,11.3,8.5,1.7,1.1,4.1,2.9,30.1,2015,Playoffs,25.3,0.487,0.202,0.307,4.9,24.3,14.7,45.2,2.1,2.1,11.7,37.6,1.6,1.5,3.0,0.173,5.9,2.0,7.9,2.1
lebron james,31.0,CLE,SF,21.0,39.1,10.4,19.9,0.525,1.5,4.5,0.34,8.9,15.4,0.579,0.564,3.9,5.9,0.661,2.0,7.5,9.5,7.6,2.3,1.3,3.6,2.6,26.3,2016,Playoffs,30.0,0.585,0.225,0.297,6.1,22.4,14.4,36.6,3.2,3.2,13.7,30.7,3.2,1.5,4.7,0.274,7.4,3.6,11.0,2.7
lebron james,32.0,CLE,SF,18.0,41.3,12.1,21.3,0.565,2.4,5.9,0.411,9.6,15.4,0.625,0.622,6.3,9.0,0.698,1.1,8.1,9.1,7.8,1.9,1.3,4.0,2.4,32.8,2017,Playoffs,30.1,0.649,0.279,0.422,3.1,21.6,12.8,33.8,2.3,2.6,13.7,31.6,3.2,1.1,4.3,0.275,7.7,2.1,9.8,2.2
lebron james,33.0,CLE,PF,22.0,41.9,12.5,23.2,0.539,1.8,5.2,0.342,10.7,18.0,0.596,0.577,7.2,9.7,0.746,1.4,7.7,9.1,9.0,1.4,1.0,4.3,2.4,34.0,2018,Playoffs,32.2,0.619,0.224,0.418,3.9,22.3,12.9,46.4,1.7,2.3,13.5,35.0,4.2,1.0,5.2,0.269,10.1,2.6,12.7,3.4
lebron james,35.0,LAL,PG,21.0,36.3,10.2,18.2,0.56,2.1,5.7,0.37,8.1,12.5,0.646,0.618,5.1,7.1,0.72,1.3,9.4,10.8,8.8,1.2,0.9,4.0,1.9,27.6,2020,Playoffs,30.2,0.647,0.312,0.393,4.4,30.5,17.5,42.0,1.7,2.3,15.8,30.4,3.0,1.2,4.3,0.269,7.6,3.1,10.7,2.4
lebron james,36.0,LAL,PG,6.0,37.3,9.0,19.0,0.474,3.0,8.0,0.375,6.0,11.0,0.545,0.553,2.3,3.8,0.609,1.2,6.0,7.2,8.0,1.5,0.3,4.2,1.2,23.3,2021,Playoffs,20.1,0.564,0.421,0.202,3.4,19.0,10.8,45.2,2.1,0.9,16.8,29.7,0.1,0.3,0.4,0.092,6.5,2.7,9.2,0.6
lebron james,38.0,LAL,PF,16.0,38.7,9.2,18.4,0.498,1.8,6.6,0.264,7.4,11.8,0.63,0.546,4.4,5.8,0.761,1.6,8.3,9.9,6.5,1.1,1.1,2.5,1.8,24.5,2023,Playoffs,22.6,0.584,0.359,0.312,4.6,21.6,13.6,27.4,1.3,2.6,10.7,26.6,1.3,0.9,2.2,0.171,5.5,2.0,7.6,1.5
lebron james,39.0,LAL,PF,5.0,40.8,11.2,19.8,0.566,2.0,5.2,0.385,9.2,14.6,0.63,0.616,3.4,4.6,0.739,0.8,6.0,6.8,8.8,2.4,1.0,3.8,2.2,27.8,2024,Playoffs,26.0,0.637,0.263,0.232,2.2,15.9,9.2,36.4,3.0,2.1,14.8,29.0,0.5,0.3,0.8,0.185,6.6,4.0,10.6,0.7
leonard miller,20.0,MIN,SF,3.0,2.3,0.0,0.3,0.0,0.0,0.3,0.0,0.0,0.0,0.0,0.0,0.0,0.0,0.0,0.3,1.0,1.3,0.0,0.0,0.0,0.0,0.0,0.0,2024,Playoffs,5.6,0.0,1.0,0.0,17.0,50.7,33.9,0.0,0.0,0.0,0.0,6.5,0.0,0.0,0.0,-0.002,-5.4,-3.9,-9.3,0.0
lester hudson,30.0,LAC,SG,7.0,5.4,0.9,2.0,0.429,0.3,1.0,0.286,0.6,1.0,0.571,0.5,0.0,0.0,0.0,0.0,0.1,0.1,1.0,0.3,0.1,0.4,1.1,2.0,2015,Playoffs,10.5,0.5,0.5,0.0,0.0,2.7,1.4,28.0,2.6,2.3,17.6,19.4,0.0,0.0,0.0,0.033,-1.4,1.7,0.2,0.0
lindy waters,26.0,OKC,SG,3.0,3.0,0.0,0.3,0.0,0.0,0.3,0.0,0.0,0.0,0.0,0.0,0.0,0.0,0.0,0.0,0.3,0.3,0.0,0.0,0.0,0.0,0.0,0.0,2024,Playoffs,-3.0,0.0,1.0,0.0,0.0,11.9,6.1,0.0,0.0,0.0,0.0,5.1,0.0,0.0,0.0,-0.067,-9.2,-2.8,-12.0,0.0
lonnie walker,20.0,SAS,SG,6.0,3.5,0.5,1.3,0.375,0.0,0.2,0.0,0.5,1.2,0.429,0.375,0.0,0.0,0.0,0.0,0.3,0.3,0.5,0.0,0.0,0.0,0.0,1.0,2019,Playoffs,8.6,0.375,0.125,0.0,0.0,10.2,5.1,21.1,0.0,0.0,0.0,17.7,0.0,0.0,0.0,-0.036,-3.0,-2.1,-5.1,0.0
lonnie walker,24.0,LAL,SG,13.0,13.8,2.2,4.6,0.483,1.0,2.6,0.382,1.2,2.0,0.615,0.592,0.7,0.9,0.75,0.1,0.8,0.9,0.8,0.5,0.1,0.3,1.2,6.2,2023,Playoffs,13.1,0.613,0.567,0.2,0.6,6.2,3.6,8.9,1.9,0.5,5.8,17.0,0.2,0.2,0.4,0.11,-0.2,1.2,1.0,0.1
lorenzo brown,27.0,TOR,PG,4.0,7.3,0.8,2.5,0.3,0.5,1.3,0.4,0.3,1.3,0.2,0.4,0.3,0.5,0.5,0.3,1.3,1.5,0.5,0.0,0.3,0.3,0.5,2.3,2018,Playoffs,7.2,0.414,0.5,0.2,4.1,21.6,12.7,9.9,0.0,2.7,8.4,18.6,0.0,0.0,0.0,-0.045,-2.7,-2.2,-4.9,0.0
lou williams,27.0,ATL,PG,7.0,19.0,2.7,7.1,0.38,0.7,2.3,0.313,2.0,4.9,0.412,0.43,2.1,2.3,0.938,0.0,2.3,2.3,1.1,1.0,0.1,1.9,1.4,8.3,2014,Playoffs,10.3,0.508,0.32,0.32,0.0,14.6,6.9,12.3,2.8,0.7,18.6,24.5,-0.2,0.3,0.0,0.009,-2.8,0.5,-2.3,0.0
lou williams,28.0,TOR,SG,4.0,25.5,4.0,12.8,0.314,1.0,5.3,0.19,3.0,7.5,0.4,0.353,3.8,4.5,0.833,0.5,1.3,1.8,1.3,1.5,0.0,0.8,2.3,12.8,2015,Playoffs,11.6,0.433,0.412,0.353,2.1,5.9,3.9,8.3,3.0,0.0,4.8,27.3,-0.1,0.0,-0.1,-0.044,-0.4,-1.5,-1.9,0.0
lou williams,30.0,HOU,SG,11.0,24.7,4.5,10.7,0.424,1.1,3.5,0.308,3.5,7.2,0.481,0.475,2.4,2.6,0.897,0.6,2.1,2.7,1.3,0.6,0.1,1.3,1.5,12.5,2017,Playoffs,12.6,0.528,0.331,0.246,2.9,8.9,6.0,8.8,1.3,0.3,9.7,23.4,0.1,0.2,0.3,0.052,0.0,-1.8,-1.7,0.0
lou williams,32.0,LAC,SG,6.0,29.3,7.5,17.3,0.433,1.0,3.0,0.333,6.5,14.3,0.453,0.462,5.7,6.8,0.829,1.0,1.8,2.8,7.7,0.8,0.2,3.0,2.3,21.7,2019,Playoffs,21.1,0.533,0.173,0.394,3.6,7.4,5.4,45.5,1.3,0.5,12.9,33.1,0.3,-0.1,0.2,0.05,4.0,-2.7,1.3,0.1
lou williams,33.0,LAC,PG,13.0,26.2,4.8,11.2,0.425,0.9,3.9,0.235,3.8,7.3,0.526,0.466,2.3,2.8,0.811,0.5,2.6,3.2,4.2,0.8,0.2,1.6,1.4,12.8,2020,Playoffs,15.1,0.511,0.349,0.253,2.3,11.3,6.7,24.3,1.4,0.6,11.5,23.5,0.2,0.3,0.5,0.072,0.7,-0.5,0.2,0.2
lou williams,34.0,ATL,PG,18.0,15.4,2.8,6.1,0.455,0.7,1.7,0.433,2.1,4.4,0.463,0.514,1.4,1.5,0.963,0.1,1.3,1.4,2.2,0.7,0.1,1.2,0.9,7.7,2021,Playoffs,14.7,0.57,0.273,0.245,0.8,9.4,5.1,22.3,2.1,0.3,15.3,23.0,0.1,0.3,0.5,0.079,0.9,1.0,1.9,0.3
luc mbah a moute,29.0,LAC,PF,5.0,15.6,0.8,1.2,0.667,0.0,0.0,0.0,0.8,1.2,0.667,0.667,0.2,0.2,1.0,0.4,1.6,2.0,0.2,0.6,0.0,0.4,1.8,1.8,2016,Playoffs,5.7,0.699,0.0,0.167,2.6,10.1,6.3,1.8,2.0,0.0,23.7,4.8,0.0,0.1,0.1,0.074,-4.7,2.3,-2.4,0.0
luc mbah a moute,30.0,LAC,SF,7.0,32.0,2.4,6.1,0.395,0.7,2.3,0.313,1.7,3.9,0.444,0.453,2.0,2.9,0.7,1.4,3.6,5.0,1.0,1.1,0.6,0.4,2.3,7.6,2017,Playoffs,10.5,0.512,0.372,0.465,5.5,14.6,9.9,4.6,1.9,1.7,5.5,11.8,0.2,0.3,0.5,0.098,-0.4,1.8,1.3,0.2
luc mbah a moute,31.0,HOU,PF,9.0,16.6,1.0,4.0,0.25,0.3,1.7,0.2,0.7,2.3,0.286,0.292,0.4,0.8,0.571,0.3,2.1,2.4,0.3,0.7,0.4,0.7,0.9,2.8,2018,Playoffs,2.6,0.32,0.417,0.194,2.2,14.3,8.2,2.8,2.0,2.4,13.3,13.6,-0.4,0.2,-0.2,-0.071,-5.3,-0.5,-5.8,-0.1
luca vildoza,26.0,MIL,PG,7.0,2.4,0.3,0.9,0.333,0.1,0.7,0.2,0.1,0.1,1.0,0.417,0.0,0.0,0.0,0.1,0.1,0.3,0.6,0.3,0.0,0.0,0.3,0.7,2022,Playoffs,17.9,0.417,0.833,0.0,6.3,5.8,6.0,34.4,5.7,0.0,0.0,15.3,0.0,0.0,0.1,0.21,0.6,5.0,5.5,0.0
lucas nogueira,23.0,TOR,C,5.0,5.8,0.6,0.8,0.75,0.0,0.0,0.0,0.6,0.8,0.75,0.75,0.0,0.0,0.0,0.2,1.4,1.6,0.0,0.0,0.0,0.0,0.6,1.2,2016,Playoffs,11.3,0.75,0.0,0.0,3.9,30.8,16.5,0.0,0.0,0.0,0.0,6.4,0.1,0.0,0.1,0.138,-0.8,0.1,-0.7,0.0
lucas nogueira,24.0,TOR,C,3.0,2.3,0.3,0.7,0.5,0.0,0.0,0.0,0.3,0.7,0.5,0.5,0.3,0.7,0.5,0.7,1.0,1.7,0.0,0.0,0.0,0.0,0.3,1.0,2017,Playoffs,24.6,0.521,0.0,1.0,34.9,51.4,43.2,0.0,0.0,0.0,0.0,19.3,0.0,0.0,0.0,0.254,7.4,-3.4,4.0,0.0
lucas nogueira,25.0,TOR,C,5.0,4.8,0.0,0.2,0.0,0.0,0.0,0.0,0.0,0.2,0.0,0.0,0.2,0.4,0.5,0.0,0.2,0.2,0.2,0.0,0.0,0.6,1.2,0.2,2018,Playoffs,-9.8,0.266,0.0,2.0,0.0,5.2,2.5,5.2,0.0,0.0,61.5,9.2,-0.1,0.0,-0.1,-0.227,-13.0,-2.2,-15.2,-0.1
luguentz dort,20.0,OKC,SF,6.0,29.2,4.5,12.7,0.355,2.2,8.3,0.26,2.3,4.3,0.538,0.441,1.3,2.5,0.533,0.8,2.8,3.7,1.0,0.3,1.0,2.5,4.2,12.5,2020,Playoffs,4.4,0.454,0.658,0.197,3.1,9.8,6.6,5.7,0.5,4.2,15.4,24.0,-0.5,0.2,-0.3,-0.072,-4.9,0.0,-5.0,-0.1
luguentz dort,24.0,OKC,SF,10.0,35.0,3.3,9.1,0.363,2.5,6.4,0.391,0.8,2.7,0.296,0.5,1.6,1.9,0.842,1.9,2.7,4.6,2.0,1.3,0.2,1.1,4.2,10.7,2024,Playoffs,9.6,0.538,0.703,0.209,6.2,8.2,7.3,7.9,1.9,0.5,10.0,14.4,0.2,0.6,0.8,0.111,-1.8,1.3,-0.5,0.1
luis montero,22.0,POR,SG,6.0,1.3,0.5,0.5,1.0,0.3,0.3,1.0,0.2,0.2,1.0,1.333,0.0,0.0,0.0,0.0,0.0,0.0,0.0,0.0,0.0,0.0,0.2,1.3,2016,Playoffs,42.2,1.333,0.667,0.0,0.0,0.0,0.0,0.0,0.0,0.0,0.0,16.0,0.0,0.0,0.0,0.265,21.8,4.9,26.7,0.1
luis scola,33.0,IND,PF,18.0,13.5,2.7,5.8,0.457,0.1,0.2,0.333,2.6,5.7,0.461,0.462,0.7,1.2,0.591,0.6,1.7,2.3,0.5,0.3,0.2,0.4,1.6,6.1,2014,Playoffs,13.1,0.48,0.029,0.21,5.6,15.1,10.4,7.4,1.3,1.1,5.8,24.4,-0.1,0.3,0.3,0.054,-2.1,-0.6,-2.7,0.0
luis scola,35.0,TOR,PF,11.0,12.7,0.7,2.8,0.258,0.4,1.9,0.19,0.4,0.9,0.4,0.323,0.7,1.0,0.727,0.2,1.5,1.6,0.6,0.3,0.0,0.5,2.0,2.5,2016,Playoffs,2.7,0.391,0.677,0.355,1.6,14.6,7.7,7.7,1.2,0.0,12.2,13.5,-0.2,0.1,-0.1,-0.026,-5.1,-0.5,-5.6,-0.1
luka doncic,20.0,DAL,PG,6.0,35.8,10.7,21.3,0.5,2.7,7.3,0.364,8.0,14.0,0.571,0.563,7.0,10.7,0.656,0.7,9.2,9.8,8.7,1.2,0.5,5.2,2.8,31.0,2020,Playoffs,26.9,0.596,0.344,0.5,2.0,28.3,15.0,42.7,1.5,1.2,16.6,37.5,0.4,0.0,0.5,0.101,6.9,1.0,7.9,0.5
luka doncic,21.0,DAL,PG,7.0,40.1,13.7,28.0,0.49,4.4,10.9,0.408,9.3,17.1,0.542,0.569,3.9,7.3,0.529,0.6,7.3,7.9,10.3,1.3,0.4,4.6,2.4,35.7,2021,Playoffs,27.5,0.572,0.388,0.26,1.6,22.3,11.4,54.1,1.7,1.2,12.8,40.4,0.6,0.1,0.7,0.127,10.0,1.8,11.8,1.0
luka doncic,22.0,DAL,PG,15.0,36.8,10.7,23.5,0.455,3.4,9.9,0.345,7.3,13.6,0.534,0.527,6.9,9.0,0.77,0.7,9.1,9.8,6.4,1.8,0.6,3.9,2.9,31.7,2022,Playoffs,28.6,0.577,0.42,0.384,2.1,29.7,15.7,37.3,2.5,1.5,12.5,40.4,1.1,0.8,1.9,0.164,6.8,2.5,9.3,1.6
luka doncic,24.0,DAL,PG,22.0,40.9,10.2,22.9,0.446,3.1,9.6,0.322,7.1,13.3,0.536,0.514,5.3,7.0,0.765,0.7,8.7,9.5,8.1,1.9,0.4,4.1,2.5,28.9,2024,Playoffs,22.5,0.556,0.419,0.304,2.1,24.2,13.2,35.3,2.4,0.9,13.6,33.4,1.3,1.5,2.8,0.149,5.1,2.4,7.6,2.2
luka garza,25.0,MIN,C,7.0,3.7,1.4,1.7,0.833,0.3,0.4,0.667,1.1,1.3,0.889,0.917,1.0,1.1,0.875,0.3,0.6,0.9,0.1,0.0,0.0,0.0,0.0,4.1,2024,Playoffs,48.4,0.934,0.25,0.667,9.1,18.2,13.7,9.1,0.0,0.0,0.0,27.2,0.3,0.0,0.3,0.518,19.7,4.6,24.3,0.2
luke babbitt,28.0,MIA,SF,2.0,1.5,0.0,0.5,0.0,0.0,0.0,0.0,0.0,0.5,0.0,0.0,0.0,0.0,0.0,0.0,0.0,0.0,0.0,0.0,0.0,0.0,0.0,0.0,2018,Playoffs,-13.5,0.0,0.0,0.0,0.0,0.0,0.0,0.0,0.0,0.0,0.0,14.4,0.0,0.0,0.0,-0.392,-12.5,-9.0,-21.5,0.0
luke kennard,22.0,DET,SG,4.0,33.3,5.8,11.8,0.489,2.3,3.8,0.6,3.5,8.0,0.438,0.585,1.3,1.5,0.833,0.0,4.0,4.0,1.8,0.8,0.3,0.8,1.5,15.0,2019,Playoffs,14.0,0.604,0.319,0.128,0.0,14.0,6.0,8.7,1.1,0.7,5.7,16.7,0.2,-0.1,0.1,0.035,1.3,-0.7,0.6,0.1
luke kennard,24.0,LAC,SG,15.0,14.6,2.1,4.3,0.477,1.4,3.4,0.412,0.7,0.9,0.714,0.638,0.1,0.1,0.5,0.3,0.6,0.9,0.5,0.1,0.0,0.2,1.0,5.6,2021,Playoffs,11.0,0.638,0.785,0.031,2.7,4.7,3.7,4.7,0.5,0.0,4.4,14.6,0.4,0.0,0.4,0.084,1.3,-1.5,-0.2,0.1
luke kennard,26.0,MEM,SG,5.0,21.4,2.4,4.6,0.522,1.6,3.2,0.5,0.8,1.4,0.571,0.696,0.8,0.8,1.0,1.0,3.0,4.0,1.4,0.8,0.0,0.2,1.6,7.2,2023,Playoffs,15.1,0.727,0.696,0.174,4.4,15.3,9.5,9.7,1.8,0.0,3.9,10.1,0.3,0.1,0.4,0.19,1.8,3.1,4.8,0.2
luke kornet,25.0,BOS,C,2.0,2.5,0.5,0.5,1.0,0.0,0.0,0.0,0.5,0.5,1.0,1.0,0.5,1.0,0.5,0.0,1.5,1.5,0.0,0.0,0.0,0.0,0.0,1.5,2021,Playoffs,27.3,0.798,0.0,2.0,0.0,73.5,34.7,0.0,0.0,0.0,0.0,15.9,0.0,0.0,0.0,0.212,5.8,0.2,6.0,0.0
luke kornet,26.0,BOS,C,9.0,2.1,0.3,0.4,0.75,0.1,0.1,1.0,0.2,0.3,0.667,0.875,0.0,0.0,0.0,0.1,0.4,0.6,0.1,0.0,0.0,0.1,0.1,0.8,2022,Playoffs,15.9,0.875,0.25,0.0,6.1,22.9,14.8,8.7,0.0,0.0,20.0,11.8,0.0,0.0,0.1,0.163,1.9,1.9,3.8,0.0
luke kornet,27.0,BOS,C,8.0,4.0,0.9,1.0,0.875,0.1,0.1,1.0,0.8,0.9,0.857,0.938,0.3,0.3,1.0,0.6,0.6,1.3,0.0,0.0,0.1,0.0,0.3,2.1,2023,Playoffs,28.5,0.957,0.125,0.25,18.4,17.4,17.9,0.0,0.0,2.8,0.0,12.5,0.2,0.0,0.2,0.337,7.6,0.6,8.2,0.1
luke kornet,28.0,BOS,C,13.0,10.2,1.1,1.6,0.667,0.0,0.0,0.0,1.1,1.6,0.667,0.667,0.8,1.0,0.846,1.5,1.7,3.2,0.5,0.1,0.4,0.5,0.8,3.0,2024,Playoffs,17.5,0.73,0.0,0.619,16.9,19.3,18.1,7.4,0.4,3.5,18.3,11.4,0.4,0.2,0.6,0.22,0.8,0.8,1.7,0.1
luke ridnour,32.0,CHA,PG,4.0,9.0,1.0,3.3,0.308,0.5,1.5,0.333,0.5,1.8,0.286,0.385,0.0,0.0,0.0,0.0,1.0,1.0,3.0,0.0,0.3,1.0,0.3,2.5,2014,Playoffs,9.9,0.385,0.462,0.0,0.0,14.5,7.0,56.3,0.0,2.5,23.5,22.5,-0.1,0.0,-0.1,-0.071,0.4,-0.3,0.1,0.0
luol deng,30.0,MIA,PF,14.0,35.4,4.6,9.9,0.471,1.7,4.1,0.421,2.9,5.8,0.506,0.558,2.3,2.7,0.842,1.4,4.6,5.9,1.6,0.9,0.6,1.6,1.7,13.3,2016,Playoffs,15.5,0.601,0.413,0.275,4.8,14.5,9.9,7.2,1.4,1.4,12.9,17.1,0.8,0.8,1.6,0.158,2.0,1.1,3.2,0.6
malachi flynn,23.0,TOR,PG,6.0,6.0,0.0,1.2,0.0,0.0,0.5,0.0,0.0,0.7,0.0,0.0,0.0,0.0,0.0,0.3,0.2,0.5,0.5,0.2,0.0,0.2,1.0,0.0,2022,Playoffs,-5.7,0.0,0.429,0.0,6.2,3.8,5.1,10.6,1.5,0.0,12.5,10.3,-0.1,0.0,-0.2,-0.219,-11.5,-2.9,-14.4,-0.1
malcolm brogdon,24.0,MIL,SG,6.0,30.5,3.7,9.2,0.4,1.7,3.5,0.476,2.0,5.7,0.353,0.491,0.0,0.0,0.0,0.5,3.8,4.3,3.5,0.5,0.3,2.0,2.0,9.0,2017,Playoffs,8.1,0.491,0.382,0.0,1.8,16.3,8.5,19.0,0.9,1.1,17.9,17.5,-0.2,0.3,0.1,0.02,-2.5,-0.8,-3.3,-0.1
malcolm brogdon,25.0,MIL,PG,7.0,26.6,3.4,7.9,0.436,0.7,2.7,0.263,2.7,5.1,0.528,0.482,1.1,1.4,0.8,0.4,3.0,3.4,2.4,0.1,0.0,1.7,2.0,8.7,2018,Playoffs,7.9,0.513,0.345,0.182,2.1,12.6,7.7,13.6,0.3,0.0,16.8,18.7,-0.1,0.1,0.0,-0.008,-2.9,-3.7,-6.6,-0.2
malcolm brogdon,26.0,MIL,SG,7.0,28.3,5.0,11.1,0.449,2.0,5.3,0.378,3.0,5.9,0.512,0.538,1.0,1.6,0.636,0.9,4.0,4.9,3.4,0.7,0.1,1.4,2.3,13.0,2019,Playoffs,14.3,0.549,0.474,0.141,3.2,13.7,8.6,18.9,1.2,0.5,10.8,20.2,0.2,0.3,0.5,0.119,1.4,0.9,2.4,0.2
malcolm brogdon,27.0,IND,PG,4.0,40.0,6.5,16.3,0.4,2.3,6.0,0.375,4.3,10.3,0.415,0.469,6.3,7.0,0.893,0.0,4.3,4.3,10.0,1.0,0.0,2.5,2.5,21.5,2020,Playoffs,18.9,0.556,0.369,0.431,0.0,12.8,6.2,41.8,1.2,0.0,11.5,25.1,0.3,0.0,0.4,0.109,3.5,-0.8,2.6,0.2
malcolm brogdon,30.0,BOS,PG,19.0,24.9,4.3,10.3,0.418,1.7,4.6,0.379,2.6,5.7,0.45,0.503,1.5,1.8,0.829,0.7,2.8,3.5,2.9,0.2,0.3,1.0,1.5,11.9,2023,Playoffs,13.4,0.535,0.444,0.179,3.2,12.4,8.0,17.2,0.3,0.9,8.2,22.0,0.5,0.3,0.7,0.076,-0.2,-1.5,-1.6,0.0
malcolm miller,25.0,TOR,SF,10.0,2.8,0.2,0.8,0.25,0.1,0.6,0.167,0.1,0.2,0.5,0.313,0.3,0.4,0.75,0.0,0.5,0.5,0.1,0.0,0.1,0.1,0.3,0.8,2019,Playoffs,4.0,0.41,0.75,0.5,0.0,19.7,9.9,5.1,0.0,3.5,9.3,17.5,-0.1,0.0,0.0,-0.019,-5.1,-0.7,-5.8,0.0
malik beasley,22.0,DEN,SG,14.0,20.1,2.6,6.6,0.387,1.4,3.4,0.404,1.2,3.3,0.37,0.489,1.6,2.2,0.71,0.8,2.6,3.4,1.0,0.2,0.1,0.5,1.4,8.1,2019,Playoffs,12.0,0.53,0.505,0.333,4.0,14.1,9.0,7.3,0.6,0.3,6.2,18.1,0.3,0.1,0.4,0.073,-0.8,-1.1,-1.9,0.0
malik beasley,25.0,MIN,SG,6.0,19.8,3.2,7.3,0.432,1.3,4.2,0.32,1.8,3.2,0.579,0.523,0.8,1.0,0.833,0.3,3.0,3.3,0.7,0.3,0.2,1.2,1.5,8.5,2022,Playoffs,9.0,0.547,0.568,0.136,2.0,16.0,9.3,5.6,0.8,0.7,13.0,19.3,-0.1,0.1,0.0,-0.001,-1.7,-0.9,-2.6,0.0
malik beasley,26.0,LAL,SG,11.0,8.3,0.9,3.1,0.294,0.6,2.4,0.269,0.3,0.7,0.375,0.397,0.5,0.5,1.0,0.3,0.5,0.7,0.2,0.1,0.0,0.2,0.5,3.0,2023,Playoffs,5.4,0.45,0.765,0.176,3.7,5.5,4.7,3.0,0.5,0.0,5.2,18.7,-0.1,0.0,0.0,-0.019,-3.6,-2.1,-5.7,-0.1
malik beasley,27.0,MIL,SG,6.0,21.8,3.5,6.8,0.512,1.8,4.2,0.44,1.7,2.7,0.625,0.646,0.0,0.0,0.0,0.2,2.3,2.5,0.7,0.7,0.0,0.5,1.5,8.8,2024,Playoffs,12.8,0.646,0.61,0.0,0.9,12.0,6.5,4.5,1.6,0.0,6.8,15.4,0.2,0.0,0.2,0.077,-1.1,0.6,-0.5,0.1
malik fitts,24.0,BOS,PF,9.0,1.8,0.3,0.4,0.75,0.2,0.2,1.0,0.1,0.2,0.5,1.0,0.0,0.0,0.0,0.0,0.2,0.2,0.0,0.0,0.0,0.0,0.0,0.9,2022,Playoffs,20.2,1.0,0.5,0.0,0.0,13.6,7.0,0.0,0.0,0.0,0.0,11.3,0.1,0.0,0.1,0.201,6.9,1.5,8.3,0.0
malik monk,24.0,SAC,SG,7.0,29.3,5.4,13.3,0.409,1.9,5.6,0.333,3.6,7.7,0.463,0.478,6.3,7.0,0.898,0.9,4.6,5.4,3.6,0.7,0.4,2.0,2.1,19.0,2023,Playoffs,18.3,0.58,0.419,0.527,2.9,16.4,9.5,18.2,1.1,1.4,10.9,24.9,0.4,0.2,0.6,0.152,2.5,0.8,3.3,0.3
mamadi diakite,24.0,MIL,PF,7.0,5.0,0.3,1.4,0.2,0.1,0.3,0.5,0.1,1.1,0.125,0.25,0.3,0.3,1.0,0.1,0.9,1.0,0.0,0.4,0.1,0.1,1.0,1.0,2021,Playoffs,3.4,0.322,0.2,0.2,3.0,18.8,10.7,0.0,4.2,2.6,8.4,14.6,-0.1,0.1,0.0,0.008,-9.1,2.4,-6.7,0.0
mamadi diakite,27.0,NYK,PF,4.0,3.8,0.0,0.8,0.0,0.0,0.5,0.0,0.0,0.3,0.0,0.0,0.5,0.5,1.0,0.0,0.8,0.8,0.3,0.3,0.3,0.3,0.8,0.5,2024,Playoffs,2.1,0.258,0.667,0.667,0.0,24.4,11.7,8.1,3.5,6.1,20.5,14.3,-0.1,0.0,0.0,-0.101,-12.0,4.0,-8.0,0.0
manu gina³bili,36.0,SAS,SG,23.0,25.5,4.5,10.3,0.439,1.8,4.6,0.39,2.7,5.7,0.477,0.525,3.5,4.1,0.862,0.4,2.9,3.3,4.1,1.6,0.1,2.3,2.6,14.3,2014,Playoffs,20.3,0.593,0.443,0.397,1.8,12.9,7.5,25.1,3.2,0.3,15.7,26.2,1.2,1.0,2.2,0.184,2.9,2.4,5.3,1.1
manu gina³bili,37.0,SAS,SG,7.0,18.7,2.1,6.1,0.349,1.1,3.1,0.364,1.0,3.0,0.333,0.442,2.6,3.3,0.783,0.6,2.9,3.4,4.6,0.6,0.9,2.0,2.7,8.0,2015,Playoffs,17.1,0.527,0.512,0.535,3.2,16.8,9.8,36.4,1.6,3.6,20.9,23.0,0.2,0.2,0.3,0.117,1.8,3.0,4.8,0.2
manu gina³bili,38.0,SAS,SG,10.0,19.2,2.0,4.7,0.426,0.9,2.1,0.429,1.1,2.6,0.423,0.521,1.8,2.3,0.783,0.6,2.1,2.7,2.5,0.8,0.3,0.7,2.5,6.7,2016,Playoffs,16.0,0.586,0.447,0.489,3.8,11.9,8.1,18.5,2.2,1.2,10.9,15.5,0.5,0.3,0.8,0.191,0.1,2.4,2.5,0.2
manu gina³bili,39.0,SAS,SG,16.0,17.8,2.5,6.1,0.412,0.6,2.5,0.225,1.9,3.6,0.544,0.459,1.1,1.4,0.739,0.6,1.8,2.4,2.4,1.0,0.1,0.8,1.8,6.6,2017,Playoffs,14.1,0.495,0.412,0.237,3.9,12.3,7.9,20.1,2.9,0.7,10.1,18.6,0.3,0.3,0.5,0.092,-1.2,2.2,1.0,0.2
manu gina³bili,40.0,SAS,SG,5.0,21.4,3.0,7.4,0.405,1.2,3.6,0.333,1.8,3.8,0.474,0.486,1.8,2.2,0.818,0.2,2.8,3.0,3.2,1.4,0.2,1.4,2.6,9.0,2018,Playoffs,15.3,0.538,0.486,0.297,1.0,15.9,7.9,25.8,3.4,0.8,14.3,20.9,0.1,0.1,0.2,0.069,-0.3,3.0,2.8,0.1
marc gasol,29.0,MEM,C,7.0,42.7,6.7,16.6,0.405,0.0,0.1,0.0,6.7,16.4,0.409,0.405,3.9,4.9,0.794,1.9,5.9,7.7,4.4,1.7,0.9,1.7,3.9,17.3,2014,Playoffs,14.7,0.462,0.009,0.293,4.6,16.1,10.1,18.4,2.2,1.7,8.4,22.0,0.0,0.4,0.4,0.065,0.4,1.9,2.4,0.3
marc gasol,30.0,MEM,C,11.0,37.8,6.5,16.4,0.394,0.0,0.2,0.0,6.5,16.2,0.399,0.394,6.8,8.0,0.852,1.7,8.5,10.3,4.5,0.9,1.7,1.5,3.0,19.7,2015,Playoffs,21.3,0.496,0.011,0.489,4.9,25.4,15.0,20.5,1.3,4.2,6.8,25.8,0.8,0.6,1.4,0.161,3.5,2.5,6.0,0.8
marc gasol,32.0,MEM,C,6.0,40.0,6.5,13.8,0.47,1.2,2.0,0.583,5.3,11.8,0.451,0.512,5.2,5.5,0.939,1.2,5.3,6.5,4.2,0.3,0.7,2.5,3.7,19.3,2017,Playoffs,17.1,0.595,0.145,0.398,3.8,17.3,10.5,19.0,0.5,1.5,13.3,23.5,0.4,0.0,0.4,0.085,3.2,-0.5,2.7,0.3
marc gasol,34.0,TOR,C,24.0,30.6,3.2,7.5,0.422,1.4,3.7,0.382,1.8,3.8,0.462,0.517,1.7,1.9,0.87,0.7,5.8,6.4,3.0,0.9,1.1,0.9,3.5,9.4,2019,Playoffs,13.5,0.564,0.494,0.256,2.4,20.7,11.6,14.7,1.4,3.5,9.5,13.7,0.9,1.3,2.3,0.149,0.3,3.1,3.4,1.0
marc gasol,35.0,TOR,C,11.0,20.7,2.3,5.8,0.391,0.5,2.5,0.185,1.8,3.4,0.541,0.43,1.0,1.4,0.733,0.4,4.0,4.4,2.6,0.5,0.6,1.5,2.9,6.0,2020,Playoffs,7.8,0.467,0.422,0.234,1.9,21.3,11.3,18.4,1.1,3.3,18.5,16.8,-0.2,0.4,0.2,0.043,-4.5,2.6,-1.9,0.0
marc gasol,36.0,LAL,C,5.0,17.4,1.6,2.6,0.615,1.4,2.2,0.636,0.2,0.4,0.5,0.885,0.6,0.8,0.75,0.8,3.0,3.8,3.0,0.8,0.8,0.8,3.2,5.2,2021,Playoffs,18.7,0.881,0.846,0.308,5.0,20.4,12.3,27.7,2.4,4.5,21.3,9.6,0.3,0.2,0.4,0.245,2.9,7.8,10.7,0.3
marcin gortat,29.0,WAS,C,11.0,34.7,5.3,10.7,0.492,0.0,0.0,0.0,5.3,10.7,0.492,0.492,2.5,3.7,0.659,3.3,6.6,9.9,1.5,0.5,1.3,1.8,2.0,13.0,2014,Playoffs,16.3,0.526,0.0,0.347,10.9,22.2,16.5,7.5,0.7,3.0,12.8,19.3,0.3,0.8,1.0,0.13,1.1,-0.4,0.7,0.3
marcin gortat,30.0,WAS,C,10.0,30.7,5.4,8.6,0.628,0.0,0.0,0.0,5.4,8.6,0.628,0.628,1.6,2.4,0.667,2.7,6.1,8.8,2.2,0.6,1.1,1.6,2.9,12.4,2015,Playoffs,19.4,0.642,0.0,0.279,9.9,20.9,15.6,12.1,1.0,2.8,14.2,16.3,0.8,0.5,1.3,0.202,0.5,2.1,2.6,0.4
marcin gortat,32.0,WAS,C,13.0,31.5,3.6,7.2,0.505,0.0,0.0,0.0,3.6,7.2,0.505,0.505,0.8,1.4,0.611,4.0,7.0,11.0,1.8,0.4,1.5,1.3,3.1,8.1,2017,Playoffs,14.0,0.52,0.0,0.194,14.6,25.8,20.2,8.2,0.6,4.4,14.4,12.4,0.4,0.5,0.9,0.107,-0.6,-0.5,-1.1,0.1
marcin gortat,33.0,WAS,C,6.0,26.7,4.0,7.2,0.558,0.0,0.0,0.0,4.0,7.2,0.558,0.558,0.7,1.2,0.571,2.2,4.2,6.3,1.0,0.0,0.3,1.0,2.5,8.7,2018,Playoffs,11.6,0.564,0.0,0.163,9.7,18.6,14.2,5.5,0.0,1.1,11.5,14.3,0.2,0.0,0.2,0.06,-1.5,-1.2,-2.7,0.0
marco belinelli,27.0,SAS,SF,23.0,15.5,1.9,4.3,0.444,0.7,1.7,0.421,1.2,2.7,0.459,0.525,0.9,1.0,0.955,0.2,2.1,2.3,0.8,0.1,0.0,0.5,1.0,5.4,2014,Playoffs,11.0,0.575,0.384,0.222,1.4,15.4,8.6,7.6,0.4,0.0,9.9,15.7,0.4,0.4,0.8,0.107,-1.2,-0.1,-1.4,0.1
marco belinelli,28.0,SAS,SG,7.0,16.6,2.9,5.6,0.513,2.0,4.3,0.467,0.9,1.3,0.667,0.692,1.6,1.9,0.846,0.3,1.6,1.9,1.4,0.3,0.0,0.7,1.4,9.3,2015,Playoffs,20.7,0.727,0.769,0.333,1.8,10.5,6.0,14.1,0.9,0.0,10.1,19.2,0.5,0.0,0.5,0.215,5.7,2.3,8.1,0.3
marco belinelli,31.0,PHI,SG,10.0,27.3,4.3,10.6,0.406,1.6,4.6,0.348,2.7,6.0,0.45,0.481,2.7,3.1,0.871,0.1,2.0,2.1,2.0,0.7,0.0,0.4,2.0,12.9,2018,Playoffs,12.8,0.539,0.434,0.292,0.4,7.9,4.1,11.4,1.3,0.0,3.2,19.0,0.5,0.2,0.7,0.129,0.3,-0.6,-0.3,0.1
marco belinelli,32.0,SAS,SG,7.0,18.7,2.0,5.4,0.368,1.1,3.0,0.381,0.9,2.4,0.353,0.474,0.7,0.9,0.833,0.0,1.9,1.9,1.1,0.0,0.3,0.3,1.0,5.9,2019,Playoffs,8.7,0.504,0.553,0.158,0.0,10.6,5.3,8.5,0.0,1.2,4.7,15.1,0.1,0.0,0.1,0.024,-1.4,-1.4,-2.8,0.0
marcus georges hunt,23.0,MIN,SG,2.0,1.5,0.0,0.5,0.0,0.0,0.0,0.0,0.0,0.5,0.0,0.0,0.0,0.0,0.0,0.5,0.0,0.5,0.0,0.0,0.0,0.0,0.0,0.0,2018,Playoffs,0.0,0.0,0.0,0.0,37.4,0.0,18.1,0.0,0.0,0.0,0.0,15.2,0.0,0.0,0.0,-0.223,-2.5,-8.4,-10.9,0.0
marcus morris,26.0,DET,SF,4.0,36.0,5.5,11.8,0.468,1.8,4.5,0.389,3.8,7.3,0.517,0.543,5.0,5.8,0.87,0.5,2.8,3.3,2.5,0.5,0.0,1.3,4.3,17.8,2016,Playoffs,16.7,0.621,0.383,0.489,1.8,9.0,5.5,11.6,0.8,0.0,8.0,21.7,0.4,-0.1,0.3,0.096,1.1,-0.6,0.4,0.1
marcus morris,28.0,BOS,PF,19.0,29.6,4.3,11.7,0.368,1.6,3.8,0.417,2.7,7.9,0.344,0.435,2.2,3.1,0.712,1.1,4.4,5.4,1.1,0.4,0.3,1.0,3.2,12.4,2018,Playoffs,9.3,0.474,0.323,0.265,4.0,17.3,10.5,6.2,0.6,0.8,7.1,22.0,-0.2,0.6,0.3,0.029,-3.0,-1.1,-4.1,-0.3
marcus morris,29.0,BOS,PF,9.0,28.2,4.6,8.8,0.519,2.0,4.4,0.45,2.6,4.3,0.59,0.633,2.6,3.4,0.742,1.3,6.8,8.1,1.2,0.1,0.6,0.8,2.4,13.7,2019,Playoffs,18.2,0.664,0.506,0.392,5.1,23.5,14.7,7.4,0.2,1.8,7.0,17.3,0.6,0.4,1.1,0.202,3.4,1.6,5.0,0.5
marcus morris,30.0,LAC,PF,13.0,29.8,4.3,8.5,0.505,2.2,4.5,0.475,2.2,4.0,0.538,0.631,1.0,1.1,0.929,0.8,4.0,4.8,1.6,0.8,0.1,0.7,3.0,11.8,2020,Playoffs,14.4,0.653,0.532,0.126,3.1,15.1,9.1,7.7,1.4,0.2,7.1,14.2,0.8,0.3,1.2,0.146,1.5,1.6,3.1,0.5
marcus morris,31.0,LAC,PF,19.0,31.8,4.5,10.5,0.43,1.9,5.1,0.375,2.6,5.5,0.481,0.52,1.3,1.7,0.75,0.7,3.6,4.3,1.5,0.5,0.5,0.4,2.6,12.2,2021,Playoffs,11.6,0.542,0.48,0.16,2.5,12.8,7.8,6.9,0.9,1.6,3.2,17.0,0.6,0.4,0.9,0.074,-0.4,-0.8,-1.2,0.1
marcus morris,33.0,LAC,PF,3.0,22.7,3.3,9.7,0.345,0.7,4.0,0.167,2.7,5.7,0.471,0.379,1.3,1.3,1.0,0.3,3.7,4.0,0.0,0.3,0.3,0.3,2.0,8.7,2023,Playoffs,6.1,0.423,0.414,0.138,1.6,20.0,10.2,0.0,0.7,1.1,3.1,19.6,-0.1,0.0,-0.1,-0.072,-5.2,-2.3,-7.4,-0.1
marcus morris,34.0,CLE,PF,9.0,15.3,2.4,5.3,0.458,1.0,2.6,0.391,1.4,2.8,0.52,0.552,0.2,0.3,0.667,0.2,2.6,2.8,0.3,0.4,0.0,0.3,0.9,6.1,2024,Playoffs,11.7,0.558,0.479,0.063,1.7,19.0,10.4,3.5,1.5,0.0,5.7,17.7,0.0,0.2,0.2,0.064,-0.2,0.1,-0.1,0.1
marcus smart,20.0,BOS,PG,4.0,22.5,3.5,7.3,0.483,0.8,3.3,0.231,2.8,4.0,0.688,0.534,2.0,3.8,0.533,1.3,1.5,2.8,1.3,0.3,0.3,1.0,3.0,9.8,2015,Playoffs,12.8,0.548,0.448,0.517,5.9,7.5,6.7,9.8,0.6,1.1,10.1,19.7,0.1,0.0,0.1,0.047,-0.1,0.2,0.1,0.0
marcus smart,21.0,BOS,PG,6.0,32.2,3.7,10.0,0.367,1.8,5.3,0.344,1.8,4.7,0.393,0.458,2.8,3.5,0.81,1.3,3.2,4.5,3.0,1.7,0.8,2.5,2.8,12.0,2016,Playoffs,12.1,0.52,0.533,0.35,4.1,11.0,7.3,15.8,2.5,2.3,17.8,18.8,0.0,0.4,0.3,0.083,-0.4,2.4,2.0,0.2
marcus smart,22.0,BOS,SG,18.0,29.9,2.6,7.4,0.351,1.6,4.1,0.397,1.0,3.4,0.295,0.459,1.8,2.8,0.64,1.3,3.4,4.7,4.7,1.5,0.9,2.1,2.8,8.6,2017,Playoffs,11.8,0.497,0.545,0.373,4.8,14.0,9.3,22.3,2.6,2.6,19.6,16.4,0.0,0.5,0.5,0.046,-1.3,1.3,0.0,0.3
marcus smart,23.0,BOS,SG,15.0,29.9,3.2,9.5,0.336,1.0,4.5,0.221,2.2,5.0,0.44,0.388,2.4,3.3,0.735,0.9,2.8,3.7,5.3,1.7,0.7,2.4,2.9,9.8,2018,Playoffs,11.7,0.447,0.476,0.343,3.5,11.0,7.2,27.7,3.0,2.0,17.9,20.6,-0.3,0.7,0.4,0.038,-2.7,2.3,-0.4,0.2
marcus smart,24.0,BOS,SG,2.0,16.0,0.5,5.5,0.091,0.5,5.5,0.091,0.0,0.0,0.0,0.136,2.0,3.0,0.667,2.0,0.0,2.0,2.0,1.5,0.0,1.5,1.5,3.5,2019,Playoffs,3.2,0.257,1.0,0.545,13.4,0.0,6.4,17.6,4.5,0.0,18.0,23.0,-0.1,0.1,-0.1,-0.128,-5.2,0.6,-4.6,0.0
marcus smart,25.0,BOS,SG,17.0,38.1,4.6,11.6,0.394,2.4,7.2,0.333,2.2,4.4,0.493,0.497,2.9,3.3,0.875,0.6,4.6,5.2,4.6,1.2,0.5,2.6,3.2,14.5,2020,Playoffs,11.6,0.552,0.621,0.283,1.8,13.2,7.7,18.0,1.6,1.2,16.8,18.4,0.2,1.0,1.2,0.088,-0.8,1.3,0.4,0.4
marcus smart,26.0,BOS,PG,5.0,36.6,5.8,13.2,0.439,3.2,8.6,0.372,2.6,4.6,0.565,0.561,3.0,4.2,0.714,0.8,3.6,4.4,6.0,1.0,0.2,2.8,2.8,17.8,2021,Playoffs,14.8,0.591,0.652,0.318,2.4,12.0,7.0,25.6,1.4,0.5,15.7,20.7,0.3,-0.2,0.1,0.027,1.3,-0.6,0.7,0.1
marcus smart,27.0,BOS,PG,21.0,36.2,5.4,13.3,0.405,2.3,6.5,0.35,3.1,6.8,0.458,0.491,2.4,3.0,0.806,1.0,3.6,4.5,5.9,1.2,0.2,2.5,3.4,15.4,2022,Playoffs,13.1,0.529,0.491,0.222,3.1,10.7,7.0,26.3,1.7,0.6,14.5,21.2,0.5,1.0,1.5,0.094,-0.8,1.1,0.3,0.4
marcus smart,28.0,BOS,PG,20.0,34.0,5.1,11.2,0.453,2.2,6.1,0.361,2.9,5.1,0.564,0.552,2.6,3.3,0.8,1.1,3.0,4.0,5.1,1.3,0.3,2.3,1.9,14.9,2023,Playoffs,15.4,0.592,0.547,0.291,3.6,9.7,6.7,21.3,1.9,0.7,15.2,19.8,1.0,0.6,1.6,0.112,0.0,0.7,0.8,0.5
marcus thornton,26.0,BRK,SG,10.0,12.4,2.1,5.4,0.389,0.5,2.1,0.238,1.6,3.3,0.485,0.435,1.2,1.8,0.667,0.7,1.2,1.9,0.1,0.2,0.1,0.2,0.4,5.9,2014,Playoffs,14.2,0.476,0.389,0.333,6.8,12.8,9.7,1.5,0.9,0.8,3.1,25.2,0.1,0.0,0.1,0.038,0.9,-2.9,-2.0,0.0
mario chalmers,27.0,MIA,PG,20.0,26.8,2.4,5.6,0.423,0.8,2.2,0.349,1.6,3.4,0.471,0.491,1.0,1.3,0.76,0.1,2.2,2.3,3.6,1.0,0.3,1.5,2.4,6.4,2014,Playoffs,10.2,0.525,0.387,0.225,0.5,10.6,5.7,20.7,2.0,1.1,19.7,14.5,0.1,0.4,0.5,0.044,-1.5,-0.3,-1.8,0.0
mario hezonja,24.0,POR,PF,5.0,13.6,1.8,4.4,0.409,0.4,1.4,0.286,1.4,3.0,0.467,0.455,0.6,0.8,0.75,0.4,2.8,3.2,1.2,0.6,0.0,0.6,1.6,4.6,2020,Playoffs,10.4,0.484,0.318,0.182,3.1,21.8,12.4,13.6,2.1,0.0,11.2,16.4,0.0,0.1,0.0,0.035,-1.1,0.8,-0.3,0.0
marjon beauchamp,22.0,MIL,SF,2.0,2.5,1.0,1.5,0.667,0.5,0.5,1.0,0.5,1.0,0.5,0.833,0.0,0.0,0.0,0.0,0.5,0.5,0.0,0.0,0.0,0.0,0.0,2.5,2023,Playoffs,32.9,0.833,0.333,0.0,0.0,23.6,11.3,0.0,0.0,0.0,0.0,25.3,0.0,0.0,0.0,0.21,13.4,1.2,14.6,0.0
marjon beauchamp,23.0,MIL,SF,4.0,2.5,0.3,1.0,0.25,0.0,0.5,0.0,0.3,0.5,0.5,0.25,0.3,0.5,0.5,0.0,0.3,0.3,0.5,0.0,0.0,0.3,0.3,0.8,2024,Playoffs,-0.9,0.307,0.5,0.5,0.0,11.2,5.6,27.2,0.0,0.0,17.0,27.0,-0.1,0.0,-0.1,-0.263,-11.2,-3.6,-14.8,0.0
markel brown,23.0,BRK,SG,2.0,5.0,1.0,2.5,0.4,0.0,1.0,0.0,1.0,1.5,0.667,0.4,1.0,1.0,1.0,1.0,0.0,1.0,0.5,0.0,0.0,1.0,0.0,3.0,2015,Playoffs,15.4,0.51,0.4,0.4,21.6,0.0,10.8,18.5,0.0,0.0,25.4,36.1,0.0,0.0,0.0,-0.061,1.6,-4.1,-2.5,0.0
markelle fultz,19.0,PHI,SG,3.0,7.7,0.3,2.3,0.143,0.0,0.0,0.0,0.3,2.3,0.143,0.143,1.0,1.3,0.75,0.0,1.0,1.0,1.7,0.7,0.0,0.3,1.3,1.7,2018,Playoffs,5.7,0.285,0.0,0.571,0.0,14.2,7.0,28.8,4.3,0.0,10.2,17.8,0.0,0.0,0.0,-0.003,-7.6,2.0,-5.6,0.0
markelle fultz,21.0,ORL,PG,5.0,29.4,4.8,12.0,0.4,1.2,3.2,0.375,3.6,8.8,0.409,0.45,1.2,1.4,0.857,0.0,2.2,2.2,5.2,1.0,0.6,2.6,4.0,12.0,2020,Playoffs,8.2,0.476,0.267,0.117,0.0,8.1,3.8,28.9,1.6,2.1,17.1,22.1,-0.2,0.1,-0.1,-0.026,-3.5,-0.5,-3.9,-0.1
markelle fultz,25.0,ORL,PG,7.0,15.1,2.9,4.9,0.588,0.0,0.1,0.0,2.9,4.7,0.606,0.588,0.7,1.3,0.556,1.0,1.0,2.0,1.1,0.4,0.0,1.1,1.7,6.4,2024,Playoffs,12.6,0.593,0.029,0.265,7.0,7.7,7.4,13.8,1.4,0.0,17.4,19.0,0.0,0.2,0.2,0.113,-3.1,1.5,-1.6,0.0
markieff morris,27.0,WAS,PF,13.0,28.7,4.5,11.2,0.407,1.1,2.9,0.368,3.5,8.2,0.421,0.455,1.9,2.4,0.806,1.4,5.0,6.4,1.7,0.9,1.3,1.6,3.5,12.1,2017,Playoffs,12.3,0.495,0.262,0.214,5.6,20.2,12.9,8.8,1.6,4.1,11.7,20.8,-0.1,0.5,0.4,0.052,-1.4,0.2,-1.2,0.1
markieff morris,28.0,WAS,PF,6.0,30.2,4.0,8.2,0.49,0.3,2.0,0.167,3.7,6.2,0.595,0.51,1.5,1.7,0.9,2.3,5.2,7.5,1.7,0.7,0.8,1.0,3.7,9.8,2018,Playoffs,13.5,0.552,0.245,0.204,9.2,20.4,14.8,8.0,1.1,2.4,10.1,14.5,0.2,0.1,0.4,0.096,-0.6,0.4,-0.2,0.1
markieff morris,29.0,OKC,PF,5.0,11.8,1.0,3.2,0.313,0.4,1.4,0.286,0.6,1.8,0.333,0.375,1.4,1.8,0.778,0.8,1.8,2.6,1.0,0.2,0.6,0.4,1.8,3.8,2019,Playoffs,11.4,0.476,0.438,0.563,7.2,16.8,11.9,12.1,0.8,4.3,9.1,15.9,0.0,0.1,0.1,0.077,-2.5,2.1,-0.4,0.0
markieff morris,30.0,LAL,PF,21.0,18.3,2.1,4.7,0.449,1.4,3.3,0.42,0.7,1.4,0.517,0.597,0.3,0.4,0.778,0.6,2.5,3.0,1.0,0.3,0.1,0.8,2.6,5.9,2020,Playoffs,8.8,0.608,0.704,0.092,3.7,15.8,9.8,7.0,0.8,0.8,14.3,13.5,0.3,0.4,0.7,0.083,-2.0,0.3,-1.6,0.0
markieff morris,31.0,LAL,PF,4.0,9.5,0.5,2.3,0.222,0.3,1.0,0.25,0.3,1.3,0.2,0.278,1.0,1.5,0.667,1.0,0.0,1.0,0.8,0.0,0.3,0.5,1.5,2.3,2021,Playoffs,4.1,0.387,0.444,0.667,11.4,0.0,5.9,11.9,0.0,2.6,14.7,16.0,0.0,0.0,0.0,-0.025,-5.8,-1.3,-7.1,0.0
markus howard,21.0,DEN,SG,9.0,12.4,1.7,4.1,0.405,1.2,2.9,0.423,0.4,1.2,0.364,0.554,0.1,0.2,0.5,0.1,0.7,0.8,0.4,0.0,0.1,0.0,1.1,4.7,2021,Playoffs,8.3,0.554,0.703,0.054,0.9,6.5,3.5,4.9,0.0,0.8,0.0,14.7,0.1,-0.1,0.1,0.023,-1.1,-1.9,-2.9,0.0
marquese chriss,24.0,DAL,PF,8.0,3.8,0.5,1.0,0.5,0.1,0.3,0.5,0.4,0.8,0.5,0.563,0.6,0.8,0.833,0.5,0.6,1.1,0.0,0.0,0.0,0.1,0.4,1.8,2022,Playoffs,19.0,0.658,0.25,0.75,15.5,19.9,17.7,0.0,0.0,0.0,8.6,18.4,0.1,0.0,0.1,0.198,1.3,-2.4,-1.1,0.0
marreese speights,26.0,GSW,C,7.0,9.7,2.7,5.1,0.528,0.0,0.0,0.0,2.7,5.1,0.528,0.528,0.9,1.7,0.5,1.3,1.9,3.1,0.4,0.3,0.6,0.3,1.7,6.3,2014,Playoffs,23.3,0.533,0.0,0.333,14.9,22.4,18.6,8.5,1.5,5.0,4.6,27.1,0.1,0.1,0.2,0.146,2.1,0.5,2.6,0.1
marreese speights,27.0,GSW,C,10.0,6.7,1.4,4.2,0.333,0.0,0.0,0.0,1.4,4.2,0.333,0.333,0.9,1.5,0.6,0.8,1.3,2.1,0.4,0.4,0.3,0.4,1.4,3.7,2015,Playoffs,13.2,0.381,0.0,0.357,13.2,20.9,17.1,10.4,3.1,3.6,7.6,35.2,-0.1,0.2,0.0,0.012,-5.0,-0.5,-5.5,-0.1
marreese speights,28.0,GSW,C,24.0,8.4,1.9,4.9,0.39,0.8,1.8,0.419,1.2,3.1,0.373,0.466,1.0,1.3,0.774,0.6,1.3,2.0,0.5,0.1,0.3,0.8,1.8,5.6,2016,Playoffs,14.2,0.509,0.364,0.263,8.2,17.0,12.7,9.5,0.7,3.2,13.2,33.1,-0.1,0.2,0.2,0.04,-2.7,-1.0,-3.7,-0.1
marreese speights,29.0,LAC,C,7.0,14.0,2.3,5.3,0.432,1.0,2.9,0.35,1.3,2.4,0.529,0.527,1.0,1.4,0.7,0.6,2.3,2.9,0.4,0.3,0.4,0.4,1.9,6.6,2017,Playoffs,15.1,0.556,0.541,0.27,5.1,21.3,13.0,5.1,1.1,2.9,6.8,21.8,0.1,0.1,0.2,0.115,1.8,-0.2,1.6,0.1
martell webster,27.0,WAS,SF,11.0,17.7,1.4,3.7,0.366,0.5,2.4,0.231,0.8,1.4,0.6,0.439,0.5,0.8,0.667,0.4,1.9,2.3,0.5,0.4,0.5,0.4,1.3,3.8,2014,Playoffs,7.2,0.467,0.634,0.22,2.4,12.5,7.4,4.0,1.1,2.1,8.2,11.9,0.0,0.3,0.3,0.077,-1.9,0.2,-1.8,0.0
marvin williams,29.0,CHO,PF,7.0,32.6,2.0,7.3,0.275,0.9,2.4,0.353,1.1,4.9,0.235,0.333,0.3,0.6,0.5,1.0,5.9,6.9,0.9,0.9,0.4,0.3,1.6,5.1,2016,Playoffs,6.0,0.341,0.333,0.078,3.3,22.1,12.0,4.4,1.4,1.0,3.7,11.4,-0.3,0.2,-0.1,-0.021,-3.3,-0.9,-4.2,-0.1
marvin williams,33.0,MIL,PF,10.0,17.9,2.1,4.7,0.447,1.0,2.3,0.435,1.1,2.4,0.458,0.553,0.3,0.3,1.0,1.3,3.5,4.8,0.9,0.5,0.3,0.3,1.4,5.5,2020,Playoffs,13.7,0.569,0.489,0.064,7.7,21.3,14.4,7.1,1.3,1.8,5.8,12.3,0.3,0.3,0.5,0.139,0.8,2.0,2.9,0.2
mason plumlee,23.0,BRK,C,10.0,11.4,0.7,1.6,0.438,0.0,0.0,0.0,0.7,1.6,0.438,0.438,0.8,1.8,0.444,0.5,1.8,2.3,0.2,0.3,0.7,0.9,2.4,2.2,2014,Playoffs,4.5,0.46,0.0,1.125,5.3,21.0,12.7,2.6,1.5,5.9,27.3,14.1,-0.2,0.1,-0.1,-0.039,-8.4,-0.3,-8.6,-0.2
mason plumlee,24.0,BRK,C,6.0,8.2,0.7,1.0,0.667,0.0,0.0,0.0,0.7,1.0,0.667,0.667,0.7,1.8,0.364,0.3,1.0,1.3,0.3,0.7,0.3,0.5,1.7,2.0,2015,Playoffs,10.5,0.554,0.0,1.833,4.4,13.3,8.8,6.2,4.2,3.6,21.7,12.9,0.0,0.1,0.1,0.072,-4.5,3.4,-1.1,0.0
mason plumlee,25.0,POR,C,11.0,27.8,2.5,6.4,0.4,0.0,0.0,0.0,2.5,6.4,0.4,0.4,1.9,3.0,0.636,3.4,8.5,11.8,4.8,0.6,1.0,2.3,3.8,7.0,2016,Playoffs,15.3,0.456,0.0,0.471,12.1,32.0,21.8,25.7,1.1,2.8,22.8,15.3,0.2,0.4,0.6,0.09,-0.4,2.6,2.2,0.3
mason plumlee,28.0,DEN,C,14.0,15.6,1.7,3.4,0.511,0.0,0.1,0.0,1.7,3.3,0.522,0.511,1.1,2.0,0.571,1.9,2.6,4.4,1.5,0.5,0.7,0.6,2.8,4.6,2019,Playoffs,16.4,0.539,0.021,0.596,12.3,17.6,14.9,13.8,1.7,3.6,11.9,13.8,0.4,0.2,0.7,0.144,-1.2,1.7,0.5,0.1
mason plumlee,29.0,DEN,C,19.0,10.8,1.0,2.1,0.487,0.0,0.1,0.0,1.0,2.0,0.5,0.487,0.4,0.6,0.667,1.6,1.6,3.2,1.3,0.2,0.4,0.6,2.1,2.4,2020,Playoffs,14.1,0.519,0.026,0.308,18.0,17.2,17.6,17.0,1.0,3.8,19.9,12.2,0.4,0.1,0.5,0.117,-1.3,0.2,-1.2,0.0
mason plumlee,32.0,LAC,C,5.0,18.2,2.8,3.2,0.875,0.0,0.0,0.0,2.8,3.2,0.875,0.875,2.6,2.8,0.929,3.2,3.6,6.8,1.8,0.4,0.4,0.6,3.0,8.2,2023,Playoffs,26.6,0.925,0.0,0.875,19.2,24.5,21.7,14.2,1.1,1.7,11.9,11.6,0.6,0.0,0.6,0.303,5.3,2.3,7.6,0.2
mason plumlee,33.0,LAC,C,6.0,11.0,1.2,3.0,0.389,0.0,0.0,0.0,1.2,3.0,0.389,0.389,0.8,1.3,0.625,1.2,2.2,3.3,0.7,0.5,0.3,0.3,2.2,3.2,2024,Playoffs,12.1,0.441,0.0,0.444,12.3,22.1,17.2,9.5,2.4,3.1,8.5,16.3,0.0,0.1,0.1,0.07,-3.7,1.3,-2.4,0.0
matisse thybulle,22.0,PHI,SG,4.0,18.8,0.8,1.8,0.429,0.3,1.0,0.25,0.5,0.8,0.667,0.5,0.0,0.0,0.0,0.3,1.5,1.8,0.5,0.8,0.3,0.5,1.5,1.8,2020,Playoffs,4.1,0.5,0.571,0.0,1.4,8.8,5.0,4.1,2.0,1.2,22.2,5.2,0.0,0.0,0.0,-0.006,-4.5,1.5,-3.1,0.0
matisse thybulle,23.0,PHI,SG,12.0,18.3,2.1,4.3,0.481,0.9,2.8,0.324,1.2,1.5,0.778,0.587,0.2,0.4,0.4,0.3,1.1,1.4,0.3,1.3,0.9,0.2,2.4,5.3,2021,Playoffs,11.1,0.581,0.654,0.096,2.1,6.3,4.2,1.8,3.5,4.1,3.6,11.0,0.1,0.5,0.6,0.126,-2.2,4.6,2.4,0.2
matisse thybulle,24.0,PHI,SG,9.0,15.2,1.2,2.7,0.458,0.4,1.6,0.286,0.8,1.1,0.7,0.542,0.1,0.3,0.333,0.2,0.8,1.0,0.4,0.8,0.8,0.2,1.7,3.0,2022,Playoffs,8.9,0.533,0.583,0.125,1.9,6.0,4.0,4.3,2.7,4.7,7.3,9.4,0.0,0.2,0.2,0.069,-2.0,3.6,1.6,0.1
matt barnes,33.0,LAC,SF,13.0,31.1,3.5,8.2,0.421,1.5,4.6,0.317,2.0,3.6,0.553,0.509,1.0,1.5,0.684,1.7,2.8,4.5,1.8,0.9,0.2,1.3,3.2,9.4,2014,Playoffs,9.7,0.529,0.561,0.178,6.0,10.6,8.2,8.0,1.5,0.6,12.8,14.2,0.2,0.2,0.4,0.047,0.0,-0.5,-0.5,0.2
matt barnes,34.0,LAC,SF,14.0,29.2,2.7,7.1,0.38,1.1,4.3,0.267,1.6,2.9,0.55,0.46,1.1,1.4,0.75,1.1,3.9,5.1,1.6,1.4,0.7,1.1,3.9,7.6,2015,Playoffs,9.7,0.492,0.6,0.2,4.2,13.9,9.1,7.4,2.4,2.1,12.8,13.2,0.1,0.4,0.5,0.055,-1.3,0.9,-0.4,0.2
matt barnes,35.0,MEM,SF,4.0,34.8,4.0,11.5,0.348,0.8,4.5,0.167,3.3,7.0,0.464,0.38,2.0,2.5,0.8,1.3,6.0,7.3,2.8,1.0,0.3,3.3,3.3,10.8,2016,Playoffs,7.0,0.427,0.391,0.217,3.6,23.5,12.1,14.3,1.6,0.6,20.5,21.0,-0.3,0.0,-0.3,-0.107,-3.5,-0.9,-4.4,-0.1
matt barnes,36.0,GSW,SF,12.0,5.1,0.3,1.3,0.267,0.1,0.7,0.125,0.3,0.6,0.429,0.3,0.0,0.0,0.0,0.0,0.8,0.8,0.6,0.2,0.0,0.3,0.8,0.8,2017,Playoffs,0.8,0.3,0.533,0.0,0.0,14.9,8.0,13.8,1.6,0.0,16.7,12.7,-0.1,0.1,-0.1,-0.04,-6.6,-0.5,-7.1,-0.1
matt bonner,33.0,SAS,PF,22.0,6.2,0.5,1.0,0.476,0.2,0.5,0.333,0.3,0.4,0.667,0.571,0.1,0.2,0.75,0.1,0.5,0.6,0.5,0.1,0.0,0.1,0.5,1.2,2014,Playoffs,8.8,0.593,0.571,0.19,1.8,10.1,6.0,10.8,0.8,0.6,8.1,8.5,0.2,0.1,0.3,0.122,0.0,2.2,2.2,0.1
matt bonner,34.0,SAS,PF,7.0,5.1,0.3,1.4,0.2,0.3,1.3,0.222,0.0,0.1,0.0,0.3,0.0,0.0,0.0,0.0,0.9,0.9,0.1,0.0,0.1,0.1,1.1,0.9,2015,Playoffs,-2.2,0.3,0.9,0.0,0.0,18.4,8.9,3.8,0.0,2.2,9.1,13.7,-0.1,0.0,-0.1,-0.089,-9.7,-0.3,-10.0,-0.1
matt thomas,25.0,TOR,SG,10.0,8.4,1.3,2.1,0.619,0.5,1.2,0.417,0.8,0.9,0.889,0.738,0.0,0.0,0.0,0.1,1.3,1.4,0.7,0.1,0.1,0.1,0.6,3.1,2020,Playoffs,15.6,0.738,0.571,0.0,1.3,17.1,9.0,12.9,0.6,1.3,4.5,11.5,0.2,0.1,0.3,0.196,1.7,1.3,2.9,0.1
matt thomas,26.0,UTA,SG,3.0,2.3,0.0,0.7,0.0,0.0,0.0,0.0,0.0,0.7,0.0,0.0,0.0,0.0,0.0,0.0,0.3,0.3,0.0,0.0,0.0,0.0,0.3,0.0,2021,Playoffs,-12.0,0.0,0.0,0.0,0.0,15.9,8.3,0.0,0.0,0.0,0.0,12.7,0.0,0.0,0.0,-0.317,-15.3,-5.6,-20.9,0.0
matthew dellavedova,24.0,CLE,SG,20.0,24.9,2.4,6.8,0.346,1.2,3.8,0.316,1.2,3.0,0.383,0.434,1.3,1.6,0.781,0.5,1.6,2.1,2.7,0.5,0.0,1.8,2.6,7.2,2015,Playoffs,6.8,0.476,0.559,0.235,2.2,6.8,4.5,17.3,1.0,0.0,18.9,16.9,-0.1,0.3,0.2,0.02,-3.0,-0.8,-3.8,-0.2
matthew dellavedova,25.0,CLE,PG,20.0,12.1,1.3,3.7,0.351,0.4,1.6,0.258,0.9,2.2,0.419,0.405,0.9,1.2,0.75,0.2,0.6,0.8,2.8,0.1,0.1,0.7,1.6,3.9,2016,Playoffs,10.8,0.461,0.419,0.324,2.0,5.3,3.7,33.6,0.2,0.4,14.2,18.9,0.4,0.1,0.4,0.083,-1.2,-2.1,-3.3,-0.1
matthew dellavedova,26.0,MIL,PG,6.0,26.5,2.7,6.8,0.39,1.0,2.7,0.375,1.7,4.2,0.4,0.463,1.3,1.7,0.8,0.2,1.8,2.0,2.0,0.2,0.0,1.2,0.8,7.7,2017,Playoffs,6.9,0.507,0.39,0.244,0.7,9.0,4.5,12.1,0.3,0.0,13.4,15.7,-0.1,0.2,0.1,0.029,-2.8,-1.8,-4.6,-0.1
matthew dellavedova,27.0,MIL,PG,6.0,13.0,0.7,2.0,0.333,0.3,1.5,0.222,0.3,0.5,0.667,0.417,0.3,0.3,1.0,0.2,0.7,0.8,2.7,0.3,0.0,1.0,1.0,2.0,2018,Playoffs,6.8,0.466,0.75,0.167,1.6,5.7,3.8,27.3,1.3,0.0,31.8,11.8,0.0,0.0,0.0,0.009,-2.7,-2.4,-5.1,-0.1
maurice harkless,22.0,POR,SF,11.0,24.7,4.3,10.0,0.427,1.4,4.0,0.341,2.9,6.0,0.485,0.495,1.1,2.3,0.48,2.0,3.1,5.1,0.6,0.9,0.3,1.0,3.5,11.0,2016,Playoffs,12.8,0.5,0.4,0.227,8.1,13.2,10.6,4.3,1.8,0.9,8.3,20.7,0.1,0.2,0.3,0.055,-0.7,-0.7,-1.4,0.0
maurice harkless,23.0,POR,SF,4.0,24.8,2.5,8.5,0.294,0.5,3.0,0.167,2.0,5.5,0.364,0.324,1.8,2.0,0.875,1.8,1.5,3.3,0.8,1.3,1.3,0.3,3.5,7.3,2017,Playoffs,8.6,0.386,0.353,0.235,7.0,6.9,7.0,4.7,2.4,4.3,2.6,16.2,-0.1,0.1,0.0,-0.011,-2.2,0.1,-2.0,0.0
maurice harkless,24.0,POR,SF,2.0,26.5,3.5,6.5,0.538,1.0,3.0,0.333,2.5,3.5,0.714,0.615,0.0,0.0,0.0,1.5,2.5,4.0,2.0,0.0,0.5,0.5,2.0,8.0,2018,Playoffs,13.0,0.615,0.462,0.0,5.8,11.4,8.4,10.4,0.0,1.5,7.1,11.3,0.1,0.0,0.1,0.089,1.0,0.0,0.9,0.0
maurice harkless,25.0,POR,SF,16.0,24.3,3.3,6.8,0.477,0.4,1.8,0.25,2.8,5.1,0.556,0.509,1.4,2.3,0.639,1.8,3.1,4.9,1.4,1.1,1.0,1.1,3.5,8.4,2019,Playoffs,14.4,0.537,0.257,0.33,7.9,13.4,10.7,9.0,2.3,3.4,12.0,15.9,0.4,0.4,0.8,0.097,-0.6,2.2,1.6,0.3
max christie,19.0,LAL,SG,9.0,3.7,0.6,1.1,0.5,0.1,0.4,0.25,0.4,0.7,0.667,0.55,0.2,0.4,0.5,0.1,0.7,0.8,0.3,0.0,0.1,0.0,0.0,1.4,2023,Playoffs,15.6,0.553,0.4,0.4,3.4,18.3,11.3,13.0,0.0,2.7,0.0,15.7,0.1,0.0,0.1,0.133,0.9,1.1,2.0,0.0
max strus,24.0,MIA,SF,2.0,3.0,0.0,0.5,0.0,0.0,0.0,0.0,0.0,0.5,0.0,0.0,0.0,0.0,0.0,0.0,0.0,0.0,0.0,0.0,0.0,0.0,0.0,0.0,2021,Playoffs,-6.6,0.0,0.0,0.0,0.0,0.0,0.0,0.0,0.0,0.0,0.0,7.3,0.0,0.0,0.0,-0.203,-10.2,-6.2,-16.4,0.0
max strus,25.0,MIA,SF,18.0,29.1,3.8,10.1,0.374,2.6,7.9,0.331,1.2,2.2,0.525,0.503,0.7,1.0,0.722,0.8,3.2,4.1,2.1,0.8,0.4,1.1,3.1,10.9,2022,Playoffs,10.4,0.516,0.78,0.099,3.3,13.5,8.2,11.0,1.4,1.7,9.5,17.9,0.1,0.7,0.8,0.076,-0.2,0.7,0.5,0.3
max strus,26.0,MIA,SF,23.0,28.2,3.3,8.2,0.402,1.9,5.9,0.319,1.4,2.3,0.611,0.516,0.9,1.1,0.8,0.6,3.0,3.6,1.4,0.3,0.3,0.3,2.0,9.3,2023,Playoffs,9.8,0.538,0.714,0.132,2.4,12.4,7.3,7.2,0.6,1.1,2.9,14.3,0.5,0.5,1.0,0.077,-1.4,-0.1,-1.4,0.1
max strus,27.0,CLE,SF,12.0,36.2,3.5,8.6,0.408,2.1,6.0,0.347,1.4,2.6,0.548,0.529,0.4,0.4,1.0,0.7,4.7,5.3,2.9,0.8,0.0,1.3,3.4,9.5,2024,Playoffs,8.1,0.542,0.699,0.049,2.1,14.7,8.5,11.8,1.1,0.0,12.5,12.9,0.0,0.4,0.5,0.051,-2.5,0.6,-1.9,0.0
maxi kleber,28.0,DAL,PF,6.0,33.8,2.2,6.5,0.333,0.8,4.3,0.192,1.3,2.2,0.615,0.397,1.5,2.0,0.75,1.7,4.8,6.5,1.5,0.3,1.2,0.7,3.3,6.7,2020,Playoffs,7.1,0.452,0.667,0.308,5.3,15.8,10.5,5.5,0.5,3.0,8.3,10.2,0.0,-0.1,0.0,-0.009,-2.2,-1.1,-3.3,-0.1
maxi kleber,29.0,DAL,PF,7.0,26.7,1.7,4.3,0.4,1.1,2.9,0.4,0.6,1.4,0.4,0.533,0.7,1.0,0.714,0.7,2.9,3.6,1.4,0.4,0.0,0.1,2.7,5.3,2021,Playoffs,7.5,0.559,0.667,0.233,3.0,13.1,7.8,7.1,0.8,0.0,2.9,8.3,0.2,0.0,0.2,0.055,-1.9,0.2,-1.7,0.0
maxi kleber,30.0,DAL,PF,18.0,25.4,3.0,5.9,0.509,1.9,4.3,0.436,1.1,1.6,0.714,0.67,0.8,1.2,0.714,0.8,3.7,4.6,1.1,0.2,0.8,0.6,2.7,8.7,2022,Playoffs,14.0,0.681,0.736,0.198,3.8,17.5,10.6,6.9,0.5,3.0,8.7,13.1,1.0,0.3,1.2,0.131,0.9,1.3,2.2,0.5
maxi kleber,32.0,DAL,C,13.0,16.8,1.2,3.0,0.41,0.9,2.2,0.429,0.3,0.8,0.364,0.564,0.3,0.5,0.667,0.3,1.6,1.9,1.0,0.2,0.3,0.4,1.5,3.7,2024,Playoffs,7.7,0.576,0.718,0.154,2.1,10.9,6.5,8.1,0.7,1.8,10.7,9.7,0.2,0.2,0.4,0.079,-1.8,1.5,-0.3,0.1
melvin frazier,22.0,ORL,SG,3.0,5.0,0.7,1.7,0.4,0.0,0.0,0.0,0.7,1.7,0.4,0.4,0.3,0.7,0.5,0.3,1.0,1.3,0.0,0.3,0.0,0.0,0.0,1.7,2019,Playoffs,13.5,0.425,0.0,0.4,6.8,23.5,14.5,0.0,3.4,0.0,0.0,17.4,0.0,0.0,0.0,0.036,-1.6,3.1,1.5,0.0
meyers leonard,21.0,POR,C,4.0,2.3,0.0,0.5,0.0,0.0,0.0,0.0,0.0,0.5,0.0,0.0,0.0,0.0,0.0,0.0,0.5,0.5,0.0,0.0,0.0,0.0,0.3,0.0,2014,Playoffs,-7.8,0.0,0.0,0.0,0.0,23.8,12.1,0.0,0.0,0.0,0.0,9.8,0.0,0.0,0.0,-0.214,-8.2,-2.6,-10.8,0.0
meyers leonard,22.0,POR,C,5.0,21.2,2.8,4.2,0.667,2.0,2.6,0.769,0.8,1.6,0.5,0.905,0.2,0.4,0.5,1.2,5.4,6.6,1.0,0.4,0.4,0.6,3.4,7.8,2015,Playoffs,19.6,0.891,0.619,0.095,6.0,27.9,16.8,8.4,1.0,1.2,12.1,10.8,0.4,0.1,0.5,0.232,5.1,3.2,8.4,0.3
meyers leonard,24.0,POR,PF,3.0,10.3,0.3,1.7,0.2,0.0,1.3,0.0,0.3,0.3,1.0,0.2,0.0,0.0,0.0,0.7,2.0,2.7,0.3,0.0,0.0,1.3,2.0,0.7,2017,Playoffs,-6.1,0.2,0.8,0.0,6.4,22.1,13.7,4.6,0.0,0.0,44.4,12.1,-0.1,0.0,-0.1,-0.231,-12.3,-3.3,-15.7,-0.1
meyers leonard,25.0,POR,C,2.0,4.0,2.0,2.0,1.0,0.0,0.0,0.0,2.0,2.0,1.0,1.0,0.0,0.0,0.0,0.0,2.0,2.0,0.0,0.0,0.0,0.0,0.0,4.0,2018,Playoffs,48.4,1.0,0.0,0.0,0.0,60.4,27.7,0.0,0.0,0.0,0.0,21.3,0.1,0.0,0.1,0.348,14.6,4.1,18.7,0.0
meyers leonard,26.0,POR,C,11.0,15.5,3.1,5.9,0.523,1.3,3.0,0.424,1.8,2.9,0.625,0.631,0.3,0.8,0.333,0.5,3.1,3.6,1.1,0.3,0.1,0.4,2.5,7.7,2019,Playoffs,17.4,0.616,0.508,0.138,3.7,21.3,12.5,11.8,0.9,0.5,5.5,18.7,0.4,0.1,0.6,0.156,2.3,0.2,2.5,0.2
meyers leonard,27.0,MIA,C,3.0,10.3,1.7,2.7,0.625,0.7,1.3,0.5,1.0,1.3,0.75,0.75,0.7,0.7,1.0,0.0,0.3,0.3,1.0,0.3,0.0,0.0,1.3,4.7,2020,Playoffs,18.4,0.788,0.5,0.25,0.0,3.6,1.9,15.7,1.6,0.0,0.0,13.0,0.1,0.0,0.1,0.23,3.9,2.4,6.2,0.1
meyers leonard,30.0,MIL,C,2.0,2.5,0.0,0.5,0.0,0.0,0.0,0.0,0.0,0.5,0.0,0.0,0.0,0.0,0.0,0.0,0.5,0.5,0.0,0.0,0.0,0.0,0.0,0.0,2023,Playoffs,-5.1,0.0,0.0,0.0,0.0,23.6,11.3,0.0,0.0,0.0,0.0,8.4,0.0,0.0,0.0,-0.201,-10.4,-5.3,-15.7,0.0
michael beasley,25.0,MIA,SF,4.0,5.8,1.3,2.5,0.5,0.0,0.0,0.0,1.3,2.5,0.5,0.5,0.3,0.8,0.333,0.5,0.5,1.0,0.5,0.0,0.0,0.3,0.8,2.8,2014,Playoffs,14.6,0.486,0.0,0.3,12.0,11.2,11.6,16.7,0.0,0.0,8.1,27.4,0.0,0.0,0.0,0.031,0.3,-2.3,-2.0,0.0
michael beasley,27.0,HOU,PF,5.0,16.0,4.4,9.2,0.478,0.4,1.2,0.333,4.0,8.0,0.5,0.5,1.2,1.4,0.857,0.8,3.4,4.2,0.6,0.2,0.0,1.4,1.6,10.4,2016,Playoffs,15.9,0.53,0.13,0.152,5.0,23.8,13.8,9.1,0.6,0.0,12.5,28.8,0.0,0.0,0.0,0.015,1.4,-1.8,-0.4,0.0
michael beasley,28.0,MIL,PF,4.0,12.0,1.8,5.0,0.35,0.8,1.3,0.6,1.0,3.8,0.267,0.425,0.0,1.0,0.0,0.5,1.8,2.3,0.3,0.3,0.3,0.5,2.0,4.3,2017,Playoffs,3.3,0.391,0.25,0.2,4.7,18.9,11.3,3.6,1.1,2.0,8.4,23.6,-0.2,0.1,-0.1,-0.083,-5.1,-1.3,-6.4,-0.1
michael carterwilliams,23.0,MIL,PG,6.0,31.8,5.5,13.0,0.423,0.0,0.8,0.0,5.5,12.2,0.452,0.423,1.2,2.0,0.583,0.2,4.3,4.5,4.8,1.2,1.0,2.7,2.3,12.2,2015,Playoffs,11.5,0.438,0.064,0.154,0.5,15.8,7.5,29.5,1.9,2.8,16.1,23.4,-0.3,0.2,-0.1,-0.032,-2.7,1.0,-1.7,0.0
michael carterwilliams,25.0,CHI,PG,5.0,10.6,1.2,3.0,0.4,0.0,0.2,0.0,1.2,2.8,0.429,0.4,0.4,0.8,0.5,0.2,0.6,0.8,1.2,0.4,0.2,1.2,1.2,2.8,2017,Playoffs,3.4,0.418,0.067,0.267,2.1,6.2,4.2,17.6,2.0,1.9,26.4,19.3,-0.2,0.0,-0.1,-0.111,-6.9,-0.4,-7.3,-0.1
michael carterwilliams,27.0,ORL,PG,5.0,18.4,2.4,6.2,0.387,0.4,1.6,0.25,2.0,4.6,0.435,0.419,1.4,1.6,0.875,0.4,3.6,4.0,2.4,0.6,0.0,1.6,2.4,6.6,2019,Playoffs,9.2,0.478,0.258,0.258,2.2,23.0,11.9,24.1,1.6,0.0,18.8,20.5,-0.1,0.1,0.0,-0.02,-3.9,1.8,-2.1,0.0
michael frazier,25.0,HOU,SG,4.0,3.0,0.3,1.0,0.25,0.3,0.5,0.5,0.0,0.5,0.0,0.375,0.0,0.0,0.0,0.3,0.8,1.0,0.5,0.0,0.0,0.3,0.0,0.8,2020,Playoffs,7.7,0.375,0.5,0.0,8.9,29.3,18.6,24.2,0.0,0.0,20.0,18.7,0.0,0.0,0.0,-0.021,-0.5,0.3,-0.2,0.0
michael kiddgilchrist,20.0,CHA,SF,4.0,22.8,3.5,6.8,0.519,0.0,0.3,0.0,3.5,6.5,0.538,0.519,1.5,2.5,0.6,2.0,4.5,6.5,1.5,0.0,0.5,2.0,3.3,8.5,2014,Playoffs,12.0,0.541,0.037,0.37,10.6,25.8,17.9,12.0,0.0,2.0,20.3,20.7,0.0,0.1,0.0,0.017,-3.3,0.8,-2.5,0.0
michael kiddgilchrist,26.0,DAL,PF,6.0,9.2,0.7,2.3,0.286,0.3,1.5,0.222,0.3,0.8,0.4,0.357,0.7,1.0,0.667,0.3,0.7,1.0,0.5,0.2,0.2,0.2,1.3,2.3,2020,Playoffs,5.0,0.421,0.643,0.429,3.9,8.0,6.0,6.9,0.9,1.6,5.7,13.8,0.0,0.0,-0.1,-0.045,-3.6,-1.4,-5.0,0.0
michael porter,21.0,DEN,SF,19.0,23.7,4.1,8.6,0.476,1.8,4.7,0.382,2.3,3.9,0.587,0.579,1.4,1.8,0.743,1.1,5.6,6.7,0.8,0.7,0.3,1.3,2.3,11.4,2020,Playoffs,16.0,0.602,0.543,0.213,5.6,27.8,16.8,5.6,1.5,1.3,12.2,20.7,0.5,0.4,0.9,0.092,1.8,-0.8,1.0,0.3
michael porter,22.0,DEN,SF,10.0,33.2,6.4,13.5,0.474,2.9,7.3,0.397,3.5,6.2,0.565,0.581,1.7,2.1,0.81,1.2,5.0,6.2,1.3,1.1,0.3,1.6,3.1,17.4,2021,Playoffs,14.9,0.603,0.541,0.156,3.8,18.4,10.5,5.9,1.7,0.9,10.0,21.0,0.3,0.1,0.4,0.058,0.6,-1.2,-0.6,0.1
michael porter,24.0,DEN,SF,20.0,32.7,5.0,11.7,0.423,2.3,6.6,0.351,2.7,5.2,0.515,0.521,1.2,1.5,0.793,1.0,7.1,8.1,1.6,0.5,0.6,0.5,2.1,13.4,2023,Playoffs,13.4,0.541,0.56,0.124,3.7,24.4,14.4,6.5,0.8,1.5,3.5,17.6,0.7,0.9,1.6,0.117,0.3,-0.6,-0.3,0.3
michael porter,25.0,DEN,SF,12.0,36.9,5.7,12.2,0.466,2.8,6.8,0.407,2.9,5.4,0.538,0.579,1.7,2.2,0.769,0.7,6.2,6.8,1.1,0.9,0.8,1.5,2.3,15.8,2024,Playoffs,13.1,0.6,0.555,0.178,2.0,19.6,10.5,4.5,1.3,2.1,10.3,18.2,0.2,0.5,0.8,0.081,0.3,0.3,0.6,0.3
mikal bridges,24.0,PHO,SF,22.0,32.1,4.2,8.6,0.484,1.6,4.3,0.368,2.6,4.3,0.6,0.576,1.1,1.3,0.893,0.9,3.4,4.3,1.6,1.0,0.7,0.7,1.9,11.1,2021,Playoffs,12.9,0.603,0.5,0.147,3.3,11.0,7.4,7.1,1.6,2.0,7.3,14.1,0.8,1.0,1.8,0.125,0.8,0.9,1.7,0.7
mikal bridges,25.0,PHO,SF,13.0,38.5,5.1,10.6,0.478,1.0,2.5,0.394,4.1,8.1,0.505,0.525,2.2,2.3,0.933,0.9,3.8,4.7,2.8,1.1,1.0,0.8,2.4,13.3,2022,Playoffs,13.8,0.572,0.239,0.217,2.9,11.3,7.3,10.2,1.4,2.5,6.8,14.9,0.8,0.2,0.9,0.091,0.4,1.0,1.4,0.4
mikal bridges,26.0,BRK,SG,4.0,39.3,8.3,19.3,0.429,2.5,6.3,0.4,5.8,13.0,0.442,0.494,4.5,5.8,0.783,0.5,4.8,5.3,4.0,0.5,0.5,2.0,1.3,23.5,2023,Playoffs,16.3,0.539,0.325,0.299,1.5,13.7,7.7,20.5,0.7,1.2,8.4,29.8,0.0,0.1,0.1,0.027,2.2,-0.8,1.4,0.1
mike conley,26.0,MEM,PG,7.0,38.1,6.3,14.6,0.431,0.4,3.9,0.111,5.9,10.7,0.547,0.446,2.9,3.7,0.769,0.7,3.9,4.6,7.9,2.0,0.1,2.1,2.0,15.9,2014,Playoffs,17.7,0.489,0.265,0.255,2.0,11.9,6.7,37.0,2.8,0.3,11.7,22.1,0.2,0.3,0.5,0.088,2.0,1.9,3.9,0.4
mike conley,27.0,MEM,PG,8.0,30.4,5.1,12.0,0.427,1.3,4.1,0.303,3.9,7.9,0.492,0.479,2.9,3.5,0.821,0.0,1.1,1.1,5.0,1.4,0.0,1.5,1.3,14.4,2015,Playoffs,17.5,0.531,0.344,0.292,0.0,4.2,2.0,28.6,2.4,0.0,10.0,22.6,0.4,0.2,0.6,0.111,3.1,0.7,3.8,0.4
mike conley,29.0,MEM,PG,6.0,37.3,8.3,17.2,0.485,2.8,6.3,0.447,5.5,10.8,0.508,0.568,5.2,6.2,0.838,0.2,3.2,3.3,7.0,1.7,0.5,2.0,1.8,24.7,2017,Playoffs,27.4,0.62,0.369,0.359,0.6,11.0,5.8,38.5,2.5,1.2,9.1,29.4,0.9,0.1,1.0,0.204,9.3,1.7,11.0,0.7
mike conley,32.0,UTA,PG,5.0,33.0,6.2,12.8,0.484,3.6,6.8,0.529,2.6,6.0,0.433,0.625,3.8,4.4,0.864,0.6,2.2,2.8,5.2,1.6,0.2,1.0,2.0,19.8,2020,Playoffs,26.3,0.672,0.531,0.344,2.2,7.7,5.0,25.0,2.5,0.6,6.4,22.3,0.8,0.0,0.9,0.255,6.8,2.4,9.2,0.5
mike conley,33.0,UTA,PG,6.0,29.3,4.8,11.3,0.426,3.0,6.2,0.486,1.8,5.2,0.355,0.559,2.7,2.7,1.0,0.5,3.0,3.5,7.7,0.2,0.5,2.3,2.5,15.3,2021,Playoffs,18.5,0.613,0.544,0.235,2.1,11.4,6.9,39.4,0.3,1.5,15.7,22.4,0.6,0.0,0.6,0.153,4.2,-1.2,3.0,0.2
mike conley,34.0,UTA,PG,6.0,29.0,3.2,9.5,0.333,0.8,4.2,0.2,2.3,5.3,0.438,0.377,2.0,2.5,0.8,0.3,2.8,3.2,4.8,0.8,0.3,2.2,3.2,9.2,2022,Playoffs,8.2,0.432,0.439,0.263,1.3,11.3,6.4,26.9,1.5,1.4,17.0,20.6,-0.2,0.1,-0.1,-0.037,-3.3,-0.6,-3.9,-0.1
mike conley,35.0,MIN,PG,5.0,36.6,4.0,8.4,0.476,2.0,4.4,0.455,2.0,4.0,0.5,0.595,2.0,2.2,0.909,0.4,2.2,2.6,6.4,0.6,0.0,1.4,2.2,12.0,2023,Playoffs,13.3,0.64,0.524,0.262,1.2,7.2,4.1,26.4,0.8,0.0,13.0,13.6,0.4,0.0,0.4,0.097,0.7,-0.1,0.6,0.1
mike conley,36.0,MIN,PG,15.0,31.6,4.1,9.7,0.428,2.0,5.1,0.395,2.1,4.6,0.464,0.531,1.3,1.9,0.714,0.7,3.2,3.9,5.7,1.4,0.2,1.3,2.5,11.6,2024,Playoffs,15.0,0.553,0.524,0.193,2.5,12.0,7.3,26.8,2.3,0.6,11.3,17.0,0.8,0.5,1.3,0.134,0.5,2.3,2.8,0.6
mike dunleavy,33.0,CHI,SF,5.0,32.6,5.0,10.6,0.472,2.4,5.2,0.462,2.6,5.4,0.481,0.585,0.8,1.2,0.667,1.0,2.6,3.6,2.4,0.6,0.2,1.0,1.4,13.2,2014,Playoffs,15.5,0.593,0.491,0.113,3.4,9.5,6.4,14.0,1.0,0.5,8.2,17.9,0.3,0.1,0.4,0.123,3.1,0.8,3.9,0.2
mike dunleavy,34.0,CHI,SF,12.0,32.4,3.6,7.3,0.489,2.3,4.7,0.482,1.3,2.7,0.5,0.642,1.5,1.6,0.947,0.6,3.4,4.0,2.6,0.8,0.4,1.3,2.6,10.9,2015,Playoffs,14.4,0.68,0.636,0.216,2.0,11.3,6.8,13.1,1.4,1.0,13.5,13.0,0.9,0.5,1.4,0.169,1.6,1.5,3.2,0.5
mike dunleavy,36.0,ATL,SF,6.0,8.8,0.5,1.2,0.429,0.3,0.8,0.4,0.2,0.3,0.5,0.571,0.7,0.7,1.0,0.2,0.7,0.8,0.3,0.2,0.0,1.0,0.5,2.0,2017,Playoffs,3.5,0.685,0.714,0.571,2.1,8.5,5.3,5.2,0.9,0.0,40.7,11.8,-0.1,0.0,0.0,-0.012,-4.8,0.0,-4.8,0.0
mike james,30.0,BRK,PG,9.0,11.4,1.6,4.8,0.326,0.6,1.8,0.313,1.0,3.0,0.333,0.384,0.0,0.0,0.0,0.2,1.6,1.8,1.3,0.2,0.0,0.3,0.7,3.7,2021,Playoffs,6.2,0.384,0.372,0.0,2.2,14.4,8.6,16.5,1.0,0.0,6.5,20.3,-0.2,0.1,-0.1,-0.029,-4.9,-0.9,-5.9,-0.1
mike miller,33.0,MEM,SF,7.0,24.7,2.1,6.0,0.357,2.0,4.1,0.483,0.1,1.9,0.077,0.524,1.0,1.3,0.778,0.3,3.4,3.7,1.3,0.9,0.0,0.7,2.3,7.3,2014,Playoffs,10.1,0.555,0.69,0.214,1.2,16.3,8.4,8.2,1.9,0.0,9.8,13.5,0.1,0.2,0.3,0.085,0.0,1.4,1.4,0.1
mike miller,34.0,CLE,SF,9.0,7.2,0.3,0.6,0.6,0.3,0.6,0.6,0.0,0.0,0.0,0.9,0.0,0.0,0.0,0.0,1.1,1.1,0.0,0.1,0.1,0.1,0.7,1.0,2015,Playoffs,6.6,0.9,1.0,0.0,0.0,16.7,8.5,0.0,0.8,1.3,16.7,4.2,0.1,0.1,0.1,0.098,-2.6,1.6,-1.0,0.0
mike muscala,22.0,ATL,PF,2.0,2.5,0.0,1.0,0.0,0.0,0.0,0.0,0.0,1.0,0.0,0.0,0.0,0.0,0.0,0.0,0.0,0.0,0.0,0.0,0.0,0.0,0.0,0.0,2014,Playoffs,-16.9,0.0,0.0,0.0,0.0,0.0,0.0,0.0,0.0,0.0,0.0,18.6,0.0,0.0,0.0,-0.441,-12.6,-8.7,-21.3,0.0
mike muscala,23.0,ATL,PF,10.0,10.2,2.0,3.3,0.606,0.2,0.8,0.25,1.8,2.5,0.72,0.636,0.0,0.0,0.0,0.8,1.0,1.8,0.1,0.1,0.3,0.4,1.3,4.2,2015,Playoffs,14.9,0.636,0.242,0.0,8.4,10.5,9.4,1.7,0.5,2.4,10.8,16.5,0.2,0.1,0.2,0.114,-0.3,-1.0,-1.3,0.0
mike muscala,24.0,ATL,C,9.0,7.4,1.1,2.2,0.5,0.2,0.7,0.333,0.9,1.6,0.571,0.55,0.2,0.2,1.0,0.8,1.1,1.9,0.3,0.0,0.1,0.3,0.7,2.7,2016,Playoffs,13.7,0.575,0.3,0.1,11.8,15.3,13.6,7.4,0.0,1.3,12.6,16.0,0.1,0.0,0.2,0.109,0.2,-1.0,-0.8,0.0
mike muscala,25.0,ATL,C,6.0,13.5,0.8,3.0,0.278,0.0,0.7,0.0,0.8,2.3,0.357,0.278,1.2,1.3,0.875,1.0,1.7,2.7,0.3,0.2,0.5,0.2,2.0,2.8,2017,Playoffs,6.2,0.395,0.222,0.444,8.3,13.9,11.1,3.4,0.6,3.0,4.4,11.8,0.0,0.1,0.1,0.055,-5.1,-0.1,-5.2,-0.1
mike muscala,28.0,OKC,C,2.0,10.0,0.5,1.0,0.5,0.5,0.5,1.0,0.0,0.5,0.0,0.75,0.0,0.0,0.0,0.0,2.0,2.0,0.5,0.0,0.0,0.0,1.0,1.5,2020,Playoffs,6.7,0.75,0.5,0.0,0.0,20.2,10.5,7.1,0.0,0.0,0.0,4.3,0.0,0.0,0.0,0.116,-2.4,0.8,-1.6,0.0
mike muscala,31.0,BOS,C,6.0,3.5,0.3,0.7,0.5,0.3,0.7,0.5,0.0,0.0,0.0,0.75,0.5,0.7,0.75,0.5,0.2,0.7,0.2,0.0,0.0,0.2,0.2,1.5,2023,Playoffs,17.9,0.781,1.0,1.0,16.8,5.3,10.9,6.3,0.0,0.0,14.8,14.6,0.1,0.0,0.1,0.21,5.5,-0.6,4.9,0.0
mike scott,25.0,ATL,PF,7.0,20.9,3.3,9.0,0.365,1.4,4.4,0.323,1.9,4.6,0.406,0.444,1.4,2.0,0.714,0.4,2.1,2.6,0.4,0.1,0.0,0.3,1.6,9.4,2014,Playoffs,10.0,0.477,0.492,0.222,2.2,12.5,7.0,4.3,0.4,0.0,2.8,22.7,0.0,0.2,0.1,0.046,1.0,-2.4,-1.4,0.0
mike scott,26.0,ATL,PF,11.0,15.6,1.9,5.0,0.382,0.4,2.4,0.154,1.5,2.6,0.586,0.418,0.4,0.4,1.0,1.5,2.7,4.2,0.5,0.5,0.0,0.6,1.5,4.5,2015,Playoffs,9.6,0.44,0.473,0.073,10.0,18.7,14.3,4.6,1.5,0.0,11.0,16.9,-0.1,0.2,0.1,0.037,-2.7,-1.9,-4.6,-0.1
mike scott,27.0,ATL,PF,10.0,16.1,2.5,4.0,0.625,0.8,1.6,0.5,1.7,2.4,0.708,0.725,0.7,0.8,0.875,0.5,2.7,3.2,0.5,0.3,0.3,0.8,2.0,6.5,2016,Playoffs,15.1,0.747,0.4,0.2,3.5,17.2,10.7,5.2,0.9,1.7,15.5,14.3,0.3,0.2,0.5,0.153,0.1,1.6,1.7,0.2
mike scott,29.0,WAS,PF,6.0,21.0,4.3,6.8,0.634,1.2,1.8,0.636,3.2,5.0,0.633,0.72,1.0,1.0,1.0,1.0,2.5,3.5,0.7,0.3,0.2,0.8,1.7,10.8,2018,Playoffs,19.1,0.745,0.268,0.146,5.7,14.2,9.9,5.1,0.8,0.7,10.3,17.0,0.4,0.0,0.4,0.162,3.6,-0.3,3.3,0.2
mike scott,30.0,PHI,PF,10.0,19.3,2.1,4.7,0.447,1.2,3.4,0.353,0.9,1.3,0.692,0.574,0.2,0.2,1.0,0.4,3.0,3.4,0.5,0.3,0.0,0.7,2.2,5.6,2019,Playoffs,7.3,0.585,0.723,0.043,2.4,16.0,9.5,3.6,0.8,0.0,12.8,12.1,0.1,0.2,0.3,0.067,-2.1,-0.4,-2.5,0.0
mike scott,31.0,PHI,PF,4.0,5.0,0.3,1.3,0.2,0.0,0.5,0.0,0.3,0.8,0.333,0.2,1.0,1.0,1.0,0.5,1.5,2.0,0.3,0.0,0.0,0.0,0.5,1.5,2020,Playoffs,12.6,0.444,0.4,0.8,10.5,33.1,21.5,7.8,0.0,0.0,0.0,14.7,0.0,0.0,0.0,0.092,-1.2,-0.9,-2.2,0.0
mike scott,32.0,PHI,PF,5.0,6.8,0.4,1.8,0.222,0.4,1.4,0.286,0.0,0.4,0.0,0.333,0.0,0.0,0.0,0.2,0.4,0.6,0.6,0.2,0.2,0.0,0.6,1.2,2021,Playoffs,4.9,0.333,0.778,0.0,3.3,6.2,4.8,10.7,1.4,2.4,0.0,11.4,0.0,0.0,0.0,0.029,-3.4,0.2,-3.2,0.0
miles mcbride,22.0,NYK,PG,8.0,2.5,0.1,0.5,0.25,0.1,0.4,0.333,0.0,0.1,0.0,0.375,0.0,0.0,0.0,0.0,0.3,0.3,0.1,0.0,0.1,0.0,0.1,0.4,2023,Playoffs,4.5,0.375,0.75,0.0,0.0,11.4,5.7,7.3,0.0,5.0,0.0,8.9,0.0,0.0,0.0,0.048,-2.7,1.8,-0.9,0.0
miles mcbride,23.0,NYK,PG,13.0,26.7,4.2,9.5,0.435,1.9,5.2,0.368,2.2,4.3,0.518,0.536,0.8,0.9,0.833,0.5,1.7,2.2,1.9,0.5,0.2,0.8,2.3,11.0,2024,Playoffs,11.2,0.553,0.548,0.097,2.3,7.7,4.9,10.8,1.1,0.5,7.8,17.8,0.4,-0.1,0.3,0.047,-1.4,-0.2,-1.6,0.0
mirza teletovic,28.0,BRK,SF,12.0,18.3,3.0,6.8,0.439,1.6,4.7,0.339,1.4,2.2,0.654,0.555,0.7,1.0,0.667,1.3,2.1,3.3,0.3,0.4,0.2,0.4,1.2,8.3,2014,Playoffs,16.8,0.567,0.683,0.146,8.2,15.1,11.5,2.4,1.3,0.9,5.4,20.5,0.4,0.1,0.5,0.115,3.9,-1.8,2.1,0.2
mirza teletovic,29.0,BRK,PF,3.0,5.3,0.0,1.7,0.0,0.0,1.3,0.0,0.0,0.3,0.0,0.0,0.0,0.0,0.0,0.0,1.3,1.3,0.0,0.3,0.0,0.3,0.3,0.0,2015,Playoffs,-10.5,0.0,0.8,0.0,0.0,27.1,13.5,0.0,3.2,0.0,16.7,17.2,-0.1,0.0,-0.1,-0.366,-13.7,-2.6,-16.3,-0.1
mirza teletovic,31.0,MIL,PF,3.0,9.0,0.3,2.0,0.167,0.3,1.3,0.25,0.0,0.7,0.0,0.25,0.0,0.0,0.0,0.0,1.0,1.0,0.0,0.3,0.0,0.3,1.0,1.0,2017,Playoffs,-3.5,0.25,0.667,0.0,0.0,14.4,6.7,0.0,2.0,0.0,14.3,12.4,-0.1,0.0,-0.1,-0.106,-9.5,-2.6,-12.2,-0.1
mitchell robinson,24.0,NYK,C,11.0,27.1,2.6,4.4,0.604,0.0,0.0,0.0,2.6,4.4,0.604,0.604,1.2,3.0,0.394,5.0,4.3,9.3,0.8,0.7,1.5,0.9,2.6,6.5,2023,Playoffs,16.8,0.568,0.0,0.688,21.1,17.9,19.5,4.7,1.4,5.4,13.8,10.8,0.5,0.6,1.0,0.167,0.6,0.8,1.4,0.3
mitchell robinson,25.0,NYK,C,6.0,19.2,1.2,2.3,0.5,0.0,0.0,0.0,1.2,2.3,0.5,0.5,0.5,1.3,0.375,3.8,3.0,6.8,0.5,1.0,1.2,0.5,2.5,2.8,2024,Playoffs,15.5,0.485,0.0,0.571,22.5,19.1,20.9,3.4,2.7,5.6,14.6,7.9,0.2,0.1,0.3,0.118,-1.6,1.6,0.0,0.1
miye oni,22.0,UTA,SF,2.0,7.0,1.5,3.0,0.5,0.5,2.0,0.25,1.0,1.0,1.0,0.583,0.0,0.0,0.0,1.0,1.0,2.0,0.0,0.5,0.5,0.5,1.0,3.5,2020,Playoffs,22.3,0.583,0.667,0.0,17.1,16.4,16.7,0.0,3.7,6.9,14.3,23.4,0.0,0.0,0.0,0.113,-0.8,2.7,1.8,0.0
miye oni,23.0,UTA,SG,8.0,5.1,0.0,0.6,0.0,0.0,0.6,0.0,0.0,0.0,0.0,0.0,0.0,0.0,0.0,0.4,0.0,0.4,0.0,0.1,0.0,0.0,1.0,0.0,2021,Playoffs,-3.6,0.0,1.0,0.0,8.9,0.0,4.3,0.0,1.2,0.0,0.0,5.4,-0.1,0.0,-0.1,-0.104,-8.8,-1.9,-10.7,-0.1
mo bamba,24.0,LAL,C,3.0,3.3,0.0,0.7,0.0,0.0,0.3,0.0,0.0,0.3,0.0,0.0,0.0,0.0,0.0,0.0,1.0,1.0,0.3,0.0,0.3,0.0,0.0,0.0,2023,Playoffs,2.9,0.0,0.5,0.0,0.0,30.2,15.9,11.8,0.0,9.0,0.0,8.8,0.0,0.0,0.0,-0.083,-6.2,3.1,-3.1,0.0
mo williams,31.0,POR,PG,8.0,23.4,2.8,7.4,0.373,0.6,2.6,0.238,2.1,4.8,0.447,0.415,1.3,1.4,0.909,0.3,1.3,1.5,1.9,0.4,0.0,1.8,3.0,7.4,2014,Playoffs,4.6,0.462,0.356,0.186,1.2,5.7,3.5,12.2,0.8,0.0,18.0,18.3,-0.2,0.0,-0.3,-0.068,-4.8,-3.0,-7.9,-0.3
mo williams,33.0,CLE,PG,13.0,5.2,0.6,2.2,0.286,0.2,1.0,0.231,0.4,1.2,0.333,0.339,0.1,0.2,0.5,0.0,0.5,0.5,0.2,0.3,0.0,0.8,0.6,1.5,2016,Playoffs,-3.3,0.346,0.464,0.071,0.0,10.3,5.2,6.5,3.1,0.0,25.7,26.4,-0.4,0.1,-0.3,-0.245,-10.7,-2.8,-13.5,-0.2
monta ellis,28.0,DAL,SG,7.0,35.6,7.4,18.1,0.409,1.7,4.9,0.353,5.7,13.3,0.43,0.457,3.9,4.4,0.871,0.9,1.6,2.4,2.9,1.3,0.1,2.1,2.7,20.4,2014,Playoffs,15.4,0.508,0.268,0.244,2.6,5.6,4.0,13.2,1.9,0.3,9.6,28.2,0.2,0.1,0.3,0.048,1.2,-0.9,0.3,0.1
monta ellis,29.0,DAL,SG,5.0,39.4,10.4,22.2,0.468,2.2,6.0,0.367,8.2,16.2,0.506,0.518,3.0,4.0,0.75,0.8,2.4,3.2,5.2,2.0,0.6,3.2,3.6,26.0,2015,Playoffs,19.5,0.543,0.27,0.18,2.0,6.5,4.2,21.9,2.4,1.2,11.8,28.2,0.4,0.0,0.4,0.094,3.4,0.3,3.7,0.3
monta ellis,30.0,IND,SG,7.0,32.1,4.7,10.9,0.434,1.0,3.0,0.333,3.7,7.9,0.473,0.48,1.1,1.4,0.8,0.6,3.3,3.9,4.3,2.1,0.0,2.4,2.4,11.6,2016,Playoffs,13.7,0.504,0.276,0.132,2.2,10.9,6.9,24.7,3.6,0.0,17.5,20.8,0.0,0.4,0.3,0.072,-1.4,2.3,0.9,0.2
monta ellis,31.0,IND,SG,4.0,19.0,2.0,5.0,0.4,0.5,2.0,0.25,1.5,3.0,0.5,0.45,1.0,1.3,0.8,0.3,1.8,2.0,1.3,0.5,0.3,1.0,1.3,5.5,2017,Playoffs,7.4,0.495,0.4,0.25,1.5,11.0,6.2,8.9,1.3,1.3,15.3,15.1,0.0,0.0,0.0,-0.024,-3.9,-0.9,-4.8,-0.1
monte morris,23.0,DEN,PG,14.0,16.0,2.4,6.1,0.384,0.0,0.9,0.0,2.4,5.2,0.452,0.384,0.6,0.9,0.692,0.2,1.1,1.4,2.6,0.4,0.1,0.4,1.1,5.4,2019,Playoffs,9.8,0.409,0.151,0.151,1.4,7.6,4.5,24.3,1.2,0.3,6.1,19.5,-0.1,0.1,0.0,-0.002,-3.6,-1.1,-4.7,-0.1
monte morris,24.0,DEN,PG,19.0,21.4,3.5,7.0,0.496,0.6,2.1,0.3,2.8,4.9,0.581,0.541,1.5,1.8,0.824,0.2,1.3,1.5,2.7,0.6,0.1,0.5,1.1,9.1,2020,Playoffs,16.3,0.581,0.301,0.256,1.2,7.3,4.3,19.9,1.5,0.5,6.3,17.7,0.9,0.1,1.0,0.119,1.2,-0.1,1.1,0.3
monte morris,25.0,DEN,PG,10.0,28.6,5.0,11.6,0.431,1.6,4.0,0.4,3.4,7.6,0.447,0.5,2.1,2.9,0.724,0.7,1.7,2.4,5.5,1.0,0.2,0.7,1.2,13.7,2021,Playoffs,17.3,0.532,0.345,0.25,2.6,7.3,4.7,28.1,1.7,0.7,5.2,20.7,0.6,0.0,0.6,0.101,2.2,0.3,2.5,0.3
monte morris,26.0,DEN,PG,5.0,31.2,5.0,10.2,0.49,2.2,5.2,0.423,2.8,5.0,0.56,0.598,1.8,2.4,0.75,0.2,2.0,2.2,5.4,1.2,0.0,1.6,2.8,14.0,2022,Playoffs,16.1,0.622,0.51,0.235,0.8,8.2,4.4,26.2,1.9,0.0,12.4,17.9,0.4,-0.1,0.3,0.101,2.2,-0.2,2.0,0.2
monte morris,28.0,MIN,PG,9.0,7.4,1.0,3.3,0.3,0.1,1.6,0.071,0.9,1.8,0.5,0.317,0.2,0.2,1.0,0.1,0.6,0.7,1.0,0.2,0.1,0.0,0.7,2.3,2024,Playoffs,6.6,0.34,0.467,0.067,1.8,8.8,5.3,20.0,1.6,1.4,0.0,21.0,-0.1,0.1,0.0,-0.027,-6.0,0.4,-5.7,-0.1
montrezl harrell,22.0,HOU,PF,2.0,6.0,0.5,1.5,0.333,0.0,0.5,0.0,0.5,1.0,0.5,0.333,0.5,1.0,0.5,0.0,1.0,1.0,0.0,0.0,0.0,0.5,0.5,1.5,2016,Playoffs,-1.0,0.387,0.333,0.667,0.0,18.7,8.8,0.0,0.0,0.0,20.5,16.7,0.0,0.0,0.0,-0.157,-8.6,-4.4,-13.0,0.0
montrezl harrell,23.0,HOU,C,5.0,4.2,0.2,0.6,0.333,0.0,0.0,0.0,0.2,0.6,0.333,0.333,0.6,1.2,0.5,0.2,1.0,1.2,0.4,0.0,0.0,0.4,1.4,1.0,2017,Playoffs,0.9,0.443,0.0,2.0,5.3,25.1,15.4,13.2,0.0,0.0,26.2,16.0,0.0,0.0,0.0,-0.024,-8.8,-0.8,-9.6,0.0
montrezl harrell,25.0,LAC,C,6.0,26.3,7.7,10.5,0.73,0.0,0.2,0.0,7.7,10.3,0.742,0.73,3.0,4.3,0.692,2.0,3.5,5.5,2.2,0.5,0.7,1.3,3.2,18.3,2019,Playoffs,26.7,0.739,0.016,0.413,8.0,15.8,11.6,15.3,0.9,2.1,9.7,21.7,0.7,-0.1,0.6,0.191,5.2,0.5,5.7,0.3
montrezl harrell,26.0,LAC,C,13.0,18.7,3.6,6.3,0.573,0.1,0.4,0.2,3.5,5.9,0.597,0.579,3.2,5.2,0.603,0.8,2.1,2.9,0.4,0.4,0.5,0.9,2.2,10.5,2020,Playoffs,17.4,0.608,0.061,0.829,5.0,12.5,8.7,3.2,1.0,2.8,9.7,22.3,0.4,0.2,0.6,0.126,-0.2,-0.3,-0.5,0.1
montrezl harrell,27.0,LAL,C,4.0,9.8,2.0,3.5,0.571,0.0,0.0,0.0,2.0,3.5,0.571,0.571,1.8,2.3,0.778,1.3,1.3,2.5,0.0,0.5,0.0,0.5,0.8,5.8,2021,Playoffs,22.5,0.64,0.0,0.643,13.9,15.1,14.5,0.0,2.6,0.0,10.0,22.8,0.1,0.1,0.2,0.193,3.7,0.4,4.1,0.1
montrezl harrell,29.0,PHI,C,2.0,3.5,0.0,1.5,0.0,0.0,0.0,0.0,0.0,1.5,0.0,0.0,0.0,0.0,0.0,0.0,0.5,0.5,0.0,0.0,0.0,0.0,0.0,0.0,2023,Playoffs,-16.0,0.0,0.0,0.0,0.0,17.1,8.3,0.0,0.0,0.0,0.0,19.8,-0.1,0.0,-0.1,-0.461,-16.8,-8.1,-25.0,0.0
moritz wagner,26.0,ORL,C,7.0,15.0,2.3,5.1,0.444,0.3,1.3,0.222,2.0,3.9,0.519,0.472,1.4,2.4,0.588,1.6,2.9,4.4,0.3,0.9,0.4,1.1,3.0,6.3,2024,Playoffs,12.4,0.506,0.25,0.472,11.2,22.2,16.5,3.3,2.9,2.7,15.5,21.5,-0.1,0.3,0.2,0.102,-4.0,1.5,-2.5,0.0
moses moody,19.0,GSW,SG,13.0,8.1,1.2,2.2,0.536,0.5,1.0,0.538,0.6,1.2,0.533,0.661,0.3,0.5,0.667,0.2,0.5,0.6,0.3,0.2,0.2,0.2,0.3,3.2,2022,Playoffs,14.0,0.669,0.464,0.214,2.2,6.2,4.3,5.3,1.4,2.9,8.9,14.1,0.2,0.1,0.3,0.119,1.4,0.4,1.7,0.1
moses moody,20.0,GSW,SG,12.0,13.4,1.9,3.6,0.535,1.1,1.8,0.591,0.8,1.8,0.476,0.686,0.9,1.0,0.917,0.6,2.0,2.6,0.7,0.4,0.3,0.2,1.5,5.8,2023,Playoffs,16.7,0.725,0.512,0.279,4.4,15.6,9.9,6.8,1.5,2.1,4.0,12.8,0.5,0.2,0.7,0.202,1.5,3.2,4.8,0.3
myles turner,19.0,IND,C,7.0,28.1,4.7,10.1,0.465,0.0,0.3,0.0,4.7,9.9,0.478,0.465,0.9,1.3,0.667,2.3,4.1,6.4,0.4,0.3,3.3,1.7,3.4,10.3,2016,Playoffs,14.2,0.48,0.028,0.127,10.0,15.8,13.1,2.9,0.5,9.8,13.8,21.2,-0.1,0.3,0.2,0.05,-3.6,1.4,-2.2,0.0
myles turner,20.0,IND,C,4.0,33.3,4.8,11.0,0.432,0.0,1.5,0.0,4.8,9.5,0.5,0.432,1.3,2.0,0.625,1.5,5.3,6.8,0.8,1.8,1.3,1.5,3.8,10.8,2017,Playoffs,9.8,0.452,0.136,0.182,5.2,18.8,11.9,3.2,2.7,3.7,11.2,17.6,-0.1,0.1,0.0,-0.014,-4.8,-0.3,-5.1,-0.1
myles turner,21.0,IND,C,7.0,28.0,4.7,7.7,0.611,0.9,1.9,0.462,3.9,5.9,0.659,0.667,2.1,2.7,0.789,0.9,4.3,5.1,0.6,0.3,0.6,1.6,3.6,12.4,2018,Playoffs,15.3,0.698,0.241,0.352,3.9,17.9,11.2,3.2,0.5,2.2,15.0,17.7,0.4,0.3,0.6,0.159,-0.6,1.0,0.4,0.1
myles turner,22.0,IND,C,4.0,31.5,3.5,8.8,0.4,0.8,3.5,0.214,2.8,5.3,0.524,0.443,2.0,3.3,0.615,1.0,5.3,6.3,1.5,0.0,1.8,0.8,3.5,9.8,2019,Playoffs,9.8,0.479,0.4,0.371,3.2,20.1,10.8,8.1,0.0,5.3,6.9,16.1,0.0,0.2,0.2,0.06,-3.2,0.9,-2.2,0.0
myles turner,23.0,IND,C,4.0,36.5,6.3,11.0,0.568,1.5,3.5,0.429,4.8,7.5,0.633,0.636,1.8,4.0,0.438,2.8,8.0,10.8,0.8,0.5,4.0,2.3,3.3,15.8,2020,Playoffs,18.6,0.617,0.318,0.364,8.6,26.3,17.2,3.5,0.7,11.1,15.0,18.9,0.1,0.2,0.3,0.084,0.4,1.4,1.8,0.1
myles turner,27.0,IND,C,17.0,32.4,6.2,12.1,0.517,2.3,5.1,0.453,3.9,7.0,0.563,0.612,2.2,2.9,0.76,1.5,5.1,6.6,2.1,0.5,1.5,1.9,2.6,17.0,2024,Playoffs,17.5,0.637,0.42,0.244,5.7,18.2,12.1,9.0,0.7,4.2,12.7,21.4,0.9,0.3,1.2,0.104,1.8,0.0,1.8,0.5
naji marshall,24.0,NOP,SF,6.0,9.3,1.2,1.7,0.7,0.0,0.0,0.0,1.2,1.7,0.7,0.7,0.7,0.7,1.0,0.5,0.5,1.0,0.8,0.2,0.2,0.5,0.8,3.0,2022,Playoffs,15.0,0.765,0.0,0.4,5.9,6.8,6.3,13.0,0.9,1.5,20.3,11.3,0.1,0.0,0.1,0.113,1.4,1.6,3.0,0.1
naji marshall,26.0,NOP,SF,4.0,21.0,3.0,7.0,0.429,1.5,3.8,0.4,1.5,3.3,0.462,0.536,1.5,1.5,1.0,0.8,2.0,2.8,1.3,0.5,0.5,0.5,2.3,9.0,2024,Playoffs,13.9,0.587,0.536,0.214,3.6,11.2,7.1,10.7,1.2,2.4,6.1,17.0,0.1,0.1,0.2,0.124,1.9,1.8,3.7,0.1
nassir little,20.0,POR,PF,3.0,3.0,0.3,1.3,0.25,0.3,1.3,0.25,0.0,0.0,0.0,0.375,0.7,1.3,0.5,0.0,0.3,0.3,0.0,0.0,0.3,0.3,0.0,1.7,2021,Playoffs,5.5,0.434,1.0,1.0,0.0,12.5,6.4,0.0,0.0,10.3,14.8,33.9,0.0,0.0,0.0,-0.228,-4.6,-3.7,-8.3,0.0
nassir little,23.0,PHO,SF,4.0,3.5,0.8,1.3,0.6,0.3,0.8,0.333,0.5,0.5,1.0,0.7,0.0,0.0,0.0,0.0,0.3,0.3,0.0,0.0,0.0,0.0,0.5,1.8,2024,Playoffs,13.4,0.7,0.6,0.0,0.0,8.8,4.4,0.0,0.0,0.0,0.0,16.8,0.0,0.0,0.0,0.042,1.9,-2.1,-0.2,0.0
nathan knight,23.0,ATL,PF,6.0,2.3,0.3,1.2,0.286,0.0,0.3,0.0,0.3,0.8,0.4,0.286,0.0,0.3,0.0,0.0,1.0,1.0,0.0,0.0,0.3,0.0,0.3,0.7,2021,Playoffs,2.7,0.254,0.286,0.286,0.0,46.3,23.4,0.0,0.0,12.3,0.0,24.9,-0.1,0.0,-0.1,-0.181,-10.4,-0.4,-10.8,0.0
nathan knight,25.0,MIN,C,2.0,2.5,0.5,2.0,0.25,0.0,1.0,0.0,0.5,1.0,0.5,0.25,0.0,0.0,0.0,0.5,0.0,0.5,0.0,0.0,0.0,0.5,0.0,1.0,2023,Playoffs,-11.0,0.25,0.5,0.0,22.8,0.0,11.7,0.0,0.0,0.0,20.0,46.2,-0.1,0.0,-0.1,-0.67,-13.9,-12.1,-25.9,0.0
naz reid,22.0,MIN,C,5.0,10.8,1.4,3.4,0.412,0.6,1.4,0.429,0.8,2.0,0.4,0.5,1.4,1.4,1.0,0.4,2.4,2.8,0.0,0.2,1.2,1.0,2.8,4.8,2022,Playoffs,11.2,0.598,0.412,0.412,4.4,23.4,14.4,0.0,0.9,9.5,19.9,19.9,0.0,0.1,0.1,0.051,-4.0,2.1,-1.9,0.0
naz reid,24.0,MIN,PF,16.0,22.6,4.1,8.9,0.458,1.6,4.3,0.362,2.5,4.6,0.548,0.546,1.4,1.9,0.71,0.6,3.1,3.7,1.0,0.5,0.8,0.9,2.0,11.1,2024,Playoffs,14.4,0.569,0.486,0.218,3.0,16.4,9.7,7.1,1.2,3.2,8.3,21.4,0.3,0.4,0.7,0.095,-0.2,1.0,0.8,0.3
nazr mohammed,36.0,CHI,C,2.0,2.5,0.0,0.5,0.0,0.0,0.0,0.0,0.0,0.5,0.0,0.0,0.0,0.0,0.0,0.5,0.5,1.0,0.0,0.0,0.0,0.0,1.5,0.0,2014,Playoffs,-8.2,0.0,0.0,0.0,22.4,23.9,23.1,0.0,0.0,0.0,0.0,9.6,0.0,0.0,0.0,-0.063,-17.5,-3.9,-21.4,0.0
nazr mohammed,37.0,CHI,C,3.0,4.7,0.7,2.3,0.286,0.0,0.3,0.0,0.7,2.0,0.333,0.286,0.0,0.0,0.0,1.0,0.7,1.7,0.0,0.0,0.3,0.0,0.0,1.3,2015,Playoffs,11.5,0.286,0.143,0.0,24.0,15.4,19.6,0.0,0.0,5.7,0.0,22.8,0.0,0.0,0.0,-0.017,-2.2,-5.5,-7.7,0.0
nazr mohammed,38.0,OKC,C,5.0,2.0,0.2,0.4,0.5,0.0,0.0,0.0,0.2,0.4,0.5,0.5,0.0,0.0,0.0,0.2,0.4,0.6,0.0,0.0,0.2,0.2,0.2,0.4,2016,Playoffs,8.2,0.5,0.0,0.0,11.4,21.9,16.7,0.0,0.0,7.9,33.3,13.0,0.0,0.0,0.0,-0.004,-5.0,0.5,-4.6,0.0
neemias queta,24.0,BOS,C,3.0,4.3,0.7,1.0,0.667,0.0,0.0,0.0,0.7,1.0,0.667,0.667,0.0,0.0,0.0,0.3,0.7,1.0,0.0,0.0,0.3,0.0,0.0,1.3,2024,Playoffs,17.4,0.667,0.0,0.0,9.1,17.9,13.5,0.0,0.0,7.1,0.0,10.7,0.0,0.0,0.1,0.189,1.0,-0.5,0.5,0.0
nemanja bjelica,29.0,MIN,PF,5.0,9.4,1.4,3.2,0.438,0.8,1.4,0.571,0.6,1.8,0.333,0.563,1.0,1.4,0.714,0.8,2.2,3.0,0.6,0.6,0.0,0.2,1.2,4.6,2018,Playoffs,21.6,0.603,0.438,0.438,9.5,24.6,17.3,9.9,3.2,0.0,5.0,19.5,0.1,0.0,0.2,0.195,5.3,3.4,8.7,0.1
nemanja bjelica,32.0,MIA,PF,2.0,15.0,2.5,5.5,0.455,2.0,4.0,0.5,0.5,1.5,0.333,0.636,2.0,3.0,0.667,0.5,2.0,2.5,1.0,1.0,0.5,0.0,2.5,9.0,2021,Playoffs,22.1,0.66,0.727,0.545,3.1,13.5,8.1,12.1,3.2,3.0,0.0,20.0,0.1,0.0,0.1,0.221,6.4,3.7,10.1,0.1
nemanja bjelica,33.0,GSW,C,15.0,10.0,1.2,2.3,0.529,0.2,0.5,0.375,1.0,1.7,0.577,0.574,0.3,0.5,0.571,0.4,1.7,2.1,1.1,0.3,0.1,0.5,1.4,2.9,2022,Playoffs,11.4,0.58,0.235,0.206,4.6,18.2,11.6,15.3,1.3,1.3,15.9,12.9,0.2,0.2,0.3,0.107,-2.6,1.1,-1.5,0.0
nenaª,31.0,WAS,PF,10.0,32.5,6.4,13.8,0.464,0.0,0.0,0.0,6.4,13.8,0.464,0.464,0.9,2.6,0.346,0.8,4.5,5.3,2.6,0.9,1.1,1.7,3.6,13.7,2014,Playoffs,12.2,0.458,0.0,0.188,2.8,16.1,9.4,15.6,1.5,2.8,10.2,24.2,-0.3,0.7,0.3,0.048,-0.8,0.9,0.1,0.2
nenaª,32.0,WAS,PF,10.0,25.7,3.4,7.6,0.447,0.0,0.0,0.0,3.4,7.6,0.447,0.447,1.1,2.3,0.478,2.5,4.1,6.6,1.5,0.9,0.3,1.4,3.2,7.9,2015,Playoffs,11.1,0.459,0.0,0.303,10.9,16.8,13.9,9.2,1.8,0.9,14.0,17.3,0.0,0.4,0.4,0.074,-3.2,0.5,-2.8,-0.1
nenaª,34.0,HOU,C,9.0,17.9,4.0,5.7,0.706,0.0,0.1,0.0,4.0,5.6,0.72,0.706,2.0,3.4,0.581,1.2,3.4,4.7,0.6,0.7,0.4,1.0,2.7,10.0,2017,Playoffs,21.5,0.696,0.02,0.608,7.6,20.3,14.1,5.7,1.9,1.9,12.2,20.1,0.4,0.3,0.7,0.206,2.1,1.2,3.4,0.2
nenaª,35.0,HOU,C,11.0,9.7,1.1,1.8,0.6,0.0,0.0,0.0,1.1,1.8,0.6,0.6,0.6,1.0,0.636,0.5,2.0,2.5,0.5,0.2,0.5,0.7,1.6,2.8,2018,Playoffs,11.3,0.624,0.0,0.55,6.1,23.1,14.5,7.1,0.9,4.1,24.4,13.8,0.1,0.1,0.2,0.089,-4.4,1.2,-3.2,0.0
nenaª,36.0,HOU,C,7.0,7.6,1.4,1.4,1.0,0.0,0.0,0.0,1.4,1.4,1.0,1.0,1.0,1.3,0.778,1.3,0.7,2.0,0.4,0.4,0.3,0.4,1.0,3.9,2019,Playoffs,31.1,0.967,0.0,0.9,19.8,10.3,14.9,9.8,2.8,3.5,17.7,14.2,0.3,0.1,0.4,0.373,7.0,4.0,11.0,0.2
nerlens noel,24.0,OKC,C,5.0,12.0,2.4,4.0,0.6,0.0,0.0,0.0,2.4,4.0,0.6,0.6,0.0,0.4,0.0,2.2,1.6,3.8,0.0,0.4,0.6,0.8,1.8,4.8,2019,Playoffs,16.8,0.575,0.0,0.1,19.6,14.7,17.2,0.0,1.6,4.2,16.1,17.7,0.0,0.1,0.1,0.086,-2.3,-0.4,-2.7,0.0
nerlens noel,25.0,OKC,C,7.0,13.9,1.1,2.4,0.471,0.0,0.1,0.0,1.1,2.3,0.5,0.471,0.7,1.4,0.5,0.7,3.4,4.1,0.4,0.3,0.7,0.3,2.1,3.0,2020,Playoffs,9.8,0.491,0.059,0.588,5.6,25.0,15.6,4.6,1.0,6.3,8.5,10.4,0.0,0.2,0.2,0.099,-3.4,1.7,-1.6,0.0
nerlens noel,26.0,NYK,C,5.0,18.4,1.0,2.0,0.5,0.0,0.0,0.0,1.0,2.0,0.5,0.5,2.6,3.2,0.813,2.0,2.0,4.0,0.2,0.8,0.6,0.8,3.0,4.6,2021,Playoffs,12.7,0.675,0.0,1.6,10.9,12.2,11.5,1.6,2.2,3.2,19.0,10.1,0.1,0.2,0.3,0.158,-3.6,3.1,-0.5,0.0
nic claxton,21.0,BRK,C,12.0,10.8,1.2,2.4,0.483,0.0,0.0,0.0,1.2,2.4,0.483,0.483,0.2,0.3,0.667,1.2,1.6,2.8,0.6,0.3,1.0,0.3,1.7,2.5,2021,Playoffs,13.5,0.495,0.0,0.103,12.4,15.5,14.0,7.4,1.5,8.3,11.7,12.0,0.1,0.3,0.4,0.136,-2.6,2.2,-0.4,0.1
nic claxton,22.0,BRK,C,4.0,24.5,4.8,6.0,0.792,0.0,0.0,0.0,4.8,6.0,0.792,0.792,1.0,5.5,0.182,1.8,4.5,6.3,1.5,1.3,2.3,0.5,1.5,10.5,2022,Playoffs,24.1,0.624,0.0,0.917,9.3,24.2,16.7,9.8,2.6,8.9,5.6,16.7,0.2,0.1,0.3,0.143,4.4,2.3,6.6,0.2
nic claxton,23.0,BRK,C,4.0,29.3,4.5,6.3,0.72,0.0,0.0,0.0,4.5,6.3,0.72,0.72,1.5,2.5,0.6,1.3,6.8,8.0,1.5,0.3,1.8,0.8,2.0,10.5,2023,Playoffs,18.5,0.714,0.0,0.4,5.0,26.1,15.7,9.2,0.5,5.5,9.3,13.6,0.3,0.2,0.4,0.172,0.9,2.5,3.5,0.2
nick calathes,25.0,MEM,SG,9.0,14.0,1.3,4.0,0.333,0.7,1.4,0.462,0.7,2.6,0.261,0.417,0.3,0.9,0.375,0.1,1.7,1.8,1.8,1.0,0.1,1.1,1.7,3.7,2015,Playoffs,7.8,0.418,0.361,0.222,0.9,13.4,7.0,19.6,3.7,0.7,20.2,18.0,-0.2,0.2,-0.1,-0.022,-5.0,1.8,-3.1,0.0
nick collison,33.0,OKC,PF,17.0,10.8,0.7,1.7,0.414,0.1,0.3,0.4,0.6,1.4,0.417,0.448,0.4,0.6,0.7,0.7,1.5,2.2,0.8,0.2,0.4,0.4,1.6,1.9,2014,Playoffs,9.4,0.494,0.172,0.345,7.8,15.3,11.8,10.5,1.1,2.9,15.2,9.8,0.1,0.2,0.3,0.084,-1.9,1.6,-0.3,0.1
nick collison,35.0,OKC,PF,9.0,8.8,0.4,0.7,0.667,0.0,0.0,0.0,0.4,0.7,0.667,0.667,0.1,0.2,0.5,0.3,0.9,1.2,0.6,0.9,0.0,0.1,1.9,1.0,2016,Playoffs,9.8,0.654,0.0,0.333,4.3,11.1,7.8,8.5,5.1,0.0,12.7,4.3,0.1,0.1,0.2,0.149,-3.3,4.6,1.3,0.1
nick johnson,22.0,HOU,SG,9.0,5.4,0.4,1.9,0.235,0.1,0.8,0.143,0.3,1.1,0.3,0.265,0.3,0.3,1.0,0.1,0.3,0.4,0.4,0.0,0.1,0.4,0.8,1.3,2015,Playoffs,-1.1,0.328,0.412,0.176,2.1,6.3,4.2,11.7,0.0,1.6,17.9,19.0,-0.2,0.0,-0.2,-0.165,-7.2,-2.4,-9.6,-0.1
nick young,32.0,GSW,SG,20.0,10.3,0.8,2.7,0.302,0.7,2.4,0.298,0.1,0.3,0.333,0.434,0.3,0.4,0.75,0.1,0.6,0.6,0.2,0.1,0.0,0.1,0.9,2.6,2018,Playoffs,3.1,0.46,0.887,0.151,0.6,5.6,3.2,2.5,0.2,0.0,3.4,12.8,-0.1,0.2,0.1,0.021,-4.2,-2.0,-6.3,-0.2
nickeil alexanderwalker,24.0,MIN,SG,5.0,29.6,3.0,7.0,0.429,2.0,5.0,0.4,1.0,2.0,0.5,0.571,0.4,0.6,0.667,0.2,1.8,2.0,1.4,0.6,0.2,0.8,1.8,8.4,2023,Playoffs,7.7,0.578,0.714,0.086,0.8,7.3,3.9,7.1,1.0,0.6,9.9,12.6,0.0,0.0,0.0,0.011,-1.9,0.0,-1.9,0.0
nickeil alexanderwalker,25.0,MIN,SG,16.0,23.6,2.6,7.0,0.366,1.5,5.1,0.296,1.1,1.9,0.548,0.473,0.6,0.6,1.0,0.3,1.4,1.8,2.3,0.6,0.4,0.9,1.5,7.3,2024,Playoffs,8.7,0.498,0.723,0.089,1.6,7.2,4.4,14.0,1.4,1.8,11.4,15.8,0.0,0.3,0.3,0.042,-2.1,0.8,-1.3,0.1
nicolas batum,25.0,POR,SF,11.0,41.7,6.1,12.9,0.472,1.9,5.5,0.35,4.2,7.5,0.561,0.546,1.1,1.4,0.8,0.9,6.7,7.6,4.8,1.3,0.5,2.5,1.9,15.2,2014,Playoffs,14.5,0.562,0.423,0.106,2.4,17.3,9.9,18.3,1.5,0.8,15.9,16.9,0.4,0.2,0.7,0.07,2.5,0.8,3.3,0.6
nicolas batum,26.0,POR,SF,5.0,41.8,4.8,14.0,0.343,2.6,7.8,0.333,2.2,6.2,0.355,0.436,2.0,2.6,0.769,1.2,7.4,8.6,5.2,0.2,0.2,2.4,2.2,14.2,2015,Playoffs,11.1,0.469,0.557,0.186,3.1,19.4,11.1,21.4,0.2,0.3,13.7,19.2,0.0,0.1,0.1,0.021,0.4,-0.6,-0.2,0.1
nicolas batum,27.0,CHO,SF,5.0,28.8,3.4,9.0,0.378,1.2,4.4,0.273,2.2,4.6,0.478,0.444,3.4,4.0,0.85,0.4,3.2,3.6,2.0,0.4,0.0,1.6,1.2,11.4,2016,Playoffs,12.1,0.53,0.489,0.444,1.5,13.6,7.1,12.7,0.7,0.0,12.9,20.4,0.0,0.1,0.1,0.031,-0.1,-2.3,-2.4,0.0
nicolas batum,32.0,LAC,SF,19.0,29.2,2.8,5.7,0.486,1.5,3.8,0.389,1.3,1.9,0.676,0.615,1.0,1.2,0.826,1.0,4.5,5.5,2.1,1.3,0.5,0.3,1.4,8.1,2021,Playoffs,14.9,0.642,0.661,0.211,4.0,17.7,10.9,9.8,2.2,1.8,4.8,10.5,1.2,0.6,1.8,0.155,2.0,2.2,4.3,0.9
nicolas batum,34.0,LAC,PF,5.0,18.4,1.6,3.8,0.421,1.2,3.4,0.353,0.4,0.4,1.0,0.579,0.0,0.0,0.0,0.2,2.0,2.2,1.2,0.4,0.4,0.4,2.0,4.4,2023,Playoffs,7.9,0.579,0.895,0.0,1.2,13.4,6.9,8.5,1.1,1.7,9.5,9.6,0.1,0.0,0.1,0.028,-1.5,1.1,-0.4,0.0
nicolas batum,35.0,PHI,PF,6.0,28.3,2.0,4.8,0.414,1.5,3.7,0.409,0.5,1.2,0.429,0.569,0.8,1.3,0.625,1.5,4.3,5.8,1.3,0.2,0.8,0.8,2.2,6.3,2024,Playoffs,9.4,0.584,0.759,0.276,6.2,16.6,11.6,6.8,0.3,2.5,13.3,10.2,0.2,0.1,0.2,0.068,-0.5,0.2,-0.4,0.1
nicola² melli,30.0,DAL,PF,3.0,6.3,0.0,1.3,0.0,0.0,0.7,0.0,0.0,0.7,0.0,0.0,0.0,0.0,0.0,0.7,1.3,2.0,0.0,0.3,0.0,0.0,1.0,0.0,2021,Playoffs,-1.4,0.0,0.5,0.0,11.6,25.8,18.4,0.0,2.8,0.0,0.0,9.6,-0.1,0.0,-0.1,-0.137,-8.6,-1.4,-10.1,0.0
nik stauskas,28.0,BOS,SG,13.0,1.8,0.2,0.9,0.25,0.2,0.8,0.3,0.0,0.2,0.0,0.375,0.3,0.3,1.0,0.0,0.3,0.3,0.3,0.0,0.0,0.0,0.0,1.0,2022,Playoffs,15.5,0.472,0.833,0.333,0.0,18.1,9.4,26.1,0.0,0.0,0.0,25.8,0.0,0.0,0.1,0.139,2.3,0.3,2.6,0.0
nikola jokic,23.0,DEN,C,14.0,39.8,9.4,18.6,0.506,1.6,4.0,0.393,7.9,14.6,0.537,0.548,4.7,5.6,0.846,3.9,9.1,13.0,8.4,1.1,0.9,2.6,3.9,25.1,2019,Playoffs,29.6,0.596,0.215,0.299,10.0,24.5,17.2,37.1,1.5,1.8,10.9,26.6,2.4,0.6,3.0,0.259,8.3,3.3,11.6,1.9
nikola jokic,24.0,DEN,C,19.0,36.5,9.4,18.1,0.519,2.2,5.2,0.429,7.2,12.9,0.555,0.58,3.5,4.2,0.835,1.9,7.9,9.8,5.7,1.1,0.8,3.3,3.6,24.4,2020,Playoffs,24.8,0.614,0.286,0.23,6.4,25.5,16.0,28.6,1.5,2.1,14.1,28.9,1.9,0.6,2.5,0.172,6.1,1.3,7.4,1.7
nikola jokic,25.0,DEN,C,10.0,34.5,11.6,22.8,0.509,2.0,5.3,0.377,9.6,17.5,0.549,0.553,4.6,5.5,0.836,3.7,7.9,11.6,5.0,0.6,0.9,2.4,2.3,29.8,2021,Playoffs,29.6,0.591,0.232,0.241,11.3,28.0,19.0,27.7,0.9,2.5,8.7,34.8,1.2,0.1,1.3,0.181,8.8,0.2,9.0,0.9
nikola jokic,26.0,DEN,C,5.0,34.2,12.2,21.2,0.575,1.0,3.6,0.278,11.2,17.6,0.636,0.599,5.6,6.6,0.848,3.4,9.8,13.2,5.8,1.6,1.0,4.8,4.0,31.0,2022,Playoffs,33.1,0.643,0.17,0.311,11.9,36.6,23.9,36.5,2.3,3.1,16.6,36.8,0.6,0.1,0.7,0.202,8.1,2.5,10.7,0.6
nikola jokic,27.0,DEN,C,20.0,39.5,11.4,20.7,0.548,1.8,3.8,0.461,9.6,16.9,0.568,0.591,5.6,7.0,0.799,3.5,10.0,13.5,9.5,1.1,1.0,3.5,3.5,30.0,2023,Playoffs,31.2,0.631,0.184,0.336,10.6,28.4,19.8,41.0,1.4,2.2,12.8,31.1,3.7,1.3,5.0,0.305,9.1,3.7,12.8,3.0
nikola jokic,28.0,DEN,C,12.0,40.2,11.1,20.3,0.545,1.2,4.4,0.264,9.9,15.9,0.623,0.574,5.3,5.9,0.901,3.6,9.8,13.4,8.7,1.4,0.7,3.3,2.7,28.7,2024,Playoffs,30.0,0.625,0.217,0.291,9.9,28.7,19.0,40.3,1.8,1.5,12.7,30.0,1.9,0.7,2.6,0.259,9.0,3.8,12.8,1.8
nikola jovic,19.0,MIA,PF,7.0,1.9,0.1,0.6,0.25,0.0,0.3,0.0,0.1,0.3,0.5,0.25,0.0,0.0,0.0,0.1,0.6,0.7,0.0,0.0,0.0,0.0,0.0,0.3,2023,Playoffs,3.8,0.25,0.5,0.0,8.6,35.8,22.0,0.0,0.0,0.0,0.0,13.8,0.0,0.0,0.0,-0.067,-6.4,-3.2,-9.6,0.0
nikola jovic,20.0,MIA,PF,5.0,25.6,3.2,7.2,0.444,1.8,4.4,0.409,1.4,2.8,0.5,0.569,1.2,1.4,0.857,0.4,6.2,6.6,2.2,1.0,0.6,1.2,1.8,9.4,2024,Playoffs,15.2,0.601,0.611,0.194,1.8,29.4,15.1,13.9,2.1,2.7,13.3,17.2,0.1,0.2,0.2,0.082,0.4,3.4,3.9,0.2
nikola mirotia,23.0,CHI,PF,11.0,14.9,1.8,6.0,0.303,0.6,2.7,0.233,1.2,3.3,0.361,0.356,1.5,1.8,0.8,0.6,2.1,2.7,0.8,0.5,0.5,0.7,2.0,5.7,2015,Playoffs,9.8,0.421,0.455,0.303,4.8,15.1,10.0,9.2,1.9,2.9,9.7,23.0,-0.1,0.3,0.1,0.041,-2.5,0.0,-2.6,0.0
nikola mirotia,25.0,CHI,PF,6.0,27.0,2.8,8.3,0.34,1.7,5.8,0.286,1.2,2.5,0.467,0.44,1.3,1.7,0.8,0.7,4.3,5.0,1.5,0.7,0.5,0.7,2.7,8.7,2017,Playoffs,9.5,0.478,0.7,0.2,2.8,17.7,10.4,8.5,1.3,1.9,6.8,16.2,0.0,0.2,0.2,0.058,-1.7,-0.2,-1.9,0.0
nikola mirotia,26.0,NOP,PF,9.0,35.6,5.4,11.3,0.48,2.4,5.7,0.431,3.0,5.7,0.529,0.588,1.7,2.1,0.789,1.0,8.6,9.6,1.7,1.1,1.3,1.1,2.7,15.0,2018,Playoffs,15.8,0.612,0.5,0.186,3.0,24.2,14.0,6.3,1.5,3.0,8.3,16.1,0.4,0.5,0.9,0.137,1.6,1.9,3.5,0.4
nikola mirotia,27.0,MIL,PF,14.0,21.3,3.1,8.4,0.376,1.6,5.4,0.289,1.6,2.9,0.537,0.47,1.6,2.0,0.821,1.2,3.1,4.3,0.7,0.7,0.2,1.0,1.8,9.5,2019,Playoffs,11.9,0.514,0.65,0.239,5.9,14.0,10.1,5.0,1.6,0.9,9.8,20.7,0.0,0.5,0.5,0.086,-0.8,-0.1,-0.9,0.1
nikola vuaevic,28.0,ORL,C,5.0,29.4,4.2,11.6,0.362,0.6,2.6,0.231,3.6,9.0,0.4,0.388,2.2,2.8,0.786,1.8,6.2,8.0,3.0,0.4,1.0,2.6,2.4,11.2,2019,Playoffs,10.1,0.436,0.224,0.241,6.2,24.8,14.8,19.3,0.7,3.2,16.8,23.3,-0.3,0.1,-0.2,-0.053,-1.9,0.4,-1.5,0.0
nikola vuaevic,29.0,ORL,C,5.0,37.0,11.2,22.2,0.505,3.6,8.8,0.409,7.6,13.4,0.567,0.586,2.0,2.2,0.909,1.8,9.2,11.0,4.0,0.8,0.6,2.6,2.6,28.0,2020,Playoffs,22.9,0.604,0.396,0.099,4.8,26.9,15.3,22.9,1.0,1.7,10.1,29.7,0.3,0.2,0.5,0.126,6.2,1.1,7.3,0.4
nikola vuaevic,31.0,CHI,C,5.0,36.2,8.0,18.2,0.44,2.6,8.4,0.31,5.4,9.8,0.551,0.511,0.8,1.0,0.8,2.8,9.6,12.4,3.2,0.4,1.2,1.6,2.8,19.4,2022,Playoffs,17.6,0.52,0.462,0.055,7.2,28.9,17.2,16.5,0.5,3.2,7.9,24.5,0.0,0.3,0.3,0.075,3.0,1.0,4.0,0.3
noah vonleh,20.0,POR,PF,6.0,2.0,0.0,0.5,0.0,0.0,0.0,0.0,0.0,0.5,0.0,0.0,0.0,0.0,0.0,0.2,0.5,0.7,0.3,0.3,0.0,0.0,0.2,0.0,2016,Playoffs,9.6,0.0,0.0,0.0,8.3,26.3,17.1,21.8,8.3,0.0,0.0,10.7,0.0,0.0,0.0,-0.013,-2.0,5.8,3.8,0.0
noah vonleh,21.0,POR,PF,4.0,25.0,2.0,4.5,0.444,0.0,0.0,0.0,2.0,4.5,0.444,0.444,0.5,1.3,0.4,2.3,5.0,7.3,2.0,0.3,0.8,1.5,2.8,4.5,2017,Playoffs,7.9,0.446,0.0,0.278,8.9,22.9,15.4,12.1,0.5,2.6,22.9,10.9,-0.1,0.0,0.0,-0.013,-3.1,0.1,-2.9,0.0
norman powell,22.0,TOR,SG,18.0,11.4,1.5,3.9,0.386,0.4,1.4,0.269,1.1,2.4,0.455,0.436,0.4,0.4,0.875,0.2,1.3,1.5,0.3,0.7,0.1,0.3,1.0,3.8,2016,Playoffs,11.4,0.462,0.371,0.114,2.2,14.2,7.9,5.1,3.4,0.9,6.4,17.7,0.0,0.3,0.2,0.055,-0.8,1.5,0.7,0.1
norman powell,23.0,TOR,SG,9.0,25.2,3.9,9.1,0.427,1.7,3.8,0.441,2.2,5.3,0.417,0.518,2.2,2.7,0.833,0.6,2.6,3.1,1.6,1.1,0.3,1.7,2.8,11.7,2017,Playoffs,13.0,0.567,0.415,0.293,2.7,12.2,7.5,10.6,2.3,1.2,13.9,22.2,0.0,0.3,0.3,0.061,-0.1,0.5,0.4,0.1
norman powell,24.0,TOR,SG,6.0,6.7,0.7,2.3,0.286,0.2,1.2,0.143,0.5,1.2,0.429,0.321,0.5,0.7,0.75,0.0,0.3,0.3,0.3,0.0,0.0,0.2,0.7,2.0,2018,Playoffs,1.3,0.381,0.5,0.286,0.0,6.3,3.1,7.1,0.0,0.0,6.0,19.0,-0.1,0.0,-0.1,-0.115,-6.3,-4.2,-10.4,-0.1
norman powell,25.0,TOR,SG,23.0,15.9,2.4,5.5,0.444,1.0,2.7,0.387,1.4,2.8,0.5,0.54,0.6,0.8,0.737,0.2,2.0,2.2,1.1,0.4,0.0,0.5,1.3,6.5,2019,Playoffs,12.2,0.558,0.492,0.151,1.5,13.9,7.7,11.4,1.2,0.0,8.2,18.2,0.3,0.5,0.7,0.097,-0.4,0.8,0.4,0.2
norman powell,26.0,TOR,SG,11.0,24.8,4.6,9.5,0.49,2.0,4.7,0.423,2.6,4.7,0.558,0.596,2.1,2.6,0.793,0.4,2.0,2.4,1.0,0.5,0.3,1.0,2.6,13.4,2020,Playoffs,14.5,0.629,0.5,0.279,1.5,8.9,5.1,6.6,1.1,1.2,8.6,20.6,0.4,0.4,0.8,0.136,1.0,0.5,1.5,0.2
norman powell,27.0,POR,SF,6.0,36.0,6.3,12.7,0.5,1.7,4.3,0.385,4.7,8.3,0.56,0.566,2.7,3.0,0.889,0.5,1.7,2.2,2.0,0.8,1.0,1.2,2.8,17.0,2021,Playoffs,14.3,0.608,0.342,0.237,1.6,5.2,3.5,8.3,1.2,2.6,7.7,19.0,0.3,0.0,0.3,0.064,0.4,-0.7,-0.3,0.1
norman powell,29.0,LAC,SG,5.0,33.4,7.2,15.2,0.474,2.6,6.4,0.406,4.6,8.8,0.523,0.559,4.8,6.2,0.774,0.8,2.2,3.0,2.2,0.8,0.4,1.6,3.2,21.8,2023,Playoffs,17.6,0.608,0.421,0.408,2.6,8.1,5.2,10.4,1.2,0.9,8.2,24.6,0.4,-0.1,0.3,0.093,2.0,-0.8,1.2,0.1
norman powell,30.0,LAC,SG,6.0,29.8,4.3,10.2,0.426,2.2,4.8,0.448,2.2,5.3,0.406,0.533,2.0,2.5,0.8,0.5,2.3,2.8,0.3,0.5,0.0,1.2,3.3,12.8,2024,Playoffs,9.1,0.57,0.475,0.246,1.9,8.8,5.4,1.9,0.9,0.0,9.4,19.0,0.1,0.0,0.1,0.029,-1.6,-1.0,-2.6,0.0
norris cole,25.0,MIA,PG,20.0,20.2,1.6,3.9,0.41,0.8,2.0,0.375,0.9,1.9,0.447,0.506,0.7,0.8,0.867,0.1,1.1,1.1,1.8,0.5,0.1,1.0,1.7,4.6,2014,Playoffs,7.3,0.544,0.513,0.192,0.3,6.7,3.6,13.5,1.2,0.2,18.3,13.1,0.1,0.1,0.2,0.021,-2.2,-1.1,-3.2,-0.1
norris cole,26.0,NOP,PG,4.0,26.5,3.8,9.0,0.417,0.8,3.5,0.214,3.0,5.5,0.545,0.458,0.5,0.8,0.667,0.3,1.5,1.8,1.8,0.0,0.3,2.0,3.8,8.8,2015,Playoffs,3.8,0.469,0.389,0.083,1.1,6.2,3.7,10.5,0.0,0.8,17.7,19.6,-0.2,-0.1,-0.3,-0.123,-5.3,-3.8,-9.2,-0.2
norris cole,28.0,OKC,PG,4.0,6.3,0.5,2.0,0.25,0.3,1.0,0.25,0.3,1.0,0.25,0.313,0.0,0.0,0.0,0.0,0.3,0.3,0.3,0.0,0.3,0.5,1.0,1.3,2017,Playoffs,-4.6,0.313,0.5,0.0,0.0,4.6,2.2,5.5,0.0,3.8,20.0,17.1,-0.1,0.0,-0.1,-0.203,-10.4,-3.8,-14.2,-0.1
obi toppin,22.0,NYK,PF,5.0,13.0,2.4,4.6,0.522,0.6,1.8,0.333,1.8,2.8,0.643,0.587,1.0,1.2,0.833,0.8,1.8,2.6,0.4,0.0,0.2,0.6,1.2,6.4,2021,Playoffs,15.1,0.624,0.391,0.261,6.2,15.6,10.6,5.8,0.0,1.5,10.5,19.5,0.1,0.1,0.2,0.12,0.5,1.0,1.6,0.1
obi toppin,24.0,NYK,PF,11.0,15.9,2.7,6.4,0.429,1.2,3.9,0.302,1.5,2.5,0.63,0.521,0.4,0.5,0.8,0.9,2.6,3.5,0.6,0.7,0.3,0.7,1.1,7.0,2023,Playoffs,14.6,0.533,0.614,0.071,6.5,18.8,12.7,7.1,2.4,1.7,10.0,20.4,0.1,0.3,0.4,0.115,1.6,1.6,3.2,0.2
obi toppin,25.0,IND,PF,17.0,20.2,4.3,7.9,0.541,1.2,3.3,0.357,3.1,4.6,0.671,0.615,1.1,1.5,0.76,0.6,3.8,4.4,1.7,0.4,0.4,0.8,1.2,10.9,2024,Playoffs,18.5,0.634,0.415,0.185,3.5,21.8,12.8,11.9,0.9,1.6,8.8,21.1,0.7,0.2,0.9,0.125,2.7,0.0,2.6,0.4
og anunoby,20.0,TOR,SF,10.0,23.8,2.9,5.2,0.558,1.3,2.9,0.448,1.6,2.3,0.696,0.683,0.8,1.1,0.727,0.9,1.2,2.1,0.7,0.6,0.4,0.6,2.3,7.9,2018,Playoffs,12.7,0.695,0.558,0.212,4.5,6.3,5.4,4.3,1.3,1.3,9.5,12.0,0.5,0.0,0.5,0.094,0.7,0.5,1.2,0.2
og anunoby,22.0,TOR,SF,11.0,35.7,3.6,8.0,0.455,1.5,3.7,0.415,2.1,4.3,0.489,0.551,1.6,2.5,0.643,2.4,4.5,6.9,1.2,1.0,1.2,1.5,2.5,10.5,2020,Playoffs,11.5,0.573,0.466,0.318,7.0,14.0,10.4,4.7,1.4,3.5,13.8,13.1,0.2,0.7,0.9,0.116,-0.6,1.5,0.9,0.3
og anunoby,24.0,TOR,SF,6.0,36.2,6.5,13.7,0.476,2.3,6.8,0.341,4.2,6.8,0.61,0.561,2.0,2.7,0.75,1.2,2.8,4.0,2.5,1.0,0.2,1.7,3.0,17.3,2022,Playoffs,15.2,0.584,0.5,0.195,3.6,10.7,6.8,11.4,1.5,0.5,10.1,21.2,0.3,-0.1,0.2,0.051,1.2,-0.4,0.8,0.1
og anunoby,26.0,NYK,SF,9.0,36.0,6.2,12.3,0.505,1.8,4.3,0.41,4.4,8.0,0.556,0.577,0.9,1.4,0.615,0.8,5.2,6.0,1.1,0.9,1.0,1.1,1.7,15.1,2024,Playoffs,13.9,0.583,0.351,0.117,2.4,17.7,9.8,4.8,1.3,2.5,7.9,17.2,0.3,0.1,0.4,0.064,-0.7,1.1,0.4,0.2
ognjen kuzmia,23.0,GSW,C,3.0,2.7,0.0,0.0,0.0,0.0,0.0,0.0,0.0,0.0,0.0,0.0,0.0,0.0,0.0,0.3,1.0,1.3,0.0,0.0,0.0,0.0,0.7,0.0,2014,Playoffs,5.7,0.0,,,14.0,43.9,28.7,0.0,0.0,0.0,0.0,0.0,0.0,0.0,0.0,0.098,-1.9,-1.9,-3.7,0.0
oj mayo,27.0,MIL,SG,6.0,26.0,3.0,9.0,0.333,1.0,3.2,0.316,2.0,5.8,0.343,0.389,2.0,2.0,1.0,0.2,3.2,3.3,3.0,1.2,0.2,1.5,2.3,9.0,2015,Playoffs,10.3,0.455,0.352,0.222,0.6,14.1,6.8,20.2,2.3,0.6,13.2,19.7,-0.1,0.1,0.1,0.016,-2.6,0.9,-1.7,0.0
oliviermaxence prosper,21.0,DAL,PF,3.0,3.0,0.0,0.7,0.0,0.0,0.0,0.0,0.0,0.7,0.0,0.0,0.0,0.0,0.0,0.0,1.0,1.0,0.3,0.0,0.0,0.0,0.0,0.0,2024,Playoffs,-1.1,0.0,0.0,0.0,0.0,37.9,19.1,13.7,0.0,0.0,0.0,10.1,0.0,0.0,0.0,-0.121,-7.5,0.9,-6.6,0.0
omer yurtseven,23.0,MIA,C,9.0,4.2,1.3,2.0,0.667,0.0,0.2,0.0,1.3,1.8,0.75,0.667,0.1,0.3,0.333,0.1,0.7,0.8,0.3,0.0,0.1,0.0,0.2,2.8,2022,Playoffs,25.8,0.647,0.111,0.167,3.0,19.3,10.8,16.6,0.0,2.9,0.0,22.6,0.1,0.0,0.2,0.228,5.1,2.8,8.0,0.1
omer yurtseven,24.0,MIA,C,8.0,2.0,0.3,0.9,0.286,0.0,0.3,0.0,0.3,0.6,0.4,0.286,0.0,0.0,0.0,0.4,0.3,0.6,0.1,0.0,0.1,0.1,0.3,0.5,2023,Playoffs,5.5,0.286,0.286,0.0,21.0,14.5,17.9,8.9,0.0,6.3,12.5,22.5,-0.1,0.0,0.0,-0.113,-8.6,-4.5,-13.1,0.0
onyeka okongwu,20.0,ATL,C,18.0,9.2,0.9,1.7,0.548,0.0,0.1,0.0,0.9,1.7,0.567,0.548,0.8,1.2,0.667,1.2,1.5,2.7,0.1,0.3,0.7,0.2,1.6,2.7,2021,Playoffs,15.8,0.596,0.032,0.677,13.9,17.6,15.8,1.7,1.5,6.7,9.0,11.8,0.3,0.3,0.6,0.178,-1.1,1.4,0.3,0.1
onyeka okongwu,21.0,ATL,C,5.0,21.6,1.8,3.2,0.563,0.0,0.0,0.0,1.8,3.2,0.563,0.563,1.6,2.0,0.8,2.2,3.2,5.4,0.4,0.8,0.8,0.8,3.8,5.2,2022,Playoffs,12.7,0.637,0.0,0.625,12.1,18.2,15.1,2.9,1.9,3.8,16.4,10.4,0.2,0.1,0.3,0.126,-2.2,0.7,-1.5,0.0
onyeka okongwu,22.0,ATL,C,6.0,21.8,2.5,4.2,0.6,0.2,0.2,1.0,2.3,4.0,0.583,0.62,0.8,1.7,0.5,3.2,3.2,6.3,1.2,0.3,1.3,1.2,3.0,6.0,2023,Playoffs,14.0,0.612,0.04,0.4,14.4,17.3,15.7,6.7,0.7,5.7,19.2,11.4,0.2,0.0,0.2,0.084,-2.0,0.1,-1.9,0.0
oshae brissett,25.0,BOS,SF,10.0,5.5,0.6,1.1,0.545,0.2,0.2,1.0,0.4,0.9,0.444,0.636,0.2,0.4,0.5,0.3,1.1,1.4,0.0,0.3,0.2,0.1,0.2,1.6,2024,Playoffs,15.3,0.627,0.182,0.364,6.4,23.3,14.9,0.0,2.8,3.3,7.3,11.6,0.1,0.1,0.2,0.164,0.2,2.5,2.7,0.1
otto porter,20.0,WAS,SF,3.0,2.0,0.3,1.0,0.333,0.0,0.3,0.0,0.3,0.7,0.5,0.333,0.0,0.0,0.0,0.0,0.0,0.0,0.0,0.0,0.0,0.0,0.0,0.7,2014,Playoffs,0.6,0.333,0.333,0.0,0.0,0.0,0.0,0.0,0.0,0.0,0.0,23.6,0.0,0.0,0.0,-0.114,-3.5,-2.8,-6.3,0.0
otto porter,21.0,WAS,SF,10.0,33.1,3.9,8.8,0.443,1.2,3.2,0.375,2.7,5.6,0.482,0.511,1.0,2.1,0.476,2.4,5.6,8.0,1.8,1.2,0.2,0.6,1.6,10.0,2015,Playoffs,14.1,0.514,0.364,0.239,8.1,17.8,13.1,8.4,1.8,0.5,5.8,13.8,0.5,0.5,1.0,0.144,0.3,1.8,2.1,0.3
otto porter,23.0,WAS,SF,13.0,32.9,4.5,8.4,0.532,0.8,3.0,0.282,3.6,5.4,0.671,0.583,2.4,2.7,0.886,1.2,5.8,6.9,1.8,1.6,0.5,0.8,2.0,12.2,2017,Playoffs,16.5,0.635,0.358,0.321,4.0,20.3,12.1,7.8,2.4,1.5,7.4,13.5,0.9,0.6,1.5,0.166,1.8,1.5,3.3,0.6
otto porter,24.0,WAS,SF,5.0,31.6,4.0,8.2,0.488,1.0,2.4,0.417,3.0,5.8,0.517,0.549,1.0,1.6,0.625,0.2,4.8,5.0,1.6,1.2,1.0,0.6,1.2,10.0,2018,Playoffs,12.9,0.562,0.293,0.195,0.8,18.1,9.4,7.2,1.9,2.7,6.3,13.3,0.1,0.1,0.3,0.078,0.2,1.0,1.2,0.1
otto porter,28.0,GSW,PF,19.0,19.5,2.0,4.1,0.494,1.0,2.5,0.404,1.0,1.6,0.633,0.617,0.4,0.5,0.778,0.6,2.8,3.4,1.8,0.9,0.3,0.6,1.8,5.4,2022,Playoffs,13.0,0.63,0.61,0.117,3.7,15.6,9.8,12.1,2.3,1.6,12.9,11.0,0.6,0.5,1.0,0.135,0.1,2.6,2.7,0.4
ousmane dieng,20.0,OKC,PF,4.0,1.8,0.3,0.5,0.5,0.0,0.3,0.0,0.3,0.3,1.0,0.5,0.0,0.0,0.0,0.0,0.0,0.0,0.0,0.0,0.0,0.0,0.0,0.5,2024,Playoffs,5.4,0.5,0.5,0.0,0.0,0.0,0.0,0.0,0.0,0.0,0.0,13.0,0.0,0.0,0.0,0.021,-3.1,-1.7,-4.8,0.0
p j dozier,23.0,DEN,SG,12.0,10.4,1.2,2.8,0.424,0.2,0.7,0.25,1.0,2.1,0.48,0.455,0.7,1.2,0.571,0.2,1.3,1.5,1.0,0.2,0.2,0.7,1.1,3.2,2020,Playoffs,7.3,0.485,0.242,0.424,1.9,15.1,8.6,13.9,0.8,1.6,17.0,17.2,-0.1,0.0,0.0,-0.019,-3.9,-1.4,-5.3,-0.1
p j dozier,26.0,SAC,SF,3.0,2.0,1.0,2.0,0.5,0.7,1.3,0.5,0.3,0.7,0.5,0.667,0.0,0.0,0.0,0.3,0.3,0.7,0.0,0.0,0.0,0.0,0.0,2.7,2023,Playoffs,40.9,0.667,0.667,0.0,16.5,17.5,17.0,0.0,0.0,0.0,0.0,39.7,0.0,0.0,0.0,0.281,23.1,1.1,24.1,0.0
pablo prigioni,37.0,HOU,PG,17.0,17.2,1.1,3.4,0.333,0.7,2.4,0.293,0.4,0.9,0.438,0.439,0.2,0.2,0.75,0.4,0.8,1.1,2.3,0.9,0.0,0.7,2.4,3.1,2015,Playoffs,6.8,0.451,0.719,0.07,2.2,4.5,3.4,18.7,2.4,0.0,17.0,10.1,0.1,0.1,0.2,0.025,-3.8,1.2,-2.6,0.0
pablo prigioni,38.0,LAC,PG,5.0,5.2,0.0,1.0,0.0,0.0,0.4,0.0,0.0,0.6,0.0,0.0,0.0,0.0,0.0,0.4,0.2,0.6,1.4,0.0,0.0,0.6,1.6,0.0,2016,Playoffs,-6.3,0.0,0.4,0.0,7.7,3.8,5.7,34.8,0.0,0.0,37.5,13.7,-0.1,0.0,-0.1,-0.222,-12.2,-3.4,-15.6,-0.1
paolo banchero,21.0,ORL,PF,7.0,37.4,9.7,21.3,0.456,2.3,5.7,0.4,7.4,15.6,0.477,0.51,5.3,7.0,0.755,2.0,6.6,8.6,4.0,1.1,0.6,4.6,2.0,27.0,2024,Playoffs,18.9,0.554,0.268,0.329,5.7,20.5,12.8,22.5,1.5,1.4,15.8,33.9,0.0,0.6,0.6,0.109,3.3,1.4,4.7,0.4
pascal siakam,22.0,TOR,PF,2.0,5.0,0.0,1.0,0.0,0.0,0.0,0.0,0.0,1.0,0.0,0.0,0.0,0.0,0.0,1.0,0.5,1.5,0.5,0.5,0.0,0.0,0.5,0.0,2017,Playoffs,8.4,0.0,0.0,0.0,24.4,12.0,18.2,13.6,5.2,0.0,0.0,9.4,0.0,0.0,0.0,0.005,-2.4,-0.4,-2.9,0.0
pascal siakam,23.0,TOR,PF,10.0,17.9,2.5,4.1,0.61,0.3,0.4,0.75,2.2,3.7,0.595,0.646,1.3,2.0,0.65,0.9,2.7,3.6,0.8,0.1,0.6,0.7,2.7,6.6,2018,Playoffs,14.0,0.663,0.098,0.488,6.0,18.9,12.3,6.7,0.3,2.6,12.3,14.4,0.4,0.0,0.4,0.103,-0.6,0.5,-0.1,0.1
pascal siakam,24.0,TOR,PF,24.0,37.1,7.5,16.0,0.47,1.2,4.3,0.279,6.3,11.6,0.541,0.508,2.8,3.6,0.759,1.7,5.5,7.1,2.8,1.0,0.7,1.4,2.8,19.0,2019,Playoffs,17.1,0.54,0.272,0.227,5.0,16.2,10.6,12.9,1.4,1.9,7.3,23.2,1.0,1.4,2.4,0.127,1.8,0.8,2.6,1.0
pascal siakam,25.0,TOR,PF,11.0,38.0,6.5,16.5,0.396,0.9,4.8,0.189,5.6,11.7,0.481,0.423,3.0,4.2,0.717,1.3,6.3,7.5,3.8,1.1,0.4,2.0,3.0,17.0,2020,Playoffs,11.0,0.462,0.291,0.253,3.5,18.2,10.7,16.0,1.4,1.0,9.8,23.7,-0.4,0.7,0.4,0.04,-2.1,0.1,-2.0,0.0
pascal siakam,27.0,TOR,PF,6.0,43.3,8.5,17.8,0.477,0.7,2.8,0.235,7.8,15.0,0.522,0.495,5.2,6.0,0.861,1.3,5.8,7.2,5.8,1.2,1.0,2.2,4.0,22.8,2022,Playoffs,19.7,0.558,0.159,0.336,3.5,18.3,10.2,22.9,1.4,2.5,9.6,24.2,0.5,0.0,0.5,0.098,2.3,0.7,3.0,0.3
pascal siakam,29.0,IND,PF,17.0,35.5,9.2,17.1,0.541,0.8,2.8,0.298,8.4,14.3,0.588,0.566,2.3,3.7,0.619,2.5,5.1,7.5,3.8,0.8,0.4,1.1,2.8,21.6,2024,Playoffs,20.7,0.578,0.162,0.217,8.4,16.4,12.5,16.1,1.1,1.1,5.6,25.2,1.5,0.2,1.8,0.14,3.1,-0.8,2.3,0.7
pat connaughton,23.0,POR,SG,6.0,1.3,0.5,0.8,0.6,0.3,0.5,0.667,0.2,0.3,0.5,0.8,0.0,0.0,0.0,0.0,0.2,0.2,0.0,0.0,0.0,0.0,0.0,1.3,2016,Playoffs,35.9,0.8,0.6,0.0,0.0,13.2,6.4,0.0,0.0,0.0,0.0,26.7,0.0,0.0,0.0,0.254,18.7,1.2,19.8,0.0
pat connaughton,24.0,POR,SG,3.0,8.0,0.7,3.0,0.222,0.0,2.0,0.0,0.7,1.0,0.667,0.222,1.0,1.0,1.0,0.3,2.0,2.3,1.3,0.0,0.0,0.0,0.0,2.3,2017,Playoffs,10.4,0.339,0.667,0.333,4.1,28.6,15.5,25.4,0.0,0.0,0.0,17.9,0.0,0.0,0.0,-0.034,-0.5,-1.2,-1.7,0.0
pat connaughton,25.0,POR,SG,4.0,14.8,1.5,3.8,0.4,0.5,2.5,0.2,1.0,1.3,0.8,0.467,0.5,0.5,1.0,0.5,0.5,1.0,1.5,0.3,0.3,0.3,2.3,4.0,2018,Playoffs,9.0,0.504,0.667,0.133,3.5,4.1,3.8,13.4,0.8,1.4,5.9,12.2,0.1,0.0,0.1,0.051,-2.0,0.6,-1.4,0.0
pat connaughton,26.0,MIL,SG,15.0,21.6,2.5,5.1,0.481,1.0,2.8,0.357,1.5,2.3,0.629,0.578,0.3,0.5,0.5,0.7,5.5,6.2,1.4,0.4,0.9,0.6,0.9,6.2,2019,Playoffs,13.5,0.577,0.545,0.104,3.2,24.8,14.4,9.2,0.9,3.6,10.1,11.9,0.3,0.7,1.0,0.142,0.3,2.7,3.0,0.4
pat connaughton,27.0,MIL,SG,10.0,17.1,1.5,3.5,0.429,0.8,2.3,0.348,0.7,1.2,0.583,0.543,0.2,0.2,1.0,0.5,3.4,3.9,1.1,0.2,0.2,0.5,1.2,4.0,2020,Playoffs,8.8,0.557,0.657,0.057,3.1,21.7,12.2,8.7,0.6,1.3,12.2,10.3,0.1,0.2,0.3,0.082,-1.6,1.3,-0.3,0.1
pat connaughton,28.0,MIL,SG,23.0,23.7,2.4,5.2,0.462,1.6,4.1,0.389,0.8,1.0,0.75,0.618,0.5,0.6,0.846,1.3,3.1,4.4,0.9,0.4,0.3,0.5,1.7,6.9,2021,Playoffs,11.2,0.633,0.798,0.109,5.6,14.4,9.9,4.8,0.9,1.0,8.8,10.7,0.8,0.8,1.6,0.143,-0.1,0.9,0.8,0.4
pat connaughton,29.0,MIL,SF,12.0,26.5,3.5,7.3,0.477,2.1,5.3,0.391,1.4,2.0,0.708,0.619,0.4,0.4,1.0,0.3,4.0,4.3,0.9,0.4,0.3,0.6,1.2,9.5,2022,Playoffs,12.2,0.632,0.727,0.057,1.0,14.9,8.2,5.2,0.8,1.3,7.2,13.2,0.4,0.6,1.0,0.144,1.0,1.2,2.2,0.3
pat connaughton,30.0,MIL,SF,4.0,22.0,4.3,7.5,0.567,2.8,5.8,0.478,1.5,1.8,0.857,0.75,0.8,1.0,0.75,1.0,4.0,5.0,1.8,1.0,0.3,0.5,2.5,12.0,2023,Playoffs,21.3,0.756,0.767,0.133,4.9,21.4,12.8,11.3,2.1,1.0,5.9,16.1,0.3,0.1,0.4,0.209,4.4,2.9,7.3,0.2
pat connaughton,31.0,MIL,SF,6.0,20.7,1.8,4.2,0.44,0.5,1.8,0.273,1.3,2.3,0.571,0.5,0.3,0.3,1.0,0.5,3.3,3.8,2.2,1.0,0.2,0.5,1.0,4.5,2024,Playoffs,11.7,0.522,0.44,0.08,2.7,18.1,10.5,14.0,2.5,0.8,10.4,10.7,0.1,0.1,0.2,0.073,-2.2,2.7,0.5,0.1
patrick baldwin,20.0,GSW,SF,3.0,3.7,0.0,1.0,0.0,0.0,1.0,0.0,0.0,0.0,0.0,0.0,0.0,0.0,0.0,0.0,1.0,1.0,0.3,0.0,0.0,0.0,0.0,0.0,2023,Playoffs,-4.3,0.0,1.0,0.0,0.0,28.6,14.1,10.4,0.0,0.0,0.0,11.2,-0.1,0.0,0.0,-0.176,-9.8,-2.5,-12.3,0.0
patrick beverley,25.0,HOU,PG,6.0,33.7,3.2,8.3,0.38,1.2,3.7,0.318,2.0,4.7,0.429,0.45,1.2,1.7,0.7,2.2,2.0,4.2,1.8,0.5,0.3,0.7,3.5,8.7,2014,Playoffs,8.9,0.478,0.44,0.2,6.9,6.7,6.8,7.6,0.8,0.8,6.8,12.3,0.2,0.0,0.2,0.048,-0.7,-0.4,-1.0,0.0
patrick beverley,27.0,HOU,PG,5.0,25.8,2.0,7.4,0.27,0.6,2.8,0.214,1.4,4.6,0.304,0.311,1.2,1.2,1.0,0.8,3.6,4.4,2.2,0.4,0.4,0.8,3.4,5.8,2016,Playoffs,5.0,0.366,0.378,0.162,3.1,15.6,9.0,14.0,0.8,1.3,9.2,13.9,-0.1,0.0,-0.1,-0.031,-4.1,-1.1,-5.2,-0.1
patrick beverley,28.0,HOU,SG,11.0,29.5,4.1,9.9,0.413,1.9,4.7,0.404,2.2,5.2,0.421,0.509,1.0,1.3,0.786,1.9,3.6,5.5,3.0,1.5,0.2,1.6,3.5,11.1,2017,Playoffs,13.2,0.53,0.477,0.128,7.2,13.0,10.1,16.1,2.5,0.5,13.5,18.0,0.2,0.4,0.7,0.099,0.9,0.6,1.5,0.3
patrick beverley,30.0,LAC,PG,6.0,32.5,3.3,7.8,0.426,2.2,5.0,0.433,1.2,2.8,0.412,0.564,1.0,1.3,0.75,1.3,6.7,8.0,4.7,1.0,1.0,1.7,3.5,9.8,2019,Playoffs,13.7,0.584,0.638,0.17,4.3,24.3,13.7,19.7,1.4,2.6,16.5,12.9,0.2,0.0,0.2,0.056,0.9,1.4,2.3,0.2
patrick beverley,31.0,LAC,PG,8.0,20.8,2.5,4.9,0.513,1.0,2.8,0.364,1.5,2.1,0.706,0.615,0.3,0.5,0.5,1.1,3.0,4.1,2.4,1.0,0.4,0.9,3.9,6.3,2020,Playoffs,13.7,0.613,0.564,0.103,6.0,16.3,11.1,15.8,2.4,1.7,14.7,12.6,0.3,0.2,0.5,0.146,-1.1,3.6,2.5,0.2
patrick beverley,32.0,LAC,PG,17.0,19.0,1.7,4.0,0.426,0.8,2.2,0.351,0.9,1.8,0.516,0.522,0.7,0.8,0.857,0.6,1.8,2.4,1.4,0.7,0.7,0.2,2.1,4.9,2021,Playoffs,12.0,0.56,0.544,0.206,4.0,10.6,7.3,10.3,1.9,3.6,5.1,11.3,0.5,0.3,0.8,0.116,-0.4,1.9,1.6,0.3
patrick beverley,33.0,MIN,PG,6.0,32.3,3.5,8.2,0.429,1.5,4.3,0.346,2.0,3.8,0.522,0.52,2.5,3.7,0.682,0.7,2.5,3.2,4.8,1.2,1.2,2.0,4.7,11.0,2022,Playoffs,11.5,0.562,0.531,0.449,2.4,8.2,5.4,23.0,1.7,3.1,17.0,15.6,0.2,0.2,0.3,0.076,-0.5,1.5,1.0,0.1
patrick beverley,35.0,MIL,PG,6.0,35.0,2.7,6.5,0.41,0.7,1.8,0.364,2.0,4.7,0.429,0.462,2.2,2.5,0.867,0.7,2.7,3.3,5.5,1.0,0.7,1.0,2.7,8.2,2024,Playoffs,11.5,0.537,0.282,0.385,2.2,8.6,5.4,20.7,1.5,1.9,11.6,11.3,0.3,0.1,0.4,0.081,-1.4,2.1,0.8,0.1
patrick mccaw,21.0,GSW,SG,15.0,12.1,1.4,3.2,0.438,0.5,1.5,0.348,0.9,1.7,0.52,0.521,0.7,0.9,0.846,0.7,1.5,2.2,1.1,0.6,0.2,0.2,0.9,4.1,2017,Playoffs,14.8,0.568,0.479,0.271,6.4,12.8,9.8,11.4,2.4,1.3,5.3,13.5,0.4,0.3,0.7,0.18,0.3,2.3,2.6,0.2
patrick mccaw,22.0,GSW,SG,6.0,2.7,0.2,0.3,0.5,0.0,0.2,0.0,0.2,0.2,1.0,0.5,0.3,0.3,1.0,0.2,0.3,0.5,0.0,0.3,0.0,0.0,0.2,0.7,2018,Playoffs,17.9,0.694,0.5,1.0,7.2,13.1,10.3,0.0,6.2,0.0,0.0,8.1,0.0,0.0,0.1,0.263,-0.6,7.4,6.8,0.0
patrick mccaw,23.0,TOR,SG,11.0,4.4,0.1,0.5,0.2,0.1,0.3,0.333,0.0,0.2,0.0,0.3,0.2,0.2,1.0,0.2,0.1,0.3,0.4,0.2,0.0,0.1,0.4,0.5,2019,Playoffs,5.7,0.425,0.6,0.4,4.6,2.3,3.5,11.0,2.1,0.0,14.5,6.5,0.0,0.1,0.1,0.075,-2.8,1.7,-1.1,0.0
patrick patterson,24.0,TOR,PF,7.0,28.4,3.7,6.9,0.542,1.0,2.6,0.389,2.7,4.3,0.633,0.615,2.0,2.6,0.778,1.7,5.0,6.7,1.3,0.4,0.4,0.9,1.9,10.4,2014,Playoffs,17.4,0.653,0.375,0.375,7.6,20.6,14.4,8.2,0.8,1.4,9.7,14.6,0.5,0.2,0.7,0.172,4.1,0.7,4.8,0.3
patrick patterson,25.0,TOR,PF,4.0,26.5,3.8,6.8,0.556,1.8,3.8,0.467,2.0,3.0,0.667,0.685,1.0,1.0,1.0,1.0,2.5,3.5,1.3,0.8,0.0,0.8,1.3,10.3,2015,Playoffs,16.7,0.713,0.556,0.148,4.0,11.4,7.5,7.8,1.4,0.0,9.4,13.5,0.3,0.0,0.3,0.125,4.5,-0.4,4.1,0.2
patrick patterson,26.0,TOR,PF,20.0,29.2,2.8,6.8,0.404,1.1,3.5,0.3,1.7,3.3,0.515,0.482,1.1,1.3,0.846,1.5,2.4,3.9,1.2,0.4,0.5,0.9,1.6,7.7,2016,Playoffs,10.1,0.519,0.515,0.191,5.6,10.5,7.9,6.8,0.6,1.4,10.9,13.2,0.5,0.3,0.7,0.061,0.4,-0.5,-0.1,0.3
patrick patterson,27.0,TOR,PF,10.0,18.5,1.0,3.6,0.278,0.8,2.6,0.308,0.2,1.0,0.2,0.389,0.6,0.6,1.0,0.1,1.9,2.0,2.0,0.7,0.2,0.6,0.4,3.4,2017,Playoffs,7.9,0.44,0.722,0.167,0.7,12.3,6.5,15.9,2.0,1.0,13.4,11.3,-0.1,0.2,0.1,0.027,-0.6,1.2,0.6,0.1
patrick patterson,28.0,OKC,PF,6.0,9.7,0.5,1.0,0.5,0.3,0.7,0.5,0.2,0.3,0.5,0.667,0.0,0.0,0.0,0.2,1.7,1.8,0.5,0.2,0.0,0.5,1.3,1.3,2018,Playoffs,4.4,0.667,0.667,0.0,1.8,18.0,10.0,7.2,0.8,0.0,33.3,6.8,0.0,0.1,0.1,0.043,-3.7,0.3,-3.4,0.0
patrick patterson,30.0,LAC,PF,2.0,5.0,1.5,1.5,1.0,1.5,1.5,1.0,0.0,0.0,0.0,1.5,0.0,0.0,0.0,0.0,0.5,0.5,2.0,0.0,0.0,0.0,0.5,4.5,2020,Playoffs,53.4,1.5,1.0,0.0,0.0,11.3,5.6,73.3,0.0,0.0,0.0,13.1,0.2,0.0,0.2,0.906,28.1,11.3,39.4,0.1
patrick williams,20.0,CHI,PF,5.0,30.6,4.4,9.4,0.468,1.4,4.2,0.333,3.0,5.2,0.577,0.543,1.6,2.2,0.727,1.2,4.2,5.4,0.8,1.0,0.6,1.4,3.0,11.8,2022,Playoffs,11.3,0.569,0.447,0.234,3.6,15.0,8.8,4.3,1.6,1.9,11.9,16.9,0.0,0.2,0.2,0.061,-2.3,0.7,-1.6,0.0
patty mills,25.0,SAS,PG,23.0,15.3,2.7,6.1,0.447,1.4,3.4,0.405,1.3,2.7,0.5,0.56,0.4,0.6,0.769,0.1,1.4,1.5,1.4,0.7,0.0,0.6,1.3,7.3,2014,Playoffs,16.2,0.573,0.56,0.092,1.0,10.4,5.8,14.6,2.5,0.2,8.7,21.3,0.5,0.5,1.1,0.146,1.7,1.8,3.5,0.5
patty mills,26.0,SAS,PG,7.0,16.0,3.0,6.0,0.5,2.3,4.0,0.571,0.7,2.0,0.357,0.69,1.9,1.9,1.0,0.6,2.1,2.7,1.1,0.3,0.0,0.7,2.1,10.1,2015,Playoffs,23.4,0.744,0.667,0.31,3.7,14.8,9.1,11.9,0.9,0.0,9.5,21.1,0.5,0.1,0.6,0.262,5.8,2.8,8.6,0.3
patty mills,27.0,SAS,PG,10.0,16.7,2.3,5.3,0.434,1.3,3.6,0.361,1.0,1.7,0.588,0.557,0.7,1.1,0.636,0.0,1.4,1.4,2.0,0.7,0.0,0.8,0.3,6.6,2016,Playoffs,15.2,0.571,0.679,0.208,0.0,9.1,4.8,17.9,2.2,0.0,12.2,18.4,0.2,0.2,0.4,0.124,1.4,1.1,2.5,0.2
patty mills,28.0,SAS,PG,16.0,26.0,3.6,8.8,0.407,2.0,5.6,0.36,1.6,3.2,0.49,0.521,1.2,1.4,0.864,0.3,1.8,2.1,2.7,0.8,0.1,1.3,2.1,10.3,2017,Playoffs,11.6,0.551,0.636,0.157,1.3,8.4,4.7,15.1,1.6,0.2,12.3,18.2,0.4,0.2,0.6,0.07,-0.4,-0.3,-0.7,0.1
patty mills,29.0,SAS,PG,5.0,33.0,5.0,11.4,0.439,2.6,7.0,0.371,2.4,4.4,0.545,0.553,0.8,1.0,0.8,0.4,1.6,2.0,2.6,0.6,0.2,1.8,3.0,13.4,2018,Playoffs,10.4,0.566,0.614,0.088,1.3,5.9,3.4,13.8,0.9,0.5,13.2,18.9,0.0,0.0,0.0,0.011,-0.7,-0.8,-1.5,0.0
patty mills,30.0,SAS,PG,7.0,21.7,2.0,6.1,0.326,0.4,3.1,0.136,1.6,3.0,0.524,0.36,0.9,1.4,0.6,0.1,2.0,2.1,3.6,1.0,0.1,0.4,1.3,5.3,2019,Playoffs,10.3,0.39,0.512,0.233,0.7,9.9,5.3,22.6,2.4,0.5,6.0,15.4,0.0,0.1,0.0,0.013,-2.7,0.9,-1.7,0.0
patty mills,33.0,BRK,SG,4.0,18.0,2.3,4.0,0.563,1.8,3.3,0.538,0.5,0.8,0.667,0.781,0.0,0.0,0.0,0.0,1.0,1.0,0.0,0.0,0.3,0.3,1.3,6.3,2022,Playoffs,10.7,0.781,0.813,0.0,0.0,7.3,3.6,0.0,0.0,1.3,5.9,10.8,0.1,-0.1,0.1,0.046,2.3,-1.7,0.6,0.0
patty mills,35.0,MIA,PG,3.0,17.3,2.0,5.7,0.353,1.0,3.7,0.273,1.0,2.0,0.5,0.441,1.0,1.3,0.75,0.3,0.0,0.3,1.0,0.3,0.0,0.3,0.7,6.0,2024,Playoffs,7.7,0.48,0.647,0.235,2.2,0.0,1.1,9.2,1.0,0.0,5.1,18.6,0.0,0.0,0.0,-0.036,-2.3,0.2,-2.1,0.0
pau gasol,34.0,CHI,PF,10.0,31.7,5.6,11.5,0.487,0.0,0.4,0.0,5.6,11.1,0.505,0.487,3.2,4.2,0.762,1.7,7.7,9.4,3.1,0.5,2.1,2.1,1.8,14.4,2015,Playoffs,20.1,0.539,0.035,0.365,6.0,26.1,16.3,18.1,0.8,5.3,13.6,22.2,0.4,0.7,1.1,0.166,1.6,2.2,3.7,0.4
pau gasol,36.0,SAS,C,16.0,22.8,3.1,7.1,0.439,0.4,1.1,0.333,2.8,6.0,0.458,0.465,1.1,1.5,0.708,2.4,4.7,7.1,1.9,0.4,0.9,1.1,2.2,7.7,2017,Playoffs,15.1,0.494,0.158,0.211,11.9,24.7,18.0,12.4,1.0,4.1,12.6,17.3,0.3,0.4,0.7,0.093,-0.2,0.5,0.3,0.2
pau gasol,37.0,SAS,C,5.0,18.0,2.0,4.0,0.5,0.2,0.6,0.333,1.8,3.4,0.529,0.525,1.8,2.0,0.9,0.4,4.4,4.8,2.8,0.0,0.2,1.2,1.0,6.0,2018,Playoffs,15.0,0.615,0.15,0.5,2.3,29.6,15.1,25.5,0.0,1.0,19.7,15.5,0.1,0.0,0.2,0.094,1.1,2.3,3.4,0.1
paul george,23.0,IND,SF,19.0,41.1,7.3,16.6,0.438,2.7,6.8,0.403,4.5,9.8,0.462,0.521,5.3,6.7,0.789,0.7,6.9,7.6,3.8,2.2,0.4,2.6,2.9,22.6,2014,Playoffs,20.5,0.578,0.41,0.406,2.1,20.0,11.2,17.8,2.9,0.8,11.7,26.3,1.3,1.5,2.7,0.169,3.3,2.5,5.9,1.6
paul george,25.0,IND,SF,7.0,39.3,8.0,17.6,0.455,2.6,6.1,0.419,5.4,11.4,0.475,0.528,8.7,9.1,0.953,1.3,6.3,7.6,4.3,2.0,0.7,3.3,3.4,27.3,2016,Playoffs,27.5,0.632,0.35,0.52,4.0,17.1,11.1,22.5,2.8,1.5,13.2,30.5,1.1,0.5,1.6,0.284,7.0,3.1,10.1,0.8
paul george,26.0,IND,SF,4.0,43.0,8.5,22.0,0.386,4.5,10.5,0.429,4.0,11.5,0.348,0.489,6.5,7.5,0.867,1.3,7.5,8.8,7.3,1.8,0.5,3.3,3.3,28.0,2017,Playoffs,21.0,0.553,0.477,0.341,3.4,20.8,11.9,26.1,2.1,1.1,11.4,29.0,0.4,0.1,0.5,0.131,5.2,0.9,6.1,0.4
paul george,27.0,OKC,SF,6.0,41.8,8.2,20.0,0.408,3.2,8.7,0.365,5.0,11.3,0.441,0.488,5.2,6.0,0.861,0.7,5.3,6.0,2.7,1.3,0.7,4.0,2.8,24.7,2018,Playoffs,14.6,0.545,0.433,0.3,1.7,13.3,7.6,11.0,1.6,1.5,15.0,27.8,0.0,0.3,0.2,0.045,1.3,-1.0,0.3,0.1
paul george,28.0,OKC,SF,5.0,40.8,8.8,20.2,0.436,3.0,9.4,0.319,5.8,10.8,0.537,0.51,8.0,9.8,0.816,1.2,7.4,8.6,3.6,1.4,0.2,4.2,4.2,28.6,2019,Playoffs,18.4,0.583,0.465,0.485,3.1,20.0,11.4,15.4,1.7,0.4,14.6,30.1,0.2,0.2,0.4,0.096,2.6,0.6,3.2,0.3
paul george,29.0,LAC,SF,13.0,36.8,6.8,17.0,0.398,2.8,8.5,0.333,3.9,8.5,0.464,0.482,3.8,4.2,0.909,1.1,5.0,6.1,3.8,1.5,0.5,3.1,3.8,20.2,2020,Playoffs,14.7,0.536,0.502,0.249,3.2,15.3,9.2,15.5,1.9,1.4,14.0,26.1,0.1,0.5,0.6,0.063,0.4,0.0,0.4,0.3
paul george,30.0,LAC,SF,19.0,40.8,8.7,19.7,0.441,2.7,8.0,0.336,6.0,11.7,0.514,0.509,6.8,8.1,0.844,0.9,8.7,9.6,5.4,1.0,0.5,3.5,3.1,26.9,2021,Playoffs,20.0,0.578,0.406,0.412,2.6,24.4,13.6,21.8,1.3,1.3,13.2,30.5,1.1,0.8,1.9,0.116,2.5,0.0,2.5,0.9
paul george,33.0,LAC,PF,6.0,37.0,6.5,15.8,0.411,3.0,8.2,0.367,3.5,7.7,0.457,0.505,3.5,4.2,0.84,0.5,6.3,6.8,4.8,1.2,0.5,2.3,3.7,19.5,2024,Playoffs,16.1,0.552,0.516,0.263,1.6,19.2,10.5,23.0,1.7,1.4,11.7,24.7,0.2,0.2,0.4,0.092,1.8,1.4,3.2,0.3
paul millsap,28.0,ATL,PF,7.0,38.1,5.9,14.7,0.398,1.3,3.9,0.333,4.6,10.9,0.421,0.442,6.4,8.0,0.804,3.0,7.9,10.9,2.9,1.4,1.9,2.9,3.6,19.4,2014,Playoffs,19.9,0.533,0.262,0.544,8.4,25.0,16.2,15.7,2.0,4.2,13.5,25.7,0.2,0.6,0.9,0.154,3.0,2.0,5.0,0.5
paul millsap,29.0,ATL,PF,16.0,35.4,5.3,13.1,0.407,0.9,3.1,0.306,4.4,10.0,0.438,0.443,3.6,4.9,0.744,2.3,6.4,8.7,3.4,1.6,0.9,2.1,3.3,15.2,2015,Playoffs,16.4,0.499,0.234,0.373,6.8,19.5,13.1,16.0,2.3,2.0,12.3,22.3,0.4,0.9,1.3,0.108,0.2,1.2,1.4,0.5
paul millsap,30.0,ATL,PF,10.0,36.5,5.9,13.7,0.431,0.8,3.3,0.242,5.1,10.4,0.49,0.46,4.1,5.5,0.745,2.8,6.6,9.4,2.7,1.3,2.3,2.6,2.9,16.7,2016,Playoffs,17.6,0.518,0.241,0.401,8.7,18.6,13.8,12.5,1.8,5.7,13.9,23.0,0.2,0.6,0.8,0.109,0.5,1.5,2.1,0.4
paul millsap,31.0,ATL,PF,6.0,36.5,8.3,16.5,0.505,0.5,2.8,0.176,7.8,13.7,0.573,0.52,7.2,8.8,0.811,1.5,7.8,9.3,4.3,1.7,0.7,3.8,3.2,24.3,2017,Playoffs,21.3,0.597,0.172,0.535,4.6,24.1,14.3,21.5,2.2,1.5,15.8,28.1,0.3,0.4,0.7,0.162,2.0,3.2,5.3,0.4
paul millsap,33.0,DEN,PF,14.0,33.5,5.2,11.1,0.468,0.9,2.7,0.316,4.4,8.4,0.517,0.506,3.4,4.4,0.77,1.7,5.0,6.7,0.8,0.9,1.1,1.3,3.4,14.6,2019,Playoffs,15.0,0.561,0.244,0.391,5.3,15.9,10.5,3.6,1.3,2.5,9.0,19.2,0.6,0.4,1.0,0.098,-1.4,-0.1,-1.5,0.0
paul millsap,34.0,DEN,PF,19.0,24.2,2.5,6.2,0.398,0.8,2.3,0.341,1.7,3.9,0.432,0.462,2.3,2.8,0.796,1.4,3.3,4.7,1.2,0.6,0.5,1.3,2.6,8.0,2020,Playoffs,10.7,0.536,0.373,0.458,6.8,16.2,11.5,7.1,1.3,1.9,15.0,16.6,0.2,0.3,0.4,0.046,-1.8,-0.9,-2.7,-0.1
paul millsap,35.0,DEN,PF,9.0,12.1,2.4,5.6,0.44,0.7,2.6,0.261,1.8,3.0,0.593,0.5,0.9,1.4,0.615,1.0,2.9,3.9,1.7,0.3,0.7,0.9,1.6,6.4,2021,Playoffs,18.3,0.52,0.46,0.26,8.7,29.1,18.1,20.9,1.4,5.2,12.6,25.4,0.1,0.1,0.1,0.06,0.4,1.7,2.1,0.1
paul pierce,36.0,BRK,SF,12.0,30.7,5.0,10.8,0.465,1.6,4.4,0.358,3.4,6.3,0.539,0.539,2.1,2.7,0.781,0.3,4.2,4.5,2.0,1.2,0.3,1.7,3.7,13.7,2014,Playoffs,15.1,0.573,0.411,0.248,1.3,18.0,9.3,11.6,2.1,1.0,12.3,21.7,0.4,0.3,0.7,0.089,0.6,0.8,1.4,0.3
paul pierce,37.0,WAS,SF,10.0,29.8,4.8,9.9,0.485,3.3,6.3,0.524,1.5,3.6,0.417,0.652,1.7,2.0,0.85,0.0,4.2,4.2,0.9,0.6,0.7,1.0,3.3,14.6,2015,Playoffs,16.3,0.677,0.636,0.202,0.0,14.8,7.6,5.0,1.0,1.9,8.5,17.5,0.8,0.4,1.2,0.19,2.1,1.7,3.8,0.4
paul pierce,38.0,LAC,SF,5.0,10.8,0.4,2.4,0.167,0.2,1.0,0.2,0.2,1.4,0.143,0.208,0.2,0.8,0.25,0.0,1.2,1.2,0.2,0.4,0.0,0.4,1.2,1.2,2016,Playoffs,-3.4,0.218,0.417,0.333,0.0,10.9,5.5,2.5,1.9,0.0,12.7,13.0,-0.2,0.1,-0.2,-0.141,-9.2,-1.7,-10.9,-0.1
paul pierce,39.0,LAC,SF,7.0,14.4,1.1,2.6,0.444,0.6,1.4,0.4,0.6,1.1,0.5,0.556,0.1,0.1,1.0,0.3,1.7,2.0,1.0,0.3,0.0,0.6,1.6,3.0,2017,Playoffs,7.0,0.569,0.556,0.056,2.5,15.5,8.8,10.2,1.1,0.0,17.8,10.7,0.0,0.1,0.1,0.059,-1.1,1.4,0.3,0.1
paul reed,21.0,PHI,PF,3.0,3.7,0.7,1.3,0.5,0.0,0.0,0.0,0.7,1.3,0.5,0.5,0.0,0.0,0.0,1.0,1.7,2.7,0.0,0.0,0.3,0.0,0.3,1.3,2021,Playoffs,24.5,0.5,0.0,0.0,31.0,48.2,39.9,0.0,0.0,7.4,0.0,15.7,0.0,0.0,0.1,0.256,2.7,-1.9,0.8,0.0
paul reed,22.0,PHI,C,12.0,11.7,1.6,3.0,0.528,0.2,0.3,0.667,1.4,2.8,0.515,0.556,0.3,0.6,0.571,1.8,2.0,3.8,0.8,0.8,0.5,0.8,2.4,3.7,2022,Playoffs,17.7,0.563,0.083,0.194,20.2,20.1,20.1,11.6,3.3,4.0,18.7,16.1,0.2,0.3,0.5,0.161,-0.8,2.9,2.0,0.1
paul reed,23.0,PHI,C,11.0,14.3,2.0,3.5,0.579,0.0,0.0,0.0,2.0,3.5,0.579,0.579,0.6,0.6,1.0,2.5,3.0,5.5,0.6,0.5,0.4,0.5,1.4,4.6,2023,Playoffs,20.3,0.621,0.0,0.184,19.5,25.1,22.3,7.2,2.0,2.8,12.7,13.9,0.4,0.2,0.6,0.196,1.4,0.2,1.7,0.1
paul reed,24.0,PHI,C,6.0,7.2,0.7,1.5,0.444,0.0,0.0,0.0,0.7,1.5,0.444,0.444,0.2,0.3,0.5,1.5,1.2,2.7,0.3,0.2,0.5,0.5,1.2,1.5,2024,Playoffs,13.2,0.455,0.0,0.222,24.5,17.7,21.0,7.0,1.2,5.9,23.3,13.8,0.0,0.0,0.1,0.067,-3.3,-1.1,-4.3,0.0
paul watson,25.0,TOR,SF,2.0,4.5,0.5,1.0,0.5,0.0,0.0,0.0,0.5,1.0,0.5,0.5,0.0,0.0,0.0,0.0,0.0,0.0,0.5,0.5,0.0,0.0,0.0,1.0,2020,Playoffs,13.9,0.5,0.0,0.0,0.0,0.0,0.0,16.1,5.4,0.0,0.0,9.8,0.0,0.0,0.0,0.151,-1.2,1.7,0.5,0.0
paul zipser,22.0,CHI,SF,6.0,22.7,2.5,5.5,0.455,1.0,2.7,0.375,1.5,2.8,0.529,0.545,1.3,1.3,1.0,0.5,3.0,3.5,0.5,0.2,0.2,1.2,2.0,7.3,2017,Playoffs,8.5,0.602,0.485,0.242,2.5,14.6,8.7,3.4,0.4,0.8,16.1,14.4,0.1,0.1,0.1,0.048,-2.9,-0.7,-3.6,-0.1
payton pritchard,23.0,BOS,SG,5.0,13.4,1.2,3.4,0.353,0.6,2.0,0.3,0.6,1.4,0.429,0.441,0.4,0.4,1.0,0.4,1.4,1.8,2.4,0.4,0.0,0.6,0.8,3.4,2021,Playoffs,10.1,0.475,0.588,0.118,3.3,12.8,7.8,25.2,1.5,0.0,14.4,13.2,0.0,-0.1,0.0,-0.01,-1.4,-0.8,-2.1,0.0
payton pritchard,24.0,BOS,PG,24.0,12.9,1.8,4.3,0.422,1.0,3.0,0.333,0.8,1.3,0.633,0.539,0.2,0.3,0.667,0.4,1.5,1.9,1.6,0.3,0.1,0.4,1.0,4.8,2022,Playoffs,12.8,0.545,0.706,0.059,3.8,12.7,8.4,19.7,1.0,0.6,7.9,16.6,0.4,0.4,0.8,0.12,0.7,0.8,1.5,0.3
payton pritchard,25.0,BOS,PG,10.0,5.7,1.2,2.2,0.545,0.4,1.0,0.4,0.8,1.2,0.667,0.636,0.4,0.5,0.8,0.0,0.6,0.6,1.1,0.1,0.0,0.5,0.3,3.2,2023,Playoffs,18.4,0.661,0.455,0.227,0.0,11.7,6.0,30.3,0.9,0.0,17.1,23.2,0.1,0.0,0.2,0.14,3.1,1.8,5.0,0.1
payton pritchard,26.0,BOS,PG,19.0,18.7,2.3,5.5,0.419,1.2,3.2,0.383,1.1,2.4,0.467,0.529,0.6,0.6,0.917,0.7,1.2,1.9,2.1,0.2,0.0,0.7,1.2,6.4,2024,Playoffs,10.9,0.553,0.571,0.114,4.7,7.5,6.1,16.3,0.6,0.0,11.3,16.3,0.4,0.3,0.8,0.103,-0.5,-1.0,-1.5,0.0
pero antia,31.0,ATL,C,7.0,24.3,1.0,6.0,0.167,0.4,3.6,0.12,0.6,2.4,0.235,0.202,0.7,1.1,0.625,1.4,2.4,3.9,0.7,0.7,0.4,1.1,3.7,3.1,2014,Playoffs,-1.1,0.242,0.595,0.19,6.3,12.1,9.0,5.0,1.6,1.5,14.9,14.6,-0.6,0.3,-0.3,-0.098,-7.8,-2.0,-9.8,-0.3
pero antia,32.0,ATL,C,15.0,13.3,1.1,3.3,0.32,0.7,2.1,0.344,0.3,1.2,0.278,0.43,1.3,1.7,0.8,0.6,2.3,2.9,0.3,0.1,0.2,0.3,2.5,4.2,2015,Playoffs,8.5,0.516,0.64,0.5,4.8,18.3,11.6,3.0,0.5,1.2,7.6,15.1,0.2,0.2,0.4,0.092,-3.9,-0.3,-4.2,-0.1
perry jones,22.0,OKC,PF,11.0,5.0,0.6,1.6,0.389,0.3,0.9,0.3,0.4,0.7,0.5,0.472,0.0,0.0,0.0,0.3,0.5,0.8,0.1,0.0,0.1,0.1,0.8,1.5,2014,Playoffs,7.0,0.472,0.556,0.0,6.5,11.7,9.3,3.0,0.0,1.4,5.3,15.7,0.0,0.0,0.0,0.037,-2.5,-2.1,-4.5,0.0
peyton watson,20.0,DEN,SG,5.0,2.8,0.4,1.0,0.4,0.2,0.4,0.5,0.2,0.6,0.333,0.5,0.0,0.0,0.0,0.2,0.6,0.8,0.2,0.0,0.2,0.2,0.4,1.0,2023,Playoffs,10.6,0.5,0.4,0.0,8.6,24.0,16.6,9.7,0.0,6.2,16.7,19.3,0.0,0.0,0.0,0.046,-3.5,1.3,-2.1,0.0
peyton watson,21.0,DEN,SF,10.0,9.0,0.6,2.4,0.25,0.3,1.2,0.25,0.3,1.2,0.25,0.313,0.3,0.6,0.5,0.2,1.3,1.5,0.4,0.0,0.6,0.3,0.9,1.8,2024,Playoffs,3.1,0.338,0.5,0.25,2.5,16.9,9.5,6.0,0.0,6.2,10.1,15.1,-0.2,0.1,-0.1,-0.065,-6.5,-0.1,-6.6,-0.1
phil pressey,23.0,BOS,PG,2.0,2.5,0.0,1.5,0.0,0.0,0.5,0.0,0.0,1.0,0.0,0.0,0.0,0.0,0.0,0.5,0.0,0.5,0.0,0.0,0.5,0.0,0.5,0.0,2015,Playoffs,-11.5,0.0,0.333,0.0,21.3,0.0,10.9,0.0,0.0,19.4,0.0,26.8,-0.1,0.0,-0.1,-0.538,-9.8,-3.1,-12.9,0.0
pj hairston,23.0,MEM,SF,2.0,11.0,1.0,3.0,0.333,0.5,1.5,0.333,0.5,1.5,0.333,0.417,0.0,1.0,0.0,0.0,0.0,0.0,0.0,0.5,0.0,0.5,0.5,2.5,2016,Playoffs,0.3,0.363,0.5,0.333,0.0,0.0,0.0,0.0,2.4,0.0,12.7,16.5,-0.1,0.0,-0.1,-0.165,-5.5,-2.3,-7.8,0.0
pj tucker,31.0,TOR,SF,10.0,25.1,1.8,4.9,0.367,0.9,2.8,0.321,0.9,2.1,0.429,0.459,0.5,0.8,0.625,1.5,4.2,5.7,1.1,0.6,0.3,0.8,2.7,5.0,2017,Playoffs,7.6,0.476,0.571,0.163,7.3,20.1,13.7,6.6,1.2,1.1,13.2,11.3,0.0,0.3,0.2,0.045,-2.6,0.4,-2.2,0.0
pj tucker,32.0,HOU,PF,17.0,33.5,3.1,6.4,0.481,2.1,4.4,0.467,1.0,1.9,0.515,0.644,0.7,1.1,0.667,1.4,5.2,6.5,1.3,0.6,0.8,0.8,2.7,8.9,2018,Playoffs,11.8,0.651,0.694,0.167,4.4,17.4,10.8,5.7,1.0,2.0,10.8,10.2,0.9,0.6,1.5,0.125,0.7,1.7,2.4,0.6
pj tucker,33.0,HOU,PF,11.0,38.7,3.6,8.0,0.455,2.4,5.2,0.456,1.3,2.8,0.452,0.602,1.7,2.1,0.826,1.7,5.7,7.5,1.7,1.7,0.7,0.7,3.2,11.4,2019,Playoffs,14.3,0.637,0.648,0.261,5.2,16.2,10.8,6.6,2.2,1.7,7.5,11.1,0.9,0.6,1.5,0.165,1.8,2.7,4.5,0.7
pj tucker,34.0,HOU,PF,12.0,34.5,2.9,7.3,0.398,2.1,5.6,0.373,0.8,1.8,0.476,0.54,0.0,0.0,0.0,1.9,5.3,7.2,1.5,1.1,0.3,1.0,3.9,7.9,2020,Playoffs,8.6,0.54,0.761,0.0,5.9,17.9,11.6,6.3,1.5,0.7,12.0,10.8,0.2,0.6,0.7,0.086,-1.8,0.7,-1.2,0.1
pj tucker,35.0,MIL,PF,23.0,29.6,1.7,4.3,0.388,0.8,2.6,0.322,0.8,1.7,0.487,0.485,0.1,0.2,0.75,2.1,2.7,4.8,1.1,1.0,0.1,0.4,3.3,4.3,2021,Playoffs,6.8,0.491,0.602,0.041,7.4,10.1,8.7,4.5,1.6,0.4,9.1,6.9,0.4,1.0,1.4,0.101,-3.4,1.7,-1.7,0.0
pj tucker,36.0,MIA,PF,18.0,28.3,3.0,6.1,0.495,1.3,2.8,0.451,1.7,3.2,0.534,0.601,0.6,0.9,0.688,1.9,3.7,5.7,1.8,0.8,0.3,0.7,2.8,7.9,2022,Playoffs,12.9,0.612,0.468,0.147,7.8,16.1,11.8,9.2,1.4,1.1,10.1,11.3,0.9,0.7,1.6,0.149,0.4,1.8,2.2,0.5
pj tucker,37.0,PHI,PF,11.0,26.7,1.7,4.6,0.373,1.3,3.6,0.35,0.5,1.0,0.455,0.51,0.2,0.3,0.667,1.6,2.9,4.5,1.5,1.2,0.3,0.5,2.5,4.9,2023,Playoffs,9.5,0.516,0.784,0.059,7.0,13.0,9.9,7.8,2.3,1.1,8.7,9.0,0.2,0.3,0.6,0.092,-1.1,2.1,1.0,0.2
pj tucker,38.0,LAC,PF,2.0,15.5,2.0,3.0,0.667,1.5,2.0,0.75,0.5,1.0,0.5,0.917,0.0,0.0,0.0,1.5,0.0,1.5,0.0,0.0,0.0,1.5,3.0,5.5,2024,Playoffs,8.3,0.917,0.667,0.0,11.2,0.0,5.5,0.0,0.0,0.0,33.3,13.2,0.0,0.0,0.0,0.019,-1.9,-1.7,-3.6,0.0
pj washington,25.0,DAL,PF,22.0,35.7,4.5,10.6,0.427,2.1,6.1,0.348,2.4,4.5,0.535,0.528,1.8,2.5,0.709,1.5,5.1,6.6,1.4,0.7,0.8,1.5,3.0,13.0,2024,Playoffs,11.3,0.554,0.577,0.235,4.9,16.2,10.6,5.8,1.1,2.1,11.0,16.8,0.4,0.9,1.3,0.081,-0.9,0.9,0.1,0.4
precious achiuwa,21.0,MIA,PF,3.0,4.0,1.0,1.3,0.75,0.0,0.0,0.0,1.0,1.3,0.75,0.75,0.3,1.3,0.25,0.0,2.0,2.0,0.0,0.0,0.7,1.3,0.3,2.3,2021,Playoffs,8.1,0.608,0.0,1.0,0.0,50.8,24.3,0.0,0.0,15.2,41.0,35.7,-0.1,0.0,-0.1,-0.309,-11.3,2.8,-8.5,0.0
precious achiuwa,22.0,TOR,C,6.0,27.8,4.2,8.7,0.481,0.8,2.7,0.313,3.3,6.0,0.556,0.529,1.0,1.7,0.6,1.3,3.5,4.8,1.0,0.2,0.8,1.5,2.3,10.2,2022,Playoffs,10.9,0.541,0.308,0.192,5.4,17.1,10.7,5.7,0.3,3.3,13.8,18.2,0.0,0.0,0.0,-0.014,-2.4,-1.0,-3.3,-0.1
precious achiuwa,24.0,NYK,PF,9.0,20.4,2.3,4.8,0.488,0.0,0.3,0.0,2.3,4.4,0.525,0.488,0.6,1.4,0.385,2.4,1.8,4.2,0.6,0.4,1.3,0.4,2.2,5.2,2024,Playoffs,12.4,0.482,0.07,0.302,13.5,10.6,12.1,3.8,1.1,6.0,7.6,12.6,0.1,0.1,0.2,0.053,-3.4,-0.1,-3.5,-0.1
quentin grimes,22.0,NYK,SG,9.0,26.9,1.6,5.1,0.304,1.0,4.1,0.243,0.6,1.0,0.556,0.402,1.0,1.2,0.818,0.3,2.4,2.8,1.4,1.0,0.6,1.1,1.9,5.1,2023,Playoffs,5.5,0.452,0.804,0.239,1.4,10.3,5.9,7.9,1.9,2.1,16.4,11.2,-0.2,0.4,0.2,0.04,-3.4,1.0,-2.4,0.0
quincy pondexter,26.0,NOP,SF,4.0,31.0,2.5,7.0,0.357,0.8,2.5,0.3,1.8,4.5,0.389,0.411,1.5,1.8,0.857,0.8,4.3,5.0,3.0,1.8,0.0,0.3,3.3,7.3,2015,Playoffs,11.7,0.467,0.357,0.25,2.8,14.9,9.0,14.0,2.9,0.0,3.1,11.8,0.1,0.0,0.2,0.06,-0.4,1.6,1.2,0.1
quincy pondexter,30.0,SAS,SF,5.0,2.4,0.0,0.4,0.0,0.0,0.2,0.0,0.0,0.2,0.0,0.0,0.0,0.0,0.0,0.0,0.2,0.2,0.4,0.2,0.0,0.0,0.4,0.0,2019,Playoffs,1.3,0.0,0.5,0.0,0.0,8.9,4.5,20.3,4.4,0.0,0.0,7.7,0.0,0.0,0.0,-0.069,-7.5,2.5,-5.0,0.0
quinn cook,24.0,GSW,PG,17.0,10.3,1.8,3.9,0.448,0.4,1.8,0.226,1.4,2.1,0.639,0.5,0.8,1.0,0.824,0.1,1.2,1.4,0.6,0.2,0.1,0.3,0.8,4.8,2018,Playoffs,13.3,0.544,0.463,0.254,1.3,12.5,7.2,9.2,1.1,1.0,6.3,20.3,0.2,0.2,0.4,0.114,-1.4,-0.3,-1.7,0.0
quinn cook,25.0,GSW,PG,17.0,11.4,1.6,4.1,0.4,0.6,2.0,0.324,1.0,2.1,0.472,0.479,0.2,0.2,1.0,0.1,0.9,1.1,0.7,0.2,0.1,0.4,0.8,4.2,2019,Playoffs,8.0,0.495,0.486,0.057,1.2,9.3,5.4,8.8,0.8,0.5,7.7,17.5,0.0,0.0,0.0,0.001,-2.7,-2.3,-5.0,-0.1
quinn cook,26.0,LAL,PG,6.0,4.0,0.8,1.7,0.5,0.3,0.7,0.5,0.5,1.0,0.5,0.6,0.2,0.2,1.0,0.0,0.2,0.2,0.8,0.0,0.0,0.2,0.2,2.2,2020,Playoffs,18.6,0.623,0.4,0.1,0.0,4.9,2.5,32.2,0.0,0.0,8.7,20.8,0.1,0.0,0.1,0.186,3.5,-0.4,3.1,0.0
rajon rondo,28.0,DAL,PG,2.0,18.5,4.5,10.0,0.45,0.5,1.0,0.5,4.0,9.0,0.444,0.475,0.0,0.0,0.0,0.5,0.5,1.0,3.0,0.0,0.0,1.0,3.0,9.5,2015,Playoffs,11.6,0.475,0.1,0.0,2.7,2.9,2.8,26.0,0.0,0.0,9.1,24.3,0.0,0.0,0.0,0.01,0.0,-1.9,-2.0,0.0
rajon rondo,30.0,CHI,PG,2.0,33.5,5.5,13.0,0.423,0.0,3.0,0.0,5.5,10.0,0.55,0.423,0.5,1.0,0.5,3.5,5.0,8.5,10.0,3.5,0.5,2.0,3.0,11.5,2017,Playoffs,22.9,0.428,0.231,0.077,11.9,16.5,14.2,50.4,5.4,1.5,13.0,20.8,0.1,0.1,0.2,0.146,1.8,4.8,6.6,0.1
rajon rondo,31.0,NOP,PG,9.0,33.6,4.2,10.2,0.413,0.9,2.1,0.421,3.3,8.1,0.411,0.457,1.0,1.6,0.643,1.0,6.6,7.6,12.2,1.4,0.2,3.7,2.2,10.3,2018,Playoffs,15.6,0.474,0.207,0.152,3.2,19.6,11.7,47.4,2.0,0.5,25.2,18.6,0.1,0.4,0.5,0.082,0.3,0.8,1.1,0.2
rajon rondo,33.0,LAL,PG,16.0,24.7,3.4,7.6,0.455,1.3,3.1,0.4,2.2,4.4,0.493,0.537,0.8,1.2,0.684,0.8,3.5,4.3,6.6,1.4,0.1,2.1,2.3,8.9,2020,Playoffs,16.8,0.553,0.413,0.157,3.9,16.6,10.3,37.1,2.7,0.5,20.8,18.0,0.6,0.6,1.2,0.144,1.4,2.1,3.5,0.5
rajon rondo,34.0,LAC,PG,13.0,16.9,1.4,4.1,0.34,0.8,2.2,0.393,0.5,1.9,0.28,0.443,0.6,0.9,0.667,0.3,2.3,2.6,3.8,0.4,0.2,1.1,1.4,4.2,2021,Playoffs,10.6,0.472,0.528,0.226,2.1,15.5,8.9,31.0,1.2,1.3,19.4,15.3,0.1,0.2,0.2,0.054,-1.6,-1.1,-2.7,0.0
ramon sessions,28.0,WAS,PG,10.0,21.8,2.6,7.0,0.371,1.0,2.5,0.4,1.6,4.5,0.356,0.443,1.3,1.9,0.684,0.2,2.2,2.4,2.3,0.4,0.1,1.0,1.4,7.5,2015,Playoffs,9.6,0.479,0.357,0.271,1.0,10.6,6.0,16.2,0.9,0.4,11.3,18.0,0.1,0.2,0.3,0.063,-2.6,-0.7,-3.4,-0.1
randy foye,32.0,OKC,SG,16.0,11.9,0.9,2.6,0.341,0.5,1.6,0.308,0.4,0.9,0.4,0.439,0.3,0.3,1.0,0.1,1.1,1.3,0.8,0.1,0.2,0.7,1.1,2.5,2016,Playoffs,4.3,0.468,0.634,0.098,1.2,10.4,5.9,9.5,0.5,1.2,20.5,12.3,-0.1,0.1,0.0,-0.003,-3.6,-0.2,-3.8,-0.1
rashad vaughn,20.0,MIL,SG,3.0,3.3,0.7,1.3,0.5,0.7,0.7,1.0,0.0,0.7,0.0,0.75,0.0,0.0,0.0,0.0,0.0,0.0,0.0,0.0,0.0,0.0,0.0,2.0,2017,Playoffs,18.8,0.75,0.5,0.0,0.0,0.0,0.0,0.0,0.0,0.0,0.0,19.1,0.0,0.0,0.0,0.174,7.7,-1.2,6.6,0.0
rashard lewis,34.0,MIA,SF,18.0,17.7,1.9,4.7,0.412,1.2,3.3,0.373,0.7,1.4,0.5,0.541,0.2,0.2,0.75,0.2,1.8,2.1,0.3,0.4,0.3,0.3,1.6,5.3,2014,Playoffs,9.9,0.547,0.694,0.047,1.7,13.3,7.7,2.5,1.2,1.8,5.4,14.7,0.1,0.2,0.3,0.052,-0.3,-0.6,-0.8,0.1
rasual butler,34.0,IND,SG,11.0,6.4,0.5,1.4,0.4,0.5,1.1,0.417,0.1,0.3,0.333,0.567,0.2,0.2,1.0,0.0,0.5,0.5,0.1,0.1,0.1,0.1,0.3,1.7,2014,Playoffs,9.1,0.598,0.8,0.133,0.0,10.1,5.2,2.3,0.8,1.3,5.9,11.8,0.1,0.1,0.1,0.093,0.6,0.1,0.7,0.0
rasual butler,35.0,WAS,SF,2.0,3.5,0.0,0.5,0.0,0.0,0.5,0.0,0.0,0.0,0.0,0.0,0.0,0.0,0.0,0.0,0.5,0.5,0.5,0.0,0.0,0.0,1.0,0.0,2015,Playoffs,-3.6,0.0,1.0,0.0,0.0,15.0,7.8,18.6,0.0,0.0,0.0,6.3,0.0,0.0,0.0,-0.039,-10.9,-0.3,-11.2,0.0
raul neto,24.0,UTA,PG,9.0,6.7,0.9,1.4,0.615,0.3,0.7,0.5,0.6,0.8,0.714,0.731,0.4,0.4,1.0,0.0,0.8,0.8,0.4,0.1,0.1,0.3,0.9,2.6,2017,Playoffs,13.8,0.779,0.462,0.308,0.0,14.1,7.0,10.9,0.9,1.5,16.9,14.1,0.1,0.0,0.2,0.143,-0.9,2.1,1.2,0.0
raul neto,25.0,UTA,PG,8.0,9.0,0.9,2.9,0.304,0.3,0.9,0.286,0.6,2.0,0.313,0.348,0.6,0.6,1.0,0.3,1.0,1.3,1.3,0.3,0.0,0.5,0.9,2.6,2018,Playoffs,7.4,0.417,0.304,0.217,3.0,12.1,7.5,20.2,1.4,0.0,13.7,17.9,-0.1,0.1,0.0,0.004,-3.4,0.2,-3.2,0.0
raul neto,26.0,UTA,PG,3.0,6.7,0.3,2.0,0.167,0.0,0.3,0.0,0.3,1.7,0.2,0.167,0.0,0.0,0.0,0.0,1.0,1.0,0.3,0.0,0.0,0.0,0.7,0.7,2019,Playoffs,-4.6,0.167,0.167,0.0,0.0,16.4,7.9,7.5,0.0,0.0,0.0,12.8,-0.1,0.0,-0.1,-0.156,-10.3,-3.2,-13.4,-0.1
raul neto,27.0,PHI,PG,2.0,13.0,1.5,4.5,0.333,1.0,2.5,0.4,0.5,2.0,0.25,0.444,0.0,0.0,0.0,0.0,1.5,1.5,1.5,0.5,0.0,0.5,0.0,4.0,2020,Playoffs,8.9,0.444,0.556,0.0,0.0,12.7,6.2,20.0,1.9,0.0,10.0,16.8,0.0,0.0,0.0,-0.018,-0.1,-1.5,-1.6,0.0
raul neto,28.0,WAS,PG,5.0,22.4,2.4,6.8,0.353,0.8,3.0,0.267,1.6,3.8,0.421,0.412,0.8,1.0,0.8,0.6,1.6,2.2,1.0,0.4,0.0,0.2,2.2,6.4,2021,Playoffs,5.5,0.442,0.441,0.147,2.8,8.1,5.3,6.0,0.8,0.0,2.7,13.9,0.0,0.0,-0.1,-0.023,-3.7,-2.1,-5.8,-0.1
raul neto,30.0,CLE,PG,2.0,3.5,0.0,0.5,0.0,0.0,0.5,0.0,0.0,0.0,0.0,0.0,0.5,1.0,0.5,0.0,0.0,0.0,0.5,0.0,0.0,1.0,1.0,0.5,2023,Playoffs,-18.2,0.266,1.0,2.0,0.0,0.0,0.0,19.5,0.0,0.0,51.5,26.0,-0.1,0.0,-0.1,-0.48,-19.1,-4.8,-23.9,0.0
ray allen,38.0,MIA,SG,20.0,26.4,3.0,7.2,0.413,1.7,4.3,0.388,1.3,2.9,0.448,0.528,1.7,1.9,0.919,0.7,2.7,3.4,1.6,0.7,0.2,1.2,2.1,9.3,2014,Playoffs,12.8,0.581,0.594,0.259,3.4,13.2,8.5,9.7,1.5,0.7,13.1,17.8,0.6,0.3,0.9,0.08,1.1,-0.9,0.2,0.3
rayjon tucker,22.0,UTA,SG,2.0,5.5,1.0,2.5,0.4,0.5,1.5,0.333,0.5,1.0,0.5,0.5,0.0,0.0,0.0,0.0,0.0,0.0,0.0,0.0,0.0,0.5,0.5,2.5,2020,Playoffs,1.6,0.5,0.6,0.0,0.0,0.0,0.0,0.0,0.0,0.0,16.7,25.5,0.0,0.0,0.0,-0.181,-8.1,-5.1,-13.2,0.0
rayjon tucker,24.0,MIL,SG,8.0,2.4,0.1,0.4,0.333,0.0,0.1,0.0,0.1,0.3,0.5,0.333,0.0,0.0,0.0,0.1,0.3,0.4,0.0,0.0,0.0,0.0,0.3,0.3,2022,Playoffs,1.7,0.333,0.333,0.0,5.6,10.4,8.1,0.0,0.0,0.0,0.0,6.8,0.0,0.0,0.0,0.035,-7.3,-0.6,-7.8,0.0
raymond felton,30.0,DAL,PG,3.0,12.0,1.3,5.0,0.267,0.0,1.3,0.0,1.3,3.7,0.364,0.267,1.0,1.0,1.0,0.3,2.0,2.3,1.3,0.0,0.0,0.0,0.3,3.7,2015,Playoffs,7.6,0.337,0.267,0.2,2.8,17.8,10.0,14.7,0.0,0.0,0.0,18.6,0.0,0.0,0.0,-0.038,-2.9,-3.5,-6.3,0.0
raymond felton,31.0,DAL,PG,5.0,34.4,6.4,13.8,0.464,0.8,2.8,0.286,5.6,11.0,0.509,0.493,1.4,2.2,0.636,0.4,4.2,4.6,4.6,1.2,0.0,2.4,2.8,15.0,2016,Playoffs,13.6,0.508,0.203,0.159,1.3,14.9,7.8,24.2,1.8,0.0,14.0,23.1,0.0,-0.1,-0.1,-0.04,-1.0,0.1,-0.8,0.1
raymond felton,32.0,LAC,PG,7.0,18.1,2.1,4.6,0.469,0.6,1.3,0.444,1.6,3.3,0.478,0.531,0.7,0.7,1.0,0.3,1.1,1.4,1.4,0.9,0.0,0.4,1.4,5.6,2017,Playoffs,12.4,0.57,0.281,0.156,2.0,8.2,5.0,12.3,2.5,0.0,8.1,14.1,0.2,0.1,0.3,0.115,0.3,2.1,2.5,0.1
raymond felton,33.0,OKC,PG,6.0,13.2,2.0,5.2,0.387,1.2,2.3,0.5,0.8,2.8,0.294,0.5,0.0,0.3,0.0,0.3,1.8,2.2,1.5,0.7,0.3,0.8,1.2,5.2,2018,Playoffs,12.4,0.486,0.452,0.065,2.7,14.5,8.7,18.3,2.5,2.3,13.6,20.4,0.0,0.1,0.1,0.045,0.6,0.9,1.5,0.1
raymond felton,34.0,OKC,PG,5.0,11.4,0.8,2.6,0.308,0.4,1.6,0.25,0.4,1.0,0.4,0.385,0.2,0.4,0.5,0.0,0.6,0.6,0.6,0.8,0.2,0.4,1.4,2.2,2019,Playoffs,4.2,0.396,0.615,0.154,0.0,5.8,2.9,7.3,3.4,1.5,12.6,11.9,-0.1,0.1,0.0,-0.022,-6.3,2.5,-3.8,0.0
reggie bullock,22.0,LAC,SF,2.0,2.5,0.5,0.5,1.0,0.0,0.0,0.0,0.5,0.5,1.0,1.0,0.0,0.0,0.0,0.0,0.0,0.0,0.5,0.0,0.0,0.0,0.0,1.0,2014,Playoffs,23.0,1.0,0.0,0.0,0.0,0.0,0.0,32.2,0.0,0.0,0.0,8.7,0.0,0.0,0.0,0.262,8.8,4.0,12.8,0.0
reggie bullock,24.0,DET,SF,2.0,11.0,2.5,3.0,0.833,1.0,1.5,0.667,1.5,1.5,1.0,1.0,0.0,0.0,0.0,0.0,1.0,1.0,1.5,0.5,0.0,0.0,1.0,6.0,2016,Playoffs,31.6,1.0,0.5,0.0,0.0,10.7,5.5,26.1,2.5,0.0,0.0,13.7,0.2,0.0,0.2,0.329,11.1,5.5,16.6,0.1
reggie bullock,29.0,NYK,SF,5.0,32.4,3.0,7.8,0.385,2.0,5.8,0.345,1.0,2.0,0.5,0.513,0.8,1.0,0.8,1.0,2.4,3.4,1.2,0.6,0.2,0.8,2.2,8.8,2021,Playoffs,7.5,0.534,0.744,0.128,3.1,8.3,5.6,5.9,0.9,0.6,8.8,12.4,0.0,0.2,0.2,0.061,-2.4,1.1,-1.2,0.0
reggie bullock,30.0,DAL,SF,18.0,39.3,3.4,8.4,0.404,2.9,7.3,0.397,0.5,1.1,0.45,0.576,0.9,1.0,0.889,0.4,4.1,4.6,1.7,1.2,0.1,0.4,2.7,10.6,2022,Playoffs,10.1,0.598,0.868,0.119,1.3,12.5,6.8,6.3,1.6,0.1,4.8,11.2,0.8,0.4,1.2,0.081,-0.5,0.9,0.4,0.4
reggie jackson,23.0,OKC,PG,19.0,27.9,3.9,8.5,0.466,1.1,2.8,0.396,2.8,5.7,0.5,0.531,2.1,2.3,0.886,0.7,3.1,3.8,2.4,0.3,0.2,2.0,2.6,11.1,2014,Playoffs,11.8,0.582,0.329,0.273,2.9,11.9,7.7,14.4,0.5,0.6,17.4,18.7,0.5,0.3,0.7,0.067,-0.1,-0.9,-1.0,0.1
reggie jackson,25.0,DET,PG,4.0,36.8,6.3,13.8,0.455,0.8,4.5,0.167,5.5,9.3,0.595,0.482,1.0,1.0,1.0,0.5,2.8,3.3,9.3,1.5,0.5,2.5,2.5,14.3,2016,Playoffs,18.1,0.502,0.327,0.073,1.7,8.8,5.4,43.4,2.3,1.3,15.0,22.8,0.2,-0.1,0.1,0.047,2.1,0.0,2.1,0.2
reggie jackson,28.0,DET,PG,4.0,27.0,7.0,16.3,0.431,2.3,5.3,0.429,4.8,11.0,0.432,0.5,1.5,1.8,0.857,1.3,2.0,3.3,7.0,0.8,0.0,1.3,3.0,17.8,2019,Playoffs,21.4,0.521,0.323,0.108,4.1,8.6,6.1,49.7,1.3,0.0,6.8,28.5,0.2,-0.1,0.1,0.066,6.7,-0.3,6.4,0.2
reggie jackson,29.0,LAC,PG,12.0,14.2,1.8,4.0,0.438,1.4,2.7,0.531,0.3,1.3,0.25,0.615,0.0,0.0,0.0,0.2,1.6,1.8,0.9,0.2,0.1,0.4,1.5,4.9,2020,Playoffs,10.0,0.615,0.667,0.0,1.3,12.6,6.9,9.0,0.6,0.6,9.4,13.7,0.2,0.1,0.3,0.089,0.0,-0.2,-0.2,0.1
reggie jackson,30.0,LAC,SG,19.0,32.7,6.4,13.3,0.484,3.1,7.5,0.408,3.4,5.8,0.582,0.599,1.9,2.2,0.878,0.4,2.8,3.2,3.4,0.9,0.2,1.5,2.6,17.8,2021,Playoffs,17.3,0.626,0.563,0.163,1.3,9.7,5.6,16.9,1.5,0.5,9.4,22.3,1.3,0.4,1.7,0.129,2.6,0.3,2.9,0.8
reggie jackson,32.0,DEN,PG,6.0,3.0,0.2,0.3,0.5,0.2,0.3,0.5,0.0,0.0,0.0,0.75,0.0,0.0,0.0,0.0,0.3,0.3,0.3,0.2,0.0,0.2,0.0,0.5,2023,Playoffs,9.7,0.75,1.0,0.0,0.0,12.5,6.5,13.5,2.8,0.0,33.3,7.5,0.0,0.0,0.0,0.091,-1.8,3.6,1.7,0.0
reggie jackson,33.0,DEN,PG,12.0,9.8,1.3,4.0,0.333,0.7,1.9,0.348,0.7,2.1,0.32,0.417,0.2,0.2,1.0,0.2,1.1,1.3,1.0,0.2,0.1,0.7,1.0,3.5,2024,Playoffs,5.1,0.43,0.479,0.042,1.9,13.0,7.3,15.2,0.9,0.8,14.1,22.3,-0.3,0.1,-0.2,-0.074,-5.0,-1.9,-7.0,-0.1
reggie perry,20.0,BRK,PF,5.0,4.4,1.4,2.6,0.538,0.4,1.0,0.4,1.0,1.6,0.625,0.615,0.0,0.0,0.0,0.8,0.4,1.2,0.2,0.2,0.0,0.6,0.8,3.2,2021,Playoffs,20.5,0.615,0.385,0.0,21.0,9.6,15.1,8.7,2.3,0.0,18.8,33.0,0.0,0.0,0.0,0.078,0.2,-1.1,-0.9,0.0
richard jefferson,34.0,DAL,SF,4.0,12.8,1.3,3.5,0.357,0.8,2.0,0.375,0.5,1.5,0.333,0.464,0.5,0.5,1.0,0.0,0.5,0.5,0.3,0.5,0.0,0.8,2.3,3.8,2015,Playoffs,3.5,0.504,0.571,0.143,0.0,4.2,2.0,2.6,1.8,0.0,16.8,14.3,0.0,0.0,0.0,-0.032,-4.7,-1.7,-6.4,-0.1
richard jefferson,35.0,CLE,SF,21.0,18.1,2.1,4.0,0.524,0.5,1.3,0.393,1.6,2.7,0.589,0.589,0.7,1.0,0.75,0.8,2.8,3.5,0.7,0.5,0.0,0.6,1.6,5.4,2016,Playoffs,12.5,0.614,0.333,0.238,5.0,17.7,11.5,5.4,1.4,0.3,12.3,12.8,0.6,0.4,1.0,0.124,-0.9,0.9,0.0,0.2
richard jefferson,36.0,CLE,SF,14.0,12.8,1.1,2.7,0.421,0.4,1.4,0.263,0.8,1.4,0.579,0.487,1.3,2.0,0.643,0.7,1.1,1.8,0.5,0.1,0.2,0.6,2.1,3.9,2017,Playoffs,7.6,0.547,0.5,0.737,6.9,9.3,8.1,5.1,0.6,1.4,13.7,14.5,0.1,0.1,0.2,0.059,-3.5,-1.5,-5.0,-0.1
richaun holmes,24.0,PHI,C,3.0,3.7,0.0,0.3,0.0,0.0,0.0,0.0,0.0,0.3,0.0,0.0,0.0,0.0,0.0,0.0,0.3,0.3,0.3,0.0,0.0,0.0,1.0,0.0,2018,Playoffs,-4.1,0.0,0.0,0.0,0.0,9.9,4.9,11.4,0.0,0.0,0.0,3.8,0.0,0.0,0.0,-0.02,-10.2,-1.2,-11.3,0.0
ricky rubio,27.0,UTA,PG,6.0,30.2,4.7,13.2,0.354,1.7,5.3,0.313,3.0,7.8,0.383,0.418,3.0,3.8,0.783,0.8,6.5,7.3,7.0,1.3,0.5,3.0,2.2,14.0,2018,Playoffs,15.9,0.471,0.405,0.291,2.9,23.5,13.1,36.8,2.2,1.5,16.8,26.1,0.0,0.3,0.2,0.063,0.4,2.0,2.5,0.2
ricky rubio,28.0,UTA,PG,5.0,33.6,5.6,13.2,0.424,0.8,4.0,0.2,4.8,9.2,0.522,0.455,3.4,4.0,0.85,0.6,2.6,3.2,8.6,2.4,0.2,3.0,2.8,15.4,2019,Playoffs,17.3,0.515,0.303,0.303,1.8,8.4,5.0,46.2,3.5,0.7,16.7,22.9,0.1,0.2,0.3,0.09,1.3,3.6,4.8,0.3
ricky rubio,32.0,CLE,PG,3.0,5.7,0.0,0.3,0.0,0.0,0.0,0.0,0.0,0.3,0.0,0.0,0.0,0.0,0.0,0.7,1.3,2.0,1.0,0.3,0.0,1.7,1.7,0.0,2023,Playoffs,-6.5,0.0,0.0,0.0,14.3,26.3,20.5,24.1,3.1,0.0,83.3,16.5,-0.1,0.0,-0.1,-0.254,-16.4,1.7,-14.7,-0.1
rj barrett,20.0,NYK,SG,5.0,32.4,5.2,13.4,0.388,1.6,5.6,0.286,3.6,7.8,0.462,0.448,2.4,3.0,0.8,0.8,6.4,7.2,3.0,0.8,0.4,0.4,2.2,14.4,2021,Playoffs,14.2,0.489,0.418,0.224,2.5,22.3,11.8,16.6,1.3,1.2,2.6,20.7,0.1,0.3,0.3,0.104,0.5,2.6,3.2,0.2
rj barrett,22.0,NYK,SG,11.0,34.3,6.5,14.9,0.433,1.8,5.5,0.328,4.6,9.4,0.495,0.494,4.5,5.9,0.769,0.5,4.0,4.5,2.8,0.8,0.2,2.3,2.3,19.3,2023,Playoffs,14.6,0.55,0.372,0.396,1.5,13.3,7.4,15.0,1.2,0.5,11.5,25.7,0.3,0.5,0.8,0.105,0.9,0.4,1.3,0.3
rj hunter,22.0,BOS,SG,5.0,8.2,0.4,1.8,0.222,0.2,1.0,0.2,0.2,0.8,0.25,0.278,0.0,0.0,0.0,0.2,1.0,1.2,0.6,0.0,0.2,0.2,0.6,1.0,2016,Playoffs,1.9,0.278,0.556,0.0,2.4,13.6,7.6,11.2,0.0,2.2,10.0,10.5,-0.1,0.1,0.0,-0.027,-5.4,-0.2,-5.6,0.0
robert covington,27.0,PHI,SF,10.0,28.1,2.7,8.3,0.325,1.5,4.8,0.313,1.2,3.5,0.343,0.416,1.2,1.6,0.75,1.2,4.1,5.3,2.5,1.1,0.9,1.1,3.0,8.1,2018,Playoffs,9.6,0.45,0.578,0.193,4.5,15.8,10.1,12.7,1.9,2.9,10.9,15.1,0.0,0.4,0.4,0.073,-1.2,1.1,-0.2,0.1
robert covington,29.0,HOU,C,12.0,31.6,3.9,7.9,0.495,2.8,5.7,0.5,1.1,2.3,0.481,0.674,0.5,0.6,0.857,0.7,4.3,5.0,1.3,2.5,1.1,1.0,3.8,11.2,2020,Playoffs,15.8,0.683,0.716,0.074,2.2,16.1,8.8,6.5,3.9,3.4,10.9,13.0,0.5,0.8,1.3,0.169,1.2,3.8,5.0,0.7
robert covington,30.0,POR,PF,6.0,38.0,3.0,6.0,0.5,1.8,3.7,0.5,1.2,2.3,0.5,0.653,1.5,1.7,0.9,1.5,6.3,7.8,1.2,1.5,1.0,1.3,3.3,9.3,2021,Playoffs,11.5,0.693,0.611,0.278,4.7,18.8,11.9,4.0,2.0,2.4,16.5,9.6,0.3,0.1,0.4,0.078,0.0,1.3,1.3,0.2
robert covington,32.0,LAC,PF,2.0,6.0,0.0,1.5,0.0,0.0,1.0,0.0,0.0,0.5,0.0,0.0,0.0,0.0,0.0,0.0,1.0,1.0,1.0,0.0,0.5,0.0,1.0,0.0,2023,Playoffs,-1.9,0.0,0.667,0.0,0.0,20.6,9.7,19.6,0.0,6.3,0.0,10.5,0.0,0.0,0.0,-0.174,-9.0,1.4,-7.6,0.0
robert williams,21.0,BOS,C,3.0,4.3,0.3,0.7,0.5,0.0,0.0,0.0,0.3,0.7,0.5,0.5,0.7,0.7,1.0,0.3,2.0,2.3,0.0,0.0,0.0,0.0,0.3,1.3,2019,Playoffs,17.3,0.694,0.0,1.0,8.2,45.1,27.5,0.0,0.0,0.0,0.0,9.8,0.0,0.0,0.1,0.256,2.5,0.1,2.6,0.0
robert williams,22.0,BOS,C,13.0,11.5,1.8,2.4,0.742,0.0,0.1,0.0,1.8,2.3,0.767,0.742,0.2,0.5,0.333,1.7,2.2,3.9,0.8,0.2,0.5,0.5,1.4,3.7,2020,Playoffs,19.8,0.713,0.032,0.194,17.3,21.0,19.2,10.6,1.0,4.0,17.2,12.2,0.4,0.3,0.7,0.221,1.7,1.6,3.3,0.2
robert williams,23.0,BOS,C,3.0,15.3,3.0,4.7,0.643,0.0,0.0,0.0,3.0,4.7,0.643,0.643,0.3,0.7,0.5,2.7,2.3,5.0,0.7,0.3,3.0,0.3,2.3,6.3,2021,Playoffs,27.2,0.638,0.0,0.143,19.1,18.6,18.9,7.2,1.1,18.5,6.3,14.6,0.1,0.0,0.2,0.18,3.1,4.8,7.9,0.1
robert williams,24.0,BOS,C,17.0,23.2,3.1,4.6,0.679,0.0,0.1,0.0,3.1,4.5,0.688,0.679,1.5,1.6,0.893,2.5,3.6,6.2,1.0,0.7,2.2,0.6,2.0,7.7,2022,Playoffs,21.7,0.725,0.013,0.359,12.7,17.1,15.0,6.8,1.5,8.8,10.0,11.5,1.3,0.8,2.1,0.254,2.2,3.8,5.9,0.8
robert williams,25.0,BOS,C,20.0,20.9,3.4,4.3,0.788,0.0,0.1,0.0,3.4,4.2,0.798,0.788,1.0,1.4,0.679,1.8,4.2,6.0,1.0,0.5,1.3,0.8,2.2,7.7,2023,Playoffs,19.6,0.786,0.012,0.329,10.2,22.2,16.3,6.6,1.1,5.3,14.1,12.3,1.2,0.6,1.8,0.208,0.6,2.7,3.4,0.6
robin lopez,25.0,POR,C,11.0,33.4,3.9,8.0,0.489,0.0,0.0,0.0,3.9,8.0,0.489,0.489,2.2,3.3,0.667,4.3,4.9,9.2,0.8,0.5,1.8,1.0,3.6,10.0,2014,Playoffs,15.3,0.53,0.0,0.409,14.0,15.8,14.9,3.7,0.8,4.0,9.6,13.7,0.6,0.2,0.8,0.103,0.8,-0.2,0.6,0.2
robin lopez,26.0,POR,C,5.0,23.4,1.8,3.0,0.6,0.0,0.0,0.0,1.8,3.0,0.6,0.6,1.6,1.6,1.0,1.8,2.6,4.4,0.6,0.2,1.0,1.0,3.0,5.2,2015,Playoffs,11.6,0.702,0.0,0.533,8.2,12.2,10.2,4.1,0.4,2.8,21.3,9.2,0.2,0.1,0.3,0.11,-1.4,0.8,-0.6,0.0
robin lopez,28.0,CHI,C,6.0,27.0,5.7,8.7,0.654,0.0,0.0,0.0,5.7,8.7,0.654,0.654,1.3,1.3,1.0,4.7,2.5,7.2,0.8,0.5,1.0,1.3,2.2,12.7,2017,Playoffs,23.4,0.684,0.0,0.154,19.7,10.2,14.9,5.6,1.0,3.8,12.6,17.7,0.5,0.1,0.7,0.195,3.0,-0.4,2.6,0.2
robin lopez,31.0,MIL,C,3.0,7.0,1.0,1.3,0.75,0.0,0.0,0.0,1.0,1.3,0.75,0.75,0.0,0.0,0.0,0.0,1.3,1.3,0.0,0.0,0.0,0.0,0.7,2.0,2020,Playoffs,10.0,0.75,0.0,0.0,0.0,20.8,10.2,0.0,0.0,0.0,0.0,8.2,0.0,0.0,0.1,0.118,-2.3,1.1,-1.2,0.0
robin lopez,32.0,WAS,C,5.0,14.6,3.6,5.0,0.72,0.0,0.0,0.0,3.6,5.0,0.72,0.72,0.2,0.8,0.25,0.8,1.0,1.8,0.0,0.0,0.8,0.2,1.4,7.4,2021,Playoffs,17.3,0.691,0.0,0.16,5.7,7.8,6.7,0.0,0.0,4.4,3.6,15.9,0.2,0.0,0.2,0.106,1.4,-1.2,0.2,0.0
robin lopez,34.0,CLE,C,2.0,3.0,1.5,1.5,1.0,0.0,0.0,0.0,1.5,1.5,1.0,1.0,1.0,1.0,1.0,0.5,0.0,0.5,0.0,0.0,0.0,0.5,1.0,4.0,2023,Playoffs,46.9,1.031,0.0,0.667,20.2,0.0,9.7,0.0,0.0,0.0,20.5,38.1,0.1,0.0,0.1,0.443,10.8,5.6,16.4,0.0
rodions kurucs,20.0,BRK,SF,4.0,17.0,2.0,5.0,0.4,0.5,2.0,0.25,1.5,3.0,0.5,0.45,1.8,2.3,0.778,1.5,3.5,5.0,0.8,0.5,0.0,0.5,2.5,6.3,2019,Playoffs,12.5,0.522,0.4,0.45,8.4,23.0,15.1,6.5,1.4,0.0,7.7,15.5,0.1,0.0,0.1,0.076,-1.9,-0.3,-2.2,0.0
rodions kurucs,21.0,BRK,PF,4.0,14.5,2.8,5.0,0.55,0.0,2.0,0.0,2.8,3.0,0.917,0.55,0.0,0.5,0.0,0.8,2.5,3.3,0.8,0.3,0.5,0.8,2.3,5.5,2020,Playoffs,9.9,0.527,0.4,0.1,4.9,18.7,11.3,9.1,0.8,3.3,12.6,17.0,0.0,0.0,0.0,-0.036,-4.1,-0.3,-4.4,0.0
rodney hood,24.0,UTA,SG,11.0,25.2,3.4,9.5,0.352,1.2,4.5,0.26,2.2,5.0,0.436,0.414,1.0,1.6,0.611,0.1,2.6,2.7,1.1,0.5,0.0,0.9,2.7,8.9,2017,Playoffs,4.7,0.434,0.476,0.171,0.4,12.6,6.5,7.1,0.9,0.0,8.1,21.1,-0.6,0.2,-0.4,-0.069,-4.4,-1.7,-6.1,-0.3
rodney hood,25.0,CLE,SG,17.0,15.3,2.3,5.4,0.424,0.2,1.4,0.167,2.1,4.0,0.515,0.446,0.5,0.7,0.75,0.4,1.4,1.8,1.1,0.3,0.2,0.8,1.8,5.4,2018,Playoffs,8.4,0.468,0.261,0.13,3.1,11.2,7.1,11.3,1.0,1.4,11.8,19.6,-0.2,0.1,0.0,-0.007,-3.2,-0.6,-3.8,-0.1
rodney hood,26.0,POR,SG,16.0,23.3,3.3,6.9,0.468,1.1,3.2,0.353,2.1,3.8,0.567,0.55,2.3,2.8,0.818,0.6,1.7,2.3,0.9,0.4,0.2,0.4,1.8,9.9,2019,Playoffs,14.0,0.606,0.459,0.396,2.6,7.7,5.1,5.7,0.8,0.7,5.1,16.0,0.8,0.1,0.9,0.115,0.5,0.2,0.8,0.2
rodney mcgruder,26.0,MIA,SG,4.0,4.0,0.3,1.0,0.25,0.0,0.5,0.0,0.3,0.5,0.5,0.25,0.0,0.0,0.0,0.0,1.0,1.0,0.0,0.0,0.0,0.0,0.8,0.5,2018,Playoffs,-2.9,0.25,0.5,0.0,0.0,26.9,13.2,0.0,0.0,0.0,0.0,10.8,0.0,0.0,0.0,-0.109,-11.4,-2.0,-13.5,0.0
rodney mcgruder,28.0,LAC,SG,5.0,3.2,0.6,1.0,0.6,0.4,0.6,0.667,0.2,0.4,0.5,0.8,0.0,0.0,0.0,0.2,0.6,0.8,0.4,0.0,0.0,0.0,0.0,1.6,2020,Playoffs,25.8,0.8,0.6,0.0,6.9,21.2,13.9,19.0,0.0,0.0,0.0,13.7,0.1,0.0,0.1,0.304,9.3,2.5,11.8,0.1
rodney stuckey,29.0,IND,PG,7.0,17.9,2.4,6.1,0.395,0.7,1.4,0.5,1.7,4.7,0.364,0.453,0.7,1.3,0.556,0.1,2.0,2.1,2.0,0.6,0.1,0.9,1.3,6.3,2016,Playoffs,11.1,0.468,0.233,0.209,1.0,12.0,6.9,20.3,1.7,0.7,11.3,20.4,0.0,0.1,0.1,0.047,-1.4,0.6,-0.8,0.0
romeo langford,20.0,BOS,SG,7.0,6.6,0.6,1.4,0.4,0.1,0.3,0.5,0.4,1.1,0.375,0.45,0.1,0.3,0.5,0.0,0.4,0.4,0.3,0.1,0.0,0.3,0.6,1.4,2020,Playoffs,2.7,0.46,0.2,0.2,0.0,7.0,3.7,6.2,1.1,0.0,15.5,12.5,-0.1,0.0,0.0,-0.009,-4.8,0.6,-4.2,0.0
romeo langford,21.0,BOS,SG,4.0,27.3,3.3,8.0,0.406,1.5,4.3,0.353,1.8,3.8,0.467,0.5,1.0,1.0,1.0,1.3,1.3,2.5,1.3,0.8,0.5,0.3,0.5,9.0,2021,Playoffs,11.7,0.533,0.531,0.125,5.0,5.6,5.3,6.7,1.4,1.7,2.9,13.5,0.1,-0.1,0.0,0.016,0.6,-0.8,-0.1,0.1
rondae hollisjefferson,24.0,BRK,SF,4.0,15.5,4.0,8.3,0.485,0.3,0.3,1.0,3.8,8.0,0.469,0.5,5.0,6.3,0.8,0.8,2.3,3.0,1.5,0.3,1.3,0.8,1.8,13.3,2019,Playoffs,29.2,0.602,0.03,0.758,4.6,16.2,9.9,17.9,0.7,5.8,6.4,30.9,0.3,0.0,0.3,0.214,4.2,2.6,6.8,0.1
rondae hollisjefferson,25.0,TOR,PF,5.0,7.8,0.8,2.0,0.4,0.0,0.2,0.0,0.8,1.8,0.444,0.4,1.2,1.6,0.75,1.0,1.0,2.0,0.6,0.4,0.2,0.2,1.0,2.8,2020,Playoffs,17.2,0.518,0.1,0.8,13.5,14.1,13.8,11.0,2.5,2.7,6.9,16.4,0.1,0.1,0.2,0.202,-1.3,0.5,-0.8,0.0
rondae hollisjefferson,26.0,POR,PF,5.0,7.2,0.8,1.0,0.8,0.0,0.0,0.0,0.8,1.0,0.8,0.8,0.4,0.6,0.667,0.6,1.0,1.6,0.0,0.2,0.2,0.0,1.0,2.0,2021,Playoffs,15.1,0.791,0.0,0.6,9.9,15.7,12.8,0.0,1.4,2.6,0.0,7.9,0.1,0.0,0.1,0.159,0.1,-0.3,-0.2,0.0
roy hibbert,27.0,IND,C,19.0,28.5,3.5,7.7,0.449,0.0,0.1,0.0,3.5,7.7,0.452,0.449,2.3,3.0,0.772,2.3,3.2,5.5,0.9,0.2,1.4,1.3,3.3,9.3,2014,Playoffs,12.1,0.511,0.007,0.388,10.0,13.3,11.7,5.4,0.4,4.4,12.7,17.7,0.2,0.7,0.9,0.084,-2.6,0.3,-2.2,0.0
royce oneale,24.0,UTA,SF,11.0,23.5,2.5,5.1,0.5,0.9,2.5,0.357,1.6,2.5,0.643,0.589,1.1,1.7,0.632,0.3,3.2,3.5,1.4,0.9,0.4,1.5,2.7,7.1,2018,Playoffs,9.5,0.606,0.5,0.339,1.2,14.7,7.9,8.5,1.9,1.4,19.9,13.7,0.0,0.3,0.4,0.069,-2.3,2.5,0.2,0.1
royce oneale,25.0,UTA,SF,5.0,27.4,4.2,9.0,0.467,1.6,4.6,0.348,2.6,4.4,0.591,0.556,0.6,0.8,0.75,0.4,4.2,4.6,1.6,0.4,0.4,2.0,3.0,10.6,2019,Playoffs,8.7,0.567,0.511,0.089,1.5,16.7,8.8,10.3,0.7,1.7,17.6,17.7,-0.1,0.1,0.0,0.011,-2.7,1.6,-1.1,0.0
royce oneale,26.0,UTA,SF,7.0,35.6,1.9,4.6,0.406,1.4,3.1,0.455,0.4,1.4,0.3,0.563,0.4,0.9,0.5,0.4,5.0,5.4,2.7,1.3,0.3,1.9,3.6,5.6,2020,Playoffs,6.2,0.563,0.688,0.188,1.4,16.1,8.9,10.0,1.9,0.8,27.3,9.0,0.0,0.1,0.0,0.009,-3.3,1.6,-1.7,0.0
royce oneale,27.0,UTA,SF,11.0,36.7,3.9,7.7,0.506,2.5,5.5,0.467,1.4,2.3,0.6,0.671,0.9,1.1,0.833,1.5,5.8,7.3,2.1,1.1,0.3,0.7,3.7,11.3,2021,Playoffs,13.1,0.687,0.706,0.141,4.8,17.7,11.5,7.9,1.5,0.7,8.1,10.8,0.9,0.1,1.0,0.12,1.4,1.6,3.1,0.5
royce oneale,28.0,UTA,SF,6.0,31.3,2.3,5.8,0.4,1.2,4.2,0.28,1.2,1.7,0.7,0.5,0.3,0.3,1.0,1.0,4.7,5.7,1.5,0.5,0.2,0.5,2.7,6.2,2022,Playoffs,8.0,0.516,0.714,0.057,3.7,17.2,10.5,7.3,0.8,0.7,7.7,9.7,0.1,0.1,0.2,0.049,-0.9,1.0,0.1,0.1
royce oneale,29.0,BRK,SF,4.0,29.5,1.8,7.3,0.241,1.0,5.5,0.182,0.8,1.8,0.429,0.31,0.5,0.5,1.0,1.0,3.3,4.3,3.5,1.3,0.3,1.0,2.8,5.0,2023,Playoffs,5.5,0.335,0.759,0.069,4.0,12.4,8.3,18.3,2.3,0.8,11.8,14.1,-0.2,0.1,-0.1,-0.045,-4.7,1.0,-3.7,-0.1
royce oneale,30.0,PHO,SF,4.0,26.0,1.8,5.5,0.318,1.5,4.5,0.333,0.3,1.0,0.25,0.455,0.0,0.0,0.0,1.3,3.5,4.8,1.0,0.3,0.0,0.5,2.8,5.0,2024,Playoffs,5.1,0.455,0.818,0.0,5.8,16.6,11.1,5.8,0.5,0.0,8.3,10.8,0.0,-0.1,-0.1,-0.047,-2.3,-3.2,-5.5,-0.1
rudy gay,31.0,SAS,PF,5.0,32.0,5.2,13.0,0.4,0.8,3.6,0.222,4.4,9.4,0.468,0.431,1.0,1.8,0.556,1.8,3.8,5.6,2.2,1.6,0.2,1.2,3.2,12.2,2018,Playoffs,11.3,0.442,0.277,0.138,5.9,14.4,9.9,12.3,2.6,0.5,8.0,21.4,-0.1,0.1,0.0,-0.012,-1.8,-0.1,-1.9,0.0
rudy gay,32.0,SAS,PF,7.0,25.6,4.0,10.0,0.4,1.1,2.7,0.421,2.9,7.3,0.392,0.457,2.0,2.4,0.824,1.9,5.3,7.1,1.7,0.4,0.7,1.4,1.9,11.1,2019,Playoffs,15.5,0.503,0.271,0.243,7.9,22.1,15.0,10.1,0.9,2.2,11.4,22.7,0.1,0.1,0.2,0.052,0.9,-0.5,0.3,0.1
rudy gobert,24.0,UTA,C,9.0,27.3,4.4,7.0,0.635,0.0,0.0,0.0,4.4,7.0,0.635,0.635,2.7,5.6,0.48,2.4,7.4,9.9,1.2,1.0,1.3,1.0,3.3,11.6,2017,Playoffs,21.0,0.612,0.0,0.794,10.7,32.8,21.7,7.7,1.9,4.3,9.6,18.2,0.5,0.4,0.9,0.185,1.9,2.4,4.3,0.4
rudy gobert,25.0,UTA,C,11.0,34.8,5.0,7.6,0.655,0.0,0.0,0.0,5.0,7.6,0.655,0.655,3.2,5.3,0.603,3.9,6.8,10.7,1.0,0.9,2.3,1.9,3.1,13.2,2018,Playoffs,19.4,0.662,0.0,0.69,12.0,21.3,16.6,4.5,1.3,5.8,16.1,15.0,0.8,0.6,1.5,0.184,0.9,2.0,2.9,0.5
rudy gobert,26.0,UTA,C,5.0,30.4,3.8,6.4,0.594,0.0,0.0,0.0,3.8,6.4,0.594,0.594,3.6,4.6,0.783,4.6,5.6,10.2,1.4,0.6,2.6,1.8,3.2,11.2,2019,Playoffs,20.6,0.665,0.0,0.719,15.3,20.1,17.6,7.7,1.0,9.8,17.6,14.4,0.3,0.2,0.6,0.183,0.8,2.2,3.0,0.2
rudy gobert,27.0,UTA,C,7.0,38.6,6.9,10.6,0.649,0.0,0.0,0.0,6.9,10.6,0.649,0.649,3.1,6.0,0.524,3.4,8.0,11.4,1.1,0.6,1.4,1.3,3.7,16.9,2020,Playoffs,20.4,0.638,0.0,0.568,10.6,23.8,17.4,4.6,0.8,3.6,8.9,17.6,0.7,0.1,0.9,0.156,0.6,-0.5,0.1,0.1
rudy gobert,28.0,UTA,C,11.0,34.2,5.5,7.4,0.741,0.0,0.1,0.0,5.5,7.3,0.75,0.741,3.8,6.0,0.636,3.9,8.4,12.3,0.8,0.5,2.1,1.5,4.2,14.7,2021,Playoffs,21.4,0.736,0.012,0.815,13.9,27.3,20.9,3.6,0.8,5.5,13.4,15.0,1.2,0.3,1.5,0.192,1.6,1.0,2.6,0.4
rudy gobert,29.0,UTA,C,6.0,32.8,3.5,5.5,0.636,0.0,0.0,0.0,3.5,5.5,0.636,0.636,5.0,7.3,0.682,3.5,9.7,13.2,0.5,0.2,1.0,1.3,3.2,12.0,2022,Playoffs,19.4,0.688,0.0,1.333,12.5,34.1,23.3,2.4,0.3,3.8,13.3,14.3,0.6,0.2,0.7,0.182,2.2,0.1,2.3,0.2
rudy gobert,30.0,MIN,C,5.0,35.4,5.8,9.2,0.63,0.0,0.0,0.0,5.8,9.2,0.63,0.63,3.4,5.4,0.63,3.6,8.6,12.2,2.0,0.4,1.0,1.6,4.8,15.0,2023,Playoffs,18.2,0.648,0.0,0.587,11.6,29.0,20.1,9.3,0.6,2.5,12.1,17.2,0.4,0.1,0.5,0.145,-0.3,0.7,0.3,0.1
rudy gobert,31.0,MIN,C,15.0,34.1,4.3,6.9,0.615,0.0,0.0,0.0,4.3,6.9,0.615,0.615,3.5,5.3,0.671,2.7,7.1,9.8,1.6,0.9,1.0,1.5,3.7,12.1,2024,Playoffs,16.2,0.652,0.0,0.76,9.3,24.7,17.0,6.9,1.4,2.8,14.2,14.4,1.0,0.7,1.7,0.16,-1.0,2.1,1.1,0.4
rui hachimura,22.0,WAS,PF,5.0,34.6,5.8,9.4,0.617,1.8,3.0,0.6,4.0,6.4,0.625,0.713,1.4,2.4,0.583,1.0,6.2,7.2,1.0,0.4,0.2,1.0,3.6,14.8,2021,Playoffs,13.7,0.708,0.319,0.255,3.0,20.3,11.3,4.3,0.5,0.5,8.7,13.8,0.3,0.0,0.3,0.095,1.0,-0.2,0.8,0.1
rui hachimura,24.0,LAL,PF,16.0,24.3,4.6,8.2,0.557,1.2,2.4,0.487,3.4,5.8,0.587,0.63,1.9,2.1,0.882,0.6,3.1,3.6,0.6,0.5,0.3,0.6,1.6,12.2,2023,Playoffs,16.0,0.668,0.298,0.26,2.6,12.7,7.9,3.9,1.0,0.9,6.4,17.7,0.8,0.4,1.2,0.146,1.3,0.9,2.2,0.4
rui hachimura,25.0,LAL,PF,5.0,30.4,3.0,7.6,0.395,1.0,2.8,0.357,2.0,4.8,0.417,0.461,0.8,1.6,0.5,1.2,2.6,3.8,0.8,0.0,0.0,0.4,1.6,7.8,2024,Playoffs,5.8,0.47,0.368,0.211,4.5,9.2,6.9,3.4,0.0,0.0,4.6,13.2,0.0,0.0,0.0,0.0,-3.3,-2.3,-5.6,-0.1
russ smith,23.0,MEM,PG,2.0,1.5,0.0,0.0,0.0,0.0,0.0,0.0,0.0,0.0,0.0,0.0,0.0,0.0,0.0,0.0,0.0,0.0,1.0,0.0,0.0,0.0,0.0,0.0,2015,Playoffs,23.8,0.0,,,0.0,0.0,0.0,89.6,0.0,0.0,0.0,0.0,0.0,0.0,0.0,0.241,8.6,0.5,9.1,0.0
russell westbrook,25.0,OKC,PG,19.0,38.7,8.8,20.9,0.42,1.5,5.3,0.28,7.3,15.7,0.466,0.455,7.6,8.6,0.884,2.4,4.9,7.3,8.1,2.2,0.3,4.4,3.3,26.7,2014,Playoffs,24.9,0.539,0.251,0.412,7.3,13.6,10.6,40.5,2.9,0.6,15.0,34.3,1.6,0.9,2.5,0.166,6.3,1.3,7.6,1.8
russell westbrook,27.0,OKC,PG,18.0,37.4,8.8,21.8,0.405,1.9,5.8,0.324,6.9,16.0,0.434,0.448,6.4,7.8,0.829,2.3,4.6,6.9,11.0,2.6,0.1,4.3,2.4,26.0,2016,Playoffs,26.9,0.515,0.267,0.356,6.9,13.5,10.3,52.4,3.4,0.2,14.6,34.3,2.0,0.9,2.9,0.208,7.4,1.7,9.1,1.9
russell westbrook,28.0,OKC,PG,5.0,38.8,11.8,30.4,0.388,2.6,9.8,0.265,9.2,20.6,0.447,0.431,11.2,14.0,0.8,1.8,9.8,11.6,10.8,2.4,0.4,6.0,3.2,37.4,2017,Playoffs,27.7,0.511,0.322,0.461,4.7,28.9,16.1,55.7,3.0,1.0,14.1,47.0,0.2,0.3,0.4,0.103,7.5,2.2,9.7,0.6
russell westbrook,29.0,OKC,PG,6.0,39.2,10.7,26.8,0.398,2.5,7.0,0.357,8.2,19.8,0.412,0.444,5.5,6.7,0.825,1.8,10.2,12.0,7.5,1.5,0.0,5.2,3.5,29.3,2018,Playoffs,20.3,0.493,0.261,0.248,5.0,27.1,16.2,38.1,1.9,0.0,14.8,39.0,-0.1,0.3,0.3,0.052,3.9,0.1,4.1,0.4
russell westbrook,30.0,OKC,PG,5.0,39.4,8.0,22.2,0.36,2.2,6.8,0.324,5.8,15.4,0.377,0.41,4.6,5.2,0.885,1.4,7.6,9.0,10.6,1.0,0.6,4.6,3.8,22.8,2019,Playoffs,16.0,0.466,0.306,0.234,3.8,21.2,12.4,46.0,1.2,1.3,15.8,31.5,-0.1,0.2,0.1,0.023,1.5,0.4,1.9,0.2
russell westbrook,31.0,HOU,PG,8.0,32.8,7.4,17.5,0.421,1.0,4.1,0.242,6.4,13.4,0.477,0.45,2.1,4.0,0.531,1.4,5.6,7.0,4.6,1.5,0.3,3.8,2.9,17.9,2020,Playoffs,12.1,0.464,0.236,0.229,4.5,20.2,11.9,25.8,2.2,0.8,16.3,31.5,-0.7,0.4,-0.2,-0.043,-1.9,-1.2,-3.2,-0.1
russell westbrook,32.0,WAS,PG,5.0,37.2,5.6,16.8,0.333,1.0,4.0,0.25,4.6,12.8,0.359,0.363,6.8,8.6,0.791,2.8,7.6,10.4,11.8,0.4,0.2,4.2,3.4,19.0,2021,Playoffs,15.7,0.462,0.238,0.512,7.9,23.1,15.2,45.6,0.5,0.4,16.9,27.9,-0.1,0.0,0.0,-0.006,2.9,-1.2,1.7,0.2
russell westbrook,34.0,LAC,PG,5.0,38.4,8.6,21.0,0.41,2.0,5.6,0.357,6.6,15.4,0.429,0.457,4.4,5.0,0.88,1.8,5.8,7.6,7.4,1.2,1.4,4.0,3.0,23.6,2023,Playoffs,17.6,0.509,0.267,0.238,5.1,18.7,11.5,30.8,1.5,2.8,14.7,29.8,0.1,0.0,0.1,0.021,2.2,-0.1,2.1,0.2
russell westbrook,35.0,LAC,PG,6.0,19.0,2.2,8.3,0.26,0.7,2.8,0.235,1.5,5.5,0.273,0.3,1.3,2.2,0.615,1.0,3.2,4.2,1.7,1.2,0.5,1.7,1.8,6.3,2024,Playoffs,5.2,0.341,0.34,0.26,6.1,18.7,12.5,13.9,3.2,2.7,15.2,26.3,-0.5,0.1,-0.3,-0.146,-5.8,0.2,-5.7,-0.1
ryan anderson,26.0,NOP,PF,4.0,23.8,4.0,9.0,0.444,1.3,3.0,0.417,2.8,6.0,0.458,0.514,1.5,1.5,1.0,1.8,2.5,4.3,2.3,0.0,0.5,1.0,3.0,10.8,2015,Playoffs,16.2,0.556,0.333,0.167,8.4,11.5,10.0,15.7,0.0,1.8,9.4,20.6,0.2,-0.1,0.2,0.078,2.8,-1.4,1.4,0.1
ryan anderson,28.0,HOU,PF,11.0,30.5,3.3,8.4,0.391,1.5,5.5,0.283,1.7,2.9,0.594,0.484,1.3,1.5,0.875,1.4,3.8,5.2,0.6,0.4,0.2,0.8,2.2,9.4,2017,Playoffs,8.5,0.52,0.652,0.174,4.9,13.2,9.2,3.1,0.6,0.5,8.3,14.1,0.1,0.3,0.4,0.058,-0.8,-2.0,-2.7,-0.1
ryan anderson,29.0,HOU,PF,11.0,8.6,0.6,1.8,0.35,0.5,1.4,0.333,0.2,0.5,0.4,0.475,0.0,0.0,0.0,0.4,0.8,1.2,0.5,0.3,0.1,0.3,0.9,1.7,2018,Playoffs,7.0,0.475,0.75,0.0,4.6,10.6,7.6,9.0,1.6,0.9,13.0,10.8,0.0,0.1,0.1,0.049,-2.3,0.1,-2.2,0.0
ryan hollins,29.0,LAC,PF,5.0,1.8,0.2,0.8,0.25,0.0,0.0,0.0,0.2,0.8,0.25,0.25,0.2,0.2,1.0,0.2,0.4,0.6,0.0,0.0,0.0,0.2,0.6,0.6,2014,Playoffs,-3.2,0.338,0.0,0.25,12.3,26.5,19.1,0.0,0.0,0.0,18.4,26.2,0.0,0.0,0.0,-0.19,-14.1,-6.3,-20.3,0.0
saddiq bey,23.0,ATL,SF,6.0,22.2,2.5,6.7,0.375,1.2,3.0,0.389,1.3,3.7,0.364,0.463,1.3,1.5,0.889,1.2,2.8,4.0,1.0,0.5,0.0,0.3,0.5,7.5,2023,Playoffs,10.9,0.512,0.45,0.225,5.2,15.2,9.8,5.6,1.1,0.0,4.4,14.2,0.1,0.0,0.1,0.038,-0.6,-1.5,-2.1,0.0
salah mejri,29.0,DAL,C,4.0,19.0,1.8,2.5,0.7,0.0,0.0,0.0,1.8,2.5,0.7,0.7,1.3,3.0,0.417,1.3,2.0,3.3,0.3,0.8,1.3,0.0,2.8,4.8,2016,Playoffs,14.7,0.622,0.0,1.2,7.4,12.8,10.0,2.0,2.1,5.8,0.0,9.3,0.2,0.0,0.1,0.086,-0.6,2.6,2.0,0.1
sam dekker,22.0,HOU,PF,4.0,7.8,0.8,3.0,0.25,0.8,1.5,0.5,0.0,1.5,0.0,0.375,0.0,0.0,0.0,1.3,1.3,2.5,0.3,0.3,0.3,0.0,0.5,2.3,2017,Playoffs,12.4,0.375,0.5,0.0,17.9,17.0,17.4,4.8,1.6,2.5,0.0,17.0,0.0,0.0,0.1,0.078,2.3,-2.3,0.0,0.0
sam hauser,24.0,BOS,SF,7.0,2.1,0.1,0.6,0.25,0.1,0.4,0.333,0.0,0.1,0.0,0.375,0.3,0.3,1.0,0.0,0.1,0.1,0.3,0.0,0.0,0.0,0.0,0.7,2022,Playoffs,11.4,0.512,0.75,0.5,0.0,7.3,3.8,19.1,0.0,0.0,0.0,14.6,0.0,0.0,0.0,0.135,1.5,0.4,1.9,0.0
sam hauser,25.0,BOS,SF,15.0,6.9,0.7,1.9,0.345,0.5,1.6,0.333,0.1,0.3,0.4,0.483,0.1,0.1,1.0,0.3,0.8,1.1,0.3,0.1,0.1,0.0,0.5,2.0,2023,Playoffs,9.3,0.502,0.828,0.069,5.7,12.8,9.4,5.1,0.5,1.7,0.0,13.0,0.1,0.1,0.2,0.079,-1.2,-1.0,-2.2,0.0
sam hauser,26.0,BOS,SF,19.0,14.9,1.9,4.4,0.429,1.4,3.7,0.38,0.5,0.7,0.692,0.589,0.2,0.2,1.0,0.4,1.7,2.2,0.6,0.3,0.2,0.2,1.1,5.4,2024,Playoffs,12.1,0.601,0.845,0.048,3.3,13.6,8.5,5.7,0.9,1.0,3.4,14.6,0.4,0.4,0.8,0.136,0.7,0.4,1.1,0.2
sam merrill,24.0,MIL,SG,8.0,3.8,0.3,0.9,0.286,0.1,0.6,0.2,0.1,0.3,0.5,0.357,0.0,0.0,0.0,0.1,0.5,0.6,0.1,0.5,0.0,0.1,0.3,0.6,2021,Playoffs,8.3,0.357,0.714,0.0,3.5,14.6,8.9,4.2,6.6,0.0,12.5,11.4,0.0,0.1,0.0,0.062,-5.8,5.2,-0.5,0.0
sam merrill,27.0,CLE,SG,10.0,12.5,1.0,2.9,0.345,1.0,2.7,0.37,0.0,0.2,0.0,0.517,0.3,0.3,1.0,0.2,1.0,1.2,0.9,0.0,0.0,0.0,0.9,3.3,2024,Playoffs,8.0,0.544,0.931,0.103,1.9,9.1,5.5,10.3,0.0,0.0,0.0,11.3,0.1,0.1,0.2,0.079,-1.2,-1.5,-2.6,0.0
samuel dalembert,32.0,DAL,C,7.0,19.3,1.6,3.4,0.458,0.0,0.0,0.0,1.6,3.4,0.458,0.458,1.4,2.1,0.667,3.3,5.1,8.4,0.0,0.3,1.4,0.6,2.1,4.6,2014,Playoffs,17.2,0.523,0.0,0.625,18.4,33.8,25.5,0.0,0.8,6.0,11.6,11.6,0.2,0.2,0.4,0.146,0.4,-0.1,0.4,0.1
santi aldama,22.0,MEM,PF,6.0,16.8,2.5,5.5,0.455,1.2,2.5,0.467,1.3,3.0,0.444,0.561,0.3,0.3,1.0,1.2,3.2,4.3,1.2,0.5,0.0,0.3,0.8,6.5,2023,Playoffs,15.0,0.576,0.455,0.061,6.6,20.6,13.1,10.9,1.4,0.0,5.6,14.9,0.2,0.1,0.3,0.139,2.3,1.7,4.0,0.2
scottie barnes,20.0,TOR,PF,4.0,33.3,4.5,10.5,0.429,0.5,3.0,0.167,4.0,7.5,0.533,0.452,3.3,4.0,0.813,1.8,7.3,9.0,4.3,1.0,0.3,1.3,3.0,12.8,2022,Playoffs,16.8,0.52,0.286,0.381,5.9,29.7,16.7,19.7,1.6,0.8,9.3,18.9,0.2,0.0,0.2,0.082,0.7,1.0,1.7,0.1
semaj christon,24.0,OKC,PG,2.0,10.5,1.0,2.5,0.4,0.5,1.5,0.333,0.5,1.0,0.5,0.5,0.0,0.0,0.0,0.0,1.5,1.5,2.5,0.5,0.0,0.0,0.5,2.5,2017,Playoffs,15.2,0.5,0.6,0.0,0.0,16.3,7.7,33.6,2.3,0.0,0.0,10.2,0.0,0.0,0.1,0.14,0.3,2.8,3.1,0.0
semi ojeleye,23.0,BOS,PF,17.0,13.5,0.6,1.9,0.303,0.4,1.3,0.273,0.2,0.6,0.364,0.394,0.4,0.4,0.857,0.2,1.4,1.6,0.1,0.2,0.0,0.1,1.2,1.9,2018,Playoffs,2.9,0.443,0.667,0.212,1.9,12.3,7.0,1.2,0.7,0.0,5.3,7.6,-0.1,0.2,0.1,0.028,-5.4,0.3,-5.2,-0.2
semi ojeleye,24.0,BOS,PF,6.0,5.7,0.7,1.5,0.444,0.5,0.8,0.6,0.2,0.7,0.25,0.611,0.3,0.3,1.0,0.2,0.2,0.3,0.3,0.0,0.0,0.2,0.8,2.2,2019,Playoffs,9.9,0.658,0.556,0.222,3.1,2.9,3.0,9.4,0.0,0.0,9.2,14.1,0.1,0.0,0.1,0.133,-0.2,-0.7,-1.0,0.0
semi ojeleye,25.0,BOS,PF,13.0,9.4,0.5,2.2,0.25,0.4,1.8,0.217,0.2,0.4,0.4,0.339,0.2,0.2,1.0,0.2,0.8,0.9,0.1,0.2,0.0,0.1,0.7,1.6,2020,Playoffs,1.6,0.364,0.821,0.071,1.9,8.8,5.5,1.1,1.2,0.0,3.3,10.9,-0.2,0.1,0.0,-0.006,-4.0,-0.1,-4.1,-0.1
semi ojeleye,26.0,BOS,PF,2.0,6.0,0.0,2.0,0.0,0.0,1.5,0.0,0.0,0.5,0.0,0.0,0.5,1.0,0.5,0.0,0.0,0.0,0.0,0.5,0.5,0.0,0.0,0.5,2021,Playoffs,-3.8,0.102,0.75,0.5,0.0,0.0,0.0,0.0,4.2,7.9,0.0,17.2,-0.1,0.0,-0.1,-0.314,-10.9,-3.0,-13.9,0.0
serge ibaka,24.0,OKC,PF,17.0,34.2,5.1,8.6,0.592,0.3,0.8,0.385,4.8,7.9,0.612,0.609,1.5,2.0,0.765,1.8,5.0,6.8,0.7,0.6,2.5,1.2,3.2,12.1,2014,Playoffs,16.6,0.633,0.088,0.231,6.4,15.7,11.3,3.5,1.0,5.4,11.0,14.3,1.0,0.7,1.7,0.143,1.1,1.7,2.8,0.7
serge ibaka,26.0,OKC,PF,18.0,33.4,4.7,9.1,0.521,1.7,3.8,0.449,3.0,5.2,0.574,0.617,0.8,1.1,0.75,1.3,5.0,6.3,0.6,0.8,1.3,0.5,2.8,12.0,2016,Playoffs,15.3,0.629,0.423,0.123,4.3,16.4,10.5,2.5,1.2,3.1,5.0,13.0,1.4,0.7,2.0,0.163,2.1,1.5,3.6,0.9
serge ibaka,27.0,TOR,PF,10.0,30.7,6.0,13.0,0.462,1.2,3.8,0.316,4.8,9.2,0.522,0.508,1.1,1.3,0.846,0.9,5.6,6.5,1.4,0.4,1.7,1.1,3.7,14.3,2017,Playoffs,14.4,0.527,0.292,0.1,3.6,21.9,12.8,8.4,0.7,5.1,7.5,22.4,0.0,0.4,0.4,0.065,-0.5,0.8,0.3,0.2
serge ibaka,28.0,TOR,PF,10.0,26.0,3.0,7.2,0.417,0.9,2.4,0.375,2.1,4.8,0.438,0.479,1.8,2.2,0.818,1.3,4.6,5.9,1.1,0.1,1.3,1.6,2.1,8.7,2018,Playoffs,10.9,0.533,0.333,0.306,6.0,22.1,13.9,6.2,0.2,3.9,16.4,17.1,0.0,0.0,0.1,0.014,-1.7,-0.4,-2.2,0.0
serge ibaka,29.0,TOR,C,24.0,20.8,3.8,8.0,0.477,0.4,1.6,0.237,3.5,6.5,0.535,0.5,1.3,1.8,0.762,1.5,4.5,6.0,0.9,0.5,1.0,1.0,3.3,9.4,2019,Playoffs,15.1,0.532,0.197,0.218,7.7,23.9,15.8,7.4,1.1,4.5,10.6,21.5,0.2,1.0,1.2,0.113,-1.6,1.2,-0.4,0.2
serge ibaka,30.0,TOR,C,11.0,22.8,5.7,10.0,0.573,2.1,4.1,0.511,3.6,5.9,0.615,0.677,1.3,1.3,1.0,1.5,6.2,7.7,1.2,0.2,1.3,1.1,2.5,14.8,2020,Playoffs,25.2,0.702,0.409,0.127,7.1,29.9,18.3,9.4,0.4,6.0,9.4,22.5,0.8,0.5,1.3,0.25,5.2,2.6,7.7,0.6
serge ibaka,31.0,LAC,C,2.0,9.0,1.5,3.0,0.5,0.0,1.0,0.0,1.5,2.0,0.75,0.5,2.0,2.0,1.0,0.5,1.5,2.0,1.0,0.5,1.5,0.5,0.5,5.0,2021,Playoffs,30.7,0.644,0.333,0.667,6.5,19.0,12.9,17.1,2.9,16.2,11.4,22.7,0.1,0.0,0.1,0.285,5.0,7.0,12.0,0.1
serge ibaka,32.0,MIL,C,6.0,3.7,0.7,2.7,0.25,0.0,0.5,0.0,0.7,2.2,0.308,0.25,0.2,0.3,0.5,0.3,1.3,1.7,0.0,0.0,0.0,0.3,0.2,1.5,2022,Playoffs,-3.9,0.267,0.188,0.125,9.7,36.0,23.3,0.0,0.0,0.0,10.6,37.2,-0.2,0.0,-0.2,-0.355,-13.3,-7.7,-21.1,-0.1
seth curry,28.0,POR,SG,16.0,20.4,1.9,5.1,0.366,1.3,3.3,0.404,0.6,1.9,0.3,0.494,0.6,0.7,0.818,0.3,1.3,1.6,0.8,0.8,0.3,0.4,1.7,5.6,2019,Playoffs,8.3,0.518,0.634,0.134,1.6,6.5,4.1,5.7,1.8,1.0,7.5,12.5,0.1,0.1,0.3,0.043,-1.6,0.2,-1.4,0.1
seth curry,29.0,DAL,SG,6.0,28.8,5.2,8.8,0.585,1.7,3.5,0.476,3.5,5.3,0.656,0.679,0.8,0.8,1.0,0.3,1.5,1.8,1.3,1.0,0.0,1.3,2.3,12.8,2020,Playoffs,14.1,0.697,0.396,0.094,1.2,5.8,3.5,6.8,1.6,0.0,12.7,15.7,0.3,-0.1,0.2,0.058,0.7,-0.8,-0.1,0.1
seth curry,30.0,PHI,SG,12.0,31.8,7.1,12.3,0.578,3.4,6.8,0.506,3.7,5.5,0.667,0.718,1.3,1.6,0.789,0.3,2.0,2.3,2.3,0.8,0.3,0.8,2.8,18.8,2021,Playoffs,18.8,0.727,0.551,0.129,1.2,6.7,4.0,11.1,1.1,0.6,6.0,18.7,1.2,0.4,1.6,0.206,3.9,1.4,5.3,0.7
seth curry,31.0,BRK,SG,4.0,33.0,5.5,9.8,0.564,3.0,5.8,0.522,2.5,4.0,0.625,0.718,0.5,0.8,0.667,0.5,2.0,2.5,3.0,0.3,0.8,0.8,3.8,14.5,2022,Playoffs,16.4,0.719,0.59,0.077,2.0,8.0,4.9,14.0,0.4,2.2,6.9,15.1,0.4,-0.1,0.3,0.12,4.0,-1.0,3.0,0.2
seth curry,32.0,BRK,SG,3.0,19.3,3.3,6.3,0.526,1.0,3.0,0.333,2.3,3.3,0.7,0.605,0.7,1.0,0.667,0.0,1.0,1.0,2.0,0.0,0.0,0.3,0.7,8.3,2023,Playoffs,13.8,0.615,0.474,0.158,0.0,5.8,3.0,19.3,0.0,0.0,4.7,18.1,0.1,0.0,0.1,0.075,1.3,-0.4,0.9,0.0
shabazz muhammad,25.0,MIL,SG,4.0,7.3,2.3,5.0,0.45,1.0,1.3,0.8,1.3,3.8,0.333,0.55,0.8,1.3,0.6,0.0,1.0,1.0,0.0,0.5,0.3,0.5,0.5,6.3,2018,Playoffs,23.3,0.563,0.25,0.25,0.0,15.4,8.2,0.0,3.6,3.1,8.3,40.6,0.0,0.0,0.0,0.025,6.6,-1.0,5.6,0.1
shabazz napier,25.0,POR,PG,4.0,11.8,2.0,4.8,0.421,1.3,2.8,0.455,0.8,2.0,0.375,0.553,1.5,2.0,0.75,0.3,0.8,1.0,0.8,0.5,0.0,0.0,1.5,6.8,2017,Playoffs,17.7,0.599,0.579,0.421,2.1,7.3,4.5,11.2,2.0,0.0,0.0,19.9,0.1,0.0,0.2,0.159,3.2,1.0,4.2,0.1
shabazz napier,26.0,POR,PG,2.0,17.5,2.5,5.5,0.455,0.0,2.0,0.0,2.5,3.5,0.714,0.455,0.5,1.0,0.5,0.0,1.0,1.0,1.5,1.5,0.0,3.0,0.5,5.5,2018,Playoffs,4.3,0.463,0.364,0.182,0.0,6.9,3.2,12.0,4.2,0.0,33.6,21.8,-0.2,0.0,-0.1,-0.183,-7.1,0.2,-6.9,0.0
shabazz napier,27.0,BRK,PG,3.0,9.3,2.3,3.7,0.636,1.0,1.7,0.6,1.3,2.0,0.667,0.773,2.3,2.7,0.875,0.7,1.7,2.3,3.7,0.3,0.0,0.0,0.3,8.0,2019,Playoffs,47.6,0.826,0.455,0.727,6.8,19.9,12.8,71.4,1.6,0.0,0.0,21.1,0.4,0.0,0.4,0.626,17.3,5.5,22.9,0.2
shai gilgeousalexander,20.0,LAC,PG,6.0,28.8,4.7,10.0,0.467,1.5,3.0,0.5,3.2,7.0,0.452,0.542,2.8,3.3,0.85,0.7,2.0,2.7,3.2,1.0,0.8,0.8,2.8,13.7,2019,Playoffs,16.6,0.596,0.3,0.333,2.4,8.2,5.2,16.4,1.6,2.4,6.8,17.8,0.4,-0.1,0.3,0.086,2.1,0.8,2.9,0.2
shai gilgeousalexander,21.0,OKC,SG,7.0,39.9,5.6,12.9,0.433,2.0,5.0,0.4,3.6,7.9,0.455,0.511,3.1,3.3,0.957,0.4,4.9,5.3,4.1,1.0,0.4,2.1,2.4,16.3,2020,Playoffs,13.1,0.569,0.389,0.256,1.2,12.3,6.9,16.9,1.2,1.3,13.0,17.8,0.3,0.3,0.6,0.1,0.6,1.2,1.8,0.3
shai gilgeousalexander,25.0,OKC,PG,10.0,39.9,11.1,22.4,0.496,1.6,3.7,0.432,9.5,18.7,0.508,0.531,6.4,8.1,0.79,0.8,6.4,7.2,6.4,1.3,1.7,2.2,3.1,30.2,2024,Playoffs,25.5,0.582,0.165,0.362,2.3,17.1,10.0,29.6,1.7,4.0,7.8,32.2,1.1,0.9,1.9,0.233,5.9,3.3,9.2,1.1
shake milton,23.0,PHI,SG,4.0,31.5,5.3,11.0,0.477,2.5,6.3,0.4,2.8,4.8,0.579,0.591,1.5,1.8,0.857,0.3,3.0,3.3,2.8,0.5,0.0,1.5,3.3,14.5,2020,Playoffs,13.3,0.616,0.568,0.159,0.8,10.5,5.5,16.6,0.8,0.0,11.3,18.4,0.2,0.0,0.2,0.071,1.4,-0.2,1.3,0.1
shake milton,24.0,PHI,SG,12.0,10.1,1.3,3.9,0.319,0.7,1.6,0.421,0.6,2.3,0.25,0.404,1.2,1.3,0.933,0.0,0.8,0.8,0.8,0.3,0.1,0.9,1.5,4.3,2021,Playoffs,4.4,0.485,0.404,0.319,0.0,7.9,4.1,9.8,1.2,0.7,17.0,23.0,-0.2,0.1,-0.1,-0.039,-5.9,-1.8,-7.7,-0.2
shake milton,25.0,PHI,SG,12.0,13.2,1.5,3.2,0.474,0.7,1.3,0.533,0.8,1.9,0.435,0.579,1.3,1.7,0.8,0.3,1.3,1.6,0.9,0.5,0.3,0.4,1.1,5.0,2022,Playoffs,15.4,0.641,0.395,0.526,3.3,11.1,7.4,10.9,2.0,1.8,9.7,15.4,0.4,0.2,0.5,0.153,1.5,2.3,3.7,0.2
shake milton,26.0,PHI,SG,6.0,3.5,0.5,0.8,0.6,0.0,0.2,0.0,0.5,0.7,0.75,0.6,0.3,0.3,1.0,0.0,0.5,0.5,0.3,0.3,0.0,0.2,0.5,1.3,2023,Playoffs,17.5,0.68,0.2,0.4,0.0,17.1,8.3,15.5,5.0,0.0,14.5,15.2,0.0,0.0,0.1,0.181,-2.4,5.6,3.2,0.0
shake milton,27.0,NYK,SG,4.0,5.5,0.0,1.5,0.0,0.0,0.5,0.0,0.0,1.0,0.0,0.0,1.3,1.5,0.833,0.0,0.3,0.3,0.5,0.3,0.0,0.0,0.0,1.3,2024,Playoffs,3.9,0.289,0.333,1.0,0.0,5.6,2.7,11.1,2.4,0.0,0.0,17.3,0.0,0.0,0.0,-0.082,-6.1,-0.8,-6.8,0.0
shane battier,35.0,MIA,SF,16.0,12.6,0.8,1.6,0.462,0.6,1.3,0.45,0.2,0.4,0.5,0.635,0.3,0.3,0.8,0.1,0.6,0.6,0.3,0.3,0.1,0.3,1.4,2.3,2014,Playoffs,5.8,0.656,0.769,0.192,0.7,5.7,3.3,3.7,1.4,0.5,15.1,8.4,0.1,0.1,0.2,0.049,-1.7,-0.3,-2.0,0.0
shane larkin,21.0,DAL,PG,2.0,5.0,0.0,1.5,0.0,0.0,0.5,0.0,0.0,1.0,0.0,0.0,0.0,0.0,0.0,0.0,0.5,0.5,1.0,0.0,0.0,0.5,0.0,0.0,2014,Playoffs,-9.7,0.0,0.333,0.0,0.0,12.7,5.8,24.5,0.0,0.0,25.0,18.0,-0.1,0.0,-0.1,-0.384,-12.1,-6.9,-19.0,0.0
shane larkin,25.0,BOS,PG,11.0,14.0,1.5,3.2,0.457,0.4,1.2,0.308,1.1,2.0,0.545,0.514,0.5,0.5,1.0,0.1,0.9,1.0,1.8,0.5,0.0,0.5,1.4,3.7,2018,Playoffs,10.1,0.551,0.371,0.143,0.7,7.6,4.1,20.1,1.7,0.0,13.9,12.9,0.1,0.1,0.3,0.09,-3.8,1.2,-2.6,0.0
shaquille harrison,27.0,DEN,SG,9.0,4.4,0.3,0.4,0.75,0.1,0.1,1.0,0.2,0.3,0.667,0.875,0.2,0.3,0.667,0.0,0.9,0.9,0.3,0.3,0.3,0.6,0.3,1.0,2021,Playoffs,11.6,0.846,0.25,0.75,0.0,24.4,11.3,9.6,3.7,7.1,48.4,11.2,0.0,0.1,0.0,0.009,-3.6,6.3,2.6,0.0
shaquille harrison,29.0,LAL,SG,8.0,3.5,0.5,0.9,0.571,0.1,0.1,1.0,0.4,0.8,0.5,0.643,0.1,0.3,0.5,0.0,0.4,0.4,1.1,0.3,0.0,0.0,0.4,1.3,2023,Playoffs,22.2,0.635,0.143,0.286,0.0,10.8,5.7,45.5,3.5,0.0,0.0,12.4,0.1,0.0,0.2,0.286,0.7,2.1,2.8,0.0
shaun livingston,28.0,BRK,PG,12.0,27.1,3.7,7.2,0.512,0.1,0.1,1.0,3.6,7.1,0.506,0.517,2.3,3.1,0.73,0.7,2.8,3.5,3.3,0.4,0.4,1.8,3.4,9.7,2014,Playoffs,13.1,0.567,0.012,0.43,3.0,13.9,8.2,20.9,0.9,1.5,17.7,18.7,0.3,0.1,0.5,0.068,-1.4,0.4,-1.0,0.1
shaun livingston,29.0,GSW,PG,21.0,17.9,2.0,3.8,0.532,0.0,0.0,0.0,2.0,3.7,0.538,0.532,1.0,1.2,0.84,0.6,1.8,2.4,1.8,0.4,0.2,1.0,1.5,5.0,2015,Playoffs,11.5,0.583,0.013,0.316,3.8,10.9,7.4,15.1,1.1,1.1,18.9,13.3,0.5,0.5,0.9,0.118,-1.6,1.1,-0.5,0.1
shaun livingston,30.0,GSW,PG,24.0,21.4,3.4,7.0,0.488,0.0,0.0,0.0,3.4,7.0,0.491,0.488,1.3,1.5,0.865,0.5,2.6,3.2,3.3,0.5,0.2,1.2,2.0,8.2,2016,Playoffs,14.0,0.532,0.006,0.22,2.8,13.1,8.0,24.0,1.2,0.8,13.6,18.2,0.7,0.4,1.2,0.108,-1.2,1.0,-0.3,0.2
shaun livingston,31.0,GSW,PG,14.0,15.7,2.4,4.2,0.576,0.0,0.0,0.0,2.4,4.2,0.576,0.576,0.4,0.5,0.714,0.7,1.4,2.1,1.4,0.4,0.1,0.7,1.7,5.2,2017,Playoffs,11.0,0.588,0.0,0.119,5.3,8.7,7.1,12.3,1.1,0.7,13.9,14.1,0.2,0.3,0.5,0.109,-1.6,0.3,-1.3,0.0
shaun livingston,32.0,GSW,PG,21.0,17.2,2.8,5.2,0.536,0.0,0.0,0.0,2.8,5.2,0.541,0.536,1.0,1.2,0.88,0.5,1.7,2.2,1.5,0.3,0.0,0.8,1.6,6.7,2018,Playoffs,12.6,0.579,0.009,0.227,3.5,10.4,7.1,12.4,1.0,0.2,11.7,16.9,0.5,0.4,0.9,0.118,-2.1,0.3,-1.8,0.0
shaun livingston,33.0,GSW,PG,22.0,14.6,1.5,3.4,0.453,0.0,0.1,0.0,1.5,3.3,0.466,0.453,1.0,1.1,0.84,0.5,0.9,1.4,1.4,0.5,0.2,0.4,1.6,4.0,2019,Playoffs,10.1,0.517,0.027,0.333,4.0,6.9,5.5,13.0,1.5,1.2,8.5,12.7,0.4,0.1,0.5,0.071,-2.8,0.6,-2.2,0.0
shawn marion,35.0,DAL,SF,7.0,27.6,3.4,8.4,0.407,0.6,2.6,0.222,2.9,5.9,0.488,0.441,1.0,1.6,0.636,2.0,3.3,5.3,1.9,0.9,0.1,0.7,1.6,8.4,2014,Playoffs,12.5,0.462,0.305,0.186,7.8,15.1,11.2,9.7,1.6,0.4,7.3,16.1,0.1,0.1,0.2,0.057,0.7,0.1,0.9,0.1
shawn marion,36.0,CLE,SF,6.0,4.2,0.2,1.0,0.167,0.0,0.0,0.0,0.2,1.0,0.167,0.167,0.0,0.0,0.0,0.3,0.7,1.0,0.2,0.3,0.0,0.0,0.2,0.3,2015,Playoffs,6.0,0.167,0.0,0.0,8.9,17.4,13.2,6.0,4.2,0.0,0.0,10.9,0.0,0.0,0.0,-0.003,-4.3,0.8,-3.5,0.0
sheldon mac,24.0,WAS,SG,7.0,2.4,0.7,1.3,0.556,0.3,0.7,0.4,0.4,0.6,0.75,0.667,0.3,0.3,1.0,0.0,0.3,0.3,0.0,0.0,0.0,0.1,0.1,2.0,2017,Playoffs,22.3,0.709,0.556,0.222,0.0,13.6,6.8,0.0,0.0,0.0,9.2,27.6,0.0,0.0,0.1,0.155,6.0,-0.5,5.5,0.0
shelvin mack,23.0,ATL,PG,7.0,16.9,2.7,6.7,0.404,1.4,3.9,0.37,1.3,2.9,0.45,0.511,1.3,1.7,0.75,0.4,1.4,1.9,3.6,0.6,0.0,0.9,1.4,8.1,2014,Playoffs,19.1,0.545,0.574,0.255,2.7,10.3,6.3,45.1,1.8,0.0,10.3,23.0,0.3,0.2,0.4,0.183,5.1,1.1,6.2,0.2
shelvin mack,24.0,ATL,PG,10.0,9.9,1.5,3.9,0.385,0.6,2.1,0.286,0.9,1.8,0.5,0.462,0.3,0.6,0.5,0.2,0.9,1.1,1.0,0.8,0.0,0.2,0.7,3.9,2015,Playoffs,14.7,0.468,0.538,0.154,2.2,9.7,5.9,16.6,4.1,0.0,4.6,20.1,0.0,0.1,0.2,0.093,-0.5,2.0,1.5,0.1
shelvin mack,26.0,UTA,PG,9.0,17.2,1.9,5.4,0.347,0.8,1.7,0.467,1.1,3.8,0.294,0.418,1.4,1.7,0.867,0.3,2.4,2.8,2.0,0.4,0.0,1.0,1.6,6.0,2017,Playoffs,9.7,0.486,0.306,0.306,2.3,17.1,9.7,18.4,1.3,0.0,13.9,19.9,-0.1,0.1,0.0,0.014,-2.1,0.4,-1.7,0.0
sindarius thornwell,24.0,LAC,SG,4.0,3.0,0.5,1.5,0.333,0.3,0.8,0.333,0.3,0.8,0.333,0.417,0.0,0.0,0.0,0.0,1.0,1.0,0.0,0.3,0.0,0.0,0.5,1.3,2019,Playoffs,9.1,0.417,0.5,0.0,0.0,39.5,18.6,0.0,3.9,0.0,0.0,20.8,0.0,0.0,0.0,-0.048,-4.8,2.5,-2.3,0.0
skal labissiare,22.0,POR,PF,3.0,3.7,0.3,1.3,0.25,0.0,0.7,0.0,0.3,0.7,0.5,0.25,0.0,0.3,0.0,0.0,0.0,0.0,0.0,0.0,0.0,0.0,0.3,0.7,2019,Playoffs,-7.1,0.225,0.5,0.25,0.0,0.0,0.0,0.0,0.0,0.0,0.0,17.6,-0.1,0.0,-0.1,-0.247,-9.6,-6.3,-15.8,0.0
skylar mays,23.0,ATL,SG,7.0,2.4,0.6,0.7,0.8,0.0,0.0,0.0,0.6,0.7,0.8,0.8,0.0,0.0,0.0,0.0,0.3,0.3,0.1,0.3,0.0,0.1,0.1,1.1,2021,Playoffs,21.6,0.8,0.0,0.0,0.0,12.7,6.4,10.2,5.8,0.0,16.7,15.6,0.0,0.0,0.1,0.195,0.8,6.0,6.8,0.0
skylar mays,24.0,ATL,SG,2.0,4.5,0.5,0.5,1.0,0.0,0.0,0.0,0.5,0.5,1.0,1.0,0.0,0.0,0.0,0.0,0.5,0.5,0.5,0.5,0.0,0.0,0.5,1.0,2022,Playoffs,18.6,1.0,0.0,0.0,0.0,13.7,6.7,18.3,5.6,0.0,0.0,5.1,0.0,0.0,0.0,0.24,0.1,8.1,8.2,0.0
solomon hill,24.0,IND,SF,7.0,28.3,2.0,4.4,0.452,1.6,2.7,0.579,0.4,1.7,0.25,0.629,2.1,2.3,0.938,0.7,3.3,4.0,1.1,0.3,0.0,0.4,2.9,7.7,2016,Playoffs,11.5,0.71,0.613,0.516,3.1,12.4,8.1,6.6,0.5,0.0,7.3,10.0,0.5,0.2,0.7,0.17,0.7,0.9,1.5,0.2
solomon hill,26.0,NOP,SF,9.0,12.7,1.0,2.8,0.36,0.7,1.8,0.375,0.3,1.0,0.333,0.48,1.0,1.1,0.9,0.7,1.2,1.9,0.8,0.1,0.1,0.7,1.9,3.7,2018,Playoffs,7.2,0.561,0.64,0.4,5.7,9.7,7.8,7.5,0.4,0.7,16.9,13.3,0.1,0.1,0.1,0.056,-2.8,-0.1,-2.9,0.0
solomon hill,28.0,MIA,PF,7.0,6.0,0.7,1.3,0.556,0.3,0.9,0.333,0.4,0.4,1.0,0.667,0.0,0.0,0.0,0.1,0.9,1.0,0.4,0.1,0.0,0.0,0.7,1.7,2020,Playoffs,12.4,0.667,0.667,0.0,2.8,15.9,9.6,10.8,1.2,0.0,0.0,9.7,0.1,0.0,0.1,0.147,0.2,2.3,2.5,0.0
solomon hill,29.0,ATL,PF,14.0,10.4,0.4,1.7,0.25,0.2,1.3,0.167,0.2,0.4,0.5,0.313,0.1,0.3,0.5,0.2,1.1,1.4,0.2,0.1,0.1,0.1,1.3,1.2,2021,Playoffs,1.1,0.33,0.75,0.167,2.3,11.9,7.1,2.7,0.7,0.6,3.7,8.2,-0.2,0.1,0.0,-0.006,-5.5,-0.4,-5.9,-0.1
spencer dinwiddie,25.0,BRK,PG,5.0,26.2,5.4,12.4,0.435,1.8,4.8,0.375,3.6,7.6,0.474,0.508,2.0,2.8,0.714,0.8,1.8,2.6,1.6,0.4,0.0,1.6,2.0,14.6,2019,Playoffs,12.3,0.536,0.387,0.226,2.9,7.7,5.1,10.3,0.7,0.0,10.5,23.7,0.0,0.0,0.0,-0.005,-0.4,-2.7,-3.2,0.0
spencer dinwiddie,28.0,DAL,PG,18.0,27.8,4.4,10.7,0.417,2.2,5.3,0.417,2.2,5.3,0.417,0.521,3.1,3.7,0.821,0.4,2.0,2.4,3.6,0.8,0.3,1.6,2.3,14.2,2022,Playoffs,16.6,0.576,0.5,0.349,1.9,8.6,5.2,21.8,1.6,1.1,11.6,23.7,0.8,0.2,1.1,0.101,1.8,-0.5,1.3,0.4
spencer dinwiddie,29.0,BRK,PG,4.0,39.8,5.5,12.8,0.431,1.8,4.5,0.389,3.8,8.3,0.455,0.5,3.8,5.5,0.682,0.3,3.0,3.3,6.5,1.3,0.3,3.0,1.8,16.5,2023,Playoffs,12.8,0.544,0.353,0.431,0.7,8.5,4.7,28.7,1.7,0.6,16.5,22.5,0.0,0.1,0.1,0.018,-0.8,-0.5,-1.3,0.0
spencer dinwiddie,30.0,LAL,PG,5.0,14.6,1.0,2.8,0.357,0.4,1.6,0.25,0.6,1.2,0.5,0.429,0.6,1.2,0.5,0.2,1.2,1.4,1.6,0.4,0.2,0.2,1.4,3.0,2024,Playoffs,7.5,0.451,0.571,0.429,1.6,8.9,5.3,13.7,1.4,1.2,5.7,11.2,0.0,0.1,0.1,0.041,-3.3,1.7,-1.5,0.0
spencer hawes,26.0,LAC,PF,8.0,7.1,1.1,2.1,0.529,0.4,0.8,0.5,0.8,1.4,0.545,0.618,0.3,0.3,1.0,0.4,1.3,1.6,0.6,0.3,0.4,0.1,1.5,2.9,2015,Playoffs,18.8,0.643,0.353,0.118,5.6,18.2,12.0,13.3,1.7,4.5,5.3,14.4,0.2,0.1,0.3,0.216,2.9,3.8,6.7,0.1
spencer hawes,27.0,CHO,PF,5.0,10.6,1.2,2.6,0.462,0.2,0.8,0.25,1.0,1.8,0.556,0.5,1.0,1.2,0.833,0.6,2.6,3.2,0.6,0.2,0.4,0.8,1.0,3.6,2016,Playoffs,14.9,0.575,0.308,0.462,6.1,30.1,17.3,10.3,1.0,3.0,20.4,17.6,0.0,0.1,0.1,0.084,-1.0,2.2,1.2,0.0
spencer hawes,28.0,MIL,PF,3.0,5.7,0.7,1.7,0.4,0.3,0.7,0.5,0.3,1.0,0.333,0.5,0.0,0.0,0.0,0.7,0.7,1.3,0.3,0.0,0.3,0.3,1.0,1.7,2017,Playoffs,10.2,0.5,0.4,0.0,13.2,15.3,14.1,9.7,0.0,5.7,16.7,16.8,0.0,0.0,0.0,0.074,-1.9,-0.1,-2.0,0.0
stanley johnson,19.0,DET,SF,4.0,20.3,3.0,5.8,0.522,1.5,2.5,0.6,1.5,3.3,0.462,0.652,0.5,0.5,1.0,0.0,4.0,4.0,0.0,0.3,0.0,0.8,2.5,8.0,2016,Playoffs,12.2,0.67,0.435,0.087,0.0,23.3,12.0,0.0,0.7,0.0,11.2,16.7,0.1,0.0,0.1,0.03,-1.1,0.0,-1.1,0.0
stanley johnson,23.0,TOR,PF,3.0,6.7,1.7,3.7,0.455,0.7,1.7,0.4,1.0,2.0,0.5,0.545,0.3,0.3,1.0,0.3,1.0,1.3,2.0,0.0,0.0,0.3,1.0,4.3,2020,Playoffs,22.9,0.568,0.455,0.091,5.3,16.5,10.8,54.6,0.0,0.0,8.0,27.4,0.1,0.0,0.1,0.249,2.4,0.7,3.2,0.0
stephen curry,25.0,GSW,PG,7.0,42.3,7.3,16.6,0.44,3.1,8.1,0.386,4.1,8.4,0.492,0.534,5.3,6.0,0.881,0.6,3.0,3.6,8.4,1.7,0.1,3.7,2.6,23.0,2014,Playoffs,18.8,0.599,0.491,0.362,1.5,8.3,4.8,31.9,2.0,0.3,16.2,23.1,0.8,0.0,0.8,0.131,4.3,0.2,4.4,0.5
stephen curry,26.0,GSW,PG,21.0,39.3,9.5,20.9,0.456,4.7,11.0,0.422,4.9,9.9,0.493,0.567,4.6,5.5,0.835,1.0,4.0,5.0,6.4,1.9,0.1,3.9,2.2,28.3,2015,Playoffs,24.5,0.607,0.528,0.262,2.7,11.1,6.9,29.9,2.4,0.3,14.3,31.0,2.7,1.2,3.9,0.228,7.7,1.1,8.8,2.2
stephen curry,27.0,GSW,PG,18.0,34.1,8.2,18.8,0.438,4.4,11.0,0.404,3.8,7.8,0.486,0.556,4.2,4.6,0.916,0.8,4.7,5.5,5.2,1.4,0.3,4.2,2.2,25.1,2016,Playoffs,22.3,0.603,0.586,0.246,2.5,14.8,8.7,26.8,2.1,0.7,16.7,32.1,1.3,0.7,1.9,0.152,6.6,0.4,7.0,1.4
stephen curry,28.0,GSW,PG,17.0,35.4,8.9,18.4,0.484,4.2,10.1,0.419,4.6,8.2,0.564,0.599,6.1,6.7,0.904,1.3,4.9,6.2,6.7,2.0,0.2,3.4,2.2,28.1,2017,Playoffs,27.1,0.659,0.551,0.365,4.2,14.1,9.5,29.5,2.7,0.5,13.8,30.0,2.3,1.1,3.4,0.272,8.3,1.4,9.7,1.8
stephen curry,29.0,GSW,PG,15.0,37.0,9.1,20.3,0.451,4.3,10.8,0.395,4.9,9.5,0.514,0.556,3.0,3.1,0.957,0.6,5.5,6.1,5.4,1.7,0.7,2.9,2.5,25.5,2018,Playoffs,22.3,0.59,0.533,0.155,1.9,15.4,9.0,24.0,2.3,1.7,11.7,29.6,1.1,1.0,2.1,0.182,5.8,1.2,7.1,1.3
stephen curry,30.0,GSW,PG,22.0,38.5,8.6,19.6,0.441,4.2,11.1,0.377,4.5,8.5,0.524,0.548,6.7,7.1,0.943,0.8,5.2,6.0,5.7,1.1,0.2,3.0,3.1,28.2,2019,Playoffs,22.6,0.62,0.566,0.364,2.4,15.2,9.0,23.9,1.4,0.5,11.7,29.1,2.7,0.4,3.2,0.179,5.6,-0.5,5.2,1.5
stephen curry,33.0,GSW,PG,22.0,34.7,9.2,20.0,0.459,4.1,10.4,0.397,5.0,9.6,0.526,0.563,4.9,5.9,0.829,0.5,4.7,5.2,5.9,1.3,0.4,2.6,2.7,27.4,2022,Playoffs,24.4,0.606,0.52,0.293,1.7,14.9,8.4,28.3,1.9,1.1,10.3,31.8,2.4,0.9,3.2,0.203,6.7,1.1,7.7,1.9
stephen curry,34.0,GSW,PG,13.0,37.9,11.2,23.9,0.466,4.4,12.1,0.363,6.8,11.8,0.571,0.558,3.8,4.5,0.845,0.7,4.5,5.2,6.1,1.0,0.5,3.2,2.6,30.5,2023,Playoffs,20.4,0.588,0.505,0.186,1.9,12.3,7.0,27.7,1.3,1.0,11.1,31.6,0.9,0.5,1.3,0.131,6.1,0.4,6.5,1.1
sterling brown,22.0,MIL,SG,3.0,4.3,1.0,1.7,0.6,0.3,1.0,0.333,0.7,0.7,1.0,0.7,0.0,0.0,0.0,0.3,0.3,0.7,0.0,0.3,0.0,0.0,0.7,2.3,2018,Playoffs,23.6,0.7,0.6,0.0,9.9,8.6,9.2,0.0,4.0,0.0,0.0,18.7,0.0,0.0,0.1,0.236,4.8,0.2,5.0,0.0
sterling brown,23.0,MIL,SG,11.0,14.7,1.4,3.5,0.395,0.6,1.9,0.333,0.7,1.5,0.471,0.487,0.7,1.0,0.727,0.4,2.4,2.7,1.7,0.5,0.3,0.7,1.5,4.1,2019,Playoffs,10.6,0.525,0.553,0.289,2.6,15.5,9.3,16.2,1.8,1.7,15.7,13.5,0.1,0.3,0.4,0.111,-2.3,2.5,0.2,0.1
sterling brown,26.0,DAL,SG,9.0,2.9,0.3,1.1,0.3,0.0,0.4,0.0,0.3,0.7,0.5,0.3,0.6,0.8,0.714,0.1,0.8,0.9,0.3,0.4,0.2,0.3,0.0,1.2,2022,Playoffs,20.3,0.42,0.4,0.7,4.5,32.2,18.1,18.0,8.0,7.0,18.7,29.3,-0.1,0.1,0.0,0.001,-0.9,7.9,7.0,0.1
steve blake,33.0,GSW,PG,6.0,7.5,0.7,2.0,0.333,0.5,1.7,0.3,0.2,0.3,0.5,0.458,0.0,0.2,0.0,0.2,0.5,0.7,0.3,0.0,0.0,0.3,0.3,1.8,2014,Playoffs,3.1,0.442,0.833,0.083,2.5,7.8,5.1,6.3,0.0,0.0,13.9,13.7,0.0,0.0,-0.1,-0.064,-2.6,-3.7,-6.3,0.0
steve blake,34.0,POR,PG,5.0,8.6,0.4,2.2,0.182,0.2,1.6,0.125,0.2,0.6,0.333,0.227,0.4,0.4,1.0,0.0,0.2,0.2,1.6,0.0,0.2,0.4,0.8,1.4,2015,Playoffs,2.9,0.295,0.727,0.182,0.0,2.5,1.3,28.7,0.0,1.5,14.4,14.8,-0.1,0.0,-0.1,-0.092,-3.9,-2.5,-6.4,0.0
steve blake,35.0,DET,PG,4.0,10.8,0.3,1.3,0.2,0.3,0.5,0.5,0.0,0.8,0.0,0.3,0.3,0.5,0.5,0.0,1.0,1.0,2.5,0.0,0.0,1.3,1.8,1.0,2016,Playoffs,0.3,0.34,0.4,0.4,0.0,11.0,5.7,32.0,0.0,0.0,46.0,12.7,-0.1,0.0,-0.1,-0.16,-7.8,-3.7,-11.5,-0.1
steve novak,30.0,TOR,PF,4.0,3.8,0.0,0.8,0.0,0.0,0.8,0.0,0.0,0.0,0.0,0.0,0.0,0.0,0.0,0.0,1.3,1.3,0.3,0.0,0.0,0.0,0.0,0.0,2014,Playoffs,-1.4,0.0,1.0,0.0,0.0,39.0,20.3,9.8,0.0,0.0,0.0,9.4,-0.1,0.0,0.0,-0.136,-6.5,-1.5,-8.0,0.0
steven adams,20.0,OKC,C,18.0,18.4,1.7,2.5,0.689,0.0,0.0,0.0,1.7,2.5,0.689,0.689,0.4,1.3,0.348,1.2,2.9,4.1,0.2,0.1,1.3,0.6,2.7,3.9,2014,Playoffs,11.0,0.635,0.0,0.511,8.0,16.9,12.7,1.9,0.2,5.4,15.4,9.0,0.3,0.4,0.7,0.099,-1.7,1.5,-0.2,0.2
steven adams,22.0,OKC,C,18.0,30.7,3.8,6.2,0.613,0.0,0.1,0.0,3.8,6.1,0.618,0.613,2.6,4.1,0.63,3.4,6.1,9.5,0.7,0.5,0.8,0.9,3.1,10.1,2016,Playoffs,16.8,0.636,0.009,0.658,12.7,21.6,17.2,3.5,0.8,2.0,10.6,12.6,1.5,0.6,2.1,0.18,1.5,0.3,1.8,0.5
steven adams,23.0,OKC,C,5.0,31.4,3.6,5.6,0.643,0.0,0.0,0.0,3.6,5.6,0.643,0.643,0.8,2.2,0.364,3.4,3.4,6.8,1.4,1.2,1.8,0.8,2.8,8.0,2017,Playoffs,15.4,0.609,0.0,0.393,11.1,12.4,11.7,6.5,1.9,5.5,10.9,10.0,0.3,0.1,0.4,0.116,-0.5,0.9,0.5,0.1
steven adams,24.0,OKC,C,6.0,33.3,4.5,7.7,0.587,0.0,0.0,0.0,4.5,7.7,0.587,0.587,1.5,2.2,0.692,3.2,4.3,7.5,1.5,0.7,0.7,0.7,2.5,10.5,2018,Playoffs,16.0,0.609,0.0,0.283,10.2,13.6,11.9,7.0,1.0,1.8,7.2,12.2,0.5,0.2,0.7,0.158,1.6,-0.3,1.3,0.2
steven adams,25.0,OKC,C,5.0,31.8,5.6,8.4,0.667,0.0,0.2,0.0,5.6,8.2,0.683,0.667,0.6,1.6,0.375,2.4,4.8,7.2,1.4,1.0,1.0,1.8,2.6,11.8,2019,Playoffs,15.6,0.648,0.024,0.19,8.1,16.6,12.3,7.2,1.5,2.6,16.5,14.6,0.2,0.2,0.3,0.101,-0.1,1.9,1.8,0.2
steven adams,26.0,OKC,C,7.0,30.0,4.4,7.4,0.596,0.0,0.1,0.0,4.4,7.3,0.608,0.596,1.3,2.9,0.45,4.9,6.7,11.6,1.3,0.6,0.3,2.3,1.4,10.1,2020,Playoffs,16.3,0.584,0.019,0.385,17.6,22.6,20.2,7.1,0.9,1.2,20.8,15.8,0.2,0.3,0.5,0.109,0.6,-0.7,-0.1,0.1
steven adams,28.0,MEM,C,7.0,16.3,1.3,3.0,0.429,0.0,0.0,0.0,1.3,3.0,0.429,0.429,0.9,1.6,0.545,2.1,4.3,6.4,2.1,0.1,0.1,0.6,1.7,3.4,2022,Playoffs,12.8,0.464,0.0,0.524,13.1,29.4,20.8,17.6,0.4,0.9,13.4,10.7,0.2,0.2,0.3,0.128,-1.6,0.5,-1.1,0.0
svi mykhailiuk,24.0,TOR,SF,3.0,1.7,0.0,0.7,0.0,0.0,0.7,0.0,0.0,0.0,0.0,0.0,0.3,0.3,1.0,0.0,0.3,0.3,0.0,0.0,0.0,0.0,0.3,0.3,2022,Playoffs,-9.0,0.205,1.0,0.5,0.0,27.3,12.3,0.0,0.0,0.0,0.0,22.6,0.0,0.0,0.0,-0.307,-16.4,-5.0,-21.4,0.0
svi mykhailiuk,26.0,BOS,SF,8.0,4.0,0.4,1.5,0.25,0.3,1.1,0.222,0.1,0.4,0.333,0.333,0.0,0.0,0.0,0.1,0.5,0.6,0.1,0.1,0.0,0.3,0.4,1.0,2024,Playoffs,-0.2,0.333,0.75,0.0,3.7,14.6,9.2,4.3,1.6,0.0,14.3,20.3,-0.1,0.0,-0.1,-0.125,-7.9,-1.6,-9.5,-0.1
tacko fall,24.0,BOS,C,2.0,1.5,0.5,0.5,1.0,0.0,0.0,0.0,0.5,0.5,1.0,1.0,0.5,1.0,0.5,0.0,0.5,0.5,0.0,0.0,0.0,0.0,0.0,1.5,2020,Playoffs,39.8,0.798,0.0,2.0,0.0,36.0,18.7,0.0,0.0,0.0,0.0,28.0,0.0,0.0,0.0,0.364,11.4,1.3,12.7,0.0
taj gibson,28.0,CHI,PF,5.0,30.8,6.4,11.4,0.561,0.0,0.0,0.0,6.4,11.4,0.561,0.561,5.4,7.2,0.75,4.2,2.0,6.2,0.4,0.4,2.4,1.6,2.4,18.2,2014,Playoffs,26.5,0.625,0.0,0.632,15.3,7.8,11.6,2.8,0.7,6.0,9.9,25.3,0.5,0.2,0.7,0.221,5.0,1.4,6.4,0.3
taj gibson,29.0,CHI,PF,12.0,23.0,2.8,6.0,0.472,0.0,0.0,0.0,2.8,6.0,0.472,0.472,1.8,2.5,0.7,2.1,3.4,5.5,1.0,0.3,1.0,0.9,2.1,7.4,2015,Playoffs,14.3,0.522,0.0,0.417,10.1,16.0,13.1,7.3,0.8,3.5,11.4,15.9,0.3,0.4,0.8,0.132,-1.0,0.2,-0.8,0.1
taj gibson,31.0,OKC,PF,5.0,23.6,4.2,7.0,0.6,0.0,0.0,0.0,4.2,7.0,0.6,0.6,1.4,1.6,0.875,0.6,3.0,3.6,0.6,0.2,0.0,1.6,2.6,9.8,2017,Playoffs,10.5,0.636,0.0,0.229,2.6,14.5,8.2,4.1,0.4,0.0,17.2,16.9,0.1,0.0,0.1,0.033,-3.8,-1.4,-5.2,-0.1
taj gibson,32.0,MIN,PF,5.0,24.6,2.8,4.4,0.636,0.0,0.0,0.0,2.8,4.4,0.636,0.636,0.6,0.6,1.0,1.4,2.6,4.0,0.4,0.2,0.4,0.8,1.6,6.2,2018,Playoffs,10.5,0.665,0.0,0.136,6.4,11.1,8.8,2.4,0.4,1.7,14.6,10.1,0.2,0.0,0.1,0.052,-0.9,-0.5,-1.4,0.0
taj gibson,35.0,NYK,C,5.0,27.6,2.4,4.0,0.6,0.0,0.0,0.0,2.4,4.0,0.6,0.6,0.2,0.2,1.0,3.2,3.8,7.0,0.8,1.6,1.0,0.6,2.6,5.0,2021,Playoffs,14.4,0.612,0.0,0.05,11.6,15.5,13.4,4.6,3.0,3.5,12.8,7.5,0.2,0.3,0.5,0.159,-1.5,3.6,2.1,0.1
talen hortontucker,19.0,LAL,SG,2.0,8.5,3.0,6.0,0.5,1.0,2.5,0.4,2.0,3.5,0.571,0.583,0.0,0.0,0.0,0.0,2.5,2.5,0.0,1.0,0.0,0.0,2.0,7.0,2020,Playoffs,25.3,0.583,0.417,0.0,0.0,34.5,17.3,0.0,5.8,0.0,0.0,30.7,0.0,0.0,0.1,0.19,-2.4,7.0,4.7,0.0
talen hortontucker,20.0,LAL,SG,4.0,12.0,2.8,6.0,0.458,0.3,1.3,0.2,2.5,4.8,0.526,0.479,0.8,1.3,0.6,0.5,3.0,3.5,0.5,0.3,0.0,0.8,0.8,6.5,2021,Playoffs,12.9,0.496,0.208,0.208,4.5,29.5,16.5,8.6,1.1,0.0,10.3,27.1,-0.1,0.1,0.0,-0.002,-2.1,0.2,-1.9,0.0
tarik black,26.0,HOU,C,7.0,2.7,0.1,0.6,0.25,0.0,0.0,0.0,0.1,0.6,0.25,0.25,0.0,0.0,0.0,0.3,0.6,0.9,0.3,0.0,0.1,0.1,0.7,0.3,2018,Playoffs,3.4,0.25,0.0,0.0,11.5,23.6,17.5,14.6,0.0,4.6,20.0,11.8,0.0,0.0,0.0,-0.015,-8.1,0.8,-7.3,0.0
taurean prince,22.0,ATL,SF,6.0,31.2,4.8,8.7,0.558,0.7,2.3,0.286,4.2,6.3,0.658,0.596,0.8,0.8,1.0,1.2,4.2,5.3,1.3,0.3,0.2,1.2,1.5,11.2,2017,Playoffs,11.9,0.618,0.269,0.096,4.2,15.0,9.6,6.8,0.5,0.4,11.4,13.9,0.2,0.2,0.4,0.105,-0.6,0.9,0.3,0.1
taurean prince,27.0,MIN,PF,5.0,13.0,2.0,5.4,0.37,0.8,2.8,0.286,1.2,2.6,0.462,0.444,1.2,1.4,0.857,0.2,1.4,1.6,1.2,0.4,0.2,0.8,1.0,6.0,2022,Playoffs,10.4,0.499,0.519,0.259,1.8,11.4,6.8,15.3,1.4,1.3,11.7,22.5,0.0,0.0,0.0,0.0,-0.7,-0.3,-1.0,0.0
taurean prince,28.0,MIN,PF,5.0,20.0,2.4,6.6,0.364,1.6,4.2,0.381,0.8,2.4,0.333,0.485,1.4,1.8,0.778,0.6,0.8,1.4,0.8,0.6,0.2,1.0,1.8,7.8,2023,Playoffs,8.3,0.528,0.636,0.273,3.4,4.8,4.1,6.1,1.5,0.9,11.9,19.4,0.0,0.0,0.0,-0.02,-2.7,-1.3,-4.0,0.0
taurean prince,29.0,LAL,PF,5.0,22.2,2.4,5.8,0.414,1.0,3.4,0.294,1.4,2.4,0.583,0.5,1.6,1.6,1.0,0.2,2.2,2.4,0.6,0.2,0.4,0.2,1.8,7.4,2024,Playoffs,9.5,0.569,0.586,0.276,1.0,10.7,6.0,3.6,0.5,1.5,3.0,14.0,0.1,0.1,0.2,0.07,-2.0,0.6,-1.5,0.0
tayshaun prince,33.0,MEM,SF,7.0,16.1,1.4,3.7,0.385,0.1,0.6,0.25,1.3,3.1,0.409,0.404,0.0,0.0,0.0,0.6,0.9,1.4,0.9,0.1,0.0,0.1,1.1,3.0,2014,Playoffs,5.2,0.404,0.154,0.0,3.8,6.2,5.0,8.4,0.5,0.0,3.7,11.0,0.0,0.0,0.0,-0.001,-3.5,-0.4,-3.9,-0.1
terance mann,23.0,LAC,SF,13.0,2.1,0.2,0.4,0.4,0.0,0.2,0.0,0.2,0.2,0.667,0.4,0.0,0.0,0.0,0.0,0.5,0.5,0.1,0.1,0.0,0.2,0.3,0.3,2020,Playoffs,1.0,0.4,0.4,0.0,0.0,29.3,14.5,4.8,1.8,0.0,28.6,11.4,-0.1,0.0,0.0,-0.06,-8.1,1.3,-6.8,0.0
terance mann,24.0,LAC,SG,19.0,19.9,2.8,5.5,0.519,0.8,1.9,0.432,2.0,3.5,0.567,0.596,1.1,1.5,0.714,0.9,1.8,2.7,0.7,0.5,0.3,0.2,2.2,7.6,2021,Playoffs,14.1,0.619,0.356,0.269,5.3,10.6,8.0,5.5,1.4,1.3,3.3,14.8,0.8,0.2,1.0,0.133,-0.2,0.0,-0.2,0.2
terance mann,26.0,LAC,SG,5.0,26.6,3.8,6.6,0.576,1.8,3.8,0.474,2.0,2.8,0.714,0.712,1.2,1.8,0.667,1.4,1.8,3.2,2.2,0.8,0.2,1.8,3.4,10.6,2023,Playoffs,13.2,0.717,0.576,0.273,5.7,8.4,7.0,11.7,1.5,0.6,19.6,14.5,0.2,0.0,0.2,0.07,0.8,0.7,1.5,0.1
terance mann,27.0,LAC,SG,6.0,31.2,3.2,7.7,0.413,1.7,3.7,0.455,1.5,4.0,0.375,0.522,1.3,1.3,1.0,2.8,2.2,5.0,1.8,0.0,0.0,0.8,3.2,9.3,2024,Playoffs,10.4,0.565,0.478,0.174,10.5,7.8,9.1,9.2,0.0,0.0,9.2,13.3,0.3,0.0,0.3,0.075,0.1,-1.3,-1.2,0.0
terence davis,22.0,TOR,SG,6.0,14.0,2.3,4.8,0.483,1.3,3.2,0.421,1.0,1.7,0.6,0.621,1.2,1.2,1.0,0.3,1.8,2.2,1.2,0.2,0.0,1.0,1.8,7.2,2020,Playoffs,14.0,0.67,0.655,0.241,2.5,14.4,8.3,13.2,0.6,0.0,15.8,20.0,0.1,0.1,0.2,0.14,-0.4,-0.8,-1.2,0.0
terence davis,25.0,SAC,SG,4.0,14.5,2.0,5.0,0.4,1.5,4.3,0.353,0.5,0.8,0.667,0.55,0.5,0.5,1.0,0.5,1.8,2.3,1.5,0.3,0.0,0.5,3.0,6.0,2023,Playoffs,10.2,0.575,0.85,0.1,3.4,12.7,7.9,14.4,0.8,0.0,8.7,15.6,0.1,0.0,0.1,0.114,-0.9,1.6,0.7,0.0
terrance ferguson,19.0,OKC,SG,3.0,2.0,0.3,0.3,1.0,0.3,0.3,1.0,0.0,0.0,0.0,1.5,0.0,0.0,0.0,0.3,0.0,0.3,0.3,0.0,0.0,0.0,0.7,1.0,2018,Playoffs,29.9,1.5,1.0,0.0,17.8,0.0,8.8,27.4,0.0,0.0,0.0,7.3,0.1,0.0,0.1,0.507,11.9,3.2,15.1,0.0
terrance ferguson,20.0,OKC,SG,5.0,25.6,1.8,5.0,0.36,1.4,3.6,0.389,0.4,1.4,0.286,0.5,0.0,0.0,0.0,0.4,2.0,2.4,1.2,0.4,0.0,1.0,3.8,5.0,2019,Playoffs,2.6,0.5,0.72,0.0,1.7,8.6,5.1,6.5,0.8,0.0,16.7,10.0,-0.1,0.0,0.0,-0.01,-5.3,0.5,-4.8,-0.1
terrance ferguson,21.0,OKC,SF,4.0,10.5,0.5,2.8,0.182,0.5,2.5,0.2,0.0,0.3,0.0,0.273,0.0,0.0,0.0,0.3,0.8,1.0,0.3,0.3,0.0,0.3,0.8,1.5,2020,Playoffs,-1.4,0.273,0.909,0.0,2.6,7.2,5.0,3.4,1.1,0.0,8.3,12.3,-0.1,0.0,-0.1,-0.086,-6.8,-0.2,-7.0,-0.1
terrence jones,22.0,HOU,PF,6.0,23.0,3.3,6.5,0.513,0.0,0.2,0.0,3.3,6.3,0.526,0.513,1.0,2.0,0.5,2.8,3.3,6.2,1.3,0.8,0.5,0.3,2.2,7.7,2014,Playoffs,17.9,0.519,0.026,0.308,13.2,16.4,14.7,8.7,1.9,1.8,4.3,14.3,0.3,0.1,0.4,0.14,2.5,0.7,3.2,0.2
terrence jones,23.0,HOU,PF,17.0,23.6,3.9,9.4,0.421,0.2,1.1,0.158,3.8,8.2,0.457,0.431,2.1,3.2,0.667,1.7,3.1,4.8,1.0,0.5,0.7,0.9,1.8,10.2,2015,Playoffs,12.9,0.473,0.119,0.34,7.6,13.3,10.5,6.9,0.9,2.4,8.0,20.7,0.2,0.1,0.3,0.037,-1.2,-1.2,-2.4,0.0
terrence ross,22.0,TOR,SG,7.0,22.6,2.0,6.7,0.298,0.6,3.4,0.167,1.4,3.3,0.435,0.34,0.4,0.7,0.6,0.1,1.9,2.0,0.3,0.9,0.4,1.1,2.7,5.0,2014,Playoffs,0.9,0.356,0.511,0.106,0.8,9.6,5.4,2.1,2.1,1.7,14.0,17.0,-0.5,0.2,-0.3,-0.096,-6.5,-1.2,-7.7,-0.2
terrence ross,23.0,TOR,SF,4.0,26.8,2.8,7.3,0.379,1.5,4.5,0.333,1.3,2.8,0.455,0.483,0.0,0.0,0.0,0.0,1.5,1.5,1.0,0.8,1.0,0.5,2.5,7.0,2015,Playoffs,7.7,0.483,0.621,0.0,0.0,6.8,3.2,5.8,1.4,3.2,6.5,13.0,0.0,0.0,0.0,-0.017,-0.6,-0.5,-1.2,0.0
terrence ross,24.0,TOR,SF,20.0,16.8,2.3,6.0,0.387,1.1,3.2,0.328,1.3,2.8,0.455,0.475,0.7,1.0,0.65,0.2,1.4,1.6,0.6,0.7,0.3,0.8,1.4,6.3,2016,Playoffs,10.0,0.493,0.538,0.168,1.4,10.7,5.7,5.8,2.1,1.3,11.1,19.9,-0.1,0.3,0.2,0.023,-0.4,0.2,-0.2,0.1
terrence ross,27.0,ORL,SG,5.0,29.2,4.0,10.8,0.37,2.4,7.0,0.343,1.6,3.8,0.421,0.481,2.8,3.4,0.824,0.2,3.4,3.6,1.4,1.2,0.4,2.0,2.0,13.2,2019,Playoffs,11.2,0.537,0.648,0.315,0.7,13.7,6.7,9.0,2.1,1.3,14.0,21.7,-0.1,0.1,0.0,0.015,-0.2,1.1,0.9,0.1
terrence ross,28.0,ORL,SG,5.0,27.0,6.0,12.8,0.469,2.0,6.0,0.333,4.0,6.8,0.588,0.547,2.4,2.8,0.857,0.2,4.2,4.4,1.0,0.8,0.2,1.6,2.8,16.4,2020,Playoffs,13.9,0.584,0.469,0.219,0.7,16.8,8.4,6.7,1.4,0.8,10.2,24.7,0.0,0.1,0.1,0.046,-0.6,0.1,-0.4,0.1
terrence ross,31.0,PHO,SG,6.0,11.5,1.3,4.5,0.296,1.0,3.7,0.273,0.3,0.8,0.4,0.407,0.0,0.0,0.0,0.0,1.3,1.3,0.2,0.2,0.3,0.2,1.0,3.7,2023,Playoffs,3.8,0.407,0.815,0.0,0.0,13.3,6.8,1.9,0.7,2.4,3.6,17.8,-0.1,0.0,-0.1,-0.082,-4.3,-2.5,-6.8,-0.1
terry rozier,21.0,BOS,PG,5.0,19.8,1.8,4.6,0.391,0.8,2.2,0.364,1.0,2.4,0.417,0.478,0.4,0.4,1.0,0.6,2.8,3.4,1.2,0.2,0.6,0.4,1.0,4.8,2016,Playoffs,9.6,0.503,0.478,0.087,3.0,15.8,9.0,9.9,0.5,2.7,7.7,11.3,0.0,0.2,0.2,0.096,-0.9,1.6,0.7,0.1
terry rozier,22.0,BOS,PG,17.0,16.3,1.9,4.8,0.402,0.8,2.2,0.368,1.1,2.6,0.432,0.488,0.9,1.2,0.8,0.7,1.9,2.6,1.9,0.6,0.2,0.6,1.2,5.6,2017,Playoffs,13.4,0.529,0.463,0.244,4.9,14.0,9.3,17.1,2.0,1.2,9.9,16.5,0.3,0.2,0.5,0.085,0.0,0.5,0.5,0.2
terry rozier,23.0,BOS,PG,19.0,36.6,5.7,14.0,0.406,2.7,7.7,0.347,3.0,6.3,0.479,0.502,2.4,2.9,0.821,0.4,4.8,5.3,5.7,1.3,0.3,1.2,2.0,16.5,2018,Playoffs,17.3,0.538,0.553,0.211,1.3,15.5,8.2,26.3,1.8,0.8,7.0,20.7,1.3,0.9,2.2,0.149,2.2,2.2,4.5,1.1
terry rozier,24.0,BOS,PG,9.0,18.0,2.1,6.6,0.322,0.9,3.8,0.235,1.2,2.8,0.44,0.39,1.3,1.8,0.75,0.4,3.9,4.3,1.9,0.4,0.2,1.1,1.7,6.4,2019,Playoffs,8.7,0.439,0.576,0.271,2.6,21.1,12.3,16.8,1.2,1.2,13.2,20.7,-0.3,0.3,0.0,0.012,-2.7,1.2,-1.5,0.0
thabo sefolosha,29.0,OKC,SG,15.0,15.7,1.5,3.7,0.418,0.4,1.5,0.261,1.1,2.1,0.531,0.473,0.3,0.3,0.8,0.5,1.6,2.1,0.7,0.7,0.0,0.5,0.7,3.7,2014,Playoffs,9.0,0.49,0.418,0.091,3.5,10.9,7.4,6.6,2.2,0.0,10.9,12.4,0.0,0.2,0.2,0.047,-1.3,1.2,-0.1,0.1
thabo sefolosha,31.0,ATL,SF,10.0,20.3,2.2,4.6,0.478,0.7,1.9,0.368,1.5,2.7,0.556,0.554,0.8,1.5,0.533,0.8,3.3,4.1,1.7,1.0,0.6,1.0,1.7,5.9,2016,Playoffs,13.5,0.561,0.413,0.326,4.4,16.7,10.9,13.0,2.5,2.7,16.0,13.8,0.1,0.3,0.5,0.11,-0.7,2.9,2.2,0.2
thabo sefolosha,32.0,ATL,SF,4.0,2.3,0.0,0.3,0.0,0.0,0.0,0.0,0.0,0.3,0.0,0.0,0.3,1.0,0.25,0.0,0.0,0.0,0.0,0.0,0.0,0.0,0.3,0.3,2017,Playoffs,-8.0,0.181,0.0,4.0,0.0,0.0,0.0,0.0,0.0,0.0,0.0,13.0,0.0,0.0,0.0,-0.189,-11.0,-3.5,-14.4,0.0
thabo sefolosha,34.0,UTA,SF,4.0,10.5,0.5,3.5,0.143,0.3,2.0,0.125,0.3,1.5,0.167,0.179,0.0,0.0,0.0,0.3,1.8,2.0,0.5,0.0,0.0,0.3,0.8,1.3,2019,Playoffs,-4.7,0.179,0.571,0.0,2.4,18.2,10.0,7.1,0.0,0.0,6.7,15.3,-0.2,0.0,-0.2,-0.189,-8.8,-2.3,-11.1,-0.1
thaddeus young,26.0,BRK,PF,6.0,31.7,4.8,11.0,0.439,0.0,0.7,0.0,4.8,10.3,0.468,0.439,0.8,2.0,0.417,2.8,4.3,7.2,2.7,0.8,0.2,2.3,2.5,10.5,2015,Playoffs,10.5,0.442,0.061,0.182,9.7,14.8,12.3,14.3,1.3,0.5,16.4,20.5,-0.2,0.1,0.0,-0.012,-2.1,-1.0,-3.1,-0.1
thaddeus young,28.0,IND,PF,4.0,35.0,5.3,9.8,0.538,0.3,1.0,0.25,5.0,8.8,0.571,0.551,1.3,2.5,0.5,5.5,3.5,9.0,2.5,2.0,0.3,1.5,2.8,12.0,2017,Playoffs,18.0,0.553,0.103,0.256,18.2,11.9,15.1,10.3,2.9,0.7,12.1,15.4,0.3,0.0,0.3,0.113,1.6,0.6,2.2,0.1
thaddeus young,29.0,IND,PF,7.0,33.9,5.1,8.6,0.6,0.3,1.0,0.286,4.9,7.6,0.642,0.617,0.7,1.9,0.385,3.1,4.6,7.7,1.4,1.7,0.9,1.0,3.1,11.3,2018,Playoffs,17.9,0.601,0.117,0.217,11.8,15.8,13.9,6.5,2.7,2.8,9.6,14.5,0.5,0.4,0.9,0.188,1.1,2.9,4.0,0.4
thaddeus young,30.0,IND,PF,4.0,32.5,4.5,10.5,0.429,0.5,2.0,0.25,4.0,8.5,0.471,0.452,1.0,1.8,0.571,2.3,4.8,7.0,3.8,2.8,0.8,1.3,2.5,10.5,2019,Playoffs,16.5,0.466,0.19,0.167,6.9,17.6,11.7,20.6,4.3,2.2,10.0,17.8,0.0,0.3,0.3,0.112,0.1,4.2,4.3,0.2
thaddeus young,33.0,TOR,PF,6.0,14.5,1.5,3.0,0.5,0.2,1.2,0.143,1.3,1.8,0.727,0.528,0.2,0.7,0.25,1.2,1.8,3.0,1.7,0.8,0.2,0.5,1.3,3.3,2022,Playoffs,14.3,0.506,0.389,0.222,9.0,17.2,12.7,16.9,3.0,1.3,13.2,12.1,0.1,0.0,0.1,0.067,-0.6,2.3,1.7,0.1
thanasis antetokounmpo,28.0,MIL,SF,13.0,3.5,0.2,0.5,0.286,0.0,0.0,0.0,0.2,0.5,0.286,0.286,0.4,0.5,0.833,0.2,0.5,0.8,0.2,0.4,0.2,0.2,0.9,0.7,2021,Playoffs,10.0,0.467,0.0,0.857,7.0,17.0,11.9,8.1,5.5,4.1,23.7,12.0,0.0,0.1,0.1,0.116,-7.5,6.4,-1.1,0.0
thanasis antetokounmpo,29.0,MIL,SF,8.0,2.5,0.3,0.4,0.667,0.0,0.0,0.0,0.3,0.4,0.667,0.667,0.1,0.4,0.333,0.1,0.4,0.5,0.1,0.1,0.0,0.0,0.5,0.6,2022,Playoffs,11.2,0.579,0.0,1.0,5.3,14.8,10.2,7.1,2.4,0.0,0.0,9.4,0.0,0.0,0.1,0.178,-3.9,3.2,-0.7,0.0
thanasis antetokounmpo,30.0,MIL,PF,2.0,2.5,0.0,0.0,0.0,0.0,0.0,0.0,0.0,0.0,0.0,0.0,0.0,0.0,0.0,0.0,0.0,0.0,0.0,0.0,0.0,0.0,0.0,0.0,2023,Playoffs,0.0,0.0,,,0.0,0.0,0.0,0.0,0.0,0.0,0.0,0.0,0.0,0.0,0.0,-0.017,-5.2,-2.3,-7.5,0.0
thanasis antetokounmpo,31.0,MIL,PF,2.0,2.5,0.0,0.0,0.0,0.0,0.0,0.0,0.0,0.0,0.0,0.0,0.0,0.0,0.0,0.0,0.0,0.0,0.0,0.5,0.5,0.0,0.5,0.0,2024,Playoffs,15.7,0.0,,,0.0,0.0,0.0,0.0,10.3,19.7,0.0,0.0,0.0,0.0,0.0,0.18,-3.6,15.8,12.1,0.0
theo pinson,23.0,BRK,SG,3.0,7.3,1.0,2.7,0.375,1.0,2.3,0.429,0.0,0.3,0.0,0.563,0.0,0.0,0.0,0.0,1.0,1.0,1.0,0.7,0.0,0.3,0.0,3.0,2019,Playoffs,16.5,0.563,0.875,0.0,0.0,15.2,7.0,20.5,4.2,0.0,11.1,16.7,0.0,0.0,0.0,0.089,2.9,2.5,5.4,0.0
thomas bryant,26.0,MIA,C,2.0,9.0,2.5,3.5,0.714,0.0,1.0,0.0,2.5,2.5,1.0,0.714,1.0,1.5,0.667,1.0,1.5,2.5,0.5,0.0,0.0,1.0,0.5,6.0,2024,Playoffs,23.4,0.721,0.286,0.429,12.6,20.2,16.3,12.0,0.0,0.0,19.4,28.1,0.0,0.0,0.0,0.107,3.9,0.5,4.4,0.0
thomas robinson,22.0,POR,PF,11.0,11.1,1.2,2.8,0.419,0.0,0.0,0.0,1.2,2.8,0.419,0.419,0.5,0.6,0.857,0.9,1.6,2.5,0.5,0.5,0.5,0.5,2.1,2.9,2014,Playoffs,10.9,0.469,0.0,0.226,9.0,15.8,12.4,7.3,2.1,3.0,12.8,14.1,0.0,0.1,0.1,0.052,-2.5,2.0,-0.5,0.0
thon maker,19.0,MIL,C,6.0,19.3,2.0,5.2,0.387,0.3,1.7,0.2,1.7,3.5,0.476,0.419,1.5,1.8,0.818,1.3,1.8,3.2,2.0,0.8,1.8,1.3,3.0,5.8,2017,Playoffs,13.6,0.488,0.323,0.355,7.7,12.3,9.8,16.6,2.3,9.1,18.2,18.0,0.0,0.3,0.2,0.1,-2.7,4.5,1.8,0.1
thon maker,20.0,MIL,C,6.0,21.7,1.8,4.7,0.393,1.0,3.3,0.3,0.8,1.3,0.625,0.5,0.8,1.2,0.714,1.0,2.8,3.8,0.8,0.3,1.8,0.7,2.8,5.5,2018,Playoffs,11.2,0.531,0.714,0.25,5.9,14.6,10.5,5.4,0.8,7.6,11.4,13.1,0.1,0.2,0.2,0.081,-1.7,0.7,-1.1,0.0
thon maker,21.0,DET,PF,4.0,17.3,1.8,6.5,0.269,0.0,3.0,0.0,1.8,3.5,0.5,0.269,2.0,2.3,0.889,1.0,1.3,2.3,1.0,0.0,1.0,0.8,3.5,5.5,2019,Playoffs,3.5,0.367,0.462,0.346,5.1,8.4,6.6,8.5,0.0,5.3,9.1,20.1,-0.2,0.0,-0.2,-0.136,-7.8,-1.6,-9.4,-0.1
tiago splitter,29.0,SAS,C,23.0,22.4,2.7,4.3,0.61,0.0,0.0,0.0,2.7,4.3,0.616,0.61,2.2,3.1,0.718,2.0,4.1,6.1,2.0,0.7,0.5,0.8,2.3,7.5,2014,Playoffs,19.1,0.659,0.01,0.71,10.5,21.0,15.9,12.6,1.6,1.7,12.1,13.4,1.7,0.9,2.6,0.239,2.0,3.1,5.1,0.9
tiago splitter,30.0,SAS,C,7.0,17.6,1.3,3.4,0.375,0.0,0.0,0.0,1.3,3.4,0.375,0.375,0.9,2.7,0.316,1.9,2.6,4.4,1.3,0.6,0.1,1.0,2.4,3.4,2015,Playoffs,7.0,0.371,0.0,0.792,10.9,16.1,13.4,10.3,1.7,0.6,17.8,14.4,-0.1,0.1,0.0,-0.004,-4.2,0.0,-4.2,-0.1
tim duncan,37.0,SAS,C,23.0,32.7,6.5,12.4,0.523,0.0,0.1,0.0,6.5,12.3,0.527,0.523,3.3,4.3,0.76,2.8,6.3,9.2,2.0,0.3,1.3,1.1,2.3,16.3,2014,Playoffs,21.1,0.568,0.007,0.351,10.4,22.2,16.4,9.6,0.5,3.1,7.3,21.9,2.0,1.2,3.2,0.204,2.5,0.7,3.1,1.0
tim duncan,38.0,SAS,C,7.0,35.7,7.6,12.9,0.589,0.0,0.1,0.0,7.6,12.7,0.596,0.589,2.7,4.9,0.559,2.7,8.4,11.1,3.3,1.3,1.4,1.0,3.7,17.9,2015,Playoffs,24.2,0.595,0.011,0.378,7.9,26.0,16.6,16.0,1.8,3.1,6.3,20.1,0.8,0.4,1.2,0.229,3.9,3.5,7.5,0.6
tim duncan,39.0,SAS,C,10.0,21.8,2.2,5.2,0.423,0.0,0.0,0.0,2.2,5.2,0.423,0.423,1.5,2.1,0.714,1.0,3.8,4.8,1.4,0.2,1.3,1.0,1.8,5.9,2016,Playoffs,11.6,0.482,0.0,0.404,5.6,19.0,12.7,9.1,0.5,4.7,14.0,15.2,0.0,0.4,0.4,0.083,-2.4,1.8,-0.6,0.1
tim frazier,24.0,POR,PG,2.0,1.5,0.0,0.5,0.0,0.0,0.0,0.0,0.0,0.5,0.0,0.0,0.0,0.0,0.0,0.0,0.0,0.0,0.0,0.0,0.0,0.5,0.0,0.0,2015,Playoffs,-32.1,0.0,0.0,0.0,0.0,0.0,0.0,0.0,0.0,0.0,50.0,30.6,-0.1,0.0,-0.1,-0.889,-19.8,-10.8,-30.5,0.0
tim frazier,27.0,WAS,PG,2.0,3.0,0.0,0.5,0.0,0.0,0.0,0.0,0.0,0.5,0.0,0.0,0.0,0.0,0.0,0.0,0.5,0.5,1.5,0.5,0.0,0.0,1.0,0.0,2018,Playoffs,15.1,0.0,0.0,0.0,0.0,19.8,9.9,60.5,8.2,0.0,0.0,7.3,0.0,0.0,0.0,0.136,-4.2,9.6,5.4,0.0
tim frazier,28.0,MIL,PG,11.0,3.6,0.7,1.2,0.615,0.3,0.5,0.5,0.5,0.6,0.714,0.731,0.2,0.2,1.0,0.0,0.8,0.8,0.9,0.1,0.0,0.3,0.5,1.9,2019,Playoffs,22.9,0.756,0.462,0.154,0.0,21.8,11.3,40.5,1.2,0.0,17.8,18.2,0.2,0.1,0.2,0.284,2.5,4.1,6.6,0.1
tim hardaway,23.0,ATL,SG,9.0,9.7,0.8,2.9,0.269,0.2,1.6,0.143,0.6,1.3,0.417,0.308,0.4,0.7,0.667,0.0,1.0,1.0,0.8,0.0,0.1,0.3,0.2,2.2,2016,Playoffs,3.1,0.349,0.538,0.231,0.0,10.6,5.6,11.9,0.0,1.0,9.5,16.3,-0.2,0.0,-0.1,-0.078,-5.3,-2.3,-7.5,-0.1
tim hardaway,24.0,ATL,SG,6.0,33.3,4.5,13.7,0.329,1.8,7.0,0.262,2.7,6.7,0.4,0.396,2.0,3.2,0.632,0.5,2.2,2.7,1.2,0.5,0.0,1.7,2.2,12.8,2017,Playoffs,3.8,0.426,0.512,0.232,1.7,7.3,4.5,5.4,0.7,0.0,10.0,21.3,-0.4,0.2,-0.2,-0.052,-4.4,-2.6,-7.0,-0.3
tim hardaway,27.0,DAL,SG,6.0,34.0,6.7,15.8,0.421,3.2,9.0,0.352,3.5,6.8,0.512,0.521,1.3,1.8,0.727,0.5,3.0,3.5,1.8,0.3,0.0,0.5,2.7,17.8,2020,Playoffs,12.5,0.536,0.568,0.116,1.6,9.8,5.6,8.1,0.5,0.0,2.9,21.7,0.2,-0.1,0.0,0.007,0.8,-2.7,-1.8,0.0
tim hardaway,28.0,DAL,SG,7.0,37.4,6.0,14.4,0.416,3.3,8.1,0.404,2.7,6.3,0.432,0.53,1.7,2.3,0.75,0.7,2.6,3.3,1.4,0.4,0.0,0.9,2.4,17.0,2021,Playoffs,11.1,0.551,0.564,0.158,2.1,8.4,5.1,5.8,0.6,0.0,5.3,19.7,0.2,-0.1,0.2,0.028,0.3,-2.3,-1.9,0.0
tim hardaway,31.0,DAL,SF,14.0,12.7,1.6,4.1,0.379,0.9,2.6,0.351,0.6,1.5,0.429,0.491,0.3,0.6,0.5,0.1,1.6,1.8,0.4,0.4,0.1,0.1,0.7,4.4,2024,Playoffs,9.1,0.496,0.638,0.138,1.3,14.7,8.0,4.1,1.5,0.5,3.1,16.2,0.0,0.2,0.2,0.056,-2.1,0.4,-1.7,0.0
tim quarterman,22.0,POR,SG,2.0,3.5,0.5,1.0,0.5,0.5,1.0,0.5,0.0,0.0,0.0,0.75,0.0,0.0,0.0,0.0,0.0,0.0,0.5,0.0,0.0,0.0,0.5,1.5,2017,Playoffs,14.6,0.75,1.0,0.0,0.0,0.0,0.0,23.9,0.0,0.0,0.0,11.9,0.0,0.0,0.0,0.184,4.0,-0.1,3.9,0.0
timofey mozgov,28.0,CLE,C,20.0,26.5,3.7,7.4,0.5,0.0,0.0,0.0,3.7,7.4,0.5,0.5,3.2,4.1,0.79,2.9,4.5,7.3,0.7,0.4,1.8,1.9,2.9,10.6,2015,Playoffs,17.9,0.577,0.0,0.547,12.0,18.2,15.2,4.3,0.8,5.8,16.8,18.9,0.9,0.8,1.7,0.156,-0.2,0.8,0.6,0.3
timofey mozgov,29.0,CLE,C,13.0,5.8,0.5,1.2,0.4,0.0,0.0,0.0,0.5,1.2,0.4,0.4,0.2,0.3,0.75,0.4,1.2,1.6,0.2,0.2,0.2,0.6,1.2,1.2,2016,Playoffs,4.7,0.447,0.0,0.267,7.9,24.5,16.3,3.7,2.1,3.8,32.3,15.1,-0.2,0.1,0.0,-0.023,-8.4,0.8,-7.6,-0.1
timotha luwawucabarrot,24.0,BRK,SF,4.0,32.8,5.0,14.8,0.339,3.3,9.8,0.333,1.8,5.0,0.35,0.449,2.8,3.0,0.917,0.3,3.5,3.8,1.5,0.8,0.0,2.0,3.5,16.0,2020,Playoffs,6.5,0.498,0.661,0.203,0.7,11.6,5.8,7.6,1.1,0.0,11.1,22.7,-0.2,-0.1,-0.3,-0.093,-2.4,-2.2,-4.6,-0.1
timotha luwawucabarrot,25.0,BRK,SF,7.0,3.6,0.4,1.4,0.3,0.3,0.9,0.333,0.1,0.6,0.25,0.4,0.0,0.0,0.0,0.0,0.4,0.4,0.3,0.0,0.0,0.1,0.1,1.1,2021,Playoffs,3.1,0.4,0.6,0.0,0.0,12.7,6.6,11.1,0.0,0.0,9.1,20.0,-0.1,0.0,0.0,-0.07,-3.6,-2.0,-5.7,0.0
timotha luwawucabarrot,26.0,ATL,SF,4.0,5.5,0.5,1.0,0.5,0.3,0.8,0.333,0.3,0.3,1.0,0.625,0.0,0.0,0.0,0.0,0.8,0.8,0.5,0.0,0.0,0.3,1.5,1.3,2022,Playoffs,3.9,0.625,0.75,0.0,0.0,16.8,8.2,14.5,0.0,0.0,20.0,10.5,0.0,0.0,0.0,0.037,-5.5,1.0,-4.5,0.0
tj leaf,23.0,POR,PF,3.0,2.3,1.0,1.3,0.75,0.0,0.0,0.0,1.0,1.3,0.75,0.75,0.0,0.0,0.0,0.7,0.3,1.0,0.0,0.0,0.0,0.0,0.0,2.0,2021,Playoffs,41.6,0.75,0.0,0.0,33.8,16.1,24.8,0.0,0.0,0.0,0.0,25.8,0.1,0.0,0.0,0.332,13.2,-2.5,10.6,0.0
tj mcconnell,25.0,PHI,PG,10.0,15.5,2.5,3.6,0.694,0.2,0.3,0.667,2.3,3.3,0.697,0.722,0.3,0.5,0.6,0.6,2.0,2.6,2.3,0.6,0.0,0.6,1.3,5.5,2018,Playoffs,17.8,0.72,0.083,0.139,4.1,14.0,9.0,23.3,1.9,0.0,13.6,12.0,0.4,0.2,0.6,0.194,1.7,2.7,4.4,0.3
tj mcconnell,26.0,PHI,PG,9.0,8.3,1.3,3.0,0.444,0.0,0.0,0.0,1.3,3.0,0.444,0.444,0.0,0.0,0.0,0.1,0.6,0.7,1.2,0.2,0.1,0.1,0.4,2.7,2019,Playoffs,11.3,0.444,0.0,0.0,1.5,6.9,4.3,22.2,1.3,1.2,3.6,15.9,0.0,0.1,0.1,0.072,-2.3,-0.7,-3.0,0.0
tj mcconnell,27.0,IND,PG,3.0,9.3,1.0,2.7,0.375,0.0,0.0,0.0,1.0,2.7,0.375,0.375,0.3,0.7,0.5,0.0,2.0,2.0,2.3,0.0,0.0,0.7,1.3,2.3,2020,Playoffs,6.4,0.394,0.0,0.25,0.0,25.7,12.5,38.3,0.0,0.0,18.4,17.9,0.0,0.0,0.0,-0.056,-6.2,-2.9,-9.1,-0.1
tj mcconnell,31.0,IND,PG,17.0,20.5,5.3,10.9,0.486,0.4,1.5,0.269,4.9,9.4,0.522,0.505,0.8,0.9,0.867,0.6,2.4,3.1,5.1,0.9,0.1,1.2,1.5,11.8,2024,Playoffs,20.0,0.522,0.141,0.081,3.8,13.6,8.8,37.3,2.2,0.5,9.9,27.6,0.6,0.2,0.8,0.104,2.2,-0.5,1.7,0.3
tj warren,26.0,IND,SF,4.0,39.0,8.0,17.0,0.471,1.8,4.8,0.368,6.3,12.3,0.51,0.522,2.3,2.3,1.0,1.3,5.0,6.3,3.0,2.3,0.3,2.8,4.0,20.0,2020,Playoffs,15.1,0.556,0.279,0.132,3.7,15.4,9.4,13.9,2.9,0.6,13.3,24.4,0.0,0.1,0.1,0.025,-0.4,0.0,-0.4,0.1
tj warren,29.0,PHO,SF,6.0,13.5,1.0,3.2,0.316,0.2,1.2,0.143,0.8,2.0,0.417,0.342,0.5,0.7,0.75,0.3,0.8,1.2,0.5,0.2,0.5,0.2,0.8,2.7,2023,Playoffs,4.6,0.385,0.368,0.211,2.9,7.1,5.0,4.5,0.6,3.1,4.6,11.8,-0.1,0.0,-0.1,-0.044,-3.9,-0.6,-4.5,-0.1
tj warren,30.0,MIN,SF,3.0,3.7,0.0,0.7,0.0,0.0,0.3,0.0,0.0,0.3,0.0,0.0,0.0,0.0,0.0,0.7,0.3,1.0,0.3,0.0,0.0,0.0,0.0,0.0,2024,Playoffs,4.1,0.0,0.5,0.0,21.6,10.8,16.2,11.3,0.0,0.0,0.0,8.3,0.0,0.0,0.0,-0.033,-2.0,-2.7,-4.6,0.0
tobias harris,23.0,DET,PF,4.0,39.0,5.3,11.5,0.457,1.0,3.0,0.333,4.3,8.5,0.5,0.5,3.0,3.3,0.923,1.5,8.0,9.5,3.0,0.8,0.8,1.5,2.8,14.5,2016,Playoffs,16.5,0.561,0.261,0.283,4.9,24.2,14.8,12.5,1.1,1.9,10.4,18.6,0.3,0.0,0.2,0.071,1.1,0.3,1.4,0.1
tobias harris,26.0,PHI,PF,12.0,36.9,5.9,13.9,0.425,1.8,5.3,0.349,4.1,8.7,0.471,0.491,1.8,2.2,0.846,1.0,8.2,9.2,4.0,1.1,0.5,1.7,2.5,15.5,2019,Playoffs,14.5,0.521,0.377,0.156,3.1,22.8,13.5,16.4,1.4,1.2,10.1,19.0,0.4,0.7,1.0,0.111,1.2,1.3,2.5,0.5
tobias harris,27.0,PHI,PF,4.0,37.3,5.8,15.0,0.383,0.5,3.8,0.133,5.3,11.3,0.467,0.4,3.8,4.8,0.789,3.5,6.0,9.5,4.0,0.5,0.3,1.3,2.8,15.8,2020,Playoffs,14.7,0.461,0.25,0.317,9.9,17.8,13.7,19.9,0.7,0.6,6.8,21.5,0.1,0.0,0.1,0.043,1.5,-1.0,0.5,0.1
tobias harris,28.0,PHI,PF,12.0,36.5,8.8,17.9,0.488,1.3,3.6,0.372,7.4,14.3,0.517,0.526,2.9,3.3,0.875,0.8,7.7,8.5,3.5,1.0,0.4,1.5,2.4,21.8,2021,Playoffs,17.8,0.561,0.2,0.186,2.6,22.3,12.8,14.9,1.3,0.9,7.2,24.6,0.5,0.7,1.2,0.135,1.6,0.7,2.3,0.5
tobias harris,29.0,PHI,PF,12.0,38.8,6.8,13.5,0.5,1.8,4.8,0.386,4.9,8.8,0.562,0.568,1.6,1.8,0.864,0.8,6.8,7.6,2.9,1.1,0.8,1.5,2.9,16.9,2022,Playoffs,16.2,0.591,0.352,0.136,2.8,20.4,12.0,13.0,1.5,2.0,9.5,19.1,0.7,0.5,1.2,0.122,1.6,1.4,3.0,0.6
tobias harris,30.0,PHI,SF,11.0,35.6,6.4,12.2,0.522,1.4,3.7,0.366,5.0,8.5,0.591,0.578,1.2,1.4,0.867,1.5,5.7,7.3,1.6,0.6,0.5,0.7,2.5,15.3,2023,Playoffs,16.1,0.597,0.306,0.112,4.9,19.2,11.9,7.9,0.9,1.7,5.4,17.5,0.7,0.4,1.1,0.131,1.0,0.3,1.4,0.3
tobias harris,31.0,PHI,PF,6.0,36.3,3.7,8.5,0.431,1.0,3.0,0.333,2.7,5.5,0.485,0.49,0.7,0.7,1.0,1.5,5.7,7.2,1.5,0.2,0.5,0.5,1.8,9.0,2024,Playoffs,9.0,0.512,0.353,0.078,4.8,16.9,11.1,6.3,0.2,1.2,5.4,11.8,0.1,0.1,0.2,0.051,-1.5,-1.4,-2.9,-0.1
tomaa satoranska½,25.0,WAS,SG,10.0,3.6,0.3,0.6,0.5,0.0,0.0,0.0,0.3,0.6,0.5,0.5,0.2,0.5,0.4,0.1,0.4,0.5,0.6,0.1,0.0,0.2,0.4,0.8,2017,Playoffs,8.6,0.488,0.0,0.833,3.2,12.9,8.0,22.4,1.4,0.0,19.6,12.2,0.0,0.0,0.0,0.04,-3.5,0.8,-2.7,0.0
tomaa satoranska½,26.0,WAS,SG,6.0,10.0,0.3,2.2,0.154,0.0,0.5,0.0,0.3,1.7,0.2,0.154,0.5,0.7,0.75,0.8,0.7,1.5,0.5,0.0,0.0,0.5,0.7,1.2,2018,Playoffs,-0.8,0.237,0.231,0.308,10.0,7.9,8.9,6.3,0.0,0.0,16.9,13.0,-0.2,0.0,-0.2,-0.14,-6.9,-5.1,-12.0,-0.2
toney douglas,27.0,MIA,PG,10.0,2.9,0.3,0.9,0.333,0.3,0.6,0.5,0.0,0.3,0.0,0.5,0.1,0.2,0.5,0.1,0.3,0.4,0.5,0.0,0.0,0.1,0.3,1.0,2014,Playoffs,12.9,0.506,0.667,0.222,4.8,13.3,9.2,27.2,0.0,0.0,9.2,19.2,0.1,0.0,0.1,0.096,3.9,-1.1,2.8,0.0
tony allen,32.0,MEM,SG,7.0,32.9,5.0,10.3,0.486,0.0,1.0,0.0,5.0,9.3,0.538,0.486,2.3,3.0,0.762,3.3,4.4,7.7,1.4,1.7,0.1,1.7,3.3,12.3,2014,Playoffs,15.6,0.529,0.097,0.292,10.7,15.8,13.1,7.6,2.8,0.4,12.9,18.6,0.2,0.3,0.5,0.097,-0.1,2.2,2.1,0.2
tony allen,33.0,MEM,SG,10.0,27.9,2.8,5.7,0.491,0.1,0.7,0.143,2.7,5.0,0.54,0.5,0.9,1.2,0.75,1.4,3.8,5.2,1.5,2.4,1.1,1.3,2.7,6.6,2015,Playoffs,14.2,0.53,0.123,0.211,5.4,15.3,10.3,8.3,4.5,3.6,17.3,12.3,0.1,0.6,0.6,0.111,-1.2,5.1,3.9,0.4
tony allen,34.0,MEM,SG,4.0,23.5,2.5,8.3,0.303,0.3,1.8,0.143,2.3,6.5,0.346,0.318,2.3,3.3,0.692,1.5,1.3,2.8,0.8,1.3,0.5,1.5,2.8,7.5,2016,Playoffs,6.7,0.387,0.212,0.394,6.4,7.2,6.8,5.7,2.9,1.9,13.4,21.9,-0.2,0.0,-0.2,-0.103,-4.1,-0.7,-4.8,-0.1
tony bradley,22.0,UTA,C,6.0,8.0,0.3,1.5,0.222,0.0,0.0,0.0,0.3,1.5,0.222,0.222,0.8,1.2,0.714,1.7,2.2,3.8,0.2,0.3,0.3,0.7,0.7,1.5,2020,Playoffs,12.8,0.373,0.0,0.778,24.9,31.1,28.1,2.7,2.2,4.0,24.9,15.7,0.0,0.1,0.0,0.031,-3.7,-3.3,-7.0,-0.1
tony bradley,24.0,CHI,C,2.0,4.0,2.5,2.5,1.0,0.0,0.0,0.0,2.5,2.5,1.0,1.0,0.0,0.0,0.0,0.0,2.0,2.0,0.5,0.0,0.0,0.0,0.0,5.0,2022,Playoffs,58.6,1.0,0.0,0.0,0.0,54.5,25.1,93.8,0.0,0.0,0.0,27.4,0.1,0.0,0.1,0.513,25.5,10.6,36.1,0.1
tony parker,31.0,SAS,PG,23.0,31.3,7.3,15.0,0.486,0.6,1.5,0.371,6.7,13.5,0.498,0.504,2.2,3.0,0.729,0.2,1.7,2.0,4.8,0.7,0.1,2.7,1.6,17.4,2014,Playoffs,15.8,0.531,0.101,0.202,0.8,6.4,3.7,26.1,1.1,0.2,14.1,28.3,0.3,0.7,1.1,0.071,0.2,-1.6,-1.4,0.1
tony parker,32.0,SAS,PG,7.0,30.0,4.7,13.0,0.363,0.0,1.3,0.0,4.7,11.7,0.402,0.363,1.4,2.4,0.588,0.6,2.7,3.3,3.6,0.3,0.0,1.6,2.0,10.9,2015,Playoffs,6.5,0.386,0.099,0.187,2.0,10.0,5.8,18.9,0.5,0.0,10.0,23.4,-0.4,0.1,-0.3,-0.067,-5.0,-2.3,-7.4,-0.3
tony parker,33.0,SAS,PG,10.0,26.4,4.4,9.8,0.449,0.4,1.6,0.25,4.0,8.2,0.488,0.469,1.2,1.4,0.857,0.1,2.1,2.2,5.3,0.6,0.2,1.8,1.5,10.4,2016,Playoffs,14.3,0.499,0.163,0.143,0.5,8.7,4.8,31.4,1.2,0.6,14.7,21.5,0.2,0.3,0.4,0.08,-0.4,-0.3,-0.7,0.1
tony parker,34.0,SAS,PG,8.0,26.4,6.4,12.1,0.526,1.4,2.4,0.579,5.0,9.8,0.513,0.582,1.8,1.8,1.0,0.3,2.3,2.5,3.1,0.5,0.0,1.5,1.3,15.9,2017,Playoffs,19.5,0.616,0.196,0.144,1.1,10.3,5.5,20.4,1.0,0.0,10.4,24.2,0.5,0.1,0.6,0.139,3.4,0.1,3.4,0.3
tony parker,35.0,SAS,PG,5.0,13.4,2.8,7.4,0.378,0.0,1.0,0.0,2.8,6.4,0.438,0.378,1.0,1.4,0.714,0.0,0.8,0.8,1.2,0.4,0.0,0.8,0.4,6.6,2018,Playoffs,7.8,0.412,0.135,0.189,0.0,7.2,3.4,17.5,1.5,0.0,9.1,30.1,-0.2,0.0,-0.2,-0.151,-4.1,-2.4,-6.5,-0.1
tony snell,22.0,CHI,SG,5.0,9.2,0.4,1.8,0.222,0.0,1.0,0.0,0.4,0.8,0.5,0.222,0.0,0.0,0.0,0.0,1.2,1.2,0.4,0.2,0.2,0.2,1.0,0.8,2014,Playoffs,-0.3,0.222,0.556,0.0,0.0,15.6,7.5,6.9,1.2,1.7,10.0,10.5,-0.1,0.1,-0.1,-0.073,-8.1,1.0,-7.1,-0.1
tony snell,23.0,CHI,SF,11.0,12.7,1.4,4.0,0.341,0.8,2.5,0.333,0.5,1.5,0.353,0.443,0.4,0.4,1.0,0.1,1.5,1.5,0.5,0.0,0.3,0.5,1.2,3.9,2015,Playoffs,6.3,0.47,0.614,0.091,0.8,12.3,6.7,7.0,0.0,1.7,9.9,16.5,0.0,0.1,0.1,0.032,-3.0,-1.1,-4.1,-0.1
tony snell,25.0,MIL,SG,6.0,30.8,3.7,7.3,0.5,2.7,5.2,0.516,1.0,2.2,0.462,0.682,0.0,0.0,0.0,0.3,2.0,2.3,1.5,0.2,0.2,0.3,2.8,10.0,2017,Playoffs,10.8,0.682,0.705,0.0,1.2,8.4,4.6,8.0,0.3,0.5,4.3,11.9,0.3,0.2,0.5,0.14,1.2,0.4,1.5,0.2
tony snell,26.0,MIL,SG,7.0,19.1,1.0,3.4,0.292,0.7,3.0,0.238,0.3,0.4,0.667,0.396,0.0,0.0,0.0,0.1,1.7,1.9,0.6,0.4,0.6,0.4,1.4,2.7,2018,Playoffs,3.5,0.396,0.875,0.0,1.0,10.0,5.8,4.0,1.2,2.7,11.1,9.8,-0.2,0.1,-0.1,-0.025,-3.3,-1.0,-4.3,-0.1
tony snell,27.0,MIL,SF,9.0,3.1,0.2,0.7,0.333,0.1,0.2,0.5,0.1,0.4,0.25,0.417,0.0,0.0,0.0,0.2,0.1,0.3,0.0,0.1,0.1,0.1,0.3,0.6,2019,Playoffs,4.6,0.417,0.333,0.0,7.4,3.5,5.4,0.0,1.7,3.2,14.3,10.8,0.0,0.0,0.0,0.033,-4.2,0.6,-3.6,0.0
tony snell,29.0,ATL,SG,9.0,7.3,0.2,1.8,0.125,0.1,1.2,0.091,0.1,0.6,0.2,0.156,0.0,0.0,0.0,0.0,0.6,0.6,0.2,0.2,0.1,0.4,0.6,0.6,2021,Playoffs,-5.7,0.156,0.688,0.0,0.0,8.2,4.1,3.9,1.5,1.3,20.0,13.4,-0.3,0.1,-0.3,-0.2,-9.4,-2.3,-11.7,-0.2
torrey craig,28.0,DEN,SF,14.0,23.6,2.4,4.9,0.478,1.2,2.6,0.472,1.1,2.4,0.485,0.601,0.6,1.1,0.563,1.5,3.6,5.1,0.9,0.5,0.4,0.4,2.7,6.6,2019,Playoffs,12.2,0.605,0.522,0.232,6.6,16.5,11.5,5.1,1.1,1.2,7.3,11.1,0.6,0.2,0.8,0.113,-0.9,0.9,0.0,0.2
torrey craig,29.0,DEN,SF,19.0,19.7,1.7,4.1,0.423,0.6,2.2,0.262,1.2,1.9,0.611,0.494,0.5,0.7,0.692,0.7,2.6,3.3,0.7,0.4,0.4,0.5,2.3,4.5,2020,Playoffs,7.4,0.514,0.538,0.167,4.2,15.4,9.8,4.8,1.0,1.8,9.7,11.3,0.1,0.2,0.3,0.033,-3.0,-0.2,-3.2,-0.1
torrey craig,30.0,PHO,SF,22.0,12.1,1.5,3.4,0.427,0.7,1.7,0.405,0.8,1.7,0.447,0.527,0.4,0.6,0.615,0.9,2.0,2.9,0.4,0.0,0.4,0.5,1.5,4.0,2021,Playoffs,10.0,0.539,0.493,0.173,8.4,17.4,13.2,4.6,0.2,2.8,11.0,15.6,0.1,0.4,0.4,0.081,-1.8,-0.8,-2.6,0.0
torrey craig,31.0,PHO,SF,9.0,7.7,0.9,2.4,0.364,0.3,1.1,0.3,0.6,1.3,0.417,0.432,0.1,0.2,0.5,0.6,1.1,1.7,0.6,0.4,0.2,0.4,0.7,2.2,2022,Playoffs,10.7,0.437,0.455,0.091,8.9,16.7,12.9,9.8,3.0,2.8,14.9,17.9,-0.1,0.1,0.0,0.0,-1.2,1.4,0.3,0.0
torrey craig,32.0,PHO,PF,11.0,16.6,2.4,4.1,0.578,1.0,2.3,0.44,1.4,1.8,0.75,0.7,0.7,0.8,0.889,0.6,1.6,2.3,0.5,0.5,0.2,0.3,2.1,6.5,2023,Playoffs,14.1,0.725,0.556,0.2,4.6,11.2,8.0,4.3,1.3,0.9,5.8,12.5,0.5,0.0,0.5,0.131,1.0,0.9,1.8,0.2
trae young,22.0,ATL,PG,16.0,37.7,9.4,22.4,0.418,2.8,9.0,0.313,6.6,13.4,0.488,0.481,7.3,8.4,0.866,0.4,2.4,2.8,9.5,1.3,0.0,4.0,2.2,28.8,2021,Playoffs,21.2,0.551,0.401,0.373,1.3,6.8,4.1,44.8,1.6,0.0,13.3,35.4,0.8,0.6,1.4,0.114,6.8,-0.5,6.3,1.3
trae young,23.0,ATL,PG,5.0,37.2,4.4,13.8,0.319,1.4,7.6,0.184,3.0,6.2,0.484,0.37,5.2,6.6,0.788,1.0,4.0,5.0,6.0,0.6,0.0,6.2,2.6,15.4,2022,Playoffs,5.3,0.461,0.551,0.478,3.2,13.2,8.1,27.0,0.8,0.0,27.1,28.3,-0.6,0.1,-0.5,-0.139,-4.0,-4.1,-8.1,-0.3
trae young,24.0,ATL,PG,6.0,38.3,10.0,24.8,0.403,3.0,9.0,0.333,7.0,15.8,0.442,0.463,6.2,7.2,0.86,0.8,2.8,3.7,10.2,1.7,0.7,4.0,1.8,29.2,2023,Playoffs,21.1,0.521,0.362,0.289,2.2,8.8,5.2,40.4,2.1,1.6,12.5,34.3,0.3,0.0,0.3,0.066,4.7,-1.1,3.6,0.3
tremont waters,23.0,BOS,PG,3.0,2.0,0.3,1.3,0.25,0.0,0.7,0.0,0.3,0.7,0.5,0.25,0.7,1.0,0.667,0.0,0.0,0.0,0.7,0.3,0.0,0.7,0.0,1.3,2021,Playoffs,5.4,0.376,0.5,0.75,0.0,0.0,0.0,52.6,8.3,0.0,27.3,51.7,-0.1,0.0,-0.1,-0.46,-6.1,-3.0,-9.1,0.0
trent forrest,22.0,UTA,PG,4.0,2.5,0.5,1.0,0.5,0.0,0.0,0.0,0.5,1.0,0.5,0.5,0.0,0.0,0.0,0.0,0.0,0.0,0.0,0.0,0.0,0.0,0.0,1.0,2021,Playoffs,7.9,0.5,0.0,0.0,0.0,0.0,0.0,0.0,0.0,0.0,0.0,17.7,0.0,0.0,0.0,-0.046,-2.7,-4.2,-6.9,0.0
treveon graham,25.0,BRK,SG,5.0,15.8,0.4,2.0,0.2,0.0,1.4,0.0,0.4,0.6,0.667,0.2,0.6,1.2,0.5,0.4,1.6,2.0,0.6,0.6,0.2,0.6,2.0,1.4,2019,Playoffs,0.7,0.277,0.7,0.6,2.4,11.3,6.5,4.9,1.8,0.9,19.2,8.1,-0.1,0.0,-0.1,-0.082,-7.3,-0.4,-7.7,-0.1
trevor ariza,28.0,WAS,SF,11.0,37.0,4.7,9.8,0.481,2.3,5.1,0.446,2.5,4.7,0.519,0.597,1.9,2.5,0.778,1.9,7.0,8.9,1.7,1.5,0.4,1.3,2.4,13.6,2014,Playoffs,17.6,0.626,0.519,0.25,6.0,22.0,13.9,8.0,2.3,0.8,10.5,15.5,0.8,0.9,1.7,0.202,3.3,1.9,5.2,0.7
trevor ariza,29.0,HOU,SF,17.0,38.5,4.4,10.4,0.426,2.1,5.6,0.375,2.3,4.7,0.488,0.528,2.2,2.5,0.905,1.1,5.4,6.4,2.6,1.8,0.1,1.4,3.0,13.2,2015,Playoffs,12.9,0.576,0.545,0.239,2.9,14.2,8.6,10.1,2.2,0.2,10.6,13.9,1.0,0.4,1.3,0.098,0.2,1.6,1.7,0.6
trevor ariza,30.0,HOU,SF,5.0,36.2,2.6,10.2,0.255,0.8,5.6,0.143,1.8,4.6,0.391,0.294,0.6,0.8,0.75,1.4,2.8,4.2,0.8,2.6,0.2,2.4,3.2,6.6,2016,Playoffs,1.8,0.313,0.549,0.078,3.9,8.7,6.1,3.6,3.5,0.5,18.5,14.7,-0.5,0.1,-0.4,-0.116,-6.1,-0.5,-6.6,-0.2
trevor ariza,31.0,HOU,SF,11.0,37.5,3.7,8.8,0.423,2.1,5.5,0.377,1.6,3.3,0.5,0.541,1.2,1.3,0.929,0.7,4.4,5.1,2.1,1.3,0.2,0.8,2.3,10.7,2017,Playoffs,10.5,0.572,0.629,0.144,2.1,12.2,7.3,8.3,1.7,0.4,8.0,11.9,0.4,0.4,0.9,0.101,0.3,0.7,1.0,0.3
trevor ariza,32.0,HOU,SF,17.0,34.2,2.9,8.2,0.36,1.5,5.4,0.286,1.4,2.8,0.5,0.453,1.4,1.8,0.742,0.5,3.3,3.8,1.3,1.1,0.1,0.6,2.6,8.8,2018,Playoffs,7.6,0.488,0.655,0.223,1.7,10.8,6.2,5.5,1.6,0.3,6.1,12.5,0.1,0.5,0.6,0.049,-2.5,0.5,-2.1,0.0
trevor ariza,35.0,MIA,SF,4.0,24.0,1.8,5.8,0.304,1.3,4.3,0.294,0.5,1.5,0.333,0.413,0.0,0.0,0.0,0.5,5.3,5.8,0.5,0.8,0.3,0.8,2.8,4.8,2021,Playoffs,4.0,0.413,0.739,0.0,1.9,22.2,11.7,3.2,1.5,1.0,11.5,11.9,-0.2,0.1,-0.1,-0.031,-5.7,1.0,-4.7,-0.1
trevor booker,26.0,WAS,PF,9.0,16.2,1.4,3.2,0.448,0.0,0.2,0.0,1.4,3.0,0.481,0.448,0.4,0.7,0.667,1.8,2.6,4.3,0.9,0.2,1.0,0.3,2.8,3.3,2014,Playoffs,12.6,0.474,0.069,0.207,12.6,18.3,15.5,8.8,0.7,5.0,8.7,11.2,0.1,0.3,0.5,0.152,-1.5,1.1,-0.4,0.1
trevor booker,30.0,IND,PF,7.0,9.1,0.9,1.4,0.6,0.0,0.1,0.0,0.9,1.3,0.667,0.6,0.9,1.0,0.857,0.7,1.9,2.6,0.0,0.1,0.1,0.1,1.7,2.6,2018,Playoffs,13.3,0.688,0.1,0.7,9.9,23.8,17.2,0.0,0.8,1.7,7.1,10.4,0.2,0.1,0.3,0.206,-2.4,0.8,-1.6,0.0
trey burke,24.0,WAS,PG,3.0,6.7,0.0,1.3,0.0,0.0,0.7,0.0,0.0,0.7,0.0,0.0,0.0,0.0,0.0,0.0,0.0,0.0,1.7,0.0,0.0,0.0,0.7,0.0,2017,Playoffs,-1.6,0.0,0.5,0.0,0.0,0.0,0.0,30.2,0.0,0.0,0.0,8.6,0.0,0.0,0.0,-0.108,-6.9,-3.1,-10.0,0.0
trey burke,27.0,DAL,PG,6.0,26.0,5.0,9.8,0.508,1.3,2.8,0.471,3.7,7.0,0.524,0.576,1.0,1.7,0.6,0.3,2.8,3.2,2.0,1.3,0.3,1.0,2.3,12.3,2020,Playoffs,15.6,0.584,0.288,0.169,1.4,12.0,6.6,11.5,2.4,1.1,8.6,19.1,0.2,0.0,0.2,0.05,-0.6,0.8,0.2,0.1
trey burke,28.0,DAL,PG,2.0,8.5,0.0,3.5,0.0,0.0,1.5,0.0,0.0,2.0,0.0,0.0,0.5,1.0,0.5,0.5,0.0,0.5,0.5,0.0,0.0,0.0,0.5,0.5,2021,Playoffs,-12.6,0.063,0.429,0.286,6.5,0.0,3.4,7.2,0.0,0.0,0.0,21.0,-0.1,0.0,-0.1,-0.417,-11.9,-6.8,-18.7,-0.1
trey burke,29.0,DAL,PG,10.0,3.7,1.1,2.2,0.5,0.4,1.0,0.4,0.7,1.2,0.583,0.591,0.6,0.6,1.0,0.0,0.3,0.3,0.4,0.1,0.0,0.1,0.3,3.2,2022,Playoffs,29.6,0.649,0.455,0.273,0.0,9.7,4.8,23.6,1.4,0.0,3.9,32.8,0.2,0.0,0.2,0.246,7.3,1.8,9.0,0.1
trey lyles,21.0,UTA,PF,2.0,5.0,1.5,3.5,0.429,0.5,1.5,0.333,1.0,2.0,0.5,0.5,0.0,0.0,0.0,0.0,1.0,1.0,0.5,0.5,0.0,0.5,0.5,3.5,2017,Playoffs,17.9,0.5,0.429,0.0,0.0,24.1,12.0,22.6,5.2,0.0,12.5,38.1,0.0,0.0,0.0,-0.052,2.3,3.9,6.3,0.0
trey lyles,23.0,DEN,PF,3.0,2.7,0.0,1.0,0.0,0.0,0.3,0.0,0.0,0.7,0.0,0.0,0.0,0.0,0.0,0.3,0.0,0.3,0.7,0.0,0.0,0.0,0.3,0.0,2019,Playoffs,-4.4,0.0,0.333,0.0,12.9,0.0,6.6,30.9,0.0,0.0,0.0,16.8,0.0,0.0,0.0,-0.237,-6.6,-4.1,-10.7,0.0
trey lyles,27.0,SAC,PF,7.0,16.9,2.4,5.7,0.425,1.3,3.9,0.333,1.1,1.9,0.615,0.538,0.4,0.7,0.6,1.3,4.4,5.7,0.7,0.3,0.0,0.4,1.7,6.6,2023,Playoffs,12.6,0.545,0.675,0.125,7.6,27.6,17.3,6.0,0.8,0.0,6.6,15.2,0.1,0.1,0.3,0.114,0.4,-0.1,0.3,0.1
trey murphy,21.0,NOP,SF,6.0,20.0,1.5,3.7,0.409,1.5,3.2,0.474,0.0,0.5,0.0,0.614,0.7,0.8,0.8,0.5,2.0,2.5,0.5,0.5,0.2,0.2,1.5,5.2,2022,Playoffs,10.2,0.64,0.864,0.227,2.8,12.6,7.4,3.4,1.3,0.7,4.0,9.0,0.2,0.0,0.2,0.09,0.5,0.1,0.5,0.1
trey murphy,23.0,NOP,SF,4.0,42.0,4.5,12.0,0.375,2.5,7.5,0.333,2.0,4.5,0.444,0.479,0.0,0.0,0.0,0.8,5.8,6.5,2.3,1.3,1.5,2.0,3.0,11.5,2024,Playoffs,7.7,0.479,0.625,0.0,1.8,16.1,8.4,9.1,1.5,3.6,14.3,14.6,-0.2,0.2,0.0,0.008,-1.9,1.5,-0.4,0.1
tristan thompson,23.0,CLE,PF,20.0,36.4,3.6,6.5,0.558,0.0,0.0,0.0,3.6,6.5,0.558,0.558,2.4,4.1,0.585,4.4,6.4,10.8,0.5,0.3,1.2,0.8,2.5,9.6,2015,Playoffs,15.4,0.582,0.0,0.636,13.5,19.1,16.3,2.0,0.4,2.8,8.3,11.2,1.7,0.9,2.5,0.167,0.9,-0.6,0.2,0.4
tristan thompson,24.0,CLE,PF,21.0,29.6,2.3,4.4,0.527,0.0,0.0,0.0,2.3,4.4,0.527,0.527,2.0,3.5,0.575,4.1,4.9,9.0,0.7,0.4,0.9,0.8,2.6,6.7,2016,Playoffs,14.2,0.559,0.0,0.785,16.6,19.1,17.8,3.4,0.7,2.8,12.0,10.6,1.4,0.6,2.0,0.155,0.0,-1.1,-1.1,0.1
tristan thompson,25.0,CLE,C,18.0,31.2,3.0,5.1,0.587,0.0,0.0,0.0,3.0,5.1,0.587,0.587,2.2,3.3,0.667,3.8,4.5,8.3,1.4,0.5,0.7,1.2,2.0,8.2,2017,Playoffs,14.5,0.625,0.0,0.652,15.1,16.0,15.5,6.1,0.8,1.9,15.1,11.1,1.3,0.4,1.8,0.15,0.7,-0.9,-0.1,0.3
tristan thompson,26.0,CLE,C,19.0,21.9,2.6,4.4,0.59,0.0,0.1,0.0,2.6,4.3,0.598,0.59,1.1,1.4,0.741,2.3,3.6,5.9,0.6,0.1,0.4,0.6,1.4,6.2,2018,Playoffs,15.0,0.622,0.012,0.325,12.3,19.9,16.0,4.1,0.3,1.8,10.4,11.8,0.9,0.2,1.2,0.135,1.0,-1.2,-0.2,0.2
tristan thompson,29.0,BOS,C,5.0,26.4,4.0,6.8,0.588,0.0,0.0,0.0,4.0,6.8,0.588,0.588,2.4,3.4,0.706,5.8,4.0,9.8,1.0,0.8,1.2,1.0,2.4,10.4,2021,Playoffs,22.6,0.627,0.0,0.5,24.1,18.6,21.5,5.8,1.5,4.3,10.8,14.9,0.4,0.0,0.4,0.14,2.3,-0.9,1.4,0.1
tristan thompson,30.0,CHI,C,5.0,7.6,0.4,1.0,0.4,0.0,0.0,0.0,0.4,1.0,0.4,0.4,0.0,0.0,0.0,0.4,1.2,1.6,0.4,0.2,0.0,1.0,0.8,0.8,2022,Playoffs,-0.6,0.4,0.0,0.0,4.9,17.2,10.5,7.5,1.3,0.0,50.0,11.5,-0.1,0.0,-0.1,-0.115,-9.8,-0.1,-9.9,-0.1
tristan thompson,31.0,LAL,C,6.0,5.3,0.8,1.8,0.455,0.0,0.0,0.0,0.8,1.8,0.455,0.455,0.2,0.8,0.2,0.7,1.0,1.7,0.3,0.0,0.0,0.2,0.2,1.8,2023,Playoffs,10.3,0.417,0.0,0.455,14.1,18.8,16.6,9.0,0.0,0.0,7.0,19.5,0.0,0.0,0.0,0.003,-3.8,-3.0,-6.8,0.0
tristan thompson,32.0,CLE,C,10.0,8.7,0.7,1.6,0.438,0.0,0.0,0.0,0.7,1.6,0.438,0.438,0.1,0.2,0.5,1.0,1.0,2.0,1.0,0.1,0.5,0.2,0.9,1.5,2024,Playoffs,12.5,0.444,0.0,0.125,13.4,13.1,13.2,16.4,0.6,5.8,10.6,10.1,0.1,0.1,0.2,0.106,-1.4,1.9,0.5,0.1
troy brown,22.0,CHI,SF,3.0,12.3,1.7,5.7,0.294,0.7,3.7,0.182,1.0,2.0,0.5,0.353,0.0,0.0,0.0,0.3,2.3,2.7,1.0,0.7,0.0,1.0,0.7,4.0,2022,Playoffs,3.6,0.353,0.647,0.0,2.5,20.6,10.8,13.0,2.6,0.0,15.0,23.7,-0.2,0.1,-0.1,-0.157,-6.2,-0.8,-7.0,0.0
troy brown,23.0,LAL,SF,12.0,10.3,0.8,2.3,0.357,0.2,1.3,0.133,0.7,1.1,0.615,0.393,0.0,0.0,0.0,0.3,1.7,2.0,0.9,0.2,0.1,0.0,0.3,1.8,2023,Playoffs,7.8,0.393,0.536,0.0,3.6,16.2,10.3,11.5,0.8,0.7,0.0,9.9,0.0,0.1,0.1,0.05,-2.5,1.1,-1.4,0.0
troy daniels,22.0,HOU,SG,4.0,17.0,2.3,4.3,0.529,2.0,3.8,0.533,0.3,0.5,0.5,0.765,1.3,1.3,1.0,0.8,1.5,2.3,0.3,0.5,0.0,0.5,2.5,7.8,2014,Playoffs,17.5,0.807,0.882,0.294,4.7,10.0,7.3,2.2,1.5,0.0,9.4,13.3,0.3,0.0,0.3,0.209,3.8,1.2,5.0,0.1
troy daniels,24.0,CHO,SG,4.0,4.5,0.3,2.0,0.125,0.0,0.8,0.0,0.3,1.3,0.2,0.125,0.0,0.0,0.0,0.0,0.5,0.5,0.0,0.0,0.0,0.0,0.5,0.5,2016,Playoffs,-11.7,0.125,0.375,0.0,0.0,13.6,6.3,0.0,0.0,0.0,0.0,21.2,-0.2,0.0,-0.1,-0.395,-13.1,-7.1,-20.2,-0.1
troy daniels,25.0,MEM,SG,6.0,11.3,0.5,1.5,0.333,0.5,1.5,0.333,0.0,0.0,0.0,0.5,0.0,0.0,0.0,0.2,0.7,0.8,0.3,0.3,0.0,0.3,0.2,1.5,2017,Playoffs,4.7,0.5,1.0,0.0,1.9,7.6,4.8,4.4,1.6,0.0,18.2,8.1,0.0,0.0,0.0,-0.033,-1.5,-1.2,-2.7,0.0
troy daniels,28.0,DEN,SG,6.0,5.0,1.0,2.0,0.5,0.5,1.0,0.5,0.5,1.0,0.5,0.625,0.2,0.3,0.5,0.2,0.3,0.5,0.3,0.0,0.0,0.0,0.3,2.7,2020,Playoffs,17.7,0.621,0.5,0.167,4.0,7.9,6.0,11.0,0.0,0.0,0.0,19.6,0.1,0.0,0.1,0.141,3.6,-1.7,2.0,0.0
troy williams,22.0,HOU,SF,5.0,3.8,0.0,1.8,0.0,0.0,1.0,0.0,0.0,0.8,0.0,0.0,0.2,0.4,0.5,0.4,1.0,1.4,0.2,0.0,0.0,0.4,0.0,0.2,2017,Playoffs,-14.2,0.051,0.556,0.222,11.7,27.7,19.9,6.8,0.0,0.0,16.8,27.5,-0.2,0.0,-0.2,-0.514,-15.3,-9.5,-24.9,-0.1
ty lawson,28.0,IND,PG,7.0,10.6,0.9,2.6,0.333,0.0,0.4,0.0,0.9,2.1,0.4,0.333,0.6,0.9,0.667,0.1,0.9,1.0,1.4,0.4,0.0,0.9,1.1,2.3,2016,Playoffs,5.0,0.388,0.167,0.333,1.7,8.7,5.4,22.3,2.2,0.0,22.5,17.3,-0.1,0.1,-0.1,-0.045,-6.5,-0.6,-7.0,-0.1
ty lawson,30.0,WAS,PG,5.0,19.2,1.8,5.2,0.346,1.0,1.6,0.625,0.8,3.6,0.222,0.442,1.2,1.2,1.0,0.4,2.2,2.6,3.0,0.6,0.0,0.6,1.2,5.8,2018,Playoffs,12.1,0.506,0.308,0.231,2.5,13.6,8.1,21.3,1.5,0.0,9.5,14.5,0.1,0.0,0.2,0.076,-1.8,-1.5,-3.3,0.0
tyler hansbrough,28.0,TOR,PF,3.0,9.7,0.3,1.0,0.333,0.0,0.0,0.0,0.3,1.0,0.333,0.333,1.7,2.0,0.833,0.7,1.3,2.0,0.3,0.0,0.0,0.7,2.7,2.3,2014,Playoffs,5.2,0.621,0.0,2.0,8.7,16.1,12.6,5.3,0.0,0.0,26.2,12.4,0.0,0.0,0.0,0.07,-6.7,-0.4,-7.1,0.0
tyler hansbrough,29.0,TOR,PF,4.0,12.0,0.3,1.3,0.2,0.0,0.0,0.0,0.3,1.3,0.2,0.2,0.8,1.0,0.75,0.3,1.3,1.5,0.8,0.5,0.3,0.5,2.0,1.3,2015,Playoffs,3.5,0.37,0.0,0.8,2.2,12.6,7.1,8.6,2.1,1.8,22.8,8.2,0.0,0.0,0.0,-0.042,-5.3,0.8,-4.5,0.0
tyler hansbrough,30.0,CHO,PF,2.0,3.0,0.0,0.0,0.0,0.0,0.0,0.0,0.0,0.0,0.0,0.0,0.0,0.0,0.0,0.0,0.0,0.0,0.0,0.0,0.0,0.0,0.0,0.0,2016,Playoffs,0.0,0.0,,,0.0,0.0,0.0,0.0,0.0,0.0,0.0,0.0,0.0,0.0,0.0,-0.011,-3.0,-3.5,-6.5,0.0
tyler herro,20.0,MIA,SG,21.0,33.6,5.7,13.2,0.433,2.3,6.1,0.375,3.4,7.1,0.483,0.52,2.2,2.6,0.87,0.3,4.8,5.1,3.7,0.4,0.1,2.0,1.5,16.0,2020,Playoffs,12.9,0.557,0.462,0.195,1.2,15.8,8.7,17.9,0.6,0.3,12.3,22.0,0.3,0.5,0.8,0.053,0.6,-0.8,-0.2,0.3
tyler herro,21.0,MIA,SG,4.0,23.3,3.0,9.5,0.316,1.5,4.8,0.316,1.5,4.8,0.316,0.395,1.8,1.8,1.0,0.3,3.0,3.3,1.8,0.3,0.3,0.8,0.5,9.3,2021,Playoffs,7.9,0.45,0.5,0.184,1.0,13.1,6.8,12.8,0.5,1.0,6.8,20.8,-0.1,0.0,-0.1,-0.05,-0.8,-1.3,-2.2,0.0
tyler herro,22.0,MIA,SG,15.0,25.4,4.9,12.1,0.409,1.1,4.7,0.229,3.9,7.4,0.523,0.453,1.7,1.8,0.926,0.5,3.4,3.9,2.8,0.6,0.4,1.8,1.4,12.6,2022,Playoffs,12.6,0.49,0.387,0.149,2.1,16.3,9.0,18.5,1.2,1.7,12.3,25.7,-0.3,0.5,0.2,0.03,-0.5,-0.5,-1.0,0.1
tyler herro,24.0,MIA,SG,5.0,37.0,6.0,15.6,0.385,3.0,8.6,0.349,3.0,7.0,0.429,0.481,1.8,2.0,0.9,0.0,3.6,3.6,5.4,0.4,0.0,2.8,2.0,16.8,2024,Playoffs,10.2,0.51,0.551,0.128,0.0,11.8,5.7,25.2,0.6,0.0,14.5,25.5,-0.3,0.0,-0.2,-0.059,-0.6,-0.8,-1.4,0.0
tyler johnson,23.0,MIA,SG,5.0,12.2,1.0,2.2,0.455,0.6,1.2,0.5,0.4,1.0,0.4,0.591,1.6,2.2,0.727,0.4,1.0,1.4,1.6,0.2,0.0,0.4,1.6,4.2,2016,Playoffs,15.8,0.663,0.545,1.0,4.1,9.2,6.8,19.6,0.9,0.0,11.2,13.9,0.2,0.1,0.3,0.23,2.2,1.0,3.2,0.1
tyler johnson,25.0,MIA,PG,5.0,16.2,2.8,5.2,0.538,1.2,2.0,0.6,1.6,3.2,0.5,0.654,1.2,1.4,0.857,0.2,1.4,1.6,0.8,0.4,0.0,0.4,2.8,8.0,2018,Playoffs,14.4,0.688,0.385,0.269,1.3,9.3,5.2,8.4,1.2,0.0,6.4,16.5,0.2,0.0,0.2,0.122,0.7,0.0,0.7,0.1
tyler johnson,27.0,BRK,SG,4.0,23.3,5.3,11.5,0.457,2.8,7.0,0.393,2.5,4.5,0.556,0.576,0.5,0.5,1.0,0.0,1.8,1.8,2.3,0.0,0.3,0.8,2.8,13.8,2020,Playoffs,13.1,0.587,0.609,0.043,0.0,8.2,3.8,18.3,0.0,1.0,6.0,22.1,0.1,-0.1,0.0,0.006,1.9,-1.5,0.3,0.1
tyler johnson,28.0,BRK,SG,8.0,8.6,0.8,2.1,0.353,0.4,1.4,0.273,0.4,0.8,0.5,0.441,0.3,0.3,1.0,0.3,0.5,0.8,0.6,0.3,0.0,0.1,1.1,2.1,2021,Playoffs,6.6,0.475,0.647,0.118,3.3,6.1,4.8,9.6,1.4,0.0,5.3,12.4,0.0,0.1,0.1,0.067,-2.9,-1.0,-3.9,0.0
tyler zeller,25.0,BOS,C,4.0,22.5,3.8,7.3,0.517,0.0,0.0,0.0,3.8,7.3,0.517,0.517,1.0,1.3,0.8,0.5,4.0,4.5,0.5,0.5,0.3,1.0,1.3,8.5,2015,Playoffs,12.5,0.545,0.0,0.172,2.4,20.0,10.9,4.0,1.1,1.1,11.4,17.5,0.0,0.0,0.1,0.033,-0.3,-0.1,-0.4,0.0
tyler zeller,26.0,BOS,C,3.0,12.7,2.3,5.0,0.467,0.0,0.0,0.0,2.3,5.0,0.467,0.467,1.3,2.0,0.667,1.3,3.7,5.0,0.7,0.0,0.7,0.7,0.3,6.0,2016,Playoffs,18.8,0.51,0.0,0.4,10.3,32.2,20.6,10.1,0.0,4.7,10.2,22.3,0.0,0.1,0.1,0.13,2.9,1.1,4.0,0.1
tyler zeller,27.0,BOS,C,11.0,7.1,1.2,2.3,0.52,0.0,0.0,0.0,1.2,2.3,0.52,0.52,0.5,0.7,0.75,0.7,1.0,1.7,0.7,0.0,0.2,0.4,0.6,2.9,2017,Playoffs,15.8,0.561,0.0,0.32,11.6,17.1,14.3,16.3,0.0,2.2,12.3,18.9,0.1,0.0,0.2,0.099,-0.2,-1.0,-1.2,0.0
tyler zeller,28.0,MIL,C,7.0,9.4,0.6,0.7,0.8,0.0,0.0,0.0,0.6,0.7,0.8,0.8,0.4,0.6,0.75,0.3,1.7,2.0,0.4,0.6,0.4,0.1,1.6,1.6,2018,Playoffs,13.4,0.814,0.0,0.8,3.9,20.3,12.6,6.1,3.2,4.1,12.9,5.7,0.1,0.1,0.3,0.183,-1.6,2.5,0.8,0.0
tyreke evans,25.0,NOP,SG,4.0,31.3,3.5,10.8,0.326,0.5,2.8,0.182,3.0,8.0,0.375,0.349,2.5,4.3,0.588,0.8,4.3,5.0,5.0,1.3,0.3,1.5,2.5,10.0,2015,Playoffs,10.8,0.396,0.256,0.395,2.7,14.8,8.9,24.3,2.1,0.7,10.6,20.7,-0.1,0.0,-0.1,-0.038,-1.5,-1.2,-2.7,0.0
tyreke evans,29.0,IND,SG,4.0,21.0,5.3,12.0,0.438,2.8,5.0,0.55,2.5,7.0,0.357,0.552,2.0,3.5,0.571,0.0,4.3,4.3,0.8,0.8,0.3,1.5,2.0,15.3,2019,Playoffs,17.7,0.563,0.417,0.292,0.0,24.4,11.0,8.0,1.8,1.1,10.0,33.1,-0.1,0.1,0.1,0.046,2.4,1.1,3.5,0.1
tyrese haliburton,23.0,IND,PG,15.0,34.8,7.0,14.3,0.488,3.5,9.3,0.379,3.5,5.0,0.693,0.612,1.1,1.3,0.85,0.8,4.0,4.8,8.2,1.3,0.7,2.1,0.9,18.7,2024,Playoffs,22.0,0.626,0.651,0.093,2.8,13.2,8.1,32.7,1.9,1.8,12.2,22.1,1.6,0.3,1.8,0.169,6.4,-0.3,6.2,1.1
tyrese maxey,20.0,PHI,SG,12.0,13.0,2.4,5.5,0.439,0.3,1.0,0.333,2.1,4.5,0.463,0.47,1.2,1.8,0.636,0.1,1.8,1.8,1.3,0.3,0.5,0.4,1.3,6.3,2021,Playoffs,12.7,0.502,0.182,0.333,0.7,14.3,7.7,14.7,0.9,3.1,6.2,22.3,0.0,0.2,0.2,0.074,-2.0,0.8,-1.2,0.0
tyrese maxey,21.0,PHI,PG,12.0,40.4,7.3,15.2,0.484,2.2,5.8,0.377,5.2,9.4,0.549,0.555,3.9,4.2,0.94,0.5,3.0,3.5,3.9,0.8,0.2,1.8,2.0,20.8,2022,Playoffs,16.9,0.61,0.379,0.275,1.6,8.7,5.3,17.0,1.0,0.4,9.3,21.8,1.1,0.2,1.3,0.132,2.4,-0.3,2.1,0.5
tyrese maxey,22.0,PHI,SG,11.0,38.5,7.5,17.5,0.427,3.1,7.7,0.4,4.4,9.7,0.449,0.516,2.5,2.8,0.903,0.8,4.0,4.8,2.3,1.4,0.5,0.7,2.4,20.5,2023,Playoffs,16.8,0.55,0.443,0.161,2.4,12.4,7.3,10.5,1.9,1.3,3.7,23.4,0.6,0.4,1.0,0.117,1.9,0.4,2.2,0.5
tyrese maxey,23.0,PHI,PG,6.0,44.5,11.0,23.0,0.478,3.7,9.2,0.4,7.3,13.8,0.53,0.558,4.2,4.7,0.893,0.2,5.0,5.2,6.8,0.8,0.3,2.2,2.7,29.8,2024,Playoffs,20.7,0.595,0.399,0.203,0.4,12.2,6.5,30.1,1.0,0.6,8.0,28.2,0.8,0.1,0.9,0.155,5.2,-0.2,5.0,0.5
tyrone wallace,24.0,LAC,PG,2.0,5.5,0.5,2.0,0.25,0.0,0.0,0.0,0.5,2.0,0.25,0.25,1.0,1.5,0.667,0.0,0.5,0.5,1.5,0.0,0.0,0.5,1.0,2.0,2019,Playoffs,4.3,0.376,0.0,0.75,0.0,10.8,5.1,36.9,0.0,0.0,15.8,23.9,0.0,0.0,0.0,-0.146,-5.6,-0.8,-6.4,0.0
tyson chandler,32.0,DAL,C,5.0,32.0,3.8,5.8,0.655,0.0,0.0,0.0,3.8,5.8,0.655,0.655,2.6,5.2,0.5,5.4,5.4,10.8,0.2,0.6,1.2,1.0,3.2,10.2,2015,Playoffs,17.3,0.631,0.0,0.897,16.7,18.0,17.3,0.8,0.9,3.0,11.0,11.6,0.4,0.0,0.5,0.146,2.2,-1.8,0.4,0.1
tyus jones,21.0,MIN,PG,4.0,13.8,0.5,1.8,0.286,0.0,0.5,0.0,0.5,1.3,0.4,0.286,0.0,0.0,0.0,0.0,2.3,2.3,2.0,0.3,0.0,0.3,0.0,1.0,2018,Playoffs,6.1,0.286,0.286,0.0,0.0,17.2,8.9,19.3,0.9,0.0,12.5,6.6,0.0,0.0,0.0,-0.021,-4.1,0.4,-3.7,0.0
tyus jones,24.0,MEM,PG,5.0,9.4,1.2,3.4,0.353,0.2,0.8,0.25,1.0,2.6,0.385,0.382,0.4,0.4,1.0,0.2,1.2,1.4,1.2,0.2,0.0,0.0,0.2,3.0,2021,Playoffs,10.4,0.419,0.235,0.118,2.2,15.4,8.2,16.1,1.0,0.0,0.0,16.0,0.0,0.0,0.0,-0.011,-2.1,-1.0,-3.2,0.0
tyus jones,25.0,MEM,PG,12.0,21.8,3.3,8.3,0.394,1.5,3.8,0.4,1.8,4.5,0.389,0.485,1.2,1.3,0.933,0.3,2.9,3.3,4.5,1.2,0.2,1.1,0.7,9.2,2022,Playoffs,16.2,0.521,0.455,0.152,1.5,14.9,7.8,30.3,2.5,0.7,11.0,18.5,0.4,0.4,0.7,0.134,1.1,1.9,3.0,0.3
tyus jones,26.0,MEM,PG,6.0,20.0,1.8,6.0,0.306,0.5,3.2,0.158,1.3,2.8,0.471,0.347,0.3,0.5,0.667,0.5,2.5,3.0,3.7,1.3,0.0,1.3,0.8,4.5,2023,Playoffs,7.9,0.362,0.528,0.083,2.4,13.7,7.6,26.4,3.2,0.0,17.7,15.8,-0.2,0.2,0.0,-0.013,-4.5,2.2,-2.3,0.0
udonis haslem,33.0,MIA,PF,16.0,10.6,1.1,2.3,0.459,0.0,0.0,0.0,1.1,2.3,0.459,0.459,0.4,0.6,0.6,0.8,1.8,2.6,0.3,0.1,0.2,0.1,1.8,2.5,2014,Playoffs,9.8,0.483,0.0,0.27,9.8,22.1,16.2,3.7,0.3,1.7,2.4,12.8,0.2,0.1,0.3,0.084,-2.4,-1.4,-3.8,-0.1
udonis haslem,35.0,MIA,PF,9.0,9.4,0.9,1.7,0.533,0.0,0.0,0.0,0.9,1.7,0.533,0.533,0.6,0.8,0.714,1.2,2.2,3.4,0.4,0.0,0.1,0.8,1.4,2.3,2016,Playoffs,11.4,0.581,0.0,0.467,16.1,26.5,21.5,7.2,0.0,0.9,27.9,14.1,0.1,0.1,0.2,0.112,-2.4,0.6,-1.9,0.0
udonis haslem,42.0,MIA,C,2.0,1.5,0.0,1.5,0.0,0.0,0.5,0.0,0.0,1.0,0.0,0.0,0.0,0.0,0.0,0.0,0.5,0.5,0.0,0.0,0.0,0.0,0.0,0.0,2023,Playoffs,-36.0,0.0,0.333,0.0,0.0,38.8,19.0,0.0,0.0,0.0,0.0,45.0,-0.1,0.0,-0.1,-1.055,-33.2,-18.0,-51.1,0.0
victor claver,25.0,POR,SF,2.0,3.5,0.0,0.0,0.0,0.0,0.0,0.0,0.0,0.0,0.0,0.0,0.0,2.0,0.0,0.0,2.5,2.5,0.0,0.0,0.0,0.5,0.0,0.0,2014,Playoffs,-9.7,0.0,,,0.0,76.7,38.7,0.0,0.0,0.0,36.2,17.3,-0.1,0.0,-0.1,-0.421,-12.8,-1.7,-14.6,0.0
victor oladipo,24.0,OKC,SG,5.0,36.2,4.2,12.2,0.344,1.2,5.0,0.24,3.0,7.2,0.417,0.393,1.2,1.2,1.0,0.4,5.2,5.6,2.0,1.4,0.6,1.2,3.4,10.8,2017,Playoffs,6.9,0.424,0.41,0.098,1.1,16.4,8.3,8.0,1.9,1.6,8.6,16.5,-0.2,0.1,-0.1,-0.021,-4.7,-0.5,-5.2,-0.1
victor oladipo,25.0,IND,SG,7.0,37.3,7.6,18.1,0.417,3.3,8.1,0.404,4.3,10.0,0.429,0.508,4.3,5.9,0.732,0.4,7.9,8.3,6.0,2.4,0.4,3.4,1.6,22.7,2018,Playoffs,22.0,0.548,0.449,0.323,1.5,24.7,13.6,26.8,3.4,1.3,14.2,30.5,0.3,0.6,0.9,0.16,4.5,3.2,7.6,0.6
victor oladipo,27.0,IND,SG,4.0,30.8,5.5,14.0,0.393,3.0,8.3,0.364,2.5,5.8,0.435,0.5,3.8,4.0,0.938,0.0,3.3,3.3,2.5,2.3,0.0,3.5,3.5,17.8,2020,Playoffs,12.8,0.563,0.589,0.286,0.0,12.7,6.2,14.0,3.6,0.0,18.2,28.8,-0.2,0.1,-0.1,-0.029,-1.4,0.7,-0.7,0.0
victor oladipo,29.0,MIA,SG,15.0,24.5,3.3,9.1,0.368,1.1,4.1,0.274,2.2,4.9,0.446,0.43,2.8,3.5,0.792,0.3,3.1,3.4,2.1,1.3,0.3,1.7,1.9,10.6,2022,Playoffs,11.5,0.499,0.456,0.39,1.2,15.6,8.2,12.8,2.6,1.2,13.6,22.3,-0.2,0.6,0.4,0.051,-1.6,1.3,-0.3,0.2
victor oladipo,30.0,MIA,SG,2.0,22.5,5.0,9.5,0.526,1.0,2.5,0.4,4.0,7.0,0.571,0.579,0.5,1.5,0.333,0.5,3.0,3.5,1.0,1.0,0.5,1.0,2.5,11.5,2023,Playoffs,14.7,0.566,0.263,0.158,2.5,15.5,8.9,7.4,2.3,2.2,9.0,22.3,0.0,0.1,0.1,0.065,-4.4,-0.9,-5.3,0.0
vince carter,37.0,DAL,SG,7.0,27.1,4.4,9.7,0.456,2.1,4.4,0.484,2.3,5.3,0.432,0.566,1.6,2.0,0.786,1.0,2.6,3.6,2.4,0.4,0.3,0.9,1.7,12.6,2014,Playoffs,17.5,0.593,0.456,0.206,4.0,12.0,7.7,13.7,0.8,0.9,7.5,19.0,0.5,0.1,0.6,0.141,5.0,0.2,5.1,0.3
vince carter,38.0,MEM,SG,11.0,17.8,2.5,6.1,0.403,0.6,2.5,0.25,1.8,3.5,0.513,0.455,0.7,0.8,0.889,1.2,3.1,4.3,1.0,0.6,0.2,0.6,1.5,6.3,2015,Playoffs,13.7,0.486,0.418,0.134,7.2,19.5,13.2,9.3,1.9,0.9,9.0,18.2,0.1,0.2,0.3,0.085,-0.2,1.7,1.5,0.2
vince carter,39.0,MEM,SG,4.0,22.8,3.8,8.3,0.455,1.8,2.5,0.7,2.0,5.8,0.348,0.561,2.0,2.0,1.0,1.3,2.5,3.8,1.3,0.5,0.3,0.8,2.3,11.3,2016,Playoffs,19.4,0.616,0.303,0.242,5.5,15.0,9.5,10.9,1.2,1.0,7.6,20.0,0.3,0.0,0.3,0.14,5.4,0.3,5.7,0.2
vince carter,40.0,MEM,SF,6.0,32.5,3.3,7.0,0.476,1.3,3.3,0.4,2.0,3.7,0.545,0.571,1.2,1.2,1.0,0.7,2.7,3.3,1.5,0.3,0.0,1.7,2.5,9.2,2017,Playoffs,8.1,0.61,0.476,0.167,2.6,10.6,6.6,7.6,0.6,0.0,18.2,14.2,0.1,-0.1,0.0,-0.001,-1.2,-1.4,-2.6,0.0
vlatko aanaar,23.0,DEN,PF,5.0,4.2,0.6,0.6,1.0,0.2,0.2,1.0,0.4,0.4,1.0,1.167,0.8,1.0,0.8,0.0,0.6,0.6,0.2,0.2,0.2,0.2,0.0,2.2,2021,Playoffs,25.5,1.058,0.333,1.667,0.0,17.5,8.1,6.6,2.4,4.5,16.1,12.8,0.1,0.0,0.1,0.241,6.6,5.4,12.0,0.1
vlatko aanaar,24.0,DEN,PF,2.0,4.5,1.0,1.5,0.667,0.5,1.0,0.5,0.5,0.5,1.0,0.833,0.0,0.0,0.0,0.0,1.0,1.0,0.5,0.0,0.0,1.0,0.0,2.5,2022,Playoffs,13.1,0.833,0.667,0.0,0.0,28.4,13.7,18.6,0.0,0.0,40.0,24.2,0.0,0.0,0.0,-0.1,1.9,-1.3,0.6,0.0
vlatko aanaar,25.0,DEN,PF,5.0,2.0,0.0,1.0,0.0,0.0,0.8,0.0,0.0,0.2,0.0,0.0,0.0,0.0,0.0,0.0,0.6,0.6,0.2,0.0,0.0,0.0,0.0,0.0,2023,Playoffs,-13.1,0.0,0.8,0.0,0.0,33.7,17.5,11.4,0.0,0.0,0.0,22.5,-0.1,0.0,-0.1,-0.427,-15.2,-5.7,-20.9,0.0
wade baldwin,20.0,MEM,PG,3.0,4.0,0.0,0.3,0.0,0.0,0.0,0.0,0.0,0.3,0.0,0.0,0.7,0.7,1.0,0.3,1.0,1.3,0.7,0.0,0.0,0.0,1.0,0.7,2017,Playoffs,13.1,0.532,0.0,2.0,10.8,32.4,21.6,23.5,0.0,0.0,0.0,7.9,0.0,0.0,0.0,0.182,-4.4,1.1,-3.3,0.0
wade baldwin,21.0,POR,PG,4.0,4.8,0.3,1.0,0.25,0.3,0.3,1.0,0.0,0.8,0.0,0.375,0.3,0.5,0.5,0.0,0.8,0.8,0.8,0.3,0.3,0.8,0.3,1.0,2018,Playoffs,4.7,0.41,0.25,0.5,0.0,19.1,8.7,19.6,2.6,4.3,38.1,17.7,-0.1,0.0,-0.1,-0.14,-4.7,-0.1,-4.8,0.0
wayne ellington,26.0,DAL,SG,2.0,7.0,1.0,3.0,0.333,1.0,3.0,0.333,0.0,0.0,0.0,0.5,1.0,1.0,1.0,0.0,1.0,1.0,1.0,0.0,0.0,1.0,0.5,4.0,2014,Playoffs,13.0,0.581,1.0,0.333,0.0,18.1,8.3,21.2,0.0,0.0,22.5,28.6,0.0,0.0,0.0,0.023,2.0,-2.0,-0.1,0.0
wayne ellington,30.0,MIA,SG,5.0,20.2,2.4,7.0,0.343,2.4,6.0,0.4,0.0,1.0,0.0,0.514,0.6,0.6,1.0,0.2,1.4,1.6,0.6,0.4,0.4,0.6,1.8,7.8,2018,Playoffs,8.1,0.537,0.857,0.086,1.0,7.5,4.2,4.6,0.9,1.7,7.6,16.8,0.0,0.0,0.0,0.0,-0.2,-1.8,-2.0,0.0
wayne ellington,31.0,DET,SG,4.0,32.8,2.8,8.8,0.314,1.8,5.5,0.318,1.0,3.3,0.308,0.414,0.5,0.5,1.0,0.8,3.0,3.8,1.3,0.8,0.0,0.5,1.0,7.8,2019,Playoffs,5.7,0.432,0.629,0.057,2.0,10.7,5.8,5.5,1.1,0.0,5.3,12.2,-0.1,-0.1,-0.2,-0.064,-3.5,-2.2,-5.7,-0.1
wayne selden,22.0,MEM,SG,6.0,17.7,1.5,4.3,0.346,0.3,1.8,0.182,1.2,2.5,0.467,0.385,0.5,0.7,0.75,0.5,1.0,1.5,1.2,0.2,0.2,0.3,1.3,3.8,2017,Playoffs,5.6,0.414,0.423,0.154,3.7,7.3,5.5,10.6,0.5,0.9,6.7,14.1,-0.1,0.0,-0.1,-0.048,-3.5,-1.4,-4.9,-0.1
wendell carter,24.0,ORL,C,7.0,26.4,2.7,6.7,0.404,1.0,3.6,0.28,1.7,3.1,0.545,0.479,1.1,1.6,0.727,1.3,5.0,6.3,1.3,0.7,0.6,0.7,2.9,7.6,2024,Playoffs,10.5,0.511,0.532,0.234,5.2,22.1,13.3,7.7,1.4,2.0,8.8,13.5,0.1,0.5,0.5,0.138,-2.0,1.8,-0.2,0.1
wendell moore,22.0,MIN,SG,6.0,3.0,0.5,1.2,0.429,0.2,0.7,0.25,0.3,0.5,0.667,0.5,0.0,0.0,0.0,0.0,0.3,0.3,0.3,0.2,0.0,0.2,0.5,1.2,2024,Playoffs,9.3,0.5,0.571,0.0,0.0,13.1,6.6,17.3,2.9,0.0,12.5,20.2,0.0,0.0,0.0,0.031,-5.6,4.2,-1.4,0.0
wenyen gabriel,22.0,POR,PF,4.0,13.3,2.3,3.8,0.6,0.5,1.3,0.4,1.8,2.5,0.7,0.667,0.3,0.5,0.5,1.8,0.8,2.5,1.0,0.5,0.5,1.3,4.0,5.3,2020,Playoffs,13.8,0.661,0.333,0.133,13.8,6.0,9.9,12.3,1.8,3.4,23.9,16.4,0.1,0.0,0.1,0.093,-1.6,2.0,0.4,0.0
wenyen gabriel,25.0,LAL,C,10.0,3.7,0.4,1.0,0.4,0.0,0.0,0.0,0.4,1.0,0.4,0.4,0.2,0.3,0.667,0.8,0.1,0.9,0.0,0.2,0.3,0.2,0.8,1.0,2023,Playoffs,12.0,0.442,0.0,0.3,24.4,2.7,12.9,0.0,2.6,7.3,15.0,15.8,0.0,0.1,0.1,0.077,-6.2,-0.3,-6.4,0.0
wes iwundu,24.0,ORL,SF,5.0,12.0,1.2,3.6,0.333,0.6,1.8,0.333,0.6,1.8,0.333,0.417,1.8,1.8,1.0,0.0,1.4,1.4,0.8,0.6,0.0,0.4,0.8,4.8,2019,Playoffs,12.9,0.546,0.5,0.5,0.0,13.7,6.4,11.7,2.5,0.0,8.3,17.7,0.1,0.1,0.1,0.089,-0.1,2.6,2.6,0.1
wes iwundu,25.0,ORL,SF,5.0,15.2,1.2,4.0,0.3,0.8,1.4,0.571,0.4,2.6,0.154,0.4,1.0,1.6,0.625,0.2,2.0,2.2,0.8,0.6,0.4,0.6,1.0,4.2,2020,Playoffs,6.6,0.446,0.35,0.4,1.3,14.2,7.4,7.6,1.8,2.7,11.3,14.9,-0.1,0.1,0.0,-0.006,-2.9,0.7,-2.1,0.0
wesley johnson,28.0,LAC,SF,6.0,12.8,0.8,2.3,0.357,0.5,1.5,0.333,0.3,0.8,0.4,0.464,0.5,0.5,1.0,0.8,2.2,3.0,0.3,0.2,0.7,0.3,1.0,2.7,2016,Playoffs,10.8,0.522,0.643,0.214,6.5,16.6,11.6,3.7,0.7,4.4,11.5,10.0,0.1,0.1,0.2,0.102,-1.1,1.5,0.4,0.0
wesley johnson,29.0,LAC,SF,3.0,3.7,0.0,0.0,0.0,0.0,0.0,0.0,0.0,0.0,0.0,0.0,0.3,0.7,0.5,0.0,0.7,0.7,0.0,0.3,0.0,0.0,0.7,0.3,2017,Playoffs,6.7,0.568,,,0.0,23.8,11.6,0.0,4.9,0.0,0.0,3.9,0.0,0.0,0.0,0.124,-3.8,4.0,0.2,0.0
wesley matthews,27.0,POR,SG,11.0,38.7,5.1,12.4,0.412,2.0,6.2,0.324,3.1,6.2,0.5,0.493,2.4,2.9,0.813,0.6,3.3,3.9,1.3,1.3,0.5,2.0,4.1,14.5,2014,Playoffs,9.7,0.533,0.5,0.235,1.8,9.1,5.5,5.1,1.7,0.9,12.8,17.7,0.1,0.1,0.2,0.021,-1.3,-0.3,-1.5,0.1
wesley matthews,29.0,DAL,SF,5.0,34.6,4.0,12.0,0.333,2.0,7.0,0.286,2.0,5.0,0.4,0.417,3.0,3.8,0.789,0.8,2.8,3.6,1.2,1.2,0.0,0.8,2.8,13.0,2016,Playoffs,9.7,0.475,0.583,0.317,2.6,9.9,6.1,5.6,1.8,0.0,5.5,19.4,0.0,-0.2,-0.1,-0.039,-1.7,-1.1,-2.9,0.0
wesley matthews,32.0,IND,SG,4.0,29.8,2.3,7.5,0.3,1.8,5.3,0.333,0.5,2.3,0.222,0.417,0.8,0.8,1.0,0.0,2.5,2.5,2.0,0.8,0.3,2.0,1.5,7.0,2019,Playoffs,3.5,0.447,0.7,0.1,0.0,10.1,4.6,10.8,1.3,0.8,20.3,15.3,-0.3,0.1,-0.1,-0.045,-4.7,0.0,-4.7,-0.1
wesley matthews,33.0,MIL,SG,10.0,24.6,2.4,5.7,0.421,1.7,4.3,0.395,0.7,1.4,0.5,0.57,0.7,1.0,0.7,0.6,1.2,1.8,0.9,0.9,0.4,0.7,2.0,7.2,2020,Playoffs,9.1,0.586,0.754,0.175,2.6,5.3,3.9,5.0,1.8,1.8,10.2,12.0,0.1,0.3,0.4,0.084,-1.6,1.7,0.2,0.1
wesley matthews,34.0,LAL,SG,6.0,18.3,1.7,5.5,0.303,1.2,4.2,0.28,0.5,1.3,0.375,0.409,1.0,1.0,1.0,0.8,0.8,1.7,0.3,0.3,0.0,0.0,2.2,5.5,2021,Playoffs,6.2,0.463,0.758,0.182,4.9,5.4,5.1,2.9,0.9,0.0,0.0,14.5,0.0,0.1,0.1,0.051,-3.4,0.4,-3.0,0.0
wesley matthews,35.0,MIL,SG,12.0,28.8,2.1,5.3,0.391,1.5,3.8,0.4,0.6,1.6,0.368,0.531,0.5,0.8,0.667,0.8,2.3,3.1,1.2,0.8,0.3,0.5,2.3,6.2,2022,Playoffs,7.3,0.544,0.703,0.141,2.8,8.0,5.5,5.6,1.3,0.9,8.1,9.3,0.2,0.6,0.8,0.105,-2.1,1.8,-0.3,0.1
wesley matthews,36.0,MIL,SF,2.0,20.5,2.0,4.5,0.444,2.0,3.5,0.571,0.0,1.0,0.0,0.667,0.0,0.0,0.0,0.5,1.0,1.5,0.5,1.0,0.5,0.0,1.5,6.0,2023,Playoffs,11.3,0.667,0.778,0.0,2.6,5.7,4.1,3.0,2.3,2.1,0.0,9.2,0.1,0.0,0.1,0.106,1.6,3.2,4.8,0.1
will barton,23.0,POR,SG,7.0,11.6,2.4,4.9,0.5,0.9,1.6,0.545,1.6,3.3,0.478,0.588,0.7,0.9,0.833,0.7,1.0,1.7,0.4,0.1,0.3,0.9,1.0,6.4,2014,Playoffs,17.4,0.614,0.324,0.176,6.8,9.3,8.0,6.5,0.6,1.8,14.1,23.1,0.1,0.0,0.1,0.085,4.7,1.3,6.0,0.2
will barton,28.0,DEN,SF,14.0,23.4,3.4,9.6,0.348,1.1,3.9,0.273,2.3,5.7,0.4,0.404,1.3,1.9,0.692,1.1,3.7,4.8,1.7,0.3,0.6,1.0,1.4,9.1,2019,Playoffs,10.2,0.434,0.407,0.193,4.7,16.9,10.7,11.0,0.6,2.2,8.7,21.9,-0.3,0.2,-0.1,-0.009,-1.9,-1.2,-3.1,-0.1
will barton,30.0,DEN,SF,3.0,27.7,6.3,14.3,0.442,2.3,7.0,0.333,4.0,7.3,0.545,0.523,1.3,1.3,1.0,0.3,4.0,4.3,2.7,0.7,0.3,1.3,1.3,16.3,2021,Playoffs,15.7,0.547,0.488,0.093,1.3,17.7,8.8,15.3,1.2,1.1,8.2,25.6,0.0,0.0,0.1,0.03,1.9,0.4,2.3,0.1
will barton,31.0,DEN,SG,5.0,34.4,5.4,13.2,0.409,2.2,5.6,0.393,3.2,7.6,0.421,0.492,0.8,1.2,0.667,1.0,4.6,5.6,2.8,0.8,0.2,2.0,2.2,13.8,2022,Playoffs,9.9,0.503,0.424,0.091,3.5,17.1,10.1,12.3,1.2,0.6,12.7,19.9,0.0,-0.1,-0.1,-0.027,-0.5,-2.3,-2.8,0.0
will bynum,32.0,WAS,SG,3.0,10.3,2.3,4.7,0.5,0.3,0.7,0.5,2.0,4.0,0.5,0.536,1.3,1.7,0.8,0.7,0.3,1.0,1.0,0.7,0.3,1.7,2.0,6.3,2015,Playoffs,16.5,0.586,0.143,0.357,7.2,3.4,5.3,17.8,3.3,2.6,23.6,30.3,0.0,0.0,0.1,0.078,-2.8,1.1,-1.7,0.0
willie cauleystein,27.0,DAL,C,6.0,10.5,1.0,1.5,0.667,0.0,0.0,0.0,1.0,1.5,0.667,0.667,0.5,0.5,1.0,0.5,2.2,2.7,0.5,0.3,0.7,0.5,1.3,2.5,2021,Playoffs,14.0,0.727,0.0,0.333,5.3,25.3,14.8,6.6,1.7,6.9,22.5,9.6,0.1,0.1,0.1,0.107,-2.5,3.4,0.8,0.0
willie green,32.0,LAC,SG,5.0,3.8,0.2,1.0,0.2,0.2,0.8,0.25,0.0,0.2,0.0,0.3,0.4,0.4,1.0,0.0,1.4,1.4,0.2,0.6,0.0,0.2,0.6,1.0,2014,Playoffs,12.8,0.425,0.8,0.4,0.0,43.9,21.1,6.9,7.9,0.0,14.5,15.7,0.0,0.1,0.0,0.094,-4.6,7.1,2.5,0.0
wilson chandler,31.0,LAC,SF,4.0,13.0,1.3,4.0,0.313,0.3,2.5,0.1,1.0,1.5,0.667,0.344,1.0,1.0,1.0,0.0,1.5,1.5,0.5,0.5,0.0,0.8,1.8,3.8,2019,Playoffs,2.6,0.422,0.625,0.25,0.0,13.7,6.4,5.2,1.8,0.0,14.5,16.6,-0.1,0.0,-0.1,-0.119,-7.0,-1.4,-8.4,-0.1
xavier munford,23.0,MEM,SG,4.0,22.3,2.3,7.0,0.321,0.3,2.0,0.125,2.0,5.0,0.4,0.339,0.0,0.5,0.0,0.3,2.0,2.3,2.5,1.5,0.8,1.3,2.0,4.8,2016,Playoffs,6.7,0.329,0.286,0.071,1.1,12.2,5.8,19.9,3.6,3.0,14.8,17.5,-0.2,0.0,-0.2,-0.106,-4.0,1.8,-2.2,0.0
xavier tillman,22.0,MEM,PF,3.0,6.0,0.3,1.7,0.2,0.0,0.3,0.0,0.3,1.3,0.25,0.2,0.0,0.0,0.0,0.3,0.7,1.0,0.3,0.3,0.0,0.3,0.7,0.7,2021,Playoffs,-0.9,0.2,0.2,0.0,5.7,13.4,9.2,6.4,2.7,0.0,16.7,14.1,-0.1,0.0,-0.1,-0.194,-8.3,-2.7,-11.0,0.0
xavier tillman,23.0,MEM,PF,9.0,15.4,2.0,2.8,0.72,0.1,0.2,0.5,1.9,2.6,0.739,0.74,0.3,0.7,0.5,1.4,1.9,3.3,0.7,0.7,0.1,1.1,1.8,4.4,2022,Playoffs,12.1,0.724,0.08,0.24,9.3,13.7,11.4,6.2,2.0,0.7,26.6,11.1,0.1,0.2,0.3,0.104,-1.9,1.6,-0.3,0.1
xavier tillman,24.0,MEM,C,6.0,30.5,4.0,7.5,0.533,0.2,0.7,0.25,3.8,6.8,0.561,0.544,0.5,0.8,0.6,2.8,5.2,8.0,3.2,0.7,0.7,0.7,2.8,8.7,2023,Playoffs,14.2,0.551,0.089,0.111,8.8,18.5,13.3,15.9,1.1,1.9,7.8,11.7,0.3,0.2,0.5,0.138,0.1,3.1,3.2,0.2
xavier tillman,25.0,BOS,PF,8.0,8.6,0.6,1.0,0.625,0.1,0.1,1.0,0.5,0.9,0.571,0.688,0.1,0.1,1.0,0.5,1.3,1.8,0.4,0.4,0.4,0.4,0.9,1.5,2024,Playoffs,11.2,0.711,0.125,0.125,6.9,16.9,11.9,5.9,2.3,4.0,26.2,7.7,0.1,0.1,0.2,0.138,-2.6,3.2,0.6,0.0
yogi ferrell,27.0,LAC,PG,9.0,1.7,0.2,0.6,0.4,0.0,0.1,0.0,0.2,0.4,0.5,0.4,0.0,0.0,0.0,0.0,0.3,0.3,0.3,0.0,0.0,0.0,0.0,0.4,2021,Playoffs,11.5,0.4,0.2,0.0,0.0,22.8,11.6,29.4,0.0,0.0,0.0,15.5,0.0,0.0,0.0,0.049,-2.2,0.0,-2.2,0.0
yuta watanabe,27.0,TOR,SF,4.0,2.5,0.5,1.5,0.333,0.0,0.3,0.0,0.5,1.3,0.4,0.333,0.0,0.0,0.0,0.0,0.0,0.0,0.0,0.0,0.0,0.3,0.0,1.0,2022,Playoffs,-5.7,0.333,0.167,0.0,0.0,0.0,0.0,0.0,0.0,0.0,14.3,32.5,-0.1,0.0,-0.1,-0.419,-11.0,-9.0,-19.9,0.0
zach collins,20.0,POR,C,4.0,17.5,2.8,7.5,0.367,0.8,3.5,0.214,2.0,4.0,0.5,0.417,0.8,1.0,0.75,0.8,2.3,3.0,1.5,0.8,0.5,0.5,2.5,7.0,2018,Playoffs,11.7,0.441,0.467,0.133,4.4,15.5,9.5,12.2,2.1,2.3,5.9,20.6,0.0,0.0,0.0,0.016,-2.4,1.3,-1.1,0.0
zach collins,21.0,POR,C,16.0,17.2,2.6,5.1,0.506,0.4,1.3,0.333,2.1,3.8,0.567,0.549,1.3,1.6,0.8,1.1,2.6,3.6,0.9,0.4,1.3,1.3,3.4,6.8,2019,Playoffs,14.4,0.592,0.259,0.309,6.5,15.8,11.2,7.9,1.3,6.4,17.9,17.7,0.2,0.3,0.5,0.09,-2.0,2.7,0.7,0.2
zach lavine,26.0,CHI,SG,4.0,38.3,6.8,15.8,0.429,2.3,6.0,0.375,4.5,9.8,0.462,0.5,3.5,3.8,0.933,0.0,5.3,5.3,6.0,0.8,0.3,3.0,2.3,19.3,2022,Playoffs,13.8,0.553,0.381,0.238,0.0,15.0,6.9,27.0,0.9,0.6,14.7,23.4,0.0,0.2,0.1,0.045,1.3,0.6,1.8,0.1
zach randolph,32.0,MEM,PF,6.0,39.0,7.0,17.3,0.404,0.0,0.2,0.0,7.0,17.2,0.408,0.404,4.2,6.8,0.61,2.8,5.8,8.7,2.3,0.8,0.2,1.7,2.2,18.2,2014,Playoffs,13.6,0.447,0.01,0.394,7.8,17.6,12.4,11.0,1.2,0.4,7.6,25.9,-0.1,0.2,0.1,0.018,0.6,-0.5,0.0,0.1
zach randolph,33.0,MEM,PF,11.0,34.7,6.5,15.3,0.423,0.1,0.5,0.2,6.4,14.8,0.429,0.426,2.6,3.0,0.879,2.9,5.5,8.5,2.1,0.5,0.0,2.1,3.4,15.6,2015,Playoffs,13.3,0.471,0.03,0.196,9.0,18.0,13.4,10.8,0.8,0.0,11.2,24.6,0.0,0.3,0.3,0.036,-1.0,-1.5,-2.5,-0.1
zach randolph,34.0,MEM,PF,4.0,30.0,5.8,15.5,0.371,0.0,0.0,0.0,5.8,15.5,0.371,0.371,1.5,1.8,0.857,3.8,5.0,8.8,1.8,0.3,0.0,1.8,2.5,13.0,2016,Playoffs,11.6,0.4,0.0,0.113,12.6,22.7,16.9,12.3,0.4,0.0,9.7,27.6,-0.2,0.0,-0.2,-0.091,-0.2,-3.8,-4.0,-0.1
zach randolph,35.0,MEM,PF,6.0,31.8,5.8,13.8,0.422,0.2,1.2,0.143,5.7,12.7,0.447,0.428,1.3,1.8,0.727,1.5,6.7,8.2,0.7,0.8,0.3,1.2,2.3,13.2,2017,Playoffs,11.6,0.45,0.084,0.133,6.1,27.2,16.6,4.0,1.5,1.0,7.4,24.9,-0.3,0.1,-0.2,-0.049,-1.6,-2.3,-4.0,-0.1
zaza pachulia,30.0,MIL,C,6.0,21.5,2.7,6.7,0.4,0.0,0.0,0.0,2.7,6.7,0.4,0.4,1.3,2.2,0.615,1.8,4.8,6.7,1.5,1.7,0.5,0.8,2.5,6.7,2015,Playoffs,15.4,0.437,0.0,0.325,8.3,26.1,16.4,12.4,4.0,2.1,9.9,17.7,0.0,0.3,0.2,0.087,-1.6,2.8,1.1,0.1
zaza pachulia,31.0,DAL,C,5.0,22.4,1.8,4.8,0.375,0.0,0.0,0.0,1.8,4.8,0.375,0.375,3.0,3.4,0.882,2.0,3.4,5.4,3.2,0.6,0.2,0.4,2.6,6.6,2016,Playoffs,17.2,0.524,0.0,0.708,10.0,18.5,14.1,21.7,1.4,0.8,6.0,13.8,0.3,-0.1,0.3,0.109,2.4,2.0,4.5,0.2
zaza pachulia,32.0,GSW,C,15.0,14.1,2.1,4.0,0.533,0.0,0.1,0.0,2.1,3.9,0.542,0.533,0.9,1.1,0.765,1.2,2.6,3.8,0.8,0.5,0.3,0.9,2.1,5.1,2017,Playoffs,12.5,0.571,0.017,0.283,9.8,18.6,14.5,7.6,1.8,1.5,17.2,16.5,0.1,0.4,0.5,0.12,-2.5,0.7,-1.9,0.0
zaza pachulia,33.0,GSW,C,7.0,3.7,0.6,1.0,0.571,0.0,0.0,0.0,0.6,1.0,0.571,0.571,1.3,1.7,0.75,0.9,0.9,1.7,0.1,0.4,0.1,0.4,0.1,2.4,2018,Playoffs,35.6,0.692,0.0,1.714,26.6,24.1,25.3,5.5,5.7,3.4,19.6,26.3,0.1,0.1,0.2,0.395,6.3,2.8,9.0,0.1
zaza pachulia,34.0,DET,C,2.0,11.0,1.0,3.0,0.333,0.0,0.0,0.0,1.0,3.0,0.333,0.333,0.5,1.0,0.5,0.5,4.0,4.5,0.0,0.0,0.0,0.5,1.5,2.5,2019,Playoffs,2.4,0.363,0.0,0.333,4.0,42.3,20.6,0.0,0.0,0.0,12.7,15.1,-0.1,0.0,-0.1,-0.131,-7.7,-3.3,-11.0,0.0
zeke nnaji,20.0,DEN,PF,5.0,3.6,0.8,1.6,0.5,0.6,1.4,0.429,0.2,0.2,1.0,0.688,0.2,0.4,0.5,0.2,0.2,0.4,0.4,0.2,0.0,0.0,0.2,2.4,2021,Playoffs,25.7,0.676,0.875,0.25,5.8,6.8,6.3,17.4,2.8,0.0,0.0,21.5,0.1,0.0,0.1,0.235,10.2,2.2,12.3,0.1
zeke nnaji,21.0,DEN,PF,2.0,4.5,0.5,0.5,1.0,0.5,0.5,1.0,0.0,0.0,0.0,1.5,0.0,0.0,0.0,0.0,0.0,0.0,0.0,0.0,0.0,0.0,1.0,1.5,2022,Playoffs,10.8,1.5,1.0,0.0,0.0,0.0,0.0,0.0,0.0,0.0,0.0,4.8,0.0,0.0,0.0,0.082,1.2,-1.0,0.2,0.0
zeke nnaji,22.0,DEN,PF,5.0,2.4,0.4,0.8,0.5,0.2,0.6,0.333,0.2,0.2,1.0,0.625,0.0,0.0,0.0,0.0,0.4,0.4,0.0,0.2,0.0,0.2,0.0,1.0,2023,Playoffs,12.4,0.625,0.75,0.0,0.0,18.7,9.7,0.0,4.2,0.0,20.0,18.7,0.0,0.0,0.0,0.036,-0.2,2.4,2.2,0.0
zeke nnaji,23.0,DEN,PF,3.0,4.7,0.7,1.0,0.667,0.0,0.0,0.0,0.7,1.0,0.667,0.667,0.3,0.7,0.5,0.7,0.0,0.7,0.0,0.0,0.3,0.7,0.3,1.7,2024,Playoffs,9.9,0.644,0.0,0.667,15.8,0.0,8.1,0.0,0.0,6.7,34.0,19.3,0.0,0.0,0.0,-0.029,-4.0,-1.2,-5.2,0.0
zhaire smith,19.0,PHI,SG,2.0,2.5,0.0,0.0,0.0,0.0,0.0,0.0,0.0,0.0,0.0,0.0,0.0,0.0,0.0,0.0,0.0,0.0,0.0,0.5,0.0,0.0,0.0,0.0,2019,Playoffs,10.6,0.0,,,0.0,0.0,0.0,0.0,9.8,0.0,0.0,0.0,0.0,0.0,0.0,0.135,-3.6,7.7,4.1,0.0
zhou qi,22.0,HOU,C,3.0,2.0,0.3,0.3,1.0,0.0,0.0,0.0,0.3,0.3,1.0,1.0,0.0,0.0,0.0,0.0,0.3,0.3,0.0,0.0,0.0,0.0,0.0,0.7,2018,Playoffs,16.3,1.0,0.0,0.0,0.0,18.7,9.2,0.0,0.0,0.0,0.0,7.5,0.0,0.0,0.0,0.179,2.1,2.5,4.6,0.0
ziaire williams,20.0,MEM,SF,10.0,16.8,2.3,5.2,0.442,1.1,3.6,0.306,1.2,1.6,0.75,0.548,1.2,1.3,0.923,0.4,1.2,1.6,0.5,0.5,0.0,0.2,1.4,6.9,2022,Playoffs,11.8,0.598,0.692,0.25,2.4,8.0,5.0,4.3,1.4,0.0,3.3,14.6,0.3,0.1,0.4,0.126,-0.9,0.4,-0.6,0.1
ziaire williams,21.0,MEM,SF,4.0,3.0,0.5,1.8,0.286,0.3,0.8,0.333,0.3,1.0,0.25,0.357,0.0,0.0,0.0,0.0,0.5,0.5,0.5,0.0,0.0,0.5,0.3,1.3,2023,Playoffs,-2.4,0.357,0.429,0.0,0.0,18.2,8.5,27.0,0.0,0.0,22.2,31.4,-0.1,0.0,-0.1,-0.275,-6.3,-1.9,-8.2,0.0
